日期,开盘,收盘,高,低,成交量,涨跌幅,流通股本,总股本,交易收入,增发股数
2010-01-04,1.1,1.1044,1.1044,1.1,12386000,0.40%,2614892,15000892,13679.1,12000892
2010-01-05,1.1044,1.1144,1.1144,1.1044,26862000,0.91%,2760497,42008497,29935.01,27007605
2010-01-06,1.1144,1.1233,1.1233,1.1144,25608000,0.80%,1166167,66022167,28765.47,24013669
2010-01-07,1.1233,1.1346,1.1346,1.1233,30723000,1.01%,474068,96053068,34858.32,30030900
2010-01-08,1.1346,1.1437,1.1437,1.1346,21978000,0.80%,2533041,120090041,25136.24,24036972
2010-01-11,1.1437,1.1506,1.1506,1.1437,19547000,0.60%,1023511,138127511,22490.78,18037470
2010-01-12,1.1506,1.1575,1.1575,1.1506,17292000,0.60%,1779249,156175249,20015.49,18047737
2010-01-13,1.1575,1.1703,1.1703,1.1575,33605000,1.11%,1300705,189301705,39327.93,33126455
2010-01-14,1.1703,1.1785,1.1785,1.1703,20834000,0.70%,1573011,210408011,24552.87,21106306
2010-01-15,1.1785,1.1868,1.1868,1.1785,22462000,0.70%,245324,231542324,26657.9,21134313
2010-01-18,1.1868,1.1999,1.1999,1.1868,30602000,1.10%,2925298,264824298,36719.34,33281973
2010-01-19,1.1999,1.2266,1.2266,1.1999,67143999,2.23%,2730324,331773324,82358.83,66949025
2010-01-20,1.2266,1.2451,1.2451,1.2266,48455000,1.51%,280387,377778387,60331.32,46005063
2010-01-21,1.2451,1.2716,1.2716,1.2451,63151000,2.13%,2306349,442955349,80302.81,65176962
2010-01-22,1.2716,1.3024,1.3024,1.2716,76208000,2.42%,2152015,519009015,99253.3,76053665
2010-01-25,1.3024,1.3221,1.3221,1.3024,47949000,1.51%,2806837,567612837,63393.37,48603822
2010-01-26,1.3221,1.3394,1.3394,1.3221,45166000,1.31%,680440,610652440,60495.34,43039602
2010-01-27,1.3394,1.3623,1.3623,1.3394,56342000,1.71%,2276351,668590351,76754.71,57937911
2010-01-28,1.3623,1.3843,1.3843,1.3623,56496000,1.61%,2350970,725160970,78207.41,56570618
2010-01-29,1.3843,1.3982,1.3982,1.3843,37202000,1.00%,1638472,761650472,52015.84,36489501
2010-02-01,1.3982,1.4151,1.4151,1.3982,43472000,1.21%,3398395,806882395,61517.23,45231923
2010-02-02,1.4151,1.4279,1.4279,1.4151,35706000,0.90%,2718086,841908086,50984.6,35025691
2010-02-03,1.4279,1.4465,1.4465,1.4279,53801000,1.30%,1602042,894593042,77823.15,52684955
2010-02-04,1.4465,1.4538,1.4538,1.4465,21230000,0.50%,1214295,915435295,30864.17,20842252
2010-02-05,1.4538,1.4743,1.4743,1.4538,61358000,1.41%,788064,976367064,90460.1,60931768
2010-02-08,1.4743,1.4876,1.4876,1.4743,38071000,0.90%,3594369,1017244369,56634.42,40877305
2010-02-09,1.4876,1.4995,1.4995,1.4876,39138000,0.80%,2131318,1054919318,58687.43,37674948
2010-02-10,1.4995,1.5101,1.5101,1.4995,35024000,0.71%,1168617,1088980617,52889.74,34061299
2010-02-11,1.5101,1.5237,1.5237,1.5101,45221000,0.90%,1439471,1134472471,68903.24,45491854
2010-02-12,1.5237,1.5344,1.5344,1.5237,36300000,0.70%,1790575,1171123575,55698.72,36651104
2010-02-17,1.5344,1.5421,1.5421,1.5344,28578000,0.50%,110018,1198021018,44070.13,26897442
2010-02-18,1.5421,1.5467,1.5467,1.5421,15906000,0.30%,617816,1214434816,24601.81,16413798
2010-02-19,1.5467,1.5529,1.5529,1.5467,20680000,0.40%,2205074,1236702074,32113.97,22267257
2010-02-22,1.5529,1.5607,1.5607,1.5529,26048000,0.50%,4610930,1265155930,40653.11,28453856
2010-02-23,1.5607,1.567,1.567,1.5607,24090000,0.40%,3773301,1288408301,37749.03,23252370
2010-02-24,1.567,1.5717,1.5717,1.567,18513000,0.30%,2988316,1306136316,29096.88,17728014
2010-02-25,1.5717,1.5764,1.5764,1.5717,16346000,0.30%,4624153,1324118153,25767.83,17981836
2010-02-26,1.5764,1.5795,1.5795,1.5764,16467000,0.20%,300707,1336261707,26009.63,12143554
2010-03-01,1.5795,1.5859,1.5859,1.5795,20240000,0.41%,4728697,1360929697,32098.62,24667990
2010-03-02,1.5859,1.5922,1.5922,1.5859,28138000,0.40%,1784489,1386123489,44801.32,25193792
2010-03-03,1.5922,1.597,1.597,1.5922,16148000,0.30%,4820464,1405307464,25788.36,19183974
2010-03-04,1.597,1.6018,1.6018,1.597,23650000,0.30%,676390,1424813390,37882.57,19505926
2010-03-05,1.6018,1.6098,1.6098,1.6018,32197000,0.50%,1718736,1458052736,51830.73,33239345
2010-03-08,1.6098,1.6163,1.6163,1.6098,27412000,0.40%,1475691,1485221691,44306.02,27168955
2010-03-09,1.6163,1.6211,1.6211,1.6163,16368000,0.30%,5787286,1505901286,26534.16,20679594
2010-03-10,1.6211,1.6276,1.6276,1.6211,27522000,0.40%,6362212,1533998212,44794.81,28096925
2010-03-11,1.6276,1.6309,1.6309,1.6276,18876000,0.20%,1736807,1548248807,30784.87,14250595
2010-03-12,1.6309,1.6358,1.6358,1.6309,18920000,0.30%,4472171,1569904171,30949.34,21655363
2010-03-15,1.6358,1.6423,1.6423,1.6358,28105000,0.40%,5783818,1599320818,46156.84,29416647
2010-03-16,1.6423,1.6522,1.6522,1.6423,49126000,0.60%,2101588,1644764588,81165.98,45443770
2010-03-17,1.6522,1.6605,1.6605,1.6522,36949000,0.50%,4008385,1683620385,61353.81,38855797
2010-03-18,1.6605,1.6755,1.6755,1.6605,76945000,0.90%,38827,1756595827,128921.35,72975441
2010-03-19,1.6755,1.694,1.694,1.6755,90387000,1.10%,3592510,1850536510,153115.58,93940682
2010-03-22,1.694,1.6991,1.6991,1.694,26048000,0.30%,3759075,1876751075,44258.16,26214564
2010-03-23,1.6991,1.7042,1.7042,1.6991,25014000,0.30%,5347450,1903353450,42628.86,26602375
2010-03-24,1.7042,1.7093,1.7093,1.7042,31526000,0.30%,874014,1930406014,53887.39,27052564
2010-03-25,1.7093,1.7144,1.7144,1.7093,27170000,0.30%,1167267,1957869267,46580.25,27463252
2010-03-26,1.7144,1.7196,1.7196,1.7144,24662000,0.30%,4357569,1985721569,42408.78,27852301
2010-03-29,1.7196,1.723,1.723,1.7196,16852000,0.20%,6267963,2004483963,29036.0,18762394
2010-03-30,1.723,1.7282,1.7282,1.723,28138000,0.30%,6674031,2033028031,48628.09,28544067
2010-03-31,1.7282,1.7317,1.7317,1.7282,19503000,0.20%,6413071,2052270071,33773.35,19242040
2010-04-01,1.7317,1.7369,1.7369,1.7317,32274000,0.30%,3445549,2081576549,56056.71,29306478
2010-04-07,1.7369,1.7473,1.7473,1.7369,58399000,0.60%,5255010,2141785010,102040.57,60208461
2010-04-08,1.7473,1.7508,1.7508,1.7473,24145000,0.20%,1474700,2162149700,42273.07,20364690
2010-04-09,1.7508,1.7578,1.7578,1.7508,40117000,0.40%,2823651,2203615651,70517.66,41465950
2010-04-12,1.7578,1.7649,1.7649,1.7578,34848000,0.40%,10179397,2245819397,61503.24,42203746
2010-04-13,1.7649,1.7684,1.7684,1.7649,31108000,0.20%,486773,2267234773,55011.39,21415375
2010-04-14,1.7684,1.7719,1.7719,1.7684,13761000,0.20%,8302804,2288811804,24383.12,21577030
2010-04-15,1.7719,1.7737,1.7737,1.7719,15180000,0.10%,3989128,2299678128,26924.77,10866324
2010-04-16,1.7737,1.7773,1.7773,1.7737,19085000,0.20%,6818922,2321592922,33919.77,21914793
2010-04-19,1.7773,1.7808,1.7808,1.7773,23287000,0.20%,5675239,2343736239,41469.49,22143317
2010-04-20,1.7808,1.7844,1.7844,1.7808,18942000,0.20%,9075475,2366078475,33800.1,22342235
2010-04-21,1.7844,1.7879,1.7879,1.7844,24453000,0.20%,7202640,2388658640,43719.52,22580164
2010-04-22,1.7879,1.7897,1.7897,1.7879,18194000,0.10%,387667,2400037667,32561.8,11379027
2010-04-23,1.7897,1.7969,1.7969,1.7897,39556000,0.40%,7064080,2446270080,71078.18,46232412
2010-04-26,1.7969,1.8005,1.8005,1.7969,26719000,0.20%,3748826,2469673826,48107.56,23403746
2010-04-27,1.8005,1.8041,1.8041,1.8005,17325000,0.20%,10016836,2493266836,31256.03,23593009
2010-04-28,1.8041,1.8059,1.8059,1.8041,18623000,0.10%,3281856,2505154856,33631.28,11888019
2010-04-29,1.8059,1.8095,1.8095,1.8059,17391000,0.20%,9840679,2529104679,31469.01,23949823
2010-04-30,1.8095,1.8131,1.8131,1.8095,23793000,0.20%,10234420,2553291420,43139.09,24186740
2010-05-03,1.8131,1.8168,1.8168,1.8131,25861000,0.20%,8812314,2577730314,46984.26,24438894
2010-05-04,1.8168,1.8204,1.8204,1.8168,28006000,0.20%,5512930,2602436930,50982.12,24706615
2010-05-05,1.8204,1.824,1.824,1.8204,26862000,0.20%,3617001,2627403001,48996.29,24966070
2010-05-06,1.824,1.8295,1.8295,1.824,40964000,0.30%,667294,2665417294,74943.64,38014292
2010-05-07,1.8295,1.8369,1.8369,1.8295,48026000,0.40%,4245315,2717021315,88218.96,51604021
2010-05-10,1.8369,1.8405,1.8405,1.8369,21802000,0.20%,8500875,2743078875,40126.58,26057559
2010-05-11,1.8405,1.8461,1.8461,1.8405,38599000,0.30%,9535123,2782712123,71257.61,39633248
2010-05-12,1.8461,1.8516,1.8516,1.8461,49104000,0.30%,751682,2823032682,90920.97,40320558
2010-05-13,1.8516,1.8609,1.8609,1.8516,62986000,0.50%,6438150,2891705150,117210.65,68672468
2010-05-14,1.8609,1.8665,1.8665,1.8609,47454000,0.30%,905542,2933626542,88572.89,41921391
2010-05-17,1.8665,1.8739,1.8739,1.8665,52371000,0.40%,5430630,2990522630,98138.02,56896087
2010-05-18,1.8739,1.8777,1.8777,1.8739,26499000,0.20%,7674126,3019265126,49757.17,28742496
2010-05-19,1.8777,1.8814,1.8814,1.8777,24783000,0.20%,11885993,3048259993,46626.74,28994866
2010-05-20,1.8814,1.8852,1.8852,1.8814,40370000,0.20%,881913,3077625913,76105.52,29365920
2010-05-24,1.8852,1.8909,1.8909,1.8852,38962000,0.30%,6529955,3122235955,73673.25,44610041
2010-05-25,1.8909,1.8966,1.8966,1.8909,42064000,0.30%,9698536,3167468536,79778.58,45232581
2010-05-26,1.8966,1.9022,1.9022,1.8966,49764000,0.30%,5879988,3213413988,94661.08,45945451
2010-05-27,1.9022,1.9061,1.9061,1.9022,31251000,0.21%,5578046,3244363046,59567.53,30949058
2010-05-28,1.9061,1.9099,1.9099,1.9061,30327000,0.20%,6497286,3275609286,57921.54,31246239
2010-05-31,1.9099,1.9118,1.9118,1.9099,15961000,0.10%,6245042,3291318042,30514.24,15708756
2010-06-01,1.9118,1.9137,1.9137,1.9118,18557000,0.10%,3484843,3307114843,35512.53,15796800
2010-06-02,1.9137,1.9175,1.9175,1.9137,20900000,0.20%,14388216,3338918216,40075.75,31803373
2010-06-03,1.9175,1.9194,1.9194,1.9175,24090000,0.10%,6317949,3354937949,46238.35,16019732
2010-06-04,1.9194,1.9214,1.9214,1.9194,19976000,0.10%,2455506,3371051506,38381.89,16113557
2010-06-07,1.9214,1.9252,1.9252,1.9214,25839000,0.20%,9091943,3403526943,49745.24,32475436
2010-06-08,1.9252,1.9329,1.9329,1.9252,65989000,0.40%,9264066,3469688066,127550.14,66161123
2010-06-09,1.9329,1.9465,1.9465,1.9329,119757000,0.70%,9096860,3589277860,233107.0,119589794
2010-06-10,1.9465,1.9641,1.9641,1.9465,164087000,0.90%,5496265,3749764265,322283.28,160486404
2010-06-11,1.9641,1.9739,1.9739,1.9641,85491999,0.50%,11349303,3841109303,168752.66,91345037
2010-06-14,1.9739,1.9779,1.9779,1.9739,45716000,0.20%,2646402,3878122402,90421.68,37013099
2010-06-15,1.9779,1.9858,1.9858,1.9779,69091000,0.40%,8871503,3953438503,137200.91,75316100
2010-06-17,1.9858,1.9937,1.9937,1.9858,81191000,0.40%,4543878,4030301878,161870.5,76863375
2010-06-18,1.9937,2.0077,2.0077,1.9937,142681000,0.70%,911215,4169350215,286460.64,139048336
2010-06-21,2.0077,2.0138,2.0138,2.0077,55990000,0.30%,5410382,4229839382,112752.66,60489167
2010-06-22,2.0138,2.0218,2.0218,2.0138,73117000,0.40%,14352088,4311898088,147827.95,82058705
2010-06-23,2.0218,2.032,2.032,2.0218,116908000,0.50%,2735070,4417189070,237557.06,105290982
2010-06-24,2.032,2.036,2.036,2.032,39974000,0.20%,5311072,4459739072,81387.06,42550002
2010-06-25,2.036,2.0401,2.0401,2.036,34144000,0.20%,14063145,4502635145,69657.17,42896073
2010-06-28,2.0401,2.0421,2.0421,2.0401,27643000,0.10%,8007401,4524222401,56449.77,21587255
2010-06-29,2.0421,2.0462,2.0462,2.0421,33671000,0.20%,17838412,4567724412,68897.6,43502010
2010-06-30,2.0462,2.0483,2.0483,2.0462,30921000,0.10%,8821617,4589628617,63335.48,21904205
2010-07-02,2.0483,2.0524,2.0524,2.0483,33297000,0.20%,19657952,4633761952,68338.76,44133335
2010-07-05,2.0524,2.0524,2.0524,2.0524,17875000,0.00%,1782952,4633761952,36686.65,0
2010-07-06,2.0524,2.0565,2.0565,2.0524,35365000,0.20%,11058404,4678402404,72728.12,44640451
2010-07-07,2.0565,2.0606,2.0606,2.0565,41943000,0.20%,14168240,4723455240,86427.75,45052836
2010-07-08,2.0606,2.0627,2.0627,2.0606,26829000,0.10%,10001814,4746117814,55340.18,22662573
2010-07-09,2.0627,2.0647,2.0647,2.0627,26510000,0.10%,6281214,4768907214,54735.2,22789399
2010-07-12,2.0647,2.0668,2.0668,2.0647,12694000,0.10%,16445786,4791765786,26235.96,22858572
2010-07-13,2.0668,2.0668,2.0668,2.0668,16445000,0.00%,786,4791765786,33988.53,0
2010-07-14,2.0668,2.0689,2.0689,2.0668,22726000,0.10%,313403,4814804403,47017.82,23038616
2010-07-15,2.0689,2.073,2.073,2.0689,24838000,0.20%,21807099,4861136099,51489.17,46331696
2010-07-16,2.073,2.073,2.073,2.073,18634000,0.00%,3173099,4861136099,38628.28,0
2010-07-19,2.073,2.0751,2.0751,2.073,19019000,0.10%,7502176,4884484176,39466.33,23348076
2010-07-20,2.0751,2.0771,2.0771,2.0751,14355000,0.10%,16571443,4907908443,29816.77,23424267
2010-07-21,2.0771,2.0792,2.0792,2.0771,18524000,0.10%,21565934,4931426934,38515.1,23518490
2010-07-22,2.0792,2.0792,2.0792,2.0792,21153000,0.00%,412934,4931426934,43981.32,0
2010-07-23,2.0792,2.0834,2.0834,2.0792,28721000,0.20%,19195586,4978930586,59837.33,47503651
2010-07-26,2.0834,2.0855,2.0855,2.0834,28710000,0.10%,14382182,5002827182,59874.71,23896596
2010-07-27,2.0855,2.0896,2.0896,2.0855,50633000,0.20%,12014539,5051092539,105802.72,48265356
2010-07-28,2.0896,2.0938,2.0938,2.0896,47762000,0.20%,12980813,5099820813,100004.08,48728273
2010-07-29,2.0938,2.0959,2.0959,2.0938,37268000,0.10%,257268,5124365268,78110.0,24544455
2010-07-30,2.0959,2.1001,2.1001,2.0959,34221000,0.20%,15458663,5173787663,71867.52,49422394
2010-08-02,2.1001,2.1022,2.1022,2.1001,19448000,0.10%,20827564,5198604564,40883.59,24816900
2010-08-03,2.1022,2.1043,2.1043,2.1022,27489000,0.10%,18288094,5223554094,57845.1,24949530
2010-08-04,2.1043,2.1064,2.1064,2.1043,20031000,0.10%,23307645,5248604645,42193.3,25050550
2010-08-05,2.1064,2.1064,2.1064,2.1064,12232000,0.00%,11075645,5248604645,25765.48,0
2010-08-06,2.1064,2.1085,2.1085,2.1064,13783000,0.10%,22469844,5273781844,29061.46,25177199
2010-08-09,2.1085,2.1085,2.1085,2.1085,12320000,0.00%,10149844,5273781844,25976.72,0
2010-08-10,2.1085,2.1106,2.1106,2.1085,30371000,0.10%,5153142,5299156142,64101.03,25374297
2010-08-11,2.1106,2.1127,2.1127,2.1106,26312000,0.10%,4342153,5324657153,55589.36,25501011
2010-08-12,2.1127,2.117,2.117,2.1127,49093000,0.20%,6711127,5376119127,103929.88,51461974
2010-08-13,2.117,2.1212,2.1212,2.117,33385000,0.20%,25130727,5427923727,70816.26,51804599
2010-08-16,2.1212,2.1212,2.1212,2.1212,16093000,0.00%,9037727,5427923727,34136.47,0
2010-08-17,2.1212,2.1233,2.1233,2.1212,9416000,0.10%,25656488,5453958488,19992.99,26034760
2010-08-18,2.1233,2.1233,2.1233,2.1233,16148000,0.00%,9508488,5453958488,34287.05,0
2010-08-19,2.1233,2.1254,2.1254,2.1233,31581000,0.10%,4181646,5480212646,67122.26,26254158
2010-08-20,2.1254,2.1276,2.1276,2.1254,14685000,0.10%,15828377,5506544377,31243.81,26331731
2010-08-23,2.1276,2.1276,2.1276,2.1276,8239000,0.00%,7589377,5506544377,17529.3,0
2010-08-24,2.1276,2.1297,2.1297,2.1276,24387000,0.10%,9688802,5533030802,51936.99,26486424
2010-08-25,2.1297,2.134,2.134,2.1297,43263000,0.20%,19812114,5586417114,92323.24,53386311
2010-08-26,2.134,2.1361,2.1361,2.134,23430000,0.10%,23198416,5613233416,50048.82,26816302
2010-08-27,2.1361,2.1361,2.1361,2.1361,9438000,0.00%,13760416,5613233416,20160.51,0
2010-08-30,2.1361,2.1382,2.1382,2.1361,16632000,0.10%,24072228,5640177228,35562.54,26943812
2010-08-31,2.1382,2.1382,2.1382,2.1382,16720000,0.00%,7352228,5640177228,35750.7,0
2010-09-01,2.1382,2.1404,2.1404,2.1382,16918000,0.10%,17537926,5667280926,36211.29,27103697
2010-09-02,2.1404,2.1404,2.1404,2.1404,14311000,0.00%,3226926,5667280926,30631.26,0
2010-09-03,2.1404,2.1425,2.1425,2.1404,22660000,0.10%,7844326,5694558326,48549.05,27277400
2010-09-06,2.1425,2.1468,2.1468,2.1425,37466000,0.20%,25297934,5749477934,80432.01,54919607
2010-09-07,2.1468,2.1468,2.1468,2.1468,24299000,0.00%,998934,5749477934,52165.09,0
2010-09-08,2.1468,2.1489,2.1489,2.1468,23881000,0.10%,4807369,5777167369,51317.88,27689435
2010-09-09,2.1489,2.1511,2.1511,2.1489,11484000,0.10%,21076806,5804920806,24703.23,27753436
2010-09-10,2.1511,2.1511,2.1511,2.1511,12760000,0.00%,8316806,5804920806,27448.04,0
2010-09-13,2.1511,2.1532,2.1532,2.1511,22770000,0.10%,13468389,5832842389,49028.36,27921582
2010-09-14,2.1532,2.1554,2.1554,2.1532,19415000,0.10%,22073574,5860862574,41847.09,28020185
2010-09-15,2.1554,2.1554,2.1554,2.1554,17622000,0.00%,4451574,5860862574,37982.46,0
2010-09-16,2.1554,2.1576,2.1576,2.1554,17105000,0.10%,15531652,5889047652,36905.75,28185078
2010-09-17,2.1576,2.1597,2.1597,2.1576,18645000,0.10%,25167207,5917328207,40267.61,28280555
2010-09-20,2.1597,2.1597,2.1597,2.1597,22275000,0.00%,2892207,5917328207,48107.32,0
2010-09-21,2.1597,2.1619,2.1619,2.1597,23980000,0.10%,7407481,5945823481,51842.36,28495274
2010-09-22,2.1619,2.164,2.164,2.1619,20075000,0.10%,15928813,5974419813,43442.3,28596332
2010-09-24,2.164,2.1662,2.1662,2.164,18953000,0.10%,25669025,6003113025,41055.99,28693211
2010-09-27,2.1662,2.1705,2.1705,2.1662,56353000,0.20%,27233422,6061030422,122314.19,57917396
2010-09-28,2.1705,2.1727,2.1727,2.1705,38951000,0.10%,17432023,6090180023,84628.84,29149601
2010-09-29,2.1727,2.1749,2.1749,2.1727,26576000,0.10%,20135524,6119459524,57800.14,29279501
2010-09-30,2.1749,2.177,2.177,2.1749,25080000,0.10%,24458707,6148862707,54599.16,29403182
2010-10-04,2.177,2.177,2.177,2.177,23100000,0.00%,1358707,6148862707,50288.7,0
2010-10-05,2.177,2.1792,2.1792,2.177,20658000,0.10%,10308482,6178470482,45017.91,29607775
2010-10-06,2.1792,2.1814,2.1814,2.1792,14685000,0.10%,25309411,6208156411,32033.86,29685928
2010-10-07,2.1814,2.1836,2.1836,2.1814,27181000,0.10%,27947562,6237975562,59352.43,29819151
2010-10-08,2.1836,2.1836,2.1836,2.1836,27346000,0.00%,601562,6237975562,59712.73,0
2010-10-11,2.1836,2.188,2.188,2.1836,39138000,0.20%,21721720,6298233720,85633.94,60258157
2010-10-12,2.188,2.1901,2.1901,2.188,47751000,0.10%,4328517,6328591517,104579.47,30357797
2010-10-13,2.1901,2.1945,2.1945,2.1901,40887000,0.20%,24552889,6389702889,89726.52,61111371
2010-10-14,2.1945,2.1967,2.1967,2.1945,35343000,0.10%,19941113,6420434113,77637.97,30731223
2010-10-15,2.1967,2.1989,2.1989,2.1967,28600000,0.10%,22211632,6451304632,62888.54,30870518
2010-10-18,2.1989,2.1989,2.1989,2.1989,19921000,0.00%,2290632,6451304632,43804.29,0
2010-10-19,2.1989,2.2011,2.2011,2.1989,22429000,0.10%,10931288,6482374288,49368.47,31069656
2010-10-20,2.2011,2.2033,2.2033,2.2011,21076000,0.10%,21030993,6513549993,46436.75,31175705
2010-10-21,2.2033,2.2055,2.2055,2.2033,24981000,0.10%,27349479,6544849479,55095.6,31299485
2010-10-22,2.2055,2.2055,2.2055,2.2055,12265000,0.00%,15084479,6544849479,27050.46,0
2010-10-25,2.2055,2.2055,2.2055,2.2055,11176000,0.00%,3908479,6544849479,24648.67,0
2010-10-26,2.2055,2.2077,2.2077,2.2055,15356000,0.10%,20036260,6576333260,33901.44,31483780
2010-10-27,2.2077,2.2077,2.2077,2.2077,16005000,0.00%,4031260,6576333260,35334.24,0
2010-10-28,2.2077,2.2099,2.2099,2.2077,16863000,0.10%,18810075,6607975075,37265.54,31641814
2010-10-29,2.2099,2.2121,2.2121,2.2099,26785000,0.10%,23798424,6639748424,59251.1,31773349
2010-11-01,2.2121,2.2121,2.2121,2.2121,17787000,0.00%,6011424,6639748424,39346.62,0
2010-11-02,2.2121,2.2144,2.2144,2.2121,21197000,0.10%,16772794,6671706794,46938.64,31958369
2010-11-03,2.2144,2.2166,2.2166,2.2144,23320000,0.10%,25527522,6703781522,51691.11,32074728
2010-11-04,2.2166,2.221,2.221,2.2166,66561000,0.20%,23739648,6768554648,147831.98,64773125
2010-11-05,2.221,2.2232,2.2232,2.221,33000000,0.10%,23291850,6801106850,73365.6,32552201
2010-11-08,2.2232,2.2254,2.2254,2.2232,44572000,0.10%,11481738,6833868738,99190.53,32761888
2010-11-09,2.2254,2.2277,2.2277,2.2254,35145000,0.10%,9266352,6866798352,78292.52,32929614
2010-11-10,2.2277,2.2299,2.2299,2.2277,34331000,0.10%,8029034,6899892034,76554.7,33093682
2010-11-11,2.2299,2.2344,2.2344,2.2299,47795000,0.20%,26880081,6966538081,106793.15,66646046
2010-11-12,2.2344,2.2366,2.2366,2.2344,38280000,0.10%,22112460,7000050460,85617.05,33512378
2010-11-15,2.2366,2.2388,2.2388,2.2366,23672000,0.10%,32071489,7033681489,52996.87,33631029
2010-11-16,2.2388,2.2411,2.2411,2.2388,36674000,0.10%,29204850,7067488850,82190.1,33807360
2010-11-17,2.2411,2.2433,2.2433,2.2411,36421000,0.10%,26766253,7101471253,81703.23,33982403
2010-11-18,2.2433,2.2433,2.2433,2.2433,24211000,0.00%,2555253,7101471253,54312.54,0
2010-11-19,2.2433,2.2456,2.2456,2.2433,16302000,0.10%,20428486,7135646486,36607.77,34175232
2010-11-22,2.2456,2.2456,2.2456,2.2456,19206000,0.00%,1222486,7135646486,43128.99,0
2010-11-23,2.2456,2.2478,2.2478,2.2456,28523000,0.10%,7098753,7170045753,64114.0,34399267
2010-11-24,2.2478,2.25,2.25,2.2478,30228000,0.10%,11416368,7204591368,68013.0,34545614
2010-11-25,2.25,2.2523,2.2523,2.25,24068000,0.10%,22013688,7239256688,54208.36,34665320
2010-11-26,2.2523,2.2523,2.2523,2.2523,20284000,0.00%,1729688,7239256688,45685.65,0
2010-11-29,2.2523,2.2546,2.2546,2.2523,26477000,0.10%,10138167,7274142167,59695.04,34885479
2010-11-30,2.2546,2.2568,2.2568,2.2546,34463000,0.10%,10725966,7309192966,77776.1,35050798
2010-12-01,2.2568,2.2591,2.2591,2.2568,21406000,0.10%,24478826,7344351826,48358.29,35158859
2010-12-02,2.2591,2.2591,2.2591,2.2591,17567000,0.00%,6911826,7344351826,39685.61,0
2010-12-03,2.2591,2.2613,2.2613,2.2591,16082000,0.10%,26151640,7379673640,36366.23,35321813
2010-12-06,2.2613,2.2613,2.2613,2.2613,23144000,0.00%,3007640,7379673640,52335.53,0
2010-12-07,2.2613,2.2636,2.2636,2.2613,20284000,0.10%,18251576,7415201576,45914.86,35527936
2010-12-08,2.2636,2.2636,2.2636,2.2636,17325000,0.00%,926576,7415201576,39216.87,0
2010-12-09,2.2636,2.2658,2.2658,2.2636,12309000,0.10%,24290403,7450874403,27889.73,35672826
2010-12-10,2.2658,2.2658,2.2658,2.2658,22000000,0.00%,2290403,7450874403,49847.6,0
2010-12-13,2.2658,2.2681,2.2681,2.2658,18909000,0.10%,19249247,7486742247,42887.5,35867844
2010-12-14,2.2681,2.2681,2.2681,2.2681,17270000,0.00%,1979247,7486742247,39170.09,0
2010-12-15,2.2681,2.2704,2.2704,2.2681,21296000,0.10%,16735460,7522794460,48350.44,36052212
2010-12-16,2.2704,2.2727,2.2727,2.2704,26257000,0.10%,26660680,7558976680,59674.28,36182219
2010-12-17,2.2727,2.2727,2.2727,2.2727,20625000,0.00%,6035680,7558976680,46874.44,0
2010-12-20,2.2727,2.2749,2.2749,2.2727,18623000,0.10%,23782956,7595346956,42365.46,36370276
2010-12-21,2.2749,2.2749,2.2749,2.2749,13728000,0.00%,10054956,7595346956,31229.83,0
2010-12-22,2.2749,2.2772,2.2772,2.2749,13519000,0.10%,33041200,7631852200,30785.47,36505243
2010-12-23,2.2772,2.2772,2.2772,2.2772,10219000,0.00%,22822200,7631852200,23270.71,0
2010-12-24,2.2772,2.2772,2.2772,2.2772,4763000,0.00%,18059200,7631852200,10846.3,0
2010-12-28,2.2772,2.2772,2.2772,2.2772,9438000,0.00%,8621200,7631852200,21492.21,0
2010-12-29,2.2772,2.2795,2.2795,2.2772,9724000,0.10%,35568570,7668523570,22165.86,36671370
2010-12-30,2.2795,2.2795,2.2795,2.2795,16896000,0.00%,18672570,7668523570,38514.43,0
2010-12-31,2.2795,2.2795,2.2795,2.2795,9086000,0.00%,9586570,7668523570,20711.54,0
2011-01-03,2.2795,2.2818,2.2818,2.2795,14856000,0.10%,31597832,7705390832,33898.42,36867261
2011-01-04,2.2818,2.2818,2.2818,2.2818,19968000,0.00%,11629832,7705390832,45562.98,0
2011-01-05,2.2818,2.2818,2.2818,2.2818,11364000,0.00%,265832,7705390832,25930.38,0
2011-01-06,2.2818,2.284,2.284,2.2818,17136000,0.10%,20226407,7742487407,39138.62,37096574
2011-01-07,2.284,2.284,2.284,2.284,9612000,0.00%,10614407,7742487407,21953.81,0
2011-01-10,2.284,2.2863,2.2863,2.284,12744000,0.10%,35080135,7779697135,29136.61,37209727
2011-01-11,2.2863,2.2863,2.2863,2.2863,13068000,0.00%,22012135,7779697135,29877.37,0
2011-01-12,2.2863,2.2886,2.2886,2.2863,46404000,0.10%,13096205,7817185205,106200.19,37488070
2011-01-13,2.2886,2.2909,2.2909,2.2886,49572000,0.10%,1245225,7854906225,113564.49,37721020
2011-01-14,2.2909,2.2955,2.2955,2.2909,65112000,0.20%,12187738,7930960738,149464.6,76054512
2011-01-17,2.2955,2.2978,2.2978,2.2955,38616000,0.10%,11789102,7969178102,88731.84,38217363
2011-01-18,2.2978,2.3001,2.3001,2.2978,29064000,0.10%,21084920,8007537920,66850.11,38359818
2011-01-19,2.3001,2.3024,2.3024,2.3001,21300000,0.10%,38253572,8046006572,49041.12,38468651
2011-01-20,2.3024,2.3024,2.3024,2.3024,32760000,0.00%,5493572,8046006572,75426.62,0
2011-01-21,2.3024,2.3047,2.3047,2.3024,28932000,0.10%,15319391,8084764391,66679.58,38757819
2011-01-24,2.3047,2.307,2.307,2.3047,21612000,0.10%,32574989,8123631989,49858.88,38867598
2011-01-25,2.307,2.3093,2.3093,2.307,40584000,0.10%,31053874,8162694874,93720.63,39062884
2011-01-26,2.3093,2.3116,2.3116,2.3093,41112000,0.10%,29202307,8201955307,95034.5,39260432
2011-01-27,2.3116,2.3116,2.3116,2.3116,25848000,0.00%,3354307,8201955307,59750.24,0
2011-01-28,2.3116,2.3139,2.3139,2.3116,24588000,0.10%,18265570,8241454570,56894.17,39499262
2011-01-31,2.3139,2.3162,2.3162,2.3139,21552000,0.10%,36322616,8281063616,49918.74,39609046
2011-02-01,2.3162,2.3162,2.3162,2.3162,28236000,0.00%,8086616,8281063616,65400.22,0
2011-02-02,2.3162,2.3185,2.3185,2.3162,19104000,0.10%,28817431,8320898431,44292.62,39834815
2011-02-07,2.3185,2.3209,2.3209,2.3185,35748000,0.10%,33077961,8360906961,82967.53,40008529
2011-02-08,2.3209,2.3232,2.3232,2.3209,54360000,0.10%,18983316,8401172316,126289.15,40265355
2011-02-09,2.3232,2.3255,2.3255,2.3232,50640000,0.10%,8847909,8441676909,117763.32,40504593
2011-02-10,2.3255,2.3278,2.3278,2.3255,47268000,0.10%,2308015,8482405015,110030.45,40728105
2011-02-11,2.3278,2.3325,2.3325,2.3278,54612000,0.20%,29675416,8564384416,127382.49,81979400
2011-02-14,2.3325,2.3348,2.3348,2.3325,42624000,0.10%,28251703,8605584703,99518.52,41200286
2011-02-15,2.3348,2.3348,2.3348,2.3348,19428000,0.00%,8823703,8605584703,45360.49,0
2011-02-16,2.3348,2.3372,2.3372,2.3348,17388000,0.10%,32814800,8646963800,40639.23,41379097
2011-02-17,2.3372,2.3372,2.3372,2.3372,22404000,0.00%,10410800,8646963800,52362.63,0
2011-02-18,2.3372,2.3395,2.3395,2.3372,32268000,0.10%,19780687,8688601687,75490.99,41637887
2011-02-21,2.3395,2.3395,2.3395,2.3395,16836000,0.00%,2944687,8688601687,39387.82,0
2011-02-22,2.3395,2.3418,2.3418,2.3395,34788000,0.10%,10038806,8730483806,81466.54,41882118
2011-02-23,2.3418,2.3442,2.3442,2.3418,41784000,0.10%,10336567,8772565567,97950.05,42081761
2011-02-24,2.3442,2.3465,2.3465,2.3442,30708000,0.10%,21860648,8814797648,72056.32,42232080
2011-02-25,2.3465,2.3465,2.3465,2.3465,20268000,0.00%,1592648,8814797648,47558.86,0
2011-02-28,2.3465,2.3489,2.3489,2.3465,31524000,0.10%,12546117,8857275117,74046.72,42477469
2011-03-01,2.3489,2.3512,2.3512,2.3489,35760000,0.10%,19436723,8899925723,84078.91,42650606
2011-03-02,2.3512,2.3536,2.3536,2.3512,19487999,0.10%,42700390,8942677390,45866.96,42751667
2011-03-03,2.3536,2.3536,2.3536,2.3536,21072000,0.00%,21628390,8942677390,49595.06,0
2011-03-04,2.3536,2.3559,2.3559,2.3536,42864000,0.10%,21817580,8985730580,100983.3,43053189
2011-03-07,2.3559,2.3559,2.3559,2.3559,21276000,0.00%,541580,8985730580,50124.13,0
2011-03-08,2.3559,2.3583,2.3583,2.3559,23424000,0.10%,20384712,9028997712,55240.82,43267132
2011-03-09,2.3583,2.3606,2.3606,2.3583,35772000,0.10%,28053808,9072438808,84443.38,43441096
2011-03-10,2.3606,2.3606,2.3606,2.3606,18180000,0.00%,9873808,9072438808,42915.71,0
2011-03-11,2.3606,2.363,2.363,2.3606,33108000,0.10%,20450926,9116123926,78234.2,43685117
2011-03-14,2.363,2.363,2.363,2.363,19440000,0.00%,1010926,9116123926,45936.72,0
2011-03-15,2.363,2.3677,2.3677,2.363,49284000,0.20%,39752151,9204149151,116689.73,88025225
2011-03-16,2.3677,2.3677,2.3677,2.3677,34536000,0.00%,5216151,9204149151,81770.89,0
2011-03-17,2.3677,2.3748,2.3748,2.3677,113448000,0.30%,25720447,9338101447,269416.31,133952296
2011-03-18,2.3748,2.3772,2.3772,2.3748,59004000,0.10%,11537487,9382922487,140264.31,44821039
2011-03-21,2.3772,2.3796,2.3796,2.3772,52116000,0.10%,4377857,9427878857,124015.23,44956369
2011-03-22,2.3796,2.3843,2.3843,2.3796,49788000,0.20%,44729191,9518018191,118709.53,90139334
2011-03-23,2.3843,2.3843,2.3843,2.3843,36804000,0.00%,7925191,9518018191,87751.78,0
2011-03-24,2.3843,2.3867,2.3867,2.3843,49656000,0.10%,3573713,9563322713,118513.98,45304522
2011-03-25,2.3867,2.3891,2.3891,2.3867,47256000,0.10%,1779841,9608784841,112899.31,45462128
2011-03-28,2.3891,2.3915,2.3915,2.3891,38304000,0.10%,8983080,9654292080,91604.02,45507238
2011-03-29,2.3915,2.3939,2.3939,2.3915,32592000,0.10%,21978113,9699879113,78021.99,45587032
2011-03-30,2.3939,2.3963,2.3963,2.3939,55668000,0.10%,12075802,9745644802,133397.23,45765689
2011-03-31,2.3963,2.4011,2.4011,2.3963,75360000,0.20%,28739486,9837668486,180946.9,92023683
2011-04-01,2.4011,2.4035,2.4035,2.4011,42192000,0.10%,32494238,9883615238,101408.47,45946752
2011-04-04,2.4035,2.4059,2.4059,2.4035,33912000,0.10%,44500972,9929533972,81588.88,45918733
2011-04-06,2.4059,2.4083,2.4083,2.4059,62880000,0.10%,27580104,9975493104,151433.9,45959132
2011-04-07,2.4083,2.4107,2.4107,2.4083,31776000,0.10%,41606692,10021295692,76602.4,45802587
2011-04-08,2.4107,2.4107,2.4107,2.4107,24624000,0.00%,16982692,10021295692,59361.08,0
2011-04-11,2.4107,2.4131,2.4131,2.4107,28404000,0.10%,34250128,10066967128,68541.69,45671436
2011-04-12,2.4131,2.4155,2.4155,2.4131,63036000,0.10%,16971710,10112724710,152263.46,45757582
2011-04-13,2.4155,2.4179,2.4179,2.4155,36180000,0.10%,26514717,10158447717,87479.62,45723007
2011-04-14,2.4179,2.4204,2.4204,2.4179,37032000,0.10%,35266374,10204231374,89632.25,45783656
2011-04-15,2.4204,2.4228,2.4228,2.4204,38508000,0.10%,42583065,10250056065,93297.18,45824690
2011-04-18,2.4228,2.4228,2.4228,2.4228,21900000,0.00%,20683065,10250056065,53059.32,0
2011-04-19,2.4228,2.4252,2.4252,2.4228,29784000,0.10%,36617382,10295774382,72232.16,45718317
2011-04-20,2.4252,2.4301,2.4301,2.4252,85476000,0.20%,43375047,10388008047,207715.23,92233664
2011-04-21,2.4301,2.4325,2.4325,2.4301,48672000,0.10%,40866287,10434171287,118394.64,46163240
2011-04-26,2.4325,2.4325,2.4325,2.4325,26856000,0.00%,14010287,10434171287,65327.22,0
2011-04-27,2.4325,2.4349,2.4349,2.4325,42864000,0.10%,17348398,10480373398,104369.55,46202110
2011-04-28,2.4349,2.4374,2.4374,2.4349,29460000,0.10%,34140604,10526625604,71805.8,46252205
2011-04-29,2.4374,2.4374,2.4374,2.4374,24192000,0.00%,9948604,10526625604,58965.58,0
2011-05-03,2.4374,2.4398,2.4398,2.4374,20976000,0.10%,35135240,10572788240,51177.24,46162636
2011-05-04,2.4398,2.4422,2.4422,2.4398,42732000,0.10%,38713398,10619098398,104360.09,46310157
2011-05-05,2.4422,2.4422,2.4422,2.4422,28092000,0.00%,10621398,10619098398,68606.28,0
2011-05-06,2.4422,2.4447,2.4447,2.4422,16824000,0.10%,40228997,10665529997,41129.63,46431598
2011-05-09,2.4447,2.4447,2.4447,2.4447,26964000,0.00%,13264997,10665529997,65918.89,0
2011-05-11,2.4447,2.4471,2.4471,2.4447,41244000,0.10%,18620361,10712129361,100928.19,46599364
2011-05-12,2.4471,2.452,2.452,2.4471,67668000,0.20%,44859266,10806036266,165921.94,93906905
2011-05-13,2.452,2.452,2.452,2.452,31164000,0.00%,13695266,10806036266,76414.13,0
2011-05-16,2.452,2.4545,2.4545,2.452,27852000,0.10%,33044760,10853237760,68362.73,47201493
2011-05-17,2.4545,2.4569,2.4569,2.4545,34812000,0.10%,45586721,10900591721,85529.6,47353961
2011-05-18,2.4569,2.4569,2.4569,2.4569,26112000,0.00%,19474721,10900591721,64154.57,0
2011-05-19,2.4569,2.4594,2.4594,2.4569,27384000,0.10%,39572907,10948073907,67348.21,47482185
2011-05-20,2.4594,2.4594,2.4594,2.4594,14520000,0.00%,25052907,10948073907,35710.49,0
2011-05-23,2.4594,2.4594,2.4594,2.4594,15000000,0.00%,10052907,10948073907,36891.0,0
2011-05-24,2.4594,2.4618,2.4618,2.4594,24444000,0.10%,33039977,10995504977,60176.24,47431069
2011-05-25,2.4618,2.4618,2.4618,2.4618,22092000,0.00%,10947977,10995504977,54386.09,0
2011-05-26,2.4618,2.4643,2.4643,2.4618,17604000,0.10%,40845212,11043006212,43381.54,47501234
2011-05-27,2.4643,2.4643,2.4643,2.4643,26076000,0.00%,14769212,11043006212,64259.09,0
2011-05-30,2.4643,2.4668,2.4668,2.4643,22584000,0.10%,39829306,11090650306,55710.21,47644094
2011-05-31,2.4668,2.4668,2.4668,2.4668,28932000,0.00%,10897306,11090650306,71369.46,0
2011-06-01,2.4668,2.4692,2.4692,2.4668,23760000,0.10%,34758201,11138271201,58668.19,47620895
2011-06-02,2.4692,2.4692,2.4692,2.4692,22812000,0.00%,11946201,11138271201,56327.39,0
2011-06-03,2.4692,2.4717,2.4717,2.4692,29532000,0.10%,29839888,11185696888,72994.24,47425686
2011-06-07,2.4717,2.4742,2.4742,2.4717,32472000,0.10%,44620443,11232949443,80342.22,47252554
2011-06-08,2.4742,2.4742,2.4742,2.4742,16668000,0.00%,27952443,11232949443,41239.97,0
2011-06-09,2.4742,2.4766,2.4766,2.4742,55500000,0.10%,19911519,11280408519,137451.3,47459076
2011-06-10,2.4766,2.4791,2.4791,2.4766,44016000,0.10%,23520148,11328033148,109120.07,47624629
2011-06-13,2.4791,2.4791,2.4791,2.4791,18960000,0.00%,4560148,11328033148,47003.74,0
2011-06-14,2.4791,2.4816,2.4816,2.4791,34680000,0.10%,17619881,11375772881,86061.89,47739733
2011-06-15,2.4816,2.4841,2.4841,2.4816,29076000,0.10%,36449630,11423678630,72227.69,47905749
2011-06-16,2.4841,2.4866,2.4866,2.4841,40536000,0.10%,43986746,11471751746,100796.82,48073115
2011-06-17,2.4866,2.4891,2.4891,2.4866,66192000,0.10%,26200533,11520157533,164758.51,48405786
2011-06-20,2.4891,2.4915,2.4915,2.4891,69252000,0.10%,5638848,11568847848,172541.36,48690315
2011-06-21,2.4915,2.494,2.494,2.4915,36540000,0.10%,17788819,11617537819,91130.76,48689970
2011-06-22,2.494,2.4965,2.4965,2.494,53640000,0.10%,13089465,11666478465,133912.26,48940646
2011-06-23,2.4965,2.499,2.499,2.4965,22488000,0.10%,39563796,11715440796,56197.51,48962330
2011-06-24,2.499,2.499,2.499,2.499,28356000,0.00%,11207796,11715440796,70861.64,0
2011-06-27,2.499,2.5015,2.5015,2.499,19884000,0.10%,40309611,11764426611,49739.83,48985814
2011-06-28,2.5015,2.5015,2.5015,2.5015,17340000,0.00%,22969611,11764426611,43376.01,0
2011-06-29,2.5015,2.5015,2.5015,2.5015,19536000,0.00%,3433611,11764426611,48869.3,0
2011-06-30,2.5015,2.5065,2.5065,2.5015,57588000,0.20%,44604010,11863185010,144344.32,98758398
2011-07-04,2.5065,2.5065,2.5065,2.5065,25284000,0.00%,19320010,11863185010,63374.35,0
2011-07-05,2.5065,2.5065,2.5065,2.5065,13392000,0.00%,5928010,11863185010,33567.05,0
2011-07-06,2.5065,2.509,2.509,2.5065,18696000,0.10%,36731934,11912684934,46908.26,49499923
2011-07-07,2.509,2.509,2.509,2.509,16272000,0.00%,20459934,11912684934,40826.45,0
2011-07-08,2.509,2.5115,2.5115,2.509,28380000,0.10%,41628649,11962233649,71276.37,49548715
2011-07-11,2.5115,2.5115,2.5115,2.5115,26652000,0.00%,14976649,11962233649,66936.5,0
2011-07-12,2.5115,2.5141,2.5141,2.5115,24588000,0.10%,40087897,12011932897,61816.69,49699248
2011-07-13,2.5141,2.5141,2.5141,2.5141,20688000,0.00%,19399897,12011932897,52011.7,0
2011-07-14,2.5141,2.5166,2.5166,2.5141,24600000,0.10%,44660653,12061793653,61908.36,49860756
2011-07-15,2.5166,2.5166,2.5166,2.5166,29736000,0.00%,14924653,12061793653,74833.62,0
2011-07-18,2.5166,2.5166,2.5166,2.5166,13584000,0.00%,1340653,12061793653,34185.49,0
2011-07-19,2.5166,2.5191,2.5191,2.5166,24072000,0.10%,27194868,12111719868,60639.78,49926214
2011-07-20,2.5191,2.5191,2.5191,2.5191,15972000,0.00%,11222868,12111719868,40235.07,0
2011-07-21,2.5191,2.5216,2.5216,2.5191,25488000,0.10%,35648374,12161633374,64270.54,49913506
2011-07-22,2.5216,2.5216,2.5216,2.5216,18696000,0.00%,16952374,12161633374,47143.83,0
2011-07-25,2.5216,2.5241,2.5241,2.5216,20340000,0.10%,46493637,12211514637,51340.19,49881262
2011-07-26,2.5241,2.5241,2.5241,2.5241,20448000,0.00%,26045637,12211514637,51612.8,0
2011-07-27,2.5241,2.5241,2.5241,2.5241,24588000,0.00%,1457637,12211514637,62062.57,0
2011-07-28,2.5241,2.5267,2.5267,2.5241,26604000,0.10%,24464738,12261125738,67220.33,49611100
2011-07-29,2.5267,2.5267,2.5267,2.5267,20028000,0.00%,4436738,12261125738,50604.75,0
2011-08-01,2.5267,2.5292,2.5292,2.5267,26268000,0.10%,27642170,12310599170,66437.03,49473432
2011-08-02,2.5292,2.5292,2.5292,2.5292,14616000,0.00%,13026170,12310599170,36966.79,0
2011-08-03,2.5292,2.5317,2.5317,2.5292,28332000,0.10%,34259899,12360164899,71728.12,49565728
2011-08-04,2.5317,2.5317,2.5317,2.5317,15900000,0.00%,18359899,12360164899,40254.03,0
2011-08-05,2.5317,2.5342,2.5342,2.5317,60156000,0.10%,7888446,12409849446,152447.34,49684546
2011-08-08,2.5342,2.5368,2.5368,2.5342,41544000,0.10%,16162534,12459667534,105388.82,49818088
2011-08-09,2.5368,2.5418,2.5418,2.5368,78828000,0.20%,37674011,12560007011,200365.01,100339476
2011-08-10,2.5418,2.5444,2.5444,2.5418,68592000,0.10%,19645837,12610570837,174525.48,50563826
2011-08-11,2.5444,2.5495,2.5495,2.5444,107928000,0.20%,14036627,12712889627,275162.44,102318789
2011-08-12,2.5495,2.552,2.552,2.5495,48192000,0.10%,17365613,12764410613,122985.98,51520985
2011-08-15,2.552,2.5546,2.5546,2.552,35628000,0.10%,33476244,12816149244,91015.29,51738631
2011-08-16,2.5546,2.5571,2.5571,2.5546,46344000,0.10%,39131673,12868148673,118506.24,51999428
2011-08-17,2.5571,2.5597,2.5597,2.5571,48360000,0.10%,43025378,12920402378,123787.09,52253704
2011-08-18,2.5597,2.5597,2.5597,2.5597,34716000,0.00%,8309378,12920402378,88862.55,0
2011-08-19,2.5597,2.5623,2.5623,2.5597,49128000,0.10%,11760292,12972981292,125880.67,52578913
2011-08-22,2.5623,2.5648,2.5648,2.5623,43908000,0.10%,20442989,13025571989,112615.24,52590697
2011-08-23,2.5648,2.5674,2.5674,2.5648,31080000,0.10%,41620800,13077829800,79794.79,52257811
2011-08-24,2.5674,2.5674,2.5674,2.5674,35556000,0.00%,6064800,13077829800,91286.47,0
2011-08-25,2.5674,2.5699,2.5699,2.5674,17820000,0.10%,39613737,13129198737,45795.62,51368937
2011-08-26,2.5699,2.5699,2.5699,2.5699,11208000,0.00%,28405737,13129198737,28803.44,0
2011-08-29,2.5699,2.5699,2.5699,2.5699,20688000,0.00%,7717737,13129198737,53166.09,0
2011-08-30,2.5699,2.5725,2.5725,2.5699,19536000,0.10%,38942763,13179959763,50256.36,50761026
2011-08-31,2.5725,2.5725,2.5725,2.5725,19463999,0.00%,19478763,13179959763,50071.14,0
2011-09-01,2.5725,2.5751,2.5751,2.5725,42384000,0.10%,27295550,13230160550,109143.04,50200786
2011-09-02,2.5751,2.5751,2.5751,2.5751,24744000,0.00%,2551550,13230160550,63718.27,0
2011-09-05,2.5751,2.5777,2.5777,2.5751,20688000,0.10%,31469044,13279766044,53327.46,49605494
2011-09-06,2.5777,2.5777,2.5777,2.5777,29628000,0.00%,1841044,13279766044,76372.1,0
2011-09-07,2.5777,2.5802,2.5802,2.5777,31068000,0.10%,20483482,13329476482,80161.65,49710437
2011-09-08,2.5802,2.5802,2.5802,2.5802,18912000,0.00%,1571482,13329476482,48796.74,0
2011-09-09,2.5802,2.5828,2.5828,2.5802,13368000,0.10%,37936278,13379209278,34526.87,49732796
2011-09-12,2.5828,2.5828,2.5828,2.5828,17280000,0.00%,20656278,13379209278,44630.78,0
2011-09-14,2.5828,2.5854,2.5854,2.5828,32220000,0.10%,38268792,13429041792,83301.59,49832513
2011-09-15,2.5854,2.5854,2.5854,2.5854,25824000,0.00%,12444792,13429041792,66765.37,0
2011-09-16,2.5854,2.588,2.588,2.5854,22932000,0.10%,39500255,13479029255,59348.02,49987462
2011-09-19,2.588,2.588,2.588,2.588,20352000,0.00%,19148255,13479029255,52670.98,0
2011-09-20,2.588,2.5906,2.5906,2.588,27264000,0.10%,41937057,13529082057,70630.12,50052801
2011-09-21,2.5906,2.5906,2.5906,2.5906,34416000,0.00%,7521057,13529082057,89158.09,0
2011-09-22,2.5906,2.5932,2.5932,2.5906,55260000,0.10%,2766452,13579587452,143300.23,50505395
2011-09-23,2.5932,2.5958,2.5958,2.5932,48996000,0.10%,4629300,13630446300,127183.82,50858847
2011-09-26,2.5958,2.5984,2.5984,2.5958,30960000,0.10%,24748029,13681525029,80446.46,51078729
2011-09-27,2.5984,2.601,2.601,2.5984,57624000,0.10%,18556265,13732957265,149880.02,51432236
2011-09-28,2.601,2.6036,2.6036,2.601,70056000,0.10%,386717,13784843717,182397.8,51886452
2011-09-30,2.6036,2.6088,2.6088,2.6036,92652000,0.20%,12820853,13889929853,241710.54,105086135
2011-10-03,2.6088,2.6114,2.6114,2.6088,60276000,0.10%,5589634,13942974634,157404.75,53044781
2011-10-04,2.6114,2.614,2.614,2.6114,58044000,0.10%,972210,13996401210,151727.02,53426576
2011-10-06,2.614,2.6192,2.6192,2.614,56280000,0.20%,52415030,14104124030,147408.58,107722819
2011-10-07,2.6192,2.6218,2.6218,2.6192,59316000,0.10%,47369540,14158394540,155514.69,54270509
2011-10-10,2.6218,2.6218,2.6218,2.6218,20087999,0.00%,27281540,14158394540,52666.72,0
2011-10-11,2.6218,2.6218,2.6218,2.6218,23688000,0.00%,3593540,14158394540,62105.2,0
2011-10-12,2.6218,2.6245,2.6245,2.6218,23172000,0.10%,34510932,14212483932,60814.91,54089392
2011-10-13,2.6245,2.6245,2.6245,2.6245,29616000,0.00%,4894932,14212483932,77727.19,0
2011-10-14,2.6245,2.6271,2.6271,2.6245,24096000,0.10%,34949556,14266634556,63302.6,54150624
2011-10-17,2.6271,2.6271,2.6271,2.6271,22212000,0.00%,12737556,14266634556,58353.15,0
2011-10-18,2.6271,2.6297,2.6297,2.6271,26928000,0.10%,40135635,14320960635,70812.56,54326079
2011-10-19,2.6297,2.6297,2.6297,2.6297,16896000,0.00%,23239635,14320960635,44431.41,0
2011-10-20,2.6297,2.6323,2.6323,2.6297,26808000,0.10%,50985808,14375514808,70566.7,54554172
2011-10-21,2.6323,2.6323,2.6323,2.6323,15108000,0.00%,35877808,14375514808,39768.79,0
2011-10-24,2.6323,2.6323,2.6323,2.6323,25836000,0.00%,10041808,14375514808,68008.1,0
2011-10-25,2.6323,2.635,2.635,2.6323,17988000,0.10%,46784724,14430245724,47398.38,54730916
2011-10-26,2.635,2.635,2.635,2.635,18816000,0.00%,27968724,14430245724,49580.16,0
2011-10-27,2.635,2.6376,2.6376,2.635,37560000,0.10%,45193947,14485030947,99068.26,54785222
2011-10-28,2.6376,2.6376,2.6376,2.6376,43044000,0.00%,2149947,14485030947,113532.85,0
2011-10-31,2.6376,2.6402,2.6402,2.6376,20856000,0.10%,36326365,14540063365,55064.01,55032417
2011-11-01,2.6402,2.6402,2.6402,2.6402,24432000,0.00%,11894365,14540063365,64505.37,0
2011-11-02,2.6402,2.6429,2.6429,2.6402,23640000,0.10%,43580052,14595389052,62478.16,55325687
2011-11-03,2.6429,2.6429,2.6429,2.6429,24588000,0.00%,18992052,14595389052,64983.63,0
2011-11-04,2.6429,2.6455,2.6455,2.6429,19800000,0.10%,54669689,14650866689,52380.9,55477636
2011-11-07,2.6455,2.6455,2.6455,2.6455,36672000,0.00%,17997689,14650866689,97015.78,0
2011-11-08,2.6455,2.6508,2.6508,2.6455,85536000,0.20%,44936780,14763341780,226738.83,112475091
2011-11-09,2.6508,2.6508,2.6508,2.6508,35520000,0.00%,9416780,14763341780,94156.42,0
2011-11-10,2.6508,2.6535,2.6535,2.6508,64764000,0.10%,1322375,14820011375,171851.27,56669594
2011-11-11,2.6535,2.6561,2.6561,2.6535,31476000,0.10%,26800628,14876965628,83603.4,56954252
2011-11-14,2.6561,2.6588,2.6588,2.6561,44388000,0.10%,39684358,14934237358,118018.81,57271730
2011-11-15,2.6588,2.6588,2.6588,2.6588,31668000,0.00%,8016358,14934237358,84198.88,0
2011-11-16,2.6588,2.6614,2.6614,2.6588,17328000,0.10%,48203914,14991752914,46116.74,57515555
2011-11-17,2.6614,2.6614,2.6614,2.6614,27324000,0.00%,20879914,14991752914,72720.09,0
2011-11-18,2.6614,2.6641,2.6641,2.6614,34680000,0.10%,44016006,15049569006,92390.99,57816091
2011-11-21,2.6641,2.6641,2.6641,2.6641,33144000,0.00%,10872006,15049569006,88298.93,0
2011-11-22,2.6641,2.6668,2.6668,2.6641,41664000,0.10%,27253166,15107614166,111109.56,58045159
2011-11-23,2.6668,2.6668,2.6668,2.6668,18936000,0.00%,8317166,15107614166,50498.52,0
2011-11-24,2.6668,2.6694,2.6694,2.6668,17940000,0.10%,48583158,15165820158,47889.04,58205992
2011-11-25,2.6694,2.6694,2.6694,2.6694,18936000,0.00%,29647158,15165820158,50547.76,0
2011-11-28,2.6694,2.6721,2.6721,2.6694,41412000,0.10%,46740879,15224325879,110657.01,58505720
2011-11-29,2.6721,2.6748,2.6748,2.6721,70692000,0.10%,35010981,15283287981,189086.96,58962101
2011-11-30,2.6748,2.6775,2.6775,2.6748,40620000,0.10%,53638548,15342535548,108760.05,59247567
2011-12-01,2.6775,2.6775,2.6775,2.6775,46152000,0.00%,7486548,15342535548,123571.98,0
2011-12-02,2.6775,2.6801,2.6801,2.6775,27288000,0.10%,39818894,15402155894,73134.57,59620346
2011-12-05,2.6801,2.6801,2.6801,2.6801,19188000,0.00%,20630894,15402155894,51425.76,0
2011-12-06,2.6801,2.6801,2.6801,2.6801,20544000,0.00%,86894,15402155894,55059.97,0
2011-12-07,2.6801,2.6828,2.6828,2.6801,24060000,0.10%,35777468,15461906468,64548.17,59750573
2011-12-08,2.6828,2.6828,2.6828,2.6828,20087999,0.00%,15689468,15461906468,53892.09,0
2011-12-09,2.6828,2.6855,2.6855,2.6828,27288000,0.10%,48130791,15521635791,73281.92,59729323
2011-12-12,2.6855,2.6855,2.6855,2.6855,16692000,0.00%,31438791,15521635791,44826.37,0
2011-12-13,2.6855,2.6855,2.6855,2.6855,23880000,0.00%,7558791,15521635791,64129.74,0
2011-12-14,2.6855,2.6882,2.6882,2.6855,32784000,0.10%,34549864,15581410864,88129.95,59775072
2011-12-15,2.6882,2.6882,2.6882,2.6882,24996000,0.00%,9553864,15581410864,67194.25,0
2011-12-16,2.6882,2.6909,2.6909,2.6882,33684000,0.10%,35886986,15641427986,90640.28,60017122
2011-12-19,2.6909,2.6909,2.6909,2.6909,20580000,0.00%,15306986,15641427986,55378.72,0
2011-12-20,2.6909,2.6909,2.6909,2.6909,14136000,0.00%,1170986,15641427986,38038.56,0
2011-12-21,2.6909,2.6936,2.6936,2.6909,16620000,0.10%,44611406,15701488406,44767.63,60060420
2011-12-22,2.6936,2.6936,2.6936,2.6936,12804000,0.00%,31807406,15701488406,34488.85,0
2011-12-23,2.6936,2.6936,2.6936,2.6936,12792000,0.00%,19015406,15701488406,34456.53,0
2011-12-28,2.6936,2.6936,2.6936,2.6936,10824000,0.00%,8191406,15701488406,29155.53,0
2011-12-29,2.6936,2.6963,2.6963,2.6936,8592000,0.10%,59096254,15760985254,23166.61,59496847
2011-12-30,2.6963,2.6963,2.6963,2.6963,7788000,0.00%,51308254,15760985254,20998.78,0
2012-01-03,2.6963,2.6963,2.6963,2.6963,15249000,0.00%,36059254,15760985254,41115.88,0
2012-01-04,2.6963,2.6963,2.6963,2.6963,12051000,0.00%,24008254,15760985254,32493.11,0
2012-01-05,2.6963,2.6963,2.6963,2.6963,20553000,0.00%,3455254,15760985254,55417.05,0
2012-01-06,2.6963,2.6989,2.6989,2.6963,19721000,0.10%,43140962,15820391962,53225.01,59406707
2012-01-09,2.6989,2.6989,2.6989,2.6989,18317000,0.00%,24823962,15820391962,49435.75,0
2012-01-10,2.6989,2.7016,2.7016,2.6989,36998000,0.10%,47594624,15880160624,99953.8,59768661
2012-01-11,2.7016,2.7016,2.7016,2.7016,41860000,0.00%,5734624,15880160624,113088.98,0
2012-01-12,2.7016,2.7043,2.7043,2.7016,35230000,0.10%,30718842,15940374842,95272.49,60214218
2012-01-13,2.7043,2.7043,2.7043,2.7043,28717000,0.00%,2001842,15940374842,77659.38,0
2012-01-16,2.7043,2.7071,2.7071,2.7043,15613000,0.10%,46769728,16000755728,42265.95,60380885
2012-01-17,2.7071,2.7071,2.7071,2.7071,28847000,0.00%,17922728,16000755728,78091.71,0
2012-01-18,2.7071,2.7098,2.7098,2.7071,45149000,0.10%,33533432,16061515432,122344.76,60759704
2012-01-19,2.7098,2.7125,2.7125,2.7098,35269000,0.10%,59259002,16122510002,95667.16,60994570
2012-01-20,2.7125,2.7125,2.7125,2.7125,27859000,0.00%,31400002,16122510002,75567.54,0
2012-01-26,2.7125,2.7125,2.7125,2.7125,17043000,0.00%,14357002,16122510002,46229.14,0
2012-01-27,2.7125,2.7152,2.7152,2.7125,14664000,0.10%,60324346,16183141346,39815.69,60631343
2012-01-30,2.7152,2.7152,2.7152,2.7152,38038000,0.00%,22286346,16183141346,103280.78,0
2012-01-31,2.7152,2.7179,2.7179,2.7152,54340000,0.10%,28887983,16244082983,147690.69,60941637
2012-02-01,2.7179,2.7206,2.7206,2.7179,36621000,0.10%,53305756,16305121756,99631.09,61038772
2012-02-02,2.7206,2.7206,2.7206,2.7206,26455000,0.00%,26850756,16305121756,71973.47,0
2012-02-03,2.7206,2.7206,2.7206,2.7206,17134000,0.00%,9716756,16305121756,46614.76,0
2012-02-06,2.7206,2.7233,2.7233,2.7206,20202000,0.10%,50504003,16366111003,55016.11,60989247
2012-02-07,2.7233,2.7233,2.7233,2.7233,43043000,0.00%,7461003,16366111003,117219.0,0
2012-02-08,2.7233,2.7261,2.7261,2.7233,26702000,0.10%,41976803,16427328803,72792.32,61217799
2012-02-09,2.7261,2.7261,2.7261,2.7261,28548000,0.00%,13428803,16427328803,77824.7,0
2012-02-10,2.7261,2.7288,2.7288,2.7261,20943000,0.10%,53962752,16488805752,57149.26,61476948
2012-02-13,2.7288,2.7288,2.7288,2.7288,12844000,0.00%,41118752,16488805752,35048.71,0
2012-02-14,2.7288,2.7288,2.7288,2.7288,12389000,0.00%,28729752,16488805752,33807.1,0
2012-02-15,2.7288,2.7315,2.7315,2.7288,30537000,0.10%,59669810,16550282810,83411.82,61477057
2012-02-16,2.7315,2.7315,2.7315,2.7315,53664000,0.00%,6005810,16550282810,146583.22,0
2012-02-17,2.7315,2.7342,2.7342,2.7315,38025000,0.10%,29915295,16612217295,103967.96,61934485
2012-02-20,2.7342,2.7342,2.7342,2.7342,23582000,0.00%,6333295,16612217295,64477.9,0
2012-02-21,2.7342,2.737,2.737,2.7342,19474000,0.10%,48882827,16674240827,53300.34,62023532
2012-02-22,2.737,2.737,2.737,2.737,22074000,0.00%,26808827,16674240827,60416.54,0
2012-02-23,2.737,2.737,2.737,2.737,23179000,0.00%,3629827,16674240827,63440.92,0
2012-02-24,2.737,2.7397,2.7397,2.737,15093000,0.10%,50754833,16736458833,41350.29,62218006
2012-02-27,2.7397,2.7397,2.7397,2.7397,18603000,0.00%,32151833,16736458833,50966.64,0
2012-02-28,2.7397,2.7397,2.7397,2.7397,23400000,0.00%,8751833,16736458833,64108.98,0
2012-02-29,2.7397,2.7425,2.7425,2.7397,27794000,0.10%,43474799,16798975799,76225.04,62516965
2012-03-01,2.7425,2.7425,2.7425,2.7425,30550000,0.00%,12924799,16798975799,83783.38,0
2012-03-02,2.7425,2.7452,2.7452,2.7425,15639000,0.10%,60007682,16861697682,42932.18,62721882
2012-03-05,2.7452,2.7452,2.7452,2.7452,12259000,0.00%,47748682,16861697682,33653.41,0
2012-03-06,2.7452,2.7452,2.7452,2.7452,19695000,0.00%,28053682,16861697682,54066.71,0
2012-03-07,2.7452,2.7452,2.7452,2.7452,13000000,0.00%,15053682,16861697682,35687.6,0
2012-03-08,2.7452,2.7479,2.7479,2.7452,18473000,0.10%,59332564,16924449564,50761.96,62751881
2012-03-09,2.7479,2.7479,2.7479,2.7479,16133000,0.00%,43199564,16924449564,44331.87,0
2012-03-12,2.7479,2.7479,2.7479,2.7479,10491000,0.00%,32708564,16924449564,28828.22,0
2012-03-13,2.7479,2.7507,2.7507,2.7479,49062000,0.10%,46763916,16987566916,134954.84,63117351
2012-03-14,2.7507,2.7507,2.7507,2.7507,29731000,0.00%,17032916,16987566916,81781.06,0
2012-03-15,2.7507,2.7534,2.7534,2.7507,62010000,0.10%,18807439,17051351439,170738.33,63784522
2012-03-16,2.7534,2.7562,2.7562,2.7534,52728000,0.10%,30310385,17115582385,145328.91,64230946
2012-03-19,2.7562,2.759,2.759,2.7562,49725000,0.10%,45239393,17180236393,137191.27,64654007
2012-03-20,2.759,2.7617,2.7617,2.759,48243000,0.10%,62015376,17245255376,133232.69,65018983
2012-03-21,2.7617,2.7617,2.7617,2.7617,20501000,0.00%,41514376,17245255376,56617.61,0
2012-03-22,2.7617,2.7617,2.7617,2.7617,38415000,0.00%,3099376,17245255376,106090.71,0
2012-03-23,2.7617,2.7645,2.7645,2.7617,25038000,0.10%,43500872,17310694872,69217.55,65439496
2012-03-26,2.7645,2.7645,2.7645,2.7645,17095000,0.00%,26405872,17310694872,47259.13,0
2012-03-27,2.7645,2.7645,2.7645,2.7645,16237000,0.00%,10168872,17310694872,44887.19,0
2012-03-28,2.7645,2.7672,2.7672,2.7645,12519000,0.10%,63296903,17376341903,34642.58,65647031
2012-03-29,2.7672,2.7672,2.7672,2.7672,19708000,0.00%,43588903,17376341903,54535.98,0
2012-03-30,2.7672,2.7672,2.7672,2.7672,28587000,0.00%,15001903,17376341903,79105.95,0
2012-04-02,2.7672,2.77,2.77,2.7672,15730000,0.10%,65022535,17442092535,43572.1,65750631
2012-04-03,2.77,2.77,2.77,2.77,26247000,0.00%,38775535,17442092535,72704.19,0
2012-04-05,2.77,2.77,2.77,2.77,19812000,0.00%,18963535,17442092535,54879.24,0
2012-04-10,2.77,2.77,2.77,2.77,17251000,0.00%,1712535,17442092535,47785.27,0
2012-04-11,2.77,2.7728,2.7728,2.77,19032000,0.10%,47932859,17507344859,52771.93,65252324
2012-04-12,2.7728,2.7728,2.7728,2.7728,25740000,0.00%,22192859,17507344859,71371.87,0
2012-04-13,2.7728,2.7755,2.7755,2.7728,33332000,0.10%,54314498,17572798498,92512.97,65453639
2012-04-16,2.7755,2.7755,2.7755,2.7755,20085000,0.00%,34229498,17572798498,55745.92,0
2012-04-17,2.7755,2.7755,2.7755,2.7755,20163000,0.00%,14066498,17572798498,55962.41,0
2012-04-18,2.7755,2.7783,2.7783,2.7755,25272000,0.10%,54247585,17638251585,70213.2,65453086
2012-04-19,2.7783,2.7783,2.7783,2.7783,22126000,0.00%,32121585,17638251585,61472.67,0
2012-04-20,2.7783,2.7783,2.7783,2.7783,18018000,0.00%,14103585,17638251585,50059.41,0
2012-04-23,2.7783,2.7811,2.7811,2.7783,19188000,0.10%,60326746,17703662746,53363.75,65411161
2012-04-24,2.7811,2.7811,2.7811,2.7811,22217000,0.00%,38109746,17703662746,61787.7,0
2012-04-25,2.7811,2.7839,2.7839,2.7811,41600000,0.10%,62188970,17769341970,115810.24,65679224
2012-04-26,2.7839,2.7839,2.7839,2.7839,24635000,0.00%,37553970,17769341970,68581.38,0
2012-04-27,2.7839,2.7839,2.7839,2.7839,25116000,0.00%,12437970,17769341970,69920.43,0
2012-04-30,2.7839,2.7867,2.7867,2.7839,23205000,0.10%,54844998,17834953998,64665.37,65612027
2012-05-02,2.7867,2.7867,2.7867,2.7867,24492000,0.00%,30352998,17834953998,68251.86,0
2012-05-03,2.7867,2.7867,2.7867,2.7867,18577000,0.00%,11775998,17834953998,51768.53,0
2012-05-04,2.7867,2.7895,2.7895,2.7867,18486000,0.10%,58472239,17900136239,51566.7,65182240
2012-05-07,2.7895,2.7895,2.7895,2.7895,36517000,0.00%,21955239,17900136239,101864.17,0
2012-05-08,2.7895,2.7895,2.7895,2.7895,17849000,0.00%,4106239,17900136239,49789.79,0
2012-05-09,2.7895,2.7922,2.7922,2.7895,33761000,0.10%,35771570,17965562570,94267.46,65426331
2012-05-10,2.7922,2.7922,2.7922,2.7922,31616000,0.00%,4155570,17965562570,88278.2,0
2012-05-11,2.7922,2.795,2.795,2.7922,32435000,0.10%,37395540,18031237540,90655.82,65674970
2012-05-14,2.795,2.795,2.795,2.795,37037000,0.00%,358540,18031237540,103518.42,0
2012-05-15,2.795,2.7978,2.7978,2.795,26806000,0.10%,39495162,18097180162,74997.83,65942621
2012-05-16,2.7978,2.7978,2.7978,2.7978,38961000,0.00%,534162,18097180162,109005.09,0
2012-05-17,2.7978,2.8006,2.8006,2.7978,53755000,0.10%,13043263,18163444263,150546.25,66264100
2012-05-18,2.8006,2.8034,2.8034,2.8006,38545000,0.10%,41069869,18230015869,108057.05,66571605
2012-05-21,2.8034,2.8034,2.8034,2.8034,38090000,0.00%,2979869,18230015869,106781.51,0
2012-05-22,2.8034,2.8062,2.8062,2.8034,49556000,0.10%,20316528,18296908528,139064.05,66892659
2012-05-23,2.8062,2.809,2.809,2.8062,52806000,0.10%,34811848,18364209848,148332.05,67301320
2012-05-24,2.809,2.809,2.809,2.809,29510000,0.00%,5301848,18364209848,82893.59,0
2012-05-25,2.809,2.8118,2.8118,2.809,25909000,0.10%,46815195,18431632195,72850.93,67422346
2012-05-28,2.8118,2.8118,2.8118,2.8118,13546000,0.00%,33269195,18431632195,38088.64,0
2012-05-29,2.8118,2.8118,2.8118,2.8118,18967000,0.00%,14302195,18431632195,53331.41,0
2012-05-30,2.8118,2.8147,2.8147,2.8118,35269000,0.10%,46549140,18499148140,99271.65,67515945
2012-05-31,2.8147,2.8147,2.8147,2.8147,23933000,0.00%,22616140,18499148140,67364.22,0
2012-06-01,2.8147,2.8147,2.8147,2.8147,19721000,0.00%,2895140,18499148140,55508.7,0
2012-06-04,2.8147,2.8175,2.8175,2.8147,21216000,0.10%,49337102,18566806102,59776.08,67657961
2012-06-05,2.8175,2.8175,2.8175,2.8175,18551000,0.00%,30786102,18566806102,52267.44,0
2012-06-06,2.8175,2.8175,2.8175,2.8175,23621000,0.00%,7165102,18566806102,66552.17,0
2012-06-07,2.8175,2.8203,2.8203,2.8175,20787000,0.10%,53293212,18633721212,58625.58,66915109
2012-06-08,2.8203,2.8203,2.8203,2.8203,17654000,0.00%,35639212,18633721212,49789.58,0
2012-06-11,2.8203,2.8203,2.8203,2.8203,23387000,0.00%,12252212,18633721212,65958.36,0
2012-06-12,2.8203,2.8231,2.8231,2.8203,18395000,0.10%,60265404,18700129404,51930.92,66408192
2012-06-13,2.8231,2.8231,2.8231,2.8231,14391000,0.00%,45874404,18700129404,40627.23,0
2012-06-14,2.8231,2.8231,2.8231,2.8231,15015000,0.00%,30859404,18700129404,42388.85,0
2012-06-15,2.8231,2.8231,2.8231,2.8231,17290000,0.00%,13569404,18700129404,48811.4,0
2012-06-18,2.8231,2.8259,2.8259,2.8231,16952000,0.10%,62476975,18765988975,47904.66,65859570
2012-06-19,2.8259,2.8259,2.8259,2.8259,29666000,0.00%,32810975,18765988975,83833.15,0
2012-06-20,2.8259,2.8259,2.8259,2.8259,14235000,0.00%,18575975,18765988975,40226.69,0
2012-06-21,2.8259,2.8288,2.8288,2.8259,30056000,0.10%,53967248,18831436248,85022.41,65447273
2012-06-22,2.8288,2.8288,2.8288,2.8288,22542000,0.00%,31425248,18831436248,63766.81,0
2012-06-25,2.8288,2.8288,2.8288,2.8288,16978000,0.00%,14447248,18831436248,48027.37,0
2012-06-26,2.8288,2.8316,2.8316,2.8288,24895000,0.10%,54697306,18896581306,70492.68,65145057
2012-06-27,2.8316,2.8316,2.8316,2.8316,21970000,0.00%,32727306,18896581306,62210.25,0
2012-06-28,2.8316,2.8316,2.8316,2.8316,26793000,0.00%,5934306,18896581306,75867.06,0
2012-06-29,2.8316,2.8344,2.8344,2.8316,30199000,0.10%,41063638,18961909638,85596.05,65328332
2012-07-03,2.8344,2.8344,2.8344,2.8344,23400000,0.00%,17663638,18961909638,66324.96,0
2012-07-04,2.8344,2.8373,2.8373,2.8344,18863000,0.10%,63952573,19027061573,53519.99,65151934
2012-07-05,2.8373,2.8373,2.8373,2.8373,9880000,0.00%,54072573,19027061573,28032.52,0
2012-07-06,2.8373,2.8373,2.8373,2.8373,10725000,0.00%,43347573,19027061573,30430.04,0
2012-07-09,2.8373,2.8373,2.8373,2.8373,13351000,0.00%,29996573,19027061573,37880.79,0
2012-07-10,2.8373,2.8373,2.8373,2.8373,9516000,0.00%,20480573,19027061573,26999.75,0
2012-07-11,2.8373,2.8401,2.8401,2.8373,22529000,0.10%,62295671,19091405671,63984.61,64344098
2012-07-12,2.8401,2.8401,2.8401,2.8401,28301000,0.00%,33994671,19091405671,80377.67,0
2012-07-13,2.8401,2.8401,2.8401,2.8401,11882000,0.00%,22112671,19091405671,33746.07,0
2012-07-16,2.8401,2.8401,2.8401,2.8401,15756000,0.00%,6356671,19091405671,44748.62,0
2012-07-17,2.8401,2.8429,2.8429,2.8401,21554000,0.10%,48886519,19155489519,61275.87,64083847
2012-07-18,2.8429,2.8429,2.8429,2.8429,27950000,0.00%,20936519,19155489519,79459.06,0
2012-07-19,2.8429,2.8458,2.8458,2.8429,31577000,0.10%,53788719,19219918719,89861.83,64429200
2012-07-20,2.8458,2.8458,2.8458,2.8458,21099000,0.00%,32689719,19219918719,60043.53,0
2012-07-23,2.8458,2.8458,2.8458,2.8458,22802000,0.00%,9887719,19219918719,64889.93,0
2012-07-24,2.8458,2.8486,2.8486,2.8458,12415000,0.10%,61919527,19284365527,35365.37,64446807
2012-07-25,2.8486,2.8486,2.8486,2.8486,15509000,0.00%,46410527,19284365527,44178.94,0
2012-07-26,2.8486,2.8486,2.8486,2.8486,19630000,0.00%,26780527,19284365527,55918.02,0
2012-07-27,2.8486,2.8486,2.8486,2.8486,25779000,0.00%,1001527,19284365527,73434.06,0
2012-07-30,2.8486,2.8515,2.8515,2.8486,24635000,0.10%,40471837,19348470837,70246.7,64105310
2012-07-31,2.8515,2.8515,2.8515,2.8515,21658000,0.00%,18813837,19348470837,61757.79,0
2012-08-01,2.8515,2.8515,2.8515,2.8515,15522000,0.00%,3291837,19348470837,44260.98,0
2012-08-02,2.8515,2.8543,2.8543,2.8515,12454000,0.10%,54909498,19412542498,35547.45,64071660
2012-08-03,2.8543,2.8543,2.8543,2.8543,12064000,0.00%,42845498,19412542498,34434.28,0
2012-08-06,2.8543,2.8543,2.8543,2.8543,13455000,0.00%,29390498,19412542498,38404.61,0
2012-08-07,2.8543,2.8543,2.8543,2.8543,14911000,0.00%,14479498,19412542498,42560.47,0
2012-08-08,2.8543,2.8572,2.8572,2.8543,19695000,0.10%,58953050,19476711050,56272.55,64168551
2012-08-09,2.8572,2.8572,2.8572,2.8572,20085000,0.00%,38868050,19476711050,57386.86,0
2012-08-10,2.8572,2.86,2.86,2.8572,40027000,0.10%,63409125,19541279125,114477.22,64568074
2012-08-13,2.86,2.86,2.86,2.86,35711000,0.00%,27698125,19541279125,102133.46,0
2012-08-14,2.86,2.86,2.86,2.86,23894000,0.00%,3804125,19541279125,68336.84,0
2012-08-15,2.86,2.8629,2.8629,2.86,37895000,0.10%,30871516,19606241516,108489.6,64962390
2012-08-16,2.8629,2.8658,2.8658,2.8629,86021000,0.10%,10515882,19671906882,246518.98,65665366
2012-08-17,2.8658,2.8686,2.8686,2.8658,37414000,0.10%,39116549,19737921549,107325.8,66014667
2012-08-20,2.8686,2.8686,2.8686,2.8686,19721000,0.00%,19395549,19737921549,56571.66,0
2012-08-21,2.8686,2.8686,2.8686,2.8686,13260000,0.00%,6135549,19737921549,38037.64,0
2012-08-22,2.8686,2.8715,2.8715,2.8686,13780000,0.10%,58375126,19803941126,39569.27,66019577
2012-08-23,2.8715,2.8715,2.8715,2.8715,15925000,0.00%,42450126,19803941126,45728.64,0
2012-08-24,2.8715,2.8715,2.8715,2.8715,12610000,0.00%,29840126,19803941126,36209.61,0
2012-08-27,2.8715,2.8715,2.8715,2.8715,9581000,0.00%,20259126,19803941126,27511.84,0
2012-08-28,2.8715,2.8715,2.8715,2.8715,13572000,0.00%,6687126,19803941126,38972.0,0
2012-08-29,2.8715,2.8744,2.8744,2.8715,13299000,0.10%,58781508,19869334508,38226.65,65393381
2012-08-30,2.8744,2.8744,2.8744,2.8744,20865000,0.00%,37916508,19869334508,59974.36,0
2012-08-31,2.8744,2.8744,2.8744,2.8744,16679000,0.00%,21237508,19869334508,47942.12,0
2012-09-03,2.8744,2.8744,2.8744,2.8744,12909000,0.00%,8328508,19869334508,37105.63,0
2012-09-04,2.8744,2.8772,2.8772,2.8744,12753000,0.10%,60108755,19933867755,36692.93,64533246
2012-09-05,2.8772,2.8772,2.8772,2.8772,17316000,0.00%,42792755,19933867755,49821.6,0
2012-09-06,2.8772,2.8772,2.8772,2.8772,12870000,0.00%,29922755,19933867755,37029.56,0
2012-09-07,2.8772,2.8772,2.8772,2.8772,19916000,0.00%,10006755,19933867755,57302.32,0
2012-09-10,2.8772,2.8801,2.8801,2.8772,18759000,0.10%,55626618,19998246618,54027.8,64378862
2012-09-11,2.8801,2.8801,2.8801,2.8801,23309000,0.00%,32317618,19998246618,67132.25,0
2012-09-12,2.8801,2.8801,2.8801,2.8801,20189000,0.00%,12128618,19998246618,58146.34,0
2012-09-13,2.8801,2.883,2.883,2.8801,16588000,0.10%,59924810,20062630810,47823.2,64384192
2012-09-14,2.883,2.883,2.883,2.883,32396000,0.00%,27528810,20062630810,93397.67,0
2012-09-17,2.883,2.883,2.883,2.883,16549000,0.00%,10979810,20062630810,47710.77,0
2012-09-18,2.883,2.8859,2.8859,2.883,19916000,0.10%,55799235,20127366235,57475.58,64735425
2012-09-19,2.8859,2.8859,2.8859,2.8859,18512000,0.00%,37287235,20127366235,53423.78,0
2012-09-20,2.8859,2.8859,2.8859,2.8859,18889000,0.00%,18398235,20127366235,54511.77,0
2012-09-21,2.8859,2.8859,2.8859,2.8859,17823000,0.00%,575235,20127366235,51435.4,0
2012-09-24,2.8859,2.8888,2.8888,2.8859,14742000,0.10%,50635587,20192168587,42586.69,64802352
2012-09-25,2.8888,2.8888,2.8888,2.8888,11908000,0.00%,38727587,20192168587,34399.83,0
2012-09-26,2.8888,2.8888,2.8888,2.8888,16055000,0.00%,22672587,20192168587,46379.68,0
2012-09-27,2.8888,2.8916,2.8916,2.8888,32760000,0.10%,54870314,20257126314,94728.82,64957727
2012-09-28,2.8916,2.8916,2.8916,2.8916,22074000,0.00%,32796314,20257126314,63829.18,0
2012-10-03,2.8916,2.8916,2.8916,2.8916,18226000,0.00%,14570314,20257126314,52702.3,0
2012-10-04,2.8916,2.8945,2.8945,2.8916,15158000,0.10%,64648184,20322362184,43874.83,65235869
2012-10-05,2.8945,2.8945,2.8945,2.8945,17459000,0.00%,47189184,20322362184,50535.08,0
2012-10-08,2.8945,2.8945,2.8945,2.8945,17108000,0.00%,30081184,20322362184,49519.11,0
2012-10-09,2.8945,2.8945,2.8945,2.8945,15626000,0.00%,14455184,20322362184,45229.46,0
2012-10-10,2.8945,2.8945,2.8945,2.8945,9932000,0.00%,4523184,20322362184,28748.17,0
2012-10-11,2.8945,2.8974,2.8974,2.8945,15444000,0.10%,54317842,20387600842,44747.45,65238657
2012-10-12,2.8974,2.8974,2.8974,2.8974,8476000,0.00%,45841842,20387600842,24558.36,0
2012-10-15,2.8974,2.8974,2.8974,2.8974,9412000,0.00%,36429842,20387600842,27270.33,0
2012-10-16,2.8974,2.8974,2.8974,2.8974,9100000,0.00%,27329842,20387600842,26366.34,0
2012-10-17,2.8974,2.8974,2.8974,2.8974,14573000,0.00%,12756842,20387600842,42223.81,0
2012-10-18,2.8974,2.9003,2.9003,2.8974,16497000,0.10%,61318630,20452659630,47846.25,65058788
2012-10-19,2.9003,2.9003,2.9003,2.9003,14092000,0.00%,47226630,20452659630,40871.03,0
2012-10-22,2.9003,2.9003,2.9003,2.9003,13312000,0.00%,33914630,20452659630,38608.79,0
2012-10-24,2.9003,2.9003,2.9003,2.9003,23517000,0.00%,10397630,20452659630,68206.36,0
2012-10-25,2.9003,2.9032,2.9032,2.9003,24167000,0.10%,50619728,20517048728,70161.63,64389098
2012-10-26,2.9032,2.9032,2.9032,2.9032,20722000,0.00%,29897728,20517048728,60160.11,0
2012-10-29,2.9032,2.9032,2.9032,2.9032,13962000,0.00%,15935728,20517048728,40534.48,0
2012-10-30,2.9032,2.9061,2.9061,2.9032,20007000,0.10%,59273444,20580393444,58142.34,63344715
2012-10-31,2.9061,2.9061,2.9061,2.9061,17550000,0.00%,41723444,20580393444,51002.06,0
2012-11-01,2.9061,2.9061,2.9061,2.9061,17355000,0.00%,24368444,20580393444,50435.37,0
2012-11-02,2.9061,2.9061,2.9061,2.9061,19032000,0.00%,5336444,20580393444,55308.9,0
2012-11-05,2.9061,2.909,2.909,2.9061,16549000,0.10%,51680146,20643286146,48141.04,62892702
2012-11-06,2.909,2.909,2.909,2.909,14859000,0.00%,36821146,20643286146,43224.83,0
2012-11-07,2.909,2.909,2.909,2.909,16120000,0.00%,20701146,20643286146,46893.08,0
2012-11-08,2.909,2.909,2.909,2.909,19565000,0.00%,1136146,20643286146,56914.58,0
2012-11-09,2.909,2.912,2.912,2.909,20995000,0.10%,42633470,20705778470,61137.44,62492323
2012-11-12,2.912,2.912,2.912,2.912,17901000,0.00%,24732470,20705778470,52127.71,0
2012-11-13,2.912,2.912,2.912,2.912,22711000,0.00%,2021470,20705778470,66134.43,0
2012-11-14,2.912,2.9149,2.9149,2.912,19071000,0.10%,45815832,20768643832,55590.06,62865362
2012-11-15,2.9149,2.9178,2.9178,2.9149,73879000,0.10%,35525010,20832232010,215564.15,63588177
2012-11-16,2.9178,2.9207,2.9207,2.9178,57525000,0.10%,42178989,20896410989,168013.27,64178979
2012-11-19,2.9207,2.9207,2.9207,2.9207,35412000,0.00%,6766989,20896410989,103427.83,0
2012-11-20,2.9207,2.9236,2.9236,2.9207,31070000,0.10%,40155362,20960869362,90836.25,64458372
2012-11-21,2.9236,2.9236,2.9236,2.9236,27989000,0.00%,12166362,20960869362,81828.64,0
2012-11-22,2.9236,2.9265,2.9265,2.9236,18902000,0.10%,57978764,21025583764,55316.7,64714402
2012-11-23,2.9265,2.9265,2.9265,2.9265,24271000,0.00%,33707764,21025583764,71029.08,0
2012-11-26,2.9265,2.9265,2.9265,2.9265,21879000,0.00%,11828764,21025583764,64028.89,0
2012-11-27,2.9265,2.9295,2.9295,2.9265,21762000,0.10%,55100642,21090617642,63751.78,65033878
2012-11-28,2.9295,2.9295,2.9295,2.9295,20982000,0.00%,34118642,21090617642,61466.77,0
2012-11-29,2.9295,2.9295,2.9295,2.9295,19448000,0.00%,14670642,21090617642,56972.92,0
2012-11-30,2.9295,2.9324,2.9324,2.9295,26806000,0.10%,53114334,21155867334,78605.91,65249691
2012-12-03,2.9324,2.9324,2.9324,2.9324,34931000,0.00%,18183334,21155867334,102431.66,0
2012-12-04,2.9324,2.9353,2.9353,2.9324,29627000,0.10%,54259937,21221570937,86964.13,65703602
2012-12-05,2.9353,2.9353,2.9353,2.9353,35425000,0.00%,18834937,21221570937,103983.0,0
2012-12-06,2.9353,2.9383,2.9383,2.9353,26013000,0.10%,58801893,21287550893,76434.0,65979956
2012-12-07,2.9383,2.9383,2.9383,2.9383,19084000,0.00%,39717893,21287550893,56074.52,0
2012-12-10,2.9383,2.9383,2.9383,2.9383,16432000,0.00%,23285893,21287550893,48282.15,0
2012-12-11,2.9383,2.9383,2.9383,2.9383,19669000,0.00%,3616893,21287550893,57793.42,0
2012-12-12,2.9383,2.9412,2.9412,2.9383,21320000,0.10%,47599378,21352853378,62706.38,65302485
2012-12-13,2.9412,2.9412,2.9412,2.9412,19058000,0.00%,28541378,21352853378,56053.39,0
2012-12-14,2.9412,2.9412,2.9412,2.9412,14690000,0.00%,13851378,21352853378,43206.23,0
2012-12-17,2.9412,2.9441,2.9441,2.9412,21671000,0.10%,56385792,21417058792,63801.59,64205413
2012-12-18,2.9441,2.9441,2.9441,2.9441,15834000,0.00%,40551792,21417058792,46616.88,0
2012-12-19,2.9441,2.9441,2.9441,2.9441,22880000,0.00%,17671792,21417058792,67361.01,0
2012-12-20,2.9441,2.9471,2.9471,2.9441,21736000,0.10%,59498092,21480621092,64058.17,63562300
2012-12-21,2.9471,2.9471,2.9471,2.9471,18564000,0.00%,40934092,21480621092,54709.96,0
2012-12-24,2.9471,2.9471,2.9471,2.9471,6227000,0.00%,34707092,21480621092,18351.59,0
2012-12-27,2.9471,2.9471,2.9471,2.9471,18070000,0.00%,16637092,21480621092,53254.1,0
2012-12-28,2.9471,2.9471,2.9471,2.9471,14456000,0.00%,2181092,21480621092,42603.28,0
2012-12-31,2.9471,2.95,2.95,2.9471,8567000,0.10%,57021011,21544028011,25272.65,63406918
2013-01-02,2.95,2.95,2.95,2.95,37366000,0.00%,19655011,21544028011,110229.7,0
2013-01-03,2.95,2.953,2.953,2.95,31541999,0.10%,51988195,21607903195,93143.53,63875184
2013-01-04,2.953,2.953,2.953,2.953,18424000,0.00%,33564195,21607903195,54406.07,0
2013-01-07,2.953,2.953,2.953,2.953,27692000,0.00%,5872195,21607903195,81774.48,0
2013-01-08,2.953,2.9559,2.9559,2.953,20790000,0.10%,49325796,21672146796,61453.16,64243600
2013-01-09,2.9559,2.9559,2.9559,2.9559,23744000,0.00%,25581796,21672146796,70184.89,0
2013-01-10,2.9559,2.9559,2.9559,2.9559,21742000,0.00%,3839796,21672146796,64267.18,0
2013-01-11,2.9559,2.9589,2.9589,2.9559,21546000,0.10%,46873108,21736726108,63752.46,64579312
2013-01-14,2.9589,2.9589,2.9589,2.9589,29637999,0.00%,17235108,21736726108,87695.88,0
2013-01-15,2.9589,2.9619,2.9619,2.9589,23982000,0.10%,57900406,21801373406,71032.29,64647297
2013-01-16,2.9619,2.9619,2.9619,2.9619,51156000,0.00%,6744406,21801373406,151518.96,0
2013-01-17,2.9619,2.9648,2.9648,2.9619,55720000,0.10%,16494830,21866843830,165198.66,65470424
2013-01-18,2.9648,2.9678,2.9678,2.9648,34958000,0.10%,47396591,21932703591,103748.35,65859761
2013-01-21,2.9678,2.9678,2.9678,2.9678,28448000,0.00%,18948591,21932703591,84427.97,0
2013-01-22,2.9678,2.9678,2.9678,2.9678,17360000,0.00%,1588591,21932703591,51521.01,0
2013-01-23,2.9678,2.9707,2.9707,2.9678,22890000,0.10%,44742295,21998747295,67999.32,66043703
2013-01-24,2.9707,2.9707,2.9707,2.9707,20258000,0.00%,24484295,21998747295,60180.44,0
2013-01-25,2.9707,2.9737,2.9737,2.9707,36134000,0.10%,54124743,22064521743,107451.68,65774448
2013-01-28,2.9737,2.9737,2.9737,2.9737,21028000,0.00%,33096743,22064521743,62530.96,0
2013-01-29,2.9737,2.9737,2.9737,2.9737,18452000,0.00%,14644743,22064521743,54870.71,0
2013-01-30,2.9737,2.9767,2.9767,2.9737,22554000,0.10%,57475662,22129906662,67136.49,65384918
2013-01-31,2.9767,2.9767,2.9767,2.9767,20692000,0.00%,36783662,22129906662,61593.88,0
2013-02-01,2.9767,2.9767,2.9767,2.9767,11942000,0.00%,24841662,22129906662,35547.75,0
2013-02-04,2.9767,2.9767,2.9767,2.9767,14420000,0.00%,10421662,22129906662,42924.01,0
2013-02-05,2.9767,2.9797,2.9797,2.9767,18606000,0.10%,57102441,22195193441,55440.3,65286779
2013-02-06,2.9797,2.9797,2.9797,2.9797,13286000,0.00%,43816441,22195193441,39588.29,0
2013-02-07,2.9797,2.9797,2.9797,2.9797,20524000,0.00%,23292441,22195193441,61155.36,0
2013-02-08,2.9797,2.9797,2.9797,2.9797,23268000,0.00%,24441,22195193441,69331.66,0
2013-02-14,2.9797,2.9826,2.9826,2.9797,16435999,0.10%,48839971,22260444971,49022.01,65251529
2013-02-15,2.9826,2.9826,2.9826,2.9826,18718000,0.00%,30121971,22260444971,55828.31,0
2013-02-18,2.9826,2.9826,2.9826,2.9826,16884000,0.00%,13237971,22260444971,50358.22,0
2013-02-19,2.9826,2.9856,2.9856,2.9826,28392000,0.10%,49807386,22325406386,84767.16,64961415
2013-02-20,2.9856,2.9856,2.9856,2.9856,24976000,0.00%,24831386,22325406386,74568.35,0
2013-02-21,2.9856,2.9886,2.9886,2.9856,26810000,0.10%,62977111,22390362111,80124.37,64955724
2013-02-22,2.9886,2.9886,2.9886,2.9886,42980000,0.00%,19997111,22390362111,128450.03,0
2013-02-25,2.9886,2.9886,2.9886,2.9886,16477999,0.00%,3519111,22390362111,49246.15,0
2013-02-26,2.9886,2.9916,2.9916,2.9886,24850000,0.10%,44084138,22455777138,74341.26,65415026
2013-02-27,2.9916,2.9916,2.9916,2.9916,24360000,0.00%,19724138,22455777138,72875.38,0
2013-02-28,2.9916,2.9946,2.9946,2.9916,29595999,0.10%,55933858,22521582858,88628.18,65805720
2013-03-01,2.9946,2.9946,2.9946,2.9946,22344000,0.00%,33589858,22521582858,66911.34,0
2013-03-04,2.9946,2.9976,2.9976,2.9946,37254000,0.10%,62583012,22587830012,111672.59,66247154
2013-03-05,2.9976,2.9976,2.9976,2.9976,32731999,0.00%,29851012,22587830012,98117.44,0
2013-03-06,2.9976,3.0006,3.0006,2.9976,45794000,0.10%,50800349,22654573349,137409.48,66743336
2013-03-07,3.0006,3.0006,3.0006,3.0006,21378000,0.00%,29422349,22654573349,64146.83,0
2013-03-08,3.0006,3.0036,3.0036,3.0006,33628000,0.10%,62800293,22721579293,101005.06,67005944
2013-03-11,3.0036,3.0036,3.0036,3.0036,23716000,0.00%,39084293,22721579293,71233.38,0
2013-03-12,3.0036,3.0036,3.0036,3.0036,20664000,0.00%,18420293,22721579293,62066.39,0
2013-03-13,3.0036,3.0066,3.0066,3.0036,27342000,0.10%,58565134,22789066134,82206.46,67486841
2013-03-14,3.0066,3.0066,3.0066,3.0066,40740000,0.00%,17825134,22789066134,122488.88,0
2013-03-15,3.0066,3.0126,3.0126,3.0066,122709999,0.20%,33479075,22927430075,369676.15,138363940
2013-03-18,3.0126,3.0156,3.0156,3.0126,63741999,0.10%,39827686,22997520686,192220.38,70090610
2013-03-19,3.0156,3.0186,3.0186,3.0156,57288000,0.10%,53356181,23068337181,172929.56,70816494
2013-03-20,3.0186,3.0186,3.0186,3.0186,44240000,0.00%,9116181,23068337181,133542.86,0
2013-03-21,3.0186,3.0247,3.0247,3.0186,120231999,0.20%,33945310,23213398310,363665.73,145061128
2013-03-22,3.0247,3.0277,3.0277,3.0247,86576000,0.10%,20982189,23287011189,262126.16,73612879
2013-03-25,3.0277,3.0307,3.0307,3.0277,70056000,0.10%,25252810,23361337810,212318.72,74326620
2013-03-26,3.0307,3.0338,3.0338,3.0307,52752000,0.10%,47381995,23436218995,160039.02,74881185
2013-03-27,3.0338,3.0338,3.0338,3.0338,39928000,0.00%,7453995,23436218995,121133.57,0
2013-03-28,3.0338,3.0368,3.0368,3.0338,38038000,0.10%,44750848,23511553848,115513.8,75334853
2013-04-02,3.0368,3.0368,3.0368,3.0368,41020000,0.00%,3730848,23511553848,124569.54,0
2013-04-03,3.0368,3.0398,3.0398,3.0368,30561999,0.10%,48687864,23587072864,92902.37,75519015
2013-04-05,3.0398,3.0398,3.0398,3.0398,34888000,0.00%,13799864,23587072864,106052.54,0
2013-04-08,3.0398,3.0429,3.0429,3.0398,30687999,0.10%,59070366,23663031366,93380.52,75958502
2013-04-09,3.0429,3.0429,3.0429,3.0429,36820000,0.00%,22250366,23663031366,112039.58,0
2013-04-10,3.0429,3.0459,3.0459,3.0429,28700000,0.10%,69662267,23739143267,87417.33,76111901
2013-04-11,3.0459,3.0459,3.0459,3.0459,33025999,0.00%,36636267,23739143267,100593.89,0
2013-04-12,3.0459,3.0459,3.0459,3.0459,30981999,0.00%,5654267,23739143267,94368.07,0
2013-04-15,3.0459,3.049,3.049,3.0459,18746000,0.10%,63280160,23815515160,57156.55,76371892
2013-04-16,3.049,3.049,3.049,3.049,32311999,0.00%,30968160,23815515160,98519.29,0
2013-04-17,3.049,3.052,3.052,3.049,49742000,0.10%,58115454,23892404454,151812.58,76889294
2013-04-18,3.052,3.052,3.052,3.052,21868000,0.00%,36247454,23892404454,66741.14,0
2013-04-19,3.052,3.052,3.052,3.052,33445999,0.00%,2801454,23892404454,102077.19,0
2013-04-22,3.052,3.0551,3.0551,3.052,21560000,0.10%,57970711,23969133711,65867.96,76729256
2013-04-23,3.0551,3.0551,3.0551,3.0551,16771999,0.00%,41198711,23969133711,51240.14,0
2013-04-24,3.0551,3.0551,3.0551,3.0551,21980000,0.00%,19218711,23969133711,67151.1,0
2013-04-25,3.0551,3.0581,3.0581,3.0551,24318000,0.10%,71697934,24045930934,74366.88,76797223
2013-04-26,3.0581,3.0581,3.0581,3.0581,23702000,0.00%,47995934,24045930934,72483.09,0
2013-04-29,3.0581,3.0581,3.0581,3.0581,23926000,0.00%,24069934,24045930934,73168.1,0
2013-04-30,3.0581,3.0612,3.0612,3.0581,34580000,0.10%,66582960,24123023960,105856.3,77093025
2013-05-02,3.0612,3.0612,3.0612,3.0612,48020000,0.00%,18562960,24123023960,146998.82,0
2013-05-03,3.0612,3.0642,3.0642,3.0612,27888000,0.10%,68498716,24200847716,85454.41,77823755
2013-05-06,3.0642,3.0642,3.0642,3.0642,16954000,0.00%,51544716,24200847716,51950.45,0
2013-05-07,3.0642,3.0642,3.0642,3.0642,9954000,0.00%,41590716,24200847716,30501.05,0
2013-05-08,3.0642,3.0642,3.0642,3.0642,11984000,0.00%,29606716,24200847716,36721.37,0
2013-05-09,3.0642,3.0642,3.0642,3.0642,11578000,0.00%,18028716,24200847716,35477.31,0
2013-05-10,3.0642,3.0642,3.0642,3.0642,11998000,0.00%,6030716,24200847716,36764.27,0
2013-05-13,3.0642,3.0673,3.0673,3.0642,17976000,0.10%,65063633,24277856633,55137.78,77008916
2013-05-14,3.0673,3.0673,3.0673,3.0673,21518000,0.00%,43545633,24277856633,66002.16,0
2013-05-15,3.0673,3.0673,3.0673,3.0673,20286000,0.00%,23259633,24277856633,62223.25,0
2013-05-16,3.0673,3.0704,3.0704,3.0673,89138000,0.10%,12099661,24355834661,273689.32,77978028
2013-05-20,3.0704,3.0734,3.0734,3.0704,87416000,0.10%,3526123,24434677123,268664.33,78842461
2013-05-21,3.0734,3.0765,3.0765,3.0734,46619999,0.10%,36161694,24513932694,143426.43,79255570
2013-05-22,3.0765,3.0765,3.0765,3.0765,22106000,0.00%,14055694,24513932694,68009.11,0
2013-05-23,3.0765,3.0796,3.0796,3.0765,38206000,0.10%,55470337,24593553337,117659.2,79620642
2013-05-24,3.0796,3.0796,3.0796,3.0796,31541999,0.00%,23928337,24593553337,97136.74,0
2013-05-27,3.0796,3.0796,3.0796,3.0796,15805999,0.00%,8122337,24593553337,48676.16,0
2013-05-28,3.0796,3.0827,3.0827,3.0796,19460000,0.10%,68723792,24673614792,59989.34,80061455
2013-05-29,3.0827,3.0827,3.0827,3.0827,28336000,0.00%,40387792,24673614792,87351.39,0
2013-05-30,3.0827,3.0827,3.0827,3.0827,25396000,0.00%,14991792,24673614792,78288.25,0
2013-05-31,3.0827,3.0857,3.0857,3.0827,27580000,0.10%,68055441,24754258441,85103.61,80643648
2013-06-03,3.0857,3.0857,3.0857,3.0857,24556000,0.00%,43499441,24754258441,75772.45,0
2013-06-04,3.0857,3.0857,3.0857,3.0857,20510000,0.00%,22989441,24754258441,63287.71,0
2013-06-05,3.0857,3.0857,3.0857,3.0857,17234000,0.00%,5755441,24754258441,53178.95,0
2013-06-06,3.0857,3.0888,3.0888,3.0857,24290000,0.10%,61258372,24834051372,75026.95,79792931
2013-06-07,3.0888,3.0888,3.0888,3.0888,23030000,0.00%,38228372,24834051372,71135.06,0
2013-06-10,3.0888,3.0888,3.0888,3.0888,26754000,0.00%,11474372,24834051372,82637.76,0
2013-06-11,3.0888,3.0919,3.0919,3.0888,24528000,0.10%,66526683,24913631683,75838.12,79580311
2013-06-13,3.0919,3.0919,3.0919,3.0919,47810000,0.00%,18716683,24913631683,147823.74,0
2013-06-14,3.0919,3.095,3.095,3.0919,20748000,0.10%,77834977,24993497977,64215.06,79866294
2013-06-17,3.095,3.095,3.095,3.095,22890000,0.00%,54944977,24993497977,70844.55,0
2013-06-18,3.095,3.095,3.095,3.095,22792000,0.00%,32152977,24993497977,70541.24,0
2013-06-19,3.095,3.0981,3.0981,3.095,32465999,0.10%,80112914,25073923914,100582.91,80425936
2013-06-20,3.0981,3.0981,3.0981,3.0981,43484000,0.00%,36628914,25073923914,134717.78,0
2013-06-21,3.0981,3.1012,3.1012,3.0981,61543999,0.10%,56314926,25155153926,190860.25,81230011
2013-06-24,3.1012,3.1012,3.1012,3.1012,39410000,0.00%,16904926,25155153926,122218.29,0
2013-06-25,3.1012,3.1043,3.1043,3.1012,47992000,0.10%,50827661,25237068661,148981.57,81914735
2013-06-26,3.1043,3.1043,3.1043,3.1043,36078000,0.00%,14749661,25237068661,111996.94,0
2013-06-27,3.1043,3.1074,3.1074,3.1043,35910000,0.10%,61328610,25319557610,111586.73,82488948
2013-06-28,3.1074,3.1074,3.1074,3.1074,35546000,0.00%,25782610,25319557610,110455.64,0
2013-07-02,3.1074,3.1105,3.1105,3.1074,28546000,0.10%,80137863,25402458863,88792.33,82901253
2013-07-03,3.1105,3.1105,3.1105,3.1105,33403999,0.00%,46733863,25402458863,103903.14,0
2013-07-04,3.1105,3.1105,3.1105,3.1105,20440000,0.00%,26293863,25402458863,63578.62,0
2013-07-05,3.1105,3.1105,3.1105,3.1105,16982000,0.00%,9311863,25402458863,52822.51,0
2013-07-08,3.1105,3.1136,3.1136,3.1105,27230000,0.10%,65188421,25485565421,84783.33,83106557
2013-07-09,3.1136,3.1136,3.1136,3.1136,19348000,0.00%,45840421,25485565421,60241.93,0
2013-07-10,3.1136,3.1136,3.1136,3.1136,21252000,0.00%,24588421,25485565421,66170.23,0
2013-07-11,3.1136,3.1136,3.1136,3.1136,22008000,0.00%,2580421,25485565421,68524.11,0
2013-07-12,3.1136,3.1167,3.1167,3.1136,13132000,0.10%,72709410,25568826410,40928.5,83260988
2013-07-15,3.1167,3.1167,3.1167,3.1167,36764000,0.00%,35945410,25568826410,114582.36,0
2013-07-16,3.1167,3.1199,3.1199,3.1167,41300000,0.10%,78243064,25652424064,128851.87,83597654
2013-07-17,3.1199,3.1199,3.1199,3.1199,33193999,0.00%,45049064,25652424064,103561.96,0
2013-07-18,3.1199,3.1199,3.1199,3.1199,22526000,0.00%,22523064,25652424064,70278.87,0
2013-07-19,3.1199,3.123,3.123,3.1199,35098000,0.10%,71422358,25736421358,109611.05,83997293
2013-07-22,3.123,3.123,3.123,3.123,20762000,0.00%,50660358,25736421358,64839.73,0
2013-07-23,3.123,3.123,3.123,3.123,24542000,0.00%,26118358,25736421358,76644.67,0
2013-07-24,3.123,3.123,3.123,3.123,17458000,0.00%,8660358,25736421358,54521.33,0
2013-07-25,3.123,3.1261,3.1261,3.123,22609999,0.10%,70197470,25820568470,70681.12,84147112
2013-07-26,3.1261,3.1261,3.1261,3.1261,43890000,0.00%,26307470,25820568470,137204.53,0
2013-07-29,3.1261,3.1292,3.1292,3.1261,34622000,0.10%,76182268,25905065268,108339.16,84496797
2013-07-30,3.1292,3.1292,3.1292,3.1292,46312000,0.00%,29870268,25905065268,144919.51,0
2013-07-31,3.1292,3.1324,3.1324,3.1292,49826000,0.10%,65030527,25990051527,156074.96,84986258
2013-08-01,3.1324,3.1324,3.1324,3.1324,31163999,0.00%,33866527,25990051527,97618.11,0
2013-08-02,3.1324,3.1324,3.1324,3.1324,23660000,0.00%,10206527,25990051527,74112.58,0
2013-08-05,3.1324,3.1355,3.1355,3.1324,28056000,0.10%,66965036,26074866036,87969.59,84814508
2013-08-06,3.1355,3.1355,3.1355,3.1355,27608000,0.00%,39357036,26074866036,86564.88,0
2013-08-07,3.1355,3.1355,3.1355,3.1355,34188000,0.00%,5169036,26074866036,107196.47,0
2013-08-08,3.1355,3.1386,3.1386,3.1355,28182000,0.10%,61638327,26159517327,88452.03,84651290
2013-08-09,3.1386,3.1386,3.1386,3.1386,16281999,0.00%,45356327,26159517327,51102.69,0
2013-08-12,3.1386,3.1386,3.1386,3.1386,22624000,0.00%,22732327,26159517327,71007.69,0
2013-08-13,3.1386,3.1386,3.1386,3.1386,21406000,0.00%,1326327,26159517327,67184.87,0
2013-08-15,3.1386,3.1418,3.1418,3.1386,82950000,0.10%,3472276,26244613276,260612.31,85095949
2013-08-16,3.1418,3.1449,3.1449,3.1418,34118000,0.10%,54826730,26330085730,107297.7,85472453
2013-08-19,3.1449,3.1449,3.1449,3.1449,15343999,0.00%,39482730,26330085730,48255.35,0
2013-08-20,3.1449,3.1449,3.1449,3.1449,31373999,0.00%,8108730,26330085730,98668.09,0
2013-08-21,3.1449,3.1481,3.1481,3.1449,25074000,0.10%,68648230,26415699230,78935.46,85613499
2013-08-22,3.1481,3.1481,3.1481,3.1481,31499999,0.00%,37148230,26415699230,99165.15,0
2013-08-23,3.1481,3.1481,3.1481,3.1481,23407999,0.00%,13740230,26415699230,73690.72,0
2013-08-26,3.1481,3.1512,3.1512,3.1481,14909999,0.10%,84729016,26501598016,46984.39,85898785
2013-08-27,3.1512,3.1512,3.1512,3.1512,20104000,0.00%,64625016,26501598016,63351.72,0
2013-08-28,3.1512,3.1512,3.1512,3.1512,19194000,0.00%,45431016,26501598016,60484.13,0
2013-08-29,3.1512,3.1512,3.1512,3.1512,17360000,0.00%,28071016,26501598016,54704.83,0
2013-08-30,3.1512,3.1512,3.1512,3.1512,16687999,0.00%,11383016,26501598016,52587.23,0
2013-09-02,3.1512,3.1544,3.1544,3.1512,28112000,0.10%,69459322,26587786322,88676.49,86188306
2013-09-03,3.1544,3.1544,3.1544,3.1544,27090000,0.00%,42369322,26587786322,85452.7,0
2013-09-04,3.1544,3.1544,3.1544,3.1544,24920000,0.00%,17449322,26587786322,78607.65,0
2013-09-05,3.1544,3.1575,3.1575,3.1544,32297999,0.10%,71928138,26674563138,101980.93,86776815
2013-09-06,3.1575,3.1575,3.1575,3.1575,25354000,0.00%,46574138,26674563138,80055.26,0
2013-09-09,3.1575,3.1575,3.1575,3.1575,20510000,0.00%,26064138,26674563138,64760.33,0
2013-09-10,3.1575,3.1575,3.1575,3.1575,25634000,0.00%,430138,26674563138,80939.35,0
2013-09-11,3.1575,3.1607,3.1607,3.1575,27244000,0.10%,60199708,26761576708,86110.11,87013570
2013-09-12,3.1607,3.1607,3.1607,3.1607,28182000,0.00%,32017708,26761576708,89074.85,0
2013-09-13,3.1607,3.1607,3.1607,3.1607,24080000,0.00%,7937708,26761576708,76109.66,0
2013-09-16,3.1607,3.1638,3.1638,3.1607,26180000,0.10%,69140120,26848959120,82828.28,87382411
2013-09-17,3.1638,3.1638,3.1638,3.1638,34034000,0.00%,35106120,26848959120,107676.77,0
2013-09-18,3.1638,3.167,3.167,3.1638,45234000,0.10%,77704565,26936791565,143256.08,87832444
2013-09-19,3.167,3.167,3.167,3.167,45626000,0.00%,32078565,26936791565,144497.54,0
2013-09-23,3.167,3.167,3.167,3.167,25438000,0.00%,6640565,26936791565,80562.15,0
2013-09-24,3.167,3.1702,3.1702,3.167,29497999,0.10%,65703509,27025352509,93514.56,88560944
2013-09-25,3.1702,3.1702,3.1702,3.1702,18844000,0.00%,46859509,27025352509,59739.25,0
2013-09-26,3.1702,3.1702,3.1702,3.1702,18746000,0.00%,28113509,27025352509,59428.57,0
2013-09-27,3.1702,3.1702,3.1702,3.1702,23226000,0.00%,4887509,27025352509,73631.07,0
2013-09-30,3.1702,3.1733,3.1733,3.1702,25830000,0.10%,68150512,27114445512,81966.34,89093002
2013-10-02,3.1733,3.1733,3.1733,3.1733,25732000,0.00%,42418512,27114445512,81655.36,0
2013-10-03,3.1733,3.1733,3.1733,3.1733,16029999,0.00%,26388512,27114445512,50868.0,0
2013-10-04,3.1733,3.1733,3.1733,3.1733,17304000,0.00%,9084512,27114445512,54910.78,0
2013-10-07,3.1733,3.1765,3.1765,3.1733,14196000,0.10%,84137092,27203694092,45093.59,89248579
2013-10-08,3.1765,3.1765,3.1765,3.1765,24248000,0.00%,59889092,27203694092,77023.77,0
2013-10-09,3.1765,3.1765,3.1765,3.1765,36050000,0.00%,23839092,27203694092,114512.82,0
2013-10-10,3.1765,3.1797,3.1797,3.1765,26460000,0.10%,86896409,27293211409,84134.86,89517317
2013-10-11,3.1797,3.1797,3.1797,3.1797,23198000,0.00%,63698409,27293211409,73762.68,0
2013-10-15,3.1797,3.1797,3.1797,3.1797,23772000,0.00%,39926409,27293211409,75587.83,0
2013-10-16,3.1797,3.1797,3.1797,3.1797,12684000,0.00%,27242409,27293211409,40331.31,0
2013-10-17,3.1797,3.1797,3.1797,3.1797,11340000,0.00%,15902409,27293211409,36057.8,0
2013-10-18,3.1797,3.1829,3.1829,3.1797,22946000,0.10%,82652653,27382907653,73034.82,89696243
2013-10-21,3.1829,3.1829,3.1829,3.1829,34594000,0.00%,48058653,27382907653,110109.24,0
2013-10-22,3.1829,3.1829,3.1829,3.1829,27664000,0.00%,20394653,27382907653,88051.75,0
2013-10-23,3.1829,3.186,3.186,3.1829,21616000,0.10%,88917856,27473046856,68868.58,90139202
2013-10-24,3.186,3.186,3.186,3.186,24626000,0.00%,64291856,27473046856,78458.44,0
2013-10-25,3.186,3.186,3.186,3.186,19068000,0.00%,45223856,27473046856,60750.65,0
2013-10-28,3.186,3.186,3.186,3.186,19488000,0.00%,25735856,27473046856,62088.77,0
2013-10-29,3.186,3.1892,3.1892,3.186,46619999,0.10%,70075280,27564006280,148680.5,90959423
2013-10-30,3.1892,3.1892,3.1892,3.1892,24808000,0.00%,45267280,27564006280,79117.67,0
2013-10-31,3.1892,3.1892,3.1892,3.1892,21742000,0.00%,23525280,27564006280,69339.59,0
2013-11-01,3.1892,3.1892,3.1892,3.1892,17542000,0.00%,5983280,27564006280,55944.95,0
2013-11-04,3.1892,3.1924,3.1924,3.1892,24346000,0.10%,72497000,27654866000,77722.17,90859719
2013-11-05,3.1924,3.1924,3.1924,3.1924,32535999,0.00%,39961000,27654866000,103867.93,0
2013-11-06,3.1924,3.1924,3.1924,3.1924,16099999,0.00%,23861000,27654866000,51397.64,0
2013-11-07,3.1924,3.1924,3.1924,3.1924,20538000,0.00%,3323000,27654866000,65565.51,0
2013-11-08,3.1924,3.1956,3.1956,3.1924,32325999,0.10%,61142887,27745011887,103300.97,90145887
2013-11-11,3.1956,3.1956,3.1956,3.1956,27762000,0.00%,33380887,27745011887,88716.25,0
2013-11-12,3.1956,3.1956,3.1956,3.1956,29330000,0.00%,4050887,27745011887,93726.95,0
2013-11-13,3.1956,3.1988,3.1988,3.1956,50904000,0.10%,44174657,27836039657,162831.72,91027769
2013-11-14,3.1988,3.202,3.202,3.1988,68810000,0.10%,67176976,27927851976,220329.62,91812318
2013-11-15,3.202,3.202,3.202,3.202,33543999,0.00%,33632976,27927851976,107407.89,0
2013-11-18,3.202,3.2052,3.2052,3.202,47726000,0.10%,78567035,28020512035,152971.38,92660058
2013-11-19,3.2052,3.2052,3.2052,3.2052,27748000,0.00%,50819035,28020512035,88937.89,0
2013-11-20,3.2052,3.2052,3.2052,3.2052,29371999,0.00%,21447035,28020512035,94143.13,0
2013-11-21,3.2052,3.2084,3.2084,3.2052,21518000,0.10%,93120898,28113703898,69038.35,93191863
2013-11-22,3.2084,3.2084,3.2084,3.2084,18900000,0.00%,74220898,28113703898,60638.76,0
2013-11-25,3.2084,3.2084,3.2084,3.2084,44842000,0.00%,29378898,28113703898,143871.07,0
2013-11-26,3.2084,3.2084,3.2084,3.2084,25970000,0.00%,3408898,28113703898,83322.15,0
2013-11-27,3.2084,3.2116,3.2116,3.2084,36652000,0.10%,60873414,28207820414,117711.56,94116516
2013-11-28,3.2116,3.2116,3.2116,3.2116,31989999,0.00%,28883414,28207820414,102739.08,0
2013-11-29,3.2116,3.2116,3.2116,3.2116,20636000,0.00%,8247414,28207820414,66274.58,0
2013-12-02,3.2116,3.2148,3.2148,3.2116,19824000,0.10%,82951517,28302348517,63730.2,94528102
2013-12-03,3.2148,3.2148,3.2148,3.2148,22526000,0.00%,60425517,28302348517,72416.58,0
2013-12-04,3.2148,3.2148,3.2148,3.2148,24570000,0.00%,35855517,28302348517,78987.64,0
2013-12-05,3.2148,3.2148,3.2148,3.2148,24710000,0.00%,11145517,28302348517,79437.71,0
2013-12-06,3.2148,3.218,3.218,3.2148,37590000,0.10%,68450005,28397243005,120964.62,94894487
2013-12-09,3.218,3.218,3.218,3.218,26096000,0.00%,42354005,28397243005,83976.93,0
2013-12-10,3.218,3.218,3.218,3.218,16729999,0.00%,25624005,28397243005,53837.14,0
2013-12-11,3.218,3.2213,3.2213,3.218,38066000,0.10%,82918337,28492603337,122622.01,95360332
2013-12-12,3.2213,3.2213,3.2213,3.2213,22735999,0.00%,60182337,28492603337,73239.48,0
2013-12-13,3.2213,3.2213,3.2213,3.2213,24010000,0.00%,36172337,28492603337,77343.41,0
2013-12-16,3.2213,3.2213,3.2213,3.2213,19292000,0.00%,16880337,28492603337,62145.32,0
2013-12-17,3.2213,3.2245,3.2245,3.2213,22022000,0.10%,90669427,28588414427,71009.94,95811090
2013-12-18,3.2245,3.2245,3.2245,3.2245,20734000,0.00%,69935427,28588414427,66856.78,0
2013-12-19,3.2245,3.2245,3.2245,3.2245,22106000,0.00%,47829427,28588414427,71280.8,0
2013-12-20,3.2245,3.2245,3.2245,3.2245,31247999,0.00%,16581427,28588414427,100759.18,0
2013-12-23,3.2245,3.2277,3.2277,3.2245,20566000,0.10%,92062408,28684461408,66380.88,96046981
2013-12-24,3.2277,3.2277,3.2277,3.2277,16015999,0.00%,76046408,28684461408,51694.84,0
2013-12-27,3.2277,3.2277,3.2277,3.2277,24556000,0.00%,51490408,28684461408,79259.4,0
2013-12-30,3.2277,3.2277,3.2277,3.2277,27160000,0.00%,24330408,28684461408,87664.33,0
2013-12-31,3.2277,3.2277,3.2277,3.2277,20748000,0.00%,3582408,28684461408,66968.32,0
2014-01-02,3.2277,3.2309,3.2309,3.2277,24150000,0.10%,76071458,28781100458,78026.24,96639049
2014-01-03,3.2309,3.2309,3.2309,3.2309,27900000,0.00%,48171458,28781100458,90142.11,0
2014-01-06,3.2309,3.2309,3.2309,3.2309,30570000,0.00%,17601458,28781100458,98768.61,0
2014-01-07,3.2309,3.2342,3.2342,3.2309,22530000,0.10%,92415077,28878444077,72866.53,97343618
2014-01-08,3.2342,3.2342,3.2342,3.2342,28305000,0.00%,64110077,28878444077,91544.03,0
2014-01-09,3.2342,3.2342,3.2342,3.2342,33720000,0.00%,30390077,28878444077,109057.22,0
2014-01-10,3.2342,3.2342,3.2342,3.2342,27645000,0.00%,2745077,28878444077,89409.46,0
2014-01-13,3.2342,3.2374,3.2374,3.2342,19995000,0.10%,80880698,28976574698,64731.81,98130621
2014-01-14,3.2374,3.2374,3.2374,3.2374,20310000,0.00%,60570698,28976574698,65751.59,0
2014-01-15,3.2374,3.2374,3.2374,3.2374,29850000,0.00%,30720698,28976574698,96636.39,0
2014-01-16,3.2374,3.2406,3.2406,3.2374,39435000,0.10%,89897258,29075186258,127793.06,98611560
2014-01-17,3.2406,3.2406,3.2406,3.2406,50610000,0.00%,39287258,29075186258,164006.77,0
2014-01-20,3.2406,3.2406,3.2406,3.2406,35460000,0.00%,3827258,29075186258,114911.68,0
2014-01-21,3.2406,3.2439,3.2439,3.2406,30180000,0.10%,73108679,29174647679,97900.9,99461420
2014-01-22,3.2439,3.2439,3.2439,3.2439,42015000,0.00%,31093679,29174647679,136292.46,0
2014-01-23,3.2439,3.2439,3.2439,3.2439,31005000,0.00%,88679,29174647679,100577.12,0
2014-01-24,3.2439,3.2471,3.2471,3.2439,61920000,0.10%,38692843,29275171843,201060.43,100524164
2014-01-27,3.2471,3.2504,3.2504,3.2471,65535000,0.10%,74374959,29376388959,213014.96,101217116
2014-01-28,3.2504,3.2504,3.2504,3.2504,67605000,0.00%,6769959,29376388959,219743.29,0
2014-01-29,3.2504,3.2536,3.2536,3.2504,88275000,0.10%,21258008,29479152008,287211.54,102763048
2014-01-30,3.2536,3.2569,3.2569,3.2536,60975000,0.10%,63632724,29582501724,198589.48,103349715
2014-02-04,3.2569,3.2601,3.2601,3.2569,73065000,0.10%,94621901,29686555901,238199.21,104054177
2014-02-05,3.2601,3.2601,3.2601,3.2601,51105000,0.00%,43516901,29686555901,166607.41,0
2014-02-06,3.2601,3.2634,3.2634,3.2601,44460000,0.10%,103843771,29791342771,145090.76,104786870
2014-02-07,3.2634,3.2634,3.2634,3.2634,51135000,0.00%,52708771,29791342771,166873.96,0
2014-02-10,3.2634,3.2634,3.2634,3.2634,49155000,0.00%,3553771,29791342771,160412.43,0
2014-02-11,3.2634,3.2667,3.2667,3.2634,37740000,0.10%,70564092,29896093092,123285.26,104750321
2014-02-12,3.2667,3.2667,3.2667,3.2667,41295000,0.00%,29269092,29896093092,134898.38,0
2014-02-13,3.2667,3.2699,3.2699,3.2667,39495000,0.10%,94797307,30001116307,129144.7,105023214
2014-02-14,3.2699,3.2699,3.2699,3.2699,42555000,0.00%,52242307,30001116307,139150.59,0
2014-02-17,3.2699,3.2699,3.2699,3.2699,48420000,0.00%,3822307,30001116307,158328.56,0
2014-02-18,3.2699,3.2732,3.2732,3.2699,44400000,0.10%,65287118,30106981118,145330.08,105864810
2014-02-19,3.2732,3.2732,3.2732,3.2732,37035000,0.00%,28252118,30106981118,121222.96,0
2014-02-20,3.2732,3.2765,3.2765,3.2732,64125000,0.10%,70751082,30213605082,210105.56,106623964
2014-02-21,3.2765,3.2765,3.2765,3.2765,45060000,0.00%,25691082,30213605082,147639.09,0
2014-02-24,3.2765,3.2765,3.2765,3.2765,23790000,0.00%,1901082,30213605082,77947.93,0
2014-02-25,3.2765,3.2797,3.2797,3.2765,38970000,0.10%,70116161,30320790161,127809.91,107185078
2014-02-26,3.2797,3.2797,3.2797,3.2797,37530000,0.00%,32586161,30320790161,123087.14,0
2014-02-27,3.2797,3.283,3.283,3.2797,71820000,0.10%,68557927,30428581927,235785.06,107791766
2014-02-28,3.283,3.283,3.283,3.283,47490000,0.00%,21067927,30428581927,155909.67,0
2014-03-03,3.283,3.2863,3.2863,3.283,50655000,0.10%,78716115,30536885115,166467.53,108303187
2014-03-04,3.2863,3.2863,3.2863,3.2863,41115000,0.00%,37601115,30536885115,135116.22,0
2014-03-05,3.2863,3.2863,3.2863,3.2863,33585000,0.00%,4016115,30536885115,110370.39,0
2014-03-06,3.2863,3.2896,3.2896,3.2863,32175000,0.10%,80825168,30645869168,105842.88,108984053
2014-03-07,3.2896,3.2896,3.2896,3.2896,38010000,0.00%,42815168,30645869168,125037.7,0
2014-03-10,3.2896,3.2929,3.2929,3.2896,46425000,0.10%,105963800,30755442800,152872.88,109573631
2014-03-11,3.2929,3.2929,3.2929,3.2929,28290000,0.00%,77673800,30755442800,93156.14,0
2014-03-12,3.2929,3.2929,3.2929,3.2929,69735000,0.00%,7938800,30755442800,229630.38,0
2014-03-13,3.2929,3.2962,3.2962,3.2929,52425000,0.10%,66294172,30866223172,172803.29,110780372
2014-03-14,3.2962,3.2995,3.2995,3.2962,102585000,0.10%,75472177,30977986177,338479.21,111763005
2014-03-17,3.2995,3.3028,3.3028,3.2995,77340000,0.10%,110593227,31090447227,255438.55,112461049
2014-03-18,3.3028,3.3028,3.3028,3.3028,72060000,0.00%,38533227,31090447227,237999.77,0
2014-03-19,3.3028,3.3061,3.3061,3.3028,53355000,0.10%,98848815,31204117815,176396.97,113670588
2014-03-20,3.3061,3.3061,3.3061,3.3061,68100000,0.00%,30748815,31204117815,225145.41,0
2014-03-21,3.3061,3.3094,3.3094,3.3061,56520000,0.10%,88998920,31318887920,187047.29,114770105
2014-03-24,3.3094,3.3094,3.3094,3.3094,45750000,0.00%,43248920,31318887920,151405.05,0
2014-03-25,3.3094,3.3127,3.3127,3.3094,60195000,0.10%,98545028,31434379028,199407.98,115491107
2014-03-26,3.3127,3.3127,3.3127,3.3127,48389999,0.00%,50155028,31434379028,160301.55,0
2014-03-27,3.3127,3.316,3.316,3.3127,127005000,0.10%,40107660,31551336660,421148.58,116957632
2014-03-28,3.316,3.3193,3.3193,3.316,52440000,0.10%,104920170,31668589170,174064.09,117252509
2014-03-31,3.3193,3.3193,3.3193,3.3193,44145000,0.00%,60775170,31668589170,146530.5,0
2014-04-01,3.3193,3.3193,3.3193,3.3193,46875000,0.00%,13900170,31668589170,155592.19,0
2014-04-02,3.3193,3.3226,3.3226,3.3193,38970000,0.10%,92926857,31786585857,129481.72,117996686
2014-04-03,3.3226,3.3226,3.3226,3.3226,41805000,0.00%,51121857,31786585857,138901.29,0
2014-04-04,3.3226,3.326,3.326,3.3226,71865000,0.10%,97978579,31905307579,239022.99,118721721
2014-04-07,3.326,3.326,3.326,3.326,85770000,0.00%,12208579,31905307579,285271.02,0
2014-04-08,3.326,3.3293,3.3293,3.326,63150000,0.10%,68630196,32024879196,210245.3,119571617
2014-04-09,3.3293,3.3293,3.3293,3.3293,55380000,0.00%,13250196,32024879196,184376.63,0
2014-04-10,3.3293,3.3326,3.3326,3.3293,96404999,0.10%,37114491,32145148491,321279.3,120269295
2014-04-11,3.3326,3.3359,3.3359,3.3326,84570000,0.10%,73450048,32266054048,282117.06,120905556
2014-04-14,3.3359,3.3359,3.3359,3.3359,47550000,0.00%,25900048,32266054048,158622.05,0
2014-04-15,3.3359,3.3393,3.3393,3.3359,31320000,0.10%,115917961,32387391961,104586.88,121337912
2014-04-16,3.3393,3.3393,3.3393,3.3393,30960000,0.00%,84957961,32387391961,103384.73,0
2014-04-17,3.3393,3.3393,3.3393,3.3393,30165000,0.00%,54792961,32387391961,100729.98,0
2014-04-22,3.3393,3.3393,3.3393,3.3393,25215000,0.00%,29577961,32387391961,84200.45,0
2014-04-23,3.3393,3.3426,3.3426,3.3393,40305000,0.10%,110953584,32509072584,134723.49,121680623
2014-04-24,3.3426,3.3426,3.3426,3.3426,23640000,0.00%,87313584,32509072584,79019.06,0
2014-04-25,3.3426,3.3426,3.3426,3.3426,24690000,0.00%,62623584,32509072584,82528.79,0
2014-04-28,3.3426,3.3426,3.3426,3.3426,36735000,0.00%,25888584,32509072584,122790.41,0
2014-04-29,3.3426,3.346,3.346,3.3426,54750000,0.10%,93616043,32631550043,183193.5,122477458
2014-04-30,3.346,3.346,3.346,3.346,80790000,0.00%,12826043,32631550043,270323.34,0
2014-05-02,3.346,3.3493,3.3493,3.346,44160000,0.10%,92196530,32755080530,147905.09,123530487
2014-05-05,3.3493,3.3493,3.3493,3.3493,28830000,0.00%,63366530,32755080530,96560.32,0
2014-05-07,3.3493,3.3493,3.3493,3.3493,61110000,0.00%,2256530,32755080530,204675.72,0
2014-05-08,3.3493,3.3527,3.3527,3.3493,47895000,0.10%,78757637,32879476637,160577.57,124396106
2014-05-09,3.3527,3.3527,3.3527,3.3527,31830000,0.00%,46927637,32879476637,106716.44,0
2014-05-12,3.3527,3.356,3.356,3.3527,64740000,0.10%,107251620,33004540620,217267.44,125063983
2014-05-13,3.356,3.356,3.356,3.356,40830000,0.00%,66421620,33004540620,137025.48,0
2014-05-14,3.356,3.356,3.356,3.356,30075000,0.00%,36346620,33004540620,100931.7,0
2014-05-15,3.356,3.3594,3.3594,3.356,77535000,0.10%,84623515,33130352515,260471.08,125811894
2014-05-16,3.3594,3.3594,3.3594,3.3594,32715000,0.00%,51908515,33130352515,109902.77,0
2014-05-19,3.3594,3.3594,3.3594,3.3594,23445000,0.00%,28463515,33130352515,78761.13,0
2014-05-20,3.3594,3.3627,3.3627,3.3594,47865000,0.10%,106597333,33256351333,160955.64,125998818
2014-05-21,3.3627,3.3627,3.3627,3.3627,35505000,0.00%,71092333,33256351333,119392.66,0
2014-05-22,3.3627,3.3627,3.3627,3.3627,40245000,0.00%,30847333,33256351333,135331.86,0
2014-05-23,3.3627,3.3627,3.3627,3.3627,28455000,0.00%,2392333,33256351333,95685.63,0
2014-05-26,3.3627,3.3661,3.3661,3.3627,18045000,0.10%,110411909,33382415909,60741.27,126064575
2014-05-27,3.3661,3.3661,3.3661,3.3661,11805000,0.00%,98606909,33382415909,39736.81,0
2014-05-28,3.3661,3.3661,3.3661,3.3661,35775000,0.00%,62831909,33382415909,120422.23,0
2014-05-29,3.3661,3.3661,3.3661,3.3661,24165000,0.00%,38666909,33382415909,81341.81,0
2014-05-30,3.3661,3.3661,3.3661,3.3661,33285000,0.00%,5381909,33382415909,112040.64,0
2014-06-03,3.3661,3.3695,3.3695,3.3661,31395000,0.10%,99786408,33508215408,105785.45,125799499
2014-06-04,3.3695,3.3695,3.3695,3.3695,19320000,0.00%,80466408,33508215408,65098.74,0
2014-06-05,3.3695,3.3695,3.3695,3.3695,22995000,0.00%,57471408,33508215408,77481.65,0
2014-06-06,3.3695,3.3695,3.3695,3.3695,24750000,0.00%,32721408,33508215408,83395.12,0
2014-06-09,3.3695,3.3695,3.3695,3.3695,26415000,0.00%,6306408,33508215408,89005.34,0
2014-06-10,3.3695,3.3728,3.3728,3.3695,37185000,0.10%,93252379,33632346379,125417.57,124130971
2014-06-11,3.3728,3.3728,3.3728,3.3728,40485000,0.00%,52767379,33632346379,136547.81,0
2014-06-12,3.3728,3.3728,3.3728,3.3728,42900000,0.00%,9867379,33632346379,144693.12,0
2014-06-13,3.3728,3.3762,3.3762,3.3728,16920000,0.10%,115709484,33755108484,57125.3,122762105
2014-06-16,3.3762,3.3762,3.3762,3.3762,17640000,0.00%,98069484,33755108484,59556.17,0
2014-06-17,3.3762,3.3762,3.3762,3.3762,16365000,0.00%,81704484,33755108484,55251.51,0
2014-06-18,3.3762,3.3762,3.3762,3.3762,28665000,0.00%,53039484,33755108484,96778.77,0
2014-06-19,3.3762,3.3762,3.3762,3.3762,21345000,0.00%,31694484,33755108484,72064.99,0
2014-06-20,3.3762,3.3762,3.3762,3.3762,21765000,0.00%,9929484,33755108484,73482.99,0
2014-06-23,3.3762,3.3796,3.3796,3.3762,31680000,0.10%,98876042,33875735042,107065.73,120626557
2014-06-24,3.3796,3.3796,3.3796,3.3796,20070000,0.00%,78806042,33875735042,67828.57,0
2014-06-25,3.3796,3.3796,3.3796,3.3796,23430000,0.00%,55376042,33875735042,79184.03,0
2014-06-26,3.3796,3.3796,3.3796,3.3796,40830000,0.00%,14546042,33875735042,137989.07,0
2014-06-27,3.3796,3.383,3.383,3.3796,23505000,0.10%,111470950,33996164950,79517.42,120429907
2014-06-30,3.383,3.383,3.383,3.383,28980000,0.00%,82490950,33996164950,98039.34,0
2014-07-02,3.383,3.383,3.383,3.383,53325000,0.00%,29165950,33996164950,180398.48,0
2014-07-03,3.383,3.3863,3.3863,3.383,33660000,0.10%,116303437,34116962437,113982.86,120797487
2014-07-04,3.3863,3.3863,3.3863,3.3863,29475000,0.00%,86828437,34116962437,99811.19,0
2014-07-07,3.3863,3.3863,3.3863,3.3863,18330000,0.00%,68498437,34116962437,62070.88,0
2014-07-08,3.3863,3.3863,3.3863,3.3863,23400000,0.00%,45098437,34116962437,79239.42,0
2014-07-09,3.3863,3.3897,3.3897,3.3863,53460000,0.10%,112560416,34237884416,181213.36,120921978
2014-07-10,3.3897,3.3897,3.3897,3.3897,21150000,0.00%,91410416,34237884416,71692.15,0
2014-07-11,3.3897,3.3897,3.3897,3.3897,19920000,0.00%,71490416,34237884416,67522.82,0
2014-07-14,3.3897,3.3897,3.3897,3.3897,15420000,0.00%,56070416,34237884416,52269.17,0
2014-07-15,3.3897,3.3897,3.3897,3.3897,18630000,0.00%,37440416,34237884416,63150.11,0
2014-07-16,3.3897,3.3897,3.3897,3.3897,19320000,0.00%,18120416,34237884416,65489.0,0
2014-07-17,3.3897,3.3931,3.3931,3.3897,21945000,0.10%,116911571,34358620571,74461.58,120736154
2014-07-18,3.3931,3.3931,3.3931,3.3931,15780000,0.00%,101131571,34358620571,53543.12,0
2014-07-21,3.3931,3.3931,3.3931,3.3931,17460000,0.00%,83671571,34358620571,59243.53,0
2014-07-22,3.3931,3.3931,3.3931,3.3931,34995000,0.00%,48676571,34358620571,118741.53,0
2014-07-23,3.3931,3.3931,3.3931,3.3931,20190000,0.00%,28486571,34358620571,68506.69,0
2014-07-24,3.3931,3.3931,3.3931,3.3931,23790000,0.00%,4696571,34358620571,80721.85,0
2014-07-25,3.3931,3.3965,3.3965,3.3931,29925000,0.10%,95402109,34479251109,101640.26,120630538
2014-07-28,3.3965,3.3965,3.3965,3.3965,42930000,0.00%,52472109,34479251109,145811.74,0
2014-07-29,3.3965,3.3965,3.3965,3.3965,32325000,0.00%,20147109,34479251109,109791.86,0
2014-07-30,3.3965,3.3999,3.3999,3.3965,33180000,0.10%,108559709,34600843709,112808.68,121592599
2014-07-31,3.3999,3.3999,3.3999,3.3999,30195000,0.00%,78364709,34600843709,102659.98,0
2014-08-01,3.3999,3.3999,3.3999,3.3999,27300000,0.00%,51064709,34600843709,92817.27,0
2014-08-04,3.3999,3.3999,3.3999,3.3999,19935000,0.00%,31129709,34600843709,67777.01,0
2014-08-05,3.3999,3.3999,3.3999,3.3999,29565000,0.00%,1564709,34600843709,100518.04,0
2014-08-06,3.3999,3.4033,3.4033,3.3999,29355000,0.10%,92764430,34721398430,99903.87,120554721
2014-08-07,3.4033,3.4033,3.4033,3.4033,44310000,0.00%,48454430,34721398430,150800.22,0
2014-08-08,3.4033,3.4033,3.4033,3.4033,29865000,0.00%,18589430,34721398430,101639.55,0
2014-08-11,3.4033,3.4067,3.4067,3.4033,26295000,0.10%,112910638,34842014638,89579.18,120616207
2014-08-12,3.4067,3.4067,3.4067,3.4067,22365000,0.00%,90545638,34842014638,76190.85,0
2014-08-13,3.4067,3.4067,3.4067,3.4067,34125000,0.00%,56420638,34842014638,116253.64,0
2014-08-14,3.4067,3.4101,3.4101,3.4067,65220000,0.10%,112592329,34963406329,222406.72,121391691
2014-08-15,3.4101,3.4101,3.4101,3.4101,30675000,0.00%,81917329,34963406329,104604.82,0
2014-08-18,3.4101,3.4101,3.4101,3.4101,33060000,0.00%,48857329,34963406329,112737.91,0
2014-08-19,3.4101,3.4101,3.4101,3.4101,25545000,0.00%,23312329,34963406329,87111.0,0
2014-08-20,3.4101,3.4135,3.4135,3.4101,25815000,0.10%,119131573,35085040573,88119.5,121634243
2014-08-21,3.4135,3.4135,3.4135,3.4135,25980000,0.00%,93151573,35085040573,88682.73,0
2014-08-22,3.4135,3.4135,3.4135,3.4135,18810000,0.00%,74341573,35085040573,64207.94,0
2014-08-25,3.4135,3.4135,3.4135,3.4135,14820000,0.00%,59521573,35085040573,50588.07,0
2014-08-26,3.4135,3.4135,3.4135,3.4135,18525000,0.00%,40996573,35085040573,63235.09,0
2014-08-27,3.4135,3.4135,3.4135,3.4135,20760000,0.00%,20236573,35085040573,70864.26,0
2014-08-28,3.4135,3.4169,3.4169,3.4135,27810000,0.10%,114087436,35206701436,95023.99,121660863
2014-08-29,3.4169,3.4169,3.4169,3.4169,24510000,0.00%,89577436,35206701436,83748.22,0
2014-09-01,3.4169,3.4169,3.4169,3.4169,14595000,0.00%,74982436,35206701436,49869.66,0
2014-09-02,3.4169,3.4169,3.4169,3.4169,19305000,0.00%,55677436,35206701436,65963.25,0
2014-09-03,3.4169,3.4169,3.4169,3.4169,35700000,0.00%,19977436,35206701436,121983.33,0
2014-09-04,3.4169,3.4169,3.4169,3.4169,18675000,0.00%,1302436,35206701436,63810.61,0
2014-09-05,3.4169,3.4204,3.4204,3.4169,15240000,0.10%,107146287,35327785287,52126.9,121083851
2014-09-08,3.4204,3.4204,3.4204,3.4204,30225000,0.00%,76921287,35327785287,103381.59,0
2014-09-10,3.4204,3.4204,3.4204,3.4204,45450000,0.00%,31471287,35327785287,155457.18,0
2014-09-11,3.4204,3.4238,3.4238,3.4204,37155000,0.10%,115138669,35448607669,127211.29,120822381
2014-09-12,3.4238,3.4238,3.4238,3.4238,27885000,0.00%,87253669,35448607669,95472.66,0
2014-09-15,3.4238,3.4238,3.4238,3.4238,21720000,0.00%,65533669,35448607669,74364.94,0
2014-09-16,3.4238,3.4238,3.4238,3.4238,24210000,0.00%,41323669,35448607669,82890.2,0
2014-09-17,3.4238,3.4238,3.4238,3.4238,30480000,0.00%,10843669,35448607669,104357.42,0
2014-09-18,3.4238,3.4272,3.4272,3.4238,26190000,0.10%,105189790,35569143790,89758.37,120536121
2014-09-19,3.4272,3.4272,3.4272,3.4272,59910000,0.00%,45279790,35569143790,205323.55,0
2014-09-22,3.4272,3.4272,3.4272,3.4272,40710000,0.00%,4569790,35569143790,139521.31,0
2014-09-23,3.4272,3.4306,3.4306,3.4272,39840000,0.10%,86325428,35690739428,136675.1,121595637
2014-09-24,3.4306,3.4306,3.4306,3.4306,27015000,0.00%,59310428,35690739428,92677.66,0
2014-09-25,3.4306,3.4306,3.4306,3.4306,32040000,0.00%,27270428,35690739428,109916.42,0
2014-09-26,3.4306,3.4341,3.4341,3.4306,42150000,0.10%,107333713,35812952713,144747.32,122213284
2014-09-29,3.4341,3.4341,3.4341,3.4341,48960000,0.00%,58373713,35812952713,168133.54,0
2014-09-30,3.4341,3.4341,3.4341,3.4341,37620000,0.00%,20753713,35812952713,129190.84,0
2014-10-03,3.4341,3.4375,3.4375,3.4341,43260000,0.10%,100322823,35935781823,148706.25,122829110
2014-10-06,3.4375,3.4375,3.4375,3.4375,32655000,0.00%,67667823,35935781823,112251.56,0
2014-10-07,3.4375,3.4375,3.4375,3.4375,25260000,0.00%,42407823,35935781823,86831.25,0
2014-10-08,3.4375,3.4375,3.4375,3.4375,15885000,0.00%,26522823,35935781823,54604.69,0
2014-10-09,3.4375,3.4375,3.4375,3.4375,21870000,0.00%,4652823,35935781823,75178.12,0
2014-10-10,3.4375,3.4409,3.4409,3.4375,20400000,0.10%,107009067,36058538067,70194.36,122756244
2014-10-13,3.4409,3.4409,3.4409,3.4409,24030000,0.00%,82979067,36058538067,82684.83,0
2014-10-14,3.4409,3.4409,3.4409,3.4409,27810000,0.00%,55169067,36058538067,95691.43,0
2014-10-15,3.4409,3.4409,3.4409,3.4409,22380000,0.00%,32789067,36058538067,77007.34,0
2014-10-16,3.4409,3.4409,3.4409,3.4409,27690000,0.00%,5099067,36058538067,95278.52,0
2014-10-17,3.4409,3.4444,3.4444,3.4409,22605000,0.10%,104945856,36180989856,77860.66,122451789
2014-10-20,3.4444,3.4444,3.4444,3.4444,17340000,0.00%,87605856,36180989856,59725.9,0
2014-10-21,3.4444,3.4444,3.4444,3.4444,18030000,0.00%,69575856,36180989856,62102.53,0
2014-10-22,3.4444,3.4444,3.4444,3.4444,26280000,0.00%,43295856,36180989856,90518.83,0
2014-10-23,3.4444,3.4444,3.4444,3.4444,19560000,0.00%,23735856,36180989856,67372.46,0
2014-10-24,3.4444,3.4444,3.4444,3.4444,16410000,0.00%,7325856,36180989856,56522.6,0
2014-10-27,3.4444,3.4478,3.4478,3.4444,19095000,0.10%,109948609,36302707609,65835.74,121717752
2014-10-28,3.4478,3.4478,3.4478,3.4478,18360000,0.00%,91588609,36302707609,63301.61,0
2014-10-29,3.4478,3.4478,3.4478,3.4478,28545000,0.00%,63043609,36302707609,98417.45,0
2014-10-30,3.4478,3.4478,3.4478,3.4478,22665000,0.00%,40378609,36302707609,78144.39,0
2014-10-31,3.4478,3.4478,3.4478,3.4478,27645000,0.00%,12733609,36302707609,95314.43,0
2014-11-03,3.4478,3.4513,3.4513,3.4478,20205000,0.10%,113805448,36423984448,69733.52,121276838
2014-11-04,3.4513,3.4513,3.4513,3.4513,19830000,0.00%,93975448,36423984448,68439.28,0
2014-11-05,3.4513,3.4513,3.4513,3.4513,18045000,0.00%,75930448,36423984448,62278.71,0
2014-11-06,3.4513,3.4513,3.4513,3.4513,15105000,0.00%,60825448,36423984448,52131.89,0
2014-11-07,3.4513,3.4513,3.4513,3.4513,23190000,0.00%,37635448,36423984448,80035.65,0
2014-11-10,3.4513,3.4513,3.4513,3.4513,31935000,0.00%,5700448,36423984448,110217.27,0
2014-11-11,3.4513,3.4547,3.4547,3.4513,30900000,0.10%,96025473,36545209473,106750.23,121225025
2014-11-12,3.4547,3.4547,3.4547,3.4547,32940000,0.00%,63085473,36545209473,113797.82,0
2014-11-13,3.4547,3.4582,3.4582,3.4547,79440000,0.10%,105993167,36667557167,274719.41,122347694
2014-11-14,3.4582,3.4582,3.4582,3.4582,46470000,0.00%,59523167,36667557167,160702.55,0
2014-11-17,3.4582,3.4582,3.4582,3.4582,50940000,0.00%,8583167,36667557167,176160.71,0
2014-11-18,3.4582,3.4616,3.4616,3.4582,35595000,0.10%,96478597,36791047597,123215.65,123490429
2014-11-19,3.4616,3.4616,3.4616,3.4616,33045000,0.00%,63433597,36791047597,114388.57,0
2014-11-20,3.4616,3.4616,3.4616,3.4616,23505000,0.00%,39928597,36791047597,81364.91,0
2014-11-21,3.4616,3.4616,3.4616,3.4616,26865000,0.00%,13063597,36791047597,92995.88,0
2014-11-24,3.4616,3.4651,3.4651,3.4616,38055000,0.10%,98796884,36914835884,131864.38,123788287
2014-11-25,3.4651,3.4651,3.4651,3.4651,34980000,0.00%,63816884,36914835884,121209.2,0
2014-11-26,3.4651,3.4651,3.4651,3.4651,27990000,0.00%,35826884,36914835884,96988.15,0
2014-11-27,3.4651,3.4651,3.4651,3.4651,17055000,0.00%,18771884,36914835884,59097.28,0
2014-11-28,3.4651,3.4685,3.4685,3.4651,19545000,0.10%,123217206,37038826206,67791.83,123990322
2014-12-01,3.4685,3.4685,3.4685,3.4685,42120000,0.00%,81097206,37038826206,146093.22,0
2014-12-02,3.4685,3.4685,3.4685,3.4685,44550000,0.00%,36547206,37038826206,154521.68,0
2014-12-03,3.4685,3.472,3.472,3.4685,46260000,0.10%,115118920,37163657920,160614.72,124831713
2014-12-04,3.472,3.472,3.472,3.472,41430000,0.00%,73688920,37163657920,143844.96,0
2014-12-05,3.472,3.472,3.472,3.472,43290000,0.00%,30398920,37163657920,150302.88,0
2014-12-08,3.472,3.4755,3.4755,3.472,34050000,0.10%,121296821,37288605821,118340.78,124947901
2014-12-09,3.4755,3.4755,3.4755,3.4755,39225000,0.00%,82071821,37288605821,136326.49,0
2014-12-10,3.4755,3.4755,3.4755,3.4755,40845000,0.00%,41226821,37288605821,141956.8,0
2014-12-11,3.4755,3.4755,3.4755,3.4755,28725000,0.00%,12501821,37288605821,99833.74,0
2014-12-12,3.4755,3.479,3.479,3.4755,29250000,0.10%,108934367,37414288367,101760.75,125682545
2014-12-15,3.479,3.479,3.479,3.479,25155000,0.00%,83779367,37414288367,87514.24,0
2014-12-16,3.479,3.479,3.479,3.479,61920000,0.00%,21859367,37414288367,215419.68,0
2014-12-17,3.479,3.4824,3.4824,3.479,66330000,0.10%,82337431,37541096431,230987.59,126808063
2014-12-18,3.4824,3.4824,3.4824,3.4824,72960000,0.00%,9377431,37541096431,254075.9,0
2014-12-19,3.4824,3.4859,3.4859,3.4824,66060000,0.10%,71565647,37669344647,230278.55,128248216
2014-12-22,3.4859,3.4859,3.4859,3.4859,41700000,0.00%,29865647,37669344647,145362.03,0
2014-12-23,3.4859,3.4894,3.4894,3.4859,31035000,0.10%,127653023,37798167023,108293.53,128822376
2014-12-24,3.4894,3.4894,3.4894,3.4894,9735000,0.00%,117918023,37798167023,33969.31,0
2014-12-29,3.4894,3.4894,3.4894,3.4894,16500000,0.00%,101418023,37798167023,57575.1,0
2014-12-30,3.4894,3.4894,3.4894,3.4894,19125000,0.00%,82293023,37798167023,66734.77,0
2014-12-31,3.4894,3.4894,3.4894,3.4894,14115000,0.00%,68178023,37798167023,49252.88,0
2015-01-02,3.4894,3.4894,3.4894,3.4894,17376000,0.00%,50802023,37798167023,60631.81,0
2015-01-05,3.4894,3.4894,3.4894,3.4894,34896000,0.00%,15906023,37798167023,121766.1,0
2015-01-06,3.4894,3.4929,3.4929,3.4894,69888000,0.10%,75304018,37927453018,244111.8,129285994
2015-01-07,3.4929,3.4929,3.4929,3.4929,65376000,0.00%,9928018,37927453018,228351.83,0
2015-01-08,3.4929,3.4964,3.4964,3.4929,57024000,0.10%,83072428,38057621428,199378.71,130168410
2015-01-09,3.4964,3.4964,3.4964,3.4964,50944000,0.00%,32128428,38057621428,178120.6,0
2015-01-12,3.4964,3.4964,3.4964,3.4964,28608000,0.00%,3520428,38057621428,100025.01,0
2015-01-13,3.4964,3.4999,3.4999,3.4964,26944000,0.10%,107394283,38188439283,94301.31,130817854
2015-01-14,3.4999,3.4999,3.4999,3.4999,26944000,0.00%,80450283,38188439283,94301.31,0
2015-01-15,3.4999,3.4999,3.4999,3.4999,25600000,0.00%,54850283,38188439283,89597.44,0
2015-01-16,3.4999,3.4999,3.4999,3.4999,40368000,0.00%,14482283,38188439283,141283.96,0
2015-01-17,3.4999,3.4999,3.4999,3.4999,0,0.00%,14482283,38188439283,0.0,0
2015-01-19,3.4999,3.5034,3.5034,3.4999,34560000,0.10%,110859607,38319376607,121077.5,130937323
2015-01-20,3.5034,3.5034,3.5034,3.5034,16304000,0.00%,94555607,38319376607,57119.43,0
2015-01-21,3.5034,3.5034,3.5034,3.5034,54064000,0.00%,40491607,38319376607,189407.82,0
2015-01-22,3.5034,3.5069,3.5069,3.5034,62496000,0.10%,109809933,38451190933,219167.22,131814325
2015-01-23,3.5069,3.5069,3.5069,3.5069,47952000,0.00%,61857933,38451190933,168162.87,0
2015-01-26,3.5069,3.5069,3.5069,3.5069,55920000,0.00%,5937933,38451190933,196105.85,0
2015-01-27,3.5069,3.5104,3.5104,3.5069,39136000,0.10%,99517923,38583906923,137383.01,132715990
2015-01-28,3.5104,3.5104,3.5104,3.5104,25952000,0.00%,73565923,38583906923,91101.9,0
2015-01-29,3.5104,3.5104,3.5104,3.5104,23424000,0.00%,50141923,38583906923,82227.61,0
2015-01-30,3.5104,3.5104,3.5104,3.5104,47008000,0.00%,3133923,38583906923,165016.88,0
2015-02-02,3.5104,3.5139,3.5139,3.5104,28240000,0.10%,107055091,38716068091,99232.54,132161167
2015-02-03,3.5139,3.5139,3.5139,3.5139,23008000,0.00%,84047091,38716068091,80847.81,0
2015-02-04,3.5139,3.5139,3.5139,3.5139,15200000,0.00%,68847091,38716068091,53411.28,0
2015-02-05,3.5139,3.5139,3.5139,3.5139,28816000,0.00%,40031091,38716068091,101256.54,0
2015-02-06,3.5139,3.5139,3.5139,3.5139,17456000,0.00%,22575091,38716068091,61338.64,0
2015-02-09,3.5139,3.5139,3.5139,3.5139,19904000,0.00%,2671091,38716068091,69940.67,0
2015-02-10,3.5139,3.5174,3.5174,3.5139,22400000,0.10%,111826307,38847623307,78789.76,131555215
2015-02-11,3.5174,3.5174,3.5174,3.5174,19408000,0.00%,92418307,38847623307,68265.7,0
2015-02-12,3.5174,3.5174,3.5174,3.5174,38448000,0.00%,53970307,38847623307,135237.0,0
2015-02-13,3.5174,3.5174,3.5174,3.5174,24752000,0.00%,29218307,38847623307,87062.68,0
2015-02-16,3.5174,3.5174,3.5174,3.5174,16272000,0.00%,12946307,38847623307,57235.13,0
2015-02-17,3.5174,3.5209,3.5209,3.5174,13408000,0.10%,130991249,38979076249,47208.23,131452942
2015-02-18,3.5209,3.5209,3.5209,3.5209,11664000,0.00%,119327249,38979076249,41067.78,0
2015-02-23,3.5209,3.5209,3.5209,3.5209,38768000,0.00%,80559249,38979076249,136498.25,0
2015-02-24,3.5209,3.5209,3.5209,3.5209,27552000,0.00%,53007249,38979076249,97007.84,0
2015-02-25,3.5209,3.5209,3.5209,3.5209,30304000,0.00%,22703249,38979076249,106697.35,0
2015-02-26,3.5209,3.5245,3.5245,3.5209,34656000,0.10%,119770941,39110799941,122145.07,131723691
2015-02-27,3.5245,3.5245,3.5245,3.5245,28736000,0.00%,91034941,39110799941,101280.03,0
2015-03-02,3.5245,3.5245,3.5245,3.5245,20304000,0.00%,70730941,39110799941,71561.45,0
2015-03-03,3.5245,3.5245,3.5245,3.5245,28192000,0.00%,42538941,39110799941,99362.7,0
2015-03-04,3.5245,3.5245,3.5245,3.5245,19808000,0.00%,22730941,39110799941,69813.3,0
2015-03-05,3.5245,3.5245,3.5245,3.5245,19712000,0.00%,3018941,39110799941,69474.94,0
2015-03-06,3.5245,3.528,3.528,3.5245,22192000,0.10%,112686006,39242659006,78293.38,131859065
2015-03-09,3.528,3.528,3.528,3.528,21056000,0.00%,91630006,39242659006,74285.57,0
2015-03-10,3.528,3.528,3.528,3.528,20832000,0.00%,70798006,39242659006,73495.3,0
2015-03-11,3.528,3.528,3.528,3.528,22672000,0.00%,48126006,39242659006,79986.82,0
2015-03-12,3.528,3.528,3.528,3.528,27328000,0.00%,20798006,39242659006,96413.18,0
2015-03-13,3.528,3.5315,3.5315,3.528,24720000,0.10%,128196020,39374777020,87298.68,132118013
2015-03-16,3.5315,3.5315,3.5315,3.5315,36336000,0.00%,91860020,39374777020,128320.58,0
2015-03-17,3.5315,3.5315,3.5315,3.5315,30688000,0.00%,61172020,39374777020,108374.67,0
2015-03-18,3.5315,3.5315,3.5315,3.5315,36688000,0.00%,24484020,39374777020,129563.67,0
2015-03-19,3.5315,3.535,3.535,3.5315,102544000,0.10%,55579974,39508416974,362493.04,133639953
2015-03-20,3.535,3.5386,3.5386,3.535,114032000,0.10%,76410344,39643279344,403513.64,134862369
2015-03-23,3.5386,3.5386,3.5386,3.5386,49232000,0.00%,27178344,39643279344,174212.36,0
2015-03-24,3.5386,3.5386,3.5386,3.5386,26688000,0.00%,490344,39643279344,94438.16,0
2015-03-25,3.5386,3.5421,3.5421,3.5386,33312000,0.10%,102542876,39778643876,117994.44,135364532
2015-03-26,3.5421,3.5421,3.5421,3.5421,29760000,0.00%,72782876,39778643876,105412.9,0
2015-03-27,3.5421,3.5421,3.5421,3.5421,25312000,0.00%,47470876,39778643876,89657.64,0
2015-03-30,3.5421,3.5421,3.5421,3.5421,37632000,0.00%,9838876,39778643876,133296.31,0
2015-03-31,3.5421,3.5457,3.5457,3.5421,38544000,0.10%,107182589,39914531589,136665.46,135887713
2015-04-01,3.5457,3.5457,3.5457,3.5457,27472000,0.00%,79710589,39914531589,97407.47,0
2015-04-02,3.5457,3.5457,3.5457,3.5457,23488000,0.00%,56222589,39914531589,83281.4,0
2015-04-08,3.5457,3.5492,3.5492,3.5457,58672000,0.10%,133474189,40050455189,208238.66,135923599
2015-04-09,3.5492,3.5492,3.5492,3.5492,106960000,0.00%,26514189,40050455189,379622.43,0
2015-04-10,3.5492,3.5528,3.5528,3.5492,59360000,0.10%,104476421,40187777421,210894.21,137322232
2015-04-13,3.5528,3.5528,3.5528,3.5528,69952000,0.00%,34524421,40187777421,248525.47,0
2015-04-14,3.5528,3.5563,3.5563,3.5528,94384000,0.10%,78734506,40326371506,335657.82,138594084
2015-04-15,3.5563,3.5563,3.5563,3.5563,74112000,0.00%,4622506,40326371506,263564.51,0
2015-04-16,3.5563,3.5599,3.5599,3.5563,52032000,0.10%,91310422,40465091422,185228.72,138719915
2015-04-17,3.5599,3.5599,3.5599,3.5599,34832000,0.00%,56478422,40465091422,123998.44,0
2015-04-20,3.5599,3.5599,3.5599,3.5599,45520000,0.00%,10958422,40465091422,162046.65,0
2015-04-21,3.5599,3.5634,3.5634,3.5599,37216000,0.10%,111390817,40602739817,132615.49,137648395
2015-04-22,3.5634,3.5634,3.5634,3.5634,40448000,0.00%,70942817,40602739817,144132.4,0
2015-04-23,3.5634,3.5634,3.5634,3.5634,36448000,0.00%,34494817,40602739817,129878.8,0
2015-04-24,3.5634,3.5634,3.5634,3.5634,30624000,0.00%,3870817,40602739817,109125.56,0
2015-04-27,3.5634,3.567,3.567,3.5634,31936000,0.10%,108765382,40739570382,113915.71,136830565
2015-04-28,3.567,3.567,3.567,3.567,32384000,0.00%,76381382,40739570382,115513.73,0
2015-04-29,3.567,3.567,3.567,3.567,33152000,0.00%,43229382,40739570382,118253.18,0
2015-04-30,3.567,3.567,3.567,3.567,34288000,0.00%,8941382,40739570382,122305.3,0
2015-05-04,3.567,3.5706,3.5706,3.567,35680000,0.10%,109882759,40876191759,127399.01,136621376
2015-05-05,3.5706,3.5706,3.5706,3.5706,31264000,0.00%,78618759,40876191759,111631.24,0
2015-05-06,3.5706,3.5706,3.5706,3.5706,31248000,0.00%,47370759,40876191759,111574.11,0
2015-05-07,3.5706,3.5706,3.5706,3.5706,31760000,0.00%,15610759,40876191759,113402.26,0
2015-05-08,3.5706,3.5741,3.5741,3.5706,28976000,0.10%,122846186,41012403186,103563.12,136211426
2015-05-11,3.5741,3.5741,3.5741,3.5741,33280000,0.00%,89566186,41012403186,118946.05,0
2015-05-12,3.5741,3.5741,3.5741,3.5741,35008000,0.00%,54558186,41012403186,125122.09,0
2015-05-13,3.5741,3.5741,3.5741,3.5741,31232000,0.00%,23326186,41012403186,111626.29,0
2015-05-14,3.5741,3.5777,3.5777,3.5741,41424000,0.10%,117938486,41148439486,148202.64,136036300
2015-05-15,3.5777,3.5777,3.5777,3.5777,34624000,0.00%,83314486,41148439486,123874.28,0
2015-05-18,3.5777,3.5777,3.5777,3.5777,22416000,0.00%,60898486,41148439486,80197.72,0
2015-05-19,3.5777,3.5777,3.5777,3.5777,20128000,0.00%,40770486,41148439486,72011.95,0
2015-05-20,3.5777,3.5777,3.5777,3.5777,26336000,0.00%,14434486,41148439486,94222.31,0
2015-05-21,3.5777,3.5813,3.5813,3.5777,28848000,0.10%,120401422,41283254422,103313.34,134814935
2015-05-22,3.5813,3.5813,3.5813,3.5813,22368000,0.00%,98033422,41283254422,80106.52,0
2015-05-26,3.5813,3.5813,3.5813,3.5813,33456000,0.00%,64577422,41283254422,119815.97,0
2015-05-27,3.5813,3.5813,3.5813,3.5813,26208000,0.00%,38369422,41283254422,93858.71,0
2015-05-28,3.5813,3.5849,3.5849,3.5813,38864000,0.10%,134195178,41417944178,139323.55,134689756
2015-05-29,3.5849,3.5849,3.5849,3.5849,40240000,0.00%,93955178,41417944178,144256.38,0
2015-06-01,3.5849,3.5849,3.5849,3.5849,23776000,0.00%,70179178,41417944178,85234.58,0
2015-06-02,3.5849,3.5849,3.5849,3.5849,23616000,0.00%,46563178,41417944178,84661.0,0
2015-06-03,3.5849,3.5849,3.5849,3.5849,22320000,0.00%,24243178,41417944178,80014.97,0
2015-06-04,3.5849,3.5884,3.5884,3.5849,34064000,0.10%,122801624,41550566624,122235.26,132622446
2015-06-05,3.5884,3.5884,3.5884,3.5884,24112000,0.00%,98689624,41550566624,86523.5,0
2015-06-08,3.5884,3.5884,3.5884,3.5884,27040000,0.00%,71649624,41550566624,97030.34,0
2015-06-09,3.5884,3.5884,3.5884,3.5884,22816000,0.00%,48833624,41550566624,81872.93,0
2015-06-10,3.5884,3.5884,3.5884,3.5884,21568000,0.00%,27265624,41550566624,77394.61,0
2015-06-11,3.5884,3.5884,3.5884,3.5884,21472000,0.00%,5793624,41550566624,77050.12,0
2015-06-12,3.5884,3.592,3.592,3.5884,19776000,0.10%,116191080,41680740080,71035.39,130173455
2015-06-15,3.592,3.592,3.592,3.592,19840000,0.00%,96351080,41680740080,71265.28,0
2015-06-16,3.592,3.592,3.592,3.592,15424000,0.00%,80927080,41680740080,55403.01,0
2015-06-17,3.592,3.592,3.592,3.592,21136000,0.00%,59791080,41680740080,75920.51,0
2015-06-18,3.592,3.592,3.592,3.592,14176000,0.00%,45615080,41680740080,50920.19,0
2015-06-19,3.592,3.592,3.592,3.592,21888000,0.00%,23727080,41680740080,78621.7,0
2015-06-22,3.592,3.592,3.592,3.592,22928000,0.00%,799080,41680740080,82357.38,0
2015-06-23,3.592,3.5956,3.5956,3.592,22288000,0.10%,105730473,41807959473,80138.73,127219393
2015-06-24,3.5956,3.5956,3.5956,3.5956,34912000,0.00%,70818473,41807959473,125529.59,0
2015-06-25,3.5956,3.5956,3.5956,3.5956,22064000,0.00%,48754473,41807959473,79333.32,0
2015-06-26,3.5956,3.5956,3.5956,3.5956,31024000,0.00%,17730473,41807959473,111549.89,0
2015-06-29,3.5956,3.5992,3.5992,3.5956,45280000,0.10%,98232796,41933741796,162971.78,125782322
2015-06-30,3.5992,3.5992,3.5992,3.5992,31776000,0.00%,66456796,41933741796,114368.18,0
2015-07-02,3.5992,3.5992,3.5992,3.5992,36224000,0.00%,30232796,41933741796,130377.42,0
2015-07-03,3.5992,3.5992,3.5992,3.5992,21072000,0.00%,9160796,41933741796,75842.34,0
2015-07-06,3.5992,3.6028,3.6028,3.5992,76096000,0.10%,58028448,42058705448,274158.67,124963651
2015-07-07,3.6028,3.6028,3.6028,3.6028,43232000,0.00%,14796448,42058705448,155756.25,0
2015-07-08,3.6028,3.6064,3.6064,3.6028,116656000,0.10%,24726418,42185291418,420708.2,126585970
2015-07-09,3.6064,3.61,3.61,3.6064,72704000,0.10%,79574040,42312843040,262461.44,127551622
2015-07-10,3.61,3.61,3.61,3.61,57712000,0.00%,21862040,42312843040,208340.32,0
2015-07-13,3.61,3.6136,3.6136,3.61,30176000,0.10%,119900477,42441057477,109043.99,128214436
2015-07-14,3.6136,3.6136,3.6136,3.6136,28896000,0.00%,91004477,42441057477,104418.59,0
2015-07-15,3.6136,3.6136,3.6136,3.6136,24912000,0.00%,66092477,42441057477,90022.0,0
2015-07-16,3.6136,3.6136,3.6136,3.6136,20880000,0.00%,45212477,42441057477,75451.97,0
2015-07-17,3.6136,3.6136,3.6136,3.6136,22336000,0.00%,22876477,42441057477,80713.37,0
2015-07-20,3.6136,3.6173,3.6173,3.6136,25792000,0.10%,124154721,42568127721,93297.4,127070244
2015-07-21,3.6173,3.6173,3.6173,3.6173,17344000,0.00%,106810721,42568127721,62738.45,0
2015-07-22,3.6173,3.6173,3.6173,3.6173,16464000,0.00%,90346721,42568127721,59555.23,0
2015-07-23,3.6173,3.6173,3.6173,3.6173,18224000,0.00%,72122721,42568127721,65921.68,0
2015-07-24,3.6173,3.6173,3.6173,3.6173,18208000,0.00%,53914721,42568127721,65863.8,0
2015-07-27,3.6173,3.6173,3.6173,3.6173,34016000,0.00%,19898721,42568127721,123046.08,0
2015-07-28,3.6173,3.6209,3.6209,3.6173,40240000,0.10%,105438243,42693907243,145705.02,125779522
2015-07-29,3.6209,3.6209,3.6209,3.6209,36304000,0.00%,69134243,42693907243,131453.15,0
2015-07-30,3.6209,3.6209,3.6209,3.6209,25024000,0.00%,44110243,42693907243,90609.4,0
2015-07-31,3.6209,3.6209,3.6209,3.6209,23056000,0.00%,21054243,42693907243,83483.47,0
2015-08-03,3.6209,3.6209,3.6209,3.6209,18464000,0.00%,2590243,42693907243,66856.3,0
2015-08-04,3.6209,3.6245,3.6245,3.6209,26288000,0.10%,101418503,42819023503,95280.86,125116259
2015-08-05,3.6245,3.6245,3.6245,3.6245,18816000,0.00%,82602503,42819023503,68198.59,0
2015-08-06,3.6245,3.6245,3.6245,3.6245,22704000,0.00%,59898503,42819023503,82290.65,0
2015-08-07,3.6245,3.6245,3.6245,3.6245,17264000,0.00%,42634503,42819023503,62573.37,0
2015-08-10,3.6245,3.6245,3.6245,3.6245,18032000,0.00%,24602503,42819023503,65356.98,0
2015-08-11,3.6245,3.6245,3.6245,3.6245,24576000,0.00%,26503,42819023503,89075.71,0
2015-08-12,3.6245,3.6281,3.6281,3.6245,63392000,0.10%,62085914,42944474914,229992.52,125451411
2015-08-13,3.6281,3.6317,3.6317,3.6281,66768000,0.10%,121716239,43070873239,242481.35,126398324
2015-08-14,3.6317,3.6317,3.6317,3.6317,25984000,0.00%,95732239,43070873239,94366.09,0
2015-08-17,3.6317,3.6317,3.6317,3.6317,27536000,0.00%,68196239,43070873239,100002.49,0
2015-08-18,3.6317,3.6317,3.6317,3.6317,20416000,0.00%,47780239,43070873239,74144.79,0
2015-08-19,3.6317,3.6317,3.6317,3.6317,26720000,0.00%,21060239,43070873239,97039.02,0
2015-08-20,3.6317,3.6354,3.6354,3.6317,41472000,0.10%,106513608,43197798608,150767.31,126925368
2015-08-21,3.6354,3.6354,3.6354,3.6354,60112000,0.00%,46401608,43197798608,218531.16,0
2015-08-24,3.6354,3.639,3.639,3.6354,76256000,0.10%,98402918,43326055918,277495.58,128257309
2015-08-25,3.639,3.639,3.639,3.639,81456000,0.00%,16946918,43326055918,296418.38,0
2015-08-26,3.639,3.6427,3.6427,3.639,50976000,0.10%,95244985,43455329985,185690.28,129274067
2015-08-27,3.6427,3.6427,3.6427,3.6427,68656000,0.00%,26588985,43455329985,250093.21,0
2015-08-28,3.6427,3.6463,3.6463,3.6427,54784000,0.10%,102608570,43586133570,199758.9,130803585
2015-08-31,3.6463,3.6463,3.6463,3.6463,31504000,0.00%,71104570,43586133570,114873.04,0
2015-09-01,3.6463,3.6463,3.6463,3.6463,32672000,0.00%,38432570,43586133570,119131.91,0
2015-09-02,3.6463,3.6499,3.6499,3.6463,41792000,0.10%,128321298,43717814298,152536.62,131680727
2015-09-04,3.6499,3.6499,3.6499,3.6499,29232000,0.00%,99089298,43717814298,106693.88,0
2015-09-07,3.6499,3.6499,3.6499,3.6499,33440000,0.00%,65649298,43717814298,122052.66,0
2015-09-08,3.6499,3.6499,3.6499,3.6499,37840000,0.00%,27809298,43717814298,138112.22,0
2015-09-09,3.6499,3.6536,3.6536,3.6499,44096000,0.10%,116372402,43850473402,161109.15,132659104
2015-09-10,3.6536,3.6536,3.6536,3.6536,30624000,0.00%,85748402,43850473402,111887.85,0
2015-09-11,3.6536,3.6536,3.6536,3.6536,37792000,0.00%,47956402,43850473402,138076.85,0
2015-09-14,3.6536,3.6536,3.6536,3.6536,20992000,0.00%,26964402,43850473402,76696.37,0
2015-09-15,3.6536,3.6572,3.6572,3.6536,31776000,0.10%,127861812,43983146812,116211.19,132673410
2015-09-16,3.6572,3.6572,3.6572,3.6572,39472000,0.00%,88389812,43983146812,144357.0,0
2015-09-17,3.6572,3.6572,3.6572,3.6572,38576000,0.00%,49813812,43983146812,141080.15,0
2015-09-18,3.6572,3.6572,3.6572,3.6572,38880000,0.00%,10933812,43983146812,142191.94,0
2015-09-21,3.6572,3.6609,3.6609,3.6572,26528000,0.10%,117938740,44116679740,97116.36,133532927
2015-09-22,3.6609,3.6609,3.6609,3.6609,31184000,0.00%,86754740,44116679740,114161.51,0
2015-09-23,3.6609,3.6609,3.6609,3.6609,29184000,0.00%,57570740,44116679740,106839.71,0
2015-09-24,3.6609,3.6609,3.6609,3.6609,25632000,0.00%,31938740,44116679740,93836.19,0
2015-09-25,3.6609,3.6609,3.6609,3.6609,28448000,0.00%,3490740,44116679740,104145.28,0
2015-09-29,3.6609,3.6646,3.6646,3.6609,40080000,0.10%,97632308,44250901308,146877.17,134221568
2015-09-30,3.6646,3.6646,3.6646,3.6646,38032000,0.00%,59600308,44250901308,139372.07,0
2015-10-02,3.6646,3.6646,3.6646,3.6646,45600000,0.00%,14000308,44250901308,167105.76,0
2015-10-05,3.6646,3.6682,3.6682,3.6646,39584000,0.10%,109855515,44386340515,145202.03,135439207
2015-10-06,3.6682,3.6682,3.6682,3.6682,30480000,0.00%,79375515,44386340515,111806.74,0
2015-10-07,3.6682,3.6682,3.6682,3.6682,34272000,0.00%,45103515,44386340515,125716.55,0
2015-10-08,3.6682,3.6682,3.6682,3.6682,27200000,0.00%,17903515,44386340515,99775.04,0
2015-10-09,3.6682,3.6719,3.6719,3.6682,25168000,0.10%,128782147,44522387147,92414.38,136046631
2015-10-12,3.6719,3.6719,3.6719,3.6719,22112000,0.00%,106670147,44522387147,81193.05,0
2015-10-13,3.6719,3.6719,3.6719,3.6719,16608000,0.00%,90062147,44522387147,60982.92,0
2015-10-14,3.6719,3.6719,3.6719,3.6719,18000000,0.00%,72062147,44522387147,66094.2,0
2015-10-15,3.6719,3.6719,3.6719,3.6719,24480000,0.00%,47582147,44522387147,89888.11,0
2015-10-16,3.6719,3.6719,3.6719,3.6719,25760000,0.00%,21822147,44522387147,94588.14,0
2015-10-19,3.6719,3.6719,3.6719,3.6719,16752000,0.00%,5070147,44522387147,61511.67,0
2015-10-20,3.6719,3.6756,3.6756,3.6719,14288000,0.10%,126126036,44657731036,52516.97,135343889
2015-10-22,3.6756,3.6756,3.6756,3.6756,19968000,0.00%,106158036,44657731036,73394.38,0
2015-10-23,3.6756,3.6756,3.6756,3.6756,30528000,0.00%,75630036,44657731036,112208.72,0
2015-10-26,3.6756,3.6756,3.6756,3.6756,23568000,0.00%,52062036,44657731036,86626.54,0
2015-10-27,3.6756,3.6756,3.6756,3.6756,22112000,0.00%,29950036,44657731036,81274.87,0
2015-10-28,3.6756,3.6756,3.6756,3.6756,16848000,0.00%,13102036,44657731036,61926.51,0
2015-10-29,3.6756,3.6792,3.6792,3.6756,17648000,0.10%,130460680,44792737680,64930.52,135006643
2015-10-30,3.6792,3.6792,3.6792,3.6792,21120000,0.00%,109340680,44792737680,77704.7,0
2015-11-02,3.6792,3.6792,3.6792,3.6792,17312000,0.00%,92028680,44792737680,63694.31,0
2015-11-03,3.6792,3.6792,3.6792,3.6792,35968000,0.00%,56060680,44792737680,132333.47,0
2015-11-04,3.6792,3.6792,3.6792,3.6792,44240000,0.00%,11820680,44792737680,162767.81,0
2015-11-05,3.6792,3.6829,3.6829,3.6792,25168000,0.10%,121412002,44927497002,92691.23,134759321
2015-11-06,3.6829,3.6829,3.6829,3.6829,17936000,0.00%,103476002,44927497002,66056.49,0
2015-11-09,3.6829,3.6829,3.6829,3.6829,22384000,0.00%,81092002,44927497002,82438.03,0
2015-11-10,3.6829,3.6829,3.6829,3.6829,22304000,0.00%,58788002,44927497002,82143.4,0
2015-11-11,3.6829,3.6829,3.6829,3.6829,40896000,0.00%,17892002,44927497002,150615.88,0
2015-11-12,3.6829,3.6866,3.6866,3.6829,36944000,0.10%,116554399,45063103399,136197.75,135606397
2015-11-13,3.6866,3.6866,3.6866,3.6866,20784000,0.00%,95770399,45063103399,76622.29,0
2015-11-16,3.6866,3.6866,3.6866,3.6866,22576000,0.00%,73194399,45063103399,83228.68,0
2015-11-17,3.6866,3.6866,3.6866,3.6866,24880000,0.00%,48314399,45063103399,91722.61,0
2015-11-18,3.6866,3.6866,3.6866,3.6866,15328000,0.00%,32986399,45063103399,56508.2,0
2015-11-19,3.6866,3.6866,3.6866,3.6866,21296000,0.00%,11690399,45063103399,78509.83,0
2015-11-20,3.6866,3.6903,3.6903,3.6866,17840000,0.10%,129541355,45198794355,65834.95,135690955
2015-11-23,3.6903,3.6903,3.6903,3.6903,21456000,0.00%,108085355,45198794355,79179.08,0
2015-11-24,3.6903,3.6903,3.6903,3.6903,15856000,0.00%,92229355,45198794355,58513.4,0
2015-11-25,3.6903,3.6903,3.6903,3.6903,20928000,0.00%,71301355,45198794355,77230.6,0
2015-11-26,3.6903,3.6903,3.6903,3.6903,22464000,0.00%,48837355,45198794355,82898.9,0
2015-11-27,3.6903,3.6903,3.6903,3.6903,26256000,0.00%,22581355,45198794355,96892.52,0
2015-11-30,3.6903,3.694,3.694,3.6903,52272000,0.10%,106149004,45334634004,193092.77,135839649
2015-12-01,3.694,3.694,3.694,3.694,41568000,0.00%,64581004,45334634004,153552.19,0
2015-12-02,3.694,3.694,3.694,3.694,33136000,0.00%,31445004,45334634004,122404.38,0
2015-12-03,3.694,3.6977,3.6977,3.694,44960000,0.10%,123267025,45471416025,166248.59,136782020
2015-12-04,3.6977,3.6977,3.6977,3.6977,79840000,0.00%,43427025,45471416025,295224.37,0
2015-12-07,3.6977,3.6977,3.6977,3.6977,34032000,0.00%,9395025,45471416025,125840.13,0
2015-12-08,3.6977,3.7014,3.7014,3.6977,28464000,0.10%,118275278,45608760278,105356.65,137344253
2015-12-09,3.7014,3.7014,3.7014,3.7014,30128000,0.00%,88147278,45608760278,111515.78,0
2015-12-10,3.7014,3.7014,3.7014,3.7014,21520000,0.00%,66627278,45608760278,79654.13,0
2015-12-11,3.7014,3.7014,3.7014,3.7014,31488000,0.00%,35139278,45608760278,116549.68,0
2015-12-14,3.7014,3.7014,3.7014,3.7014,26896000,0.00%,8243278,45608760278,99552.85,0
2015-12-15,3.7014,3.7051,3.7051,3.7014,25792000,0.10%,119410302,45745719302,95561.94,136959024
2015-12-16,3.7051,3.7051,3.7051,3.7051,23072000,0.00%,96338302,45745719302,85484.07,0
2015-12-17,3.7051,3.7051,3.7051,3.7051,25584000,0.00%,70754302,45745719302,94791.28,0
2015-12-18,3.7051,3.7051,3.7051,3.7051,29248000,0.00%,41506302,45745719302,108366.76,0
2015-12-21,3.7051,3.7051,3.7051,3.7051,14368000,0.00%,27138302,45745719302,53234.88,0
2015-12-22,3.7051,3.7051,3.7051,3.7051,11104000,0.00%,16034302,45745719302,41141.43,0
2015-12-23,3.7051,3.7051,3.7051,3.7051,11872000,0.00%,4162302,45745719302,43986.95,0
2015-12-24,3.7051,3.7088,3.7088,3.7051,7648000,0.10%,132824301,45882029301,28364.9,136309998
2015-12-28,3.7088,3.7088,3.7088,3.7088,10736000,0.00%,122088301,45882029301,39817.68,0
2015-12-29,3.7088,3.7088,3.7088,3.7088,11792000,0.00%,110296301,45882029301,43734.17,0
2015-12-30,3.7088,3.7088,3.7088,3.7088,11408000,0.00%,98888301,45882029301,42309.99,0
2015-12-31,3.7088,3.7088,3.7088,3.7088,10960000,0.00%,87928301,45882029301,40648.45,0
2016-01-04,3.7088,3.7088,3.7088,3.7088,27285000,0.00%,60643301,45882029301,101194.61,0
2016-01-05,3.7088,3.7088,3.7088,3.7088,27489000,0.00%,33154301,45882029301,101951.2,0
2016-01-06,3.7088,3.7088,3.7088,3.7088,26537000,0.00%,6617301,45882029301,98420.43,0
2016-01-07,3.7088,3.7125,3.7125,3.7088,40222000,0.10%,102805888,46018439888,149324.18,136410586
2016-01-08,3.7125,3.7125,3.7125,3.7125,31552000,0.00%,71253888,46018439888,117136.8,0
2016-01-11,3.7125,3.7125,3.7125,3.7125,38012000,0.00%,33241888,46018439888,141119.55,0
2016-01-12,3.7125,3.7162,3.7162,3.7125,37536000,0.10%,133201200,46155935200,139491.28,137495312
2016-01-13,3.7162,3.7162,3.7162,3.7162,40562000,0.00%,92639200,46155935200,150736.5,0
2016-01-14,3.7162,3.7162,3.7162,3.7162,45067000,0.00%,47572200,46155935200,167477.99,0
2016-01-15,3.7162,3.7162,3.7162,3.7162,40749000,0.00%,6823200,46155935200,151431.43,0
2016-01-18,3.7162,3.7199,3.7199,3.7162,37264000,0.10%,108330730,46294706730,138618.35,138771529
2016-01-19,3.7199,3.7199,3.7199,3.7199,38420000,0.00%,69910730,46294706730,142918.56,0
2016-01-20,3.7199,3.7199,3.7199,3.7199,44948000,0.00%,24962730,46294706730,167202.07,0
2016-01-21,3.7199,3.7236,3.7236,3.7199,51918000,0.10%,113233057,46434895057,193321.86,140188326
2016-01-22,3.7236,3.7236,3.7236,3.7236,41735000,0.00%,71498057,46434895057,155404.45,0
2016-01-25,3.7236,3.7236,3.7236,3.7236,52955000,0.00%,18543057,46434895057,197183.24,0
2016-01-26,3.7236,3.7274,3.7274,3.7236,43078000,0.10%,116927764,46576357764,160568.94,141462707
2016-01-27,3.7274,3.7274,3.7274,3.7274,46580000,0.00%,70347764,46576357764,173622.29,0
2016-01-28,3.7274,3.7274,3.7274,3.7274,40936000,0.00%,29411764,46576357764,152584.85,0
2016-01-29,3.7274,3.7311,3.7311,3.7274,48161000,0.10%,122941231,46718048231,179693.51,141690466
2016-02-01,3.7311,3.7311,3.7311,3.7311,34782000,0.00%,88159231,46718048231,129775.12,0
2016-02-02,3.7311,3.7311,3.7311,3.7311,29257000,0.00%,58902231,46718048231,109160.79,0
2016-02-03,3.7311,3.7311,3.7311,3.7311,37961000,0.00%,20941231,46718048231,141636.29,0
2016-02-04,3.7311,3.7348,3.7348,3.7311,27727000,0.10%,134736245,46859570245,103554.8,141522013
2016-02-05,3.7348,3.7348,3.7348,3.7348,21624000,0.00%,113112245,46859570245,80761.32,0
2016-02-11,3.7348,3.7348,3.7348,3.7348,61540000,0.00%,51572245,46859570245,229839.59,0
2016-02-12,3.7348,3.7348,3.7348,3.7348,42296000,0.00%,9276245,46859570245,157967.1,0
2016-02-15,3.7348,3.7386,3.7386,3.7348,36890000,0.10%,114790609,47001974609,137916.95,142404364
2016-02-16,3.7386,3.7386,3.7386,3.7386,26401000,0.00%,88389609,47001974609,98702.78,0
2016-02-17,3.7386,3.7386,3.7386,3.7386,29342000,0.00%,59047609,47001974609,109698.0,0
2016-02-18,3.7386,3.7386,3.7386,3.7386,34748000,0.00%,24299609,47001974609,129908.87,0
2016-02-19,3.7386,3.7386,3.7386,3.7386,21097000,0.00%,3202609,47001974609,78873.24,0
2016-02-22,3.7386,3.7423,3.7423,3.7386,16881000,0.10%,128744400,47144397400,63173.77,142422790
2016-02-23,3.7423,3.7423,3.7423,3.7423,19584000,0.00%,109160400,47144397400,73289.2,0
2016-02-24,3.7423,3.7423,3.7423,3.7423,25721000,0.00%,83439400,47144397400,96255.7,0
2016-02-25,3.7423,3.7423,3.7423,3.7423,18547000,0.00%,64892400,47144397400,69408.44,0
2016-02-26,3.7423,3.7423,3.7423,3.7423,29512000,0.00%,35380400,47144397400,110442.76,0
2016-02-29,3.7423,3.7423,3.7423,3.7423,24276000,0.00%,11104400,47144397400,90848.07,0
2016-03-01,3.7423,3.746,3.746,3.7423,26350000,0.10%,126106117,47285749117,98707.1,141351716
2016-03-02,3.746,3.746,3.746,3.746,41633000,0.00%,84473117,47285749117,155957.22,0
2016-03-03,3.746,3.746,3.746,3.746,27132000,0.00%,57341117,47285749117,101636.47,0
2016-03-04,3.746,3.746,3.746,3.746,33507000,0.00%,23834117,47285749117,125517.22,0
2016-03-07,3.746,3.746,3.746,3.746,23375000,0.00%,459117,47285749117,87562.75,0
2016-03-08,3.746,3.7498,3.7498,3.746,19448000,0.10%,121792214,47426530214,72926.11,140781097
2016-03-09,3.7498,3.7498,3.7498,3.7498,23919000,0.00%,97873214,47426530214,89691.47,0
2016-03-10,3.7498,3.7498,3.7498,3.7498,17170000,0.00%,80703214,47426530214,64384.07,0
2016-03-11,3.7498,3.7498,3.7498,3.7498,29750000,0.00%,50953214,47426530214,111556.55,0
2016-03-14,3.7498,3.7498,3.7498,3.7498,50456000,0.00%,497214,47426530214,189199.91,0
2016-03-15,3.7498,3.7535,3.7535,3.7498,27557000,0.10%,113069791,47566659791,103435.2,140129576
2016-03-16,3.7535,3.7535,3.7535,3.7535,23664000,0.00%,89405791,47566659791,88822.82,0
2016-03-17,3.7535,3.7535,3.7535,3.7535,23205000,0.00%,66200791,47566659791,87099.97,0
2016-03-18,3.7535,3.7573,3.7573,3.7535,88417000,0.10%,119495991,47708371991,332209.19,141712200
2016-03-21,3.7573,3.7573,3.7573,3.7573,31654000,0.00%,87841991,47708371991,118933.57,0
2016-03-22,3.7573,3.7573,3.7573,3.7573,33915000,0.00%,53926991,47708371991,127428.83,0
2016-03-23,3.7573,3.7573,3.7573,3.7573,26248000,0.00%,27678991,47708371991,98621.61,0
2016-03-24,3.7573,3.761,3.761,3.7573,31348000,0.10%,137500808,47849541808,117899.83,141169817
2016-03-29,3.761,3.761,3.761,3.761,28594000,0.00%,108906808,47849541808,107542.03,0
2016-03-30,3.761,3.761,3.761,3.761,35411000,0.00%,73495808,47849541808,133180.77,0
2016-03-31,3.761,3.761,3.761,3.761,29784000,0.00%,43711808,47849541808,112017.62,0
2016-04-01,3.761,3.761,3.761,3.761,27268000,0.00%,16443808,47849541808,102554.95,0
2016-04-05,3.761,3.7648,3.7648,3.761,24650000,0.10%,132706463,47990454463,92802.32,140912655
2016-04-06,3.7648,3.7648,3.7648,3.7648,30192000,0.00%,102514463,47990454463,113666.84,0
2016-04-07,3.7648,3.7648,3.7648,3.7648,37009000,0.00%,65505463,47990454463,139331.48,0
2016-04-08,3.7648,3.7648,3.7648,3.7648,25772000,0.00%,39733463,47990454463,97026.43,0
2016-04-11,3.7648,3.7648,3.7648,3.7648,15980000,0.00%,23753463,47990454463,60161.5,0
2016-04-12,3.7648,3.7648,3.7648,3.7648,20927000,0.00%,2826463,47990454463,78785.97,0
2016-04-13,3.7648,3.7686,3.7686,3.7648,55318000,0.10%,89006855,48131952855,208471.41,141498391
2016-04-14,3.7686,3.7686,3.7686,3.7686,43010000,0.00%,45996855,48131952855,162087.49,0
2016-04-15,3.7686,3.7686,3.7686,3.7686,19397000,0.00%,26599855,48131952855,73099.53,0
2016-04-18,3.7686,3.7686,3.7686,3.7686,15504000,0.00%,11095855,48131952855,58428.37,0
2016-04-19,3.7686,3.7723,3.7723,3.7686,23188000,0.10%,128301808,48272346808,87472.09,140393953
2016-04-20,3.7723,3.7723,3.7723,3.7723,26316000,0.00%,101985808,48272346808,99271.85,0
2016-04-21,3.7723,3.7723,3.7723,3.7723,22304000,0.00%,79681808,48272346808,84137.38,0
2016-04-22,3.7723,3.7723,3.7723,3.7723,14994000,0.00%,64687808,48272346808,56561.87,0
2016-04-25,3.7723,3.7723,3.7723,3.7723,18241000,0.00%,46446808,48272346808,68810.52,0
2016-04-26,3.7723,3.7723,3.7723,3.7723,14705000,0.00%,31741808,48272346808,55471.67,0
2016-04-27,3.7723,3.7723,3.7723,3.7723,19635000,0.00%,12106808,48272346808,74069.11,0
2016-04-28,3.7723,3.7761,3.7761,3.7723,31722000,0.10%,120551471,48412513471,119785.44,140166662
2016-04-29,3.7761,3.7761,3.7761,3.7761,18530000,0.00%,102021471,48412513471,69971.13,0
2016-05-03,3.7761,3.7761,3.7761,3.7761,26078000,0.00%,75943471,48412513471,98473.14,0
2016-05-04,3.7761,3.7761,3.7761,3.7761,27846000,0.00%,48097471,48412513471,105149.28,0
2016-05-05,3.7761,3.7761,3.7761,3.7761,23205000,0.00%,24892471,48412513471,87624.4,0
2016-05-06,3.7761,3.7799,3.7799,3.7761,26996000,0.10%,138538005,48553155005,102042.18,140641534
2016-05-09,3.7799,3.7799,3.7799,3.7799,16014000,0.00%,122524005,48553155005,60531.32,0
2016-05-10,3.7799,3.7799,3.7799,3.7799,20145000,0.00%,102379005,48553155005,76146.09,0
2016-05-11,3.7799,3.7799,3.7799,3.7799,19703000,0.00%,82676005,48553155005,74475.37,0
2016-05-12,3.7799,3.7799,3.7799,3.7799,22576000,0.00%,60100005,48553155005,85335.02,0
2016-05-13,3.7799,3.7799,3.7799,3.7799,30753000,0.00%,29347005,48553155005,116243.26,0
2016-05-16,3.7799,3.7837,3.7837,3.7799,36686000,0.10%,133897274,48694391274,138808.82,141236268
2016-05-17,3.7837,3.7837,3.7837,3.7837,38471000,0.00%,95426274,48694391274,145562.72,0
2016-05-18,3.7837,3.7837,3.7837,3.7837,35122000,0.00%,60304274,48694391274,132891.11,0
2016-05-19,3.7837,3.7837,3.7837,3.7837,59976000,0.00%,328274,48694391274,226931.19,0
2016-05-20,3.7837,3.7874,3.7874,3.7837,32623000,0.10%,110091714,48836777714,123556.35,142386440
2016-05-23,3.7874,3.7874,3.7874,3.7874,20774000,0.00%,89317714,48836777714,78679.45,0
2016-05-24,3.7874,3.7874,3.7874,3.7874,20961000,0.00%,68356714,48836777714,79387.69,0
2016-05-25,3.7874,3.7874,3.7874,3.7874,36686000,0.00%,31670714,48836777714,138944.56,0
2016-05-26,3.7874,3.7874,3.7874,3.7874,24582000,0.00%,7088714,48836777714,93101.87,0
2016-05-27,3.7874,3.7912,3.7912,3.7874,70159000,0.10%,80604506,48980452506,265986.8,143674791
2016-05-30,3.7912,3.7912,3.7912,3.7912,36975000,0.00%,43629506,48980452506,140179.62,0
2016-05-31,3.7912,3.795,3.795,3.7912,95591000,0.10%,93382789,49125796789,362767.85,145344282
2016-06-01,3.795,3.795,3.795,3.795,29495000,0.00%,63887789,49125796789,111933.53,0
2016-06-02,3.795,3.795,3.795,3.795,36482000,0.00%,27405789,49125796789,138449.19,0
2016-06-03,3.795,3.7988,3.7988,3.795,46648000,0.10%,126820313,49271859313,177206.42,146062523
2016-06-06,3.7988,3.7988,3.7988,3.7988,29104000,0.00%,97716313,49271859313,110560.28,0
2016-06-07,3.7988,3.7988,3.7988,3.7988,29325000,0.00%,68391313,49271859313,111399.81,0
2016-06-08,3.7988,3.7988,3.7988,3.7988,32079000,0.00%,36312313,49271859313,121861.71,0
2016-06-10,3.7988,3.7988,3.7988,3.7988,34680000,0.00%,1632313,49271859313,131742.38,0
2016-06-13,3.7988,3.8026,3.8026,3.7988,35989000,0.10%,109567275,49415783275,136851.77,143923962
2016-06-14,3.8026,3.8026,3.8026,3.8026,30141000,0.00%,79426275,49415783275,114614.17,0
2016-06-15,3.8026,3.8026,3.8026,3.8026,32028000,0.00%,47398275,49415783275,121789.67,0
2016-06-16,3.8026,3.8026,3.8026,3.8026,25653000,0.00%,21745275,49415783275,97548.1,0
2016-06-17,3.8026,3.8064,3.8064,3.8026,30396000,0.10%,135710062,49560144062,115699.33,144360786
2016-06-20,3.8064,3.8064,3.8064,3.8064,16031000,0.00%,119679062,49560144062,61020.4,0
2016-06-21,3.8064,3.8064,3.8064,3.8064,17136000,0.00%,102543062,49560144062,65226.47,0
2016-06-22,3.8064,3.8064,3.8064,3.8064,33371000,0.00%,69172062,49560144062,127023.37,0
2016-06-23,3.8064,3.8064,3.8064,3.8064,20808000,0.00%,48364062,49560144062,79203.57,0
2016-06-24,3.8064,3.8102,3.8102,3.8064,52003000,0.10%,140432759,49704215759,198141.83,144071697
2016-06-27,3.8102,3.8102,3.8102,3.8102,26622000,0.00%,113810759,49704215759,101435.14,0
2016-06-28,3.8102,3.8102,3.8102,3.8102,30515000,0.00%,83295759,49704215759,116268.25,0
2016-06-29,3.8102,3.8102,3.8102,3.8102,23035000,0.00%,60260759,49704215759,87767.96,0
2016-06-30,3.8102,3.8102,3.8102,3.8102,28764000,0.00%,31496759,49704215759,109596.59,0
2016-07-04,3.8102,3.8102,3.8102,3.8102,27591000,0.00%,3905759,49704215759,105127.23,0
2016-07-05,3.8102,3.814,3.814,3.8102,16252000,0.10%,127664536,49844226536,61985.13,140010777
2016-07-06,3.814,3.814,3.814,3.814,19822000,0.00%,107842536,49844226536,75601.11,0
2016-07-07,3.814,3.814,3.814,3.814,13634000,0.00%,94208536,49844226536,52000.08,0
2016-07-08,3.814,3.814,3.814,3.814,23494000,0.00%,70714536,49844226536,89606.12,0
2016-07-11,3.814,3.814,3.814,3.814,21845000,0.00%,48869536,49844226536,83316.83,0
2016-07-12,3.814,3.814,3.814,3.814,23528000,0.00%,25341536,49844226536,89735.79,0
2016-07-13,3.814,3.814,3.814,3.814,19057000,0.00%,6284536,49844226536,72683.4,0
2016-07-14,3.814,3.8179,3.8179,3.814,21539000,0.10%,123520721,49983001721,82233.75,138775184
2016-07-15,3.8179,3.8179,3.8179,3.8179,26333000,0.00%,97187721,49983001721,100536.76,0
2016-07-18,3.8179,3.8179,3.8179,3.8179,17051000,0.00%,80136721,49983001721,65099.01,0
2016-07-19,3.8179,3.8179,3.8179,3.8179,20026000,0.00%,60110721,49983001721,76457.27,0
2016-07-20,3.8179,3.8179,3.8179,3.8179,22661000,0.00%,37449721,49983001721,86517.43,0
2016-07-21,3.8179,3.8179,3.8179,3.8179,25160000,0.00%,12289721,49983001721,96058.36,0
2016-07-22,3.8179,3.8217,3.8217,3.8179,13260000,0.10%,137178019,50121150019,50675.74,138148298
2016-07-25,3.8217,3.8217,3.8217,3.8217,13226000,0.00%,123952019,50121150019,50545.8,0
2016-07-26,3.8217,3.8217,3.8217,3.8217,25024000,0.00%,98928019,50121150019,95634.22,0
2016-07-27,3.8217,3.8217,3.8217,3.8217,20553000,0.00%,78375019,50121150019,78547.4,0
2016-07-28,3.8217,3.8217,3.8217,3.8217,19805000,0.00%,58570019,50121150019,75688.77,0
2016-07-29,3.8217,3.8217,3.8217,3.8217,22695000,0.00%,35875019,50121150019,86733.48,0
2016-08-01,3.8217,3.8217,3.8217,3.8217,35241000,0.00%,634019,50121150019,134680.53,0
2016-08-03,3.8217,3.8255,3.8255,3.8217,31297000,0.10%,106938733,50258751733,119726.67,137601714
2016-08-04,3.8255,3.8255,3.8255,3.8255,16388000,0.00%,90550733,50258751733,62692.29,0
2016-08-05,3.8255,3.8255,3.8255,3.8255,17051000,0.00%,73499733,50258751733,65228.6,0
2016-08-08,3.8255,3.8255,3.8255,3.8255,20247000,0.00%,53252733,50258751733,77454.9,0
2016-08-09,3.8255,3.8255,3.8255,3.8255,13821000,0.00%,39431733,50258751733,52872.24,0
2016-08-10,3.8255,3.8255,3.8255,3.8255,12750000,0.00%,26681733,50258751733,48775.13,0
2016-08-11,3.8255,3.8255,3.8255,3.8255,19363000,0.00%,7318733,50258751733,74073.16,0
2016-08-12,3.8255,3.8293,3.8293,3.8255,30855000,0.10%,113808471,50396096471,118153.05,137344737
2016-08-15,3.8293,3.8293,3.8293,3.8293,22423000,0.00%,91385471,50396096471,85864.39,0
2016-08-16,3.8293,3.8293,3.8293,3.8293,41769000,0.00%,49616471,50396096471,159946.03,0
2016-08-17,3.8293,3.8293,3.8293,3.8293,31399000,0.00%,18217471,50396096471,120236.19,0
2016-08-18,3.8293,3.8331,3.8331,3.8293,70227000,0.10%,86402770,50534508770,269187.11,138412298
2016-08-19,3.8331,3.8331,3.8331,3.8331,21369000,0.00%,65033770,50534508770,81909.51,0
2016-08-22,3.8331,3.8331,3.8331,3.8331,19465000,0.00%,45568770,50534508770,74611.29,0
2016-08-23,3.8331,3.8331,3.8331,3.8331,15164000,0.00%,30404770,50534508770,58125.13,0
2016-08-24,3.8331,3.8331,3.8331,3.8331,23154000,0.00%,7250770,50534508770,88751.6,0
2016-08-25,3.8331,3.837,3.837,3.8331,18683000,0.10%,126967206,50672908206,71686.67,138399435
2016-08-26,3.837,3.837,3.837,3.837,13753000,0.00%,113214206,50672908206,52770.26,0
2016-08-29,3.837,3.837,3.837,3.837,16728000,0.00%,96486206,50672908206,64185.34,0
2016-08-30,3.837,3.837,3.837,3.837,19975000,0.00%,76511206,50672908206,76644.08,0
2016-08-31,3.837,3.837,3.837,3.837,26044000,0.00%,50467206,50672908206,99930.83,0
2016-09-01,3.837,3.837,3.837,3.837,23137000,0.00%,27330206,50672908206,88776.67,0
2016-09-02,3.837,3.8408,3.8408,3.837,27931000,0.10%,138401134,50811910134,107277.38,139001928
2016-09-05,3.8408,3.8408,3.8408,3.8408,32130000,0.00%,106271134,50811910134,123404.9,0
2016-09-06,3.8408,3.8408,3.8408,3.8408,32402000,0.00%,73869134,50811910134,124449.6,0
2016-09-07,3.8408,3.8408,3.8408,3.8408,29937000,0.00%,43932134,50811910134,114982.03,0
2016-09-08,3.8408,3.8408,3.8408,3.8408,26333000,0.00%,17599134,50811910134,101139.79,0
2016-09-09,3.8408,3.8447,3.8447,3.8408,34476000,0.10%,123188677,50951975677,132549.88,140065543
2016-09-12,3.8447,3.8447,3.8447,3.8447,33864000,0.00%,89324677,50951975677,130196.92,0
2016-09-13,3.8447,3.8447,3.8447,3.8447,25279000,0.00%,64045677,50951975677,97190.17,0
2016-09-14,3.8447,3.8447,3.8447,3.8447,13090000,0.00%,50955677,50951975677,50327.12,0
2016-09-15,3.8447,3.8447,3.8447,3.8447,30702000,0.00%,20253677,50951975677,118039.98,0
2016-09-19,3.8447,3.8485,3.8485,3.8447,31263000,0.10%,129036935,51092021935,120315.66,140046257
2016-09-20,3.8485,3.8485,3.8485,3.8485,20638000,0.00%,108398935,51092021935,79425.34,0
2016-09-21,3.8485,3.8485,3.8485,3.8485,19567000,0.00%,88831935,51092021935,75303.6,0
2016-09-22,3.8485,3.8485,3.8485,3.8485,30328000,0.00%,58503935,51092021935,116717.31,0
2016-09-23,3.8485,3.8485,3.8485,3.8485,42466000,0.00%,16037935,51092021935,163430.4,0
2016-09-26,3.8485,3.8524,3.8524,3.8485,31586000,0.10%,122157982,51229727982,121681.91,137706047
2016-09-27,3.8524,3.8524,3.8524,3.8524,25058000,0.00%,97099982,51229727982,96533.44,0
2016-09-28,3.8524,3.8524,3.8524,3.8524,13889000,0.00%,83210982,51229727982,53505.98,0
2016-09-29,3.8524,3.8524,3.8524,3.8524,18904000,0.00%,64306982,51229727982,72825.77,0
2016-09-30,3.8524,3.8524,3.8524,3.8524,25262000,0.00%,39044982,51229727982,97319.33,0
2016-10-03,3.8524,3.8524,3.8524,3.8524,17034000,0.00%,22010982,51229727982,65621.78,0
2016-10-04,3.8524,3.8524,3.8524,3.8524,13141000,0.00%,8869982,51229727982,50624.39,0
2016-10-05,3.8524,3.8562,3.8562,3.8524,11322000,0.10%,134437429,51366617429,43659.9,136889446
2016-10-06,3.8562,3.8562,3.8562,3.8562,18122000,0.00%,116315429,51366617429,69882.06,0
2016-10-07,3.8562,3.8562,3.8562,3.8562,15130000,0.00%,101185429,51366617429,58344.31,0
2016-10-11,3.8562,3.8562,3.8562,3.8562,21607000,0.00%,79578429,51366617429,83320.91,0
2016-10-12,3.8562,3.8562,3.8562,3.8562,28339000,0.00%,51239429,51366617429,109280.85,0
2016-10-13,3.8562,3.8562,3.8562,3.8562,28713000,0.00%,22526429,51366617429,110723.07,0
2016-10-14,3.8562,3.8601,3.8601,3.8562,23851000,0.10%,135936242,51503878242,92067.25,137260812
2016-10-17,3.8601,3.8601,3.8601,3.8601,16609000,0.00%,119327242,51503878242,64112.4,0
2016-10-18,3.8601,3.8601,3.8601,3.8601,20842000,0.00%,98485242,51503878242,80452.2,0
2016-10-19,3.8601,3.8601,3.8601,3.8601,12886000,0.00%,85599242,51503878242,49741.25,0
2016-10-20,3.8601,3.8601,3.8601,3.8601,13991000,0.00%,71608242,51503878242,54006.66,0
2016-10-24,3.8601,3.8601,3.8601,3.8601,26469000,0.00%,45139242,51503878242,102172.99,0
2016-10-25,3.8601,3.8601,3.8601,3.8601,14229000,0.00%,30910242,51503878242,54925.36,0
2016-10-26,3.8601,3.8601,3.8601,3.8601,14926000,0.00%,15984242,51503878242,57615.85,0
2016-10-27,3.8601,3.8639,3.8639,3.8601,18173000,0.10%,134811955,51640878955,70218.65,137000713
2016-10-28,3.8639,3.8639,3.8639,3.8639,30396000,0.00%,104415955,51640878955,117447.1,0
2016-10-31,3.8639,3.8639,3.8639,3.8639,20553000,0.00%,83862955,51640878955,79414.74,0
2016-11-01,3.8639,3.8639,3.8639,3.8639,25551000,0.00%,58311955,51640878955,98726.51,0
2016-11-02,3.8639,3.8639,3.8639,3.8639,23579000,0.00%,34732955,51640878955,91106.9,0
2016-11-03,3.8639,3.8639,3.8639,3.8639,29682000,0.00%,5050955,51640878955,114688.28,0
2016-11-04,3.8639,3.8678,3.8678,3.8639,28934000,0.10%,112585262,51777347262,111910.93,136468306
2016-11-07,3.8678,3.8678,3.8678,3.8678,27353000,0.00%,85232262,51777347262,105795.93,0
2016-11-08,3.8678,3.8678,3.8678,3.8678,21012000,0.00%,64220262,51777347262,81270.21,0
2016-11-09,3.8678,3.8678,3.8678,3.8678,57205000,0.00%,7015262,51777347262,221257.5,0
2016-11-10,3.8678,3.8717,3.8717,3.8678,32266000,0.10%,111565374,51914163374,124924.27,136816112
2016-11-11,3.8717,3.8717,3.8717,3.8717,77095000,0.00%,34470374,51914163374,298488.71,0
2016-11-14,3.8717,3.8755,3.8755,3.8717,85561000,0.10%,86317877,52051571877,331591.66,137408502
2016-11-15,3.8755,3.8755,3.8755,3.8755,52173000,0.00%,34144877,52051571877,202196.46,0
2016-11-16,3.8755,3.8794,3.8794,3.8755,45900000,0.10%,125830344,52189157344,178064.46,137585466
2016-11-17,3.8794,3.8794,3.8794,3.8794,46359000,0.00%,79471344,52189157344,179845.1,0
2016-11-18,3.8794,3.8794,3.8794,3.8794,29053000,0.00%,50418344,52189157344,112708.21,0
2016-11-21,3.8794,3.8794,3.8794,3.8794,25755000,0.00%,24663344,52189157344,99913.95,0
2016-11-22,3.8794,3.8794,3.8794,3.8794,22117000,0.00%,2546344,52189157344,85800.69,0
2016-11-23,3.8794,3.8833,3.8833,3.8794,26571000,0.10%,113446905,52326628905,103183.16,137471561
2016-11-24,3.8833,3.8833,3.8833,3.8833,26282000,0.00%,87164905,52326628905,102060.89,0
2016-11-25,3.8833,3.8833,3.8833,3.8833,13294000,0.00%,73870905,52326628905,51624.59,0
2016-11-28,3.8833,3.8833,3.8833,3.8833,28135000,0.00%,45735905,52326628905,109256.65,0
2016-11-29,3.8833,3.8833,3.8833,3.8833,33558000,0.00%,12177905,52326628905,130315.78,0
2016-11-30,3.8833,3.8872,3.8872,3.8833,30413000,0.10%,118935411,52463799411,118221.41,137170506
2016-12-01,3.8872,3.8872,3.8872,3.8872,26299000,0.00%,92636411,52463799411,102229.47,0
2016-12-02,3.8872,3.8872,3.8872,3.8872,53805000,0.00%,38831411,52463799411,209150.8,0
2016-12-05,3.8872,3.8872,3.8872,3.8872,25296000,0.00%,13535411,52463799411,98330.61,0
2016-12-06,3.8872,3.891,3.891,3.8872,18411000,0.10%,132706851,52601381851,71637.2,137582439
2016-12-07,3.891,3.891,3.891,3.891,16932000,0.00%,115774851,52601381851,65882.41,0
2016-12-08,3.891,3.891,3.891,3.891,26826000,0.00%,88948851,52601381851,104379.97,0
2016-12-09,3.891,3.891,3.891,3.891,39083000,0.00%,49865851,52601381851,152071.95,0
2016-12-12,3.891,3.891,3.891,3.891,37332000,0.00%,12533851,52601381851,145258.81,0
2016-12-13,3.891,3.8949,3.8949,3.891,27863000,0.10%,122721206,52739432206,108523.6,138050355
2016-12-14,3.8949,3.8949,3.8949,3.8949,31501000,0.00%,91220206,52739432206,122693.24,0
2016-12-15,3.8949,3.8949,3.8949,3.8949,40477000,0.00%,50743206,52739432206,157653.87,0
2016-12-16,3.8949,3.8949,3.8949,3.8949,37026000,0.00%,13717206,52739432206,144212.57,0
2016-12-19,3.8949,3.8988,3.8988,3.8949,18581000,0.10%,133315803,52877611803,72443.6,138179596
2016-12-20,3.8988,3.8988,3.8988,3.8988,21828000,0.00%,111487803,52877611803,85103.01,0
2016-12-21,3.8988,3.8988,3.8988,3.8988,19244000,0.00%,92243803,52877611803,75028.51,0
2016-12-22,3.8988,3.8988,3.8988,3.8988,25551000,0.00%,66692803,52877611803,99618.24,0
2016-12-23,3.8988,3.8988,3.8988,3.8988,27812000,0.00%,38880803,52877611803,108433.43,0
2016-12-28,3.8988,3.8988,3.8988,3.8988,30974000,0.00%,7906803,52877611803,120761.43,0
2016-12-29,3.8988,3.9027,3.9027,3.8988,37604000,0.10%,108751387,53016060387,146757.13,138448583
2016-12-30,3.9027,3.9027,3.9027,3.9027,23086000,0.00%,85665387,53016060387,90097.73,0
2017-01-03,3.9027,3.9027,3.9027,3.9027,17352000,0.00%,68313387,53016060387,67719.65,0
2017-01-04,3.9027,3.9027,3.9027,3.9027,20538000,0.00%,47775387,53016060387,80153.65,0
2017-01-05,3.9027,3.9027,3.9027,3.9027,36972000,0.00%,10803387,53016060387,144290.62,0
2017-01-06,3.9027,3.9066,3.9066,3.9027,36144000,0.10%,114149439,53155550439,141200.15,139490052
2017-01-09,3.9066,3.9066,3.9066,3.9066,24498000,0.00%,89651439,53155550439,95703.89,0
2017-01-10,3.9066,3.9066,3.9066,3.9066,28134000,0.00%,61517439,53155550439,109908.28,0
2017-01-11,3.9066,3.9066,3.9066,3.9066,37260000,0.00%,24257439,53155550439,145559.92,0
2017-01-12,3.9066,3.9105,3.9105,3.9066,29448000,0.10%,135312290,53296053290,115156.4,140502850
2017-01-13,3.9105,3.9105,3.9105,3.9105,18288000,0.00%,117024290,53296053290,71515.22,0
2017-01-16,3.9105,3.9105,3.9105,3.9105,20880000,0.00%,96144290,53296053290,81651.24,0
2017-01-17,3.9105,3.9105,3.9105,3.9105,15930000,0.00%,80214290,53296053290,62294.26,0
2017-01-18,3.9105,3.9105,3.9105,3.9105,19728000,0.00%,60486290,53296053290,77146.34,0
2017-01-19,3.9105,3.9105,3.9105,3.9105,17388000,0.00%,43098290,53296053290,67995.77,0
2017-01-20,3.9105,3.9105,3.9105,3.9105,13842000,0.00%,29256290,53296053290,54129.14,0
2017-01-23,3.9105,3.9105,3.9105,3.9105,12708000,0.00%,16548290,53296053290,49694.63,0
2017-01-24,3.9105,3.9105,3.9105,3.9105,15894000,0.00%,654290,53296053290,62153.49,0
2017-01-25,3.9105,3.9145,3.9145,3.9105,30636000,0.10%,110173686,53436208686,119924.62,140155395
2017-01-26,3.9145,3.9145,3.9145,3.9145,37872000,0.00%,72301686,53436208686,148249.94,0
2017-01-27,3.9145,3.9145,3.9145,3.9145,15696000,0.00%,56605686,53436208686,61441.99,0
2017-02-01,3.9145,3.9145,3.9145,3.9145,35082000,0.00%,21523686,53436208686,137328.49,0
2017-02-02,3.9145,3.9184,3.9184,3.9145,25650000,0.10%,136409964,53576744964,100506.96,140536278
2017-02-03,3.9184,3.9184,3.9184,3.9184,22554000,0.00%,113855964,53576744964,88375.59,0
2017-02-06,3.9184,3.9184,3.9184,3.9184,16632000,0.00%,97223964,53576744964,65170.83,0
2017-02-07,3.9184,3.9184,3.9184,3.9184,20772000,0.00%,76451964,53576744964,81393.0,0
2017-02-08,3.9184,3.9184,3.9184,3.9184,28764000,0.00%,47687964,53576744964,112708.86,0
2017-02-09,3.9184,3.9184,3.9184,3.9184,23346000,0.00%,24341964,53576744964,91478.97,0
2017-02-10,3.9184,3.9184,3.9184,3.9184,24012000,0.00%,329964,53576744964,94088.62,0
2017-02-13,3.9184,3.9223,3.9223,3.9184,20646000,0.10%,120937850,53717998850,80979.81,141253885
2017-02-14,3.9223,3.9223,3.9223,3.9223,21132000,0.00%,99805850,53717998850,82886.04,0
2017-02-15,3.9223,3.9223,3.9223,3.9223,37746000,0.00%,62059850,53717998850,148051.14,0
2017-02-16,3.9223,3.9223,3.9223,3.9223,55170000,0.00%,6889850,53717998850,216393.29,0
2017-02-17,3.9223,3.9262,3.9262,3.9223,33426000,0.10%,116238348,53860773348,131237.16,142774498
2017-02-20,3.9262,3.9262,3.9262,3.9262,25902000,0.00%,90336348,53860773348,101696.43,0
2017-02-21,3.9262,3.9262,3.9262,3.9262,26964000,0.00%,63372348,53860773348,105866.06,0
2017-02-22,3.9262,3.9262,3.9262,3.9262,25704000,0.00%,37668348,53860773348,100919.04,0
2017-02-23,3.9262,3.9262,3.9262,3.9262,28314000,0.00%,9354348,53860773348,111166.43,0
2017-02-24,3.9262,3.9301,3.9301,3.9262,30996000,0.10%,119767115,54002182115,121817.38,141408767
2017-02-27,3.9301,3.9301,3.9301,3.9301,25452000,0.00%,94315115,54002182115,100028.91,0
2017-02-28,3.9301,3.9301,3.9301,3.9301,29448000,0.00%,64867115,54002182115,115733.58,0
2017-03-01,3.9301,3.9301,3.9301,3.9301,34470000,0.00%,30397115,54002182115,135470.55,0
2017-03-02,3.9301,3.9301,3.9301,3.9301,28458000,0.00%,1939115,54002182115,111842.79,0
2017-03-03,3.9301,3.9341,3.9341,3.9301,29214000,0.10%,114670752,54144127752,114930.8,141945637
2017-03-06,3.9341,3.9341,3.9341,3.9341,20466000,0.00%,94204752,54144127752,80515.29,0
2017-03-07,3.9341,3.9341,3.9341,3.9341,21690000,0.00%,72514752,54144127752,85330.63,0
2017-03-08,3.9341,3.9341,3.9341,3.9341,19548000,0.00%,52966752,54144127752,76903.79,0
2017-03-09,3.9341,3.9341,3.9341,3.9341,25416000,0.00%,27550752,54144127752,99989.09,0
2017-03-10,3.9341,3.938,3.938,3.9341,28584000,0.10%,141178471,54286339471,112563.79,142211719
2017-03-13,3.938,3.938,3.938,3.938,36018000,0.00%,105160471,54286339471,141838.88,0
2017-03-14,3.938,3.938,3.938,3.938,27180000,0.00%,77980471,54286339471,107034.84,0
2017-03-15,3.938,3.938,3.938,3.938,19332000,0.00%,58648471,54286339471,76129.42,0
2017-03-16,3.938,3.938,3.938,3.938,48906000,0.00%,9742471,54286339471,192591.83,0
2017-03-17,3.938,3.9419,3.9419,3.938,39798000,0.10%,114580096,54430975096,156879.74,144635624
2017-03-20,3.9419,3.9419,3.9419,3.9419,44100000,0.00%,70480096,54430975096,173837.79,0
2017-03-21,3.9419,3.9419,3.9419,3.9419,51030000,0.00%,19450096,54430975096,201155.16,0
2017-03-22,3.9419,3.9459,3.9459,3.9419,44694000,0.10%,121639830,54577858830,176358.05,146883734
2017-03-23,3.9459,3.9459,3.9459,3.9459,71370000,0.00%,50269830,54577858830,281618.88,0
2017-03-24,3.9459,3.9459,3.9459,3.9459,29898000,0.00%,20371830,54577858830,117974.52,0
2017-03-27,3.9459,3.9498,3.9498,3.9459,37098000,0.10%,131583436,54726168436,146529.68,148309606
2017-03-28,3.9498,3.9498,3.9498,3.9498,25938000,0.00%,105645436,54726168436,102449.91,0
2017-03-29,3.9498,3.9498,3.9498,3.9498,29033999,0.00%,76611436,54726168436,114678.49,0
2017-03-30,3.9498,3.9498,3.9498,3.9498,31302000,0.00%,45309436,54726168436,123636.64,0
2017-03-31,3.9498,3.9498,3.9498,3.9498,29016000,0.00%,16293436,54726168436,114607.4,0
2017-04-03,3.9498,3.9538,3.9538,3.9498,23472000,0.10%,140774366,54874121366,92803.59,147952929
2017-04-05,3.9538,3.9538,3.9538,3.9538,38826000,0.00%,101948366,54874121366,153510.24,0
2017-04-06,3.9538,3.9538,3.9538,3.9538,20142000,0.00%,81806366,54874121366,79637.44,0
2017-04-07,3.9538,3.9538,3.9538,3.9538,26874000,0.00%,54932366,54874121366,106254.42,0
2017-04-10,3.9538,3.9538,3.9538,3.9538,13464000,0.00%,41468366,54874121366,53233.96,0
2017-04-11,3.9538,3.9538,3.9538,3.9538,17010000,0.00%,24458366,54874121366,67254.14,0
2017-04-12,3.9538,3.9577,3.9577,3.9538,28332000,0.10%,142643223,55020638223,112129.56,146516857
2017-04-13,3.9577,3.9577,3.9577,3.9577,37188000,0.00%,105455223,55020638223,147178.95,0
2017-04-18,3.9577,3.9577,3.9577,3.9577,26658000,0.00%,78797223,55020638223,105504.37,0
2017-04-19,3.9577,3.9577,3.9577,3.9577,29898000,0.00%,48899223,55020638223,118327.31,0
2017-04-20,3.9577,3.9577,3.9577,3.9577,38520000,0.00%,10379223,55020638223,152450.6,0
2017-04-21,3.9577,3.9617,3.9617,3.9577,30582000,0.10%,125751296,55166592296,121156.71,145954072
2017-04-24,3.9617,3.9617,3.9617,3.9617,26190000,0.00%,99561296,55166592296,103756.92,0
2017-04-25,3.9617,3.9617,3.9617,3.9617,33822000,0.00%,65739296,55166592296,133992.62,0
2017-04-26,3.9617,3.9617,3.9617,3.9617,37098000,0.00%,28641296,55166592296,146971.15,0
2017-04-27,3.9617,3.9656,3.9656,3.9617,31140000,0.10%,143581557,55312672557,123488.78,146080261
2017-04-28,3.9656,3.9656,3.9656,3.9656,24210000,0.00%,119371557,55312672557,96007.18,0
2017-05-02,3.9656,3.9656,3.9656,3.9656,34884000,0.00%,84487557,55312672557,138335.99,0
2017-05-04,3.9656,3.9656,3.9656,3.9656,42588000,0.00%,41899557,55312672557,168886.97,0
2017-05-05,3.9656,3.9656,3.9656,3.9656,26820000,0.00%,15079557,55312672557,106357.39,0
2017-05-08,3.9656,3.9696,3.9696,3.9656,34758000,0.10%,126445348,55458796348,137975.36,146123790
2017-05-09,3.9696,3.9696,3.9696,3.9696,35424000,0.00%,91021348,55458796348,140619.11,0
2017-05-10,3.9696,3.9696,3.9696,3.9696,53262000,0.00%,37759348,55458796348,211428.84,0
2017-05-11,3.9696,3.9696,3.9696,3.9696,36522000,0.00%,1237348,55458796348,144977.73,0
2017-05-12,3.9696,3.9736,3.9736,3.9696,46530000,0.10%,102354606,55606443606,184891.61,147647258
2017-05-15,3.9736,3.9736,3.9736,3.9736,38826000,0.00%,63528606,55606443606,154278.99,0
2017-05-16,3.9736,3.9736,3.9736,3.9736,41310000,0.00%,22218606,55606443606,164149.42,0
2017-05-17,3.9736,3.9776,3.9776,3.9736,32418000,0.10%,138796842,55755439842,128945.84,148996235
2017-05-18,3.9776,3.9776,3.9776,3.9776,97272000,0.00%,41524842,55755439842,386909.11,0
2017-05-19,3.9776,3.9815,3.9815,3.9776,52740000,0.10%,140006492,55906661492,209984.31,151221650
2017-05-22,3.9815,3.9815,3.9815,3.9815,48888000,0.00%,91118492,55906661492,194647.57,0
2017-05-23,3.9815,3.9815,3.9815,3.9815,62910000,0.00%,28208492,55906661492,250476.17,0
2017-05-24,3.9815,3.9855,3.9855,3.9815,41652000,0.10%,139290818,56059395818,166004.05,152734325
2017-05-25,3.9855,3.9855,3.9855,3.9855,32508000,0.00%,106782818,56059395818,129560.63,0
2017-05-26,3.9855,3.9855,3.9855,3.9855,30276000,0.00%,76506818,56059395818,120665.0,0
2017-05-29,3.9855,3.9855,3.9855,3.9855,30204000,0.00%,46302818,56059395818,120378.04,0
2017-05-31,3.9855,3.9895,3.9895,3.9855,66960000,0.10%,133500482,56213553482,267136.92,154157663
2017-06-01,3.9895,3.9895,3.9895,3.9895,57384000,0.00%,76116482,56213553482,228933.47,0
2017-06-02,3.9895,3.9895,3.9895,3.9895,32508000,0.00%,43608482,56213553482,129690.67,0
2017-06-05,3.9895,3.9895,3.9895,3.9895,22428000,0.00%,21180482,56213553482,89476.51,0
2017-06-06,3.9895,3.9935,3.9935,3.9895,22302000,0.10%,153706041,56368381041,89063.04,154827559
2017-06-07,3.9935,3.9935,3.9935,3.9935,23544000,0.00%,130162041,56368381041,94022.96,0
2017-06-08,3.9935,3.9935,3.9935,3.9935,26982000,0.00%,103180041,56368381041,107752.62,0
2017-06-09,3.9935,3.9975,3.9975,3.9935,124524000,0.10%,135663560,56525388560,497784.69,157007519
2017-06-12,3.9975,3.9975,3.9975,3.9975,68436000,0.00%,67227560,56525388560,273572.91,0
2017-06-13,3.9975,3.9975,3.9975,3.9975,41400000,0.00%,25827560,56525388560,165496.5,0
2017-06-14,3.9975,4.0015,4.0015,3.9975,40698000,0.10%,142495000,56682754000,162853.05,157365439
2017-06-15,4.0015,4.0015,4.0015,4.0015,32796000,0.00%,109699000,56682754000,131233.19,0
2017-06-16,4.0015,4.0015,4.0015,4.0015,37674000,0.00%,72025000,56682754000,150752.51,0
2017-06-19,4.0015,4.0015,4.0015,4.0015,30528000,0.00%,41497000,56682754000,122157.79,0
2017-06-20,4.0015,4.0015,4.0015,4.0015,28998000,0.00%,12499000,56682754000,116035.5,0
2017-06-21,4.0015,4.0055,4.0055,4.0015,29736000,0.10%,140692082,56840683082,119107.55,157929081
2017-06-22,4.0055,4.0055,4.0055,4.0055,28026000,0.00%,112666082,56840683082,112258.14,0
2017-06-23,4.0055,4.0055,4.0055,4.0055,22968000,0.00%,89698082,56840683082,91998.32,0
2017-06-26,4.0055,4.0055,4.0055,4.0055,29628000,0.00%,60070082,56840683082,118674.95,0
2017-06-27,4.0055,4.0055,4.0055,4.0055,36054000,0.00%,24016082,56840683082,144414.3,0
2017-06-28,4.0055,4.0095,4.0095,4.0055,45684000,0.10%,136982709,56999333709,183170.0,158650626
2017-06-29,4.0095,4.0095,4.0095,4.0095,28656000,0.00%,108326709,56999333709,114896.23,0
2017-06-30,4.0095,4.0095,4.0095,4.0095,37656000,0.00%,70670709,56999333709,150981.73,0
2017-07-03,4.0095,4.0095,4.0095,4.0095,23364000,0.00%,47306709,56999333709,93677.96,0
2017-07-04,4.0095,4.0135,4.0135,4.0095,70236000,0.10%,136566445,57158829445,281892.19,159495736
2017-07-05,4.0135,4.0135,4.0135,4.0135,80046000,0.00%,56520445,57158829445,321264.62,0
2017-07-06,4.0135,4.0135,4.0135,4.0135,30420000,0.00%,26100445,57158829445,122090.67,0
2017-07-07,4.0135,4.0175,4.0175,4.0135,32490000,0.10%,155004454,57320223454,130528.57,161394008
2017-07-10,4.0175,4.0175,4.0175,4.0175,23472000,0.00%,131532454,57320223454,94298.76,0
2017-07-11,4.0175,4.0175,4.0175,4.0175,33984000,0.00%,97548454,57320223454,136530.72,0
2017-07-12,4.0175,4.0175,4.0175,4.0175,27720000,0.00%,69828454,57320223454,111365.1,0
2017-07-13,4.0175,4.0175,4.0175,4.0175,34002000,0.00%,35826454,57320223454,136603.04,0
2017-07-14,4.0175,4.0175,4.0175,4.0175,21366000,0.00%,14460454,57320223454,85837.9,0
2017-07-17,4.0175,4.0215,4.0215,4.0175,25758000,0.10%,151370335,57482891335,103585.8,162667880
2017-07-18,4.0215,4.0215,4.0215,4.0215,20466000,0.00%,130904335,57482891335,82304.02,0
2017-07-19,4.0215,4.0215,4.0215,4.0215,51084000,0.00%,79820335,57482891335,205434.31,0
2017-07-20,4.0215,4.0215,4.0215,4.0215,28800000,0.00%,51020335,57482891335,115819.2,0
2017-07-21,4.0215,4.0215,4.0215,4.0215,20826000,0.00%,30194335,57482891335,83751.76,0
2017-07-24,4.0215,4.0215,4.0215,4.0215,28044000,0.00%,2150335,57482891335,112778.95,0
2017-07-25,4.0215,4.0256,4.0256,4.0215,33012000,0.10%,132680082,57646433082,132893.11,163541746
2017-07-26,4.0256,4.0256,4.0256,4.0256,27792000,0.00%,104888082,57646433082,111879.48,0
2017-07-27,4.0256,4.0256,4.0256,4.0256,31158000,0.00%,73730082,57646433082,125429.64,0
2017-07-28,4.0256,4.0256,4.0256,4.0256,40068000,0.00%,33662082,57646433082,161297.74,0
2017-07-31,4.0256,4.0296,4.0296,4.0256,38898000,0.10%,159735056,57811404056,156743.38,164970973
2017-08-01,4.0296,4.0296,4.0296,4.0296,37440000,0.00%,122295056,57811404056,150868.22,0
2017-08-02,4.0296,4.0296,4.0296,4.0296,33282000,0.00%,89013056,57811404056,134113.15,0
2017-08-03,4.0296,4.0296,4.0296,4.0296,42246000,0.00%,46767056,57811404056,170234.48,0
2017-08-04,4.0296,4.0296,4.0296,4.0296,30996000,0.00%,15771056,57811404056,124901.48,0
2017-08-07,4.0296,4.0336,4.0336,4.0296,38340000,0.10%,142436506,57976409506,154648.22,165005450
2017-08-08,4.0336,4.0336,4.0336,4.0336,40986000,0.00%,101450506,57976409506,165321.13,0
2017-08-09,4.0336,4.0336,4.0336,4.0336,46908000,0.00%,54542506,57976409506,189208.11,0
2017-08-10,4.0336,4.0336,4.0336,4.0336,49662000,0.00%,4880506,57976409506,200316.64,0
2017-08-11,4.0336,4.0376,4.0376,4.0336,103806000,0.10%,68765714,58144100714,419127.11,167691207
2017-08-14,4.0376,4.0376,4.0376,4.0376,55188000,0.00%,13577714,58144100714,222827.07,0
2017-08-15,4.0376,4.0417,4.0417,4.0376,43074000,0.10%,138602191,58312199191,174092.19,168098476
2017-08-16,4.0417,4.0417,4.0417,4.0417,42462000,0.00%,96140191,58312199191,171618.67,0
2017-08-17,4.0417,4.0417,4.0417,4.0417,79794000,0.00%,16346191,58312199191,322503.41,0
2017-08-18,4.0417,4.0457,4.0457,4.0417,43596000,0.10%,141261415,58480710415,176376.34,168511224
2017-08-21,4.0457,4.0457,4.0457,4.0457,28098000,0.00%,113163415,58480710415,113676.08,0
2017-08-22,4.0457,4.0457,4.0457,4.0457,26478000,0.00%,86685415,58480710415,107122.04,0
2017-08-24,4.0457,4.0457,4.0457,4.0457,42174000,0.00%,44511415,58480710415,170623.35,0
2017-08-25,4.0457,4.0457,4.0457,4.0457,35874000,0.00%,8637415,58480710415,145135.44,0
2017-08-28,4.0457,4.0498,4.0498,4.0457,40212000,0.10%,137267896,58649552896,162850.56,168842480
2017-08-29,4.0498,4.0498,4.0498,4.0498,39978000,0.00%,97289896,58649552896,161902.9,0
2017-08-30,4.0498,4.0498,4.0498,4.0498,31734000,0.00%,65555896,58649552896,128516.35,0
2017-08-31,4.0498,4.0498,4.0498,4.0498,31176000,0.00%,34379896,58649552896,126256.56,0
2017-09-01,4.0498,4.0538,4.0538,4.0498,42210000,0.10%,161579046,58818962046,171110.9,169409150
2017-09-04,4.0538,4.0538,4.0538,4.0538,27936000,0.00%,133643046,58818962046,113246.96,0
2017-09-05,4.0538,4.0538,4.0538,4.0538,24912000,0.00%,108731046,58818962046,100988.27,0
2017-09-06,4.0538,4.0538,4.0538,4.0538,31068000,0.00%,77663046,58818962046,125943.46,0
2017-09-07,4.0538,4.0538,4.0538,4.0538,29195999,0.00%,48467046,58818962046,118354.74,0
2017-09-08,4.0538,4.0538,4.0538,4.0538,19512000,0.00%,28955046,58818962046,79097.75,0
2017-09-11,4.0538,4.0579,4.0579,4.0538,42930000,0.10%,156357231,58989294231,174205.65,170332185
2017-09-12,4.0579,4.0579,4.0579,4.0579,27486000,0.00%,128871231,58989294231,111535.44,0
2017-09-13,4.0579,4.0579,4.0579,4.0579,26640000,0.00%,102231231,58989294231,108102.46,0
2017-09-14,4.0579,4.0579,4.0579,4.0579,34308000,0.00%,67923231,58989294231,139218.43,0
2017-09-15,4.0579,4.0579,4.0579,4.0579,44226000,0.00%,23697231,58989294231,179464.69,0
2017-09-18,4.0579,4.0619,4.0619,4.0579,33102000,0.10%,161354397,59160053397,134457.01,170759166
2017-09-19,4.0619,4.0619,4.0619,4.0619,39510000,0.00%,121844397,59160053397,160485.67,0
2017-09-20,4.0619,4.0619,4.0619,4.0619,24606000,0.00%,97238397,59160053397,99947.11,0
2017-09-21,4.0619,4.0619,4.0619,4.0619,26802000,0.00%,70436397,59160053397,108867.04,0
2017-09-22,4.0619,4.0619,4.0619,4.0619,25830000,0.00%,44606397,59160053397,104918.88,0
2017-09-25,4.0619,4.0619,4.0619,4.0619,40194000,0.00%,4412397,59160053397,163264.01,0
2017-09-26,4.0619,4.066,4.066,4.0619,62496000,0.10%,114761005,59332898005,254108.74,172844607
2017-09-27,4.066,4.066,4.066,4.066,24336000,0.00%,90425005,59332898005,98950.18,0
2017-09-28,4.066,4.066,4.066,4.066,31122000,0.00%,59303005,59332898005,126542.05,0
2017-09-29,4.066,4.066,4.066,4.066,23148000,0.00%,36155005,59332898005,94119.77,0
2017-10-03,4.066,4.066,4.066,4.066,33336000,0.00%,2819005,59332898005,135544.18,0
2017-10-04,4.066,4.0701,4.0701,4.066,21078000,0.10%,155367537,59506524537,85789.57,173626532
2017-10-06,4.0701,4.0701,4.0701,4.0701,24048000,0.00%,131319537,59506524537,97877.76,0
2017-10-09,4.0701,4.0701,4.0701,4.0701,24228000,0.00%,107091537,59506524537,98610.38,0
2017-10-10,4.0701,4.0701,4.0701,4.0701,19476000,0.00%,87615537,59506524537,79269.27,0
2017-10-11,4.0701,4.0701,4.0701,4.0701,31752000,0.00%,55863537,59506524537,129233.82,0
2017-10-12,4.0701,4.0701,4.0701,4.0701,26766000,0.00%,29097537,59506524537,108940.3,0
2017-10-13,4.0701,4.0741,4.0741,4.0701,37674000,0.10%,166174255,59681275255,153487.64,174750717
2017-10-16,4.0741,4.0741,4.0741,4.0741,31662000,0.00%,134512255,59681275255,128994.15,0
2017-10-17,4.0741,4.0741,4.0741,4.0741,23202000,0.00%,111310255,59681275255,94527.27,0
2017-10-18,4.0741,4.0741,4.0741,4.0741,21546000,0.00%,89764255,59681275255,87780.56,0
2017-10-19,4.0741,4.0741,4.0741,4.0741,38916000,0.00%,50848255,59681275255,158547.68,0
2017-10-20,4.0741,4.0741,4.0741,4.0741,25776000,0.00%,25072255,59681275255,105014.0,0
2017-10-23,4.0741,4.0741,4.0741,4.0741,17586000,0.00%,7486255,59681275255,71647.12,0
2017-10-24,4.0741,4.0782,4.0782,4.0741,27756000,0.10%,155214971,59856759971,113194.52,175484716
2017-10-25,4.0782,4.0782,4.0782,4.0782,23382000,0.00%,131832971,59856759971,95356.47,0
2017-10-26,4.0782,4.0782,4.0782,4.0782,28494000,0.00%,103338971,59856759971,116204.23,0
2017-10-27,4.0782,4.0782,4.0782,4.0782,29088000,0.00%,74250971,59856759971,118626.68,0
2017-10-30,4.0782,4.0782,4.0782,4.0782,29772000,0.00%,44478971,59856759971,121416.17,0
2017-10-31,4.0782,4.0782,4.0782,4.0782,22878000,0.00%,21600971,59856759971,93301.06,0
2017-11-01,4.0782,4.0823,4.0823,4.0782,39654000,0.10%,158715282,60033528282,161879.52,176768310
2017-11-02,4.0823,4.0823,4.0823,4.0823,32274000,0.00%,126441282,60033528282,131752.15,0
2017-11-03,4.0823,4.0823,4.0823,4.0823,29933999,0.00%,96507282,60033528282,122199.57,0
2017-11-06,4.0823,4.0823,4.0823,4.0823,45072000,0.00%,51435282,60033528282,183997.43,0
2017-11-07,4.0823,4.0823,4.0823,4.0823,46062000,0.00%,5373282,60033528282,188038.9,0
2017-11-08,4.0823,4.0864,4.0864,4.0823,79164000,0.10%,104152393,60211471393,323495.77,177943110
2017-11-09,4.0864,4.0864,4.0864,4.0864,43038000,0.00%,61114393,60211471393,175870.48,0
2017-11-10,4.0864,4.0864,4.0864,4.0864,30870000,0.00%,30244393,60211471393,126147.17,0
2017-11-13,4.0864,4.0904,4.0904,4.0864,31806000,0.10%,177557203,60390590203,130099.26,179118809
2017-11-14,4.0904,4.0904,4.0904,4.0904,36882000,0.00%,140675203,60390590203,150862.13,0
2017-11-15,4.0904,4.0904,4.0904,4.0904,42192000,0.00%,98483203,60390590203,172582.16,0
2017-11-16,4.0904,4.0904,4.0904,4.0904,58644000,0.00%,39839203,60390590203,239877.42,0
2017-11-17,4.0904,4.0945,4.0945,4.0904,62172000,0.10%,159317278,60572240278,254563.25,181650075
2017-11-20,4.0945,4.0945,4.0945,4.0945,63414000,0.00%,95903278,60572240278,259648.62,0
2017-11-21,4.0945,4.0945,4.0945,4.0945,90846000,0.00%,5057278,60572240278,371968.95,0
2017-11-22,4.0945,4.0986,4.0986,4.0945,71280000,0.10%,118282145,60756745145,292148.21,184504867
2017-11-23,4.0986,4.0986,4.0986,4.0986,57617999,0.00%,60664145,60756745145,236153.13,0
2017-11-24,4.0986,4.0986,4.0986,4.0986,59526000,0.00%,1138145,60756745145,243973.26,0
2017-11-27,4.0986,4.1027,4.1027,4.0986,46350000,0.10%,140884921,60942841921,190160.14,186096776
2017-11-28,4.1027,4.1027,4.1027,4.1027,70938000,0.00%,69946921,60942841921,291037.33,0
2017-11-29,4.1027,4.1027,4.1027,4.1027,48726000,0.00%,21220921,60942841921,199908.16,0
2017-11-30,4.1027,4.1068,4.1068,4.1027,100746000,0.10%,109102945,61131469945,413743.67,188628023
2017-12-01,4.1068,4.1109,4.1109,4.1068,142254000,0.10%,158026862,61322647862,584791.97,191177917
2017-12-04,4.1109,4.1109,4.1109,4.1109,83034000,0.00%,74992862,61322647862,341344.47,0
2017-12-05,4.1109,4.115,4.115,4.1109,79902000,0.10%,188275488,61515832488,328796.73,193184626
2017-12-06,4.115,4.115,4.115,4.115,104940000,0.00%,83335488,61515832488,431828.1,0
2017-12-07,4.115,4.115,4.115,4.115,70614000,0.00%,12721488,61515832488,290576.61,0
2017-12-08,4.115,4.1192,4.1192,4.115,74628000,0.10%,134710517,61712449517,307407.66,196617029
2017-12-11,4.1192,4.1192,4.1192,4.1192,57636000,0.00%,77074517,61712449517,237414.21,0
2017-12-12,4.1192,4.1192,4.1192,4.1192,58572000,0.00%,18502517,61712449517,241269.78,0
2017-12-13,4.1192,4.1233,4.1233,4.1192,40734000,0.10%,175540096,61910221096,167958.5,197771578
2017-12-14,4.1233,4.1233,4.1233,4.1233,30024000,0.00%,145516096,61910221096,123797.96,0
2017-12-15,4.1233,4.1233,4.1233,4.1233,41760000,0.00%,103756096,61910221096,172189.01,0
2017-12-18,4.1233,4.1233,4.1233,4.1233,36468000,0.00%,67288096,61910221096,150368.5,0
2017-12-19,4.1233,4.1233,4.1233,4.1233,37998000,0.00%,29290096,61910221096,156677.15,0
2017-12-20,4.1233,4.1233,4.1233,4.1233,24102000,0.00%,5188096,61910221096,99379.78,0
2017-12-21,4.1233,4.1274,4.1274,4.1233,33174000,0.10%,171780789,62109987789,136922.37,199766693
2017-12-22,4.1274,4.1274,4.1274,4.1274,29069999,0.00%,142710789,62109987789,119983.52,0
2017-12-27,4.1274,4.1274,4.1274,4.1274,30024000,0.00%,112686789,62109987789,123921.06,0
2017-12-28,4.1274,4.1274,4.1274,4.1274,20988000,0.00%,91698789,62109987789,86625.87,0
2017-12-29,4.1274,4.1274,4.1274,4.1274,29880000,0.00%,61818789,62109987789,123326.71,0
2018-01-02,4.1274,4.1274,4.1274,4.1274,45752000,0.00%,16066789,62109987789,188836.8,0
2018-01-03,4.1274,4.1315,4.1315,4.1274,43282000,0.10%,173777613,62310980613,178819.58,200992823
2018-01-04,4.1315,4.1315,4.1315,4.1315,53010000,0.00%,120767613,62310980613,219010.82,0
2018-01-05,4.1315,4.1315,4.1315,4.1315,37924000,0.00%,82843613,62310980613,156683.01,0
2018-01-08,4.1315,4.1315,4.1315,4.1315,34181000,0.00%,48662613,62310980613,141218.8,0
2018-01-09,4.1315,4.1315,4.1315,4.1315,46512000,0.00%,2150613,62310980613,192164.33,0
2018-01-10,4.1315,4.1357,4.1357,4.1315,34219000,0.10%,171094855,62514143855,141519.52,203163242
2018-01-11,4.1357,4.1357,4.1357,4.1357,52516000,0.00%,118578855,62514143855,217190.42,0
2018-01-12,4.1357,4.1357,4.1357,4.1357,36480000,0.00%,82098855,62514143855,150870.34,0
2018-01-15,4.1357,4.1357,4.1357,4.1357,44441000,0.00%,37657855,62514143855,183794.64,0
2018-01-16,4.1357,4.1398,4.1398,4.1357,39121000,0.10%,203475588,62719082588,161953.12,204938733
2018-01-17,4.1398,4.1398,4.1398,4.1398,47272000,0.00%,156203588,62719082588,195696.63,0
2018-01-18,4.1398,4.1398,4.1398,4.1398,41420000,0.00%,114783588,62719082588,171470.52,0
2018-01-19,4.1398,4.1398,4.1398,4.1398,28025000,0.00%,86758588,62719082588,116017.9,0
2018-01-22,4.1398,4.1398,4.1398,4.1398,36784000,0.00%,49974588,62719082588,152278.4,0
2018-01-23,4.1398,4.1398,4.1398,4.1398,45353000,0.00%,4621588,62719082588,187752.35,0
2018-01-24,4.1398,4.1439,4.1439,4.1398,47367000,0.10%,163873093,62925701093,196284.11,206618504
2018-01-25,4.1439,4.1439,4.1439,4.1439,52687000,0.00%,111186093,62925701093,218329.66,0
2018-01-26,4.1439,4.1439,4.1439,4.1439,41819000,0.00%,69367093,62925701093,173293.75,0
2018-01-29,4.1439,4.1439,4.1439,4.1439,42750000,0.00%,26617093,62925701093,177151.73,0
2018-01-30,4.1439,4.1481,4.1481,4.1439,42294000,0.10%,190791861,63132169861,175439.74,206468768
2018-01-31,4.1481,4.1481,4.1481,4.1481,52459000,0.00%,138332861,63132169861,217605.18,0
2018-02-01,4.1481,4.1481,4.1481,4.1481,32528000,0.00%,105804861,63132169861,134929.4,0
2018-02-02,4.1481,4.1481,4.1481,4.1481,46227000,0.00%,59577861,63132169861,191754.22,0
2018-02-05,4.1481,4.1522,4.1522,4.1481,76741000,0.10%,188911271,63338244271,318643.98,206074410
2018-02-06,4.1522,4.1522,4.1522,4.1522,165015000,0.00%,23896271,63338244271,685175.28,0
2018-02-07,4.1522,4.1564,4.1564,4.1522,115995000,0.10%,118165010,63548508010,482121.62,210263738
2018-02-08,4.1564,4.1564,4.1564,4.1564,67336000,0.00%,50829010,63548508010,279875.35,0
2018-02-09,4.1564,4.1605,4.1605,4.1564,131404000,0.10%,132421086,63761504086,546706.34,212996076
2018-02-12,4.1605,4.1605,4.1605,4.1605,64315000,0.00%,68106086,63761504086,267582.56,0
2018-02-13,4.1605,4.1605,4.1605,4.1605,45049000,0.00%,23057086,63761504086,187426.36,0
2018-02-14,4.1605,4.1647,4.1647,4.1605,42351000,0.10%,195186089,63975984089,176379.21,214480002
2018-02-15,4.1647,4.1647,4.1647,4.1647,31065000,0.00%,164121089,63975984089,129376.41,0
2018-02-20,4.1647,4.1647,4.1647,4.1647,38912000,0.00%,125209089,63975984089,162056.81,0
2018-02-21,4.1647,4.1647,4.1647,4.1647,38760000,0.00%,86449089,63975984089,161423.77,0
2018-02-22,4.1647,4.1647,4.1647,4.1647,42541000,0.00%,43908089,63975984089,177170.5,0
2018-02-23,4.1647,4.1647,4.1647,4.1647,28481000,0.00%,15427089,63975984089,118614.82,0
2018-02-26,4.1647,4.1689,4.1689,4.1647,40375000,0.10%,190053336,64190985336,168319.34,215001246
2018-02-27,4.1689,4.1689,4.1689,4.1689,41819000,0.00%,148234336,64190985336,174339.23,0
2018-02-28,4.1689,4.1689,4.1689,4.1689,61864000,0.00%,86370336,64190985336,257904.83,0
2018-03-01,4.1689,4.1689,4.1689,4.1689,51509000,0.00%,34861336,64190985336,214735.87,0
2018-03-02,4.1689,4.173,4.173,4.1689,49191000,0.10%,202149006,64407464006,205274.04,216478670
2018-03-05,4.173,4.173,4.173,4.173,45676000,0.00%,156473006,64407464006,190605.95,0
2018-03-06,4.173,4.173,4.173,4.173,47139000,0.00%,109334006,64407464006,196711.05,0
2018-03-07,4.173,4.173,4.173,4.173,36594000,0.00%,72740006,64407464006,152706.76,0
2018-03-08,4.173,4.173,4.173,4.173,33269000,0.00%,39471006,64407464006,138831.54,0
2018-03-09,4.173,4.173,4.173,4.173,24757000,0.00%,14714006,64407464006,103310.96,0
2018-03-12,4.173,4.1772,4.1772,4.173,48469000,0.10%,183718142,64624937142,202464.71,217473136
2018-03-13,4.1772,4.1772,4.1772,4.1772,35150000,0.00%,148568142,64624937142,146828.58,0
2018-03-14,4.1772,4.1772,4.1772,4.1772,42959000,0.00%,105609142,64624937142,179448.33,0
2018-03-15,4.1772,4.1772,4.1772,4.1772,46930000,0.00%,58679142,64624937142,196036.0,0
2018-03-16,4.1772,4.1772,4.1772,4.1772,45410000,0.00%,13269142,64624937142,189686.65,0
2018-03-19,4.1772,4.1814,4.1814,4.1772,30951000,0.10%,200810134,64843429134,129418.51,218491992
2018-03-20,4.1814,4.1814,4.1814,4.1814,41705000,0.00%,159105134,64843429134,174385.29,0
2018-03-21,4.1814,4.1814,4.1814,4.1814,53656000,0.00%,105449134,64843429134,224357.2,0
2018-03-22,4.1814,4.1856,4.1856,4.1814,136515000,0.10%,190471470,65064966470,571397.18,221537335
2018-03-23,4.1856,4.1939,4.1939,4.1856,586036000,0.20%,67101065,65527632065,2457776.38,462665595
2018-03-26,4.1939,4.1981,4.1981,4.1939,89870000,0.10%,209128763,65759529763,377283.25,231897697
2018-03-27,4.1981,4.1981,4.1981,4.1981,81016000,0.00%,128112763,65759529763,340113.27,0
2018-03-28,4.1981,4.1981,4.1981,4.1981,93024000,0.00%,35088763,65759529763,390524.05,0
2018-03-29,4.1981,4.2023,4.2023,4.1981,78128000,0.10%,191554650,65994123650,328317.29,234593886
2018-04-03,4.2023,4.2023,4.2023,4.2023,62491000,0.00%,129063650,65994123650,262605.93,0
2018-04-04,4.2023,4.2023,4.2023,4.2023,68134000,0.00%,60929650,65994123650,286319.51,0
2018-04-06,4.2023,4.2023,4.2023,4.2023,50521000,0.00%,10408650,65994123650,212304.4,0
2018-04-09,4.2023,4.2065,4.2065,4.2023,40318000,0.10%,206879885,66230912885,169597.67,236789235
2018-04-10,4.2065,4.2065,4.2065,4.2065,48602000,0.00%,158277885,66230912885,204444.31,0
2018-04-11,4.2065,4.2065,4.2065,4.2065,45429000,0.00%,112848885,66230912885,191097.09,0
2018-04-12,4.2065,4.2065,4.2065,4.2065,39140000,0.00%,73708885,66230912885,164642.41,0
2018-04-13,4.2065,4.2065,4.2065,4.2065,37183000,0.00%,36525885,66230912885,156410.29,0
2018-04-16,4.2065,4.2107,4.2107,4.2065,47310000,0.10%,228193662,66469890662,199208.22,238977777
2018-04-17,4.2107,4.2107,4.2107,4.2107,53979000,0.00%,174214662,66469890662,227289.38,0
2018-04-18,4.2107,4.2107,4.2107,4.2107,53428000,0.00%,120786662,66469890662,224969.28,0
2018-04-19,4.2107,4.2107,4.2107,4.2107,41439000,0.00%,79347662,66469890662,174487.2,0
2018-04-20,4.2107,4.2107,4.2107,4.2107,34409000,0.00%,44938662,66469890662,144885.98,0
2018-04-23,4.2107,4.2107,4.2107,4.2107,36708000,0.00%,8230662,66469890662,154566.38,0
2018-04-24,4.2107,4.215,4.215,4.2107,27588000,0.10%,220724040,66709972040,116283.42,240081377
2018-04-25,4.215,4.215,4.215,4.215,66158000,0.00%,154566040,66709972040,278855.97,0
2018-04-26,4.215,4.215,4.215,4.215,66424000,0.00%,88142040,66709972040,279977.16,0
2018-04-27,4.215,4.215,4.215,4.215,50255000,0.00%,37887040,66709972040,211824.83,0
2018-04-30,4.215,4.215,4.215,4.215,24472000,0.00%,13415040,66709972040,103149.48,0
2018-05-02,4.215,4.2192,4.2192,4.215,36480000,0.10%,219025877,66952062877,153916.42,242090837
2018-05-03,4.2192,4.2192,4.2192,4.2192,45429000,0.00%,173596877,66952062877,191674.04,0
2018-05-04,4.2192,4.2192,4.2192,4.2192,36727000,0.00%,136869877,66952062877,154958.56,0
2018-05-07,4.2192,4.2192,4.2192,4.2192,65113000,0.00%,71756877,66952062877,274724.77,0
2018-05-08,4.2192,4.2192,4.2192,4.2192,63441000,0.00%,8315877,66952062877,267670.27,0
2018-05-09,4.2192,4.2234,4.2234,4.2192,39786000,0.10%,211736263,67195269263,168032.19,243206386
2018-05-10,4.2234,4.2234,4.2234,4.2234,59128000,0.00%,152608263,67195269263,249721.2,0
2018-05-11,4.2234,4.2234,4.2234,4.2234,46930000,0.00%,105678263,67195269263,198204.16,0
2018-05-14,4.2234,4.2234,4.2234,4.2234,39577000,0.00%,66101263,67195269263,167149.5,0
2018-05-15,4.2234,4.2234,4.2234,4.2234,62966000,0.00%,3135263,67195269263,265930.6,0
2018-05-16,4.2234,4.2276,4.2276,4.2234,56259000,0.10%,191999622,67440392622,237840.55,245123359
2018-05-17,4.2276,4.2276,4.2276,4.2276,131290000,0.00%,60709622,67440392622,555041.6,0
2018-05-18,4.2276,4.2276,4.2276,4.2276,40679000,0.00%,20030622,67440392622,171974.54,0
2018-05-21,4.2276,4.2318,4.2318,4.2276,40736000,0.10%,226245808,67687343808,172386.6,246951185
2018-05-23,4.2318,4.2318,4.2318,4.2318,46683000,0.00%,179562808,67687343808,197553.12,0
2018-05-24,4.2318,4.2318,4.2318,4.2318,32604000,0.00%,146958808,67687343808,137973.61,0
2018-05-25,4.2318,4.2318,4.2318,4.2318,31825000,0.00%,115133808,67687343808,134677.04,0
2018-05-28,4.2318,4.2318,4.2318,4.2318,25441000,0.00%,89692808,67687343808,107661.22,0
2018-05-29,4.2318,4.2318,4.2318,4.2318,23047000,0.00%,66645808,67687343808,97530.29,0
2018-05-30,4.2318,4.2318,4.2318,4.2318,44175000,0.00%,22470808,67687343808,186939.77,0
2018-05-31,4.2318,4.2361,4.2361,4.2318,69863000,0.10%,200948820,67935684820,295946.65,248341012
2018-06-01,4.2361,4.2361,4.2361,4.2361,43985000,0.00%,156963820,67935684820,186324.86,0
2018-06-04,4.2361,4.2361,4.2361,4.2361,59432000,0.00%,97531820,67935684820,251759.9,0
2018-06-05,4.2361,4.2361,4.2361,4.2361,49172000,0.00%,48359820,67935684820,208297.51,0
2018-06-06,4.2361,4.2361,4.2361,4.2361,44118000,0.00%,4241820,67935684820,186888.26,0
2018-06-07,4.2361,4.2403,4.2403,4.2361,46911000,0.10%,206547049,68184901049,198916.71,249216228
2018-06-08,4.2403,4.2403,4.2403,4.2403,54967000,0.00%,151580049,68184901049,233076.57,0
2018-06-11,4.2403,4.2403,4.2403,4.2403,29412000,0.00%,122168049,68184901049,124715.7,0
2018-06-12,4.2403,4.2403,4.2403,4.2403,23484000,0.00%,98684049,68184901049,99579.21,0
2018-06-13,4.2403,4.2403,4.2403,4.2403,23199000,0.00%,75485049,68184901049,98370.72,0
2018-06-14,4.2403,4.2403,4.2403,4.2403,33611000,0.00%,41874049,68184901049,142520.72,0
2018-06-15,4.2403,4.2445,4.2445,4.2403,44042000,0.10%,245370128,68432439128,186936.27,247538079
2018-06-19,4.2445,4.2445,4.2445,4.2445,65645000,0.00%,179725128,68432439128,278630.2,0
2018-06-20,4.2445,4.2445,4.2445,4.2445,43624000,0.00%,136101128,68432439128,185162.07,0
2018-06-21,4.2445,4.2445,4.2445,4.2445,38304000,0.00%,97797128,68432439128,162581.33,0
2018-06-22,4.2445,4.2445,4.2445,4.2445,38323000,0.00%,59474128,68432439128,162661.97,0
2018-06-25,4.2445,4.2445,4.2445,4.2445,41211000,0.00%,18263128,68432439128,174920.09,0
2018-06-26,4.2445,4.2488,4.2488,4.2445,56677000,0.10%,210653476,68681506476,240809.24,249067348
2018-06-27,4.2488,4.2488,4.2488,4.2488,53352000,0.00%,157301476,68681506476,226681.98,0
2018-06-28,4.2488,4.2488,4.2488,4.2488,52269000,0.00%,105032476,68681506476,222080.53,0
2018-06-29,4.2488,4.2488,4.2488,4.2488,53789000,0.00%,51243476,68681506476,228538.7,0
2018-07-03,4.2488,4.2488,4.2488,4.2488,48716000,0.00%,2527476,68681506476,206984.54,0
2018-07-04,4.2488,4.253,4.253,4.2488,28633000,0.10%,224920133,68932532133,121776.15,251025656
2018-07-05,4.253,4.253,4.253,4.253,26562000,0.00%,198358133,68932532133,112968.19,0
2018-07-06,4.253,4.253,4.253,4.253,34200000,0.00%,164158133,68932532133,145452.6,0
2018-07-09,4.253,4.253,4.253,4.253,34903000,0.00%,129255133,68932532133,148442.46,0
2018-07-10,4.253,4.253,4.253,4.253,50901000,0.00%,78354133,68932532133,216481.95,0
2018-07-11,4.253,4.253,4.253,4.253,46588000,0.00%,31766133,68932532133,198138.76,0
2018-07-12,4.253,4.253,4.253,4.253,29450000,0.00%,2316133,68932532133,125250.85,0
2018-07-13,4.253,4.2573,4.2573,4.253,23256000,0.10%,230087918,69183559918,99007.77,251027784
2018-07-16,4.2573,4.2573,4.2573,4.2573,20976000,0.00%,209111918,69183559918,89301.12,0
2018-07-17,4.2573,4.2573,4.2573,4.2573,29526000,0.00%,179585918,69183559918,125701.04,0
2018-07-18,4.2573,4.2573,4.2573,4.2573,25080000,0.00%,154505918,69183559918,106773.08,0
2018-07-19,4.2573,4.2573,4.2573,4.2573,19931000,0.00%,134574918,69183559918,84852.25,0
2018-07-20,4.2573,4.2573,4.2573,4.2573,32452000,0.00%,102122918,69183559918,138157.9,0
2018-07-23,4.2573,4.2573,4.2573,4.2573,37886000,0.00%,64236918,69183559918,161292.07,0
2018-07-24,4.2573,4.2573,4.2573,4.2573,39634000,0.00%,24602918,69183559918,168733.83,0
2018-07-25,4.2573,4.2616,4.2616,4.2573,35530000,0.10%,239245669,69433732669,151414.65,250172750
2018-07-26,4.2616,4.2616,4.2616,4.2616,42351000,0.00%,196894669,69433732669,180483.02,0
2018-07-27,4.2616,4.2616,4.2616,4.2616,27474000,0.00%,169420669,69433732669,117083.2,0
2018-07-30,4.2616,4.2616,4.2616,4.2616,48279000,0.00%,121141669,69433732669,205745.79,0
2018-07-31,4.2616,4.2616,4.2616,4.2616,70262000,0.00%,50879669,69433732669,299428.54,0
2018-08-01,4.2616,4.2616,4.2616,4.2616,48849000,0.00%,2030669,69433732669,208174.9,0
2018-08-02,4.2616,4.2658,4.2658,4.2616,77482000,0.10%,175538341,69684722341,330522.72,250989672
2018-08-03,4.2658,4.2658,4.2658,4.2658,57513000,0.00%,118025341,69684722341,245338.96,0
2018-08-06,4.2658,4.2658,4.2658,4.2658,40755000,0.00%,77270341,69684722341,173852.68,0
2018-08-07,4.2658,4.2658,4.2658,4.2658,34447000,0.00%,42823341,69684722341,146944.01,0
2018-08-08,4.2658,4.2701,4.2701,4.2658,48355000,0.10%,243662612,69933916612,206480.69,249194271
2018-08-09,4.2701,4.2701,4.2701,4.2701,50597000,0.00%,193065612,69933916612,216054.25,0
2018-08-10,4.2701,4.2701,4.2701,4.2701,37107000,0.00%,155958612,69933916612,158450.6,0
2018-08-13,4.2701,4.2701,4.2701,4.2701,32205000,0.00%,123753612,69933916612,137518.57,0
2018-08-14,4.2701,4.2701,4.2701,4.2701,76323000,0.00%,47430612,69933916612,325906.84,0
2018-08-15,4.2701,4.2743,4.2743,4.2701,70851000,0.10%,226633887,70183970887,302838.43,250054274
2018-08-16,4.2743,4.2743,4.2743,4.2743,131575000,0.00%,95058887,70183970887,562391.02,0
2018-08-17,4.2743,4.2743,4.2743,4.2743,81130000,0.00%,13928887,70183970887,346773.96,0
2018-08-20,4.2743,4.2786,4.2786,4.2743,66443000,0.10%,200201556,70436686556,284283.02,252715669
2018-08-21,4.2786,4.2786,4.2786,4.2786,43301000,0.00%,156900556,70436686556,185267.66,0
2018-08-22,4.2786,4.2786,4.2786,4.2786,54986000,0.00%,101914556,70436686556,235263.1,0
2018-08-23,4.2786,4.2786,4.2786,4.2786,38114000,0.00%,63800556,70436686556,163074.56,0
2018-08-24,4.2786,4.2786,4.2786,4.2786,33345000,0.00%,30455556,70436686556,142669.92,0
2018-08-27,4.2786,4.2786,4.2786,4.2786,26524000,0.00%,3931556,70436686556,113485.59,0
2018-08-28,4.2786,4.2829,4.2829,4.2786,39083000,0.10%,215951347,70687789347,167388.58,251102791
2018-08-29,4.2829,4.2829,4.2829,4.2829,29887000,0.00%,186064347,70687789347,128003.03,0
2018-08-30,4.2829,4.2829,4.2829,4.2829,23047000,0.00%,163017347,70687789347,98708.0,0
2018-08-31,4.2829,4.2829,4.2829,4.2829,97926000,0.00%,65091347,70687789347,419407.27,0
2018-09-03,4.2829,4.2829,4.2829,4.2829,52573000,0.00%,12518347,70687789347,225164.9,0
2018-09-04,4.2829,4.2872,4.2872,4.2829,34257000,0.10%,230261789,70939789789,146866.61,252000442
2018-09-05,4.2872,4.2872,4.2872,4.2872,59812000,0.00%,170449789,70939789789,256426.01,0
2018-09-06,4.2872,4.2872,4.2872,4.2872,84151000,0.00%,86298789,70939789789,360772.17,0
2018-09-07,4.2872,4.2872,4.2872,4.2872,75886000,0.00%,10412789,70939789789,325338.46,0
2018-09-10,4.2872,4.2915,4.2915,4.2872,47215000,0.10%,217683943,71194275943,202623.17,254486153
2018-09-11,4.2915,4.2915,4.2915,4.2915,56943000,0.00%,160740943,71194275943,244370.88,0
2018-09-12,4.2915,4.2915,4.2915,4.2915,44631000,0.00%,116109943,71194275943,191533.94,0
2018-09-13,4.2915,4.2915,4.2915,4.2915,58596000,0.00%,57513943,71194275943,251464.73,0
2018-09-14,4.2915,4.2915,4.2915,4.2915,50217000,0.00%,7296943,71194275943,215506.26,0
2018-09-17,4.2915,4.2958,4.2958,4.2915,35834000,0.10%,226953413,71449766413,153935.7,255490470
2018-09-18,4.2958,4.2958,4.2958,4.2958,46512000,0.00%,180441413,71449766413,199806.25,0
2018-09-19,4.2958,4.2958,4.2958,4.2958,39463000,0.00%,140978413,71449766413,169525.16,0
2018-09-20,4.2958,4.2958,4.2958,4.2958,36993000,0.00%,103985413,71449766413,158914.53,0
2018-09-21,4.2958,4.2958,4.2958,4.2958,57228000,0.00%,46757413,71449766413,245840.04,0
2018-09-24,4.2958,4.2958,4.2958,4.2958,35226000,0.00%,11531413,71449766413,151323.85,0
2018-09-26,4.2958,4.3001,4.3001,4.2958,43928000,0.10%,222573602,71704736602,188894.79,254970189
2018-09-27,4.3001,4.3001,4.3001,4.3001,37943000,0.00%,184630602,71704736602,163158.69,0
2018-09-28,4.3001,4.3001,4.3001,4.3001,31198000,0.00%,153432602,71704736602,134154.52,0
2018-10-02,4.3001,4.3001,4.3001,4.3001,41268000,0.00%,112164602,71704736602,177456.53,0
2018-10-03,4.3001,4.3001,4.3001,4.3001,24966000,0.00%,87198602,71704736602,107356.3,0
2018-10-04,4.3001,4.3001,4.3001,4.3001,42655000,0.00%,44543602,71704736602,183420.77,0
2018-10-05,4.3001,4.3001,4.3001,4.3001,40622000,0.00%,3921602,71704736602,174678.66,0
2018-10-08,4.3001,4.3044,4.3044,4.3001,42218000,0.10%,217291813,71960324813,181723.16,255588210
2018-10-09,4.3044,4.3044,4.3044,4.3044,49590000,0.00%,167701813,71960324813,213455.2,0
2018-10-10,4.3044,4.3044,4.3044,4.3044,63269999,0.00%,104431813,71960324813,272339.39,0
2018-10-11,4.3044,4.3087,4.3087,4.3044,128497000,0.10%,234046059,72218436059,553655.02,258111246
2018-10-12,4.3087,4.3087,4.3087,4.3087,103398000,0.00%,130648059,72218436059,445510.96,0
2018-10-15,4.3087,4.3087,4.3087,4.3087,52421000,0.00%,78227059,72218436059,225866.36,0
2018-10-16,4.3087,4.3087,4.3087,4.3087,47709000,0.00%,30518059,72218436059,205563.77,0
2018-10-18,4.3087,4.313,4.313,4.3087,41762000,0.10%,248440222,72478120222,180119.51,259684162
2018-10-19,4.313,4.313,4.313,4.313,47937000,0.00%,200503222,72478120222,206752.28,0
2018-10-22,4.313,4.313,4.313,4.313,53675000,0.00%,146828222,72478120222,231500.27,0
2018-10-23,4.313,4.313,4.313,4.313,58824000,0.00%,88004222,72478120222,253707.91,0
2018-10-24,4.313,4.313,4.313,4.313,50122000,0.00%,37882222,72478120222,216176.19,0
2018-10-25,4.313,4.3173,4.3173,4.313,59109000,0.10%,239664321,72739011321,255191.29,260891099
2018-10-26,4.3173,4.3173,4.3173,4.3173,50122000,0.00%,189542321,72739011321,216391.71,0
2018-10-29,4.3173,4.3173,4.3173,4.3173,45638000,0.00%,143904321,72739011321,197032.94,0
2018-10-30,4.3173,4.3173,4.3173,4.3173,56012000,0.00%,87892321,72739011321,241820.61,0
2018-10-31,4.3173,4.3173,4.3173,4.3173,65284000,0.00%,22608321,72739011321,281850.61,0
2018-11-01,4.3173,4.3216,4.3216,4.3173,78052000,0.10%,205087981,72999542981,337309.52,260531660
2018-11-02,4.3216,4.3216,4.3216,4.3216,127129000,0.00%,77958981,72999542981,549400.69,0
2018-11-05,4.3216,4.3216,4.3216,4.3216,51718000,0.00%,26240981,72999542981,223504.51,0
2018-11-06,4.3216,4.3259,4.3259,4.3216,44346000,0.10%,243131710,73260779710,191836.36,261236729
2018-11-07,4.3259,4.3259,4.3259,4.3259,48887000,0.00%,194244710,73260779710,211480.27,0
2018-11-08,4.3259,4.3259,4.3259,4.3259,58235000,0.00%,136009710,73260779710,251918.79,0
2018-11-09,4.3259,4.3259,4.3259,4.3259,54644000,0.00%,81365710,73260779710,236384.48,0
2018-11-12,4.3259,4.3259,4.3259,4.3259,51870000,0.00%,29495710,73260779710,224384.43,0
2018-11-13,4.3259,4.3302,4.3302,4.3259,63593000,0.10%,228603684,73523480684,275370.41,262700974
2018-11-14,4.3302,4.3302,4.3302,4.3302,40527000,0.00%,188076684,73523480684,175490.02,0
2018-11-15,4.3302,4.3302,4.3302,4.3302,87438000,0.00%,100638684,73523480684,378624.03,0
2018-11-16,4.3302,4.3302,4.3302,4.3302,49248000,0.00%,51390684,73523480684,213253.69,0
2018-11-19,4.3302,4.3302,4.3302,4.3302,34276000,0.00%,17114684,73523480684,148421.94,0
2018-11-20,4.3302,4.3346,4.3346,4.3302,32414000,0.10%,248112080,73786892080,140501.72,263411395
2018-11-21,4.3346,4.3346,4.3346,4.3346,42484000,0.00%,205628080,73786892080,184151.15,0
2018-11-22,4.3346,4.3346,4.3346,4.3346,37924000,0.00%,167704080,73786892080,164385.37,0
2018-11-23,4.3346,4.3346,4.3346,4.3346,22838000,0.00%,144866080,73786892080,98993.59,0
2018-11-26,4.3346,4.3346,4.3346,4.3346,28804000,0.00%,116062080,73786892080,124853.82,0
2018-11-27,4.3346,4.3346,4.3346,4.3346,51984000,0.00%,64078080,73786892080,225329.85,0
2018-11-28,4.3346,4.3389,4.3389,4.3346,65322000,0.10%,263147020,74051283020,283425.63,264390939
2018-11-29,4.3389,4.3389,4.3389,4.3389,72371000,0.00%,190776020,74051283020,314010.53,0
2018-11-30,4.3389,4.3389,4.3389,4.3389,44004000,0.00%,146772020,74051283020,190928.96,0
2018-12-03,4.3389,4.3389,4.3389,4.3389,66766000,0.00%,80006020,74051283020,289691.0,0
2018-12-04,4.3389,4.3389,4.3389,4.3389,47918000,0.00%,32088020,74051283020,207911.41,0
2018-12-05,4.3389,4.3433,4.3433,4.3389,49419000,0.10%,248751837,74317365837,214641.54,266082817
2018-12-06,4.3433,4.3433,4.3433,4.3433,59774000,0.00%,188977837,74317365837,259616.41,0
2018-12-07,4.3433,4.3433,4.3433,4.3433,58843000,0.00%,130134837,74317365837,255572.8,0
2018-12-10,4.3433,4.3433,4.3433,4.3433,33193000,0.00%,96941837,74317365837,144167.16,0
2018-12-11,4.3433,4.3433,4.3433,4.3433,32395000,0.00%,64546837,74317365837,140701.2,0
2018-12-12,4.3433,4.3433,4.3433,4.3433,30513999,0.00%,34032837,74317365837,132531.46,0
2018-12-13,4.3433,4.3433,4.3433,4.3433,26847000,0.00%,7185837,74317365837,116604.58,0
2018-12-14,4.3433,4.3476,4.3476,4.3433,32376000,0.10%,241094489,74583650489,140757.9,266284651
2018-12-17,4.3476,4.3476,4.3476,4.3476,26201000,0.00%,214893489,74583650489,113911.47,0
2018-12-18,4.3476,4.3476,4.3476,4.3476,35663000,0.00%,179230489,74583650489,155048.46,0
2018-12-19,4.3476,4.3476,4.3476,4.3476,27873000,0.00%,151357489,74583650489,121180.65,0
2018-12-20,4.3476,4.3476,4.3476,4.3476,30951000,0.00%,120406489,74583650489,134562.57,0
2018-12-21,4.3476,4.3476,4.3476,4.3476,79097000,0.00%,41309489,74583650489,343882.12,0
2018-12-24,4.3476,4.3476,4.3476,4.3476,27702000,0.00%,13607489,74583650489,120437.22,0
2018-12-27,4.3476,4.3519,4.3519,4.3476,33535000,0.10%,247520188,74851098188,145940.97,267447699
2018-12-28,4.3519,4.3519,4.3519,4.3519,21926000,0.00%,225594188,74851098188,95419.76,0
2018-12-31,4.3519,4.3519,4.3519,4.3519,18791000,0.00%,206803188,74851098188,81776.55,0
2019-01-02,4.3519,4.3519,4.3519,4.3519,31440000,0.00%,175363188,74851098188,136823.74,0
2019-01-03,4.3519,4.3519,4.3519,4.3519,32840000,0.00%,142523188,74851098188,142916.4,0
2019-01-04,4.3519,4.3519,4.3519,4.3519,38660000,0.00%,103863188,74851098188,168244.45,0
2019-01-07,4.3519,4.3519,4.3519,4.3519,49780000,0.00%,54083188,74851098188,216637.58,0
2019-01-08,4.3519,4.3519,4.3519,4.3519,32520000,0.00%,21563188,74851098188,141523.79,0
2019-01-09,4.3519,4.3563,4.3563,4.3519,63760000,0.10%,225849163,75119144163,277757.69,268045974
2019-01-10,4.3563,4.3563,4.3563,4.3563,49820000,0.00%,176029163,75119144163,217030.87,0
2019-01-11,4.3563,4.3563,4.3563,4.3563,40300000,0.00%,135729163,75119144163,175558.89,0
2019-01-14,4.3563,4.3563,4.3563,4.3563,37960000,0.00%,97769163,75119144163,165365.15,0
2019-01-15,4.3563,4.3563,4.3563,4.3563,33900000,0.00%,63869163,75119144163,147678.57,0
2019-01-16,4.3563,4.3563,4.3563,4.3563,32780000,0.00%,31089163,75119144163,142799.51,0
2019-01-17,4.3563,4.3607,4.3607,4.3563,46300000,0.10%,254004929,75388359929,201900.41,269215766
2019-01-18,4.3607,4.3607,4.3607,4.3607,31320000,0.00%,222684929,75388359929,136577.12,0
2019-01-21,4.3607,4.3607,4.3607,4.3607,38120000,0.00%,184564929,75388359929,166229.88,0
2019-01-22,4.3607,4.3607,4.3607,4.3607,42080000,0.00%,142484929,75388359929,183498.26,0
2019-01-23,4.3607,4.3607,4.3607,4.3607,32820000,0.00%,109664929,75388359929,143118.17,0
2019-01-24,4.3607,4.3607,4.3607,4.3607,34220000,0.00%,75444929,75388359929,149223.15,0
2019-01-25,4.3607,4.3607,4.3607,4.3607,63060000,0.00%,12384929,75388359929,274985.74,0
2019-01-28,4.3607,4.365,4.365,4.3607,44480000,0.10%,236655271,75657110271,194155.2,268750341
2019-01-29,4.365,4.365,4.365,4.365,31600000,0.00%,205055271,75657110271,137934.0,0
2019-01-30,4.365,4.365,4.365,4.365,26180000,0.00%,178875271,75657110271,114275.7,0
2019-01-31,4.365,4.365,4.365,4.365,48380000,0.00%,130495271,75657110271,211178.7,0
2019-02-01,4.365,4.365,4.365,4.365,27940000,0.00%,102555271,75657110271,121958.1,0
2019-02-04,4.365,4.365,4.365,4.365,11720000,0.00%,90835271,75657110271,51157.8,0
2019-02-08,4.365,4.365,4.365,4.365,29800000,0.00%,61035271,75657110271,130077.0,0
2019-02-11,4.365,4.365,4.365,4.365,34700000,0.00%,26335271,75657110271,151465.5,0
2019-02-12,4.365,4.3694,4.3694,4.365,30020000,0.10%,262550843,75923345843,131169.39,266235572
2019-02-13,4.3694,4.3694,4.3694,4.3694,45760000,0.00%,216790843,75923345843,199943.74,0
2019-02-14,4.3694,4.3694,4.3694,4.3694,38540000,0.00%,178250843,75923345843,168396.68,0
2019-02-15,4.3694,4.3694,4.3694,4.3694,37120000,0.00%,141130843,75923345843,162192.13,0
2019-02-18,4.3694,4.3694,4.3694,4.3694,24080000,0.00%,117050843,75923345843,105215.15,0
2019-02-19,4.3694,4.3694,4.3694,4.3694,18620000,0.00%,98430843,75923345843,81358.23,0
2019-02-20,4.3694,4.3694,4.3694,4.3694,34200000,0.00%,64230843,75923345843,149433.48,0
2019-02-21,4.3694,4.3694,4.3694,4.3694,23600000,0.00%,40630843,75923345843,103117.84,0
2019-02-22,4.3694,4.3694,4.3694,4.3694,27500000,0.00%,13130843,75923345843,120158.5,0
2019-02-25,4.3694,4.3737,4.3737,4.3694,34360000,0.10%,237778194,76182353194,150280.33,259007350
2019-02-26,4.3737,4.3737,4.3737,4.3737,27660000,0.00%,210118194,76182353194,120976.54,0
2019-02-27,4.3737,4.3737,4.3737,4.3737,31560000,0.00%,178558194,76182353194,138033.97,0
2019-02-28,4.3737,4.3737,4.3737,4.3737,37440000,0.00%,141118194,76182353194,163751.33,0
2019-03-01,4.3737,4.3737,4.3737,4.3737,34020000,0.00%,107098194,76182353194,148793.27,0
2019-03-04,4.3737,4.3737,4.3737,4.3737,57180000,0.00%,49918194,76182353194,250088.17,0
2019-03-05,4.3737,4.3781,4.3781,4.3737,73240000,0.10%,231973641,76437648641,320652.04,255295446
2019-03-06,4.3781,4.3781,4.3781,4.3781,59740000,0.00%,172233641,76437648641,261547.69,0
2019-03-07,4.3781,4.3781,4.3781,4.3781,34540000,0.00%,137693641,76437648641,151219.57,0
2019-03-08,4.3781,4.3781,4.3781,4.3781,51740000,0.00%,85953641,76437648641,226522.89,0
2019-03-11,4.3781,4.3781,4.3781,4.3781,36780000,0.00%,49173641,76437648641,161026.52,0
2019-03-12,4.3781,4.3781,4.3781,4.3781,32759999,0.00%,16413641,76437648641,143426.56,0
2019-03-13,4.3781,4.3825,4.3825,4.3781,24240000,0.10%,247362958,76692837958,106231.8,255189317
2019-03-14,4.3825,4.3825,4.3825,4.3825,24100000,0.00%,223262958,76692837958,105618.25,0
2019-03-15,4.3825,4.3825,4.3825,4.3825,32140000,0.00%,191122958,76692837958,140853.55,0
2019-03-18,4.3825,4.3825,4.3825,4.3825,38960000,0.00%,152162958,76692837958,170742.2,0
2019-03-19,4.3825,4.3825,4.3825,4.3825,30800000,0.00%,121362958,76692837958,134981.0,0
2019-03-20,4.3825,4.3825,4.3825,4.3825,32320000,0.00%,89042958,76692837958,141642.4,0
2019-03-21,4.3825,4.3825,4.3825,4.3825,42360000,0.00%,46682958,76692837958,185642.7,0
2019-03-22,4.3825,4.3869,4.3869,4.3825,50840000,0.10%,251708371,76948703371,223030.0,255865413
2019-03-25,4.3869,4.3869,4.3869,4.3869,41700000,0.00%,210008371,76948703371,182933.73,0
2019-03-26,4.3869,4.3869,4.3869,4.3869,32460000,0.00%,177548371,76948703371,142398.77,0
2019-03-27,4.3869,4.3869,4.3869,4.3869,27180000,0.00%,150368371,76948703371,119235.94,0
2019-03-28,4.3869,4.3869,4.3869,4.3869,21940000,0.00%,128428371,76948703371,96248.59,0
2019-03-29,4.3869,4.3869,4.3869,4.3869,35200000,0.00%,93228371,76948703371,154418.88,0
2019-04-01,4.3869,4.3869,4.3869,4.3869,29600000,0.00%,63628371,76948703371,129852.24,0
2019-04-02,4.3869,4.3869,4.3869,4.3869,26800000,0.00%,36828371,76948703371,117568.92,0
2019-04-03,4.3869,4.3913,4.3913,4.3869,55320000,0.10%,236209268,77203404268,242926.72,254700897
2019-04-04,4.3913,4.3913,4.3913,4.3913,27400000,0.00%,208809268,77203404268,120321.62,0
2019-04-08,4.3913,4.3913,4.3913,4.3913,32520000,0.00%,176289268,77203404268,142805.08,0
2019-04-09,4.3913,4.3913,4.3913,4.3913,29160000,0.00%,147129268,77203404268,128050.31,0
2019-04-10,4.3913,4.3913,4.3913,4.3913,31100000,0.00%,116029268,77203404268,136569.43,0
2019-04-11,4.3913,4.3913,4.3913,4.3913,67200000,0.00%,48829268,77203404268,295095.36,0
2019-04-12,4.3913,4.3913,4.3913,4.3913,25580000,0.00%,23249268,77203404268,112329.45,0
2019-04-15,4.3913,4.3957,4.3957,4.3913,28000000,0.10%,249275694,77457430694,123079.6,254026425
2019-04-16,4.3957,4.3957,4.3957,4.3957,26040000,0.00%,223235694,77457430694,114464.03,0
2019-04-17,4.3957,4.3957,4.3957,4.3957,25580000,0.00%,197655694,77457430694,112442.01,0
2019-04-18,4.3957,4.3957,4.3957,4.3957,26280000,0.00%,171375694,77457430694,115519.0,0
2019-04-23,4.3957,4.3957,4.3957,4.3957,26620000,0.00%,144755694,77457430694,117013.53,0
2019-04-24,4.3957,4.3957,4.3957,4.3957,30440000,0.00%,114315694,77457430694,133805.11,0
2019-04-25,4.3957,4.3957,4.3957,4.3957,31080000,0.00%,83235694,77457430694,136618.36,0
2019-04-26,4.3957,4.3957,4.3957,4.3957,25780000,0.00%,57455694,77457430694,113321.15,0
2019-04-29,4.3957,4.3957,4.3957,4.3957,26900000,0.00%,30555694,77457430694,118244.33,0
2019-04-30,4.3957,4.3957,4.3957,4.3957,19320000,0.00%,11235694,77457430694,84924.92,0
2019-05-02,4.3957,4.4001,4.4001,4.3957,18100000,0.10%,241274038,77705569038,79641.81,248138343
2019-05-03,4.4001,4.4001,4.4001,4.4001,19320000,0.00%,221954038,77705569038,85009.93,0
2019-05-06,4.4001,4.4001,4.4001,4.4001,45460000,0.00%,176494038,77705569038,200028.55,0
2019-05-07,4.4001,4.4001,4.4001,4.4001,34580000,0.00%,141914038,77705569038,152155.46,0
2019-05-08,4.4001,4.4001,4.4001,4.4001,68440000,0.00%,73474038,77705569038,301142.84,0
2019-05-09,4.4001,4.4001,4.4001,4.4001,39600000,0.00%,33874038,77705569038,174243.96,0
2019-05-10,4.4001,4.4045,4.4045,4.4001,51840000,0.10%,226748391,77950283391,228329.28,244714352
2019-05-14,4.4045,4.4045,4.4045,4.4045,52980000,0.00%,173768391,77950283391,233350.41,0
2019-05-15,4.4045,4.4045,4.4045,4.4045,32680000,0.00%,141088391,77950283391,143939.06,0
2019-05-16,4.4045,4.4045,4.4045,4.4045,46000000,0.00%,95088391,77950283391,202607.0,0
2019-05-17,4.4045,4.4045,4.4045,4.4045,45880000,0.00%,49208391,77950283391,202078.46,0
2019-05-20,4.4045,4.4089,4.4089,4.4045,53740000,0.10%,241305516,78196120516,236934.29,245837124
2019-05-21,4.4089,4.4089,4.4089,4.4089,45460000,0.00%,195845516,78196120516,200428.59,0
2019-05-22,4.4089,4.4089,4.4089,4.4089,38440000,0.00%,157405516,78196120516,169478.12,0
2019-05-23,4.4089,4.4089,4.4089,4.4089,73960000,0.00%,83445516,78196120516,326082.24,0
2019-05-24,4.4089,4.4089,4.4089,4.4089,42800000,0.00%,40645516,78196120516,188700.92,0
2019-05-27,4.4089,4.4089,4.4089,4.4089,39600000,0.00%,1045516,78196120516,174592.44,0
2019-05-28,4.4089,4.4133,4.4133,4.4089,57920000,0.10%,189320707,78442315707,255618.34,246195191
2019-05-29,4.4133,4.4133,4.4133,4.4133,39940000,0.00%,149380707,78442315707,176267.2,0
2019-05-30,4.4133,4.4133,4.4133,4.4133,25980000,0.00%,123400707,78442315707,114657.53,0
2019-05-31,4.4133,4.4133,4.4133,4.4133,37960000,0.00%,85440707,78442315707,167528.87,0
2019-06-03,4.4133,4.4133,4.4133,4.4133,40840000,0.00%,44600707,78442315707,180239.17,0
2019-06-04,4.4133,4.4133,4.4133,4.4133,39340000,0.00%,5260707,78442315707,173619.22,0
2019-06-05,4.4133,4.4177,4.4177,4.4133,36540000,0.10%,215062036,78688657036,161422.76,246341328
2019-06-06,4.4177,4.4177,4.4177,4.4177,24780000,0.00%,190282036,78688657036,109470.61,0
2019-06-10,4.4177,4.4177,4.4177,4.4177,47780000,0.00%,142502036,78688657036,211077.71,0
2019-06-11,4.4177,4.4177,4.4177,4.4177,35740000,0.00%,106762036,78688657036,157888.6,0
2019-06-12,4.4177,4.4177,4.4177,4.4177,35080000,0.00%,71682036,78688657036,154972.92,0
2019-06-13,4.4177,4.4177,4.4177,4.4177,40640000,0.00%,31042036,78688657036,179535.33,0
2019-06-14,4.4177,4.4177,4.4177,4.4177,28140000,0.00%,2902036,78688657036,124314.08,0
2019-06-17,4.4177,4.4221,4.4221,4.4177,21180000,0.10%,225433595,78932368595,93660.08,243711559
2019-06-18,4.4221,4.4221,4.4221,4.4221,23940000,0.00%,201493595,78932368595,105865.07,0
2019-06-19,4.4221,4.4221,4.4221,4.4221,47120000,0.00%,154373595,78932368595,208369.35,0
2019-06-20,4.4221,4.4221,4.4221,4.4221,38460000,0.00%,115913595,78932368595,170073.97,0
2019-06-21,4.4221,4.4221,4.4221,4.4221,40220000,0.00%,75693595,78932368595,177856.86,0
2019-06-24,4.4221,4.4221,4.4221,4.4221,21300000,0.00%,54393595,78932368595,94190.73,0
2019-06-25,4.4221,4.4221,4.4221,4.4221,22940000,0.00%,31453595,78932368595,101442.97,0
2019-06-26,4.4221,4.4221,4.4221,4.4221,21320000,0.00%,10133595,78932368595,94279.17,0
2019-06-27,4.4221,4.4265,4.4265,4.4221,22580000,0.10%,216368927,79161183927,99950.37,228815332
2019-06-28,4.4265,4.4265,4.4265,4.4265,25540000,0.00%,190828927,79161183927,113052.81,0
2019-07-02,4.4265,4.4265,4.4265,4.4265,45020000,0.00%,145808927,79161183927,199281.03,0
2019-07-03,4.4265,4.4265,4.4265,4.4265,20720000,0.00%,125088927,79161183927,91717.08,0
2019-07-04,4.4265,4.4265,4.4265,4.4265,13620000,0.00%,111468927,79161183927,60288.93,0
2019-07-05,4.4265,4.4265,4.4265,4.4265,10260000,0.00%,101208927,79161183927,45415.89,0
2019-07-08,4.4265,4.4265,4.4265,4.4265,20040000,0.00%,81168927,79161183927,88707.06,0
2019-07-09,4.4265,4.4265,4.4265,4.4265,19320000,0.00%,61848927,79161183927,85519.98,0
2019-07-10,4.4265,4.4265,4.4265,4.4265,25740000,0.00%,36108927,79161183927,113938.11,0
2019-07-11,4.4265,4.4265,4.4265,4.4265,17820000,0.00%,18288927,79161183927,78880.23,0
2019-07-12,4.4265,4.4265,4.4265,4.4265,16579999,0.00%,1708927,79161183927,73391.37,0
2019-07-15,4.4265,4.4309,4.4309,4.4265,23620000,0.10%,203202970,79386297970,104657.86,225114042
2019-07-16,4.4309,4.4309,4.4309,4.4309,20840000,0.00%,182362970,79386297970,92339.96,0
2019-07-17,4.4309,4.4309,4.4309,4.4309,19300000,0.00%,163062970,79386297970,85516.37,0
2019-07-18,4.4309,4.4309,4.4309,4.4309,20980000,0.00%,142082970,79386297970,92960.28,0
2019-07-19,4.4309,4.4309,4.4309,4.4309,16100000,0.00%,125982970,79386297970,71337.49,0
2019-07-22,4.4309,4.4309,4.4309,4.4309,17340000,0.00%,108642970,79386297970,76831.81,0
2019-07-23,4.4309,4.4309,4.4309,4.4309,17520000,0.00%,91122970,79386297970,77629.37,0
2019-07-24,4.4309,4.4309,4.4309,4.4309,35500000,0.00%,55622970,79386297970,157296.95,0
2019-07-25,4.4309,4.4309,4.4309,4.4309,27880000,0.00%,27742970,79386297970,123533.49,0
2019-07-26,4.4309,4.4309,4.4309,4.4309,23300000,0.00%,4442970,79386297970,103239.97,0
2019-07-29,4.4309,4.4354,4.4354,4.4309,22560000,0.10%,202965991,79607380991,100062.62,221083021
2019-07-30,4.4354,4.4354,4.4354,4.4354,21080000,0.00%,181885991,79607380991,93498.23,0
2019-07-31,4.4354,4.4354,4.4354,4.4354,21000000,0.00%,160885991,79607380991,93143.4,0
2019-08-01,4.4354,4.4354,4.4354,4.4354,24760000,0.00%,136125991,79607380991,109820.5,0
2019-08-02,4.4354,4.4354,4.4354,4.4354,50560000,0.00%,85565991,79607380991,224253.82,0
2019-08-05,4.4354,4.4354,4.4354,4.4354,61120000,0.00%,24445991,79607380991,271091.65,0
2019-08-06,4.4354,4.4398,4.4398,4.4354,62520000,0.10%,182476259,79827931259,277576.3,220550267
2019-08-07,4.4398,4.4398,4.4398,4.4398,30300000,0.00%,152176259,79827931259,134525.94,0
2019-08-08,4.4398,4.4398,4.4398,4.4398,30920000,0.00%,121256259,79827931259,137278.62,0
2019-08-09,4.4398,4.4398,4.4398,4.4398,27480000,0.00%,93776259,79827931259,122005.7,0
2019-08-12,4.4398,4.4398,4.4398,4.4398,24680000,0.00%,69096259,79827931259,109574.26,0
2019-08-13,4.4398,4.4398,4.4398,4.4398,26300000,0.00%,42796259,79827931259,116766.74,0
2019-08-14,4.4398,4.4398,4.4398,4.4398,34960000,0.00%,7836259,79827931259,155215.41,0
2019-08-15,4.4398,4.4443,4.4443,4.4398,60020000,0.10%,166944956,80047059956,266746.89,219128697
2019-08-16,4.4443,4.4443,4.4443,4.4443,47460000,0.00%,119484956,80047059956,210926.48,0
2019-08-19,4.4443,4.4443,4.4443,4.4443,43600000,0.00%,75884956,80047059956,193771.48,0
2019-08-20,4.4443,4.4443,4.4443,4.4443,31040000,0.00%,44844956,80047059956,137951.07,0
2019-08-21,4.4443,4.4443,4.4443,4.4443,20860000,0.00%,23984956,80047059956,92708.1,0
2019-08-22,4.4443,4.4443,4.4443,4.4443,21040000,0.00%,2944956,80047059956,93508.07,0
2019-08-23,4.4443,4.4487,4.4487,4.4443,23600000,0.10%,197287884,80265002884,104989.32,217942927
2019-08-26,4.4487,4.4487,4.4487,4.4487,45520000,0.00%,151767884,80265002884,202504.82,0
2019-08-27,4.4487,4.4487,4.4487,4.4487,35840000,0.00%,115927884,80265002884,159441.41,0
2019-08-28,4.4487,4.4487,4.4487,4.4487,45260000,0.00%,70667884,80265002884,201348.16,0
2019-08-29,4.4487,4.4487,4.4487,4.4487,50060000,0.00%,20607884,80265002884,222701.92,0
2019-08-30,4.4487,4.4531,4.4531,4.4487,38840000,0.10%,200638158,80483873158,172958.4,218870274
2019-09-02,4.4531,4.4531,4.4531,4.4531,33920000,0.00%,166718158,80483873158,151049.15,0
2019-09-03,4.4531,4.4531,4.4531,4.4531,27920000,0.00%,138798158,80483873158,124330.55,0
2019-09-04,4.4531,4.4531,4.4531,4.4531,44680000,0.00%,94118158,80483873158,198964.51,0
2019-09-05,4.4531,4.4531,4.4531,4.4531,36260000,0.00%,57858158,80483873158,161469.41,0
2019-09-06,4.4531,4.4531,4.4531,4.4531,26900000,0.00%,30958158,80483873158,119788.39,0
2019-09-09,4.4531,4.4531,4.4531,4.4531,17620000,0.00%,13338158,80483873158,78463.62,0
2019-09-10,4.4531,4.4576,4.4576,4.4531,21360000,0.10%,210091263,80701986263,95214.34,218113104
2019-09-11,4.4576,4.4576,4.4576,4.4576,31580000,0.00%,178511263,80701986263,140771.01,0
2019-09-12,4.4576,4.4576,4.4576,4.4576,30600000,0.00%,147911263,80701986263,136402.56,0
2019-09-13,4.4576,4.4576,4.4576,4.4576,19880000,0.00%,128031263,80701986263,88617.09,0
2019-09-16,4.4576,4.4576,4.4576,4.4576,46740000,0.00%,81291263,80701986263,208348.22,0
2019-09-17,4.4576,4.4576,4.4576,4.4576,18460000,0.00%,62831263,80701986263,82287.3,0
2019-09-18,4.4576,4.4576,4.4576,4.4576,14680000,0.00%,48151263,80701986263,65437.57,0
2019-09-19,4.4576,4.4576,4.4576,4.4576,18880000,0.00%,29271263,80701986263,84159.49,0
2019-09-20,4.4576,4.4621,4.4621,4.4576,38560000,0.10%,206941225,80918216225,172058.58,216229962
2019-09-23,4.4621,4.4621,4.4621,4.4621,16620000,0.00%,190321225,80918216225,74160.1,0
2019-09-24,4.4621,4.4621,4.4621,4.4621,21440000,0.00%,168881225,80918216225,95667.42,0
2019-09-25,4.4621,4.4621,4.4621,4.4621,34860000,0.00%,134021225,80918216225,155548.81,0
2019-09-26,4.4621,4.4621,4.4621,4.4621,24900000,0.00%,109121225,80918216225,111106.29,0
2019-09-27,4.4621,4.4621,4.4621,4.4621,21640000,0.00%,87481225,80918216225,96559.84,0
2019-09-30,4.4621,4.4621,4.4621,4.4621,29380000,0.00%,58101225,80918216225,131096.5,0
2019-10-02,4.4621,4.4621,4.4621,4.4621,34560000,0.00%,23541225,80918216225,154210.18,0
2019-10-03,4.4621,4.4665,4.4665,4.4621,31660000,0.10%,207799203,81134134203,141409.39,215917977
2019-10-04,4.4665,4.4665,4.4665,4.4665,25220000,0.00%,182579203,81134134203,112645.13,0
2019-10-08,4.4665,4.4665,4.4665,4.4665,30560000,0.00%,152019203,81134134203,136496.24,0
2019-10-09,4.4665,4.4665,4.4665,4.4665,35380000,0.00%,116639203,81134134203,158024.77,0
2019-10-10,4.4665,4.4665,4.4665,4.4665,32979999,0.00%,83659203,81134134203,147305.17,0
2019-10-11,4.4665,4.4665,4.4665,4.4665,39220000,0.00%,44439203,81134134203,175176.13,0
2019-10-14,4.4665,4.471,4.471,4.4665,48020000,0.10%,213384483,81351099483,214697.42,216965279
2019-10-15,4.471,4.471,4.471,4.471,28400000,0.00%,184984483,81351099483,126976.4,0
2019-10-16,4.471,4.471,4.471,4.471,27900000,0.00%,157084483,81351099483,124740.9,0
2019-10-17,4.471,4.471,4.471,4.471,20680000,0.00%,136404483,81351099483,92460.28,0
2019-10-18,4.471,4.471,4.471,4.471,19800000,0.00%,116604483,81351099483,88525.8,0
2019-10-21,4.471,4.471,4.471,4.471,27900000,0.00%,88704483,81351099483,124740.9,0
2019-10-22,4.471,4.471,4.471,4.471,20900000,0.00%,67804483,81351099483,93443.9,0
2019-10-23,4.471,4.471,4.471,4.471,39720000,0.00%,28084483,81351099483,177588.12,0
2019-10-24,4.471,4.4755,4.4755,4.471,36940000,0.10%,205350292,81565305292,165324.97,214205809
2019-10-25,4.4755,4.4755,4.4755,4.4755,31580000,0.00%,173770292,81565305292,141336.29,0
2019-10-28,4.4755,4.4755,4.4755,4.4755,35220000,0.00%,138550292,81565305292,157627.11,0
2019-10-29,4.4755,4.4755,4.4755,4.4755,39860000,0.00%,98690292,81565305292,178393.43,0
2019-10-30,4.4755,4.4755,4.4755,4.4755,26380000,0.00%,72310292,81565305292,118063.69,0
2019-10-31,4.4755,4.4755,4.4755,4.4755,32220000,0.00%,40090292,81565305292,144200.61,0
2019-11-01,4.4755,4.4755,4.4755,4.4755,20800000,0.00%,19290292,81565305292,93090.4,0
2019-11-04,4.4755,4.4799,4.4799,4.4755,29560000,0.10%,202214422,81777789422,132425.84,212484130
2019-11-05,4.4799,4.4799,4.4799,4.4799,45500000,0.00%,156714422,81777789422,203835.45,0
2019-11-06,4.4799,4.4799,4.4799,4.4799,24860000,0.00%,131854422,81777789422,111370.31,0
2019-11-07,4.4799,4.4799,4.4799,4.4799,31060000,0.00%,100794422,81777789422,139145.69,0
2019-11-08,4.4799,4.4799,4.4799,4.4799,33320000,0.00%,67474422,81777789422,149270.27,0
2019-11-11,4.4799,4.4799,4.4799,4.4799,30180000,0.00%,37294422,81777789422,135203.38,0
2019-11-12,4.4799,4.4799,4.4799,4.4799,31820000,0.00%,5474422,81777789422,142550.42,0
2019-11-13,4.4799,4.4844,4.4844,4.4799,31860000,0.10%,182832355,81987007355,142872.98,209217933
2019-11-14,4.4844,4.4844,4.4844,4.4844,51380000,0.00%,131452355,81987007355,230408.47,0
2019-11-15,4.4844,4.4844,4.4844,4.4844,27180000,0.00%,104272355,81987007355,121885.99,0
2019-11-18,4.4844,4.4844,4.4844,4.4844,51580000,0.00%,52692355,81987007355,231305.35,0
2019-11-19,4.4844,4.4844,4.4844,4.4844,49280000,0.00%,3412355,81987007355,220991.23,0
2019-11-20,4.4844,4.4889,4.4889,4.4844,27480000,0.10%,185729173,82196804173,123354.97,209796817
2019-11-21,4.4889,4.4889,4.4889,4.4889,26680000,0.00%,159049173,82196804173,119763.85,0
2019-11-22,4.4889,4.4889,4.4889,4.4889,21320000,0.00%,137729173,82196804173,95703.35,0
2019-11-25,4.4889,4.4889,4.4889,4.4889,35860000,0.00%,101869173,82196804173,160971.95,0
2019-11-26,4.4889,4.4889,4.4889,4.4889,58880000,0.00%,42989173,82196804173,264306.43,0
2019-11-27,4.4889,4.4889,4.4889,4.4889,22420000,0.00%,20569173,82196804173,100641.14,0
2019-11-28,4.4889,4.4934,4.4934,4.4889,36380000,0.10%,191960698,82404575698,163469.89,207771524
2019-11-29,4.4934,4.4934,4.4934,4.4934,27620000,0.00%,164340698,82404575698,124107.71,0
2019-12-02,4.4934,4.4934,4.4934,4.4934,20400000,0.00%,143940698,82404575698,91665.36,0
2019-12-03,4.4934,4.4934,4.4934,4.4934,25480000,0.00%,118460698,82404575698,114491.83,0
2019-12-04,4.4934,4.4934,4.4934,4.4934,24520000,0.00%,93940698,82404575698,110178.17,0
2019-12-05,4.4934,4.4934,4.4934,4.4934,23400000,0.00%,70540698,82404575698,105145.56,0
2019-12-06,4.4934,4.4934,4.4934,4.4934,31280000,0.00%,39260698,82404575698,140553.55,0
2019-12-09,4.4934,4.4934,4.4934,4.4934,19680000,0.00%,19580698,82404575698,88430.11,0
2019-12-10,4.4934,4.4979,4.4979,4.4934,20940000,0.10%,203967315,82609902315,94186.03,205326617
2019-12-11,4.4979,4.4979,4.4979,4.4979,25080000,0.00%,178887315,82609902315,112807.33,0
2019-12-12,4.4979,4.4979,4.4979,4.4979,66560000,0.00%,112327315,82609902315,299380.22,0
2019-12-13,4.4979,4.4979,4.4979,4.4979,65580000,0.00%,46747315,82609902315,294972.28,0
2019-12-16,4.4979,4.4979,4.4979,4.4979,38480000,0.00%,8267315,82609902315,173079.19,0
2019-12-17,4.4979,4.5024,4.5024,4.4979,65120000,0.10%,150285368,82817040368,293196.29,207138053
2019-12-18,4.5024,4.5024,4.5024,4.5024,63120000,0.00%,87165368,82817040368,284191.49,0
2019-12-19,4.5024,4.5024,4.5024,4.5024,36880000,0.00%,50285368,82817040368,166048.51,0
2019-12-20,4.5024,4.5024,4.5024,4.5024,43320000,0.00%,6965368,82817040368,195043.97,0
2019-12-23,4.5024,4.5069,4.5069,4.5024,23340000,0.10%,191863821,83025278821,105191.05,208238452
2019-12-24,4.5069,4.5069,4.5069,4.5069,12720000,0.00%,179143821,83025278821,57327.77,0
2019-12-27,4.5069,4.5069,4.5069,4.5069,38360000,0.00%,140783821,83025278821,172884.68,0
2019-12-30,4.5069,4.5069,4.5069,4.5069,28660000,0.00%,112123821,83025278821,129167.75,0
2019-12-31,4.5069,4.5069,4.5069,4.5069,20760000,0.00%,91363821,83025278821,93563.24,0
2020-01-02,4.5069,4.5069,4.5069,4.5069,29379000,0.00%,61984821,83025278821,132408.22,0
2020-01-03,4.5069,4.5069,4.5069,4.5069,32151000,0.00%,29833821,83025278821,144901.34,0
2020-01-06,4.5069,4.5069,4.5069,4.5069,25452000,0.00%,4381821,83025278821,114709.62,0
2020-01-07,4.5069,4.5114,4.5114,4.5069,37149000,0.10%,170619623,83228665623,167594.0,203386802
2020-01-08,4.5114,4.5114,4.5114,4.5114,32613000,0.00%,138006623,83228665623,147130.29,0
2020-01-09,4.5114,4.5114,4.5114,4.5114,33495000,0.00%,104511623,83228665623,151109.34,0
2020-01-10,4.5114,4.5114,4.5114,4.5114,53109000,0.00%,51402623,83228665623,239595.94,0
2020-01-13,4.5114,4.5159,4.5159,4.5114,57897000,0.10%,197091745,83432251745,261457.06,203586122
2020-01-14,4.5159,4.5159,4.5159,4.5159,56343000,0.00%,140748745,83432251745,254439.35,0
2020-01-15,4.5159,4.5159,4.5159,4.5159,33474000,0.00%,107274745,83432251745,151165.24,0
2020-01-16,4.5159,4.5159,4.5159,4.5159,28917000,0.00%,78357745,83432251745,130586.28,0
2020-01-17,4.5159,4.5159,4.5159,4.5159,28707000,0.00%,49650745,83432251745,129637.94,0
2020-01-20,4.5159,4.5159,4.5159,4.5159,27888000,0.00%,21762745,83432251745,125939.42,0
2020-01-21,4.5159,4.5204,4.5204,4.5159,50757000,0.10%,173023267,83634269267,229441.94,202017522
2020-01-22,4.5204,4.5204,4.5204,4.5204,39228000,0.00%,133795267,83634269267,177326.25,0
2020-01-23,4.5204,4.5204,4.5204,4.5204,39102000,0.00%,94693267,83634269267,176756.68,0
2020-01-24,4.5204,4.5204,4.5204,4.5204,16905000,0.00%,77788267,83634269267,76417.36,0
2020-01-29,4.5204,4.5204,4.5204,4.5204,66696000,0.00%,11092267,83634269267,301492.6,0
2020-01-30,4.5204,4.5249,4.5249,4.5204,52395000,0.10%,159378352,83834950352,237082.14,200681084
2020-01-31,4.5249,4.5249,4.5249,4.5249,42630000,0.00%,116748352,83834950352,192896.49,0
2020-02-03,4.5249,4.5249,4.5249,4.5249,60228000,0.00%,56520352,83834950352,272525.68,0
2020-02-04,4.5249,4.5295,4.5295,4.5249,59703000,0.10%,198205674,84036338674,270424.74,201388321
2020-02-05,4.5295,4.5295,4.5295,4.5295,47040000,0.00%,151165674,84036338674,213067.68,0
2020-02-06,4.5295,4.5295,4.5295,4.5295,37359000,0.00%,113806674,84036338674,169217.59,0
2020-02-07,4.5295,4.5295,4.5295,4.5295,31290000,0.00%,82516674,84036338674,141728.05,0
2020-02-10,4.5295,4.5295,4.5295,4.5295,34566000,0.00%,47950674,84036338674,156566.7,0
2020-02-11,4.5295,4.534,4.534,4.5295,48678000,0.10%,200657671,84237723671,220706.05,201384997
2020-02-12,4.534,4.534,4.534,4.534,37170000,0.00%,163487671,84237723671,168528.78,0
2020-02-13,4.534,4.534,4.534,4.534,37506000,0.00%,125981671,84237723671,170052.2,0
2020-02-14,4.534,4.534,4.534,4.534,29169000,0.00%,96812671,84237723671,132252.25,0
2020-02-17,4.534,4.534,4.534,4.534,22428000,0.00%,74384671,84237723671,101688.55,0
2020-02-18,4.534,4.534,4.534,4.534,27363000,0.00%,47021671,84237723671,124063.84,0
2020-02-19,4.534,4.534,4.534,4.534,26250000,0.00%,20771671,84237723671,119017.5,0
2020-02-20,4.534,4.5385,4.5385,4.534,34818000,0.10%,186156574,84437926574,158021.49,200202902
2020-02-21,4.5385,4.5385,4.5385,4.5385,36645000,0.00%,149511574,84437926574,166313.33,0
2020-02-24,4.5385,4.5385,4.5385,4.5385,48678000,0.00%,100833574,84437926574,220925.1,0
2020-02-25,4.5385,4.5385,4.5385,4.5385,50568000,0.00%,50265574,84437926574,229502.87,0
2020-02-26,4.5385,4.5385,4.5385,4.5385,38493000,0.00%,11772574,84437926574,174700.48,0
2020-02-27,4.5385,4.5431,4.5431,4.5385,40278000,0.10%,171543048,84637975048,182986.98,200048473
2020-02-28,4.5431,4.5431,4.5431,4.5431,67032000,0.00%,104511048,84637975048,304533.08,0
2020-03-02,4.5431,4.5431,4.5431,4.5431,48489000,0.00%,56022048,84637975048,220290.38,0
2020-03-03,4.5431,4.5431,4.5431,4.5431,45801000,0.00%,10221048,84637975048,208078.52,0
2020-03-04,4.5431,4.5476,4.5476,4.5431,41076000,0.10%,170965307,84839795307,186797.22,201820258
2020-03-05,4.5476,4.5476,4.5476,4.5476,56805000,0.00%,114160307,84839795307,258326.42,0
2020-03-06,4.5476,4.5476,4.5476,4.5476,63819000,0.00%,50341307,84839795307,290223.28,0
2020-03-09,4.5476,4.5522,4.5522,4.5476,75852000,0.10%,179297530,85044603530,345293.47,204808223
2020-03-10,4.5522,4.5522,4.5522,4.5522,66990000,0.00%,112307530,85044603530,304951.88,0
2020-03-11,4.5522,4.5522,4.5522,4.5522,42945000,0.00%,69362530,85044603530,195494.23,0
2020-03-12,4.5522,4.5567,4.5567,4.5522,79884000,0.10%,196960262,85252085262,364007.42,207481732
2020-03-13,4.5567,4.5567,4.5567,4.5567,120519000,0.00%,76441262,85252085262,549168.93,0
2020-03-16,4.5567,4.5613,4.5613,4.5567,104391000,0.10%,182636410,85462671410,476158.67,210586147
2020-03-17,4.5613,4.5613,4.5613,4.5613,88515000,0.00%,94121410,85462671410,403743.47,0
2020-03-18,4.5613,4.5613,4.5613,4.5613,93240000,0.00%,881410,85462671410,425295.61,0
2020-03-19,4.5613,4.5658,4.5658,4.5613,125475000,0.10%,91318708,85678583708,572893.76,215912298
2020-03-20,4.5658,4.5704,4.5704,4.5658,109830000,0.10%,199683013,85896778013,501967.03,218194304
2020-03-23,4.5704,4.5704,4.5704,4.5704,81249000,0.00%,118434013,85896778013,371340.43,0
2020-03-24,4.5704,4.5704,4.5704,4.5704,76881000,0.00%,41553013,85896778013,351376.92,0
2020-03-25,4.5704,4.575,4.575,4.5704,76083000,0.10%,186611969,86117919969,348079.73,221141956
2020-03-26,4.575,4.575,4.575,4.575,61572000,0.00%,125039969,86117919969,281691.9,0
2020-03-27,4.575,4.575,4.575,4.575,60354000,0.00%,64685969,86117919969,276119.55,0
2020-03-30,4.575,4.575,4.575,4.575,45864000,0.00%,18821969,86117919969,209827.8,0
2020-03-31,4.575,4.5795,4.5795,4.575,46620000,0.10%,194606818,86340324818,213496.29,222404848
2020-04-01,4.5795,4.5795,4.5795,4.5795,49602000,0.00%,145004818,86340324818,227152.36,0
2020-04-02,4.5795,4.5795,4.5795,4.5795,25473000,0.00%,119531818,86340324818,116653.6,0
2020-04-03,4.5795,4.5795,4.5795,4.5795,29967000,0.00%,89564818,86340324818,137233.88,0
2020-04-06,4.5795,4.5795,4.5795,4.5795,29127000,0.00%,60437818,86340324818,133387.1,0
2020-04-07,4.5795,4.5795,4.5795,4.5795,39732000,0.00%,20705818,86340324818,181952.69,0
2020-04-08,4.5795,4.5841,4.5841,4.5795,31878000,0.10%,211649747,86563146747,146131.94,222821929
2020-04-09,4.5841,4.5841,4.5841,4.5841,32970000,0.00%,178679747,86563146747,151137.78,0
2020-04-14,4.5841,4.5841,4.5841,4.5841,55020000,0.00%,123659747,86563146747,252217.18,0
2020-04-15,4.5841,4.5841,4.5841,4.5841,43071000,0.00%,80588747,86563146747,197441.77,0
2020-04-16,4.5841,4.5841,4.5841,4.5841,60585000,0.00%,20003747,86563146747,277727.7,0
2020-04-17,4.5841,4.5887,4.5887,4.5841,62223000,0.10%,182044378,86787410378,285522.68,224263630
2020-04-20,4.5887,4.5887,4.5887,4.5887,32214000,0.00%,149830378,86787410378,147820.38,0
2020-04-21,4.5887,4.5887,4.5887,4.5887,43743000,0.00%,106087378,86787410378,200723.5,0
2020-04-22,4.5887,4.5887,4.5887,4.5887,36015000,0.00%,70072378,86787410378,165262.03,0
2020-04-23,4.5887,4.5887,4.5887,4.5887,37401000,0.00%,32671378,86787410378,171621.97,0
2020-04-24,4.5887,4.5887,4.5887,4.5887,26250000,0.00%,6421378,86787410378,120453.38,0
2020-04-27,4.5887,4.5933,4.5933,4.5887,32907000,0.10%,199127687,87013023687,151151.72,225613309
2020-04-28,4.5933,4.5933,4.5933,4.5933,27531000,0.00%,171596687,87013023687,126458.14,0
2020-04-29,4.5933,4.5933,4.5933,4.5933,27867000,0.00%,143729687,87013023687,128001.49,0
2020-05-04,4.5933,4.5933,4.5933,4.5933,51744000,0.00%,91985687,87013023687,237675.72,0
2020-05-05,4.5933,4.5933,4.5933,4.5933,26418000,0.00%,65567687,87013023687,121345.8,0
2020-05-06,4.5933,4.5933,4.5933,4.5933,41580000,0.00%,23987687,87013023687,190989.41,0
2020-05-07,4.5933,4.5979,4.5979,4.5933,25830000,0.10%,224275284,87239141284,118763.76,226117596
2020-05-08,4.5979,4.5979,4.5979,4.5979,46242000,0.00%,178033284,87239141284,212616.09,0
2020-05-11,4.5979,4.5979,4.5979,4.5979,70266000,0.00%,107767284,87239141284,323076.04,0
2020-05-12,4.5979,4.5979,4.5979,4.5979,46284000,0.00%,61483284,87239141284,212809.2,0
2020-05-13,4.5979,4.5979,4.5979,4.5979,50988000,0.00%,10495284,87239141284,234437.73,0
2020-05-14,4.5979,4.6025,4.6025,4.5979,69153000,0.10%,171036606,87468835606,318276.68,229694322
2020-05-15,4.6025,4.6025,4.6025,4.6025,51639000,0.00%,119397606,87468835606,237668.5,0
2020-05-18,4.6025,4.6025,4.6025,4.6025,43239000,0.00%,76158606,87468835606,199007.5,0
2020-05-19,4.6025,4.6025,4.6025,4.6025,41664000,0.00%,34494606,87468835606,191758.56,0
2020-05-20,4.6025,4.6071,4.6071,4.6025,44625000,0.10%,221233273,87700199273,205591.84,231363666
2020-05-21,4.6071,4.6071,4.6071,4.6071,39438000,0.00%,181795273,87700199273,181694.81,0
2020-05-22,4.6071,4.6071,4.6071,4.6071,79527000,0.00%,102268273,87700199273,366388.84,0
2020-05-25,4.6071,4.6071,4.6071,4.6071,41895000,0.00%,60373273,87700199273,193014.45,0
2020-05-26,4.6071,4.6071,4.6071,4.6071,33600000,0.00%,26773273,87700199273,154798.56,0
2020-05-27,4.6071,4.6117,4.6117,4.6071,43743000,0.10%,214272932,87931441932,201729.59,231242659
2020-05-28,4.6117,4.6117,4.6117,4.6117,60774000,0.00%,153498932,87931441932,280271.46,0
2020-05-29,4.6117,4.6117,4.6117,4.6117,61488000,0.00%,92010932,87931441932,283564.21,0
2020-06-01,4.6117,4.6117,4.6117,4.6117,48279000,0.00%,43731932,87931441932,222648.26,0
2020-06-02,4.6117,4.6117,4.6117,4.6117,37485000,0.00%,6246932,87931441932,172869.57,0
2020-06-03,4.6117,4.6163,4.6163,4.6117,42063000,0.10%,198095423,88165353423,194175.43,233911491
2020-06-04,4.6163,4.6163,4.6163,4.6163,38787000,0.00%,159308423,88165353423,179052.43,0
2020-06-05,4.6163,4.6163,4.6163,4.6163,55713000,0.00%,103595423,88165353423,257187.92,0
2020-06-08,4.6163,4.6163,4.6163,4.6163,41412000,0.00%,62183423,88165353423,191170.22,0
2020-06-09,4.6163,4.6163,4.6163,4.6163,38850000,0.00%,23333423,88165353423,179343.26,0
2020-06-10,4.6163,4.6209,4.6209,4.6163,71274000,0.10%,187627731,88400921731,329350.03,235568307
2020-06-11,4.6209,4.6209,4.6209,4.6209,56553000,0.00%,131074731,88400921731,261325.76,0
2020-06-12,4.6209,4.6209,4.6209,4.6209,36666000,0.00%,94408731,88400921731,169429.92,0
2020-06-15,4.6209,4.6209,4.6209,4.6209,33621000,0.00%,60787731,88400921731,155359.28,0
2020-06-16,4.6209,4.6209,4.6209,4.6209,47145000,0.00%,13642731,88400921731,217852.33,0
2020-06-17,4.6209,4.6255,4.6255,4.6209,29568000,0.10%,221176081,88638023081,136766.78,237101350
2020-06-18,4.6255,4.6255,4.6255,4.6255,39123000,0.00%,182053081,88638023081,180963.44,0
2020-06-19,4.6255,4.6255,4.6255,4.6255,53193000,0.00%,128860081,88638023081,246044.22,0
2020-06-22,4.6255,4.6255,4.6255,4.6255,54516000,0.00%,74344081,88638023081,252163.76,0
2020-06-23,4.6255,4.6255,4.6255,4.6255,65793000,0.00%,8551081,88638023081,304325.52,0
2020-06-24,4.6255,4.6302,4.6302,4.6255,48426000,0.10%,199651800,88877549800,224222.07,239526719
2020-06-26,4.6302,4.6302,4.6302,4.6302,37548000,0.00%,162103800,88877549800,173854.75,0
2020-06-29,4.6302,4.6302,4.6302,4.6302,46368000,0.00%,115735800,88877549800,214693.11,0
2020-06-30,4.6302,4.6302,4.6302,4.6302,46494000,0.00%,69241800,88877549800,215276.52,0
2020-07-02,4.6302,4.6302,4.6302,4.6302,66738000,0.00%,2503800,88877549800,309010.29,0
2020-07-03,4.6302,4.6348,4.6348,4.6302,44100000,0.10%,199746361,89118892361,204394.68,241342560
2020-07-06,4.6348,4.6348,4.6348,4.6348,48846000,0.00%,150900361,89118892361,226391.44,0
2020-07-07,4.6348,4.6348,4.6348,4.6348,52962000,0.00%,97938361,89118892361,245468.28,0
2020-07-08,4.6348,4.6348,4.6348,4.6348,57981000,0.00%,39957361,89118892361,268730.34,0
2020-07-09,4.6348,4.6394,4.6394,4.6348,54747000,0.10%,229374577,89363056577,253993.23,244164215
2020-07-10,4.6394,4.6394,4.6394,4.6394,49266000,0.00%,180108577,89363056577,228564.68,0
2020-07-13,4.6394,4.6394,4.6394,4.6394,42084000,0.00%,138024577,89363056577,195244.51,0
2020-07-14,4.6394,4.6394,4.6394,4.6394,54264000,0.00%,83760577,89363056577,251752.4,0
2020-07-15,4.6394,4.6394,4.6394,4.6394,46557000,0.00%,37203577,89363056577,215996.55,0
2020-07-16,4.6394,4.6441,4.6441,4.6394,56805000,0.10%,227476339,89610134339,263808.1,247077762
2020-07-17,4.6441,4.6441,4.6441,4.6441,36876000,0.00%,190600339,89610134339,171255.83,0
2020-07-20,4.6441,4.6441,4.6441,4.6441,27279000,0.00%,163321339,89610134339,126686.4,0
2020-07-21,4.6441,4.6441,4.6441,4.6441,61110000,0.00%,102211339,89610134339,283800.95,0
2020-07-22,4.6441,4.6441,4.6441,4.6441,43953000,0.00%,58258339,89610134339,204122.13,0
2020-07-23,4.6441,4.6441,4.6441,4.6441,40089000,0.00%,18169339,89610134339,186177.32,0
2020-07-24,4.6441,4.6487,4.6487,4.6441,59094000,0.10%,207559040,89858618040,274710.28,248483701
2020-07-27,4.6487,4.6487,4.6487,4.6487,39249000,0.00%,168310040,89858618040,182456.83,0
2020-07-28,4.6487,4.6487,4.6487,4.6487,45213000,0.00%,123097040,89858618040,210181.67,0
2020-07-29,4.6487,4.6487,4.6487,4.6487,26208000,0.00%,96889040,89858618040,121833.13,0
2020-07-30,4.6487,4.6487,4.6487,4.6487,28770000,0.00%,68119040,89858618040,133743.1,0
2020-07-31,4.6487,4.6487,4.6487,4.6487,32823000,0.00%,35296040,89858618040,152584.28,0
2020-08-03,4.6487,4.6534,4.6534,4.6487,37968000,0.10%,244832878,90106122878,176680.29,247504838
2020-08-04,4.6534,4.6534,4.6534,4.6534,42378000,0.00%,202454878,90106122878,197201.79,0
2020-08-05,4.6534,4.6534,4.6534,4.6534,33348000,0.00%,169106878,90106122878,155181.58,0
2020-08-06,4.6534,4.6534,4.6534,4.6534,43197000,0.00%,125909878,90106122878,201012.92,0
2020-08-07,4.6534,4.658,4.658,4.6534,130452000,0.10%,244501657,90355166657,607645.42,249043778
2020-08-10,4.658,4.658,4.658,4.658,102018000,0.00%,142483657,90355166657,475199.84,0
2020-08-11,4.658,4.658,4.658,4.658,53550000,0.00%,88933657,90355166657,249435.9,0
2020-08-12,4.658,4.658,4.658,4.658,39774000,0.00%,49159657,90355166657,185267.29,0
2020-08-13,4.658,4.6627,4.6627,4.658,57225000,0.10%,243342654,90606574654,266823.01,251407996
2020-08-14,4.6627,4.6627,4.6627,4.6627,37779000,0.00%,205563654,90606574654,176152.14,0
2020-08-17,4.6627,4.6627,4.6627,4.6627,31059000,0.00%,174504654,90606574654,144818.8,0
2020-08-18,4.6627,4.6627,4.6627,4.6627,28119000,0.00%,146385654,90606574654,131110.46,0
2020-08-19,4.6627,4.6627,4.6627,4.6627,23310000,0.00%,123075654,90606574654,108687.54,0
2020-08-20,4.6627,4.6627,4.6627,4.6627,30198000,0.00%,92877654,90606574654,140804.21,0
2020-08-21,4.6627,4.6627,4.6627,4.6627,38325000,0.00%,54552654,90606574654,178697.98,0
2020-08-24,4.6627,4.6673,4.6673,4.6627,57561000,0.10%,248562123,90858145123,268654.46,251570469
2020-08-25,4.6673,4.6673,4.6673,4.6673,37821000,0.00%,210741123,90858145123,176521.95,0
2020-08-26,4.6673,4.6673,4.6673,4.6673,32823000,0.00%,177918123,90858145123,153194.79,0
2020-08-27,4.6673,4.6673,4.6673,4.6673,35763000,0.00%,142155123,90858145123,166916.65,0
2020-08-28,4.6673,4.6673,4.6673,4.6673,47334000,0.00%,94821123,90858145123,220921.98,0
2020-08-31,4.6673,4.6673,4.6673,4.6673,45381000,0.00%,49440123,90858145123,211806.74,0
2020-09-01,4.6673,4.6673,4.6673,4.6673,41517000,0.00%,7923123,90858145123,193772.29,0
2020-09-02,4.6673,4.672,4.672,4.6673,30597000,0.10%,230167909,91110986909,142949.18,252841785
2020-09-03,4.672,4.672,4.672,4.672,35868000,0.00%,194299909,91110986909,167575.3,0
2020-09-04,4.672,4.672,4.672,4.672,69447000,0.00%,124852909,91110986909,324456.38,0
2020-09-07,4.672,4.672,4.672,4.672,37884000,0.00%,86968909,91110986909,176994.05,0
2020-09-08,4.672,4.672,4.672,4.672,38892000,0.00%,48076909,91110986909,181703.42,0
2020-09-09,4.672,4.672,4.672,4.672,37296000,0.00%,10780909,91110986909,174246.91,0
2020-09-10,4.672,4.6767,4.6767,4.672,28728000,0.10%,237354314,91366288314,134352.24,255301405
2020-09-11,4.6767,4.6767,4.6767,4.6767,26754000,0.00%,210600314,91366288314,125120.43,0
2020-09-14,4.6767,4.6767,4.6767,4.6767,40488000,0.00%,170112314,91366288314,189350.23,0
2020-09-15,4.6767,4.6767,4.6767,4.6767,23772000,0.00%,146340314,91366288314,111174.51,0
2020-09-16,4.6767,4.6767,4.6767,4.6767,21399000,0.00%,124941314,91366288314,100076.7,0
2020-09-17,4.6767,4.6767,4.6767,4.6767,24717000,0.00%,100224314,91366288314,115593.99,0
2020-09-18,4.6767,4.6767,4.6767,4.6767,45570000,0.00%,54654314,91366288314,213117.22,0
2020-09-21,4.6767,4.6767,4.6767,4.6767,22071000,0.00%,32583314,91366288314,103219.45,0
2020-09-22,4.6767,4.6767,4.6767,4.6767,26355000,0.00%,6228314,91366288314,123254.43,0
2020-09-23,4.6767,4.6813,4.6813,4.6767,26292000,0.10%,237141083,91623493083,123080.74,257204768
2020-09-24,4.6813,4.6813,4.6813,4.6813,30135000,0.00%,207006083,91623493083,141070.98,0
2020-09-25,4.6813,4.6813,4.6813,4.6813,27783000,0.00%,179223083,91623493083,130060.56,0
2020-09-28,4.6813,4.6813,4.6813,4.6813,22974000,0.00%,156249083,91623493083,107548.19,0
2020-09-29,4.6813,4.6813,4.6813,4.6813,24003000,0.00%,132246083,91623493083,112365.24,0
2020-09-30,4.6813,4.6813,4.6813,4.6813,21525000,0.00%,110721083,91623493083,100764.98,0
2020-10-05,4.6813,4.6813,4.6813,4.6813,38304000,0.00%,72417083,91623493083,179312.52,0
2020-10-06,4.6813,4.6813,4.6813,4.6813,16485000,0.00%,55932083,91623493083,77171.23,0
2020-10-07,4.6813,4.6813,4.6813,4.6813,24192000,0.00%,31740083,91623493083,113250.01,0
2020-10-08,4.6813,4.6813,4.6813,4.6813,17073000,0.00%,14667083,91623493083,79923.83,0
2020-10-09,4.6813,4.686,4.686,4.6813,31899000,0.10%,241107958,91881832958,149478.71,258339874
2020-10-12,4.686,4.686,4.686,4.686,39690000,0.00%,201417958,91881832958,185987.34,0
2020-10-14,4.686,4.686,4.686,4.686,54390000,0.00%,147027958,91881832958,254871.54,0
2020-10-15,4.686,4.686,4.686,4.686,32592000,0.00%,114435958,91881832958,152726.11,0
2020-10-16,4.686,4.686,4.686,4.686,21672000,0.00%,92763958,91881832958,101554.99,0
2020-10-19,4.686,4.686,4.686,4.686,20517000,0.00%,72246958,91881832958,96142.66,0
2020-10-20,4.686,4.686,4.686,4.686,20895000,0.00%,51351958,91881832958,97913.97,0
2020-10-21,4.686,4.686,4.686,4.686,25641000,0.00%,25710958,91881832958,120153.73,0
2020-10-22,4.686,4.6907,4.6907,4.686,26565000,0.10%,256865326,92139552326,124608.45,257719368
2020-10-23,4.6907,4.6907,4.6907,4.6907,15855000,0.00%,241010326,92139552326,74371.05,0
2020-10-27,4.6907,4.6907,4.6907,4.6907,59052000,0.00%,181958326,92139552326,276995.22,0
2020-10-28,4.6907,4.6907,4.6907,4.6907,52332000,0.00%,129626326,92139552326,245473.71,0
2020-10-29,4.6907,4.6907,4.6907,4.6907,48405000,0.00%,81221326,92139552326,227053.33,0
2020-10-30,4.6907,4.6907,4.6907,4.6907,52269000,0.00%,28952326,92139552326,245178.2,0
2020-11-02,4.6907,4.6954,4.6954,4.6907,32571000,0.10%,255752922,92398923922,152933.87,259371595
2020-11-03,4.6954,4.6954,4.6954,4.6954,35658000,0.00%,220094922,92398923922,167428.57,0
2020-11-04,4.6954,4.6954,4.6954,4.6954,59766000,0.00%,160328922,92398923922,280625.28,0
2020-11-05,4.6954,4.6954,4.6954,4.6954,54516000,0.00%,105812922,92398923922,255974.43,0
2020-11-06,4.6954,4.6954,4.6954,4.6954,44835000,0.00%,60977922,92398923922,210518.26,0
2020-11-09,4.6954,4.6954,4.6954,4.6954,36414000,0.00%,24563922,92398923922,170978.3,0
2020-11-10,4.6954,4.7001,4.7001,4.6954,75852000,0.10%,211052364,92661264364,356511.99,262340442
2020-11-11,4.7001,4.7001,4.7001,4.7001,138747000,0.00%,72305364,92661264364,652124.77,0
2020-11-12,4.7001,4.7001,4.7001,4.7001,67851000,0.00%,4454364,92661264364,318906.49,0
2020-11-13,4.7001,4.7048,4.7048,4.7001,59766000,0.10%,210400170,92926976170,281187.08,265711806
2020-11-16,4.7048,4.7048,4.7048,4.7048,40719000,0.00%,169681170,92926976170,191574.75,0
2020-11-17,4.7048,4.7048,4.7048,4.7048,40677000,0.00%,129004170,92926976170,191377.15,0
2020-11-18,4.7048,4.7048,4.7048,4.7048,28308000,0.00%,100696170,92926976170,133183.48,0
2020-11-19,4.7048,4.7048,4.7048,4.7048,32991000,0.00%,67705170,92926976170,155216.06,0
2020-11-20,4.7048,4.7048,4.7048,4.7048,34797000,0.00%,32908170,92926976170,163712.93,0
2020-11-23,4.7048,4.7095,4.7095,4.7048,43890000,0.10%,254920136,93192878136,206699.96,265901965
2020-11-24,4.7095,4.7095,4.7095,4.7095,33390000,0.00%,221530136,93192878136,157250.21,0
2020-11-25,4.7095,4.7095,4.7095,4.7095,43260000,0.00%,178270136,93192878136,203732.97,0
2020-11-26,4.7095,4.7095,4.7095,4.7095,23394000,0.00%,154876136,93192878136,110174.04,0
2020-11-27,4.7095,4.7095,4.7095,4.7095,23478000,0.00%,131398136,93192878136,110569.64,0
2020-11-30,4.7095,4.7095,4.7095,4.7095,68901000,0.00%,62497136,93192878136,324489.26,0
2020-12-01,4.7095,4.7095,4.7095,4.7095,46662000,0.00%,15835136,93192878136,219754.69,0
2020-12-02,4.7095,4.7142,4.7142,4.7095,28308000,0.10%,255372614,93460723614,133449.57,267845477
2020-12-03,4.7142,4.7142,4.7142,4.7142,32676000,0.00%,222696614,93460723614,154041.2,0
2020-12-04,4.7142,4.7142,4.7142,4.7142,30156000,0.00%,192540614,93460723614,142161.42,0
2020-12-07,4.7142,4.7142,4.7142,4.7142,25473000,0.00%,167067614,93460723614,120084.82,0
2020-12-08,4.7142,4.7142,4.7142,4.7142,20496000,0.00%,146571614,93460723614,96622.24,0
2020-12-09,4.7142,4.7142,4.7142,4.7142,20769000,0.00%,125802614,93460723614,97909.22,0
2020-12-10,4.7142,4.7142,4.7142,4.7142,21483000,0.00%,104319614,93460723614,101275.16,0
2020-12-11,4.7142,4.7142,4.7142,4.7142,25284000,0.00%,79035614,93460723614,119193.83,0
2020-12-14,4.7142,4.7142,4.7142,4.7142,44478000,0.00%,34557614,93460723614,209678.19,0
2020-12-15,4.7142,4.7189,4.7189,4.7142,48972000,0.10%,255088321,93730226321,231093.97,269502706
2020-12-16,4.7189,4.7189,4.7189,4.7189,36372000,0.00%,218716321,93730226321,171635.83,0
2020-12-17,4.7189,4.7189,4.7189,4.7189,29064000,0.00%,189652321,93730226321,137150.11,0
2020-12-18,4.7189,4.7189,4.7189,4.7189,40341000,0.00%,149311321,93730226321,190365.14,0
2020-12-21,4.7189,4.7189,4.7189,4.7189,27636000,0.00%,121675321,93730226321,130411.52,0
2020-12-22,4.7189,4.7189,4.7189,4.7189,21567000,0.00%,100108321,93730226321,101772.52,0
2020-12-23,4.7189,4.7189,4.7189,4.7189,23919000,0.00%,76189321,93730226321,112871.37,0
2020-12-24,4.7189,4.7189,4.7189,4.7189,28854000,0.00%,47335321,93730226321,136159.14,0
2020-12-28,4.7189,4.7236,4.7236,4.7189,127176000,0.10%,191651804,94001718804,600728.55,271492483
2020-12-29,4.7236,4.7236,4.7236,4.7236,76125000,0.00%,115526804,94001718804,359584.05,0
2020-12-30,4.7236,4.7236,4.7236,4.7236,61278000,0.00%,54248804,94001718804,289452.76,0
2020-12-31,4.7236,4.7236,4.7236,4.7236,27720000,0.00%,26528804,94001718804,130938.19,0
2021-01-04,4.7236,4.7284,4.7284,4.7236,45716000,0.10%,254489958,94275395958,216163.53,273677154
2021-01-05,4.7284,4.7284,4.7284,4.7284,41074000,0.00%,213415958,94275395958,194214.3,0
2021-01-06,4.7284,4.7284,4.7284,4.7284,56562000,0.00%,156853958,94275395958,267447.76,0
2021-01-07,4.7284,4.7284,4.7284,4.7284,87736000,0.00%,69117958,94275395958,414850.9,0
2021-01-08,4.7284,4.7284,4.7284,4.7284,50292000,0.00%,18825958,94275395958,237800.69,0
2021-01-11,4.7284,4.7331,4.7331,4.7284,84480000,0.10%,212076186,94553126186,399852.29,277730227
2021-01-12,4.7331,4.7331,4.7331,4.7331,44374000,0.00%,167702186,94553126186,210026.58,0
2021-01-13,4.7331,4.7331,4.7331,4.7331,49742000,0.00%,117960186,94553126186,235433.86,0
2021-01-14,4.7331,4.7331,4.7331,4.7331,80542000,0.00%,37418186,94553126186,381213.34,0
2021-01-15,4.7331,4.7378,4.7378,4.7331,67452000,0.10%,250315864,94833475864,319574.09,280349678
2021-01-18,4.7378,4.7378,4.7378,4.7378,73700000,0.00%,176615864,94833475864,349175.86,0
2021-01-19,4.7378,4.7378,4.7378,4.7378,66704000,0.00%,109911864,94833475864,316030.21,0
2021-01-20,4.7378,4.7378,4.7378,4.7378,79662000,0.00%,30249864,94833475864,377422.62,0
2021-01-21,4.7378,4.7426,4.7426,4.7378,61050000,0.10%,253079272,95117355272,289535.73,283879407
2021-01-22,4.7426,4.7426,4.7426,4.7426,66726000,0.00%,186353272,95117355272,316454.73,0
2021-01-25,4.7426,4.7426,4.7426,4.7426,103312000,0.00%,83041272,95117355272,489967.49,0
2021-01-26,4.7426,4.7473,4.7473,4.7426,109934000,0.10%,261282189,95405530189,521889.68,288174917
2021-01-27,4.7473,4.7473,4.7473,4.7473,82258000,0.00%,179024189,95405530189,390503.4,0
2021-01-28,4.7473,4.7473,4.7473,4.7473,82038000,0.00%,96986189,95405530189,389459.0,0
2021-01-29,4.7473,4.7473,4.7473,4.7473,74734000,0.00%,22252189,95405530189,354784.72,0
2021-02-01,4.7473,4.7521,4.7521,4.7473,63008000,0.10%,250947986,95697233986,299420.32,291703796
2021-02-02,4.7521,4.7521,4.7521,4.7521,57926000,0.00%,193021986,95697233986,275270.14,0
2021-02-03,4.7521,4.7521,4.7521,4.7521,37356000,0.00%,155665986,95697233986,177519.45,0
2021-02-04,4.7521,4.7521,4.7521,4.7521,52008000,0.00%,103657986,95697233986,247147.22,0
2021-02-05,4.7521,4.7521,4.7521,4.7521,41052000,0.00%,62605986,95697233986,195083.21,0
2021-02-08,4.7521,4.7521,4.7521,4.7521,32604000,0.00%,30001986,95697233986,154937.47,0
2021-02-09,4.7521,4.7521,4.7521,4.7521,23430000,0.00%,6571986,95697233986,111341.7,0
2021-02-10,4.7521,4.7568,4.7568,4.7521,37224000,0.10%,262108904,95989994904,177067.12,292760918
2021-02-11,4.7568,4.7568,4.7568,4.7568,22572000,0.00%,239536904,95989994904,107370.49,0
2021-02-16,4.7568,4.7568,4.7568,4.7568,51876000,0.00%,187660904,95989994904,246763.76,0
2021-02-17,4.7568,4.7568,4.7568,4.7568,35288000,0.00%,152372904,95989994904,167857.96,0
2021-02-18,4.7568,4.7568,4.7568,4.7568,53328000,0.00%,99044904,95989994904,253670.63,0
2021-02-19,4.7568,4.7568,4.7568,4.7568,49698000,0.00%,49346904,95989994904,236403.45,0
2021-02-22,4.7568,4.7616,4.7616,4.7568,60060000,0.10%,283941222,96284649222,285981.7,294654317
2021-02-23,4.7616,4.7616,4.7616,4.7616,59246000,0.00%,224695222,96284649222,282105.75,0
2021-02-24,4.7616,4.7616,4.7616,4.7616,91498000,0.00%,133197222,96284649222,435676.88,0
2021-02-25,4.7616,4.7616,4.7616,4.7616,52822000,0.00%,80375222,96284649222,251517.24,0
2021-02-26,4.7616,4.7663,4.7663,4.7616,81576000,0.10%,297559035,96583409035,388815.69,298759812
2021-03-01,4.7663,4.7663,4.7663,4.7663,59576000,0.00%,237983035,96583409035,283957.09,0
2021-03-02,4.7663,4.7663,4.7663,4.7663,50776000,0.00%,187207035,96583409035,242013.65,0
2021-03-03,4.7663,4.7663,4.7663,4.7663,40238000,0.00%,146969035,96583409035,191786.38,0
2021-03-04,4.7663,4.7663,4.7663,4.7663,53900000,0.00%,93069035,96583409035,256903.57,0
2021-03-05,4.7663,4.7663,4.7663,4.7663,59708000,0.00%,33361035,96583409035,284586.24,0
2021-03-08,4.7663,4.7711,4.7711,4.7663,79706000,0.10%,253832536,96883586536,380285.3,300177501
2021-03-09,4.7711,4.7711,4.7711,4.7711,85382000,0.00%,168450536,96883586536,407366.06,0
2021-03-10,4.7711,4.7711,4.7711,4.7711,51172000,0.00%,117278536,96883586536,244146.73,0
2021-03-11,4.7711,4.7711,4.7711,4.7711,46134000,0.00%,71144536,96883586536,220109.93,0
2021-03-12,4.7711,4.7711,4.7711,4.7711,57178000,0.00%,13966536,96883586536,272801.96,0
2021-03-15,4.7711,4.7759,4.7759,4.7711,77022000,0.10%,240137137,97186779137,367849.37,303192600
2021-03-16,4.7759,4.7759,4.7759,4.7759,42988000,0.00%,197149137,97186779137,205306.39,0
2021-03-17,4.7759,4.7759,4.7759,4.7759,42020000,0.00%,155129137,97186779137,200683.32,0
2021-03-18,4.7759,4.7759,4.7759,4.7759,49192000,0.00%,105937137,97186779137,234936.07,0
2021-03-19,4.7759,4.7759,4.7759,4.7759,49588000,0.00%,56349137,97186779137,236827.33,0
2021-03-22,4.7759,4.7759,4.7759,4.7759,30822000,0.00%,25527137,97186779137,147202.79,0
2021-03-23,4.7759,4.7806,4.7806,4.7759,32142000,0.10%,298166745,97491560745,153658.05,304781608
2021-03-24,4.7806,4.7806,4.7806,4.7806,39710000,0.00%,258456745,97491560745,189837.63,0
2021-03-25,4.7806,4.7806,4.7806,4.7806,97438000,0.00%,161018745,97491560745,465812.1,0
2021-03-26,4.7806,4.7806,4.7806,4.7806,53878000,0.00%,107140745,97491560745,257569.17,0
2021-03-29,4.7806,4.7806,4.7806,4.7806,63822000,0.00%,43318745,97491560745,305107.45,0
2021-03-30,4.7806,4.7854,4.7854,4.7806,45232000,0.10%,304742254,97798216254,216453.21,306655508
2021-03-31,4.7854,4.7854,4.7854,4.7854,35068000,0.00%,269674254,97798216254,167814.41,0
2021-04-01,4.7854,4.7854,4.7854,4.7854,72380000,0.00%,197294254,97798216254,346367.25,0
2021-04-07,4.7854,4.7854,4.7854,4.7854,59796000,0.00%,137498254,97798216254,286147.78,0
2021-04-08,4.7854,4.795,4.795,4.7854,544258000,0.20%,230499097,98435475097,2609717.11,637258843
2021-04-09,4.795,4.795,4.795,4.795,49412000,0.00%,181087097,98435475097,236930.54,0
2021-04-12,4.795,4.795,4.795,4.795,61556000,0.00%,119531097,98435475097,295161.02,0
2021-04-13,4.795,4.795,4.795,4.795,40568000,0.00%,78963097,98435475097,194523.56,0
2021-04-14,4.795,4.795,4.795,4.795,39600000,0.00%,39363097,98435475097,189882.0,0
2021-04-15,4.795,4.795,4.795,4.795,32010000,0.00%,7353097,98435475097,153487.95,0
2021-04-16,4.795,4.7998,4.7998,4.795,45672000,0.10%,280714550,98754508550,219216.47,319033452
2021-04-19,4.7998,4.7998,4.7998,4.7998,44528000,0.00%,236186550,98754508550,213725.49,0
2021-04-20,4.7998,4.7998,4.7998,4.7998,33506000,0.00%,202680550,98754508550,160822.1,0
2021-04-21,4.7998,4.7998,4.7998,4.7998,45452000,0.00%,157228550,98754508550,218160.51,0
2021-04-22,4.7998,4.7998,4.7998,4.7998,33836000,0.00%,123392550,98754508550,162406.03,0
2021-04-23,4.7998,4.7998,4.7998,4.7998,35860000,0.00%,87532550,98754508550,172120.83,0
2021-04-26,4.7998,4.7998,4.7998,4.7998,31240000,0.00%,56292550,98754508550,149945.75,0
2021-04-27,4.7998,4.7998,4.7998,4.7998,30426000,0.00%,25866550,98754508550,146038.71,0
2021-04-28,4.7998,4.7998,4.7998,4.7998,24640000,0.00%,1226550,98754508550,118267.07,0
2021-04-29,4.7998,4.8046,4.8046,4.7998,27434000,0.10%,290434919,99071150919,131809.4,316642369
2021-04-30,4.8046,4.8046,4.8046,4.8046,26378000,0.00%,264056919,99071150919,126735.74,0
2021-05-03,4.8046,4.8046,4.8046,4.8046,17468000,0.00%,246588919,99071150919,83926.75,0
2021-05-04,4.8046,4.8046,4.8046,4.8046,13926000,0.00%,232662919,99071150919,66908.86,0
2021-05-05,4.8046,4.8046,4.8046,4.8046,25586000,0.00%,207076919,99071150919,122930.5,0
2021-05-06,4.8046,4.8046,4.8046,4.8046,47102000,0.00%,159974919,99071150919,226306.27,0
2021-05-07,4.8046,4.8046,4.8046,4.8046,38412000,0.00%,121562919,99071150919,184554.3,0
2021-05-10,4.8046,4.8046,4.8046,4.8046,45188000,0.00%,76374919,99071150919,217110.26,0
2021-05-11,4.8046,4.8046,4.8046,4.8046,76164000,0.00%,210919,99071150919,365937.55,0
2021-05-12,4.8046,4.8094,4.8094,4.8046,50380000,0.10%,267276116,99388596116,242297.57,317445197
2021-05-13,4.8094,4.8094,4.8094,4.8094,39556000,0.00%,227720116,99388596116,190240.63,0
2021-05-14,4.8094,4.8094,4.8094,4.8094,35222000,0.00%,192498116,99388596116,169396.69,0
2021-05-17,4.8094,4.8094,4.8094,4.8094,42174000,0.00%,150324116,99388596116,202831.64,0
2021-05-18,4.8094,4.8094,4.8094,4.8094,26818000,0.00%,123506116,99388596116,128978.49,0
2021-05-20,4.8094,4.8094,4.8094,4.8094,34386000,0.00%,89120116,99388596116,165376.03,0
2021-05-21,4.8094,4.8094,4.8094,4.8094,88748000,0.00%,372116,99388596116,426824.63,0
2021-05-24,4.8094,4.8142,4.8142,4.8094,36542000,0.10%,280616945,99705382945,175920.5,316786829
2021-05-25,4.8142,4.8142,4.8142,4.8142,59488000,0.00%,221128945,99705382945,286387.13,0
2021-05-26,4.8142,4.8142,4.8142,4.8142,41206000,0.00%,179922945,99705382945,198373.93,0
2021-05-27,4.8142,4.8142,4.8142,4.8142,56628000,0.00%,123294945,99705382945,272618.52,0
2021-05-28,4.8142,4.8142,4.8142,4.8142,33396000,0.00%,89898945,99705382945,160775.02,0
2021-05-31,4.8142,4.8142,4.8142,4.8142,34144000,0.00%,55754945,99705382945,164376.04,0
2021-06-01,4.8142,4.8142,4.8142,4.8142,39688000,0.00%,16066945,99705382945,191065.97,0
2021-06-02,4.8142,4.819,4.819,4.8142,35926000,0.10%,292510260,100017752260,173127.39,312369315
2021-06-03,4.819,4.819,4.819,4.819,27082000,0.00%,265428260,100017752260,130508.16,0
2021-06-04,4.819,4.819,4.819,4.819,41668000,0.00%,223760260,100017752260,200798.09,0
2021-06-07,4.819,4.819,4.819,4.819,43494000,0.00%,180266260,100017752260,209597.59,0
2021-06-08,4.819,4.819,4.819,4.819,22704000,0.00%,157562260,100017752260,109410.58,0
2021-06-09,4.819,4.819,4.819,4.819,17094000,0.00%,140468260,100017752260,82375.99,0
2021-06-10,4.819,4.819,4.819,4.819,25806000,0.00%,114662260,100017752260,124359.11,0
2021-06-11,4.819,4.819,4.819,4.819,31900000,0.00%,82762260,100017752260,153726.1,0
2021-06-15,4.819,4.819,4.819,4.819,25366000,0.00%,57396260,100017752260,122238.75,0
2021-06-16,4.819,4.819,4.819,4.819,21494000,0.00%,35902260,100017752260,103579.59,0
2021-06-17,4.819,4.819,4.819,4.819,30294000,0.00%,5608260,100017752260,145986.79,0
2021-06-18,4.819,4.8238,4.8238,4.819,27060000,0.10%,278009689,100317213689,130532.03,299461429
2021-06-21,4.8238,4.8238,4.8238,4.8238,51722000,0.00%,226287689,100317213689,249496.58,0
2021-06-22,4.8238,4.8238,4.8238,4.8238,67914000,0.00%,158373689,100317213689,327603.55,0
2021-06-23,4.8238,4.8238,4.8238,4.8238,40458000,0.00%,117915689,100317213689,195161.3,0
2021-06-24,4.8238,4.8238,4.8238,4.8238,24090000,0.00%,93825689,100317213689,116205.34,0
2021-06-25,4.8238,4.8238,4.8238,4.8238,42350000,0.00%,51475689,100317213689,204287.93,0
2021-06-28,4.8238,4.8238,4.8238,4.8238,25278000,0.00%,26197689,100317213689,121936.02,0
2021-06-29,4.8238,4.8287,4.8287,4.8238,32362000,0.10%,294229621,100617607621,156266.39,300393931
2021-06-30,4.8287,4.8287,4.8287,4.8287,29964000,0.00%,264265621,100617607621,144687.17,0
2021-07-02,4.8287,4.8287,4.8287,4.8287,54868000,0.00%,209397621,100617607621,264941.11,0
2021-07-05,4.8287,4.8287,4.8287,4.8287,95348000,0.00%,114049621,100617607621,460406.89,0
2021-07-06,4.8287,4.8287,4.8287,4.8287,42834000,0.00%,71215621,100617607621,206832.54,0
2021-07-07,4.8287,4.8287,4.8287,4.8287,67144000,0.00%,4071621,100617607621,324218.23,0
2021-07-08,4.8287,4.8335,4.8335,4.8287,100518000,0.10%,206431147,100920485147,485853.75,302877526
2021-07-09,4.8335,4.8335,4.8335,4.8335,94424000,0.00%,112007147,100920485147,456398.4,0
2021-07-12,4.8335,4.8335,4.8335,4.8335,67408000,0.00%,44599147,100920485147,325816.57,0
2021-07-13,4.8335,4.8383,4.8383,4.8335,72886000,0.10%,277330046,101226102046,352644.33,305616899
2021-07-14,4.8383,4.8383,4.8383,4.8383,43802000,0.00%,233528046,101226102046,211927.22,0
2021-07-15,4.8383,4.8383,4.8383,4.8383,44396000,0.00%,189132046,101226102046,214801.17,0
2021-07-16,4.8383,4.8383,4.8383,4.8383,32472000,0.00%,156660046,101226102046,157109.28,0
2021-07-19,4.8383,4.8383,4.8383,4.8383,37202000,0.00%,119458046,101226102046,179994.44,0
2021-07-20,4.8383,4.8383,4.8383,4.8383,43582000,0.00%,75876046,101226102046,210862.79,0
2021-07-21,4.8383,4.8383,4.8383,4.8383,44660000,0.00%,31216046,101226102046,216078.48,0
2021-07-22,4.8383,4.8432,4.8432,4.8383,34518000,0.10%,303510418,101532914418,167177.58,306812371
2021-07-23,4.8432,4.8432,4.8432,4.8432,36872000,0.00%,266638418,101532914418,178578.47,0
2021-07-26,4.8432,4.8432,4.8432,4.8432,181038000,0.00%,85600418,101532914418,876803.24,0
2021-07-27,4.8432,4.848,4.848,4.8432,237666000,0.10%,161636934,101846616934,1152204.77,313702515
2021-07-28,4.848,4.8529,4.8529,4.848,248292000,0.10%,231477632,102164749632,1204936.25,318132698
2021-07-29,4.8529,4.8529,4.8529,4.8529,160380000,0.00%,71097632,102164749632,778308.1,0
2021-07-30,4.8529,4.8577,4.8577,4.8529,89012000,0.10%,303043150,102485707150,432393.59,320957517
2021-08-02,4.8577,4.8577,4.8577,4.8577,64790000,0.00%,238253150,102485707150,314730.38,0
2021-08-03,4.8577,4.8626,4.8626,4.8577,259182000,0.10%,304958778,102811594778,1260298.39,325887628
2021-08-04,4.8626,4.8626,4.8626,4.8626,101420000,0.00%,203538778,102811594778,493164.89,0
2021-08-05,4.8626,4.8626,4.8626,4.8626,128986000,0.00%,74552778,102811594778,627207.32,0
2021-08-06,4.8626,4.8674,4.8674,4.8626,94490000,0.10%,310179881,103141711881,459920.63,330117103
2021-08-09,4.8674,4.8674,4.8674,4.8674,90112000,0.00%,220067881,103141711881,438611.15,0
2021-08-10,4.8674,4.8674,4.8674,4.8674,89936000,0.00%,130131881,103141711881,437754.49,0
2021-08-11,4.8674,4.8674,4.8674,4.8674,44330000,0.00%,85801881,103141711881,215771.84,0
2021-08-12,4.8674,4.8674,4.8674,4.8674,35970000,0.00%,49831881,103141711881,175080.38,0
2021-08-13,4.8674,4.8723,4.8723,4.8674,58124000,0.10%,323007760,103473011760,283197.57,331299878
2021-08-16,4.8723,4.8723,4.8723,4.8723,63844000,0.00%,259163760,103473011760,311067.12,0
2021-08-17,4.8723,4.8723,4.8723,4.8723,94908000,0.00%,164255760,103473011760,462420.25,0
2021-08-18,4.8723,4.8723,4.8723,4.8723,58520000,0.00%,105735760,103473011760,285127.0,0
2021-08-19,4.8723,4.8772,4.8772,4.8723,112420000,0.10%,327535199,103807231199,548294.82,334219438
2021-08-20,4.8772,4.8772,4.8772,4.8772,114708000,0.00%,212827199,103807231199,559453.86,0
2021-08-23,4.8772,4.8772,4.8772,4.8772,98164000,0.00%,114663199,103807231199,478765.46,0
2021-08-24,4.8772,4.8772,4.8772,4.8772,108944000,0.00%,5719199,103807231199,531341.68,0
2021-08-25,4.8772,4.882,4.882,4.8772,90706000,0.10%,254199991,104146417991,442826.69,339186792
2021-08-26,4.882,4.882,4.882,4.882,38060000,0.00%,216139991,104146417991,185808.92,0
2021-08-27,4.882,4.882,4.882,4.882,51612000,0.00%,164527991,104146417991,251969.78,0
2021-08-30,4.882,4.882,4.882,4.882,40656000,0.00%,123871991,104146417991,198482.59,0
2021-08-31,4.882,4.882,4.882,4.882,114796000,0.00%,9075991,104146417991,560434.07,0
2021-09-01,4.882,4.8869,4.8869,4.882,77660000,0.10%,272085402,104487087402,379516.65,340669410
2021-09-02,4.8869,4.8869,4.8869,4.8869,89034000,0.00%,183051402,104487087402,435100.25,0
2021-09-03,4.8869,4.8869,4.8869,4.8869,59708000,0.00%,123343402,104487087402,291787.03,0
2021-09-06,4.8869,4.8869,4.8869,4.8869,58894000,0.00%,64449402,104487087402,287809.09,0
2021-09-07,4.8869,4.8869,4.8869,4.8869,54912000,0.00%,9537402,104487087402,268349.45,0
2021-09-08,4.8869,4.8918,4.8918,4.8869,72600000,0.10%,279411517,104829561517,355144.68,342474115
2021-09-09,4.8918,4.8918,4.8918,4.8918,118998000,0.00%,160413517,104829561517,582114.42,0
2021-09-10,4.8918,4.8918,4.8918,4.8918,78474000,0.00%,81939517,104829561517,383879.11,0
2021-09-13,4.8918,4.8918,4.8918,4.8918,61204000,0.00%,20735517,104829561517,299397.73,0
2021-09-14,4.8918,4.8967,4.8967,4.8918,43802000,0.10%,321853873,105174481873,214485.25,344920356
2021-09-15,4.8967,4.8967,4.8967,4.8967,79574000,0.00%,242279873,105174481873,389650.01,0
2021-09-16,4.8967,4.8967,4.8967,4.8967,53944000,0.00%,188335873,105174481873,264147.58,0
2021-09-17,4.8967,4.8967,4.8967,4.8967,52756000,0.00%,135579873,105174481873,258330.31,0
2021-09-20,4.8967,4.8967,4.8967,4.8967,34122000,0.00%,101457873,105174481873,167085.2,0
2021-09-21,4.8967,4.8967,4.8967,4.8967,36432000,0.00%,65025873,105174481873,178396.57,0
2021-09-23,4.8967,4.8967,4.8967,4.8967,48862000,0.00%,16163873,105174481873,239262.56,0
2021-09-24,4.8967,4.9016,4.9016,4.8967,36652000,0.10%,323533668,105518503668,179653.44,344021795
2021-09-27,4.9016,4.9016,4.9016,4.9016,39534000,0.00%,283999668,105518503668,193779.85,0
2021-09-28,4.9016,4.9016,4.9016,4.9016,46090000,0.00%,237909668,105518503668,225914.74,0
2021-09-29,4.9016,4.9016,4.9016,4.9016,40150000,0.00%,197759668,105518503668,196799.24,0
2021-09-30,4.9016,4.9016,4.9016,4.9016,38148000,0.00%,159611668,105518503668,186986.24,0
2021-10-04,4.9016,4.9016,4.9016,4.9016,25784000,0.00%,133827668,105518503668,126382.85,0
2021-10-05,4.9016,4.9016,4.9016,4.9016,26136000,0.00%,107691668,105518503668,128108.22,0
2021-10-06,4.9016,4.9016,4.9016,4.9016,23870000,0.00%,83821668,105518503668,117001.19,0
2021-10-07,4.9016,4.9016,4.9016,4.9016,32010000,0.00%,51811668,105518503668,156900.22,0
2021-10-08,4.9016,4.9065,4.9065,4.9016,65582000,0.10%,328548409,105860822409,321778.08,342318740
2021-10-11,4.9065,4.9065,4.9065,4.9065,57640000,0.00%,270908409,105860822409,282810.66,0
2021-10-12,4.9065,4.9065,4.9065,4.9065,36190000,0.00%,234718409,105860822409,177566.24,0
2021-10-15,4.9065,4.9065,4.9065,4.9065,64086000,0.00%,170632409,105860822409,314437.96,0
2021-10-18,4.9065,4.9065,4.9065,4.9065,45606000,0.00%,125026409,105860822409,223765.84,0
2021-10-19,4.9065,4.9065,4.9065,4.9065,33946000,0.00%,91080409,105860822409,166556.05,0
2021-10-20,4.9065,4.9065,4.9065,4.9065,71984000,0.00%,19096409,105860822409,353189.5,0
2021-10-21,4.9065,4.9114,4.9114,4.9065,36696000,0.10%,326224106,106204646106,180228.73,343823696
2021-10-22,4.9114,4.9114,4.9114,4.9114,28028000,0.00%,298196106,106204646106,137656.72,0
2021-10-25,4.9114,4.9114,4.9114,4.9114,26972000,0.00%,271224106,106204646106,132470.28,0
2021-10-26,4.9114,4.9114,4.9114,4.9114,33682000,0.00%,237542106,106204646106,165425.77,0
2021-10-27,4.9114,4.9114,4.9114,4.9114,41184000,0.00%,196358106,106204646106,202271.1,0
2021-10-28,4.9114,4.9114,4.9114,4.9114,30074000,0.00%,166284106,106204646106,147705.44,0
2021-10-29,4.9114,4.9114,4.9114,4.9114,36168000,0.00%,130116106,106204646106,177635.52,0
2021-11-01,4.9114,4.9114,4.9114,4.9114,49830000,0.00%,80286106,106204646106,244735.06,0
2021-11-02,4.9114,4.9114,4.9114,4.9114,72622000,0.00%,7664106,106204646106,356675.69,0
2021-11-03,4.9114,4.9163,4.9163,4.9114,42592000,0.10%,304961534,106544535534,209395.05,339889428
2021-11-04,4.9163,4.9163,4.9163,4.9163,36168000,0.00%,268793534,106544535534,177812.74,0
2021-11-05,4.9163,4.9163,4.9163,4.9163,44044000,0.00%,224749534,106544535534,216533.52,0
2021-11-08,4.9163,4.9163,4.9163,4.9163,49148000,0.00%,175601534,106544535534,241626.31,0
2021-11-09,4.9163,4.9163,4.9163,4.9163,29942000,0.00%,145659534,106544535534,147203.85,0
2021-11-10,4.9163,4.9163,4.9163,4.9163,67364000,0.00%,78295534,106544535534,331181.63,0
2021-11-11,4.9163,4.9212,4.9212,4.9163,79288000,0.10%,340913579,106886441579,390192.11,341906045
2021-11-12,4.9212,4.9212,4.9212,4.9212,52426000,0.00%,288487579,106886441579,257998.83,0
2021-11-15,4.9212,4.9212,4.9212,4.9212,42658000,0.00%,245829579,106886441579,209928.55,0
2021-11-16,4.9212,4.9212,4.9212,4.9212,62172000,0.00%,183657579,106886441579,305960.85,0
2021-11-17,4.9212,4.9212,4.9212,4.9212,47168000,0.00%,136489579,106886441579,232123.16,0
2021-11-18,4.9212,4.9212,4.9212,4.9212,42504000,0.00%,93985579,106886441579,209170.68,0
2021-11-19,4.9212,4.9212,4.9212,4.9212,33462000,0.00%,60523579,106886441579,164673.19,0
2021-11-22,4.9212,4.9212,4.9212,4.9212,32318000,0.00%,28205579,106886441579,159043.34,0
2021-11-23,4.9212,4.9262,4.9262,4.9212,41206000,0.10%,329831766,107229273766,202989.0,342832187
2021-11-24,4.9262,4.9262,4.9262,4.9262,57244000,0.00%,272587766,107229273766,281995.39,0
2021-11-25,4.9262,4.9262,4.9262,4.9262,37268000,0.00%,235319766,107229273766,183589.62,0
2021-11-26,4.9262,4.9262,4.9262,4.9262,72358000,0.00%,162961766,107229273766,356449.98,0
2021-11-29,4.9262,4.9262,4.9262,4.9262,42922000,0.00%,120039766,107229273766,211442.36,0
2021-11-30,4.9262,4.9262,4.9262,4.9262,78298000,0.00%,41741766,107229273766,385711.61,0
2021-12-01,4.9262,4.9311,4.9311,4.9262,44748000,0.10%,341754415,107574034415,220656.86,344760649
2021-12-02,4.9311,4.9311,4.9311,4.9311,38984000,0.00%,302770415,107574034415,192234.0,0
2021-12-03,4.9311,4.9311,4.9311,4.9311,49500000,0.00%,253270415,107574034415,244089.45,0
2021-12-06,4.9311,4.9311,4.9311,4.9311,68112000,0.00%,185158415,107574034415,335867.08,0
2021-12-07,4.9311,4.9311,4.9311,4.9311,51128000,0.00%,134030415,107574034415,252117.28,0
2021-12-08,4.9311,4.9311,4.9311,4.9311,33374000,0.00%,100656415,107574034415,164570.53,0
2021-12-09,4.9311,4.9311,4.9311,4.9311,29370000,0.00%,71286415,107574034415,144826.41,0
2021-12-10,4.9311,4.9311,4.9311,4.9311,33506000,0.00%,37780415,107574034415,165221.44,0
2021-12-13,4.9311,4.936,4.936,4.9311,48928000,0.10%,336131464,107921313464,241508.61,347279048
2021-12-14,4.936,4.936,4.936,4.936,30030000,0.00%,306101464,107921313464,148228.08,0
2021-12-15,4.936,4.936,4.936,4.936,29414000,0.00%,276687464,107921313464,145187.5,0
2021-12-16,4.936,4.936,4.936,4.936,46266000,0.00%,230421464,107921313464,228368.98,0
2021-12-17,4.936,4.936,4.936,4.936,62216000,0.00%,168205464,107921313464,307098.18,0
2021-12-20,4.936,4.936,4.936,4.936,44902000,0.00%,123303464,107921313464,221636.27,0
2021-12-21,4.936,4.936,4.936,4.936,37906000,0.00%,85397464,107921313464,187104.02,0
2021-12-22,4.936,4.936,4.936,4.936,30448000,0.00%,54949464,107921313464,150291.33,0
2021-12-23,4.936,4.941,4.941,4.936,72490000,0.10%,332786611,108271640611,358173.09,350327147
2021-12-24,4.941,4.941,4.941,4.941,20922000,0.00%,311864611,108271640611,103375.6,0
2021-12-28,4.941,4.941,4.941,4.941,41690000,0.00%,270174611,108271640611,205990.29,0
2021-12-29,4.941,4.941,4.941,4.941,21098000,0.00%,249076611,108271640611,104245.22,0
2021-12-30,4.941,4.941,4.941,4.941,16852000,0.00%,232224611,108271640611,83265.73,0
2021-12-31,4.941,4.941,4.941,4.941,21736000,0.00%,210488611,108271640611,107397.58,0
2022-01-03,4.941,4.941,4.941,4.941,13845999,0.00%,196642611,108271640611,68413.09,0
2022-01-04,4.941,4.941,4.941,4.941,31187999,0.00%,165454611,108271640611,154099.91,0
2022-01-05,4.941,4.941,4.941,4.941,73439000,0.00%,92015611,108271640611,362862.1,0
2022-01-06,4.941,4.941,4.941,4.941,51496999,0.00%,40518611,108271640611,254446.68,0
2022-01-07,4.941,4.9459,4.9459,4.941,47863000,0.10%,343894171,108622879171,236725.61,351238559
2022-01-10,4.9459,4.9459,4.9459,4.9459,44988000,0.00%,298906171,108622879171,222506.15,0
2022-01-11,4.9459,4.9459,4.9459,4.9459,37743000,0.00%,261163171,108622879171,186673.1,0
2022-01-12,4.9459,4.9459,4.9459,4.9459,65020999,0.00%,196142171,108622879171,321587.36,0
2022-01-13,4.9459,4.9459,4.9459,4.9459,42113000,0.00%,154029171,108622879171,208286.69,0
2022-01-14,4.9459,4.9459,4.9459,4.9459,31555999,0.00%,122473171,108622879171,156072.82,0
2022-01-17,4.9459,4.9459,4.9459,4.9459,29163999,0.00%,93309171,108622879171,144242.23,0
2022-01-18,4.9459,4.9459,4.9459,4.9459,54141999,0.00%,39167171,108622879171,267780.92,0
2022-01-19,4.9459,4.9508,4.9508,4.9459,40227000,0.10%,349816507,108973755507,199155.83,350876336
2022-01-20,4.9508,4.9508,4.9508,4.9508,67942000,0.00%,281874507,108973755507,336367.25,0
2022-01-21,4.9508,4.9508,4.9508,4.9508,61685999,0.00%,220188507,108973755507,305395.05,0
2022-01-24,4.9508,4.9508,4.9508,4.9508,33764000,0.00%,186424507,108973755507,167158.81,0
2022-01-25,4.9508,4.9508,4.9508,4.9508,57499999,0.00%,128924507,108973755507,284671.0,0
2022-01-26,4.9508,4.9508,4.9508,4.9508,49725999,0.00%,79198507,108973755507,246183.48,0
2022-01-27,4.9508,4.9508,4.9508,4.9508,47173000,0.00%,32025507,108973755507,233544.09,0
2022-01-28,4.9508,4.9558,4.9558,4.9508,34569000,0.10%,345561488,109321860488,171317.05,348104980
2022-01-31,4.9558,4.9558,4.9558,4.9558,26288999,0.00%,319272488,109321860488,130283.03,0
2022-02-04,4.9558,4.9558,4.9558,4.9558,36639000,0.00%,282633488,109321860488,181575.56,0
2022-02-07,4.9558,4.9558,4.9558,4.9558,35374000,0.00%,247259488,109321860488,175306.47,0
2022-02-08,4.9558,4.9558,4.9558,4.9558,43125000,0.00%,204134488,109321860488,213718.88,0
2022-02-09,4.9558,4.9558,4.9558,4.9558,53750999,0.00%,150383488,109321860488,266379.21,0
2022-02-10,4.9558,4.9558,4.9558,4.9558,43263000,0.00%,107120488,109321860488,214402.78,0
2022-02-11,4.9558,4.9558,4.9558,4.9558,35696000,0.00%,71424488,109321860488,176902.24,0
2022-02-14,4.9558,4.9558,4.9558,4.9558,29577999,0.00%,41846488,109321860488,146582.65,0
2022-02-15,4.9558,4.9558,4.9558,4.9558,31946999,0.00%,9899488,109321860488,158322.94,0
2022-02-16,4.9558,4.9608,4.9608,4.9558,28082999,0.10%,330278862,109670322862,139314.15,348462373
2022-02-17,4.9608,4.9608,4.9608,4.9608,29715999,0.00%,300562862,109670322862,147415.13,0
2022-02-18,4.9608,4.9608,4.9608,4.9608,55268999,0.00%,245293862,109670322862,274178.46,0
2022-02-21,4.9608,4.9608,4.9608,4.9608,105891999,0.00%,139401862,109670322862,525309.03,0
2022-02-22,4.9608,4.9608,4.9608,4.9608,70288000,0.00%,69113862,109670322862,348684.71,0
2022-02-23,4.9608,4.9608,4.9608,4.9608,46552000,0.00%,22561862,109670322862,230935.16,0
2022-02-24,4.9608,4.9657,4.9657,4.9608,78131000,0.10%,296123686,110022015686,387975.11,351692823
2022-02-25,4.9657,4.9657,4.9657,4.9657,58718999,0.00%,237404686,110022015686,291580.94,0
2022-02-28,4.9657,4.9657,4.9657,4.9657,61754999,0.00%,175649686,110022015686,306656.8,0
2022-03-01,4.9657,4.9657,4.9657,4.9657,44413000,0.00%,131236686,110022015686,220541.63,0
2022-03-02,4.9657,4.9657,4.9657,4.9657,32222999,0.00%,99013686,110022015686,160009.75,0
2022-03-03,4.9657,4.9657,4.9657,4.9657,45701000,0.00%,53312686,110022015686,226937.46,0
2022-03-04,4.9657,4.9707,4.9707,4.9657,95565000,0.10%,312705102,110376973102,475024.95,354957416
2022-03-07,4.9707,4.9707,4.9707,4.9707,91724000,0.00%,220981102,110376973102,455932.49,0
2022-03-08,4.9707,4.9707,4.9707,4.9707,74197999,0.00%,146783102,110376973102,368816.0,0
2022-03-09,4.9707,4.9707,4.9707,4.9707,76383000,0.00%,70400102,110376973102,379676.98,0
2022-03-10,4.9707,4.9707,4.9707,4.9707,55337999,0.00%,15062102,110376973102,275068.6,0
2022-03-11,4.9707,4.9756,4.9756,4.9707,111411999,0.10%,263898153,110737221153,554341.55,360248050
2022-03-14,4.9756,4.9756,4.9756,4.9756,153893000,0.00%,110005153,110737221153,765710.01,0
2022-03-15,4.9756,4.9806,4.9806,4.9756,272320000,0.10%,205684271,111105220271,1356316.99,367999117
2022-03-16,4.9806,4.9856,4.9856,4.9806,247801999,0.10%,328160369,111475498369,1235441.65,370278098
2022-03-17,4.9856,4.9856,4.9856,4.9856,160287000,0.00%,167873369,111475498369,799126.87,0
2022-03-18,4.9856,4.9856,4.9856,4.9856,86733000,0.00%,81140369,111475498369,432416.04,0
2022-03-21,4.9856,4.9856,4.9856,4.9856,70610000,0.00%,10530369,111475498369,352033.22,0
2022-03-22,4.9856,4.9906,4.9906,4.9856,71323000,0.10%,312961414,111849252414,355944.56,373754044
2022-03-23,4.9906,4.9906,4.9906,4.9906,97197999,0.00%,215763414,111849252414,485076.34,0
2022-03-24,4.9906,4.9906,4.9906,4.9906,107938999,0.00%,107824414,111849252414,538680.37,0
2022-03-25,4.9906,4.9906,4.9906,4.9906,88090000,0.00%,19734414,111849252414,439621.95,0
2022-03-28,4.9906,4.9956,4.9956,4.9906,61938999,0.10%,333743984,112225200984,309422.47,375948570
2022-03-29,4.9956,4.9956,4.9956,4.9956,48070000,0.00%,285673984,112225200984,240138.49,0
2022-03-30,4.9956,4.9956,4.9956,4.9956,61984999,0.00%,223688984,112225200984,309652.27,0
2022-03-31,4.9956,4.9956,4.9956,4.9956,33557000,0.00%,190131984,112225200984,167637.35,0
2022-04-01,4.9956,4.9956,4.9956,4.9956,33349999,0.00%,156781984,112225200984,166603.26,0
2022-04-04,4.9956,4.9956,4.9956,4.9956,36041000,0.00%,120740984,112225200984,180046.42,0
2022-04-06,4.9956,4.9956,4.9956,4.9956,39399000,0.00%,81341984,112225200984,196821.64,0
2022-04-07,4.9956,4.9956,4.9956,4.9956,36501000,0.00%,44840984,112225200984,182344.4,0
2022-04-08,4.9956,5.0006,5.0006,4.9956,45080000,0.10%,370867236,112596307236,225427.05,371106251
2022-04-11,5.0006,5.0006,5.0006,5.0006,52416999,0.00%,318450236,112596307236,262116.45,0
2022-04-12,5.0006,5.0006,5.0006,5.0006,60742999,0.00%,257707236,112596307236,303751.45,0
2022-04-13,5.0006,5.0006,5.0006,5.0006,49771999,0.00%,207935236,112596307236,248889.86,0
2022-04-14,5.0006,5.0006,5.0006,5.0006,34868000,0.00%,173067236,112596307236,174360.92,0
2022-04-19,5.0006,5.0006,5.0006,5.0006,40802000,0.00%,132265236,112596307236,204034.48,0
2022-04-20,5.0006,5.0006,5.0006,5.0006,24954999,0.00%,107310236,112596307236,124789.97,0
2022-04-21,5.0006,5.0006,5.0006,5.0006,59201999,0.00%,48108236,112596307236,296045.52,0
2022-04-22,5.0006,5.0056,5.0056,5.0006,64468999,0.10%,349100146,112961768146,322706.03,365460910
2022-04-25,5.0056,5.0056,5.0056,5.0056,59316999,0.00%,289783146,112961768146,296917.18,0
2022-04-26,5.0056,5.0056,5.0056,5.0056,62766999,0.00%,227016146,112961768146,314186.5,0
2022-04-27,5.0056,5.0056,5.0056,5.0056,53842999,0.00%,173173146,112961768146,269516.52,0
2022-04-28,5.0056,5.0056,5.0056,5.0056,48828999,0.00%,124344146,112961768146,244418.44,0
2022-04-29,5.0056,5.0056,5.0056,5.0056,109180999,0.00%,15163146,112961768146,546516.41,0
2022-05-03,5.0056,5.0106,5.0106,5.0056,58810999,0.10%,324815655,113330231655,294678.4,368463508
2022-05-04,5.0106,5.0106,5.0106,5.0106,32429999,0.00%,292385655,113330231655,162493.76,0
2022-05-05,5.0106,5.0106,5.0106,5.0106,49196999,0.00%,243188655,113330231655,246506.49,0
2022-05-06,5.0106,5.0106,5.0106,5.0106,52715999,0.00%,190472655,113330231655,264138.79,0
2022-05-10,5.0106,5.0106,5.0106,5.0106,65319999,0.00%,125152655,113330231655,327292.39,0
2022-05-11,5.0106,5.0106,5.0106,5.0106,56004999,0.00%,69147655,113330231655,280618.65,0
2022-05-12,5.0106,5.0106,5.0106,5.0106,46046000,0.00%,23101655,113330231655,230718.09,0
2022-05-13,5.0106,5.0156,5.0156,5.0106,44827000,0.10%,347349367,113699306367,224834.3,369074712
2022-05-16,5.0156,5.0156,5.0156,5.0156,35788000,0.00%,311561367,113699306367,179498.29,0
2022-05-17,5.0156,5.0156,5.0156,5.0156,69276000,0.00%,242285367,113699306367,347460.71,0
2022-05-18,5.0156,5.0156,5.0156,5.0156,65181999,0.00%,177103367,113699306367,326926.84,0
2022-05-19,5.0156,5.0156,5.0156,5.0156,138345000,0.00%,38758367,113699306367,693883.18,0
2022-05-20,5.0156,5.0206,5.0206,5.0156,65158999,0.10%,343137447,114068844447,327137.28,369538079
2022-05-23,5.0206,5.0206,5.0206,5.0206,39169000,0.00%,303968447,114068844447,196651.88,0
2022-05-24,5.0206,5.0206,5.0206,5.0206,45310000,0.00%,258658447,114068844447,227483.39,0
2022-05-25,5.0206,5.0206,5.0206,5.0206,49564999,0.00%,209093447,114068844447,248846.04,0
2022-05-26,5.0206,5.0206,5.0206,5.0206,42550000,0.00%,166543447,114068844447,213626.53,0
2022-05-27,5.0206,5.0206,5.0206,5.0206,47748000,0.00%,118795447,114068844447,239723.61,0
2022-05-30,5.0206,5.0206,5.0206,5.0206,51289999,0.00%,67505447,114068844447,257506.57,0
2022-05-31,5.0206,5.0256,5.0256,5.0206,148948000,0.10%,288036834,114438323834,748553.07,369479387
2022-06-01,5.0256,5.0256,5.0256,5.0256,61915999,0.00%,226120834,114438323834,311165.05,0
2022-06-02,5.0256,5.0256,5.0256,5.0256,32613999,0.00%,193506834,114438323834,163904.92,0
2022-06-06,5.0256,5.0256,5.0256,5.0256,54969999,0.00%,138536834,114438323834,276257.23,0
2022-06-07,5.0256,5.0256,5.0256,5.0256,62306999,0.00%,76229834,114438323834,313130.06,0
2022-06-08,5.0256,5.0307,5.0307,5.0256,109203999,0.10%,337562449,114808860449,549372.56,370536614
2022-06-09,5.0307,5.0307,5.0307,5.0307,90045000,0.00%,247517449,114808860449,452989.38,0
2022-06-10,5.0307,5.0307,5.0307,5.0307,68448000,0.00%,179069449,114808860449,344341.35,0
2022-06-13,5.0307,5.0307,5.0307,5.0307,57361999,0.00%,121707449,114808860449,288571.01,0
2022-06-14,5.0307,5.0307,5.0307,5.0307,37512999,0.00%,84194449,114808860449,188716.65,0
2022-06-15,5.0307,5.0307,5.0307,5.0307,48851999,0.00%,35342449,114808860449,245759.76,0
2022-06-16,5.0307,5.0357,5.0357,5.0307,50921999,0.10%,355986408,115180426408,256427.92,371565959
2022-06-17,5.0357,5.0357,5.0357,5.0357,44804000,0.00%,311182408,115180426408,225619.5,0
2022-06-20,5.0357,5.0357,5.0357,5.0357,26771999,0.00%,284410408,115180426408,134815.76,0
2022-06-21,5.0357,5.0357,5.0357,5.0357,34523000,0.00%,249887408,115180426408,173847.47,0
2022-06-22,5.0357,5.0357,5.0357,5.0357,31532999,0.00%,218354408,115180426408,158790.73,0
2022-06-23,5.0357,5.0357,5.0357,5.0357,29025999,0.00%,189328408,115180426408,146166.23,0
2022-06-24,5.0357,5.0357,5.0357,5.0357,41860000,0.00%,147468408,115180426408,210794.4,0
2022-06-27,5.0357,5.0357,5.0357,5.0357,132019999,0.00%,15448408,115180426408,664813.11,0
2022-06-28,5.0357,5.0407,5.0407,5.0357,134757000,0.10%,242699284,115542434284,679269.61,362007875
2022-06-29,5.0407,5.0407,5.0407,5.0407,80454000,0.00%,162245284,115542434284,405544.48,0
2022-06-30,5.0407,5.0407,5.0407,5.0407,76797000,0.00%,85448284,115542434284,387110.64,0
2022-07-04,5.0407,5.0458,5.0458,5.0407,88458000,0.10%,361247598,115906691598,446341.38,364257313
2022-07-05,5.0458,5.0458,5.0458,5.0458,44827000,0.00%,316420598,115906691598,226188.08,0
2022-07-06,5.0458,5.0458,5.0458,5.0458,57085999,0.00%,259334598,115906691598,288044.54,0
2022-07-07,5.0458,5.0458,5.0458,5.0458,43677000,0.00%,215657598,115906691598,220385.41,0
2022-07-08,5.0458,5.0458,5.0458,5.0458,43125000,0.00%,172532598,115906691598,217600.12,0
2022-07-11,5.0458,5.0458,5.0458,5.0458,47380000,0.00%,125152598,115906691598,239070.0,0
2022-07-12,5.0458,5.0458,5.0458,5.0458,39813000,0.00%,85339598,115906691598,200888.44,0
2022-07-13,5.0458,5.0458,5.0458,5.0458,39399000,0.00%,45940598,115906691598,198799.47,0
2022-07-14,5.0458,5.0458,5.0458,5.0458,38571000,0.00%,7369598,115906691598,194621.55,0
2022-07-15,5.0458,5.0508,5.0508,5.0458,60558999,0.10%,312835346,116272716346,305871.4,366024748
2022-07-18,5.0508,5.0508,5.0508,5.0508,46851000,0.00%,265984346,116272716346,236635.03,0
2022-07-19,5.0508,5.0508,5.0508,5.0508,29117999,0.00%,236866346,116272716346,147069.19,0
2022-07-20,5.0508,5.0508,5.0508,5.0508,36754000,0.00%,200112346,116272716346,185637.1,0
2022-07-21,5.0508,5.0508,5.0508,5.0508,43953000,0.00%,156159346,116272716346,221997.81,0
2022-07-22,5.0508,5.0508,5.0508,5.0508,34684000,0.00%,121475346,116272716346,175181.95,0
2022-07-25,5.0508,5.0508,5.0508,5.0508,38755000,0.00%,82720346,116272716346,195743.75,0
2022-07-26,5.0508,5.0508,5.0508,5.0508,31877999,0.00%,50842346,116272716346,161009.4,0
2022-07-27,5.0508,5.0508,5.0508,5.0508,45586000,0.00%,5256346,116272716346,230245.77,0
2022-07-28,5.0508,5.0559,5.0559,5.0508,35305000,0.10%,337625435,116640390435,178498.55,367674089
2022-07-29,5.0559,5.0559,5.0559,5.0559,85537000,0.00%,252088435,116640390435,432466.52,0
2022-08-01,5.0559,5.0559,5.0559,5.0559,91977000,0.00%,160111435,116640390435,465026.51,0
2022-08-02,5.0559,5.0559,5.0559,5.0559,98186999,0.00%,61924435,116640390435,496423.65,0
2022-08-03,5.0559,5.0609,5.0609,5.0559,63019999,0.10%,369498250,117010984250,318937.92,370593815
2022-08-04,5.0609,5.0609,5.0609,5.0609,45517000,0.00%,323981250,117010984250,230356.99,0
2022-08-05,5.0609,5.0609,5.0609,5.0609,37812000,0.00%,286169250,117010984250,191362.75,0
2022-08-08,5.0609,5.0609,5.0609,5.0609,34615000,0.00%,251554250,117010984250,175183.05,0
2022-08-09,5.0609,5.0609,5.0609,5.0609,32636999,0.00%,218917250,117010984250,165172.59,0
2022-08-10,5.0609,5.0609,5.0609,5.0609,35328000,0.00%,183589250,117010984250,178791.48,0
2022-08-11,5.0609,5.0609,5.0609,5.0609,34178000,0.00%,149411250,117010984250,172971.44,0
2022-08-12,5.0609,5.0609,5.0609,5.0609,25253999,0.00%,124157250,117010984250,127807.97,0
2022-08-15,5.0609,5.0609,5.0609,5.0609,26725999,0.00%,97431250,117010984250,135257.61,0
2022-08-16,5.0609,5.0609,5.0609,5.0609,54118999,0.00%,43312250,117010984250,273890.85,0
2022-08-17,5.0609,5.0609,5.0609,5.0609,40526000,0.00%,2786250,117010984250,205098.03,0
2022-08-18,5.0609,5.066,5.066,5.0609,74083000,0.10%,298189660,117380470660,375304.48,369486410
2022-08-19,5.066,5.066,5.066,5.066,53520999,0.00%,244668660,117380470660,271137.39,0
2022-08-22,5.066,5.066,5.066,5.066,33994000,0.00%,210674660,117380470660,172213.6,0
2022-08-23,5.066,5.066,5.066,5.066,31118999,0.00%,179555660,117380470660,157648.85,0
2022-08-24,5.066,5.066,5.066,5.066,30014999,0.00%,149540660,117380470660,152055.99,0
2022-08-25,5.066,5.066,5.066,5.066,44712000,0.00%,104828660,117380470660,226510.99,0
2022-08-26,5.066,5.066,5.066,5.066,42734000,0.00%,62094660,117380470660,216490.44,0
2022-08-29,5.066,5.066,5.066,5.066,28496999,0.00%,33597660,117380470660,144365.8,0
2022-08-30,5.066,5.066,5.066,5.066,32291999,0.00%,1305660,117380470660,163591.27,0
2022-08-31,5.066,5.071,5.071,5.066,60282999,0.10%,312356732,117751804732,305695.09,371334071
2022-09-01,5.071,5.071,5.071,5.071,55038999,0.00%,257317732,117751804732,279102.77,0
2022-09-02,5.071,5.071,5.071,5.071,58626999,0.00%,198690732,117751804732,297297.52,0
2022-09-05,5.071,5.071,5.071,5.071,46851000,0.00%,151839732,117751804732,237581.42,0
2022-09-06,5.071,5.071,5.071,5.071,37329000,0.00%,114510732,117751804732,189295.36,0
2022-09-07,5.071,5.071,5.071,5.071,34914000,0.00%,79596732,117751804732,177048.89,0
2022-09-08,5.071,5.071,5.071,5.071,54210999,0.00%,25385732,117751804732,274903.98,0
2022-09-09,5.071,5.0761,5.0761,5.071,39468000,0.10%,358610199,118124497199,200343.51,372692466
2022-09-13,5.0761,5.0761,5.0761,5.0761,39491000,0.00%,319119199,118124497199,200460.27,0
2022-09-14,5.0761,5.0761,5.0761,5.0761,41377000,0.00%,277742199,118124497199,210033.79,0
2022-09-15,5.0761,5.0761,5.0761,5.0761,30635999,0.00%,247106199,118124497199,155511.4,0
2022-09-16,5.0761,5.0761,5.0761,5.0761,57361999,0.00%,189744199,118124497199,291175.25,0
2022-09-19,5.0761,5.0761,5.0761,5.0761,52715999,0.00%,137028199,118124497199,267591.69,0
2022-09-20,5.0761,5.0761,5.0761,5.0761,34822000,0.00%,102206199,118124497199,176759.95,0
2022-09-21,5.0761,5.0761,5.0761,5.0761,37007000,0.00%,65199199,118124497199,187851.23,0
2022-09-22,5.0761,5.0761,5.0761,5.0761,40342000,0.00%,24857199,118124497199,204780.03,0
2022-09-23,5.0761,5.0812,5.0812,5.0761,45241000,0.10%,349974432,118494855432,229878.57,370358233
2022-09-26,5.0812,5.0812,5.0812,5.0812,56694999,0.00%,293279432,118494855432,288078.63,0
2022-09-27,5.0812,5.0812,5.0812,5.0812,52278999,0.00%,241000432,118494855432,265640.05,0
2022-09-28,5.0812,5.0812,5.0812,5.0812,50967999,0.00%,190032432,118494855432,258978.6,0
2022-09-29,5.0812,5.0812,5.0812,5.0812,46368000,0.00%,143664432,118494855432,235605.08,0
2022-09-30,5.0812,5.0812,5.0812,5.0812,51657999,0.00%,92006432,118494855432,262484.63,0
2022-10-03,5.0812,5.0812,5.0812,5.0812,32176999,0.00%,59829432,118494855432,163497.77,0
2022-10-05,5.0812,5.0812,5.0812,5.0812,41722000,0.00%,18107432,118494855432,211997.83,0
2022-10-06,5.0812,5.0863,5.0863,5.0812,23851000,0.10%,362992040,118863591040,121313.34,368735607
2022-10-07,5.0863,5.0863,5.0863,5.0863,22954000,0.00%,340038040,118863591040,116750.93,0
2022-10-10,5.0863,5.0863,5.0863,5.0863,36064000,0.00%,303974040,118863591040,183432.32,0
2022-10-11,5.0863,5.0863,5.0863,5.0863,49035999,0.00%,254938040,118863591040,249411.81,0
2022-10-12,5.0863,5.0863,5.0863,5.0863,73669000,0.00%,181269040,118863591040,374702.63,0
2022-10-13,5.0863,5.0863,5.0863,5.0863,50967999,0.00%,130301040,118863591040,259238.54,0
2022-10-14,5.0863,5.0863,5.0863,5.0863,72358000,0.00%,57943040,118863591040,368034.5,0
2022-10-17,5.0863,5.0914,5.0914,5.0863,60535999,0.10%,354073575,119220257575,308212.99,356666534
2022-10-18,5.0914,5.0914,5.0914,5.0914,50898999,0.00%,303174575,119220257575,259147.17,0
2022-10-19,5.0914,5.0914,5.0914,5.0914,48208000,0.00%,254966575,119220257575,245446.21,0
2022-10-20,5.0914,5.0914,5.0914,5.0914,113642999,0.00%,141323575,119220257575,578601.97,0
2022-10-21,5.0914,5.0914,5.0914,5.0914,61064999,0.00%,80258575,119220257575,310906.34,0
2022-10-24,5.0914,5.0964,5.0964,5.0914,195660999,0.10%,237900077,119573560077,997166.72,353302502
2022-10-25,5.0964,5.0964,5.0964,5.0964,167946000,0.00%,69954077,119573560077,855919.99,0
2022-10-26,5.0964,5.1015,5.1015,5.0964,115804999,0.10%,309913135,119929324135,590779.21,355764057
2022-10-27,5.1015,5.1015,5.1015,5.1015,98255999,0.00%,211657135,119929324135,501252.98,0
2022-10-28,5.1015,5.1015,5.1015,5.1015,93909000,0.00%,117748135,119929324135,479076.76,0
2022-10-31,5.1015,5.1015,5.1015,5.1015,113872999,0.00%,3875135,119929324135,580923.11,0
2022-11-01,5.1015,5.1066,5.1066,5.1015,179032000,0.10%,186383138,120290864138,914244.81,361540003
2022-11-02,5.1066,5.1066,5.1066,5.1066,80845000,0.00%,105538138,120290864138,412843.08,0
2022-11-03,5.1066,5.1066,5.1066,5.1066,70449000,0.00%,35089138,120290864138,359754.86,0
2022-11-04,5.1066,5.1118,5.1118,5.1066,154468000,0.10%,244315352,120654558352,789609.52,363694214
2022-11-07,5.1118,5.1118,5.1118,5.1118,101153999,0.00%,143161352,120654558352,517079.02,0
2022-11-08,5.1118,5.1118,5.1118,5.1118,54141999,0.00%,89019352,120654558352,276763.08,0
2022-11-09,5.1118,5.1118,5.1118,5.1118,72818000,0.00%,16201352,120654558352,372231.05,0
2022-11-10,5.1118,5.1169,5.1169,5.1118,53497999,0.10%,323431187,121015286187,273743.92,360727834
2022-11-11,5.1169,5.1169,5.1169,5.1169,121922999,0.00%,201508187,121015286187,623867.8,0
2022-11-14,5.1169,5.1169,5.1169,5.1169,111319999,0.00%,90188187,121015286187,569613.31,0
2022-11-15,5.1169,5.122,5.122,5.1169,145130000,0.10%,310305984,121380533984,743355.86,365247796
2022-11-16,5.122,5.122,5.122,5.122,142117000,0.00%,168188984,121380533984,727923.27,0
2022-11-17,5.122,5.122,5.122,5.122,160586000,0.00%,7602984,121380533984,822521.49,0
2022-11-18,5.122,5.1271,5.1271,5.122,102947999,0.10%,273837437,121749716437,527824.69,369182453
2022-11-21,5.1271,5.1271,5.1271,5.1271,72013000,0.00%,201824437,121749716437,369217.85,0
2022-11-22,5.1271,5.1271,5.1271,5.1271,65457999,0.00%,136366437,121749716437,335609.71,0
2022-11-23,5.1271,5.1271,5.1271,5.1271,53773999,0.00%,82592437,121749716437,275704.68,0
2022-11-24,5.1271,5.1271,5.1271,5.1271,39491000,0.00%,43101437,121749716437,202474.31,0
2022-11-25,5.1271,5.1322,5.1322,5.1271,72036000,0.10%,339794309,122118445309,369703.16,368728872
2022-11-28,5.1322,5.1322,5.1322,5.1322,77050000,0.00%,262744309,122118445309,395436.01,0
2022-11-29,5.1322,5.1322,5.1322,5.1322,76222000,0.00%,186522309,122118445309,391186.55,0
2022-11-30,5.1322,5.1322,5.1322,5.1322,107248999,0.00%,79273309,122118445309,550423.32,0
2022-12-01,5.1322,5.1374,5.1374,5.1322,104764999,0.10%,344827407,122488764407,538219.71,370319098
2022-12-02,5.1374,5.1374,5.1374,5.1374,57706999,0.00%,287120407,122488764407,296463.94,0
2022-12-05,5.1374,5.1374,5.1374,5.1374,137609000,0.00%,149511407,122488764407,706952.48,0
2022-12-06,5.1374,5.1374,5.1374,5.1374,66837999,0.00%,82673407,122488764407,343373.54,0
2022-12-07,5.1374,5.1425,5.1425,5.1374,94553000,0.10%,361586106,122862230106,486238.8,373465698
2022-12-08,5.1425,5.1425,5.1425,5.1425,78407000,0.00%,283179106,122862230106,403208.0,0
2022-12-09,5.1425,5.1425,5.1425,5.1425,92920000,0.00%,190259106,122862230106,477841.1,0
2022-12-12,5.1425,5.1425,5.1425,5.1425,47173000,0.00%,143086106,122862230106,242587.15,0
2022-12-13,5.1425,5.1425,5.1425,5.1425,46713000,0.00%,96373106,122862230106,240221.6,0
2022-12-14,5.1425,5.1425,5.1425,5.1425,55751999,0.00%,40621106,122862230106,286704.66,0
2022-12-15,5.1425,5.1476,5.1476,5.1425,43608000,0.10%,373183939,123238400939,224476.54,376170833
2022-12-16,5.1476,5.1476,5.1476,5.1476,57798999,0.00%,315384939,123238400939,297526.13,0
2022-12-19,5.1476,5.1476,5.1476,5.1476,57269999,0.00%,258114939,123238400939,294803.05,0
2022-12-20,5.1476,5.1476,5.1476,5.1476,66837999,0.00%,191276939,123238400939,344055.29,0
2022-12-21,5.1476,5.1476,5.1476,5.1476,35236000,0.00%,156040939,123238400939,181380.83,0
2022-12-22,5.1476,5.1476,5.1476,5.1476,55774999,0.00%,100265939,123238400939,287107.39,0
2022-12-23,5.1476,5.1476,5.1476,5.1476,35650000,0.00%,64615939,123238400939,183511.94,0
2022-12-28,5.1476,5.1476,5.1476,5.1476,55636999,0.00%,8978939,123238400939,286397.02,0
2022-12-29,5.1476,5.1528,5.1528,5.1476,69207000,0.10%,318864597,123617493597,356609.83,379092658
2022-12-30,5.1528,5.1528,5.1528,5.1528,62582999,0.00%,256281597,123617493597,322477.68,0
2023-01-03,5.1528,5.1528,5.1528,5.1528,71904000,0.00%,184377597,123617493597,370506.93,0
2023-01-04,5.1528,5.1528,5.1528,5.1528,89832000,0.00%,94545597,123617493597,462886.33,0
2023-01-05,5.1528,5.1579,5.1579,5.1528,97920000,0.10%,378158829,123999026829,505061.57,381533231
2023-01-06,5.1579,5.1579,5.1579,5.1579,65016000,0.00%,313142829,123999026829,335346.03,0
2023-01-09,5.1579,5.1579,5.1579,5.1579,67968000,0.00%,245174829,123999026829,350572.15,0
2023-01-10,5.1579,5.1579,5.1579,5.1579,47640000,0.00%,197534829,123999026829,245722.36,0
2023-01-11,5.1579,5.1579,5.1579,5.1579,85728000,0.00%,111806829,123999026829,442176.45,0
2023-01-12,5.1579,5.1579,5.1579,5.1579,97320000,0.00%,14486829,123999026829,501966.83,0
2023-01-13,5.1579,5.1631,5.1631,5.1579,50328000,0.10%,350473392,124385341392,259848.5,386314563
2023-01-16,5.1631,5.1631,5.1631,5.1631,47976000,0.00%,302497392,124385341392,247704.89,0
2023-01-17,5.1631,5.1631,5.1631,5.1631,38640000,0.00%,263857392,124385341392,199502.18,0
2023-01-18,5.1631,5.1631,5.1631,5.1631,65088000,0.00%,198769392,124385341392,336055.85,0
2023-01-19,5.1631,5.1631,5.1631,5.1631,41640000,0.00%,157129392,124385341392,214991.48,0
2023-01-20,5.1631,5.1631,5.1631,5.1631,40464000,0.00%,116665392,124385341392,208919.68,0
2023-01-26,5.1631,5.1631,5.1631,5.1631,56952000,0.00%,59713392,124385341392,294048.87,0
2023-01-27,5.1631,5.1631,5.1631,5.1631,44712000,0.00%,15001392,124385341392,230852.53,0
2023-01-30,5.1631,5.1683,5.1683,5.1631,128712000,0.10%,274910155,124773962155,665222.23,388620763
2023-01-31,5.1683,5.1683,5.1683,5.1683,133824000,0.00%,141086155,124773962155,691642.58,0
2023-02-01,5.1683,5.1683,5.1683,5.1683,75408000,0.00%,65678155,124773962155,389731.17,0
2023-02-02,5.1683,5.1683,5.1683,5.1683,57024000,0.00%,8654155,124773962155,294717.14,0
2023-02-03,5.1683,5.1734,5.1734,5.1683,62256000,0.10%,336948777,125164512777,322075.19,390550622
2023-02-06,5.1734,5.1734,5.1734,5.1734,61416000,0.00%,275532777,125164512777,317729.53,0
2023-02-07,5.1734,5.1734,5.1734,5.1734,47520000,0.00%,228012777,125164512777,245839.97,0
2023-02-08,5.1734,5.1734,5.1734,5.1734,41448000,0.00%,186564777,125164512777,214427.08,0
2023-02-09,5.1734,5.1734,5.1734,5.1734,63984000,0.00%,122580777,125164512777,331014.83,0
2023-02-10,5.1734,5.1734,5.1734,5.1734,59064000,0.00%,63516777,125164512777,305561.7,0
2023-02-13,5.1734,5.1734,5.1734,5.1734,48864000,0.00%,14652777,125164512777,252793.02,0
2023-02-14,5.1734,5.1786,5.1786,5.1734,43032000,0.10%,363290903,125556182903,222845.52,391670126
2023-02-15,5.1786,5.1786,5.1786,5.1786,39600000,0.00%,323690903,125556182903,205072.56,0
2023-02-16,5.1786,5.1786,5.1786,5.1786,52584000,0.00%,271106903,125556182903,272311.5,0
2023-02-17,5.1786,5.1786,5.1786,5.1786,42528000,0.00%,228578903,125556182903,220235.5,0
2023-02-20,5.1786,5.1786,5.1786,5.1786,29544000,0.00%,199034903,125556182903,152996.56,0
2023-02-21,5.1786,5.1786,5.1786,5.1786,70344000,0.00%,128690903,125556182903,364283.44,0
2023-02-22,5.1786,5.1786,5.1786,5.1786,79560000,0.00%,49130903,125556182903,412009.42,0
2023-02-23,5.1786,5.1786,5.1786,5.1786,46632000,0.00%,2498903,125556182903,241488.48,0
2023-02-24,5.1786,5.1838,5.1838,5.1786,58608000,0.10%,335359635,125947651635,303812.15,391468731
2023-02-27,5.1838,5.1838,5.1838,5.1838,49152000,0.00%,286207635,125947651635,254794.14,0
2023-02-28,5.1838,5.1838,5.1838,5.1838,62424000,0.00%,223783635,125947651635,323593.53,0
2023-03-01,5.1838,5.1838,5.1838,5.1838,85464000,0.00%,138319635,125947651635,443028.28,0
2023-03-02,5.1838,5.1838,5.1838,5.1838,35520000,0.00%,102799635,125947651635,184128.58,0
2023-03-03,5.1838,5.1838,5.1838,5.1838,42672000,0.00%,60127635,125947651635,221203.11,0
2023-03-06,5.1838,5.1838,5.1838,5.1838,30312000,0.00%,29815635,125947651635,157131.35,0
2023-03-07,5.1838,5.189,5.189,5.1838,40896000,0.10%,382414929,126341146929,212209.34,393495293
2023-03-08,5.189,5.189,5.189,5.189,50904000,0.00%,331510929,126341146929,264140.86,0
2023-03-09,5.189,5.189,5.189,5.189,41448000,0.00%,290062929,126341146929,215073.67,0
2023-03-10,5.189,5.189,5.189,5.189,90240000,0.00%,199822929,126341146929,468255.36,0
2023-03-13,5.189,5.189,5.189,5.189,65112000,0.00%,134710929,126341146929,337866.17,0
2023-03-14,5.189,5.189,5.189,5.189,51168000,0.00%,83542929,126341146929,265510.75,0
2023-03-15,5.189,5.189,5.189,5.189,39768000,0.00%,43774929,126341146929,206356.15,0
2023-03-16,5.189,5.1942,5.1942,5.189,56952000,0.10%,382114310,126736438310,295820.08,395291381
2023-03-17,5.1942,5.1942,5.1942,5.1942,69672000,0.00%,312442310,126736438310,361890.3,0
2023-03-20,5.1942,5.1942,5.1942,5.1942,49056000,0.00%,263386310,126736438310,254806.68,0
2023-03-21,5.1942,5.1942,5.1942,5.1942,51072000,0.00%,212314310,126736438310,265278.18,0
2023-03-22,5.1942,5.1942,5.1942,5.1942,47160000,0.00%,165154310,126736438310,244958.47,0
2023-03-23,5.1942,5.1942,5.1942,5.1942,112440000,0.00%,52714310,126736438310,584035.85,0
2023-03-24,5.1942,5.1994,5.1994,5.1942,79728000,0.10%,373953406,127137405406,414537.76,400967095
2023-03-27,5.1994,5.1994,5.1994,5.1994,61920000,0.00%,312033406,127137405406,321946.85,0
2023-03-28,5.1994,5.1994,5.1994,5.1994,75216000,0.00%,236817406,127137405406,391078.07,0
2023-03-29,5.1994,5.1994,5.1994,5.1994,86640000,0.00%,150177406,127137405406,450476.02,0
2023-03-30,5.1994,5.1994,5.1994,5.1994,60576000,0.00%,89601406,127137405406,314958.85,0
2023-03-31,5.1994,5.1994,5.1994,5.1994,62304000,0.00%,27297406,127137405406,323943.42,0
2023-04-03,5.1994,5.2045,5.2045,5.1994,45048000,0.10%,384737541,127539893541,234452.32,402488135
2023-04-04,5.2045,5.2045,5.2045,5.2045,34200000,0.00%,350537541,127539893541,177993.9,0
2023-04-06,5.2045,5.2045,5.2045,5.2045,35880000,0.00%,314657541,127539893541,186737.46,0
2023-04-11,5.2045,5.2045,5.2045,5.2045,52632000,0.00%,262025541,127539893541,273923.24,0
2023-04-12,5.2045,5.2045,5.2045,5.2045,97128000,0.00%,164897541,127539893541,505502.68,0
2023-04-13,5.2045,5.2045,5.2045,5.2045,59904000,0.00%,104993541,127539893541,311770.37,0
2023-04-14,5.2045,5.2045,5.2045,5.2045,30576000,0.00%,74417541,127539893541,159132.79,0
2023-04-17,5.2045,5.2045,5.2045,5.2045,37704000,0.00%,36713541,127539893541,196230.47,0
2023-04-18,5.2045,5.2045,5.2045,5.2045,32856000,0.00%,3857541,127539893541,170999.05,0
2023-04-19,5.2045,5.2098,5.2098,5.2045,39072000,0.10%,367312671,127942420671,203557.31,402527129
2023-04-20,5.2098,5.2098,5.2098,5.2098,25272000,0.00%,342040671,127942420671,131662.07,0
2023-04-21,5.2098,5.2098,5.2098,5.2098,39648000,0.00%,302392671,127942420671,206558.15,0
2023-04-24,5.2098,5.2098,5.2098,5.2098,49128000,0.00%,253264671,127942420671,255947.05,0
2023-04-25,5.2098,5.2098,5.2098,5.2098,50280000,0.00%,202984671,127942420671,261948.74,0
2023-04-26,5.2098,5.2098,5.2098,5.2098,60048000,0.00%,142936671,127942420671,312838.07,0
2023-04-27,5.2098,5.2098,5.2098,5.2098,35424000,0.00%,107512671,127942420671,184551.96,0
2023-04-28,5.2098,5.2098,5.2098,5.2098,36936000,0.00%,70576671,127942420671,192429.17,0
2023-05-02,5.2098,5.2098,5.2098,5.2098,20760000,0.00%,49816671,127942420671,108155.45,0
2023-05-03,5.2098,5.2098,5.2098,5.2098,25320000,0.00%,24496671,127942420671,131912.14,0
2023-05-04,5.2098,5.215,5.215,5.2098,42192000,0.10%,384411025,128344527025,220031.28,402106354
2023-05-05,5.215,5.215,5.215,5.215,35544000,0.00%,348867025,128344527025,185361.96,0
2023-05-08,5.215,5.215,5.215,5.215,25728000,0.00%,323139025,128344527025,134171.52,0
2023-05-09,5.215,5.215,5.215,5.215,56496000,0.00%,266643025,128344527025,294626.64,0
2023-05-10,5.215,5.215,5.215,5.215,37368000,0.00%,229275025,128344527025,194874.12,0
2023-05-11,5.215,5.215,5.215,5.215,42168000,0.00%,187107025,128344527025,219906.12,0
2023-05-12,5.215,5.215,5.215,5.215,43176000,0.00%,143931025,128344527025,225162.84,0
2023-05-15,5.215,5.215,5.215,5.215,56976000,0.00%,86955025,128344527025,297129.84,0
2023-05-16,5.215,5.215,5.215,5.215,33888000,0.00%,53067025,128344527025,176725.92,0
2023-05-17,5.215,5.215,5.215,5.215,46944000,0.00%,6123025,128344527025,244812.96,0
2023-05-18,5.215,5.2202,5.2202,5.215,82584000,0.10%,324126247,128745114247,431105.0,400587222
2023-05-19,5.2202,5.2202,5.2202,5.2202,54456000,0.00%,269670247,128745114247,284271.21,0
2023-05-22,5.2202,5.2202,5.2202,5.2202,48096000,0.00%,221574247,128745114247,251070.74,0
2023-05-23,5.2202,5.2202,5.2202,5.2202,36048000,0.00%,185526247,128745114247,188177.77,0
2023-05-24,5.2202,5.2202,5.2202,5.2202,32520000,0.00%,153006247,128745114247,169760.9,0
2023-05-25,5.2202,5.2202,5.2202,5.2202,62472000,0.00%,90534247,128745114247,326116.33,0
2023-05-29,5.2202,5.2202,5.2202,5.2202,69216000,0.00%,21318247,128745114247,361321.36,0
2023-05-30,5.2202,5.2254,5.2254,5.2202,52176000,0.10%,367883497,129143855497,272640.47,398741249
2023-05-31,5.2254,5.2254,5.2254,5.2254,77112000,0.00%,290771497,129143855497,402941.04,0
2023-06-01,5.2254,5.2254,5.2254,5.2254,55080000,0.00%,235691497,129143855497,287815.03,0
2023-06-02,5.2254,5.2254,5.2254,5.2254,76944000,0.00%,158747497,129143855497,402063.18,0
2023-06-05,5.2254,5.2254,5.2254,5.2254,47736000,0.00%,111011497,129143855497,249439.69,0
2023-06-06,5.2254,5.2254,5.2254,5.2254,40080000,0.00%,70931497,129143855497,209434.03,0
2023-06-07,5.2254,5.2254,5.2254,5.2254,43800000,0.00%,27131497,129143855497,228872.52,0
2023-06-08,5.2254,5.2306,5.2306,5.2254,31512000,0.10%,379442037,129527678037,164826.67,383822539
2023-06-09,5.2306,5.2306,5.2306,5.2306,38832000,0.00%,340610037,129527678037,203114.66,0
2023-06-12,5.2306,5.2306,5.2306,5.2306,32376000,0.00%,308234037,129527678037,169345.91,0
2023-06-13,5.2306,5.2306,5.2306,5.2306,55488000,0.00%,252746037,129527678037,290235.53,0
2023-06-14,5.2306,5.2306,5.2306,5.2306,52992000,0.00%,199754037,129527678037,277179.96,0
2023-06-15,5.2306,5.2306,5.2306,5.2306,60024000,0.00%,139730037,129527678037,313961.53,0
2023-06-16,5.2306,5.2306,5.2306,5.2306,86040000,0.00%,53690037,129527678037,450040.82,0
2023-06-19,5.2306,5.2306,5.2306,5.2306,48648000,0.00%,5042037,129527678037,254458.23,0
2023-06-20,5.2306,5.2359,5.2359,5.2306,39072000,0.10%,345490618,129907198618,204577.08,379520581
2023-06-21,5.2359,5.2359,5.2359,5.2359,46320000,0.00%,299170618,129907198618,242526.89,0
2023-06-23,5.2359,5.2359,5.2359,5.2359,33360000,0.00%,265810618,129907198618,174669.62,0
2023-06-26,5.2359,5.2359,5.2359,5.2359,43584000,0.00%,222226618,129907198618,228201.47,0
2023-06-27,5.2359,5.2359,5.2359,5.2359,41976000,0.00%,180250618,129907198618,219782.14,0
2023-06-28,5.2359,5.2359,5.2359,5.2359,38136000,0.00%,142114618,129907198618,199676.28,0
2023-06-29,5.2359,5.2359,5.2359,5.2359,32448000,0.00%,109666618,129907198618,169894.48,0
2023-06-30,5.2359,5.2359,5.2359,5.2359,38880000,0.00%,70786618,129907198618,203571.79,0
2023-07-03,5.2359,5.2359,5.2359,5.2359,34080000,0.00%,36706618,129907198618,178439.47,0
2023-07-04,5.2359,5.2359,5.2359,5.2359,22656000,0.00%,14050618,129907198618,118624.55,0
2023-07-05,5.2359,5.2411,5.2411,5.2359,23664000,0.10%,368340210,130285152210,124025.39,377953591
2023-07-06,5.2411,5.2411,5.2411,5.2411,47472000,0.00%,320868210,130285152210,248805.5,0
2023-07-07,5.2411,5.2411,5.2411,5.2411,51840000,0.00%,269028210,130285152210,271698.62,0
2023-07-10,5.2411,5.2411,5.2411,5.2411,41496000,0.00%,227532210,130285152210,217484.69,0
2023-07-11,5.2411,5.2411,5.2411,5.2411,29664000,0.00%,197868210,130285152210,155471.99,0
2023-07-12,5.2411,5.2411,5.2411,5.2411,40440000,0.00%,157428210,130285152210,211950.08,0
2023-07-13,5.2411,5.2411,5.2411,5.2411,65568000,0.00%,91860210,130285152210,343648.44,0
2023-07-14,5.2411,5.2411,5.2411,5.2411,50904000,0.00%,40956210,130285152210,266792.95,0
2023-07-18,5.2411,5.2463,5.2463,5.2411,69960000,0.10%,349361302,130663517302,367031.15,378365091
2023-07-19,5.2463,5.2463,5.2463,5.2463,52584000,0.00%,296777302,130663517302,275871.44,0
2023-07-20,5.2463,5.2463,5.2463,5.2463,39744000,0.00%,257033302,130663517302,208508.95,0
2023-07-21,5.2463,5.2463,5.2463,5.2463,28416000,0.00%,228617302,130663517302,149078.86,0
2023-07-24,5.2463,5.2463,5.2463,5.2463,41880000,0.00%,186737302,130663517302,219715.04,0
2023-07-25,5.2463,5.2463,5.2463,5.2463,70080000,0.00%,116657302,130663517302,367660.7,0
2023-07-26,5.2463,5.2463,5.2463,5.2463,35856000,0.00%,80801302,130663517302,188111.33,0
2023-07-27,5.2463,5.2463,5.2463,5.2463,32760000,0.00%,48041302,130663517302,171868.79,0
2023-07-28,5.2463,5.2516,5.2516,5.2463,53376000,0.10%,370985912,131039837912,280309.4,376320610
2023-07-31,5.2516,5.2516,5.2516,5.2516,88320000,0.00%,282665912,131039837912,463821.31,0
2023-08-01,5.2516,5.2516,5.2516,5.2516,56256000,0.00%,226409912,131039837912,295434.01,0
2023-08-02,5.2516,5.2516,5.2516,5.2516,50496000,0.00%,175913912,131039837912,265184.79,0
2023-08-03,5.2516,5.2516,5.2516,5.2516,39984000,0.00%,135929912,131039837912,209979.97,0
2023-08-04,5.2516,5.2516,5.2516,5.2516,45840000,0.00%,90089912,131039837912,240733.34,0
2023-08-07,5.2516,5.2516,5.2516,5.2516,22752000,0.00%,67337912,131039837912,119484.4,0
2023-08-08,5.2516,5.2516,5.2516,5.2516,36912000,0.00%,30425912,131039837912,193847.06,0
2023-08-09,5.2516,5.2516,5.2516,5.2516,28608000,0.00%,1817912,131039837912,150237.77,0
2023-08-10,5.2516,5.2568,5.2568,5.2516,26856000,0.10%,348516942,131413392942,141176.62,373555029
2023-08-11,5.2568,5.2568,5.2568,5.2568,29520000,0.00%,318996942,131413392942,155180.74,0
2023-08-14,5.2568,5.2568,5.2568,5.2568,37800000,0.00%,281196942,131413392942,198707.04,0
2023-08-15,5.2568,5.2568,5.2568,5.2568,25896000,0.00%,255300942,131413392942,136130.09,0
2023-08-16,5.2568,5.2568,5.2568,5.2568,39552000,0.00%,215748942,131413392942,207916.95,0
2023-08-17,5.2568,5.2568,5.2568,5.2568,69168000,0.00%,146580942,131413392942,363602.34,0
2023-08-18,5.2568,5.2568,5.2568,5.2568,43464000,0.00%,103116942,131413392942,228481.56,0
2023-08-21,5.2568,5.2568,5.2568,5.2568,61680000,0.00%,41436942,131413392942,324239.42,0
2023-08-22,5.2568,5.2621,5.2621,5.2568,59232000,0.10%,353678368,131784866368,311684.71,371473426
2023-08-23,5.2621,5.2621,5.2621,5.2621,41376000,0.00%,312302368,131784866368,217724.65,0
2023-08-24,5.2621,5.2621,5.2621,5.2621,53616000,0.00%,258686368,131784866368,282132.75,0
2023-08-25,5.2621,5.2621,5.2621,5.2621,30096000,0.00%,228590368,131784866368,158368.16,0
2023-08-28,5.2621,5.2621,5.2621,5.2621,46560000,0.00%,182030368,131784866368,245003.38,0
2023-08-29,5.2621,5.2621,5.2621,5.2621,36912000,0.00%,145118368,131784866368,194234.64,0
2023-08-30,5.2621,5.2621,5.2621,5.2621,36456000,0.00%,108662368,131784866368,191835.12,0
2023-08-31,5.2621,5.2673,5.2673,5.2621,119376000,0.10%,359012883,132154592883,628789.2,369726515
2023-09-04,5.2673,5.2673,5.2673,5.2673,73800000,0.00%,285212883,132154592883,388726.74,0
2023-09-05,5.2673,5.2673,5.2673,5.2673,31800000,0.00%,253412883,132154592883,167500.14,0
2023-09-06,5.2673,5.2673,5.2673,5.2673,39576000,0.00%,213836883,132154592883,208458.66,0
2023-09-07,5.2673,5.2673,5.2673,5.2673,40128000,0.00%,173708883,132154592883,211366.21,0
2023-09-11,5.2673,5.2673,5.2673,5.2673,45144000,0.00%,128564883,132154592883,237786.99,0
2023-09-12,5.2673,5.2673,5.2673,5.2673,24960000,0.00%,103604883,132154592883,131471.81,0
2023-09-13,5.2673,5.2673,5.2673,5.2673,25584000,0.00%,78020883,132154592883,134758.6,0
2023-09-14,5.2673,5.2673,5.2673,5.2673,24360000,0.00%,53660883,132154592883,128311.43,0
2023-09-15,5.2673,5.2673,5.2673,5.2673,46128000,0.00%,7532883,132154592883,242970.01,0
2023-09-18,5.2673,5.2726,5.2726,5.2673,35376000,0.10%,337781616,132520217616,186523.5,365624732
2023-09-19,5.2726,5.2726,5.2726,5.2726,37392000,0.00%,300389616,132520217616,197153.06,0
2023-09-20,5.2726,5.2726,5.2726,5.2726,32784000,0.00%,267605616,132520217616,172856.92,0
2023-09-21,5.2726,5.2726,5.2726,5.2726,45888000,0.00%,221717616,132520217616,241949.07,0
2023-09-22,5.2726,5.2726,5.2726,5.2726,50976000,0.00%,170741616,132520217616,268776.06,0
2023-09-25,5.2726,5.2726,5.2726,5.2726,43944000,0.00%,126797616,132520217616,231699.13,0
2023-09-26,5.2726,5.2726,5.2726,5.2726,38208000,0.00%,88589616,132520217616,201455.5,0
2023-09-27,5.2726,5.2726,5.2726,5.2726,34080000,0.00%,54509616,132520217616,179690.21,0
2023-09-28,5.2726,5.2726,5.2726,5.2726,37440000,0.00%,17069616,132520217616,197406.14,0
2023-09-29,5.2726,5.2779,5.2779,5.2726,27000000,0.10%,353524545,132883672545,142503.3,363454929
2023-10-03,5.2779,5.2779,5.2779,5.2779,36288000,0.00%,317236545,132883672545,191524.44,0
2023-10-04,5.2779,5.2779,5.2779,5.2779,26256000,0.00%,290980545,132883672545,138576.54,0
2023-10-05,5.2779,5.2779,5.2779,5.2779,25920000,0.00%,265060545,132883672545,136803.17,0
2023-10-06,5.2779,5.2779,5.2779,5.2779,26592000,0.00%,238468545,132883672545,140349.92,0
2023-10-09,5.2779,5.2779,5.2779,5.2779,27360000,0.00%,211108545,132883672545,144403.34,0
2023-10-10,5.2779,5.2779,5.2779,5.2779,39480000,0.00%,171628545,132883672545,208371.49,0
2023-10-11,5.2779,5.2779,5.2779,5.2779,39408000,0.00%,132220545,132883672545,207991.48,0
2023-10-12,5.2779,5.2779,5.2779,5.2779,32280000,0.00%,99940545,132883672545,170370.61,0
2023-10-13,5.2779,5.2779,5.2779,5.2779,32088000,0.00%,67852545,132883672545,169357.26,0
2023-10-16,5.2779,5.2779,5.2779,5.2779,29880000,0.00%,37972545,132883672545,157703.65,0
2023-10-17,5.2779,5.2779,5.2779,5.2779,22080000,0.00%,15892545,132883672545,116536.03,0
2023-10-18,5.2779,5.2832,5.2832,5.2779,28800000,0.10%,347795498,133244375498,152156.16,360702953
2023-10-19,5.2832,5.2832,5.2832,5.2832,41328000,0.00%,306467498,133244375498,218344.09,0
2023-10-20,5.2832,5.2832,5.2832,5.2832,46104000,0.00%,260363498,133244375498,243576.65,0
2023-10-24,5.2832,5.2832,5.2832,5.2832,51888000,0.00%,208475498,133244375498,274134.68,0
2023-10-25,5.2832,5.2832,5.2832,5.2832,42024000,0.00%,166451498,133244375498,222021.2,0
2023-10-26,5.2832,5.2832,5.2832,5.2832,27480000,0.00%,138971498,133244375498,145182.34,0
2023-10-27,5.2832,5.2832,5.2832,5.2832,39504000,0.00%,99467498,133244375498,208707.53,0
2023-10-30,5.2832,5.2832,5.2832,5.2832,34464000,0.00%,65003498,133244375498,182080.2,0
2023-10-31,5.2832,5.2832,5.2832,5.2832,32952000,0.00%,32051498,133244375498,174092.01,0
2023-11-01,5.2832,5.2832,5.2832,5.2832,26424000,0.00%,5627498,133244375498,139603.28,0
2023-11-02,5.2832,5.2885,5.2885,5.2832,25152000,0.10%,339110336,133603010336,133016.35,358634838
2023-11-03,5.2885,5.2885,5.2885,5.2885,51792000,0.00%,287318336,133603010336,273901.99,0
2023-11-06,5.2885,5.2885,5.2885,5.2885,64464000,0.00%,222854336,133603010336,340917.86,0
2023-11-07,5.2885,5.2885,5.2885,5.2885,32160000,0.00%,190694336,133603010336,170078.16,0
2023-11-08,5.2885,5.2885,5.2885,5.2885,30912000,0.00%,159782336,133603010336,163478.11,0
2023-11-09,5.2885,5.2885,5.2885,5.2885,24648000,0.00%,135134336,133603010336,130350.95,0
2023-11-10,5.2885,5.2885,5.2885,5.2885,23688000,0.00%,111446336,133603010336,125273.99,0
2023-11-13,5.2885,5.2885,5.2885,5.2885,32616000,0.00%,78830336,133603010336,172489.72,0
2023-11-14,5.2885,5.2885,5.2885,5.2885,29952000,0.00%,48878336,133603010336,158401.15,0
2023-11-15,5.2885,5.2937,5.2937,5.2885,77880000,0.10%,329996732,133962008732,412273.36,358998396
2023-11-16,5.2937,5.2937,5.2937,5.2937,84720000,0.00%,245276732,133962008732,448482.26,0
2023-11-17,5.2937,5.2937,5.2937,5.2937,52728000,0.00%,192548732,133962008732,279126.21,0
2023-11-20,5.2937,5.2937,5.2937,5.2937,66672000,0.00%,125876732,133962008732,352941.57,0
2023-11-21,5.2937,5.2937,5.2937,5.2937,58056000,0.00%,67820732,133962008732,307331.05,0
2023-11-22,5.2937,5.2937,5.2937,5.2937,34008000,0.00%,33812732,133962008732,180028.15,0
2023-11-23,5.2937,5.299,5.299,5.2937,34872000,0.10%,359927943,134322995943,184786.73,360987210
2023-11-24,5.299,5.299,5.299,5.299,36576000,0.00%,323351943,134322995943,193816.22,0
2023-11-27,5.299,5.299,5.299,5.299,29352000,0.00%,293999943,134322995943,155536.25,0
2023-11-28,5.299,5.299,5.299,5.299,36360000,0.00%,257639943,134322995943,192671.64,0
2023-11-29,5.299,5.299,5.299,5.299,40464000,0.00%,217175943,134322995943,214418.74,0
2023-11-30,5.299,5.299,5.299,5.299,72744000,0.00%,144431943,134322995943,385470.46,0
2023-12-01,5.299,5.299,5.299,5.299,36360000,0.00%,108071943,134322995943,192671.64,0
2023-12-04,5.299,5.299,5.299,5.299,35784000,0.00%,72287943,134322995943,189619.42,0
2023-12-05,5.299,5.299,5.299,5.299,56952000,0.00%,15335943,134322995943,301788.65,0
2023-12-06,5.299,5.3043,5.3043,5.299,38160000,0.10%,338995085,134684815085,202412.09,361819141
2023-12-07,5.3043,5.3043,5.3043,5.3043,32880000,0.00%,306115085,134684815085,174405.38,0
2023-12-08,5.3043,5.3043,5.3043,5.3043,39840000,0.00%,266275085,134684815085,211323.31,0
2023-12-11,5.3043,5.3043,5.3043,5.3043,44160000,0.00%,222115085,134684815085,234237.89,0
2023-12-12,5.3043,5.3043,5.3043,5.3043,31200000,0.00%,190915085,134684815085,165494.16,0
2023-12-13,5.3043,5.3043,5.3043,5.3043,33960000,0.00%,156955085,134684815085,180134.03,0
2023-12-14,5.3043,5.3043,5.3043,5.3043,41280000,0.00%,115675085,134684815085,218961.5,0
2023-12-15,5.3043,5.3043,5.3043,5.3043,74208000,0.00%,41467085,134684815085,393621.49,0
2023-12-18,5.3043,5.3043,5.3043,5.3043,29016000,0.00%,12451085,134684815085,153909.57,0
2023-12-19,5.3043,5.3096,5.3096,5.3043,30072000,0.10%,343695539,135046131539,159670.29,361316454
2023-12-20,5.3096,5.3096,5.3096,5.3096,34056000,0.00%,309639539,135046131539,180823.74,0
2023-12-21,5.3096,5.3096,5.3096,5.3096,24408000,0.00%,285231539,135046131539,129596.72,0
2023-12-22,5.3096,5.3149,5.3149,5.3096,352824000,0.10%,300823463,135414547463,1875224.28,368415924
2023-12-27,5.3149,5.3149,5.3149,5.3149,154728000,0.00%,146095463,135414547463,822363.85,0
2023-12-28,5.3149,5.3149,5.3149,5.3149,90816000,0.00%,55279463,135414547463,482677.96,0
2023-12-29,5.3149,5.3149,5.3149,5.3149,47088000,0.00%,8191463,135414547463,250268.01,0
2024-01-02,5.3149,5.3203,5.3203,5.3149,58375000,0.10%,323808465,135788539465,310572.51,373992001
2024-01-03,5.3203,5.3203,5.3203,5.3203,50975000,0.00%,272833465,135788539465,271202.29,0
2024-01-04,5.3203,5.3203,5.3203,5.3203,50550000,0.00%,222283465,135788539465,268941.16,0
2024-01-05,5.3203,5.3203,5.3203,5.3203,59375000,0.00%,162908465,135788539465,315892.81,0
2024-01-08,5.3203,5.3203,5.3203,5.3203,41799999,0.00%,121108465,135788539465,222388.54,0
2024-01-09,5.3203,5.3203,5.3203,5.3203,42325000,0.00%,78783465,135788539465,225181.7,0
2024-01-10,5.3203,5.3203,5.3203,5.3203,47875000,0.00%,30908465,135788539465,254709.36,0
2024-01-11,5.3203,5.3256,5.3256,5.3203,51500000,0.10%,351324357,136160455357,274268.4,371915892
2024-01-12,5.3256,5.3256,5.3256,5.3256,39425000,0.00%,311899357,136160455357,209961.78,0
2024-01-15,5.3256,5.3256,5.3256,5.3256,40824999,0.00%,271074357,136160455357,217417.62,0
2024-01-16,5.3256,5.3256,5.3256,5.3256,55600000,0.00%,215474357,136160455357,296103.36,0
2024-01-17,5.3256,5.3256,5.3256,5.3256,90275000,0.00%,125199357,136160455357,480768.54,0
2024-01-18,5.3256,5.3256,5.3256,5.3256,61500000,0.00%,63699357,136160455357,327524.4,0
2024-01-19,5.3256,5.3309,5.3309,5.3256,67250000,0.10%,360753858,136524759858,358503.03,364304500
2024-01-22,5.3309,5.3309,5.3309,5.3309,84125000,0.00%,276628858,136524759858,448461.96,0
2024-01-23,5.3309,5.3309,5.3309,5.3309,89025000,0.00%,187603858,136524759858,474583.37,0
2024-01-24,5.3309,5.3309,5.3309,5.3309,84650000,0.00%,102953858,136524759858,451260.68,0
2024-01-25,5.3309,5.3309,5.3309,5.3309,85400000,0.00%,17553858,136524759858,455258.86,0
2024-01-26,5.3309,5.3362,5.3362,5.3309,62050000,0.10%,316356972,136885612972,331111.21,360853113
2024-01-29,5.3362,5.3362,5.3362,5.3362,50400000,0.00%,265956972,136885612972,268944.48,0
2024-01-30,5.3362,5.3362,5.3362,5.3362,53775000,0.00%,212181972,136885612972,286954.16,0
2024-01-31,5.3362,5.3362,5.3362,5.3362,50125000,0.00%,162056972,136885612972,267477.03,0
2024-02-01,5.3362,5.3362,5.3362,5.3362,43325000,0.00%,118731972,136885612972,231190.86,0
2024-02-02,5.3362,5.3362,5.3362,5.3362,77625000,0.00%,41106972,136885612972,414222.53,0
2024-02-05,5.3362,5.3416,5.3416,5.3362,51150000,0.10%,347505331,137243161331,273222.84,357548359
2024-02-06,5.3416,5.3416,5.3416,5.3416,72150000,0.00%,275355331,137243161331,385396.44,0
2024-02-07,5.3416,5.3416,5.3416,5.3416,65850000,0.00%,209505331,137243161331,351744.36,0
2024-02-08,5.3416,5.3416,5.3416,5.3416,44775000,0.00%,164730331,137243161331,239170.14,0
2024-02-09,5.3416,5.3416,5.3416,5.3416,16825000,0.00%,147905331,137243161331,89872.42,0
2024-02-14,5.3416,5.3416,5.3416,5.3416,28925000,0.00%,118980331,137243161331,154505.78,0
2024-02-15,5.3416,5.3416,5.3416,5.3416,31425000,0.00%,87555331,137243161331,167859.78,0
2024-02-16,5.3416,5.3416,5.3416,5.3416,43050000,0.00%,44505331,137243161331,229955.88,0
2024-02-19,5.3416,5.3416,5.3416,5.3416,38550000,0.00%,5955331,137243161331,205918.68,0
2024-02-20,5.3416,5.3469,5.3469,5.3416,39425000,0.10%,314482895,137591113895,210801.53,347952563
2024-02-21,5.3469,5.3469,5.3469,5.3469,59875000,0.00%,254607895,137591113895,320145.64,0
2024-02-22,5.3469,5.3469,5.3469,5.3469,31100000,0.00%,223507895,137591113895,166288.59,0
2024-02-23,5.3469,5.3469,5.3469,5.3469,33075000,0.00%,190432895,137591113895,176848.72,0
2024-02-26,5.3469,5.3469,5.3469,5.3469,31025000,0.00%,159407895,137591113895,165887.57,0
2024-02-27,5.3469,5.3469,5.3469,5.3469,59025000,0.00%,100382895,137591113895,315600.77,0
2024-02-28,5.3469,5.3469,5.3469,5.3469,64750000,0.00%,35632895,137591113895,346211.78,0
2024-02-29,5.3469,5.3523,5.3523,5.3469,74300000,0.10%,304189284,137933970284,397675.89,342856389
2024-03-01,5.3523,5.3523,5.3523,5.3523,69875000,0.00%,234314284,137933970284,373991.96,0
2024-03-04,5.3523,5.3523,5.3523,5.3523,34575000,0.00%,199739284,137933970284,185055.77,0
2024-03-05,5.3523,5.3523,5.3523,5.3523,65150000,0.00%,134589284,137933970284,348702.35,0
2024-03-06,5.3523,5.3523,5.3523,5.3523,58225000,0.00%,76364284,137933970284,311637.67,0
2024-03-07,5.3523,5.3523,5.3523,5.3523,42900000,0.00%,33464284,137933970284,229613.67,0
2024-03-08,5.3523,5.3523,5.3523,5.3523,31050000,0.00%,2414284,137933970284,166188.92,0
2024-03-11,5.3523,5.3576,5.3576,5.3523,44675000,0.10%,299154527,138275385527,239350.78,341415242
2024-03-12,5.3576,5.3576,5.3576,5.3576,91325000,0.00%,207829527,138275385527,489282.82,0
2024-03-13,5.3576,5.3576,5.3576,5.3576,50175000,0.00%,157654527,138275385527,268817.58,0
2024-03-14,5.3576,5.3576,5.3576,5.3576,35575000,0.00%,122079527,138275385527,190596.62,0
2024-03-15,5.3576,5.3576,5.3576,5.3576,72950000,0.00%,49129527,138275385527,390836.92,0
2024-03-18,5.3576,5.3576,5.3576,5.3576,49075000,0.00%,54527,138275385527,262924.22,0
2024-03-19,5.3576,5.363,5.363,5.3576,39100000,0.10%,304137491,138618568491,209693.3,343182964
2024-03-20,5.363,5.363,5.363,5.363,39050000,0.00%,265087491,138618568491,209425.15,0
2024-03-21,5.363,5.363,5.363,5.363,92175000,0.00%,172912491,138618568491,494334.53,0
2024-03-22,5.363,5.363,5.363,5.363,66075000,0.00%,106837491,138618568491,354360.23,0
2024-03-25,5.363,5.363,5.363,5.363,52825000,0.00%,54012491,138618568491,283300.48,0
2024-03-26,5.363,5.3683,5.3683,5.363,85000000,0.10%,312971227,138962527227,456305.5,343958736
2024-03-27,5.3683,5.3683,5.3683,5.3683,96875000,0.00%,216096227,138962527227,520054.06,0
2024-03-28,5.3683,5.3683,5.3683,5.3683,75000000,0.00%,141096227,138962527227,402622.5,0
2024-04-02,5.3683,5.3683,5.3683,5.3683,66400000,0.00%,74696227,138962527227,356455.12,0
2024-04-03,5.3683,5.3683,5.3683,5.3683,49250000,0.00%,25446227,138962527227,264388.77,0
2024-04-05,5.3683,5.3737,5.3737,5.3683,33950000,0.10%,335578779,139306609779,182437.11,344082552
2024-04-08,5.3737,5.3737,5.3737,5.3737,54150000,0.00%,281428779,139306609779,290985.85,0
2024-04-09,5.3737,5.3737,5.3737,5.3737,44700000,0.00%,236728779,139306609779,240204.39,0
2024-04-10,5.3737,5.3737,5.3737,5.3737,61825000,0.00%,174903779,139306609779,332229.0,0
2024-04-11,5.3737,5.3737,5.3737,5.3737,47075000,0.00%,127828779,139306609779,252966.93,0
2024-04-12,5.3737,5.3737,5.3737,5.3737,57575000,0.00%,70253779,139306609779,309390.78,0
2024-04-15,5.3737,5.3737,5.3737,5.3737,45750000,0.00%,24503779,139306609779,245846.78,0
2024-04-16,5.3737,5.3791,5.3791,5.3737,49225000,0.10%,319978317,139651309317,264786.2,344699537
2024-04-17,5.3791,5.3791,5.3791,5.3791,36025000,0.00%,283953317,139651309317,193782.08,0
2024-04-18,5.3791,5.3791,5.3791,5.3791,47650000,0.00%,236303317,139651309317,256314.12,0
2024-04-19,5.3791,5.3791,5.3791,5.3791,48675000,0.00%,187628317,139651309317,261827.69,0
2024-04-22,5.3791,5.3791,5.3791,5.3791,102825000,0.00%,84803317,139651309317,553105.96,0
2024-04-23,5.3791,5.3845,5.3845,5.3791,109550000,0.10%,318891226,139994947226,589871.97,343637909
2024-04-24,5.3845,5.3845,5.3845,5.3845,103675000,0.00%,215216226,139994947226,558238.04,0
2024-04-25,5.3845,5.3845,5.3845,5.3845,69325000,0.00%,145891226,139994947226,373280.46,0
2024-04-26,5.3845,5.3845,5.3845,5.3845,74000000,0.00%,71891226,139994947226,398453.0,0
2024-04-29,5.3845,5.3845,5.3845,5.3845,63550000,0.00%,8341226,139994947226,342184.98,0
2024-04-30,5.3845,5.3898,5.3898,5.3845,39900000,0.10%,315037445,140341543445,215053.02,346596219
2024-05-02,5.3898,5.3898,5.3898,5.3898,56200000,0.00%,258837445,140341543445,302906.76,0
2024-05-03,5.3898,5.3898,5.3898,5.3898,58975000,0.00%,199862445,140341543445,317863.46,0
2024-05-06,5.3898,5.3898,5.3898,5.3898,65525000,0.00%,134337445,140341543445,353166.65,0
2024-05-07,5.3898,5.3898,5.3898,5.3898,48525000,0.00%,85812445,140341543445,261540.05,0
2024-05-08,5.3898,5.3898,5.3898,5.3898,50150000,0.00%,35662445,140341543445,270298.47,0
2024-05-09,5.3898,5.3952,5.3952,5.3898,40075000,0.10%,343559090,140689515090,216212.64,347971645
2024-05-10,5.3952,5.3952,5.3952,5.3952,39225000,0.00%,304334090,140689515090,211626.72,0
2024-05-13,5.3952,5.3952,5.3952,5.3952,51400000,0.00%,252934090,140689515090,277313.28,0
2024-05-14,5.3952,5.3952,5.3952,5.3952,54000000,0.00%,198934090,140689515090,291340.8,0
2024-05-16,5.3952,5.3952,5.3952,5.3952,146075000,0.00%,52859090,140689515090,788103.84,0
2024-05-17,5.3952,5.4006,5.4006,5.3952,69800000,0.10%,334229269,141040685269,376961.88,351170178
2024-05-20,5.4006,5.4006,5.4006,5.4006,55825000,0.00%,278404269,141040685269,301488.49,0
2024-05-21,5.4006,5.4006,5.4006,5.4006,76700000,0.00%,201704269,141040685269,414226.02,0
2024-05-22,5.4006,5.4006,5.4006,5.4006,55925000,0.00%,145779269,141040685269,302028.55,0
2024-05-23,5.4006,5.4006,5.4006,5.4006,45800000,0.00%,99979269,141040685269,247347.48,0
2024-05-24,5.4006,5.4006,5.4006,5.4006,47850000,0.00%,52129269,141040685269,258418.71,0
2024-05-27,5.4006,5.406,5.406,5.4006,80325000,0.10%,324697266,141393578266,434236.95,352892997
2024-05-28,5.406,5.406,5.406,5.406,41525000,0.00%,283172266,141393578266,224484.15,0
2024-05-29,5.406,5.406,5.406,5.406,68450000,0.00%,214722266,141393578266,370040.7,0
2024-05-30,5.406,5.406,5.406,5.406,55025000,0.00%,159697266,141393578266,297465.15,0
2024-05-31,5.406,5.406,5.406,5.406,100100000,0.00%,59597266,141393578266,541140.6,0
2024-06-03,5.406,5.4114,5.4114,5.406,70325000,0.10%,345106916,141749412916,380556.71,355834649
2024-06-04,5.4114,5.4114,5.4114,5.4114,45100000,0.00%,300006916,141749412916,244054.14,0
2024-06-05,5.4114,5.4114,5.4114,5.4114,50525000,0.00%,249481916,141749412916,273410.98,0
2024-06-06,5.4114,5.4114,5.4114,5.4114,47225000,0.00%,202256916,141749412916,255553.37,0
2024-06-07,5.4114,5.4114,5.4114,5.4114,63125000,0.00%,139131916,141749412916,341594.62,0
2024-06-11,5.4114,5.4114,5.4114,5.4114,66250000,0.00%,72881916,141749412916,358505.25,0
2024-06-12,5.4114,5.4114,5.4114,5.4114,37400000,0.00%,35481916,141749412916,202386.36,0
2024-06-13,5.4114,5.4168,5.4168,5.4114,38350000,0.10%,353192909,142105473909,207734.28,356060993
2024-06-14,5.4168,5.4168,5.4168,5.4168,52150000,0.00%,301042909,142105473909,282486.12,0
2024-06-17,5.4168,5.4168,5.4168,5.4168,38200000,0.00%,262842909,142105473909,206921.76,0
2024-06-18,5.4168,5.4168,5.4168,5.4168,35700000,0.00%,227142909,142105473909,193379.76,0
2024-06-19,5.4168,5.4168,5.4168,5.4168,55775000,0.00%,171367909,142105473909,302122.02,0
2024-06-20,5.4168,5.4168,5.4168,5.4168,35125000,0.00%,136242909,142105473909,190265.1,0
2024-06-21,5.4168,5.4168,5.4168,5.4168,64650000,0.00%,71592909,142105473909,350196.12,0
2024-06-24,5.4168,5.4168,5.4168,5.4168,32300000,0.00%,39292909,142105473909,174962.64,0
2024-06-25,5.4168,5.4168,5.4168,5.4168,31975000,0.00%,7317909,142105473909,173202.18,0
2024-06-26,5.4168,5.4223,5.4223,5.4168,29725000,0.10%,328753317,142456634317,161177.87,351160407
2024-06-27,5.4223,5.4223,5.4223,5.4223,43775000,0.00%,284978317,142456634317,237361.18,0
2024-06-28,5.4223,5.4223,5.4223,5.4223,38900000,0.00%,246078317,142456634317,210927.47,0
2024-07-02,5.4223,5.4223,5.4223,5.4223,68175000,0.00%,177903317,142456634317,369665.3,0
2024-07-03,5.4223,5.4223,5.4223,5.4223,55650000,0.00%,122253317,142456634317,301750.99,0
2024-07-04,5.4223,5.4223,5.4223,5.4223,38600000,0.00%,83653317,142456634317,209300.78,0
2024-07-05,5.4223,5.4223,5.4223,5.4223,26300000,0.00%,57353317,142456634317,142606.49,0
2024-07-08,5.4223,5.4223,5.4223,5.4223,29050000,0.00%,28303317,142456634317,157517.82,0
2024-07-09,5.4223,5.4277,5.4277,5.4223,32550000,0.10%,346889230,142807770230,176671.64,351135913
2024-07-10,5.4277,5.4277,5.4277,5.4277,38975000,0.00%,307914230,142807770230,211544.61,0
2024-07-11,5.4277,5.4277,5.4277,5.4277,41475000,0.00%,266439230,142807770230,225113.86,0
2024-07-12,5.4277,5.4277,5.4277,5.4277,68800000,0.00%,197639230,142807770230,373425.76,0
2024-07-15,5.4277,5.4277,5.4277,5.4277,34200000,0.00%,163439230,142807770230,185627.34,0
2024-07-16,5.4277,5.4277,5.4277,5.4277,47650000,0.00%,115789230,142807770230,258629.9,0
2024-07-17,5.4277,5.4277,5.4277,5.4277,64650000,0.00%,51139230,142807770230,350900.8,0
2024-07-18,5.4277,5.4277,5.4277,5.4277,47350000,0.00%,3789230,142807770230,257001.6,0
2024-07-19,5.4277,5.4331,5.4331,5.4277,57725000,0.10%,299820762,143161526762,313625.7,353756531
2024-07-22,5.4331,5.4331,5.4331,5.4331,42400000,0.00%,257420762,143161526762,230363.44,0
2024-07-23,5.4331,5.4331,5.4331,5.4331,30250000,0.00%,227170762,143161526762,164351.27,0
2024-07-24,5.4331,5.4331,5.4331,5.4331,29500000,0.00%,197670762,143161526762,160276.45,0
2024-07-25,5.4331,5.4331,5.4331,5.4331,64475000,0.00%,133195762,143161526762,350299.12,0
2024-07-26,5.4331,5.4331,5.4331,5.4331,33175000,0.00%,100020762,143161526762,180243.09,0
2024-07-29,5.4331,5.4331,5.4331,5.4331,32175000,0.00%,67845762,143161526762,174809.99,0
2024-07-30,5.4331,5.4331,5.4331,5.4331,24375000,0.00%,43470762,143161526762,132431.81,0
2024-07-31,5.4331,5.4385,5.4385,5.4331,50750000,0.10%,348064175,143516870175,276003.88,355343413
2024-08-01,5.4385,5.4385,5.4385,5.4385,31025000,0.00%,317039175,143516870175,168729.46,0
2024-08-02,5.4385,5.4385,5.4385,5.4385,44275000,0.00%,272764175,143516870175,240789.59,0
2024-08-05,5.4385,5.4385,5.4385,5.4385,57400000,0.00%,215364175,143516870175,312169.9,0
2024-08-06,5.4385,5.4385,5.4385,5.4385,44175000,0.00%,171189175,143516870175,240245.74,0
2024-08-07,5.4385,5.4385,5.4385,5.4385,39600000,0.00%,131589175,143516870175,215364.6,0
2024-08-08,5.4385,5.4385,5.4385,5.4385,47025000,0.00%,84564175,143516870175,255745.46,0
2024-08-09,5.4385,5.4385,5.4385,5.4385,40875000,0.00%,43689175,143516870175,222298.69,0
2024-08-12,5.4385,5.4385,5.4385,5.4385,25550000,0.00%,18139175,143516870175,138953.67,0
2024-08-13,5.4385,5.444,5.444,5.4385,33975000,0.10%,338914733,143871620733,184959.9,354750558
2024-08-14,5.444,5.444,5.444,5.444,46725000,0.00%,292189733,143871620733,254370.9,0
2024-08-15,5.444,5.444,5.444,5.444,53600000,0.00%,238589733,143871620733,291798.4,0
2024-08-16,5.444,5.444,5.444,5.444,41025000,0.00%,197564733,143871620733,223340.1,0
2024-08-19,5.444,5.444,5.444,5.444,38025000,0.00%,159539733,143871620733,207008.1,0
2024-08-20,5.444,5.444,5.444,5.444,29625000,0.00%,129914733,143871620733,161278.5,0
2024-08-21,5.444,5.444,5.444,5.444,29125000,0.00%,100789733,143871620733,158556.5,0
2024-08-22,5.444,5.444,5.444,5.444,41975000,0.00%,58814733,143871620733,228511.9,0
2024-08-23,5.444,5.444,5.444,5.444,32650000,0.00%,26164733,143871620733,177746.6,0
2024-08-26,5.444,5.4494,5.4494,5.444,40625000,0.10%,337332489,144223413489,221381.88,351792755
2024-08-27,5.4494,5.4494,5.4494,5.4494,34200000,0.00%,303132489,144223413489,186369.48,0
2024-08-28,5.4494,5.4494,5.4494,5.4494,36500000,0.00%,266632489,144223413489,198903.1,0
2024-08-29,5.4494,5.4494,5.4494,5.4494,32225000,0.00%,234407489,144223413489,175606.92,0
2024-08-30,5.4494,5.4494,5.4494,5.4494,77175000,0.00%,157232489,144223413489,420557.45,0
2024-09-02,5.4494,5.4494,5.4494,5.4494,34700000,0.00%,122532489,144223413489,189094.18,0
2024-09-03,5.4494,5.4494,5.4494,5.4494,24525000,0.00%,98007489,144223413489,133646.54,0
2024-09-04,5.4494,5.4494,5.4494,5.4494,33200000,0.00%,64807489,144223413489,180920.08,0
2024-09-05,5.4494,5.4494,5.4494,5.4494,23950000,0.00%,40857489,144223413489,130513.13,0
2024-09-09,5.4494,5.4549,5.4549,5.4494,50200000,0.10%,341241231,144573997231,273835.98,350583742
2024-09-10,5.4549,5.4549,5.4549,5.4549,30750000,0.00%,310491231,144573997231,167738.18,0
2024-09-11,5.4549,5.4549,5.4549,5.4549,30100000,0.00%,280391231,144573997231,164192.49,0
2024-09-12,5.4549,5.4549,5.4549,5.4549,34500000,0.00%,245891231,144573997231,188194.05,0
2024-09-13,5.4549,5.4549,5.4549,5.4549,27525000,0.00%,218366231,144573997231,150146.12,0
2024-09-16,5.4549,5.4549,5.4549,5.4549,19225000,0.00%,199141231,144573997231,104870.45,0
2024-09-17,5.4549,5.4549,5.4549,5.4549,25375000,0.00%,173766231,144573997231,138418.09,0
2024-09-19,5.4549,5.4549,5.4549,5.4549,64500000,0.00%,109266231,144573997231,351841.05,0
2024-09-20,5.4549,5.4549,5.4549,5.4549,71025000,0.00%,38241231,144573997231,387434.27,0
2024-09-23,5.4549,5.4549,5.4549,5.4549,38050000,0.00%,191231,144573997231,207558.95,0
2024-09-24,5.4549,5.4603,5.4603,5.4549,107300000,0.10%,246828717,144927934717,585890.19,353937485
2024-09-25,5.4603,5.4603,5.4603,5.4603,100275000,0.00%,146553717,144927934717,547531.58,0
2024-09-26,5.4603,5.4603,5.4603,5.4603,125625000,0.00%,20928717,144927934717,685950.19,0
2024-09-27,5.4603,5.4658,5.4658,5.4603,142875000,0.10%,238540415,145288421415,780926.18,360486698
2024-09-30,5.4658,5.4658,5.4658,5.4658,188650000,0.00%,49890415,145288421415,1031123.17,0
2024-10-02,5.4658,5.4713,5.4713,5.4658,121925000,0.10%,295262153,145655718153,667088.25,367296738
2024-10-03,5.4713,5.4713,5.4713,5.4713,79000000,0.00%,216262153,145655718153,432232.7,0
2024-10-04,5.4713,5.4713,5.4713,5.4713,61650000,0.00%,154612153,145655718153,337305.65,0
2024-10-07,5.4713,5.4713,5.4713,5.4713,63325000,0.00%,91287153,145655718153,346470.07,0
2024-10-08,5.4713,5.4767,5.4767,5.4713,176175000,0.10%,286793668,146027399668,964857.62,371681515
2024-10-09,5.4767,5.4767,5.4767,5.4767,115925000,0.00%,170868668,146027399668,634886.45,0
2024-10-10,5.4767,5.4767,5.4767,5.4767,82775000,0.00%,88093668,146027399668,453333.84,0
2024-10-14,5.4767,5.4767,5.4767,5.4767,75800000,0.00%,12293668,146027399668,415133.86,0
2024-10-15,5.4767,5.4822,5.4822,5.4767,83699999,0.10%,305521130,146404327130,458860.14,376927461
2024-10-16,5.4822,5.4822,5.4822,5.4822,56225000,0.00%,249296130,146404327130,308236.7,0
2024-10-17,5.4822,5.4822,5.4822,5.4822,41200000,0.00%,208096130,146404327130,225866.64,0
2024-10-18,5.4822,5.4822,5.4822,5.4822,64900000,0.00%,143196130,146404327130,355794.78,0
2024-10-21,5.4822,5.4822,5.4822,5.4822,40824999,0.00%,102371130,146404327130,223810.81,0
2024-10-22,5.4822,5.4822,5.4822,5.4822,27575000,0.00%,74796130,146404327130,151171.67,0
2024-10-23,5.4822,5.4822,5.4822,5.4822,36650000,0.00%,38146130,146404327130,200922.63,0
2024-10-24,5.4822,5.4822,5.4822,5.4822,28000000,0.00%,10146130,146404327130,153501.6,0
2024-10-25,5.4822,5.4877,5.4877,5.4822,29875000,0.10%,356245892,146780301892,163945.04,375974761
2024-10-28,5.4877,5.4877,5.4877,5.4877,38875000,0.00%,317370892,146780301892,213334.34,0
2024-10-29,5.4877,5.4877,5.4877,5.4877,34500000,0.00%,282870892,146780301892,189325.65,0
2024-10-30,5.4877,5.4877,5.4877,5.4877,44750000,0.00%,238120892,146780301892,245574.58,0
2024-10-31,5.4877,5.4877,5.4877,5.4877,56875000,0.00%,181245892,146780301892,312112.94,0
2024-11-01,5.4877,5.4877,5.4877,5.4877,52725000,0.00%,128520892,146780301892,289338.98,0
2024-11-04,5.4877,5.4877,5.4877,5.4877,29275000,0.00%,99245892,146780301892,160652.42,0
2024-11-05,5.4877,5.4877,5.4877,5.4877,38175000,0.00%,61070892,146780301892,209492.95,0
2024-11-06,5.4877,5.4877,5.4877,5.4877,51900000,0.00%,9170892,146780301892,284811.63,0
2024-11-07,5.4877,5.4932,5.4932,5.4877,49800000,0.10%,338211821,147159142821,273561.36,378840929
2024-11-08,5.4932,5.4932,5.4932,5.4932,48475000,0.00%,289736821,147159142821,266282.87,0
2024-11-11,5.4932,5.4932,5.4932,5.4932,57150000,0.00%,232586821,147159142821,313936.38,0
2024-11-12,5.4932,5.4932,5.4932,5.4932,68250000,0.00%,164336821,147159142821,374910.9,0
2024-11-13,5.4932,5.4932,5.4932,5.4932,70775000,0.00%,93561821,147159142821,388781.23,0
2024-11-14,5.4932,5.4932,5.4932,5.4932,87250000,0.00%,6311821,147159142821,479281.7,0
2024-11-15,5.4932,5.4987,5.4987,5.4932,72650000,0.10%,316207088,147541688088,399480.55,382545266
2024-11-18,5.4987,5.4987,5.4987,5.4987,51225000,0.00%,264982088,147541688088,281670.91,0
2024-11-19,5.4987,5.4987,5.4987,5.4987,34700000,0.00%,230282088,147541688088,190804.89,0
2024-11-20,5.4987,5.4987,5.4987,5.4987,37525000,0.00%,192757088,147541688088,206338.72,0
2024-11-21,5.4987,5.4987,5.4987,5.4987,31250000,0.00%,161507088,147541688088,171834.38,0
2024-11-22,5.4987,5.4987,5.4987,5.4987,42375000,0.00%,119132088,147541688088,233007.41,0
2024-11-25,5.4987,5.4987,5.4987,5.4987,69725000,0.00%,49407088,147541688088,383396.86,0
2024-11-26,5.4987,5.4987,5.4987,5.4987,42350000,0.00%,7057088,147541688088,232869.95,0
2024-11-27,5.4987,5.5042,5.5042,5.4987,41725000,0.10%,346973818,147923329818,229662.75,381641729
2024-11-28,5.5042,5.5042,5.5042,5.5042,32675000,0.00%,314298818,147923329818,179849.74,0
2024-11-29,5.5042,5.5042,5.5042,5.5042,39075000,0.00%,275223818,147923329818,215076.61,0
2024-12-02,5.5042,5.5042,5.5042,5.5042,33325000,0.00%,241898818,147923329818,183427.46,0
2024-12-03,5.5042,5.5042,5.5042,5.5042,45900000,0.00%,195998818,147923329818,252642.78,0
2024-12-04,5.5042,5.5042,5.5042,5.5042,35125000,0.00%,160873818,147923329818,193335.02,0
2024-12-05,5.5042,5.5042,5.5042,5.5042,33275000,0.00%,127598818,147923329818,183152.26,0
2024-12-06,5.5042,5.5042,5.5042,5.5042,69275000,0.00%,58323818,147923329818,381303.46,0
2024-12-09,5.5042,5.5042,5.5042,5.5042,56150000,0.00%,2173818,147923329818,309060.83,0
2024-12-10,5.5042,5.5097,5.5097,5.5042,75700000,0.10%,311525310,148308381310,417084.29,385051491
2024-12-11,5.5097,5.5097,5.5097,5.5097,32750000,0.00%,278775310,148308381310,180442.68,0
2024-12-12,5.5097,5.5097,5.5097,5.5097,58525000,0.00%,220250310,148308381310,322455.19,0
2024-12-13,5.5097,5.5097,5.5097,5.5097,40750000,0.00%,179500310,148308381310,224520.27,0
2024-12-16,5.5097,5.5097,5.5097,5.5097,35150000,0.00%,144350310,148308381310,193665.96,0
2024-12-17,5.5097,5.5097,5.5097,5.5097,41950000,0.00%,102400310,148308381310,231131.91,0
2024-12-18,5.5097,5.5097,5.5097,5.5097,37275000,0.00%,65125310,148308381310,205374.07,0
2024-12-19,5.5097,5.5152,5.5152,5.5097,86675000,0.10%,365969624,148695900624,478029.96,387519314
2024-12-20,5.5152,5.5152,5.5152,5.5152,112075000,0.00%,253894624,148695900624,618116.04,0
2024-12-23,5.5152,5.5152,5.5152,5.5152,52150000,0.00%,201744624,148695900624,287617.68,0
2024-12-24,5.5152,5.5152,5.5152,5.5152,19675000,0.00%,182069624,148695900624,108511.56,0
2024-12-27,5.5152,5.5152,5.5152,5.5152,33875000,0.00%,148194624,148695900624,186827.4,0
2024-12-30,5.5152,5.5152,5.5152,5.5152,33800000,0.00%,114394624,148695900624,186413.76,0
2024-12-31,5.5152,5.5152,5.5152,5.5152,27175000,0.00%,87219624,148695900624,149875.56,0
2025-01-02,5.5152,5.5152,5.5152,5.5152,53898000,0.00%,33321624,148695900624,297258.25,0
2025-01-03,5.5152,5.5207,5.5207,5.5152,43784000,0.10%,381024945,149087387945,241718.33,391487321
2025-01-06,5.5207,5.5207,5.5207,5.5207,43862000,0.00%,337162945,149087387945,242148.94,0
2025-01-07,5.5207,5.5262,5.5262,5.5207,371592000,0.10%,366792251,149488609251,2053491.71,401221305
2025-01-08,5.5262,5.5262,5.5262,5.5262,248196000,0.00%,118596251,149488609251,1371580.74,0
2025-01-09,5.5262,5.5317,5.5317,5.5262,157508000,0.10%,371274265,149898795265,871287.0,410186013
2025-01-10,5.5317,5.5317,5.5317,5.5317,96330000,0.00%,274944265,149898795265,532868.66,0
2025-01-13,5.5317,5.5317,5.5317,5.5317,90454000,0.00%,184490265,149898795265,500364.39,0
2025-01-14,5.5317,5.5317,5.5317,5.5317,105612000,0.00%,78878265,149898795265,584213.9,0
2025-01-15,5.5317,5.5317,5.5317,5.5317,75816000,0.00%,3062265,149898795265,419391.37,0
2025-01-16,5.5317,5.5373,5.5373,5.5317,67964000,0.10%,351550847,150315247847,376337.06,416452582
2025-01-17,5.5373,5.5373,5.5373,5.5373,44564000,0.00%,306986847,150315247847,246764.24,0
2025-01-20,5.5373,5.5373,5.5373,5.5373,80964000,0.00%,226022847,150315247847,448321.96,0
2025-01-21,5.5373,5.5373,5.5373,5.5373,65650000,0.00%,160372847,150315247847,363523.74,0
2025-01-22,5.5373,5.5373,5.5373,5.5373,46436000,0.00%,113936847,150315247847,257130.06,0
2025-01-23,5.5373,5.5373,5.5373,5.5373,55276000,0.00%,58660847,150315247847,306079.79,0
2025-01-24,5.5373,5.5428,5.5428,5.5373,62608000,0.10%,416033743,150735228743,347023.62,419980895
2025-01-27,5.5428,5.5428,5.5428,5.5428,61386000,0.00%,354647743,150735228743,340250.32,0
2025-01-28,5.5428,5.5428,5.5428,5.5428,36920000,0.00%,317727743,150735228743,204640.18,0
2025-02-03,5.5428,5.5428,5.5428,5.5428,72592000,0.00%,245135743,150735228743,402362.94,0
2025-02-04,5.5428,5.5428,5.5428,5.5428,81328000,0.00%,163807743,150735228743,450784.84,0
2025-02-05,5.5428,5.5428,5.5428,5.5428,83538000,0.00%,80269743,150735228743,463034.43,0
2025-02-06,5.5428,5.5428,5.5428,5.5428,50934000,0.00%,29335743,150735228743,282316.98,0
2025-02-07,5.5428,5.5484,5.5484,5.5428,89882000,0.10%,365511161,151161286161,498701.29,426057417
2025-02-10,5.5484,5.5484,5.5484,5.5484,81666000,0.00%,283845161,151161286161,453115.63,0
2025-02-11,5.5484,5.5484,5.5484,5.5484,80314000,0.00%,203531161,151161286161,445614.2,0
2025-02-12,5.5484,5.5484,5.5484,5.5484,99476000,0.00%,104055161,151161286161,551932.64,0
2025-02-13,5.5484,5.5539,5.5539,5.5484,158574000,0.10%,375907184,151591712184,880704.14,430426023
2025-02-14,5.5539,5.5539,5.5539,5.5539,193752000,0.00%,182155184,151591712184,1076079.23,0
2025-02-17,5.5539,5.5595,5.5595,5.5539,328172000,0.10%,296030830,152033759830,1824472.23,442047646
2025-02-18,5.5595,5.5595,5.5595,5.5595,162578000,0.00%,133452830,152033759830,903852.39,0
2025-02-19,5.5595,5.5595,5.5595,5.5595,88738000,0.00%,44714830,152033759830,493338.91,0
2025-02-20,5.5595,5.565,5.565,5.5595,89830000,0.10%,403124814,152481999814,499903.95,448239983
2025-02-21,5.565,5.565,5.565,5.565,191230000,0.00%,211894814,152481999814,1064194.95,0
2025-02-24,5.565,5.565,5.565,5.565,175604000,0.00%,36290814,152481999814,977236.26,0
2025-02-25,5.565,5.5706,5.5706,5.565,146926000,0.10%,346829591,152939464591,818465.98,457464776
2025-02-26,5.5706,5.5706,5.5706,5.5706,105274000,0.00%,241555591,152939464591,586439.34,0
2025-02-27,5.5706,5.5706,5.5706,5.5706,101140000,0.00%,140415591,152939464591,563410.48,0
2025-02-28,5.5706,5.5706,5.5706,5.5706,135616000,0.00%,4799591,152939464591,755462.49,0
2025-03-03,5.5706,5.5762,5.5762,5.5706,85150000,0.10%,383732559,153403547559,474813.43,464082968
2025-03-04,5.5762,5.5762,5.5762,5.5762,80912000,0.00%,302820559,153403547559,451181.49,0
2025-03-05,5.5762,5.5762,5.5762,5.5762,91442000,0.00%,211378559,153403547559,509898.88,0
2025-03-06,5.5762,5.5762,5.5762,5.5762,207168000,0.00%,4210559,153403547559,1155210.2,0
2025-03-07,5.5762,5.5817,5.5817,5.5762,120874000,0.10%,356131662,153876342662,674682.41,472795102
2025-03-10,5.5817,5.5817,5.5817,5.5817,89492000,0.00%,266639662,153876342662,499517.5,0
2025-03-11,5.5817,5.5817,5.5817,5.5817,88010000,0.00%,178629662,153876342662,491245.42,0
2025-03-12,5.5817,5.5817,5.5817,5.5817,72878000,0.00%,105751662,153876342662,406783.13,0
2025-03-13,5.5817,5.5817,5.5817,5.5817,71058000,0.00%,34693662,153876342662,396624.44,0
2025-03-14,5.5817,5.5873,5.5873,5.5817,79846000,0.10%,432318366,154353813366,446123.56,477470704
2025-03-17,5.5873,5.5873,5.5873,5.5873,57460000,0.00%,374858366,154353813366,321046.26,0
2025-03-18,5.5873,5.5873,5.5873,5.5873,87464000,0.00%,287394366,154353813366,488687.61,0
2025-03-19,5.5873,5.5873,5.5873,5.5873,82160000,0.00%,205234366,154353813366,459052.57,0
2025-03-20,5.5873,5.5873,5.5873,5.5873,129610000,0.00%,75624366,154353813366,724169.95,0
2025-03-21,5.5873,5.5929,5.5929,5.5873,109876000,0.10%,438053128,154826118128,614525.48,472304761
2025-03-24,5.5929,5.5929,5.5929,5.5929,63960000,0.00%,374093128,154826118128,357721.88,0
2025-03-25,5.5929,5.5929,5.5929,5.5929,72124000,0.00%,301969128,154826118128,403382.32,0
2025-03-26,5.5929,5.5929,5.5929,5.5929,45006000,0.00%,256963128,154826118128,251714.06,0
2025-03-27,5.5929,5.5929,5.5929,5.5929,45760000,0.00%,211203128,154826118128,255931.1,0
2025-03-28,5.5929,5.5929,5.5929,5.5929,48334000,0.00%,162869128,154826118128,270327.23,0
2025-03-31,5.5929,5.5929,5.5929,5.5929,72904000,0.00%,89965128,154826118128,407744.78,0
2025-04-01,5.5929,5.5929,5.5929,5.5929,50752000,0.00%,39213128,154826118128,283850.86,0
2025-04-02,5.5929,5.5929,5.5929,5.5929,37050000,0.00%,2163128,154826118128,207216.95,0
2025-04-03,5.5929,5.5985,5.5985,5.5929,75972000,0.10%,400182786,155300109786,425329.24,473991657
2025-04-07,5.5985,5.5985,5.5985,5.5985,320736000,0.00%,79446786,155300109786,1795640.5,0
2025-04-08,5.5985,5.6041,5.6041,5.5985,169312000,0.10%,393817854,155783792854,948841.38,483683068
2025-04-09,5.6041,5.6041,5.6041,5.6041,172848000,0.00%,220969854,155783792854,968657.48,0
2025-04-10,5.6041,5.6041,5.6041,5.6041,150280000,0.00%,70689854,155783792854,842184.15,0
2025-04-11,5.6041,5.6097,5.6097,5.6041,121134000,0.10%,438636114,156272873114,679525.4,489080260
2025-04-14,5.6097,5.6097,5.6097,5.6097,78910000,0.00%,359726114,156272873114,442661.43,0
2025-04-15,5.6097,5.6097,5.6097,5.6097,52650000,0.00%,307076114,156272873114,295350.71,0
2025-04-16,5.6097,5.6097,5.6097,5.6097,71032000,0.00%,236044114,156272873114,398468.21,0
2025-04-17,5.6097,5.6097,5.6097,5.6097,63648000,0.00%,172396114,156272873114,357046.19,0
2025-04-22,5.6097,5.6097,5.6097,5.6097,62504000,0.00%,109892114,156272873114,350628.69,0
2025-04-23,5.6097,5.6097,5.6097,5.6097,70200000,0.00%,39692114,156272873114,393800.94,0
2025-04-24,5.6097,5.6153,5.6153,5.6097,49166000,0.10%,477860540,156760207540,276081.84,487334425
2025-04-25,5.6153,5.6153,5.6153,5.6153,74750000,0.00%,403110540,156760207540,419743.68,0
2025-04-28,5.6153,5.6153,5.6153,5.6153,35906000,0.00%,367204540,156760207540,201622.96,0
2025-04-29,5.6153,5.6153,5.6153,5.6153,42562000,0.00%,324642540,156760207540,238998.4,0
2025-04-30,5.6153,5.6153,5.6153,5.6153,39806000,0.00%,284836540,156760207540,223522.63,0
2025-05-02,5.6153,5.6153,5.6153,5.6153,34424000,0.00%,250412540,156760207540,193301.09,0
2025-05-06,5.6153,5.6153,5.6153,5.6153,51506000,0.00%,198906540,156760207540,289221.64,0
2025-05-07,5.6153,5.6153,5.6153,5.6153,66612000,0.00%,132294540,156760207540,374046.36,0
2025-05-08,5.6153,5.6153,5.6153,5.6153,51532000,0.00%,80762540,156760207540,289367.64,0
2025-05-09,5.6153,5.6153,5.6153,5.6153,35828000,0.00%,44934540,156760207540,201184.97,0
2025-05-12,5.6153,5.6209,5.6209,5.6153,93210000,0.10%,439966245,157248449245,523924.09,488241705
2025-05-13,5.6209,5.6209,5.6209,5.6209,60112000,0.00%,379854245,157248449245,337883.54,0
2025-05-14,5.6209,5.6209,5.6209,5.6209,63154000,0.00%,316700245,157248449245,354982.32,0
2025-05-15,5.6209,5.6209,5.6209,5.6209,85280000,0.00%,231420245,157248449245,479350.35,0
2025-05-16,5.6209,5.6209,5.6209,5.6209,55458000,0.00%,175962245,157248449245,311723.87,0
2025-05-19,5.6209,5.6209,5.6209,5.6209,58396000,0.00%,117566245,157248449245,328238.08,0
2025-05-20,5.6209,5.6209,5.6209,5.6209,41054000,0.00%,76512245,157248449245,230760.43,0
2025-05-21,5.6209,5.6209,5.6209,5.6209,49192000,0.00%,27320245,157248449245,276503.31,0
2025-05-22,5.6209,5.6265,5.6265,5.6209,37128000,0.10%,481095568,157739352568,208900.69,490903322
2025-05-23,5.6265,5.6265,5.6265,5.6265,42276000,0.00%,438819568,157739352568,237865.91,0
2025-05-26,5.6265,5.6265,5.6265,5.6265,44954000,0.00%,393865568,157739352568,252933.68,0
2025-05-27,5.6265,5.6265,5.6265,5.6265,38974000,0.00%,354891568,157739352568,219287.21,0
2025-05-28,5.6265,5.6265,5.6265,5.6265,43706000,0.00%,311185568,157739352568,245911.81,0
2025-05-29,5.6265,5.6265,5.6265,5.6265,50362000,0.00%,260823568,157739352568,283361.79,0
2025-05-30,5.6265,5.6265,5.6265,5.6265,73528000,0.00%,187295568,157739352568,413705.29,0
2025-06-02,5.6265,5.6265,5.6265,5.6265,34034000,0.00%,153261568,157739352568,191492.3,0
2025-06-03,5.6265,5.6265,5.6265,5.6265,37986000,0.00%,115275568,157739352568,213728.23,0
2025-06-04,5.6265,5.6265,5.6265,5.6265,47788000,0.00%,67487568,157739352568,268879.18,0
2025-06-05,5.6265,5.6265,5.6265,5.6265,50258000,0.00%,17229568,157739352568,282776.64,0
2025-06-06,5.6265,5.6322,5.6322,5.6265,34164000,0.10%,470600560,158226887560,192418.48,487534991
2025-06-09,5.6322,5.6322,5.6322,5.6322,48048000,0.00%,422552560,158226887560,270615.95,0
2025-06-10,5.6322,5.6322,5.6322,5.6322,44304000,0.00%,378248560,158226887560,249528.99,0
2025-06-11,5.6322,5.6322,5.6322,5.6322,38428000,0.00%,339820560,158226887560,216434.18,0
2025-06-12,5.6322,5.6322,5.6322,5.6322,34762000,0.00%,305058560,158226887560,195786.54,0
2025-06-13,5.6322,5.6322,5.6322,5.6322,49634000,0.00%,255424560,158226887560,279548.61,0
2025-06-16,5.6322,5.6322,5.6322,5.6322,35828000,0.00%,219596560,158226887560,201790.46,0
2025-06-17,5.6322,5.6322,5.6322,5.6322,29952000,0.00%,189644560,158226887560,168695.65,0
2025-06-18,5.6322,5.6322,5.6322,5.6322,39494000,0.00%,150150560,158226887560,222438.11,0
2025-06-19,5.6322,5.6322,5.6322,5.6322,50414000,0.00%,99736560,158226887560,283941.73,0
2025-06-20,5.6322,5.6322,5.6322,5.6322,53612000,0.00%,46124560,158226887560,301953.51,0
2025-06-23,5.6322,5.6322,5.6322,5.6322,37050000,0.00%,9074560,158226887560,208673.01,0
2025-06-24,5.6322,5.6378,5.6378,5.6322,46202000,0.10%,443827496,158707842496,260477.64,480954935
2025-06-25,5.6378,5.6378,5.6378,5.6378,45734000,0.00%,398093496,158707842496,257839.15,0
2025-06-26,5.6378,5.6378,5.6378,5.6378,39000000,0.00%,359093496,158707842496,219874.2,0
2025-06-27,5.6378,5.6378,5.6378,5.6378,39468000,0.00%,319625496,158707842496,222512.69,0
2025-06-30,5.6378,5.6378,5.6378,5.6378,47996000,0.00%,271629496,158707842496,270591.85,0
2025-07-02,5.6378,5.6378,5.6378,5.6378,47320000,0.00%,224309496,158707842496,266780.7,0
2025-07-03,5.6378,5.6378,5.6378,5.6378,49296000,0.00%,175013496,158707842496,277920.99,0
2025-07-04,5.6378,5.6378,5.6378,5.6378,38116000,0.00%,136897496,158707842496,214890.38,0
2025-07-07,5.6378,5.6378,5.6378,5.6378,30238000,0.00%,106659496,158707842496,170475.8,0
2025-07-08,5.6378,5.6378,5.6378,5.6378,34242000,0.00%,72417496,158707842496,193049.55,0
2025-07-09,5.6378,5.6378,5.6378,5.6378,46332000,0.00%,26085496,158707842496,261210.55,0
2025-07-10,5.6378,5.6434,5.6434,5.6378,36478000,0.10%,468780215,159187015215,205859.95,479172719
2025-07-11,5.6434,5.6434,5.6434,5.6434,49998000,0.00%,418782215,159187015215,282158.71,0
2025-07-14,5.6434,5.6434,5.6434,5.6434,30420000,0.00%,388362215,159187015215,171672.23,0
2025-07-15,5.6434,5.6434,5.6434,5.6434,71370000,0.00%,316992215,159187015215,402769.46,0
2025-07-16,5.6434,5.6434,5.6434,5.6434,60450000,0.00%,256542215,159187015215,341143.53,0
2025-07-17,5.6434,5.6434,5.6434,5.6434,35724000,0.00%,220818215,159187015215,201604.82,0
2025-07-18,5.6434,5.6434,5.6434,5.6434,35828000,0.00%,184990215,159187015215,202191.74,0
2025-07-21,5.6434,5.6434,5.6434,5.6434,34502000,0.00%,150488215,159187015215,194708.59,0
2025-07-22,5.6434,5.6434,5.6434,5.6434,45760000,0.00%,104728215,159187015215,258241.98,0
2025-07-23,5.6434,5.6491,5.6491,5.6434,121524000,0.10%,457950244,159661761244,686501.23,474746028
2025-07-24,5.6491,5.6491,5.6491,5.6491,62868000,0.00%,395082244,159661761244,355147.62,0
2025-07-25,5.6491,5.6491,5.6491,5.6491,51714000,0.00%,343368244,159661761244,292137.56,0
2025-07-28,5.6491,5.6491,5.6491,5.6491,38116000,0.00%,305252244,159661761244,215321.1,0
2025-07-29,5.6491,5.6491,5.6491,5.6491,43810000,0.00%,261442244,159661761244,247487.07,0
2025-07-30,5.6491,5.6491,5.6491,5.6491,50336000,0.00%,211106244,159661761244,284353.1,0
2025-07-31,5.6491,5.6491,5.6491,5.6491,53170000,0.00%,157936244,159661761244,300362.65,0
2025-08-01,5.6491,5.6491,5.6491,5.6491,55120000,0.00%,102816244,159661761244,311378.39,0
2025-08-04,5.6491,5.6491,5.6491,5.6491,45084000,0.00%,57732244,159661761244,254684.02,0
2025-08-05,5.6491,5.6491,5.6491,5.6491,45110000,0.00%,12622244,159661761244,254830.9,0
2025-08-06,5.6491,5.6547,5.6547,5.6491,53924000,0.10%,430525545,160133588545,304924.04,471827301
2025-08-07,5.6547,5.6547,5.6547,5.6547,44044000,0.00%,386481545,160133588545,249055.61,0
2025-08-08,5.6547,5.6547,5.6547,5.6547,34606000,0.00%,351875545,160133588545,195686.55,0
2025-08-11,5.6547,5.6547,5.6547,5.6547,30654000,0.00%,321221545,160133588545,173339.17,0
2025-08-12,5.6547,5.6547,5.6547,5.6547,35958000,0.00%,285263545,160133588545,203331.7,0
2025-08-13,5.6547,5.6547,5.6547,5.6547,97760000,0.00%,187503545,160133588545,552803.47,0
2025-08-14,5.6547,5.6547,5.6547,5.6547,94484000,0.00%,93019545,160133588545,534278.67,0
2025-08-15,5.6547,5.6547,5.6547,5.6547,57668000,0.00%,35351545,160133588545,326095.24,0
2025-08-18,5.6547,5.6604,5.6604,5.6547,45734000,0.10%,460884003,160604855003,258872.73,471266457
2025-08-19,5.6604,5.6604,5.6604,5.6604,42536000,0.00%,418348003,160604855003,240770.77,0
2025-08-20,5.6604,5.6604,5.6604,5.6604,41470000,0.00%,376878003,160604855003,234736.79,0
2025-08-21,5.6604,5.6604,5.6604,5.6604,37154000,0.00%,339724003,160604855003,210306.5,0
2025-08-22,5.6604,5.6604,5.6604,5.6604,50388000,0.00%,289336003,160604855003,285216.24,0
2025-08-25,5.6604,5.6604,5.6604,5.6604,66794000,0.00%,222542003,160604855003,378080.76,0
2025-08-26,5.6604,5.6604,5.6604,5.6604,53716000,0.00%,168826003,160604855003,304054.05,0
2025-08-27,5.6604,5.6604,5.6604,5.6604,55276000,0.00%,113550003,160604855003,312884.27,0
2025-08-28,5.6604,5.6604,5.6604,5.6604,56446000,0.00%,57104003,160604855003,319506.94,0
2025-08-29,5.6604,5.6604,5.6604,5.6604,47398000,0.00%,9706003,160604855003,268291.64,0
2025-09-01,5.6604,5.666,5.666,5.6604,41496000,0.10%,437726167,161074371167,235116.34,469516163
2025-09-02,5.666,5.666,5.666,5.666,38506000,0.00%,399220167,161074371167,218175.0,0
2025-09-03,5.666,5.666,5.666,5.666,40352000,0.00%,358868167,161074371167,228634.43,0
2025-09-04,5.666,5.666,5.666,5.666,46800000,0.00%,312068167,161074371167,265168.8,0
2025-09-05,5.666,5.666,5.666,5.666,49530000,0.00%,262538167,161074371167,280636.98,0
2025-09-08,5.666,5.666,5.666,5.666,56732000,0.00%,205806167,161074371167,321443.51,0
2025-09-09,5.666,5.666,5.666,5.666,51662000,0.00%,154144167,161074371167,292716.89,0
2025-09-10,5.666,5.666,5.666,5.666,49894000,0.00%,104250167,161074371167,282699.4,0
2025-09-11,5.666,5.666,5.666,5.666,47294000,0.00%,56956167,161074371167,267967.8,0
2025-09-12,5.666,5.666,5.666,5.666,54028000,0.00%,2928167,161074371167,306122.65,0
2025-09-15,5.666,5.6717,5.6717,5.666,42562000,0.10%,431604522,161545609522,241398.9,471238355
2025-09-16,5.6717,5.6717,5.6717,5.6717,34684000,0.00%,396920522,161545609522,196717.24,0
2025-09-17,5.6717,5.6717,5.6717,5.6717,58110000,0.00%,338810522,161545609522,329582.49,0
2025-09-18,5.6717,5.6717,5.6717,5.6717,77974000,0.00%,260836522,161545609522,442245.14,0
2025-09-19,5.6717,5.6717,5.6717,5.6717,54106000,0.00%,206730522,161545609522,306873.0,0
2025-09-22,5.6717,5.6717,5.6717,5.6717,33540000,0.00%,173190522,161545609522,190228.82,0
2025-09-23,5.6717,5.6717,5.6717,5.6717,39754000,0.00%,133436522,161545609522,225472.76,0
2025-09-24,5.6717,5.6717,5.6717,5.6717,47944000,0.00%,85492522,161545609522,271923.98,0
2025-09-25,5.6717,5.6717,5.6717,5.6717,45188000,0.00%,40304522,161545609522,256292.78,0
2025-09-26,5.6717,5.6774,5.6774,5.6717,50700000,0.10%,462915394,162018920394,287844.18,473310872
2025-09-29,5.6774,5.6774,5.6774,5.6774,53274000,0.00%,409641394,162018920394,302457.81,0
2025-09-30,5.6774,5.6774,5.6774,5.6774,53586000,0.00%,356055394,162018920394,304229.16,0
2025-10-02,5.6774,5.6774,5.6774,5.6774,44564000,0.00%,311491394,162018920394,253007.65,0
2025-10-03,5.6774,5.6774,5.6774,5.6774,18538000,0.00%,292953394,162018920394,105247.64,0
2025-10-06,5.6774,5.6774,5.6774,5.6774,20358000,0.00%,272595394,162018920394,115580.51,0
2025-10-08,5.6774,5.6774,5.6774,5.6774,27404000,0.00%,245191394,162018920394,155583.47,0
2025-10-09,5.6774,5.6774,5.6774,5.6774,37570000,0.00%,207621394,162018920394,213299.92,0
2025-10-10,5.6774,5.6774,5.6774,5.6774,51740000,0.00%,155881394,162018920394,293748.68,0
2025-10-13,5.6774,5.6774,5.6774,5.6774,98826000,0.00%,57055394,162018920394,561074.73,0
2025-10-14,5.6774,5.6831,5.6831,5.6774,69680000,0.10%,460676164,162492221164,395998.41,473300769
2025-10-15,5.6831,5.6831,5.6831,5.6831,47788000,0.00%,412888164,162492221164,271583.98,0
2025-10-16,5.6831,5.6831,5.6831,5.6831,37154000,0.00%,375734164,162492221164,211149.9,0
2025-10-17,5.6831,5.6831,5.6831,5.6831,48490000,0.00%,327244164,162492221164,275573.52,0
2025-10-20,5.6831,5.6831,5.6831,5.6831,38896000,0.00%,288348164,162492221164,221049.86,0
2025-10-21,5.6831,5.6831,5.6831,5.6831,36842000,0.00%,251506164,162492221164,209376.77,0
2025-10-22,5.6831,5.6831,5.6831,5.6831,25948000,0.00%,225558164,162492221164,147465.08,0
2025-10-23,5.6831,5.6831,5.6831,5.6831,32292000,0.00%,193266164,162492221164,183518.67,0
2025-10-24,5.6831,5.6831,5.6831,5.6831,31200000,0.00%,162066164,162492221164,177312.72,0
2025-10-27,5.6831,5.6831,5.6831,5.6831,41704000,0.00%,120362164,162492221164,237008.0,0
2025-10-28,5.6831,5.6831,5.6831,5.6831,42380000,0.00%,77982164,162492221164,240849.78,0
2025-10-30,5.6831,5.6831,5.6831,5.6831,56602000,0.00%,21380164,162492221164,321674.83,0
2025-10-31,5.6831,5.6887,5.6887,5.6831,53508000,0.10%,442020717,162966369717,304390.96,474148553
2025-11-03,5.6887,5.6887,5.6887,5.6887,30134000,0.00%,411886717,162966369717,171423.29,0
2025-11-04,5.6887,5.6887,5.6887,5.6887,38922000,0.00%,372964717,162966369717,221415.58,0
2025-11-05,5.6887,5.6887,5.6887,5.6887,34606000,0.00%,338358717,162966369717,196863.15,0
2025-11-06,5.6887,5.6887,5.6887,5.6887,34008000,0.00%,304350717,162966369717,193461.31,0
2025-11-07,5.6887,5.6887,5.6887,5.6887,34606000,0.00%,269744717,162966369717,196863.15,0
2025-11-10,5.6887,5.6887,5.6887,5.6887,37726000,0.00%,232018717,162966369717,214611.9,0
2025-11-11,5.6887,5.6887,5.6887,5.6887,34034000,0.00%,197984717,162966369717,193609.22,0
2025-11-12,5.6887,5.6887,5.6887,5.6887,35516000,0.00%,162468717,162966369717,202039.87,0
2025-11-13,5.6887,5.6887,5.6887,5.6887,44980000,0.00%,117488717,162966369717,255877.73,0
2025-11-14,5.6887,5.6887,5.6887,5.6887,51896000,0.00%,65592717,162966369717,295220.78,0
2025-11-17,5.6887,5.6887,5.6887,5.6887,35854000,0.00%,29738717,162966369717,203962.65,0
2025-11-18,5.6887,5.6944,5.6944,5.6887,48932000,0.10%,455333876,163440896876,278638.38,474527158
2025-11-19,5.6944,5.6944,5.6944,5.6944,36296000,0.00%,419037876,163440896876,206683.94,0
2025-11-20,5.6944,5.6944,5.6944,5.6944,36452000,0.00%,382585876,163440896876,207572.27,0
2025-11-21,5.6944,5.6944,5.6944,5.6944,61698000,0.00%,320887876,163440896876,351333.09,0
2025-11-24,5.6944,5.6944,5.6944,5.6944,58188000,0.00%,262699876,163440896876,331345.75,0
2025-11-25,5.6944,5.6944,5.6944,5.6944,38688000,0.00%,224011876,163440896876,220304.95,0
2025-11-26,5.6944,5.6944,5.6944,5.6944,37518000,0.00%,186493876,163440896876,213642.5,0
2025-11-27,5.6944,5.6944,5.6944,5.6944,40274000,0.00%,146219876,163440896876,229336.27,0
2025-11-28,5.6944,5.6944,5.6944,5.6944,34372000,0.00%,111847876,163440896876,195727.92,0
2025-12-01,5.6944,5.6944,5.6944,5.6944,32864000,0.00%,78983876,163440896876,187140.76,0
2025-12-02,5.6944,5.6944,5.6944,5.6944,29796000,0.00%,49187876,163440896876,169670.34,0
2025-12-03,5.6944,5.6944,5.6944,5.6944,28600000,0.00%,20587876,163440896876,162859.84,0
2025-12-04,5.6944,5.7001,5.7001,5.6944,39858000,0.10%,456972733,163917139733,227194.59,476242856
2025-12-05,5.7001,5.7001,5.7001,5.7001,38064000,0.00%,418908733,163917139733,216968.61,0
2025-12-08,5.7001,5.7001,5.7001,5.7001,34892000,0.00%,384016733,163917139733,198887.89,0
2025-12-09,5.7001,5.7001,5.7001,5.7001,45318000,0.00%,338698733,163917139733,258317.13,0
2025-12-10,5.7001,5.7001,5.7001,5.7001,38350000,0.00%,300348733,163917139733,218598.83,0
2025-12-11,5.7001,5.7001,5.7001,5.7001,32448000,0.00%,267900733,163917139733,184956.84,0
2025-12-12,5.7001,5.7001,5.7001,5.7001,46358000,0.00%,221542733,163917139733,264245.24,0
2025-12-15,5.7001,5.7001,5.7001,5.7001,39442000,0.00%,182100733,163917139733,224823.34,0
2025-12-16,5.7001,5.7001,5.7001,5.7001,41574000,0.00%,140526733,163917139733,236975.96,0
2025-12-17,5.7001,5.7001,5.7001,5.7001,38532000,0.00%,101994733,163917139733,219636.25,0
2025-12-18,5.7001,5.7001,5.7001,5.7001,26390000,0.00%,75604733,163917139733,150425.64,0
2025-12-19,5.7001,5.7001,5.7001,5.7001,46202000,0.00%,29402733,163917139733,263356.02,0
2025-12-22,5.7001,5.7058,5.7058,5.7001,36062000,0.10%,453451456,164377250456,205762.56,460110723
2025-12-23,5.7058,5.7058,5.7058,5.7058,40612000,0.00%,412839456,164377250456,231723.95,0
2025-12-24,5.7058,5.7058,5.7058,5.7058,19032000,0.00%,393807456,164377250456,108592.79,0
2025-12-29,5.7058,5.7058,5.7058,5.7058,48100000,0.00%,345707456,164377250456,274448.98,0
2025-12-30,5.7058,5.7058,5.7058,5.7058,35308000,0.00%,310399456,164377250456,201460.39,0
2025-12-31,5.7058,5.7058,5.7058,5.7058,28184000,0.00%,282215456,164377250456,160812.27,0
2026-01-02,5.7058,5.7058,5.7058,5.7058,43740000,0.00%,238475456,164377250456,249571.69,0
2026-01-05,5.7058,5.7058,5.7058,5.7058,53865000,0.00%,184610456,164377250456,307342.92,0
2026-01-06,5.7058,5.7058,5.7058,5.7058,65259000,0.00%,119351456,164377250456,372354.8,0
2026-01-07,5.7058,5.7058,5.7058,5.7058,57726000,0.00%,61625456,164377250456,329373.01,0
2026-01-08,5.7058,5.7058,5.7058,5.7058,50598000,0.00%,11027456,164377250456,288702.07,0
2026-01-09,5.7058,5.7115,5.7115,5.7058,48087000,0.10%,415201794,164829511794,274648.9,452261338
2026-01-12,5.7115,5.7115,5.7115,5.7115,74331000,0.00%,340870794,164829511794,424541.51,0
2026-01-13,5.7115,5.7115,5.7115,5.7115,65367000,0.00%,275503794,164829511794,373343.62,0
2026-01-14,5.7115,5.7115,5.7115,5.7115,77436000,0.00%,198067794,164829511794,442275.71,0
2026-01-15,5.7115,5.7115,5.7115,5.7115,70713000,0.00%,127354794,164829511794,403877.3,0
2026-01-16,5.7115,5.7115,5.7115,5.7115,55674000,0.00%,71680794,164829511794,317982.05,0
2026-01-19,5.7115,5.7115,5.7115,5.7115,35721000,0.00%,35959794,164829511794,204020.49,0
2026-01-20,5.7115,5.7172,5.7172,5.7115,65691000,0.10%,427554428,165286797428,375568.59,457285633
2026-01-21,5.7172,5.7172,5.7172,5.7172,43200000,0.00%,384354428,165286797428,246983.04,0
2026-01-22,5.7172,5.7172,5.7172,5.7172,73359000,0.00%,310995428,165286797428,419408.07,0
2026-01-23,5.7172,5.7172,5.7172,5.7172,51786000,0.00%,259209428,165286797428,296070.92,0
2026-01-26,5.7172,5.7172,5.7172,5.7172,47088000,0.00%,212121428,165286797428,269211.51,0
2026-01-27,5.7172,5.7172,5.7172,5.7172,64503000,0.00%,147618428,165286797428,368776.55,0
2026-01-28,5.7172,5.7172,5.7172,5.7172,69066000,0.00%,78552428,165286797428,394864.14,0
2026-01-29,5.7172,5.7172,5.7172,5.7172,61965000,0.00%,16587428,165286797428,354266.3,0
2026-01-30,5.7172,5.723,5.723,5.7172,57996000,0.10%,418313288,165746519288,331911.11,459721859
2026-02-02,5.723,5.723,5.723,5.723,75411000,0.00%,342902288,165746519288,431577.15,0
2026-02-03,5.723,5.723,5.723,5.723,175851000,0.00%,167051288,165746519288,1006395.27,0
2026-02-04,5.723,5.723,5.723,5.723,162999000,0.00%,4052288,165746519288,932843.28,0
2026-02-05,5.723,5.7287,5.7287,5.723,214137000,0.10%,258877261,166215481261,1226726.63,468961973
2026-02-06,5.7287,5.7287,5.7287,5.7287,95580000,0.00%,163297261,166215481261,547549.15,0
2026-02-09,5.7287,5.7287,5.7287,5.7287,71226000,0.00%,92071261,166215481261,408032.39,0
2026-02-10,5.7287,5.7287,5.7287,5.7287,78867000,0.00%,13204261,166215481261,451805.38,0
2026-02-11,5.7287,5.7344,5.7344,5.7287,64152000,0.10%,422601813,166689030813,367873.23,473549552
2026-02-12,5.7344,5.7344,5.7344,5.7344,107433000,0.00%,315168813,166689030813,616063.8,0
2026-02-13,5.7344,5.7344,5.7344,5.7344,72630000,0.00%,242538813,166689030813,416489.47,0
2026-02-16,5.7344,5.7344,5.7344,5.7344,19494000,0.00%,223044813,166689030813,111786.39,0
2026-02-20,5.7344,5.7344,5.7344,5.7344,57645000,0.00%,165399813,166689030813,330559.49,0
2026-02-23,5.7344,5.7344,5.7344,5.7344,59778000,0.00%,105621813,166689030813,342790.96,0
2026-02-24,5.7344,5.7344,5.7344,5.7344,97551000,0.00%,8070813,166689030813,559396.45,0
2026-02-25,5.7344,5.7401,5.7401,5.7344,61668000,0.10%,424686095,167167314095,353980.49,478283282
2026-02-26,5.7401,5.7401,5.7401,5.7401,68985000,0.00%,355701095,167167314095,395980.8,0
2026-02-27,5.7401,5.7401,5.7401,5.7401,87021000,0.00%,268680095,167167314095,499509.24,0
2026-03-02,5.7401,5.7401,5.7401,5.7401,83214000,0.00%,185466095,167167314095,477656.68,0
2026-03-03,5.7401,5.7401,5.7401,5.7401,73899000,0.00%,111567095,167167314095,424187.65,0
2026-03-04,5.7401,5.7401,5.7401,5.7401,89019000,0.00%,22548095,167167314095,510977.96,0
2026-03-05,5.7401,5.7459,5.7459,5.7401,64692000,0.10%,440658662,167650116662,371713.76,482802566
2026-03-06,5.7459,5.7459,5.7459,5.7459,81972000,0.00%,358686662,167650116662,471002.91,0
2026-03-09,5.7459,5.7459,5.7459,5.7459,84726000,0.00%,273960662,167650116662,486827.12,0
2026-03-10,5.7459,5.7459,5.7459,5.7459,156222000,0.00%,117738662,167650116662,897635.99,0
2026-03-11,5.7459,5.7516,5.7516,5.7459,128574000,0.10%,479213920,168140165920,739506.22,490049257
2026-03-12,5.7516,5.7516,5.7516,5.7516,53082000,0.00%,426131920,168140165920,305306.43,0
2026-03-13,5.7516,5.7516,5.7516,5.7516,46386000,0.00%,379745920,168140165920,266793.72,0
2026-03-16,5.7516,5.7516,5.7516,5.7516,65394000,0.00%,314351920,168140165920,376120.13,0
2026-03-17,5.7516,5.7516,5.7516,5.7516,61749000,0.00%,252602920,168140165920,355155.55,0
2026-03-18,5.7516,5.7516,5.7516,5.7516,57645000,0.00%,194957920,168140165920,331550.98,0
2026-03-19,5.7516,5.7516,5.7516,5.7516,160461000,0.00%,34496920,168140165920,922907.49,0
2026-03-20,5.7516,5.7574,5.7574,5.7516,67284000,0.10%,460957625,168633910625,387380.9,493744705
2026-03-23,5.7574,5.7574,5.7574,5.7574,94824000,0.00%,366133625,168633910625,545939.7,0
2026-03-24,5.7574,5.7574,5.7574,5.7574,79272000,0.00%,286861625,168633910625,456400.61,0
2026-03-25,5.7574,5.7574,5.7574,5.7574,100845000,0.00%,186016625,168633910625,580605.0,0
2026-03-26,5.7574,5.7574,5.7574,5.7574,61074000,0.00%,124942625,168633910625,351627.45,0
2026-03-27,5.7574,5.7574,5.7574,5.7574,54945000,0.00%,69997625,168633910625,316340.34,0
2026-03-30,5.7574,5.7631,5.7631,5.7574,76707000,0.10%,479238979,169119858979,442070.11,485948353
2026-03-31,5.7631,5.7631,5.7631,5.7631,69660000,0.00%,409578979,169119858979,401457.55,0
2026-04-01,5.7631,5.7631,5.7631,5.7631,57456000,0.00%,352122979,169119858979,331124.67,0
2026-04-02,5.7631,5.7631,5.7631,5.7631,45981000,0.00%,306141979,169119858979,264993.1,0
2026-04-08,5.7631,5.7631,5.7631,5.7631,88722000,0.00%,217419979,169119858979,511313.76,0
2026-04-09,5.7631,5.7631,5.7631,5.7631,55944000,0.00%,161475979,169119858979,322410.87,0
2026-04-10,5.7631,5.7631,5.7631,5.7631,55809000,0.00%,105666979,169119858979,321632.85,0
2026-04-13,5.7631,5.7631,5.7631,5.7631,57078000,0.00%,48588979,169119858979,328946.22,0
2026-04-14,5.7631,5.7631,5.7631,5.7631,48141000,0.00%,447979,169119858979,277441.4,0
2026-04-15,5.7631,5.7689,5.7689,5.7631,54783000,0.10%,425684757,169599878757,316037.65,480019777
2026-04-16,5.7689,5.7689,5.7689,5.7689,60912000,0.00%,364772757,169599878757,351395.24,0
2026-04-17,5.7689,5.7689,5.7689,5.7689,37125000,0.00%,327647757,169599878757,214170.41,0
2026-04-20,5.7689,5.7689,5.7689,5.7689,63261000,0.00%,264386757,169599878757,364946.38,0
2026-04-21,5.7689,5.7689,5.7689,5.7689,35397000,0.00%,228989757,169599878757,204201.75,0
2026-04-22,5.7689,5.7689,5.7689,5.7689,62559000,0.00%,166430757,169599878757,360896.62,0
2026-04-23,5.7689,5.7689,5.7689,5.7689,63450000,0.00%,102980757,169599878757,366036.71,0
2026-04-24,5.7689,5.7689,5.7689,5.7689,50139000,0.00%,52841757,169599878757,289246.88,0
2026-04-27,5.7689,5.7747,5.7747,5.7689,121635000,0.10%,411558658,170080230658,702405.63,480351900
2026-04-28,5.7747,5.7747,5.7747,5.7747,69633000,0.00%,341925658,170080230658,402109.69,0
2026-04-29,5.7747,5.7747,5.7747,5.7747,52164000,0.00%,289761658,170080230658,301231.45,0
2026-04-30,5.7747,5.7747,5.7747,5.7747,103707000,0.00%,186054658,170080230658,598876.81,0
2026-05-04,5.7747,5.7747,5.7747,5.7747,64152000,0.00%,121902658,170080230658,370458.55,0
2026-05-05,5.7747,5.7747,5.7747,5.7747,35100000,0.00%,86802658,170080230658,202691.97,0
2026-05-06,5.7747,5.7804,5.7804,5.7747,119799000,0.10%,444919103,170558146103,692486.14,477915445
2026-05-07,5.7804,5.7804,5.7804,5.7804,110673000,0.00%,334246103,170558146103,639734.21,0
2026-05-08,5.7804,5.7804,5.7804,5.7804,68067000,0.00%,266179103,170558146103,393454.49,0
2026-05-11,5.7804,5.7804,5.7804,5.7804,75087000,0.00%,191092103,170558146103,434032.89,0
2026-05-12,5.7804,5.7804,5.7804,5.7804,87669000,0.00%,103423103,170558146103,506761.89,0
2026-05-13,5.7804,5.7804,5.7804,5.7804,71874000,0.00%,31549103,170558146103,415460.47,0
2026-05-14,5.7804,5.7862,5.7862,5.7804,106218000,0.10%,390329007,171023144007,614598.59,464997904
2026-05-15,5.7862,5.7862,5.7862,5.7862,71415000,0.00%,318914007,171023144007,413221.47,0
2026-05-18,5.7862,5.7862,5.7862,5.7862,79650000,0.00%,239264007,171023144007,460870.83,0
2026-05-19,5.7862,5.7862,5.7862,5.7862,91098000,0.00%,148166007,171023144007,527111.25,0
2026-05-20,5.7862,5.7862,5.7862,5.7862,51111000,0.00%,97055007,171023144007,295738.47,0
2026-05-21,5.7862,5.792,5.792,5.7862,107055000,0.10%,449055031,171482199031,620062.56,459055023
2026-05-22,5.792,5.792,5.792,5.792,64800000,0.00%,384255031,171482199031,375321.6,0
2026-05-26,5.792,5.792,5.792,5.792,88560000,0.00%,295695031,171482199031,512939.52,0
2026-05-27,5.792,5.792,5.792,5.792,67122000,0.00%,228573031,171482199031,388770.62,0
2026-05-28,5.792,5.792,5.792,5.792,113940000,0.00%,114633031,171482199031,659940.48,0
2026-05-29,5.792,5.7978,5.7978,5.792,129627000,0.10%,441795378,171938988378,751551.42,456789347
2026-06-01,5.7978,5.7978,5.7978,5.7978,94932000,0.00%,346863378,171938988378,550396.75,0
2026-06-02,5.7978,5.7978,5.7978,5.7978,275049000,0.00%,71814378,171938988378,1594679.09,0
2026-06-03,5.7978,5.8036,5.8036,5.7978,132570000,0.10%,403252369,172402996369,769383.25,464007990
2026-06-04,5.8036,5.8036,5.8036,5.8036,78435000,0.00%,324817369,172402996369,455205.37,0
2026-06-05,5.8036,5.8036,5.8036,5.8036,85455000,0.00%,239362369,172402996369,495946.64,0
2026-06-08,5.8036,5.8036,5.8036,5.8036,78354000,0.00%,161008369,172402996369,454735.27,0
2026-06-09,5.8036,5.8036,5.8036,5.8036,100953000,0.00%,60055369,172402996369,585890.83,0
2026-06-10,5.8036,5.8094,5.8094,5.8036,96633000,0.10%,429766515,172869340515,561379.75,466344146
2026-06-11,5.8094,5.8094,5.8094,5.8094,77166000,0.00%,352600515,172869340515,448288.16,0
2026-06-12,5.8094,5.8094,5.8094,5.8094,60291000,0.00%,292309515,172869340515,350254.54,0
2026-06-15,5.8094,5.8094,5.8094,5.8094,53325000,0.00%,238984515,172869340515,309786.26,0
2026-06-16,5.8094,5.8094,5.8094,5.8094,65664000,0.00%,173320515,172869340515,381468.44,0
2026-06-17,5.8094,5.8094,5.8094,5.8094,45792000,0.00%,127528515,172869340515,266024.04,0
2026-06-18,5.8094,5.8094,5.8094,5.8094,81324000,0.00%,46204515,172869340515,472443.65,0
2026-06-22,5.8094,5.8152,5.8152,5.8094,85212000,0.10%,426927849,173335275849,495524.82,465935334
2026-06-23,5.8152,5.8152,5.8152,5.8152,117288000,0.00%,309639849,173335275849,682053.18,0
2026-06-24,5.8152,5.8152,5.8152,5.8152,107892000,0.00%,201747849,173335275849,627413.56,0
2026-06-25,5.8152,5.8152,5.8152,5.8152,79569000,0.00%,122178849,173335275849,462709.65,0
2026-06-26,5.8152,5.8152,5.8152,5.8152,86049000,0.00%,36129849,173335275849,500392.14,0
2026-06-29,5.8152,5.821,5.821,5.8152,89289000,0.10%,411585810,173800020810,519751.27,464744960
2026-06-30,5.821,5.821,5.821,5.821,105273000,0.00%,306312810,173800020810,612794.13,0
2026-07-02,5.821,5.821,5.821,5.821,110457000,0.00%,195855810,173800020810,642970.2,0
2026-07-03,5.821,5.821,5.821,5.821,67392000,0.00%,128463810,173800020810,392288.83,0
2026-07-06,5.821,5.821,5.821,5.821,112050000,0.00%,16413810,173800020810,652243.05,0
2026-07-07,5.821,5.8269,5.8269,5.821,149634000,0.10%,328568105,174261809105,871902.35,461788295
2026-07-08,5.8269,5.8269,5.8269,5.8269,151956000,0.00%,176612105,174261809105,885432.42,0
2026-07-09,5.8269,5.8269,5.8269,5.8269,114480000,0.00%,62132105,174261809105,667063.51,0
2026-07-10,5.8269,5.8327,5.8327,5.8269,109188000,0.10%,420386761,174729251761,636860.85,467442655
2026-07-13,5.8327,5.8327,5.8327,5.8327,82728000,0.00%,337658761,174729251761,482527.61,0
2026-07-14,5.8327,5.8327,5.8327,5.8327,89451000,0.00%,248207761,174729251761,521740.85,0
2026-07-15,5.8327,5.8327,5.8327,5.8327,53757000,0.00%,194450761,174729251761,313548.45,0
2026-07-16,5.8327,5.8327,5.8327,5.8327,54486000,0.00%,139964761,174729251761,317800.49,0
2026-07-17,5.8327,5.8327,5.8327,5.8327,39852000,0.00%,100112761,174729251761,232444.76,0
2026-07-20,5.8327,5.8327,5.8327,5.8327,45657000,0.00%,54455761,174729251761,266303.58,0
2026-07-21,5.8327,5.8327,5.8327,5.8327,53487000,0.00%,968761,174729251761,311973.62,0
2026-07-22,5.8327,5.8385,5.8385,5.8327,54810000,0.10%,416058574,175199151574,320008.18,469899812
2026-07-23,5.8385,5.8385,5.8385,5.8385,42363000,0.00%,373695574,175199151574,247336.38,0
2026-07-24,5.8385,5.8385,5.8385,5.8385,45252000,0.00%,328443574,175199151574,264203.8,0
2026-07-27,5.8385,5.8385,5.8385,5.8385,222183000,0.00%,106260574,175199151574,1297215.45,0
2026-07-28,5.8385,5.8443,5.8443,5.8385,291681000,0.10%,295398000,175679970000,1704671.27,480818426
2026-07-29,5.8443,5.8502,5.8502,5.8443,304722000,0.10%,477579893,176166873893,1782684.64,486903892
2026-07-30,5.8502,5.8502,5.8502,5.8502,196830000,0.00%,280749893,176166873893,1151494.87,0
2026-07-31,5.8502,5.8502,5.8502,5.8502,109242000,0.00%,171507893,176166873893,639087.55,0
2026-08-03,5.8502,5.8502,5.8502,5.8502,79515000,0.00%,91992893,176166873893,465178.65,0
2026-08-04,5.8502,5.856,5.856,5.8502,318087000,0.10%,272695857,176665663857,1862717.47,498789964
2026-08-05,5.856,5.856,5.856,5.856,124470000,0.00%,148225857,176665663857,728896.32,0
2026-08-06,5.856,5.8619,5.8619,5.856,158301000,0.10%,493888418,177169627418,927944.63,503963561
2026-08-07,5.8619,5.8619,5.8619,5.8619,115965000,0.00%,377923418,177169627418,679775.23,0
2026-08-10,5.8619,5.8619,5.8619,5.8619,110592000,0.00%,267331418,177169627418,648279.24,0
2026-08-11,5.8619,5.8619,5.8619,5.8619,110376000,0.00%,156955418,177169627418,647013.07,0
2026-08-12,5.8619,5.8619,5.8619,5.8619,54405000,0.00%,102550418,177169627418,318916.67,0
2026-08-13,5.8619,5.8619,5.8619,5.8619,44145000,0.00%,58405418,177169627418,258773.58,0
2026-08-14,5.8619,5.8678,5.8678,5.8619,71334000,0.10%,497890345,177680446345,418573.65,510818926
2026-08-17,5.8678,5.8678,5.8678,5.8678,78354000,0.00%,419536345,177680446345,459765.6,0
2026-08-18,5.8678,5.8678,5.8678,5.8678,116478000,0.00%,303058345,177680446345,683469.61,0
2026-08-19,5.8678,5.8678,5.8678,5.8678,71820000,0.00%,231238345,177680446345,421425.4,0
2026-08-20,5.8678,5.8678,5.8678,5.8678,137970000,0.00%,93268345,177680446345,809580.37,0
2026-08-21,5.8678,5.8736,5.8736,5.8678,140778000,0.10%,471408737,178199364737,826873.66,518918392
2026-08-24,5.8736,5.8736,5.8736,5.8736,120474000,0.00%,350934737,178199364737,707616.09,0
2026-08-25,5.8736,5.8736,5.8736,5.8736,133704000,0.00%,217230737,178199364737,785323.81,0
2026-08-26,5.8736,5.8736,5.8736,5.8736,111321000,0.00%,105909737,178199364737,653855.03,0
2026-08-27,5.8736,5.8736,5.8736,5.8736,46710000,0.00%,59199737,178199364737,274355.86,0
2026-08-28,5.8736,5.8795,5.8795,5.8736,63342000,0.10%,521721082,178725228082,372419.29,525863344
2026-08-31,5.8795,5.8795,5.8795,5.8795,49896000,0.00%,471825082,178725228082,293363.53,0
2026-09-01,5.8795,5.8795,5.8795,5.8795,140886000,0.00%,330939082,178725228082,828339.24,0
2026-09-02,5.8795,5.8795,5.8795,5.8795,95310000,0.00%,235629082,178725228082,560375.15,0
2026-09-03,5.8795,5.8795,5.8795,5.8795,109269000,0.00%,126360082,178725228082,642447.09,0
2026-09-04,5.8795,5.8795,5.8795,5.8795,73278000,0.00%,53082082,178725228082,430838.0,0
2026-09-07,5.8795,5.8854,5.8854,5.8795,72279000,0.10%,514576958,179259001958,425390.83,533773875
2026-09-08,5.8854,5.8854,5.8854,5.8854,67392000,0.00%,447184958,179259001958,396628.88,0
2026-09-09,5.8854,5.8854,5.8854,5.8854,89100000,0.00%,358084958,179259001958,524389.14,0
2026-09-10,5.8854,5.8854,5.8854,5.8854,146043000,0.00%,212041958,179259001958,859521.47,0
2026-09-11,5.8854,5.8854,5.8854,5.8854,96309000,0.00%,115732958,179259001958,566816.99,0
2026-09-14,5.8854,5.8854,5.8854,5.8854,75114000,0.00%,40618958,179259001958,442075.94,0
2026-09-15,5.8854,5.8913,5.8913,5.8854,53757000,0.10%,527572938,179799712938,316698.61,540710980
2026-09-16,5.8913,5.8913,5.8913,5.8913,97659000,0.00%,429913938,179799712938,575338.47,0
2026-09-17,5.8913,5.8913,5.8913,5.8913,66204000,0.00%,363709938,179799712938,390027.63,0
2026-09-18,5.8913,5.8913,5.8913,5.8913,64746000,0.00%,298963938,179799712938,381438.11,0
2026-09-21,5.8913,5.8913,5.8913,5.8913,41877000,0.00%,257086938,179799712938,246709.97,0
2026-09-22,5.8913,5.8913,5.8913,5.8913,44712000,0.00%,212374938,179799712938,263411.81,0
2026-09-24,5.8913,5.8913,5.8913,5.8913,59967000,0.00%,152407938,179799712938,353283.59,0
2026-09-25,5.8913,5.8913,5.8913,5.8913,44982000,0.00%,107425938,179799712938,265002.46,0
2026-09-28,5.8913,5.8913,5.8913,5.8913,48519000,0.00%,58906938,179799712938,285839.98,0
2026-09-29,5.8913,5.8913,5.8913,5.8913,56565000,0.00%,2341938,179799712938,333241.38,0
2026-09-30,5.8913,5.8972,5.8972,5.8913,49275000,0.10%,497992862,180344638862,290584.53,544925923
2026-10-01,5.8972,5.8972,5.8972,5.8972,46818000,0.00%,451174862,180344638862,276095.11,0
2026-10-05,5.8972,5.8972,5.8972,5.8972,31644000,0.00%,419530862,180344638862,186611.0,0
2026-10-06,5.8972,5.8972,5.8972,5.8972,32076000,0.00%,387454862,180344638862,189158.59,0
2026-10-07,5.8972,5.8972,5.8972,5.8972,29295000,0.00%,358159862,180344638862,172758.47,0
2026-10-08,5.8972,5.8972,5.8972,5.8972,39285000,0.00%,318874862,180344638862,231671.5,0
2026-10-09,5.8972,5.8972,5.8972,5.8972,80487000,0.00%,238387862,180344638862,474647.94,0
2026-10-12,5.8972,5.8972,5.8972,5.8972,70740000,0.00%,167647862,180344638862,417167.93,0
2026-10-13,5.8972,5.8972,5.8972,5.8972,44415000,0.00%,123232862,180344638862,261924.14,0
2026-10-16,5.8972,5.8972,5.8972,5.8972,78651000,0.00%,44581862,180344638862,463820.68,0
2026-10-19,5.8972,5.9031,5.9031,5.8972,55971000,0.10%,532239771,180888267771,330402.41,543628908
2026-10-20,5.9031,5.9031,5.9031,5.9031,41661000,0.00%,490578771,180888267771,245929.05,0
2026-10-21,5.9031,5.9031,5.9031,5.9031,88344000,0.00%,402234771,180888267771,521503.47,0
2026-10-22,5.9031,5.9031,5.9031,5.9031,45036000,0.00%,357198771,180888267771,265852.01,0
2026-10-23,5.9031,5.9031,5.9031,5.9031,34398000,0.00%,322800771,180888267771,203054.83,0
2026-10-26,5.9031,5.9031,5.9031,5.9031,33102000,0.00%,289698771,180888267771,195404.42,0
2026-10-27,5.9031,5.9031,5.9031,5.9031,41337000,0.00%,248361771,180888267771,244016.44,0
2026-10-28,5.9031,5.9031,5.9031,5.9031,50544000,0.00%,197817771,180888267771,298366.29,0
2026-10-29,5.9031,5.9031,5.9031,5.9031,36909000,0.00%,160908771,180888267771,217877.52,0
2026-10-30,5.9031,5.9031,5.9031,5.9031,44388000,0.00%,116520771,180888267771,262026.8,0
2026-11-02,5.9031,5.9031,5.9031,5.9031,61155000,0.00%,55365771,180888267771,361004.08,0
2026-11-03,5.9031,5.909,5.909,5.9031,89127000,0.10%,511773779,181433802779,526651.44,545535008
2026-11-04,5.909,5.909,5.909,5.909,52272000,0.00%,459501779,181433802779,308875.25,0
2026-11-05,5.909,5.909,5.909,5.909,44388000,0.00%,415113779,181433802779,262288.69,0
2026-11-06,5.909,5.909,5.909,5.909,54054000,0.00%,361059779,181433802779,319405.09,0
2026-11-09,5.909,5.909,5.909,5.909,60318000,0.00%,300741779,181433802779,356419.06,0
2026-11-10,5.909,5.909,5.909,5.909,36747000,0.00%,263994779,181433802779,217138.02,0
2026-11-11,5.909,5.909,5.909,5.909,82674000,0.00%,181320779,181433802779,488520.67,0
2026-11-12,5.909,5.909,5.909,5.909,97308000,0.00%,84012779,181433802779,574992.97,0
2026-11-13,5.909,5.909,5.909,5.909,64341000,0.00%,19671779,181433802779,380190.97,0
2026-11-16,5.909,5.9149,5.9149,5.909,52353000,0.10%,513115405,181979599405,309662.76,545796626
2026-11-17,5.9149,5.9149,5.9149,5.9149,76302000,0.00%,436813405,181979599405,451318.7,0
2026-11-18,5.9149,5.9149,5.9149,5.9149,57888000,0.00%,378925405,181979599405,342401.73,0
2026-11-19,5.9149,5.9149,5.9149,5.9149,52164000,0.00%,326761405,181979599405,308544.84,0
2026-11-20,5.9149,5.9149,5.9149,5.9149,41067000,0.00%,285694405,181979599405,242907.2,0
2026-11-23,5.9149,5.9149,5.9149,5.9149,39663000,0.00%,246031405,181979599405,234602.68,0
2026-11-24,5.9149,5.9149,5.9149,5.9149,50571000,0.00%,195460405,181979599405,299122.41,0
2026-11-25,5.9149,5.9149,5.9149,5.9149,70254000,0.00%,125206405,181979599405,415545.38,0
2026-11-26,5.9149,5.9149,5.9149,5.9149,45738000,0.00%,79468405,181979599405,270535.7,0
2026-11-27,5.9149,5.9208,5.9208,5.9149,88803000,0.10%,538867753,182527801753,525784.8,548202347
2026-11-30,5.9208,5.9208,5.9208,5.9208,52677000,0.00%,486190753,182527801753,311889.98,0
2026-12-01,5.9208,5.9208,5.9208,5.9208,96093000,0.00%,390097753,182527801753,568947.43,0
2026-12-02,5.9208,5.9208,5.9208,5.9208,54918000,0.00%,335179753,182527801753,325158.49,0
2026-12-03,5.9208,5.9208,5.9208,5.9208,47844000,0.00%,287335753,182527801753,283274.76,0
2026-12-04,5.9208,5.9208,5.9208,5.9208,60750000,0.00%,226585753,182527801753,359688.6,0
2026-12-07,5.9208,5.9208,5.9208,5.9208,83592000,0.00%,142993753,182527801753,494931.51,0
2026-12-08,5.9208,5.9208,5.9208,5.9208,62748000,0.00%,80245753,182527801753,371518.36,0
2026-12-09,5.9208,5.9208,5.9208,5.9208,40959000,0.00%,39286753,182527801753,242510.05,0
2026-12-10,5.9208,5.9208,5.9208,5.9208,36045000,0.00%,3241753,182527801753,213415.24,0
2026-12-11,5.9208,5.9267,5.9267,5.9208,41121000,0.10%,511604259,183077285259,243711.83,549483505
2026-12-14,5.9267,5.9267,5.9267,5.9267,60048000,0.00%,451556259,183077285259,355886.48,0
2026-12-15,5.9267,5.9267,5.9267,5.9267,36855000,0.00%,414701259,183077285259,218428.53,0
2026-12-16,5.9267,5.9267,5.9267,5.9267,36099000,0.00%,378602259,183077285259,213947.94,0
2026-12-17,5.9267,5.9267,5.9267,5.9267,56781000,0.00%,321821259,183077285259,336523.95,0
2026-12-18,5.9267,5.9267,5.9267,5.9267,76356000,0.00%,245465259,183077285259,452539.11,0
2026-12-21,5.9267,5.9267,5.9267,5.9267,55107000,0.00%,190358259,183077285259,326602.66,0
2026-12-22,5.9267,5.9267,5.9267,5.9267,46521000,0.00%,143837259,183077285259,275716.01,0
2026-12-23,5.9267,5.9267,5.9267,5.9267,37368000,0.00%,106469259,183077285259,221468.93,0
2026-12-24,5.9267,5.9267,5.9267,5.9267,88965000,0.00%,17504259,183077285259,527268.87,0
2026-12-25,5.9267,5.9326,5.9326,5.9267,25677000,0.10%,544210007,183629668007,152331.37,552382748
2026-12-29,5.9326,5.9326,5.9326,5.9326,51165000,0.00%,493045007,183629668007,303541.48,0
2026-12-30,5.9326,5.9326,5.9326,5.9326,25893000,0.00%,467152007,183629668007,153612.81,0
2026-12-31,5.9326,5.9326,5.9326,5.9326,20682000,0.00%,446470007,183629668007,122698.03,0
2027-01-01,5.9326,5.9326,5.9326,5.9326,27664000,0.00%,418806007,183629668007,164119.45,0
2027-01-04,5.9326,5.9326,5.9326,5.9326,16856000,0.00%,401950007,183629668007,99999.91,0
2027-01-05,5.9326,5.9326,5.9326,5.9326,37968000,0.00%,363982007,183629668007,225248.96,0
2027-01-06,5.9326,5.9326,5.9326,5.9326,89404000,0.00%,274578007,183629668007,530398.17,0
2027-01-07,5.9326,5.9326,5.9326,5.9326,62691999,0.00%,211886007,183629668007,371926.56,0
2027-01-08,5.9326,5.9326,5.9326,5.9326,58268000,0.00%,153618007,183629668007,345680.74,0
2027-01-11,5.9326,5.9326,5.9326,5.9326,54768000,0.00%,98850007,183629668007,324916.64,0
2027-01-12,5.9326,5.9326,5.9326,5.9326,45948000,0.00%,52902007,183629668007,272591.1,0
2027-01-13,5.9326,5.9386,5.9386,5.9326,79156000,0.10%,526576129,184182498129,470075.82,552830121
2027-01-14,5.9386,5.9386,5.9386,5.9386,51268000,0.00%,475308129,184182498129,304460.14,0
2027-01-15,5.9386,5.9386,5.9386,5.9386,38416000,0.00%,436892129,184182498129,228137.26,0
2027-01-18,5.9386,5.9386,5.9386,5.9386,35504000,0.00%,401388129,184182498129,210844.05,0
2027-01-19,5.9386,5.9386,5.9386,5.9386,65911999,0.00%,335476129,184182498129,391425.0,0
2027-01-20,5.9386,5.9386,5.9386,5.9386,48972000,0.00%,286504129,184182498129,290825.12,0
2027-01-21,5.9386,5.9386,5.9386,5.9386,82712000,0.00%,203792129,184182498129,491193.48,0
2027-01-22,5.9386,5.9386,5.9386,5.9386,75096000,0.00%,128696129,184182498129,445965.11,0
2027-01-25,5.9386,5.9386,5.9386,5.9386,41104000,0.00%,87592129,184182498129,244100.21,0
2027-01-26,5.9386,5.9386,5.9386,5.9386,70000000,0.00%,17592129,184182498129,415702.0,0
2027-01-27,5.9386,5.9445,5.9445,5.9386,60535999,0.10%,514317401,184739759401,359856.25,557261272
2027-01-28,5.9445,5.9445,5.9445,5.9445,57428000,0.00%,456889401,184739759401,341380.75,0
2027-01-29,5.9445,5.9445,5.9445,5.9445,42084000,0.00%,414805401,184739759401,250168.34,0
2027-02-01,5.9445,5.9445,5.9445,5.9445,32003999,0.00%,382801401,184739759401,190247.78,0
2027-02-05,5.9445,5.9445,5.9445,5.9445,44604000,0.00%,338197401,184739759401,265148.48,0
2027-02-08,5.9445,5.9445,5.9445,5.9445,43064000,0.00%,295133401,184739759401,255993.95,0
2027-02-09,5.9445,5.9445,5.9445,5.9445,52500000,0.00%,242633401,184739759401,312086.25,0
2027-02-10,5.9445,5.9445,5.9445,5.9445,65435999,0.00%,177197401,184739759401,388984.3,0
2027-02-11,5.9445,5.9445,5.9445,5.9445,52668000,0.00%,124529401,184739759401,313084.93,0
2027-02-12,5.9445,5.9445,5.9445,5.9445,43456000,0.00%,81073401,184739759401,258324.19,0
2027-02-15,5.9445,5.9445,5.9445,5.9445,36008000,0.00%,45065401,184739759401,214049.56,0
2027-02-16,5.9445,5.9445,5.9445,5.9445,38892000,0.00%,6173401,184739759401,231193.49,0
2027-02-17,5.9445,5.9504,5.9504,5.9445,34188000,0.10%,529779397,185297553397,203432.28,557793995
2027-02-18,5.9504,5.9504,5.9504,5.9504,36176000,0.00%,493603397,185297553397,215261.67,0
2027-02-19,5.9504,5.9504,5.9504,5.9504,67284000,0.00%,426319397,185297553397,400366.71,0
2027-02-22,5.9504,5.9504,5.9504,5.9504,128911999,0.00%,297407397,185297553397,767077.96,0
2027-02-23,5.9504,5.9504,5.9504,5.9504,85568000,0.00%,211839397,185297553397,509163.83,0
2027-02-24,5.9504,5.9504,5.9504,5.9504,56672000,0.00%,155167397,185297553397,337221.07,0
2027-02-25,5.9504,5.9504,5.9504,5.9504,95116000,0.00%,60051397,185297553397,565978.25,0
2027-02-26,5.9504,5.9564,5.9564,5.9504,71484000,0.10%,554013137,185862999137,425787.3,565445740
2027-03-01,5.9564,5.9564,5.9564,5.9564,75180000,0.00%,478833137,185862999137,447802.15,0
2027-03-02,5.9564,5.9564,5.9564,5.9564,54068000,0.00%,424765137,185862999137,322050.64,0
2027-03-03,5.9564,5.9564,5.9564,5.9564,39228000,0.00%,385537137,185862999137,233657.66,0
2027-03-04,5.9564,5.9564,5.9564,5.9564,55636000,0.00%,329901137,185862999137,331390.27,0
2027-03-05,5.9564,5.9564,5.9564,5.9564,116340000,0.00%,213561137,185862999137,692967.58,0
2027-03-08,5.9564,5.9564,5.9564,5.9564,111664000,0.00%,101897137,185862999137,665115.45,0
2027-03-09,5.9564,5.9564,5.9564,5.9564,90327999,0.00%,11569137,185862999137,538029.7,0
2027-03-10,5.9564,5.9624,5.9624,5.9564,92988000,0.10%,492126711,186436544711,554431.65,573545573
2027-03-11,5.9624,5.9624,5.9624,5.9624,67368000,0.00%,424758711,186436544711,401674.96,0
2027-03-12,5.9624,5.9624,5.9624,5.9624,135632000,0.00%,289126711,186436544711,808692.24,0
2027-03-15,5.9624,5.9624,5.9624,5.9624,187348000,0.00%,101778711,186436544711,1117043.72,0
2027-03-16,5.9624,5.9683,5.9683,5.9624,331520000,0.10%,358378972,187024664972,1978610.82,588120261
2027-03-17,5.9683,5.9683,5.9683,5.9683,301672000,0.00%,56706972,187024664972,1800469.0,0
2027-03-18,5.9683,5.9743,5.9743,5.9683,195132000,0.10%,460514817,187623604817,1165777.11,598939844
2027-03-19,5.9743,5.9743,5.9743,5.9743,105588000,0.00%,354926817,187623604817,630814.39,0
2027-03-22,5.9743,5.9743,5.9743,5.9743,85960000,0.00%,268966817,187623604817,513550.83,0
2027-03-23,5.9743,5.9743,5.9743,5.9743,86828000,0.00%,182138817,187623604817,518736.52,0
2027-03-24,5.9743,5.9743,5.9743,5.9743,118327999,0.00%,63810817,187623604817,706926.97,0
2027-03-25,5.9743,5.9803,5.9803,5.9743,131403999,0.10%,538967063,188230165063,785835.34,606560245
2027-03-26,5.9803,5.9803,5.9803,5.9803,107240000,0.00%,431727063,188230165063,641327.37,0
2027-03-29,5.9803,5.9803,5.9803,5.9803,75404000,0.00%,356323063,188230165063,450938.54,0
2027-03-30,5.9803,5.9803,5.9803,5.9803,58520000,0.00%,297803063,188230165063,349967.16,0
2027-03-31,5.9803,5.9803,5.9803,5.9803,75460000,0.00%,222343063,188230165063,451273.44,0
2027-04-01,5.9803,5.9803,5.9803,5.9803,40852000,0.00%,181491063,188230165063,244307.22,0
2027-04-02,5.9803,5.9803,5.9803,5.9803,40600000,0.00%,140891063,188230165063,242800.18,0
2027-04-05,5.9803,5.9803,5.9803,5.9803,43876000,0.00%,97015063,188230165063,262391.64,0
2027-04-07,5.9803,5.9803,5.9803,5.9803,47964000,0.00%,49051063,188230165063,286839.11,0
2027-04-08,5.9803,5.9803,5.9803,5.9803,44436000,0.00%,4615063,188230165063,265740.61,0
2027-04-09,5.9803,5.9862,5.9862,5.9803,54880000,0.10%,555326700,188835756700,328522.66,605591636
2027-04-12,5.9862,5.9862,5.9862,5.9862,63811999,0.00%,491514700,188835756700,381991.39,0
2027-04-13,5.9862,5.9862,5.9862,5.9862,73948000,0.00%,417566700,188835756700,442667.52,0
2027-04-14,5.9862,5.9862,5.9862,5.9862,60591999,0.00%,356974700,188835756700,362715.83,0
2027-04-15,5.9862,5.9862,5.9862,5.9862,42448000,0.00%,314526700,188835756700,254102.22,0
2027-04-20,5.9862,5.9862,5.9862,5.9862,49672000,0.00%,264854700,188835756700,297346.53,0
2027-04-21,5.9862,5.9862,5.9862,5.9862,30379999,0.00%,234474700,188835756700,181860.76,0
2027-04-22,5.9862,5.9862,5.9862,5.9862,72072000,0.00%,162402700,188835756700,431437.41,0
2027-04-23,5.9862,5.9862,5.9862,5.9862,78484000,0.00%,83918700,188835756700,469820.92,0
2027-04-26,5.9862,5.9862,5.9862,5.9862,72212000,0.00%,11706700,188835756700,432275.47,0
2027-04-27,5.9862,5.9922,5.9922,5.9862,76412000,0.10%,540524330,189440986330,457875.99,605229630
2027-04-28,5.9922,5.9922,5.9922,5.9922,65547999,0.00%,474976330,189440986330,392776.73,0
2027-04-29,5.9922,5.9922,5.9922,5.9922,59443999,0.00%,415532330,189440986330,356200.34,0
2027-04-30,5.9922,5.9922,5.9922,5.9922,132915999,0.00%,282616330,189440986330,796459.26,0
2027-05-04,5.9922,5.9922,5.9922,5.9922,71596000,0.00%,211020330,189440986330,429017.55,0
2027-05-05,5.9922,5.9922,5.9922,5.9922,39480000,0.00%,171540330,189440986330,236572.06,0
2027-05-06,5.9922,5.9922,5.9922,5.9922,59891999,0.00%,111648330,189440986330,358884.84,0
2027-05-07,5.9922,5.9922,5.9922,5.9922,64175999,0.00%,47472330,189440986330,384555.43,0
2027-05-11,5.9922,5.9982,5.9982,5.9922,79520000,0.10%,562422159,190035456159,476976.86,594469828
2027-05-12,5.9982,5.9982,5.9982,5.9982,68180000,0.00%,494242159,190035456159,408957.28,0
2027-05-13,5.9982,5.9982,5.9982,5.9982,56056000,0.00%,438186159,190035456159,336235.1,0
2027-05-14,5.9982,5.9982,5.9982,5.9982,54572000,0.00%,383614159,190035456159,327333.77,0
2027-05-17,5.9982,5.9982,5.9982,5.9982,43568000,0.00%,340046159,190035456159,261329.58,0
2027-05-18,5.9982,5.9982,5.9982,5.9982,84336000,0.00%,255710159,190035456159,505864.2,0
2027-05-19,5.9982,5.9982,5.9982,5.9982,79352000,0.00%,176358159,190035456159,475969.17,0
2027-05-20,5.9982,5.9982,5.9982,5.9982,168420000,0.00%,7938159,190035456159,1010216.84,0
2027-05-21,5.9982,6.0042,6.0042,5.9982,79324000,0.10%,525511183,190632353183,476277.16,596897024
2027-05-24,6.0042,6.0042,6.0042,6.0042,47684000,0.00%,477827183,190632353183,286304.27,0
2027-05-25,6.0042,6.0042,6.0042,6.0042,55160000,0.00%,422667183,190632353183,331191.67,0
2027-05-26,6.0042,6.0042,6.0042,6.0042,60339999,0.00%,362327183,190632353183,362293.43,0
2027-05-27,6.0042,6.0042,6.0042,6.0042,51800000,0.00%,310527183,190632353183,311017.56,0
2027-05-28,6.0042,6.0042,6.0042,6.0042,58128000,0.00%,252399183,190632353183,349012.14,0
2027-05-31,6.0042,6.0042,6.0042,6.0042,62439999,0.00%,189959183,190632353183,374902.25,0
2027-06-01,6.0042,6.0042,6.0042,6.0042,181328000,0.00%,8631183,190632353183,1088729.58,0
2027-06-02,6.0042,6.0102,6.0102,6.0042,75376000,0.10%,525431100,191224529100,453024.84,592175917
2027-06-03,6.0102,6.0102,6.0102,6.0102,39704000,0.00%,485727100,191224529100,238628.98,0
2027-06-07,6.0102,6.0102,6.0102,6.0102,66919999,0.00%,418807100,191224529100,402202.58,0
2027-06-08,6.0102,6.0102,6.0102,6.0102,75852000,0.00%,342955100,191224529100,455885.69,0
2027-06-09,6.0102,6.0102,6.0102,6.0102,132943999,0.00%,210011100,191224529100,799020.03,0
2027-06-10,6.0102,6.0102,6.0102,6.0102,109620000,0.00%,100391100,191224529100,658838.12,0
2027-06-11,6.0102,6.0102,6.0102,6.0102,83328000,0.00%,17063100,191224529100,500817.95,0
2027-06-14,6.0102,6.0162,6.0162,6.0102,69832000,0.10%,540835321,191818133321,420123.28,593604221
2027-06-15,6.0162,6.0162,6.0162,6.0162,45667999,0.00%,495167321,191818133321,274747.82,0
2027-06-16,6.0162,6.0162,6.0162,6.0162,59471999,0.00%,435695321,191818133321,357795.45,0
2027-06-17,6.0162,6.0162,6.0162,6.0162,61991999,0.00%,373703321,191818133321,372956.27,0
2027-06-18,6.0162,6.0162,6.0162,6.0162,54544000,0.00%,319159321,191818133321,328147.61,0
2027-06-21,6.0162,6.0162,6.0162,6.0162,32591999,0.00%,286567321,191818133321,196079.99,0
2027-06-22,6.0162,6.0162,6.0162,6.0162,42028000,0.00%,244539321,191818133321,252848.85,0
2027-06-23,6.0162,6.0162,6.0162,6.0162,38388000,0.00%,206151321,191818133321,230949.89,0
2027-06-24,6.0162,6.0162,6.0162,6.0162,35336000,0.00%,170815321,191818133321,212588.44,0
2027-06-25,6.0162,6.0162,6.0162,6.0162,50960000,0.00%,119855321,191818133321,306585.55,0
2027-06-28,6.0162,6.0222,6.0222,6.0162,160720000,0.10%,548706393,192407704393,967887.98,589571071
2027-06-29,6.0222,6.0222,6.0222,6.0222,164052000,0.00%,384654393,192407704393,987953.95,0
2027-06-30,6.0222,6.0222,6.0222,6.0222,97944000,0.00%,286710393,192407704393,589838.36,0
2027-07-01,6.0222,6.0222,6.0222,6.0222,93492000,0.00%,193218393,192407704393,563027.52,0
2027-07-05,6.0222,6.0222,6.0222,6.0222,107688000,0.00%,85530393,192407704393,648518.67,0
2027-07-06,6.0222,6.0222,6.0222,6.0222,54572000,0.00%,30958393,192407704393,328643.5,0
2027-07-07,6.0222,6.0283,6.0283,6.0222,69496000,0.10%,557373528,193003615528,418942.74,595911135
2027-07-08,6.0283,6.0283,6.0283,6.0283,53172000,0.00%,504201528,193003615528,320536.77,0
2027-07-09,6.0283,6.0283,6.0283,6.0283,52500000,0.00%,451701528,193003615528,316485.75,0
2027-07-12,6.0283,6.0283,6.0283,6.0283,57680000,0.00%,394021528,193003615528,347712.34,0
2027-07-13,6.0283,6.0283,6.0283,6.0283,48468000,0.00%,345553528,193003615528,292179.64,0
2027-07-14,6.0283,6.0283,6.0283,6.0283,47964000,0.00%,297589528,193003615528,289141.38,0
2027-07-15,6.0283,6.0283,6.0283,6.0283,46956000,0.00%,250633528,193003615528,283064.85,0
2027-07-16,6.0283,6.0283,6.0283,6.0283,73724000,0.00%,176909528,193003615528,444430.39,0
2027-07-19,6.0283,6.0283,6.0283,6.0283,57036000,0.00%,119873528,193003615528,343830.12,0
2027-07-20,6.0283,6.0283,6.0283,6.0283,35448000,0.00%,84425528,193003615528,213691.18,0
2027-07-21,6.0283,6.0283,6.0283,6.0283,44744000,0.00%,39681528,193003615528,269730.26,0
2027-07-22,6.0283,6.0343,6.0343,6.0283,53508000,0.10%,577967996,193595409996,322883.32,591794467
2027-07-23,6.0343,6.0343,6.0343,6.0343,42224000,0.00%,535743996,193595409996,254792.28,0
2027-07-26,6.0343,6.0343,6.0343,6.0343,47180000,0.00%,488563996,193595409996,284698.27,0
2027-07-27,6.0343,6.0343,6.0343,6.0343,38808000,0.00%,449755996,193595409996,234179.11,0
2027-07-28,6.0343,6.0343,6.0343,6.0343,55496000,0.00%,394259996,193595409996,334879.51,0
2027-07-29,6.0343,6.0343,6.0343,6.0343,42980000,0.00%,351279996,193595409996,259354.21,0
2027-07-30,6.0343,6.0343,6.0343,6.0343,104132000,0.00%,247147996,193595409996,628363.73,0
2027-08-02,6.0343,6.0343,6.0343,6.0343,111972000,0.00%,135175996,193595409996,675672.64,0
2027-08-03,6.0343,6.0343,6.0343,6.0343,119531999,0.00%,15643996,193595409996,721291.95,0
2027-08-04,6.0343,6.0403,6.0403,6.0343,76720000,0.10%,527850676,194184336676,463411.82,588926679
2027-08-05,6.0403,6.0403,6.0403,6.0403,55412000,0.00%,472438676,194184336676,334705.1,0
2027-08-06,6.0403,6.0403,6.0403,6.0403,46032000,0.00%,426406676,194184336676,278047.09,0
2027-08-09,6.0403,6.0403,6.0403,6.0403,42140000,0.00%,384266676,194184336676,254538.24,0
2027-08-10,6.0403,6.0403,6.0403,6.0403,39732000,0.00%,344534676,194184336676,239993.2,0
2027-08-11,6.0403,6.0403,6.0403,6.0403,43008000,0.00%,301526676,194184336676,259781.22,0
2027-08-12,6.0403,6.0403,6.0403,6.0403,41608000,0.00%,259918676,194184336676,251324.8,0
2027-08-13,6.0403,6.0403,6.0403,6.0403,30743999,0.00%,229174676,194184336676,185702.98,0
2027-08-16,6.0403,6.0403,6.0403,6.0403,32535999,0.00%,196638676,194184336676,196527.2,0
2027-08-17,6.0403,6.0403,6.0403,6.0403,65883999,0.00%,130754676,194184336676,397959.13,0
2027-08-18,6.0403,6.0403,6.0403,6.0403,49336000,0.00%,81418676,194184336676,298004.24,0
2027-08-19,6.0403,6.0464,6.0464,6.0403,90188000,0.10%,564103694,194757209694,545312.72,572873018
2027-08-20,6.0464,6.0464,6.0464,6.0464,65155999,0.00%,498947694,194757209694,393959.24,0
2027-08-23,6.0464,6.0464,6.0464,6.0464,41384000,0.00%,457563694,194757209694,250224.22,0
2027-08-24,6.0464,6.0464,6.0464,6.0464,37884000,0.00%,419679694,194757209694,229061.82,0
2027-08-25,6.0464,6.0464,6.0464,6.0464,36540000,0.00%,383139694,194757209694,220935.46,0
2027-08-26,6.0464,6.0464,6.0464,6.0464,54432000,0.00%,328707694,194757209694,329117.64,0
2027-08-27,6.0464,6.0464,6.0464,6.0464,52024000,0.00%,276683694,194757209694,314557.91,0
2027-08-30,6.0464,6.0464,6.0464,6.0464,34692000,0.00%,241991694,194757209694,209761.71,0
2027-08-31,6.0464,6.0464,6.0464,6.0464,39312000,0.00%,202679694,194757209694,237696.08,0
2027-09-01,6.0464,6.0464,6.0464,6.0464,73388000,0.00%,129291694,194757209694,443733.2,0
2027-09-02,6.0464,6.0464,6.0464,6.0464,67003999,0.00%,62287694,194757209694,405132.99,0
2027-09-03,6.0464,6.0524,6.0524,6.0464,71372000,0.10%,556293148,195322587148,431971.89,565377453
2027-09-06,6.0524,6.0524,6.0524,6.0524,57036000,0.00%,499257148,195322587148,345204.69,0
2027-09-07,6.0524,6.0524,6.0524,6.0524,45444000,0.00%,453813148,195322587148,275045.27,0
2027-09-08,6.0524,6.0524,6.0524,6.0524,42504000,0.00%,411309148,195322587148,257251.21,0
2027-09-09,6.0524,6.0524,6.0524,6.0524,65995999,0.00%,345313148,195322587148,399434.19,0
2027-09-10,6.0524,6.0524,6.0524,6.0524,48048000,0.00%,297265148,195322587148,290805.72,0
2027-09-14,6.0524,6.0524,6.0524,6.0524,48076000,0.00%,249189148,195322587148,290975.18,0
2027-09-15,6.0524,6.0524,6.0524,6.0524,50372000,0.00%,198817148,195322587148,304871.49,0
2027-09-16,6.0524,6.0524,6.0524,6.0524,37296000,0.00%,161521148,195322587148,225730.31,0
2027-09-17,6.0524,6.0524,6.0524,6.0524,69832000,0.00%,91689148,195322587148,422651.2,0
2027-09-20,6.0524,6.0524,6.0524,6.0524,64175999,0.00%,27513148,195322587148,388418.82,0
2027-09-21,6.0524,6.0585,6.0585,6.0524,42392000,0.10%,538807706,195876273706,256831.93,553686558
2027-09-22,6.0585,6.0585,6.0585,6.0585,45052000,0.00%,493755706,195876273706,272947.54,0
2027-09-23,6.0585,6.0585,6.0585,6.0585,49112000,0.00%,444643706,195876273706,297545.05,0
2027-09-24,6.0585,6.0585,6.0585,6.0585,55076000,0.00%,389567706,195876273706,333677.95,0
2027-09-27,6.0585,6.0585,6.0585,6.0585,69020000,0.00%,320547706,195876273706,418157.67,0
2027-09-28,6.0585,6.0585,6.0585,6.0585,63643999,0.00%,256903706,195876273706,385587.17,0
2027-09-29,6.0585,6.0585,6.0585,6.0585,62047999,0.00%,194855706,195876273706,375917.81,0
2027-09-30,6.0585,6.0585,6.0585,6.0585,56448000,0.00%,138407706,195876273706,341990.21,0
2027-10-01,6.0585,6.0585,6.0585,6.0585,62887999,0.00%,75519706,195876273706,381006.95,0
2027-10-04,6.0585,6.0585,6.0585,6.0585,39172000,0.00%,36347706,195876273706,237323.56,0
2027-10-06,6.0585,6.0645,6.0645,6.0585,50792000,0.10%,531116402,196421834402,308028.08,545560695
2027-10-07,6.0645,6.0645,6.0645,6.0645,29036000,0.00%,502080402,196421834402,176088.82,0
2027-10-08,6.0645,6.0645,6.0645,6.0645,27944000,0.00%,474136402,196421834402,169466.39,0
2027-10-11,6.0645,6.0645,6.0645,6.0645,43904000,0.00%,430232402,196421834402,266255.81,0
2027-10-12,6.0645,6.0645,6.0645,6.0645,59695999,0.00%,370536402,196421834402,362026.39,0
2027-10-13,6.0645,6.0645,6.0645,6.0645,89684000,0.00%,280852402,196421834402,543888.62,0
2027-10-14,6.0645,6.0645,6.0645,6.0645,62047999,0.00%,218804402,196421834402,376290.1,0
2027-10-15,6.0645,6.0645,6.0645,6.0645,88088000,0.00%,130716402,196421834402,534209.68,0
2027-10-18,6.0645,6.0645,6.0645,6.0645,73696000,0.00%,57020402,196421834402,446929.39,0
2027-10-19,6.0645,6.0706,6.0706,6.0645,61963999,0.10%,521174255,196947952255,376158.66,526117853
2027-10-20,6.0706,6.0706,6.0706,6.0706,58688000,0.00%,462486255,196947952255,356271.37,0
2027-10-21,6.0706,6.0706,6.0706,6.0706,138348000,0.00%,324138255,196947952255,839855.37,0
2027-10-22,6.0706,6.0706,6.0706,6.0706,74340000,0.00%,249798255,196947952255,451288.4,0
2027-10-25,6.0706,6.0706,6.0706,6.0706,238195999,0.00%,11602255,196947952255,1445992.64,0
2027-10-26,6.0706,6.0767,6.0767,6.0706,204456000,0.10%,332055493,197472861493,1242417.78,524909237
2027-10-27,6.0767,6.0767,6.0767,6.0767,140980000,0.00%,191075493,197472861493,856693.17,0
2027-10-28,6.0767,6.0767,6.0767,6.0767,119615999,0.00%,71459493,197472861493,726870.55,0
2027-10-29,6.0767,6.0827,6.0827,6.0767,114324000,0.10%,485534775,198001260775,695398.59,528399281
2027-11-01,6.0827,6.0827,6.0827,6.0827,138628000,0.00%,346906775,198001260775,843232.54,0
2027-11-02,6.0827,6.0827,6.0827,6.0827,217952000,0.00%,128954775,198001260775,1325736.63,0
2027-11-03,6.0827,6.0827,6.0827,6.0827,98420000,0.00%,30534775,198001260775,598659.33,0
2027-11-04,6.0827,6.0888,6.0888,6.0827,85764000,0.10%,480008077,198536498077,522199.84,535237302
2027-11-05,6.0888,6.0888,6.0888,6.0888,188048000,0.00%,291960077,198536498077,1144986.66,0
2027-11-08,6.0888,6.0888,6.0888,6.0888,123143999,0.00%,168816077,198536498077,749799.19,0
2027-11-09,6.0888,6.0888,6.0888,6.0888,65911999,0.00%,102904077,198536498077,401324.99,0
2027-11-10,6.0888,6.0888,6.0888,6.0888,88648000,0.00%,14256077,198536498077,539759.94,0
2027-11-11,6.0888,6.0949,6.0949,6.0888,65127999,0.10%,483301815,199070671815,396948.65,534173738
2027-11-12,6.0949,6.0949,6.0949,6.0949,148428000,0.00%,334873815,199070671815,904653.82,0
2027-11-15,6.0949,6.0949,6.0949,6.0949,135520000,0.00%,199353815,199070671815,825980.85,0
2027-11-16,6.0949,6.0949,6.0949,6.0949,176680000,0.00%,22673815,199070671815,1076846.93,0
2027-11-17,6.0949,6.101,6.101,6.0949,173012000,0.10%,394062248,199615072248,1055546.21,544400432
2027-11-18,6.101,6.101,6.101,6.101,195496000,0.00%,198566248,199615072248,1192721.1,0
2027-11-19,6.101,6.101,6.101,6.101,125327999,0.00%,73238248,199615072248,764626.13,0
2027-11-22,6.101,6.1071,6.1071,6.101,87668000,0.10%,532361803,200161863803,535397.24,546791555
2027-11-23,6.1071,6.1071,6.1071,6.1071,79688000,0.00%,452673803,200161863803,486662.58,0
2027-11-24,6.1071,6.1071,6.1071,6.1071,65463999,0.00%,387209803,200161863803,399795.19,0
2027-11-25,6.1071,6.1071,6.1071,6.1071,48076000,0.00%,339133803,200161863803,293604.94,0
2027-11-26,6.1071,6.1071,6.1071,6.1071,87696000,0.00%,251437803,200161863803,535568.24,0
2027-11-29,6.1071,6.1071,6.1071,6.1071,93800000,0.00%,157637803,200161863803,572845.98,0
2027-11-30,6.1071,6.1071,6.1071,6.1071,92792000,0.00%,64845803,200161863803,566690.02,0
2027-12-01,6.1071,6.1132,6.1132,6.1071,130563999,0.10%,481267673,200708849673,798163.84,546985869
2027-12-02,6.1132,6.1132,6.1132,6.1132,127539999,0.00%,353727673,200708849673,779677.53,0
2027-12-03,6.1132,6.1132,6.1132,6.1132,70252000,0.00%,283475673,200708849673,429464.53,0
2027-12-06,6.1132,6.1132,6.1132,6.1132,167524000,0.00%,115951673,200708849673,1024107.72,0
2027-12-07,6.1132,6.1132,6.1132,6.1132,81368000,0.00%,34583673,200708849673,497418.86,0
2027-12-08,6.1132,6.1193,6.1193,6.1132,115108000,0.10%,473385784,201262759784,704380.38,553910111
2027-12-09,6.1193,6.1193,6.1193,6.1193,95452000,0.00%,377933784,201262759784,584099.42,0
2027-12-10,6.1193,6.1193,6.1193,6.1193,113120000,0.00%,264813784,201262759784,692215.22,0
2027-12-13,6.1193,6.1193,6.1193,6.1193,57428000,0.00%,207385784,201262759784,351419.16,0
2027-12-14,6.1193,6.1193,6.1193,6.1193,56868000,0.00%,150517784,201262759784,347992.35,0
2027-12-15,6.1193,6.1193,6.1193,6.1193,67872000,0.00%,82645784,201262759784,415329.13,0
2027-12-16,6.1193,6.1193,6.1193,6.1193,53088000,0.00%,29557784,201262759784,324861.4,0
2027-12-17,6.1193,6.1254,6.1254,6.1193,70364000,0.10%,518040402,201821606402,431007.65,558846618
2027-12-20,6.1254,6.1254,6.1254,6.1254,69720000,0.00%,448320402,201821606402,427062.89,0
2027-12-21,6.1254,6.1254,6.1254,6.1254,81368000,0.00%,366952402,201821606402,498411.55,0
2027-12-22,6.1254,6.1254,6.1254,6.1254,42896000,0.00%,324056402,201821606402,262755.16,0
2027-12-23,6.1254,6.1254,6.1254,6.1254,67900000,0.00%,256156402,201821606402,415914.66,0
2027-12-24,6.1254,6.1254,6.1254,6.1254,43400000,0.00%,212756402,201821606402,265842.36,0
2027-12-29,6.1254,6.1254,6.1254,6.1254,67732000,0.00%,145024402,201821606402,414885.59,0
2027-12-30,6.1254,6.1254,6.1254,6.1254,84252000,0.00%,60772402,201821606402,516077.2,0
2027-12-31,6.1254,6.1316,6.1316,6.1254,76188000,0.10%,547379522,202384401522,467154.34,562795120
2028-01-04,6.1316,6.1316,6.1316,6.1316,86884000,0.00%,460495522,202384401522,532737.93,0
2028-01-05,6.1316,6.1316,6.1316,6.1316,108547000,0.00%,351948522,202384401522,665566.79,0
2028-01-06,6.1316,6.1316,6.1316,6.1316,118320000,0.00%,233628522,202384401522,725490.91,0
2028-01-07,6.1316,6.1316,6.1316,6.1316,78561000,0.00%,155067522,202384401522,481704.63,0
2028-01-10,6.1316,6.1316,6.1316,6.1316,82128000,0.00%,72939522,202384401522,503576.04,0
2028-01-11,6.1316,6.1316,6.1316,6.1316,57565000,0.00%,15374522,202384401522,352965.55,0
2028-01-12,6.1316,6.1377,6.1377,6.1316,103588000,0.10%,482896429,202955511429,635792.07,571109906
2028-01-13,6.1377,6.1377,6.1377,6.1377,117595000,0.00%,365301429,202955511429,721762.83,0
2028-01-14,6.1377,6.1377,6.1377,6.1377,60813000,0.00%,304488429,202955511429,373251.95,0
2028-01-17,6.1377,6.1377,6.1377,6.1377,57971000,0.00%,246517429,202955511429,355808.61,0
2028-01-18,6.1377,6.1377,6.1377,6.1377,46690000,0.00%,199827429,202955511429,286569.21,0
2028-01-19,6.1377,6.1377,6.1377,6.1377,78648000,0.00%,121179429,202955511429,482717.83,0
2028-01-20,6.1377,6.1377,6.1377,6.1377,50315000,0.00%,70864429,202955511429,308818.38,0
2028-01-21,6.1377,6.1377,6.1377,6.1377,48894000,0.00%,21970429,202955511429,300096.7,0
2028-01-27,6.1377,6.1438,6.1438,6.1377,68817000,0.10%,527316653,203529674653,422797.88,574163223
2028-01-28,6.1438,6.1438,6.1438,6.1438,54027000,0.00%,473289653,203529674653,331931.08,0
2028-01-31,6.1438,6.1438,6.1438,6.1438,155527000,0.00%,317762653,203529674653,955526.78,0
2028-02-01,6.1438,6.1438,6.1438,6.1438,161704000,0.00%,156058653,203529674653,993477.04,0
2028-02-02,6.1438,6.1438,6.1438,6.1438,91118000,0.00%,64940653,203529674653,559810.77,0
2028-02-03,6.1438,6.15,6.15,6.1438,68904000,0.10%,575659531,204109297531,423759.6,579622877
2028-02-04,6.15,6.15,6.15,6.15,75226000,0.00%,500433531,204109297531,462639.9,0
2028-02-07,6.15,6.15,6.15,6.15,74211000,0.00%,426222531,204109297531,456397.65,0
2028-02-08,6.15,6.15,6.15,6.15,57420000,0.00%,368802531,204109297531,353133.0,0
2028-02-09,6.15,6.15,6.15,6.15,50083000,0.00%,318719531,204109297531,308010.45,0
2028-02-10,6.15,6.15,6.15,6.15,77314000,0.00%,241405531,204109297531,475481.1,0
2028-02-11,6.15,6.15,6.15,6.15,71369000,0.00%,170036531,204109297531,438919.35,0
2028-02-14,6.15,6.15,6.15,6.15,59044000,0.00%,110992531,204109297531,363120.6,0
2028-02-15,6.15,6.15,6.15,6.15,51997000,0.00%,58995531,204109297531,319781.55,0
2028-02-16,6.15,6.15,6.15,6.15,47850000,0.00%,11145531,204109297531,294277.5,0
2028-02-17,6.15,6.1561,6.1561,6.15,63539000,0.10%,529075535,204690766535,391152.44,581469003
2028-02-18,6.1561,6.1561,6.1561,6.1561,51388000,0.00%,477687535,204690766535,316349.67,0
2028-02-21,6.1561,6.1561,6.1561,6.1561,35699000,0.00%,441988535,204690766535,219766.61,0
2028-02-22,6.1561,6.1561,6.1561,6.1561,84999000,0.00%,356989535,204690766535,523262.34,0
2028-02-23,6.1561,6.1561,6.1561,6.1561,96135000,0.00%,260854535,204690766535,591816.67,0
2028-02-24,6.1561,6.1561,6.1561,6.1561,56347000,0.00%,204507535,204690766535,346877.77,0
2028-02-25,6.1561,6.1561,6.1561,6.1561,70818000,0.00%,133689535,204690766535,435962.69,0
2028-02-28,6.1561,6.1561,6.1561,6.1561,59392000,0.00%,74297535,204690766535,365623.09,0
2028-02-29,6.1561,6.1623,6.1623,6.1561,75429000,0.10%,581590901,205273488901,464816.13,582722366
2028-03-01,6.1623,6.1623,6.1623,6.1623,103269000,0.00%,478321901,205273488901,636374.56,0
2028-03-02,6.1623,6.1623,6.1623,6.1623,42920000,0.00%,435401901,205273488901,264485.92,0
2028-03-03,6.1623,6.1623,6.1623,6.1623,51562000,0.00%,383839901,205273488901,317740.51,0
2028-03-06,6.1623,6.1623,6.1623,6.1623,36627000,0.00%,347212901,205273488901,225706.56,0
2028-03-07,6.1623,6.1623,6.1623,6.1623,49416000,0.00%,297796901,205273488901,304516.22,0
2028-03-08,6.1623,6.1623,6.1623,6.1623,61509000,0.00%,236287901,205273488901,379036.91,0
2028-03-09,6.1623,6.1623,6.1623,6.1623,50083000,0.00%,186204901,205273488901,308626.47,0
2028-03-10,6.1623,6.1623,6.1623,6.1623,109040000,0.00%,77164901,205273488901,671937.19,0
2028-03-13,6.1623,6.1685,6.1685,6.1623,78677000,0.10%,585279461,205860280461,485319.07,586791559
2028-03-14,6.1685,6.1685,6.1685,6.1685,61828000,0.00%,523451461,205860280461,381386.02,0
2028-03-15,6.1685,6.1685,6.1685,6.1685,48053000,0.00%,475398461,205860280461,296414.93,0
2028-03-16,6.1685,6.1685,6.1685,6.1685,68817000,0.00%,406581461,205860280461,424497.66,0
2028-03-17,6.1685,6.1685,6.1685,6.1685,84187000,0.00%,322394461,205860280461,519307.51,0
2028-03-20,6.1685,6.1685,6.1685,6.1685,59276000,0.00%,263118461,205860280461,365644.01,0
2028-03-21,6.1685,6.1685,6.1685,6.1685,61712000,0.00%,201406461,205860280461,380670.47,0
2028-03-22,6.1685,6.1685,6.1685,6.1685,56985000,0.00%,144421461,205860280461,351511.97,0
2028-03-23,6.1685,6.1685,6.1685,6.1685,135865000,0.00%,8556461,205860280461,838083.25,0
2028-03-24,6.1685,6.1746,6.1746,6.1685,96338000,0.10%,508347522,206456409522,594848.61,596129060
2028-03-27,6.1746,6.1746,6.1746,6.1746,74820000,0.00%,433527522,206456409522,461983.57,0
2028-03-28,6.1746,6.1746,6.1746,6.1746,90886000,0.00%,342641522,206456409522,561184.7,0
2028-03-29,6.1746,6.1746,6.1746,6.1746,104690000,0.00%,237951522,206456409522,646418.87,0
2028-03-30,6.1746,6.1746,6.1746,6.1746,73196000,0.00%,164755522,206456409522,451956.02,0
2028-03-31,6.1746,6.1746,6.1746,6.1746,75284000,0.00%,89471522,206456409522,464848.59,0
2028-04-03,6.1746,6.1746,6.1746,6.1746,54433000,0.00%,35038522,206456409522,336102.0,0
2028-04-04,6.1746,6.1808,6.1808,6.1746,41325000,0.10%,592073596,207054769596,255421.56,598360074
2028-04-06,6.1808,6.1808,6.1808,6.1808,43355000,0.00%,548718596,207054769596,267968.58,0
2028-04-11,6.1808,6.1808,6.1808,6.1808,63597000,0.00%,485121596,207054769596,393080.34,0
2028-04-12,6.1808,6.1808,6.1808,6.1808,117363000,0.00%,367758596,207054769596,725397.23,0
2028-04-13,6.1808,6.1808,6.1808,6.1808,72384000,0.00%,295374596,207054769596,447391.03,0
2028-04-14,6.1808,6.1808,6.1808,6.1808,36946000,0.00%,258428596,207054769596,228355.84,0
2028-04-17,6.1808,6.1808,6.1808,6.1808,45559000,0.00%,212869596,207054769596,281591.07,0
2028-04-18,6.1808,6.1808,6.1808,6.1808,39701000,0.00%,173168596,207054769596,245383.94,0
2028-04-19,6.1808,6.1808,6.1808,6.1808,47212000,0.00%,125956596,207054769596,291807.93,0
2028-04-20,6.1808,6.1808,6.1808,6.1808,30537000,0.00%,95419596,207054769596,188743.09,0
2028-04-21,6.1808,6.1808,6.1808,6.1808,47908000,0.00%,47511596,207054769596,296109.77,0
2028-04-24,6.1808,6.187,6.187,6.1808,59363000,0.10%,586456611,207653077611,367278.88,598308015
2028-04-25,6.187,6.187,6.187,6.187,60755000,0.00%,525701611,207653077611,375891.19,0
2028-04-26,6.187,6.187,6.187,6.187,72558000,0.00%,453143611,207653077611,448916.35,0
2028-04-27,6.187,6.187,6.187,6.187,42804000,0.00%,410339611,207653077611,264828.35,0
2028-04-28,6.187,6.187,6.187,6.187,44631000,0.00%,365708611,207653077611,276132.0,0
2028-05-02,6.187,6.187,6.187,6.187,25085000,0.00%,340623611,207653077611,155200.9,0
2028-05-03,6.187,6.187,6.187,6.187,30595000,0.00%,310028611,207653077611,189291.27,0
2028-05-04,6.187,6.187,6.187,6.187,50982000,0.00%,259046611,207653077611,315425.63,0
2028-05-05,6.187,6.187,6.187,6.187,42949000,0.00%,216097611,207653077611,265725.46,0
2028-05-08,6.187,6.187,6.187,6.187,31088000,0.00%,185009611,207653077611,192341.46,0
2028-05-09,6.187,6.187,6.187,6.187,68266000,0.00%,116743611,207653077611,422361.74,0
2028-05-10,6.187,6.187,6.187,6.187,45153000,0.00%,71590611,207653077611,279361.61,0
2028-05-11,6.187,6.187,6.187,6.187,50953000,0.00%,20637611,207653077611,315246.21,0
2028-05-12,6.187,6.1932,6.1932,6.187,52171000,0.10%,565611580,208250222580,323105.44,597144968
2028-05-15,6.1932,6.1932,6.1932,6.1932,68846000,0.00%,496765580,208250222580,426377.05,0
2028-05-16,6.1932,6.1932,6.1932,6.1932,40948000,0.00%,455817580,208250222580,253599.15,0
2028-05-17,6.1932,6.1932,6.1932,6.1932,56724000,0.00%,399093580,208250222580,351303.08,0
2028-05-18,6.1932,6.1932,6.1932,6.1932,99789000,0.00%,299304580,208250222580,618013.23,0
2028-05-19,6.1932,6.1932,6.1932,6.1932,65801000,0.00%,233503580,208250222580,407518.75,0
2028-05-22,6.1932,6.1932,6.1932,6.1932,58116000,0.00%,175387580,208250222580,359924.01,0
2028-05-23,6.1932,6.1932,6.1932,6.1932,43558000,0.00%,131829580,208250222580,269763.41,0
2028-05-24,6.1932,6.1932,6.1932,6.1932,39295000,0.00%,92534580,208250222580,243361.79,0
2028-05-25,6.1932,6.1932,6.1932,6.1932,75487000,0.00%,17047580,208250222580,467506.09,0
2028-05-29,6.1932,6.1994,6.1994,6.1932,83636000,0.10%,527557517,208844368517,518493.02,594145937
2028-05-30,6.1994,6.1994,6.1994,6.1994,63046000,0.00%,464511517,208844368517,390847.37,0
2028-05-31,6.1994,6.1994,6.1994,6.1994,93177000,0.00%,371334517,208844368517,577641.49,0
2028-06-01,6.1994,6.1994,6.1994,6.1994,66555000,0.00%,304779517,208844368517,412601.07,0
2028-06-02,6.1994,6.1994,6.1994,6.1994,92974000,0.00%,211805517,208844368517,576383.02,0
2028-06-05,6.1994,6.1994,6.1994,6.1994,57681000,0.00%,154124517,208844368517,357587.59,0
2028-06-06,6.1994,6.1994,6.1994,6.1994,48430000,0.00%,105694517,208844368517,300236.94,0
2028-06-07,6.1994,6.1994,6.1994,6.1994,52925000,0.00%,52769517,208844368517,328103.25,0
2028-06-08,6.1994,6.1994,6.1994,6.1994,38077000,0.00%,14692517,208844368517,236054.55,0
2028-06-09,6.1994,6.2056,6.2056,6.1994,46922000,0.10%,537498478,209414096478,291179.16,569727960
2028-06-12,6.2056,6.2056,6.2056,6.2056,39121000,0.00%,498377478,209414096478,242769.28,0
2028-06-13,6.2056,6.2056,6.2056,6.2056,67048000,0.00%,431329478,209414096478,416073.07,0
2028-06-14,6.2056,6.2056,6.2056,6.2056,64032000,0.00%,367297478,209414096478,397356.98,0
2028-06-15,6.2056,6.2056,6.2056,6.2056,72529000,0.00%,294768478,209414096478,450085.96,0
2028-06-16,6.2056,6.2056,6.2056,6.2056,103965000,0.00%,190803478,209414096478,645165.2,0
2028-06-19,6.2056,6.2056,6.2056,6.2056,58783000,0.00%,132020478,209414096478,364783.78,0
2028-06-20,6.2056,6.2056,6.2056,6.2056,47212000,0.00%,84808478,209414096478,292978.79,0
2028-06-21,6.2056,6.2056,6.2056,6.2056,55970000,0.00%,28838478,209414096478,347327.43,0
2028-06-23,6.2056,6.2118,6.2118,6.2056,40310000,0.10%,552971344,209978539344,250397.66,564442866
2028-06-26,6.2118,6.2118,6.2118,6.2118,52664000,0.00%,500307344,209978539344,327138.24,0
2028-06-27,6.2118,6.2118,6.2118,6.2118,50721000,0.00%,449586344,209978539344,315068.71,0
2028-06-28,6.2118,6.2118,6.2118,6.2118,46081000,0.00%,403505344,209978539344,286245.96,0
2028-06-29,6.2118,6.2118,6.2118,6.2118,39208000,0.00%,364297344,209978539344,243552.25,0
2028-06-30,6.2118,6.2118,6.2118,6.2118,46980000,0.00%,317317344,209978539344,291830.36,0
2028-07-03,6.2118,6.2118,6.2118,6.2118,41180000,0.00%,276137344,209978539344,255801.92,0
2028-07-04,6.2118,6.2118,6.2118,6.2118,27376000,0.00%,248761344,209978539344,170054.24,0
2028-07-05,6.2118,6.2118,6.2118,6.2118,28594000,0.00%,220167344,209978539344,177620.21,0
2028-07-06,6.2118,6.2118,6.2118,6.2118,57362000,0.00%,162805344,209978539344,356321.27,0
2028-07-07,6.2118,6.2118,6.2118,6.2118,62640000,0.00%,100165344,209978539344,389107.15,0
2028-07-10,6.2118,6.2118,6.2118,6.2118,50141000,0.00%,50024344,209978539344,311465.86,0
2028-07-11,6.2118,6.2118,6.2118,6.2118,35844000,0.00%,14180344,209978539344,222655.76,0
2028-07-12,6.2118,6.218,6.218,6.2118,48865000,0.10%,527585877,210540809877,303842.57,562270533
2028-07-13,6.218,6.218,6.218,6.218,79228000,0.00%,448357877,210540809877,492639.7,0
2028-07-14,6.218,6.218,6.218,6.218,61509000,0.00%,386848877,210540809877,382462.96,0
2028-07-18,6.218,6.218,6.218,6.218,84535000,0.00%,302313877,210540809877,525638.63,0
2028-07-19,6.218,6.218,6.218,6.218,63539000,0.00%,238774877,210540809877,395085.5,0
2028-07-20,6.218,6.218,6.218,6.218,48024000,0.00%,190750877,210540809877,298613.23,0
2028-07-21,6.218,6.218,6.218,6.218,34336000,0.00%,156414877,210540809877,213501.25,0
2028-07-24,6.218,6.218,6.218,6.218,50605000,0.00%,105809877,210540809877,314661.89,0
2028-07-25,6.218,6.218,6.218,6.218,84680000,0.00%,21129877,210540809877,526540.24,0
2028-07-26,6.218,6.2242,6.2242,6.218,43326000,0.10%,538562986,211101568986,269669.69,560759108
2028-07-27,6.2242,6.2242,6.2242,6.2242,39585000,0.00%,498977986,211101568986,246384.96,0
2028-07-28,6.2242,6.2242,6.2242,6.2242,64496000,0.00%,434481986,211101568986,401436.0,0
2028-07-31,6.2242,6.2242,6.2242,6.2242,106720000,0.00%,327761986,211101568986,664246.62,0
2028-08-01,6.2242,6.2242,6.2242,6.2242,67976000,0.00%,259785986,211101568986,423096.22,0
2028-08-02,6.2242,6.2242,6.2242,6.2242,61016000,0.00%,198769986,211101568986,379775.79,0
2028-08-03,6.2242,6.2242,6.2242,6.2242,48314000,0.00%,150455986,211101568986,300716.0,0
2028-08-04,6.2242,6.2242,6.2242,6.2242,55390000,0.00%,95065986,211101568986,344758.44,0
2028-08-07,6.2242,6.2242,6.2242,6.2242,27492000,0.00%,67573986,211101568986,171115.71,0
2028-08-08,6.2242,6.2242,6.2242,6.2242,44602000,0.00%,22971986,211101568986,277611.77,0
2028-08-09,6.2242,6.2304,6.2304,6.2242,34568000,0.10%,544543004,211657708004,215372.47,556139017
2028-08-10,6.2304,6.2304,6.2304,6.2304,32451000,0.00%,512092004,211657708004,202182.71,0
2028-08-11,6.2304,6.2304,6.2304,6.2304,35670000,0.00%,476422004,211657708004,222238.37,0
2028-08-14,6.2304,6.2304,6.2304,6.2304,45675000,0.00%,430747004,211657708004,284573.52,0
2028-08-15,6.2304,6.2304,6.2304,6.2304,31291000,0.00%,399456004,211657708004,194955.45,0
2028-08-16,6.2304,6.2304,6.2304,6.2304,47792000,0.00%,351664004,211657708004,297763.28,0
2028-08-17,6.2304,6.2304,6.2304,6.2304,83578000,0.00%,268086004,211657708004,520724.37,0
2028-08-18,6.2304,6.2304,6.2304,6.2304,52519000,0.00%,215567004,211657708004,327214.38,0
2028-08-21,6.2304,6.2304,6.2304,6.2304,74530000,0.00%,141037004,211657708004,464351.71,0
2028-08-22,6.2304,6.2304,6.2304,6.2304,71572000,0.00%,69465004,211657708004,445922.19,0
2028-08-23,6.2304,6.2304,6.2304,6.2304,49996000,0.00%,19469004,211657708004,311495.08,0
2028-08-24,6.2304,6.2366,6.2366,6.2304,64786000,0.10%,504694967,212207719967,404044.37,550011963
2028-08-25,6.2366,6.2366,6.2366,6.2366,36366000,0.00%,468328967,212207719967,226800.2,0
2028-08-28,6.2366,6.2366,6.2366,6.2366,56260000,0.00%,412068967,212207719967,350871.12,0
2028-08-29,6.2366,6.2366,6.2366,6.2366,44602000,0.00%,367466967,212207719967,278164.83,0
2028-08-30,6.2366,6.2366,6.2366,6.2366,44051000,0.00%,323415967,212207719967,274728.47,0
2028-08-31,6.2366,6.2366,6.2366,6.2366,144246000,0.00%,179169967,212207719967,899604.6,0
2028-09-04,6.2366,6.2366,6.2366,6.2366,89175000,0.00%,89994967,212207719967,556148.81,0
2028-09-05,6.2366,6.2366,6.2366,6.2366,38425000,0.00%,51569967,212207719967,239641.36,0
2028-09-06,6.2366,6.2366,6.2366,6.2366,47821000,0.00%,3748967,212207719967,298240.45,0
2028-09-07,6.2366,6.2429,6.2429,6.2366,48488000,0.10%,506118248,212758577248,302705.74,550857280
2028-09-11,6.2429,6.2429,6.2429,6.2429,54549000,0.00%,451569248,212758577248,340543.95,0
2028-09-12,6.2429,6.2429,6.2429,6.2429,30160000,0.00%,421409248,212758577248,188285.86,0
2028-09-13,6.2429,6.2429,6.2429,6.2429,30914000,0.00%,390495248,212758577248,192993.01,0
2028-09-14,6.2429,6.2429,6.2429,6.2429,29435000,0.00%,361060248,212758577248,183759.76,0
2028-09-15,6.2429,6.2429,6.2429,6.2429,55738000,0.00%,305322248,212758577248,347966.76,0
2028-09-18,6.2429,6.2429,6.2429,6.2429,42746000,0.00%,262576248,212758577248,266859.0,0
2028-09-19,6.2429,6.2429,6.2429,6.2429,45182000,0.00%,217394248,212758577248,282066.71,0
2028-09-20,6.2429,6.2429,6.2429,6.2429,39614000,0.00%,177780248,212758577248,247306.24,0
2028-09-21,6.2429,6.2429,6.2429,6.2429,55448000,0.00%,122332248,212758577248,346156.32,0
2028-09-22,6.2429,6.2429,6.2429,6.2429,61596000,0.00%,60736248,212758577248,384537.67,0
2028-09-25,6.2429,6.2429,6.2429,6.2429,53099000,0.00%,7637248,212758577248,331491.75,0
2028-09-26,6.2429,6.2491,6.2491,6.2429,46168000,0.10%,501919909,213299027909,288508.45,540450661
2028-09-27,6.2491,6.2491,6.2491,6.2491,41180000,0.00%,460739909,213299027909,257337.94,0
2028-09-28,6.2491,6.2491,6.2491,6.2491,45240000,0.00%,415499909,213299027909,282709.28,0
2028-09-29,6.2491,6.2491,6.2491,6.2491,32625000,0.00%,382874909,213299027909,203876.89,0
2028-10-03,6.2491,6.2491,6.2491,6.2491,43848000,0.00%,339026909,213299027909,274010.54,0
2028-10-04,6.2491,6.2491,6.2491,6.2491,31726000,0.00%,307300909,213299027909,198258.95,0
2028-10-05,6.2491,6.2491,6.2491,6.2491,31320000,0.00%,275980909,213299027909,195721.81,0
2028-10-06,6.2491,6.2491,6.2491,6.2491,32132000,0.00%,243848909,213299027909,200796.08,0
2028-10-09,6.2491,6.2491,6.2491,6.2491,33060000,0.00%,210788909,213299027909,206595.25,0
2028-10-10,6.2491,6.2491,6.2491,6.2491,47705000,0.00%,163083909,213299027909,298113.32,0
2028-10-11,6.2491,6.2491,6.2491,6.2491,47618000,0.00%,115465909,213299027909,297569.64,0
2028-10-12,6.2491,6.2491,6.2491,6.2491,39005000,0.00%,76460909,213299027909,243746.15,0
2028-10-13,6.2491,6.2491,6.2491,6.2491,38773000,0.00%,37687909,213299027909,242296.35,0
2028-10-16,6.2491,6.2491,6.2491,6.2491,36105000,0.00%,1582909,213299027909,225623.76,0
2028-10-17,6.2491,6.2554,6.2554,6.2491,26680000,0.10%,512192162,213836317162,166894.07,537289253
2028-10-18,6.2554,6.2554,6.2554,6.2554,34800000,0.00%,477392162,213836317162,217687.92,0
2028-10-19,6.2554,6.2554,6.2554,6.2554,49938000,0.00%,427454162,213836317162,312382.17,0
2028-10-20,6.2554,6.2554,6.2554,6.2554,55709000,0.00%,371745162,213836317162,348482.08,0
2028-10-24,6.2554,6.2554,6.2554,6.2554,62698000,0.00%,309047162,213836317162,392201.07,0
2028-10-25,6.2554,6.2554,6.2554,6.2554,50779000,0.00%,258268162,213836317162,317642.96,0
2028-10-26,6.2554,6.2554,6.2554,6.2554,33205000,0.00%,225063162,213836317162,207710.56,0
2028-10-27,6.2554,6.2554,6.2554,6.2554,47734000,0.00%,177329162,213836317162,298595.26,0
2028-10-30,6.2554,6.2554,6.2554,6.2554,41644000,0.00%,135685162,213836317162,260499.88,0
2028-10-31,6.2554,6.2554,6.2554,6.2554,39817000,0.00%,95868162,213836317162,249071.26,0
2028-11-01,6.2554,6.2554,6.2554,6.2554,31929000,0.00%,63939162,213836317162,199728.67,0
2028-11-02,6.2554,6.2554,6.2554,6.2554,30392000,0.00%,33547162,213836317162,190114.12,0
2028-11-03,6.2554,6.2616,6.2616,6.2554,62582000,0.10%,504138259,214369490259,391863.45,533173096
2028-11-06,6.2616,6.2616,6.2616,6.2616,77894000,0.00%,426244259,214369490259,487741.07,0
2028-11-07,6.2616,6.2616,6.2616,6.2616,38860000,0.00%,387384259,214369490259,243325.78,0
2028-11-08,6.2616,6.2616,6.2616,6.2616,37352000,0.00%,350032259,214369490259,233883.28,0
2028-11-09,6.2616,6.2616,6.2616,6.2616,29783000,0.00%,320249259,214369490259,186489.23,0
2028-11-10,6.2616,6.2616,6.2616,6.2616,28623000,0.00%,291626259,214369490259,179225.78,0
2028-11-13,6.2616,6.2616,6.2616,6.2616,39411000,0.00%,252215259,214369490259,246775.92,0
2028-11-14,6.2616,6.2616,6.2616,6.2616,36192000,0.00%,216023259,214369490259,226619.83,0
2028-11-15,6.2616,6.2616,6.2616,6.2616,94105000,0.00%,121918259,214369490259,589247.87,0
2028-11-16,6.2616,6.2616,6.2616,6.2616,102370000,0.00%,19548259,214369490259,640999.99,0
2028-11-17,6.2616,6.2679,6.2679,6.2616,63713000,0.10%,490899723,214904554723,399346.71,535064464
2028-11-20,6.2679,6.2679,6.2679,6.2679,80562000,0.00%,410337723,214904554723,504954.56,0
2028-11-21,6.2679,6.2679,6.2679,6.2679,70151000,0.00%,340186723,214904554723,439699.45,0
2028-11-22,6.2679,6.2679,6.2679,6.2679,41093000,0.00%,299093723,214904554723,257566.81,0
2028-11-23,6.2679,6.2679,6.2679,6.2679,42137000,0.00%,256956723,214904554723,264110.5,0
2028-11-24,6.2679,6.2679,6.2679,6.2679,44196000,0.00%,212760723,214904554723,277016.11,0
2028-11-27,6.2679,6.2679,6.2679,6.2679,35467000,0.00%,177293723,214904554723,222303.61,0
2028-11-28,6.2679,6.2679,6.2679,6.2679,43935000,0.00%,133358723,214904554723,275380.19,0
2028-11-29,6.2679,6.2679,6.2679,6.2679,48894000,0.00%,84464723,214904554723,306462.7,0
2028-11-30,6.2679,6.2742,6.2742,6.2679,87899000,0.10%,532535811,215440524811,551495.91,535970088
2028-12-01,6.2742,6.2742,6.2742,6.2742,43935000,0.00%,488600811,215440524811,275656.98,0
2028-12-04,6.2742,6.2742,6.2742,6.2742,43239000,0.00%,445361811,215440524811,271290.13,0
2028-12-05,6.2742,6.2742,6.2742,6.2742,68817000,0.00%,376544811,215440524811,431771.62,0
2028-12-06,6.2742,6.2742,6.2742,6.2742,46110000,0.00%,330434811,215440524811,289303.36,0
2028-12-07,6.2742,6.2742,6.2742,6.2742,39730000,0.00%,290704811,215440524811,249273.97,0
2028-12-08,6.2742,6.2742,6.2742,6.2742,48140000,0.00%,242564811,215440524811,302039.99,0
2028-12-11,6.2742,6.2742,6.2742,6.2742,53360000,0.00%,189204811,215440524811,334791.31,0
2028-12-12,6.2742,6.2742,6.2742,6.2742,37700000,0.00%,151504811,215440524811,236537.34,0
2028-12-13,6.2742,6.2742,6.2742,6.2742,41035000,0.00%,110469811,215440524811,257461.8,0
2028-12-14,6.2742,6.2742,6.2742,6.2742,49880000,0.00%,60589811,215440524811,312957.1,0
2028-12-15,6.2742,6.2804,6.2804,6.2742,89668000,0.10%,507351519,215976954519,563150.91,536429708
2028-12-18,6.2804,6.2804,6.2804,6.2804,35061000,0.00%,472290519,215976954519,220197.1,0
2028-12-19,6.2804,6.2804,6.2804,6.2804,36337000,0.00%,435953519,215976954519,228210.89,0
2028-12-20,6.2804,6.2804,6.2804,6.2804,41151000,0.00%,394802519,215976954519,258444.74,0
2028-12-21,6.2804,6.2804,6.2804,6.2804,29493000,0.00%,365309519,215976954519,185227.84,0
2028-12-22,6.2804,6.2867,6.2867,6.2804,426329000,0.10%,484750701,216522724701,2680202.52,545770181
2028-12-27,6.2867,6.2867,6.2867,6.2867,186963000,0.00%,297787701,216522724701,1175380.29,0
2028-12-28,6.2867,6.2867,6.2867,6.2867,109736000,0.00%,188051701,216522724701,689877.31,0
2028-12-29,6.2867,6.2867,6.2867,6.2867,56898000,0.00%,131153701,216522724701,357700.66,0
2029-01-02,6.2867,6.2867,6.2867,6.2867,70050000,0.00%,61103701,216522724701,440383.34,0
2029-01-03,6.2867,6.293,6.293,6.2867,61170000,0.10%,553291167,217076082167,384942.81,553357465
2029-01-04,6.293,6.293,6.293,6.293,60660000,0.00%,492631167,217076082167,381733.38,0
2029-01-05,6.293,6.293,6.293,6.293,71250000,0.00%,421381167,217076082167,448376.25,0
2029-01-08,6.293,6.293,6.293,6.293,50159999,0.00%,371221167,217076082167,315656.88,0
2029-01-09,6.293,6.293,6.293,6.293,50790000,0.00%,320431167,217076082167,319621.47,0
2029-01-10,6.293,6.293,6.293,6.293,57450000,0.00%,262981167,217076082167,361532.85,0
2029-01-11,6.293,6.293,6.293,6.293,61800000,0.00%,201181167,217076082167,388907.4,0
2029-01-12,6.293,6.293,6.293,6.293,47310000,0.00%,153871167,217076082167,297721.83,0
2029-01-15,6.293,6.293,6.293,6.293,48989999,0.00%,104881167,217076082167,308294.07,0
2029-01-16,6.293,6.293,6.293,6.293,66720000,0.00%,38161167,217076082167,419868.96,0
2029-01-17,6.293,6.2993,6.2993,6.293,108330000,0.10%,470374629,217616625629,682403.17,540543462
2029-01-18,6.2993,6.2993,6.2993,6.2993,73800000,0.00%,396574629,217616625629,464888.34,0
2029-01-19,6.2993,6.2993,6.2993,6.2993,80700000,0.00%,315874629,217616625629,508353.51,0
2029-01-22,6.2993,6.2993,6.2993,6.2993,100950000,0.00%,214924629,217616625629,635914.33,0
2029-01-23,6.2993,6.2993,6.2993,6.2993,106830000,0.00%,108094629,217616625629,672954.22,0
2029-01-24,6.2993,6.2993,6.2993,6.2993,101580000,0.00%,6514629,217616625629,639882.89,0
2029-01-25,6.2993,6.3056,6.3056,6.2993,102480000,0.10%,440260362,218152851362,646197.89,536225732
2029-01-26,6.3056,6.3056,6.3056,6.3056,74460000,0.00%,365800362,218152851362,469514.98,0
2029-01-29,6.3056,6.3056,6.3056,6.3056,60480000,0.00%,305320362,218152851362,381362.69,0
2029-01-30,6.3056,6.3056,6.3056,6.3056,64530000,0.00%,240790362,218152851362,406900.37,0
2029-01-31,6.3056,6.3056,6.3056,6.3056,60150000,0.00%,180640362,218152851362,379281.84,0
2029-02-01,6.3056,6.3056,6.3056,6.3056,51990000,0.00%,128650362,218152851362,327828.14,0
2029-02-02,6.3056,6.3056,6.3056,6.3056,93150000,0.00%,35500362,218152851362,587366.64,0
2029-02-05,6.3056,6.3119,6.3119,6.3056,61380000,0.10%,502252796,218680983796,387424.42,528132434
2029-02-06,6.3119,6.3119,6.3119,6.3119,86580000,0.00%,415672796,218680983796,546484.3,0
2029-02-07,6.3119,6.3119,6.3119,6.3119,79020000,0.00%,336652796,218680983796,498766.34,0
2029-02-08,6.3119,6.3119,6.3119,6.3119,53730000,0.00%,282922796,218680983796,339138.39,0
2029-02-09,6.3119,6.3119,6.3119,6.3119,20190000,0.00%,262732796,218680983796,127437.26,0
2029-02-14,6.3119,6.3119,6.3119,6.3119,34710000,0.00%,228022796,218680983796,219086.05,0
2029-02-15,6.3119,6.3119,6.3119,6.3119,37710000,0.00%,190312796,218680983796,238021.75,0
2029-02-16,6.3119,6.3119,6.3119,6.3119,51660000,0.00%,138652796,218680983796,326072.75,0
2029-02-19,6.3119,6.3119,6.3119,6.3119,46260000,0.00%,92392796,218680983796,291988.49,0
2029-02-20,6.3119,6.3119,6.3119,6.3119,47310000,0.00%,45082796,218680983796,298615.99,0
2029-02-21,6.3119,6.3182,6.3182,6.3119,71850000,0.10%,486375023,219194126023,453962.67,513142226
2029-02-22,6.3182,6.3182,6.3182,6.3182,37320000,0.00%,449055023,219194126023,235795.22,0
2029-02-23,6.3182,6.3182,6.3182,6.3182,39690000,0.00%,409365023,219194126023,250769.36,0
2029-02-26,6.3182,6.3182,6.3182,6.3182,37230000,0.00%,372135023,219194126023,235226.59,0
2029-02-27,6.3182,6.3182,6.3182,6.3182,70830000,0.00%,301305023,219194126023,447518.11,0
2029-02-28,6.3182,6.3182,6.3182,6.3182,77700000,0.00%,223605023,219194126023,490924.14,0
2029-03-01,6.3182,6.3182,6.3182,6.3182,89160000,0.00%,134445023,219194126023,563330.71,0
2029-03-02,6.3182,6.3182,6.3182,6.3182,83850000,0.00%,50595023,219194126023,529781.07,0
2029-03-05,6.3182,6.3182,6.3182,6.3182,41490000,0.00%,9105023,219194126023,262142.12,0
2029-03-06,6.3182,6.3245,6.3245,6.3182,78180000,0.10%,433703998,219696904998,494449.41,502778974
2029-03-07,6.3245,6.3245,6.3245,6.3245,69870000,0.00%,363833998,219696904998,441892.81,0
2029-03-08,6.3245,6.3245,6.3245,6.3245,51480000,0.00%,312353998,219696904998,325585.26,0
2029-03-09,6.3245,6.3245,6.3245,6.3245,37260000,0.00%,275093998,219696904998,235650.87,0
2029-03-12,6.3245,6.3245,6.3245,6.3245,53610000,0.00%,221483998,219696904998,339056.45,0
2029-03-13,6.3245,6.3245,6.3245,6.3245,109590000,0.00%,111893998,219696904998,693101.95,0
2029-03-14,6.3245,6.3245,6.3245,6.3245,60210000,0.00%,51683998,219696904998,380798.15,0
2029-03-15,6.3245,6.3245,6.3245,6.3245,42690000,0.00%,8993998,219696904998,269992.91,0
2029-03-16,6.3245,6.3309,6.3309,6.3245,87540000,0.10%,426306083,220201757083,554206.99,504852085
2029-03-19,6.3309,6.3309,6.3309,6.3309,58890000,0.00%,367416083,220201757083,372826.7,0
2029-03-20,6.3309,6.3309,6.3309,6.3309,46920000,0.00%,320496083,220201757083,297045.83,0
2029-03-21,6.3309,6.3309,6.3309,6.3309,46860000,0.00%,273636083,220201757083,296665.97,0
2029-03-22,6.3309,6.3309,6.3309,6.3309,110610000,0.00%,163026083,220201757083,700260.85,0
2029-03-23,6.3309,6.3309,6.3309,6.3309,79290000,0.00%,83736083,220201757083,501977.06,0
2029-03-26,6.3309,6.3309,6.3309,6.3309,63390000,0.00%,20346083,220201757083,401315.75,0
2029-03-27,6.3309,6.3372,6.3372,6.3309,102000000,0.10%,424171979,220707582979,646394.4,505825896
2029-03-28,6.3372,6.3372,6.3372,6.3372,116250000,0.00%,307921979,220707582979,736699.5,0
2029-03-29,6.3372,6.3372,6.3372,6.3372,90000000,0.00%,217921979,220707582979,570348.0,0
2029-04-03,6.3372,6.3372,6.3372,6.3372,79680000,0.00%,138241979,220707582979,504948.1,0
2029-04-04,6.3372,6.3372,6.3372,6.3372,59100000,0.00%,79141979,220707582979,374528.52,0
2029-04-06,6.3372,6.3372,6.3372,6.3372,40740000,0.00%,38401979,220707582979,258177.53,0
2029-04-09,6.3372,6.3435,6.3435,6.3372,64980000,0.10%,478005267,221212166267,412200.63,504583287
2029-04-10,6.3435,6.3435,6.3435,6.3435,53640000,0.00%,424365267,221212166267,340265.34,0
2029-04-11,6.3435,6.3435,6.3435,6.3435,74190000,0.00%,350175267,221212166267,470624.27,0
2029-04-12,6.3435,6.3435,6.3435,6.3435,56490000,0.00%,293685267,221212166267,358344.32,0
2029-04-13,6.3435,6.3435,6.3435,6.3435,69090000,0.00%,224595267,221212166267,438272.42,0
2029-04-16,6.3435,6.3435,6.3435,6.3435,54900000,0.00%,169695267,221212166267,348258.15,0
2029-04-17,6.3435,6.3435,6.3435,6.3435,59070000,0.00%,110625267,221212166267,374710.54,0
2029-04-18,6.3435,6.3435,6.3435,6.3435,43230000,0.00%,67395267,221212166267,274229.51,0
2029-04-19,6.3435,6.3435,6.3435,6.3435,57180000,0.00%,10215267,221212166267,362721.33,0
2029-04-20,6.3435,6.3499,6.3499,6.3435,58410000,0.10%,455472785,221715833785,370897.66,503667518
2029-04-23,6.3499,6.3499,6.3499,6.3499,123390000,0.00%,332082785,221715833785,783514.16,0
2029-04-24,6.3499,6.3499,6.3499,6.3499,131460000,0.00%,200622785,221715833785,834757.85,0
2029-04-25,6.3499,6.3499,6.3499,6.3499,124410000,0.00%,76212785,221715833785,789991.06,0
2029-04-26,6.3499,6.3562,6.3562,6.3499,83190000,0.10%,500261966,222223072966,528772.28,507239181
2029-04-27,6.3562,6.3562,6.3562,6.3562,88800000,0.00%,411461966,222223072966,564430.56,0
2029-04-30,6.3562,6.3562,6.3562,6.3562,76260000,0.00%,335201966,222223072966,484723.81,0
2029-05-01,6.3562,6.3562,6.3562,6.3562,47880000,0.00%,287321966,222223072966,304334.86,0
2029-05-03,6.3562,6.3562,6.3562,6.3562,67440000,0.00%,219881966,222223072966,428662.13,0
2029-05-04,6.3562,6.3562,6.3562,6.3562,70770000,0.00%,149111966,222223072966,449828.27,0
2029-05-07,6.3562,6.3562,6.3562,6.3562,78630000,0.00%,70481966,222223072966,499788.01,0
2029-05-08,6.3562,6.3562,6.3562,6.3562,58230000,0.00%,12251966,222223072966,370121.53,0
2029-05-09,6.3562,6.3626,6.3626,6.3562,60180000,0.10%,462682624,222733683624,382901.27,510610658
2029-05-10,6.3626,6.3626,6.3626,6.3626,48090000,0.00%,414592624,222733683624,305977.43,0
2029-05-11,6.3626,6.3626,6.3626,6.3626,47070000,0.00%,367522624,222733683624,299487.58,0
2029-05-14,6.3626,6.3626,6.3626,6.3626,61680000,0.00%,305842624,222733683624,392445.17,0
2029-05-15,6.3626,6.3626,6.3626,6.3626,64800000,0.00%,241042624,222733683624,412296.48,0
2029-05-17,6.3626,6.3626,6.3626,6.3626,175290000,0.00%,65752624,222733683624,1115300.15,0
2029-05-18,6.3626,6.3689,6.3689,6.3626,83760000,0.10%,496903580,223248594580,533459.06,514910956
2029-05-21,6.3689,6.3689,6.3689,6.3689,66990000,0.00%,429913580,223248594580,426652.61,0
2029-05-22,6.3689,6.3689,6.3689,6.3689,92040000,0.00%,337873580,223248594580,586193.56,0
2029-05-23,6.3689,6.3689,6.3689,6.3689,67110000,0.00%,270763580,223248594580,427416.88,0
2029-05-24,6.3689,6.3689,6.3689,6.3689,54960000,0.00%,215803580,223248594580,350034.74,0
2029-05-25,6.3689,6.3689,6.3689,6.3689,57420000,0.00%,158383580,223248594580,365702.24,0
2029-05-28,6.3689,6.3689,6.3689,6.3689,96390000,0.00%,61993580,223248594580,613898.27,0
2029-05-29,6.3689,6.3689,6.3689,6.3689,49830000,0.00%,12163580,223248594580,317362.29,0
2029-05-30,6.3689,6.3753,6.3753,6.3689,82140000,0.10%,448788997,223767359997,523667.14,518765416
2029-05-31,6.3753,6.3753,6.3753,6.3753,66030000,0.00%,382758997,223767359997,420961.06,0
2029-06-01,6.3753,6.3753,6.3753,6.3753,120120000,0.00%,262638997,223767359997,765801.04,0
2029-06-04,6.3753,6.3753,6.3753,6.3753,84390000,0.00%,178248997,223767359997,538011.57,0
2029-06-05,6.3753,6.3753,6.3753,6.3753,54120000,0.00%,124128997,223767359997,345031.24,0
2029-06-06,6.3753,6.3753,6.3753,6.3753,60630000,0.00%,63498997,223767359997,386534.44,0
2029-06-07,6.3753,6.3753,6.3753,6.3753,56670000,0.00%,6828997,223767359997,361288.25,0
2029-06-08,6.3753,6.3817,6.3817,6.3753,75750000,0.10%,452616012,224288897012,483413.78,521537015
2029-06-12,6.3817,6.3817,6.3817,6.3817,79500000,0.00%,373116012,224288897012,507345.15,0
2029-06-13,6.3817,6.3817,6.3817,6.3817,44880000,0.00%,328236012,224288897012,286410.7,0
2029-06-14,6.3817,6.3817,6.3817,6.3817,46020000,0.00%,282216012,224288897012,293685.83,0
2029-06-15,6.3817,6.3817,6.3817,6.3817,62580000,0.00%,219636012,224288897012,399366.79,0
2029-06-18,6.3817,6.3817,6.3817,6.3817,45840000,0.00%,173796012,224288897012,292537.13,0
2029-06-19,6.3817,6.3817,6.3817,6.3817,42840000,0.00%,130956012,224288897012,273392.03,0
2029-06-20,6.3817,6.3817,6.3817,6.3817,66930000,0.00%,64026012,224288897012,427127.18,0
2029-06-21,6.3817,6.3817,6.3817,6.3817,42150000,0.00%,21876012,224288897012,268988.66,0
2029-06-22,6.3817,6.3881,6.3881,6.3817,77580000,0.10%,460212451,224804813451,495588.8,515916439
2029-06-25,6.3881,6.3881,6.3881,6.3881,38760000,0.00%,421452451,224804813451,247602.76,0
2029-06-26,6.3881,6.3881,6.3881,6.3881,38370000,0.00%,383082451,224804813451,245111.4,0
2029-06-27,6.3881,6.3881,6.3881,6.3881,35670000,0.00%,347412451,224804813451,227863.53,0
2029-06-28,6.3881,6.3881,6.3881,6.3881,52530000,0.00%,294882451,224804813451,335566.89,0
2029-06-29,6.3881,6.3881,6.3881,6.3881,46680000,0.00%,248202451,224804813451,298196.51,0
2029-07-03,6.3881,6.3881,6.3881,6.3881,81810000,0.00%,166392451,224804813451,522610.46,0
2029-07-04,6.3881,6.3881,6.3881,6.3881,66780000,0.00%,99612451,224804813451,426597.32,0
2029-07-05,6.3881,6.3881,6.3881,6.3881,46320000,0.00%,53292451,224804813451,295896.79,0
2029-07-06,6.3881,6.3881,6.3881,6.3881,31560000,0.00%,21732451,224804813451,201608.44,0
2029-07-09,6.3881,6.3944,6.3944,6.3881,34860000,0.10%,500220710,225318161710,222908.78,513348258
2029-07-10,6.3944,6.3944,6.3944,6.3944,39060000,0.00%,461160710,225318161710,249765.26,0
2029-07-11,6.3944,6.3944,6.3944,6.3944,46770000,0.00%,414390710,225318161710,299066.09,0
2029-07-12,6.3944,6.3944,6.3944,6.3944,49770000,0.00%,364620710,225318161710,318249.29,0
2029-07-13,6.3944,6.3944,6.3944,6.3944,82560000,0.00%,282060710,225318161710,527921.66,0
2029-07-16,6.3944,6.3944,6.3944,6.3944,41040000,0.00%,241020710,225318161710,262426.18,0
2029-07-17,6.3944,6.3944,6.3944,6.3944,57180000,0.00%,183840710,225318161710,365631.79,0
2029-07-18,6.3944,6.3944,6.3944,6.3944,77580000,0.00%,106260710,225318161710,496077.55,0
2029-07-19,6.3944,6.3944,6.3944,6.3944,56820000,0.00%,49440710,225318161710,363329.81,0
2029-07-20,6.3944,6.4008,6.4008,6.3944,69270000,0.10%,497366494,225835357494,443383.42,517195784
2029-07-23,6.4008,6.4008,6.4008,6.4008,50880000,0.00%,446486494,225835357494,325672.7,0
2029-07-24,6.4008,6.4008,6.4008,6.4008,36300000,0.00%,410186494,225835357494,232349.04,0
2029-07-25,6.4008,6.4008,6.4008,6.4008,35400000,0.00%,374786494,225835357494,226588.32,0
2029-07-26,6.4008,6.4008,6.4008,6.4008,77370000,0.00%,297416494,225835357494,495229.9,0
2029-07-27,6.4008,6.4008,6.4008,6.4008,39810000,0.00%,257606494,225835357494,254815.85,0
2029-07-30,6.4008,6.4008,6.4008,6.4008,38610000,0.00%,218996494,225835357494,247134.89,0
2029-07-31,6.4008,6.4008,6.4008,6.4008,29250000,0.00%,189746494,225835357494,187223.4,0
2029-08-01,6.4008,6.4008,6.4008,6.4008,60900000,0.00%,128846494,225835357494,389808.72,0
2029-08-02,6.4008,6.4008,6.4008,6.4008,37230000,0.00%,91616494,225835357494,238301.78,0
2029-08-03,6.4008,6.4008,6.4008,6.4008,53130000,0.00%,38486494,225835357494,340074.5,0
2029-08-06,6.4008,6.4072,6.4072,6.4008,68880000,0.10%,489092854,226354843854,441327.94,519486360
2029-08-07,6.4072,6.4072,6.4072,6.4072,53010000,0.00%,436082854,226354843854,339645.67,0
2029-08-08,6.4072,6.4072,6.4072,6.4072,47520000,0.00%,388562854,226354843854,304470.14,0
2029-08-09,6.4072,6.4072,6.4072,6.4072,56430000,0.00%,332132854,226354843854,361558.3,0
2029-08-10,6.4072,6.4072,6.4072,6.4072,49050000,0.00%,283082854,226354843854,314273.16,0
2029-08-13,6.4072,6.4072,6.4072,6.4072,30660000,0.00%,252422854,226354843854,196444.75,0
2029-08-14,6.4072,6.4072,6.4072,6.4072,40770000,0.00%,211652854,226354843854,261221.54,0
2029-08-15,6.4072,6.4072,6.4072,6.4072,56070000,0.00%,155582854,226354843854,359251.7,0
2029-08-16,6.4072,6.4072,6.4072,6.4072,64320000,0.00%,91262854,226354843854,412111.1,0
2029-08-17,6.4072,6.4072,6.4072,6.4072,49230000,0.00%,42032854,226354843854,315426.46,0
2029-08-20,6.4072,6.4137,6.4137,6.4072,45630000,0.10%,512244420,226870685420,292657.13,515841566
2029-08-21,6.4137,6.4137,6.4137,6.4137,35550000,0.00%,476694420,226870685420,228007.04,0
2029-08-22,6.4137,6.4137,6.4137,6.4137,34950000,0.00%,441744420,226870685420,224158.82,0
2029-08-23,6.4137,6.4137,6.4137,6.4137,50370000,0.00%,391374420,226870685420,323058.07,0
2029-08-24,6.4137,6.4137,6.4137,6.4137,39180000,0.00%,352194420,226870685420,251288.77,0
2029-08-27,6.4137,6.4137,6.4137,6.4137,48750000,0.00%,303444420,226870685420,312667.88,0
2029-08-28,6.4137,6.4137,6.4137,6.4137,41040000,0.00%,262404420,226870685420,263218.25,0
2029-08-29,6.4137,6.4137,6.4137,6.4137,43800000,0.00%,218604420,226870685420,280920.06,0
2029-08-30,6.4137,6.4137,6.4137,6.4137,38670000,0.00%,179934420,226870685420,248017.78,0
2029-08-31,6.4137,6.4137,6.4137,6.4137,92610000,0.00%,87324420,226870685420,593972.76,0
2029-09-03,6.4137,6.4137,6.4137,6.4137,41640000,0.00%,45684420,226870685420,267066.47,0
2029-09-04,6.4137,6.4137,6.4137,6.4137,29430000,0.00%,16254420,226870685420,188755.19,0
2029-09-05,6.4137,6.4201,6.4201,6.4137,39840000,0.10%,487812605,227382083605,255776.78,511398184
2029-09-06,6.4201,6.4201,6.4201,6.4201,28740000,0.00%,459072605,227382083605,184513.67,0
2029-09-10,6.4201,6.4201,6.4201,6.4201,60240000,0.00%,398832605,227382083605,386746.82,0
2029-09-11,6.4201,6.4201,6.4201,6.4201,36900000,0.00%,361932605,227382083605,236901.69,0
2029-09-12,6.4201,6.4201,6.4201,6.4201,36120000,0.00%,325812605,227382083605,231894.01,0
2029-09-13,6.4201,6.4201,6.4201,6.4201,41400000,0.00%,284412605,227382083605,265792.14,0
2029-09-14,6.4201,6.4201,6.4201,6.4201,33030000,0.00%,251382605,227382083605,212055.9,0
2029-09-17,6.4201,6.4201,6.4201,6.4201,23070000,0.00%,228312605,227382083605,148111.71,0
2029-09-18,6.4201,6.4201,6.4201,6.4201,30450000,0.00%,197862605,227382083605,195492.05,0
2029-09-20,6.4201,6.4201,6.4201,6.4201,77400000,0.00%,120462605,227382083605,496915.74,0
2029-09-21,6.4201,6.4201,6.4201,6.4201,85230000,0.00%,35232605,227382083605,547185.12,0
2029-09-24,6.4201,6.4265,6.4265,6.4201,45660000,0.10%,502502875,227895013875,293433.99,512930269
2029-09-25,6.4265,6.4265,6.4265,6.4265,128760000,0.00%,373742875,227895013875,827476.14,0
2029-09-26,6.4265,6.4265,6.4265,6.4265,120330000,0.00%,253412875,227895013875,773300.74,0
2029-09-27,6.4265,6.4265,6.4265,6.4265,150750000,0.00%,102662875,227895013875,968794.88,0
2029-09-28,6.4265,6.4329,6.4329,6.4265,171450000,0.10%,456700978,228420501978,1102920.71,525488103
2029-10-01,6.4329,6.4329,6.4329,6.4329,226380000,0.00%,230320978,228420501978,1456279.9,0
2029-10-03,6.4329,6.4329,6.4329,6.4329,146310000,0.00%,84010978,228420501978,941197.6,0
2029-10-04,6.4329,6.4393,6.4393,6.4329,94800000,0.10%,525187559,228956478559,610445.64,535976580
2029-10-05,6.4393,6.4393,6.4393,6.4393,73980000,0.00%,451207559,228956478559,476379.41,0
2029-10-08,6.4393,6.4393,6.4393,6.4393,75990000,0.00%,375217559,228956478559,489322.41,0
2029-10-09,6.4393,6.4393,6.4393,6.4393,211410000,0.00%,163807559,228956478559,1361332.41,0
2029-10-10,6.4393,6.4393,6.4393,6.4393,139110000,0.00%,24697559,228956478559,895771.02,0
2029-10-11,6.4393,6.4458,6.4458,6.4393,99330000,0.10%,471899999,229503010999,640261.31,546532440
2029-10-15,6.4458,6.4458,6.4458,6.4458,90960000,0.00%,380939999,229503010999,586309.97,0
2029-10-16,6.4458,6.4458,6.4458,6.4458,100439999,0.00%,280499999,229503010999,647416.15,0
2029-10-17,6.4458,6.4458,6.4458,6.4458,67470000,0.00%,213029999,229503010999,434898.13,0
2029-10-18,6.4458,6.4458,6.4458,6.4458,49440000,0.00%,163589999,229503010999,318680.35,0
2029-10-19,6.4458,6.4458,6.4458,6.4458,77880000,0.00%,85709999,229503010999,501998.9,0
2029-10-22,6.4458,6.4458,6.4458,6.4458,48989999,0.00%,36719999,229503010999,315779.74,0
2029-10-23,6.4458,6.4458,6.4458,6.4458,33090000,0.00%,3629999,229503010999,213291.52,0
2029-10-24,6.4458,6.4522,6.4522,6.4458,43980000,0.10%,507495200,230050856200,283767.76,547845200
2029-10-25,6.4522,6.4522,6.4522,6.4522,33600000,0.00%,473895200,230050856200,216793.92,0
2029-10-26,6.4522,6.4522,6.4522,6.4522,35850000,0.00%,438045200,230050856200,231311.37,0
2029-10-29,6.4522,6.4522,6.4522,6.4522,46650000,0.00%,391395200,230050856200,300995.13,0
2029-10-30,6.4522,6.4522,6.4522,6.4522,41400000,0.00%,349995200,230050856200,267121.08,0
2029-10-31,6.4522,6.4522,6.4522,6.4522,53700000,0.00%,296295200,230050856200,346483.14,0
2029-11-01,6.4522,6.4522,6.4522,6.4522,68250000,0.00%,228045200,230050856200,440362.65,0
2029-11-02,6.4522,6.4522,6.4522,6.4522,63270000,0.00%,164775200,230050856200,408230.69,0
2029-11-05,6.4522,6.4522,6.4522,6.4522,35130000,0.00%,129645200,230050856200,226665.79,0
2029-11-06,6.4522,6.4522,6.4522,6.4522,45810000,0.00%,83835200,230050856200,295575.28,0
2029-11-07,6.4522,6.4522,6.4522,6.4522,62280000,0.00%,21555200,230050856200,401843.02,0
2029-11-08,6.4522,6.4587,6.4587,6.4522,59760000,0.10%,512856827,230601917827,385971.91,551061627
2029-11-09,6.4587,6.4587,6.4587,6.4587,58170000,0.00%,454686827,230601917827,375702.58,0
2029-11-12,6.4587,6.4587,6.4587,6.4587,68580000,0.00%,386106827,230601917827,442937.65,0
2029-11-13,6.4587,6.4587,6.4587,6.4587,81900000,0.00%,304206827,230601917827,528967.53,0
2029-11-14,6.4587,6.4587,6.4587,6.4587,84930000,0.00%,219276827,230601917827,548537.39,0
2029-11-15,6.4587,6.4587,6.4587,6.4587,104700000,0.00%,114576827,230601917827,676225.89,0
2029-11-16,6.4587,6.4587,6.4587,6.4587,87180000,0.00%,27396827,230601917827,563069.47,0
2029-11-19,6.4587,6.4651,6.4651,6.4587,61470000,0.10%,522599848,231158590848,397409.7,556673021
2029-11-20,6.4651,6.4651,6.4651,6.4651,41640000,0.00%,480959848,231158590848,269206.76,0
2029-11-21,6.4651,6.4651,6.4651,6.4651,45030000,0.00%,435929848,231158590848,291123.45,0
2029-11-22,6.4651,6.4651,6.4651,6.4651,37500000,0.00%,398429848,231158590848,242441.25,0
2029-11-23,6.4651,6.4651,6.4651,6.4651,50850000,0.00%,347579848,231158590848,328750.34,0
2029-11-26,6.4651,6.4651,6.4651,6.4651,83670000,0.00%,263909848,231158590848,540934.92,0
2029-11-27,6.4651,6.4651,6.4651,6.4651,50820000,0.00%,213089848,231158590848,328556.38,0
2029-11-28,6.4651,6.4651,6.4651,6.4651,50070000,0.00%,163019848,231158590848,323707.56,0
2029-11-29,6.4651,6.4651,6.4651,6.4651,39210000,0.00%,123809848,231158590848,253496.57,0
2029-11-30,6.4651,6.4651,6.4651,6.4651,46890000,0.00%,76919848,231158590848,303148.54,0
2029-12-03,6.4651,6.4651,6.4651,6.4651,39990000,0.00%,36929848,231158590848,258539.35,0
2029-12-04,6.4651,6.4716,6.4716,6.4651,55080000,0.10%,538149080,231714890080,356455.73,556299232
2029-12-05,6.4716,6.4716,6.4716,6.4716,42150000,0.00%,495999080,231714890080,272777.94,0
2029-12-06,6.4716,6.4716,6.4716,6.4716,39930000,0.00%,456069080,231714890080,258410.99,0
2029-12-07,6.4716,6.4716,6.4716,6.4716,83130000,0.00%,372939080,231714890080,537984.11,0
2029-12-10,6.4716,6.4716,6.4716,6.4716,67380000,0.00%,305559080,231714890080,436056.41,0
2029-12-11,6.4716,6.4716,6.4716,6.4716,90840000,0.00%,214719080,231714890080,587880.14,0
2029-12-12,6.4716,6.4716,6.4716,6.4716,39300000,0.00%,175419080,231714890080,254333.88,0
2029-12-13,6.4716,6.4716,6.4716,6.4716,70230000,0.00%,105189080,231714890080,454500.47,0
2029-12-14,6.4716,6.4716,6.4716,6.4716,48900000,0.00%,56289080,231714890080,316461.24,0
2029-12-17,6.4716,6.4716,6.4716,6.4716,42180000,0.00%,14109080,231714890080,272972.09,0
2029-12-18,6.4716,6.4781,6.4781,6.4716,50340000,0.10%,524120924,232275241924,326107.55,560351843
2029-12-19,6.4781,6.4781,6.4781,6.4781,44730000,0.00%,479390924,232275241924,289765.41,0
2029-12-20,6.4781,6.4781,6.4781,6.4781,104010000,0.00%,375380924,232275241924,673787.18,0
2029-12-21,6.4781,6.4781,6.4781,6.4781,134490000,0.00%,240890924,232275241924,871239.67,0
2029-12-24,6.4781,6.4781,6.4781,6.4781,62580000,0.00%,178310924,232275241924,405399.5,0
2029-12-25,6.4781,6.4781,6.4781,6.4781,23610000,0.00%,154700924,232275241924,152947.94,0
2029-12-28,6.4781,6.4781,6.4781,6.4781,40650000,0.00%,114050924,232275241924,263334.77,0
2029-12-31,6.4781,6.4781,6.4781,6.4781,40560000,0.00%,73490924,232275241924,262751.74,0
2030-01-01,6.4781,6.4781,6.4781,6.4781,33697000,0.00%,39793924,232275241924,218292.54,0
2030-01-03,6.4781,6.4846,6.4846,6.4781,64263000,0.10%,543502267,232843213267,416719.85,567971342
2030-01-04,6.4846,6.4846,6.4846,6.4846,52204000,0.00%,491298267,232843213267,338522.06,0
2030-01-07,6.4846,6.4846,6.4846,6.4846,52297000,0.00%,439001267,232843213267,339125.13,0
2030-01-08,6.4846,6.491,6.491,6.4846,443052000,0.10%,578508958,233425772958,2875850.53,582559690
2030-01-09,6.491,6.491,6.491,6.491,295926000,0.00%,282582958,233425772958,1920855.67,0
2030-01-10,6.491,6.491,6.491,6.491,187798000,0.00%,94784958,233425772958,1218996.82,0
2030-01-11,6.491,6.4975,6.4975,6.491,114855000,0.10%,577325746,234023168746,746270.36,597395788
2030-01-14,6.4975,6.4975,6.4975,6.4975,107849000,0.00%,469476746,234023168746,700748.88,0
2030-01-15,6.4975,6.4975,6.4975,6.4975,125922000,0.00%,343554746,234023168746,818178.2,0
2030-01-16,6.4975,6.4975,6.4975,6.4975,90396000,0.00%,253158746,234023168746,587348.01,0
2030-01-17,6.4975,6.4975,6.4975,6.4975,81034000,0.00%,172124746,234023168746,526518.41,0
2030-01-18,6.4975,6.4975,6.4975,6.4975,53134000,0.00%,118990746,234023168746,345238.16,0
2030-01-21,6.4975,6.4975,6.4975,6.4975,96534000,0.00%,22456746,234023168746,627229.67,0
2030-01-22,6.4975,6.504,6.504,6.4975,78275000,0.10%,552329942,234631316942,509100.6,608148195
2030-01-23,6.504,6.504,6.504,6.504,55366000,0.00%,496963942,234631316942,360100.46,0
2030-01-24,6.504,6.504,6.504,6.504,65906000,0.00%,431057942,234631316942,428652.62,0
2030-01-25,6.504,6.504,6.504,6.504,74648000,0.00%,356409942,234631316942,485510.59,0
2030-01-28,6.504,6.504,6.504,6.504,73191000,0.00%,283218942,234631316942,476034.26,0
2030-01-29,6.504,6.504,6.504,6.504,44020000,0.00%,239198942,234631316942,286306.08,0
2030-02-04,6.504,6.504,6.504,6.504,86552000,0.00%,152646942,234631316942,562934.21,0
2030-02-05,6.504,6.504,6.504,6.504,96968000,0.00%,55678942,234631316942,630679.87,0
2030-02-06,6.504,6.5105,6.5105,6.504,99603000,0.10%,572674870,235247915870,648465.33,616598928
2030-02-07,6.5105,6.5105,6.5105,6.5105,60729000,0.00%,511945870,235247915870,395376.15,0
2030-02-08,6.5105,6.5105,6.5105,6.5105,107167000,0.00%,404778870,235247915870,697710.75,0
2030-02-11,6.5105,6.5105,6.5105,6.5105,97371000,0.00%,307407870,235247915870,633933.9,0
2030-02-12,6.5105,6.5105,6.5105,6.5105,95759000,0.00%,211648870,235247915870,623438.97,0
2030-02-13,6.5105,6.5105,6.5105,6.5105,118606000,0.00%,93042870,235247915870,772184.36,0
2030-02-14,6.5105,6.517,6.517,6.5105,189069000,0.10%,528061277,235872003277,1232162.67,624087407
2030-02-15,6.517,6.517,6.517,6.517,231012000,0.00%,297049277,235872003277,1505505.2,0
2030-02-18,6.517,6.5236,6.5236,6.517,391282000,0.10%,546779064,236513015064,2552567.26,641011786
2030-02-19,6.5236,6.5236,6.5236,6.5236,193843000,0.00%,352936064,236513015064,1264554.19,0
2030-02-20,6.5236,6.5236,6.5236,6.5236,105803000,0.00%,247133064,236513015064,690216.45,0
2030-02-21,6.5236,6.5236,6.5236,6.5236,107105000,0.00%,140028064,236513015064,698710.18,0
2030-02-22,6.5236,6.5301,6.5301,6.5236,228005000,0.10%,567477735,237168469735,1488895.45,655454670
2030-02-25,6.5301,6.5301,6.5301,6.5301,209374000,0.00%,358103735,237168469735,1367233.16,0
2030-02-26,6.5301,6.5301,6.5301,6.5301,175181000,0.00%,182922735,237168469735,1143949.45,0
2030-02-27,6.5301,6.5301,6.5301,6.5301,125519000,0.00%,57403735,237168469735,819651.62,0
2030-02-28,6.5301,6.5366,6.5366,6.5301,120590000,0.10%,604286756,237835942756,788248.59,667473020
2030-03-01,6.5366,6.5366,6.5366,6.5366,161696000,0.00%,442590756,237835942756,1056942.07,0
2030-03-04,6.5366,6.5366,6.5366,6.5366,101525000,0.00%,341065756,237835942756,663628.32,0
2030-03-05,6.5366,6.5366,6.5366,6.5366,96472000,0.00%,244593756,237835942756,630598.88,0
2030-03-06,6.5366,6.5366,6.5366,6.5366,109027000,0.00%,135566756,237835942756,712665.89,0
2030-03-07,6.5366,6.5432,6.5432,6.5366,247008000,0.10%,571028990,238518412990,1616222.75,682470234
2030-03-08,6.5432,6.5432,6.5432,6.5432,144119000,0.00%,426909990,238518412990,942999.44,0
2030-03-11,6.5432,6.5432,6.5432,6.5432,106702000,0.00%,320207990,238518412990,698172.53,0
2030-03-12,6.5432,6.5432,6.5432,6.5432,104935000,0.00%,215272990,238518412990,686610.69,0
2030-03-13,6.5432,6.5432,6.5432,6.5432,86893000,0.00%,128379990,238518412990,568558.28,0
2030-03-14,6.5432,6.5432,6.5432,6.5432,84723000,0.00%,43656990,238518412990,554359.53,0
2030-03-15,6.5432,6.5497,6.5497,6.5432,95201000,0.10%,640900146,239210857146,623537.99,692444156
2030-03-18,6.5497,6.5497,6.5497,6.5497,68510000,0.00%,572390146,239210857146,448719.95,0
2030-03-19,6.5497,6.5497,6.5497,6.5497,104284000,0.00%,468106146,239210857146,683028.91,0
2030-03-20,6.5497,6.5497,6.5497,6.5497,97960000,0.00%,370146146,239210857146,641608.61,0
2030-03-21,6.5497,6.5497,6.5497,6.5497,154535000,0.00%,215611146,239210857146,1012157.89,0
2030-03-22,6.5497,6.5497,6.5497,6.5497,131006000,0.00%,84605146,239210857146,858050.0,0
2030-03-25,6.5497,6.5497,6.5497,6.5497,76260000,0.00%,8345146,239210857146,499480.12,0
2030-03-26,6.5497,6.5562,6.5562,6.5497,85994000,0.10%,608108896,239896614896,563793.86,685757750
2030-03-27,6.5562,6.5562,6.5562,6.5562,53661000,0.00%,554447896,239896614896,351812.25,0
2030-03-28,6.5562,6.5562,6.5562,6.5562,54560000,0.00%,499887896,239896614896,357706.27,0
2030-03-29,6.5562,6.5562,6.5562,6.5562,57629000,0.00%,442258896,239896614896,377827.25,0
2030-04-01,6.5562,6.5562,6.5562,6.5562,86924000,0.00%,355334896,239896614896,569891.13,0
2030-04-02,6.5562,6.5562,6.5562,6.5562,60512000,0.00%,294822896,239896614896,396728.77,0
2030-04-03,6.5562,6.5562,6.5562,6.5562,44175000,0.00%,250647896,239896614896,289620.14,0
2030-04-04,6.5562,6.5562,6.5562,6.5562,90582000,0.00%,160065896,239896614896,593873.71,0
2030-04-08,6.5562,6.5628,6.5628,6.5562,382416000,0.10%,474970610,240593935610,2509719.72,697320713
2030-04-09,6.5628,6.5628,6.5628,6.5628,201872000,0.00%,273098610,240593935610,1324845.56,0
2030-04-10,6.5628,6.5628,6.5628,6.5628,206088000,0.00%,67010610,240593935610,1352514.33,0
2030-04-11,6.5628,6.5694,6.5694,6.5628,179180000,0.10%,595258381,241301363381,1177105.09,707427771
2030-04-12,6.5694,6.5694,6.5694,6.5694,144429000,0.00%,450829381,241301363381,948811.87,0
2030-04-15,6.5694,6.5694,6.5694,6.5694,94085000,0.00%,356744381,241301363381,618082.0,0
2030-04-16,6.5694,6.5694,6.5694,6.5694,62775000,0.00%,293969381,241301363381,412394.09,0
2030-04-17,6.5694,6.5694,6.5694,6.5694,84692000,0.00%,209277381,241301363381,556375.62,0
2030-04-18,6.5694,6.5694,6.5694,6.5694,75888000,0.00%,133389381,241301363381,498538.63,0
2030-04-23,6.5694,6.5694,6.5694,6.5694,74524000,0.00%,58865381,241301363381,489577.97,0
2030-04-24,6.5694,6.5759,6.5759,6.5694,83700000,0.10%,682209085,242008407085,550402.83,707043703
2030-04-25,6.5759,6.5759,6.5759,6.5759,58621000,0.00%,623588085,242008407085,385485.83,0
2030-04-26,6.5759,6.5759,6.5759,6.5759,89125000,0.00%,534463085,242008407085,586077.09,0
2030-04-29,6.5759,6.5759,6.5759,6.5759,42811000,0.00%,491652085,242008407085,281520.85,0
2030-04-30,6.5759,6.5759,6.5759,6.5759,50747000,0.00%,440905085,242008407085,333707.2,0
2030-05-01,6.5759,6.5759,6.5759,6.5759,47461000,0.00%,393444085,242008407085,312098.79,0
2030-05-03,6.5759,6.5759,6.5759,6.5759,41044000,0.00%,352400085,242008407085,269901.24,0
2030-05-07,6.5759,6.5759,6.5759,6.5759,61411000,0.00%,290989085,242008407085,403832.59,0
2030-05-08,6.5759,6.5759,6.5759,6.5759,79422000,0.00%,211567085,242008407085,522271.13,0
2030-05-09,6.5759,6.5759,6.5759,6.5759,61442000,0.00%,150125085,242008407085,404036.45,0
2030-05-10,6.5759,6.5759,6.5759,6.5759,42718000,0.00%,107407085,242008407085,280909.3,0
2030-05-13,6.5759,6.5825,6.5825,6.5759,111135000,0.10%,704474350,242716609350,731546.14,708202265
2030-05-14,6.5825,6.5825,6.5825,6.5825,71672000,0.00%,632802350,242716609350,471780.94,0
2030-05-15,6.5825,6.5825,6.5825,6.5825,75299000,0.00%,557503350,242716609350,495655.67,0
2030-05-16,6.5825,6.5825,6.5825,6.5825,101679999,0.00%,455823350,242716609350,669308.6,0
2030-05-17,6.5825,6.5825,6.5825,6.5825,66123000,0.00%,389700350,242716609350,435254.65,0
2030-05-20,6.5825,6.5825,6.5825,6.5825,69626000,0.00%,320074350,242716609350,458313.15,0
2030-05-21,6.5825,6.5825,6.5825,6.5825,48949000,0.00%,271125350,242716609350,322206.79,0
2030-05-22,6.5825,6.5825,6.5825,6.5825,58652000,0.00%,212473350,242716609350,386076.79,0
2030-05-23,6.5825,6.5825,6.5825,6.5825,44268000,0.00%,168205350,242716609350,291394.11,0
2030-05-24,6.5825,6.5825,6.5825,6.5825,50406000,0.00%,117799350,242716609350,331797.49,0
2030-05-27,6.5825,6.5825,6.5825,6.5825,53599000,0.00%,64200350,242716609350,352815.42,0
2030-05-28,6.5825,6.5825,6.5825,6.5825,46469000,0.00%,17731350,242716609350,305882.19,0
2030-05-29,6.5825,6.5891,6.5891,6.5825,52111000,0.10%,675046230,243426035230,343364.59,709425880
2030-05-30,6.5891,6.5891,6.5891,6.5891,60047000,0.00%,614999230,243426035230,395655.69,0
2030-05-31,6.5891,6.5891,6.5891,6.5891,87668000,0.00%,527331230,243426035230,577653.22,0
2030-06-03,6.5891,6.5891,6.5891,6.5891,40579000,0.00%,486752230,243426035230,267379.09,0
2030-06-04,6.5891,6.5891,6.5891,6.5891,45291000,0.00%,441461230,243426035230,298426.93,0
2030-06-05,6.5891,6.5891,6.5891,6.5891,56978000,0.00%,384483230,243426035230,375433.74,0
2030-06-06,6.5891,6.5891,6.5891,6.5891,59923000,0.00%,324560230,243426035230,394838.64,0
2030-06-07,6.5891,6.5891,6.5891,6.5891,40734000,0.00%,283826230,243426035230,268400.4,0
2030-06-10,6.5891,6.5891,6.5891,6.5891,57288000,0.00%,226538230,243426035230,377476.36,0
2030-06-11,6.5891,6.5891,6.5891,6.5891,52824000,0.00%,173714230,243426035230,348062.62,0
2030-06-12,6.5891,6.5891,6.5891,6.5891,45818000,0.00%,127896230,243426035230,301899.38,0
2030-06-13,6.5891,6.5891,6.5891,6.5891,41447000,0.00%,86449230,243426035230,273098.43,0
2030-06-14,6.5891,6.5891,6.5891,6.5891,59179000,0.00%,27270230,243426035230,389936.35,0
2030-06-17,6.5891,6.5957,6.5957,6.5891,42718000,0.10%,688988730,244130471730,281755.11,704436499
2030-06-18,6.5957,6.5957,6.5957,6.5957,35712000,0.00%,653276730,244130471730,235545.64,0
2030-06-19,6.5957,6.5957,6.5957,6.5957,47089000,0.00%,606187730,244130471730,310584.92,0
2030-06-20,6.5957,6.5957,6.5957,6.5957,60109000,0.00%,546078730,244130471730,396460.93,0
2030-06-21,6.5957,6.5957,6.5957,6.5957,63922000,0.00%,482156730,244130471730,421610.34,0
2030-06-24,6.5957,6.5957,6.5957,6.5957,44175000,0.00%,437981730,244130471730,291365.05,0
2030-06-25,6.5957,6.5957,6.5957,6.5957,55087000,0.00%,382894730,244130471730,363337.33,0
2030-06-26,6.5957,6.5957,6.5957,6.5957,54529000,0.00%,328365730,244130471730,359656.93,0
2030-06-27,6.5957,6.5957,6.5957,6.5957,46500000,0.00%,281865730,244130471730,306700.05,0
2030-06-28,6.5957,6.5957,6.5957,6.5957,47058000,0.00%,234807730,244130471730,310380.45,0
2030-07-01,6.5957,6.5957,6.5957,6.5957,57226000,0.00%,177581730,244130471730,377445.53,0
2030-07-03,6.5957,6.5957,6.5957,6.5957,56420000,0.00%,121161730,244130471730,372129.39,0
2030-07-04,6.5957,6.5957,6.5957,6.5957,58776000,0.00%,62385730,244130471730,387668.86,0
2030-07-05,6.5957,6.5957,6.5957,6.5957,45446000,0.00%,16939730,244130471730,299748.18,0
2030-07-08,6.5957,6.6023,6.6023,6.5957,36053000,0.10%,676471362,244826056362,238032.72,695584631
2030-07-09,6.6023,6.6023,6.6023,6.6023,40827000,0.00%,635644362,244826056362,269552.1,0
2030-07-10,6.6023,6.6023,6.6023,6.6023,55242000,0.00%,580402362,244826056362,364724.26,0
2030-07-11,6.6023,6.6023,6.6023,6.6023,43493000,0.00%,536909362,244826056362,287153.83,0
2030-07-12,6.6023,6.6023,6.6023,6.6023,59613000,0.00%,477296362,244826056362,393582.91,0
2030-07-15,6.6023,6.6023,6.6023,6.6023,36270000,0.00%,441026362,244826056362,239465.42,0
2030-07-16,6.6023,6.6023,6.6023,6.6023,85095000,0.00%,355931362,244826056362,561822.72,0
2030-07-17,6.6023,6.6023,6.6023,6.6023,72075000,0.00%,283856362,244826056362,475860.77,0
2030-07-18,6.6023,6.6023,6.6023,6.6023,42594000,0.00%,241262362,244826056362,281218.37,0
2030-07-19,6.6023,6.6023,6.6023,6.6023,42718000,0.00%,198544362,244826056362,282037.05,0
2030-07-22,6.6023,6.6023,6.6023,6.6023,41137000,0.00%,157407362,244826056362,271598.82,0
2030-07-23,6.6023,6.6023,6.6023,6.6023,54560000,0.00%,102847362,244826056362,360221.49,0
2030-07-24,6.6023,6.6089,6.6089,6.6023,144894000,0.10%,646446125,245514549125,957589.96,688492763
2030-07-25,6.6089,6.6089,6.6089,6.6089,74958000,0.00%,571488125,245514549125,495389.93,0
2030-07-26,6.6089,6.6089,6.6089,6.6089,61659000,0.00%,509829125,245514549125,407498.17,0
2030-07-29,6.6089,6.6089,6.6089,6.6089,45446000,0.00%,464383125,245514549125,300348.07,0
2030-07-30,6.6089,6.6089,6.6089,6.6089,52235000,0.00%,412148125,245514549125,345215.89,0
2030-07-31,6.6089,6.6089,6.6089,6.6089,60016000,0.00%,352132125,245514549125,396639.74,0
2030-08-01,6.6089,6.6089,6.6089,6.6089,63395000,0.00%,288737125,245514549125,418971.22,0
2030-08-02,6.6089,6.6089,6.6089,6.6089,65720000,0.00%,223017125,245514549125,434336.91,0
2030-08-05,6.6089,6.6089,6.6089,6.6089,53754000,0.00%,169263125,245514549125,355254.81,0
2030-08-06,6.6089,6.6089,6.6089,6.6089,53785000,0.00%,115478125,245514549125,355459.69,0
2030-08-07,6.6089,6.6089,6.6089,6.6089,64294000,0.00%,51184125,245514549125,424912.62,0
2030-08-08,6.6089,6.6155,6.6155,6.6089,52514000,0.10%,682431466,246198310466,347406.37,683761340
2030-08-09,6.6155,6.6155,6.6155,6.6155,41261000,0.00%,641170466,246198310466,272962.15,0
2030-08-12,6.6155,6.6155,6.6155,6.6155,36549000,0.00%,604621466,246198310466,241789.91,0
2030-08-13,6.6155,6.6155,6.6155,6.6155,42873000,0.00%,561748466,246198310466,283626.33,0
2030-08-14,6.6155,6.6155,6.6155,6.6155,116560000,0.00%,445188466,246198310466,771102.68,0
2030-08-15,6.6155,6.6155,6.6155,6.6155,112654000,0.00%,332534466,246198310466,745262.54,0
2030-08-16,6.6155,6.6155,6.6155,6.6155,68758000,0.00%,263776466,246198310466,454868.55,0
2030-08-19,6.6155,6.6155,6.6155,6.6155,54529000,0.00%,209247466,246198310466,360736.6,0
2030-08-20,6.6155,6.6155,6.6155,6.6155,50716000,0.00%,158531466,246198310466,335511.7,0
2030-08-21,6.6155,6.6155,6.6155,6.6155,49445000,0.00%,109086466,246198310466,327103.4,0
2030-08-22,6.6155,6.6155,6.6155,6.6155,44299000,0.00%,64787466,246198310466,293060.03,0
2030-08-23,6.6155,6.6155,6.6155,6.6155,60078000,0.00%,4709466,246198310466,397446.01,0
2030-08-26,6.6155,6.6221,6.6221,6.6155,79639000,0.10%,605387536,246878627536,527377.42,680317069
2030-08-27,6.6221,6.6221,6.6221,6.6221,64046000,0.00%,541341536,246878627536,424119.02,0
2030-08-28,6.6221,6.6221,6.6221,6.6221,65906000,0.00%,475435536,246878627536,436436.12,0
2030-08-29,6.6221,6.6221,6.6221,6.6221,67301000,0.00%,408134536,246878627536,445673.95,0
2030-08-30,6.6221,6.6221,6.6221,6.6221,56513000,0.00%,351621536,246878627536,374234.74,0
2030-09-02,6.6221,6.6221,6.6221,6.6221,49476000,0.00%,302145536,246878627536,327635.02,0
2030-09-03,6.6221,6.6221,6.6221,6.6221,45911000,0.00%,256234536,246878627536,304027.23,0
2030-09-04,6.6221,6.6221,6.6221,6.6221,48112000,0.00%,208122536,246878627536,318602.48,0
2030-09-05,6.6221,6.6221,6.6221,6.6221,55800000,0.00%,152322536,246878627536,369513.18,0
2030-09-06,6.6221,6.6221,6.6221,6.6221,59055000,0.00%,93267536,246878627536,391068.12,0
2030-09-09,6.6221,6.6221,6.6221,6.6221,67642000,0.00%,25625536,246878627536,447932.09,0
2030-09-10,6.6221,6.6287,6.6287,6.6221,61597000,0.10%,644828770,247559427770,408308.03,680800234
2030-09-11,6.6287,6.6287,6.6287,6.6287,59489000,0.00%,585339770,247559427770,394334.73,0
2030-09-12,6.6287,6.6287,6.6287,6.6287,56389000,0.00%,528950770,247559427770,373785.76,0
2030-09-13,6.6287,6.6287,6.6287,6.6287,64418000,0.00%,464532770,247559427770,427007.6,0
2030-09-16,6.6287,6.6287,6.6287,6.6287,50747000,0.00%,413785770,247559427770,336386.64,0
2030-09-17,6.6287,6.6287,6.6287,6.6287,41354000,0.00%,372431770,247559427770,274123.26,0
2030-09-18,6.6287,6.6287,6.6287,6.6287,69285000,0.00%,303146770,247559427770,459269.48,0
2030-09-19,6.6287,6.6287,6.6287,6.6287,92969000,0.00%,210177770,247559427770,616263.61,0
2030-09-20,6.6287,6.6287,6.6287,6.6287,64511000,0.00%,145666770,247559427770,427624.07,0
2030-09-23,6.6287,6.6287,6.6287,6.6287,39990000,0.00%,105676770,247559427770,265081.71,0
2030-09-24,6.6287,6.6287,6.6287,6.6287,47399000,0.00%,58277770,247559427770,314193.75,0
2030-09-25,6.6287,6.6287,6.6287,6.6287,57164000,0.00%,1113770,247559427770,378923.01,0
2030-09-26,6.6287,6.6354,6.6354,6.6287,53878000,0.10%,632679008,248244871008,357502.08,685443238
2030-09-27,6.6354,6.6354,6.6354,6.6354,60450000,0.00%,572229008,248244871008,401109.93,0
2030-09-30,6.6354,6.6354,6.6354,6.6354,63519000,0.00%,508710008,248244871008,421473.97,0
2030-10-01,6.6354,6.6354,6.6354,6.6354,63891000,0.00%,444819008,248244871008,423942.34,0
2030-10-03,6.6354,6.6354,6.6354,6.6354,53134000,0.00%,391685008,248244871008,352565.34,0
2030-10-04,6.6354,6.6354,6.6354,6.6354,22103000,0.00%,369582008,248244871008,146662.25,0
2030-10-07,6.6354,6.6354,6.6354,6.6354,24273000,0.00%,345309008,248244871008,161061.06,0
2030-10-09,6.6354,6.6354,6.6354,6.6354,32674000,0.00%,312635008,248244871008,216805.06,0
2030-10-10,6.6354,6.6354,6.6354,6.6354,44795000,0.00%,267840008,248244871008,297232.74,0
2030-10-11,6.6354,6.6354,6.6354,6.6354,61690000,0.00%,206150008,248244871008,409337.83,0
2030-10-14,6.6354,6.6354,6.6354,6.6354,117831000,0.00%,88319008,248244871008,781855.82,0
2030-10-15,6.6354,6.6354,6.6354,6.6354,83080000,0.00%,5239008,248244871008,551269.03,0
2030-10-16,6.6354,6.642,6.642,6.6354,56978000,0.10%,634463059,248931073059,378447.88,686202050
2030-10-17,6.642,6.642,6.642,6.642,44299000,0.00%,590164059,248931073059,294233.96,0
2030-10-18,6.642,6.642,6.642,6.642,57815000,0.00%,532349059,248931073059,384007.23,0
2030-10-21,6.642,6.642,6.642,6.642,46376000,0.00%,485973059,248931073059,308029.39,0
2030-10-22,6.642,6.642,6.642,6.642,43927000,0.00%,442046059,248931073059,291763.13,0
2030-10-23,6.642,6.642,6.642,6.642,30938000,0.00%,411108059,248931073059,205490.2,0
2030-10-24,6.642,6.642,6.642,6.642,38502000,0.00%,372606059,248931073059,255730.28,0
2030-10-25,6.642,6.642,6.642,6.642,37200000,0.00%,335406059,248931073059,247082.4,0
2030-10-28,6.642,6.642,6.642,6.642,49724000,0.00%,285682059,248931073059,330266.81,0
2030-10-29,6.642,6.642,6.642,6.642,50530000,0.00%,235152059,248931073059,335620.26,0
2030-10-31,6.642,6.642,6.642,6.642,67487000,0.00%,167665059,248931073059,448248.65,0
2030-11-01,6.642,6.642,6.642,6.642,63798000,0.00%,103867059,248931073059,423746.32,0
2030-11-04,6.642,6.642,6.642,6.642,35929000,0.00%,67938059,248931073059,238640.42,0
2030-11-05,6.642,6.642,6.642,6.642,46407000,0.00%,21531059,248931073059,308235.29,0
2030-11-06,6.642,6.6486,6.6486,6.642,41261000,0.10%,665980086,249616783086,274327.88,685710026
2030-11-07,6.6486,6.6486,6.6486,6.6486,40548000,0.00%,625432086,249616783086,269587.43,0
2030-11-08,6.6486,6.6486,6.6486,6.6486,41261000,0.00%,584171086,249616783086,274327.88,0
2030-11-11,6.6486,6.6486,6.6486,6.6486,44981000,0.00%,539190086,249616783086,299060.68,0
2030-11-12,6.6486,6.6486,6.6486,6.6486,40579000,0.00%,498611086,249616783086,269793.54,0
2030-11-13,6.6486,6.6486,6.6486,6.6486,42346000,0.00%,456265086,249616783086,281541.62,0
2030-11-14,6.6486,6.6486,6.6486,6.6486,53630000,0.00%,402635086,249616783086,356564.42,0
2030-11-15,6.6486,6.6486,6.6486,6.6486,61876000,0.00%,340759086,249616783086,411388.77,0
2030-11-18,6.6486,6.6486,6.6486,6.6486,42749000,0.00%,298010086,249616783086,284221.0,0
2030-11-19,6.6486,6.6486,6.6486,6.6486,58342000,0.00%,239668086,249616783086,387892.62,0
2030-11-20,6.6486,6.6486,6.6486,6.6486,43276000,0.00%,196392086,249616783086,287724.81,0
2030-11-21,6.6486,6.6486,6.6486,6.6486,43462000,0.00%,152930086,249616783086,288961.45,0
2030-11-22,6.6486,6.6486,6.6486,6.6486,73563000,0.00%,79367086,249616783086,489090.96,0
2030-11-25,6.6486,6.6486,6.6486,6.6486,69378000,0.00%,9989086,249616783086,461266.57,0
2030-11-26,6.6486,6.6553,6.6553,6.6486,46128000,0.10%,652214084,250305136084,306995.68,688352998
2030-11-27,6.6553,6.6553,6.6553,6.6553,44733000,0.00%,607481084,250305136084,297711.53,0
2030-11-28,6.6553,6.6553,6.6553,6.6553,48019000,0.00%,559462084,250305136084,319580.85,0
2030-11-29,6.6553,6.6553,6.6553,6.6553,40982000,0.00%,518480084,250305136084,272747.5,0
2030-12-02,6.6553,6.6553,6.6553,6.6553,39184000,0.00%,479296084,250305136084,260781.28,0
2030-12-03,6.6553,6.6553,6.6553,6.6553,35526000,0.00%,443770084,250305136084,236436.19,0
2030-12-04,6.6553,6.6553,6.6553,6.6553,34100000,0.00%,409670084,250305136084,226945.73,0
2030-12-05,6.6553,6.6553,6.6553,6.6553,47523000,0.00%,362147084,250305136084,316279.82,0
2030-12-06,6.6553,6.6553,6.6553,6.6553,45384000,0.00%,316763084,250305136084,302044.14,0
2030-12-09,6.6553,6.6553,6.6553,6.6553,41602000,0.00%,275161084,250305136084,276873.79,0
2030-12-10,6.6553,6.6553,6.6553,6.6553,54033000,0.00%,221128084,250305136084,359605.82,0
2030-12-11,6.6553,6.6553,6.6553,6.6553,45725000,0.00%,175403084,250305136084,304313.59,0
2030-12-12,6.6553,6.6553,6.6553,6.6553,38688000,0.00%,136715084,250305136084,257480.25,0
2030-12-13,6.6553,6.6553,6.6553,6.6553,55273000,0.00%,81442084,250305136084,367858.4,0
2030-12-16,6.6553,6.6553,6.6553,6.6553,47027000,0.00%,34415084,250305136084,312978.79,0
2030-12-17,6.6553,6.6619,6.6619,6.6553,49569000,0.10%,661561127,250981851127,330223.72,676715042
2030-12-18,6.6619,6.6619,6.6619,6.6619,45942000,0.00%,615619127,250981851127,306061.01,0
2030-12-19,6.6619,6.6619,6.6619,6.6619,31465000,0.00%,584154127,250981851127,209616.68,0
2030-12-20,6.6619,6.6619,6.6619,6.6619,55087000,0.00%,529067127,250981851127,366984.09,0
2030-12-23,6.6619,6.6619,6.6619,6.6619,42997000,0.00%,486070127,250981851127,286441.71,0
2030-12-24,6.6619,6.6619,6.6619,6.6619,48422000,0.00%,437648127,250981851127,322582.52,0
2030-12-25,6.6619,6.6619,6.6619,6.6619,22692000,0.00%,414956127,250981851127,151171.83,0
2030-12-30,6.6619,6.6619,6.6619,6.6619,57350000,0.00%,357606127,250981851127,382059.97,0
2030-12-31,6.6619,6.6619,6.6619,6.6619,42098000,0.00%,315508127,250981851127,280452.67,0
2031-01-01,6.6619,6.6619,6.6619,6.6619,34688000,0.00%,280820127,250981851127,231087.99,0
2031-01-03,6.6619,6.6619,6.6619,6.6619,51840000,0.00%,228980127,250981851127,345352.9,0
2031-01-06,6.6619,6.6619,6.6619,6.6619,63840000,0.00%,165140127,250981851127,425295.7,0
2031-01-07,6.6619,6.6619,6.6619,6.6619,77344000,0.00%,87796127,250981851127,515257.99,0
2031-01-08,6.6619,6.6619,6.6619,6.6619,68416000,0.00%,19380127,250981851127,455780.55,0
2031-01-09,6.6619,6.6686,6.6686,6.6619,59968000,0.10%,612645775,251635084775,399902.6,653233647
2031-01-10,6.6686,6.6686,6.6686,6.6686,56992000,0.00%,555653775,251635084775,380056.85,0
2031-01-13,6.6686,6.6686,6.6686,6.6686,88096000,0.00%,467557775,251635084775,587476.99,0
2031-01-14,6.6686,6.6686,6.6686,6.6686,77472000,0.00%,390085775,251635084775,516629.78,0
2031-01-15,6.6686,6.6686,6.6686,6.6686,91776000,0.00%,298309775,251635084775,612017.43,0
2031-01-16,6.6686,6.6686,6.6686,6.6686,83808000,0.00%,214501775,251635084775,558882.03,0
2031-01-17,6.6686,6.6686,6.6686,6.6686,65984000,0.00%,148517775,251635084775,440020.9,0
2031-01-20,6.6686,6.6686,6.6686,6.6686,42336000,0.00%,106181775,251635084775,282321.85,0
2031-01-21,6.6686,6.6686,6.6686,6.6686,77856000,0.00%,28325775,251635084775,519190.52,0
2031-01-22,6.6686,6.6753,6.6753,6.6686,51200000,0.10%,637852804,252295811804,341775.36,660727028
2031-01-23,6.6753,6.6753,6.6753,6.6753,86944000,0.00%,550908804,252295811804,580377.28,0
2031-01-24,6.6753,6.6753,6.6753,6.6753,61376000,0.00%,489532804,252295811804,409703.21,0
2031-01-27,6.6753,6.6753,6.6753,6.6753,55808000,0.00%,433724804,252295811804,372535.14,0
2031-01-28,6.6753,6.6753,6.6753,6.6753,76448000,0.00%,357276804,252295811804,510313.33,0
2031-01-29,6.6753,6.6753,6.6753,6.6753,81856000,0.00%,275420804,252295811804,546413.36,0
2031-01-30,6.6753,6.6753,6.6753,6.6753,73440000,0.00%,201980804,252295811804,490234.03,0
2031-01-31,6.6753,6.6753,6.6753,6.6753,68736000,0.00%,133244804,252295811804,458833.42,0
2031-02-03,6.6753,6.6753,6.6753,6.6753,89376000,0.00%,43868804,252295811804,596611.61,0
2031-02-04,6.6753,6.6819,6.6819,6.6753,208416000,0.10%,503169633,252963528633,1392614.87,667716829
2031-02-05,6.6819,6.6819,6.6819,6.6819,193184000,0.00%,309985633,252963528633,1290836.17,0
2031-02-06,6.6819,6.6819,6.6819,6.6819,253792000,0.00%,56193633,252963528633,1695812.76,0
2031-02-07,6.6819,6.6886,6.6886,6.6819,113280000,0.10%,622675828,253643290828,757684.61,679762194
2031-02-10,6.6886,6.6886,6.6886,6.6886,84416000,0.00%,538259828,253643290828,564624.86,0
2031-02-11,6.6886,6.6886,6.6886,6.6886,93472000,0.00%,444787828,253643290828,625196.82,0
2031-02-12,6.6886,6.6886,6.6886,6.6886,76032000,0.00%,368755828,253643290828,508547.64,0
2031-02-13,6.6886,6.6886,6.6886,6.6886,127328000,0.00%,241427828,253643290828,851646.06,0
2031-02-14,6.6886,6.6886,6.6886,6.6886,86080000,0.00%,155347828,253643290828,575754.69,0
2031-02-17,6.6886,6.6886,6.6886,6.6886,23104000,0.00%,132243828,253643290828,154533.41,0
2031-02-21,6.6886,6.6886,6.6886,6.6886,68320000,0.00%,63923828,253643290828,456965.15,0
2031-02-24,6.6886,6.6953,6.6953,6.6886,70848000,0.10%,680385499,254330600499,474348.61,687309670
2031-02-25,6.6953,6.6953,6.6953,6.6953,115616000,0.00%,564769499,254330600499,774083.8,0
2031-02-26,6.6953,6.6953,6.6953,6.6953,73088000,0.00%,491681499,254330600499,489346.09,0
2031-02-27,6.6953,6.6953,6.6953,6.6953,81760000,0.00%,409921499,254330600499,547407.73,0
2031-02-28,6.6953,6.6953,6.6953,6.6953,103136000,0.00%,306785499,254330600499,690526.46,0
2031-03-03,6.6953,6.6953,6.6953,6.6953,98624000,0.00%,208161499,254330600499,660317.27,0
2031-03-04,6.6953,6.6953,6.6953,6.6953,87584000,0.00%,120577499,254330600499,586401.16,0
2031-03-05,6.6953,6.6953,6.6953,6.6953,105504000,0.00%,15073499,254330600499,706380.93,0
2031-03-06,6.6953,6.702,6.702,6.6953,76672000,0.10%,634969104,255027168104,513855.74,696567605
2031-03-07,6.702,6.702,6.702,6.702,97152000,0.00%,537817104,255027168104,651112.7,0
2031-03-10,6.702,6.702,6.702,6.702,100416000,0.00%,437401104,255027168104,672988.03,0
2031-03-11,6.702,6.702,6.702,6.702,185152000,0.00%,252249104,255027168104,1240888.7,0
2031-03-12,6.702,6.702,6.702,6.702,152384000,0.00%,99865104,255027168104,1021277.57,0
2031-03-13,6.702,6.702,6.702,6.702,62912000,0.00%,36953104,255027168104,421636.22,0
2031-03-14,6.702,6.7087,6.7087,6.702,54976000,0.10%,687966216,255733157216,368817.49,705989112
2031-03-17,6.7087,6.7087,6.7087,6.7087,77504000,0.00%,610462216,255733157216,519951.08,0
2031-03-18,6.7087,6.7087,6.7087,6.7087,73184000,0.00%,537278216,255733157216,490969.5,0
2031-03-19,6.7087,6.7087,6.7087,6.7087,68320000,0.00%,468958216,255733157216,458338.38,0
2031-03-20,6.7087,6.7087,6.7087,6.7087,190176000,0.00%,278782216,255733157216,1275833.73,0
2031-03-21,6.7087,6.7087,6.7087,6.7087,79744000,0.00%,199038216,255733157216,534978.57,0
2031-03-24,6.7087,6.7087,6.7087,6.7087,112384000,0.00%,86654216,255733157216,753950.54,0
2031-03-25,6.7087,6.7154,6.7154,6.7087,93952000,0.10%,708101245,256448556245,630925.26,715399028
2031-03-26,6.7154,6.7154,6.7154,6.7154,119520000,0.00%,588581245,256448556245,802624.61,0
2031-03-27,6.7154,6.7154,6.7154,6.7154,72384000,0.00%,516197245,256448556245,486087.51,0
2031-03-28,6.7154,6.7154,6.7154,6.7154,65120000,0.00%,451077245,256448556245,437306.85,0
2031-03-31,6.7154,6.7154,6.7154,6.7154,90912000,0.00%,360165245,256448556245,610510.44,0
2031-04-01,6.7154,6.7154,6.7154,6.7154,82560000,0.00%,277605245,256448556245,554423.42,0
2031-04-02,6.7154,6.7154,6.7154,6.7154,68096000,0.00%,209509245,256448556245,457291.88,0
2031-04-03,6.7154,6.7154,6.7154,6.7154,54496000,0.00%,155013245,256448556245,365962.44,0
2031-04-09,6.7154,6.7154,6.7154,6.7154,105152000,0.00%,49861245,256448556245,706137.74,0
2031-04-10,6.7154,6.7221,6.7221,6.7154,66304000,0.10%,676609196,257141608196,445702.12,693051951
2031-04-11,6.7221,6.7221,6.7221,6.7221,66144000,0.00%,610465196,257141608196,444626.58,0
2031-04-14,6.7221,6.7221,6.7221,6.7221,67648000,0.00%,542817196,257141608196,454736.62,0
2031-04-15,6.7221,6.7221,6.7221,6.7221,57056000,0.00%,485761196,257141608196,383536.14,0
2031-04-16,6.7221,6.7221,6.7221,6.7221,64928000,0.00%,420833196,257141608196,436452.51,0
2031-04-17,6.7221,6.7221,6.7221,6.7221,72192000,0.00%,348641196,257141608196,485281.84,0
2031-04-18,6.7221,6.7221,6.7221,6.7221,44000000,0.00%,304641196,257141608196,295772.4,0
2031-04-21,6.7221,6.7221,6.7221,6.7221,74976000,0.00%,229665196,257141608196,503996.17,0
2031-04-22,6.7221,6.7221,6.7221,6.7221,41952000,0.00%,187713196,257141608196,282005.54,0
2031-04-23,6.7221,6.7221,6.7221,6.7221,74144000,0.00%,113569196,257141608196,498403.38,0
2031-04-24,6.7221,6.7221,6.7221,6.7221,75200000,0.00%,38369196,257141608196,505501.92,0
2031-04-25,6.7221,6.7289,6.7289,6.7221,59424000,0.10%,669368585,257832031585,399858.15,690423388
2031-04-28,6.7289,6.7289,6.7289,6.7289,144160000,0.00%,525208585,257832031585,970038.22,0
2031-04-29,6.7289,6.7289,6.7289,6.7289,82528000,0.00%,442680585,257832031585,555322.66,0
2031-04-30,6.7289,6.7289,6.7289,6.7289,61824000,0.00%,380856585,257832031585,416007.51,0
2031-05-01,6.7289,6.7289,6.7289,6.7289,122912000,0.00%,257944585,257832031585,827062.56,0
2031-05-05,6.7289,6.7289,6.7289,6.7289,76032000,0.00%,181912585,257832031585,511611.72,0
2031-05-06,6.7289,6.7289,6.7289,6.7289,41600000,0.00%,140312585,257832031585,279922.24,0
2031-05-07,6.7289,6.7356,6.7356,6.7289,141984000,0.10%,686503648,258520206648,956347.43,688175062
2031-05-08,6.7356,6.7356,6.7356,6.7356,131168000,0.00%,555335648,258520206648,883495.18,0
2031-05-09,6.7356,6.7356,6.7356,6.7356,80672000,0.00%,474663648,258520206648,543374.32,0
2031-05-12,6.7356,6.7356,6.7356,6.7356,88992000,0.00%,385671648,258520206648,599414.52,0
2031-05-13,6.7356,6.7356,6.7356,6.7356,103904000,0.00%,281767648,258520206648,699855.78,0
2031-05-14,6.7356,6.7356,6.7356,6.7356,85184000,0.00%,196583648,258520206648,573765.35,0
2031-05-15,6.7356,6.7356,6.7356,6.7356,125888000,0.00%,70695648,258520206648,847931.21,0
2031-05-16,6.7356,6.7423,6.7423,6.7356,84640000,0.10%,651634973,259185785973,570668.27,665579325
2031-05-19,6.7423,6.7423,6.7423,6.7423,94400000,0.00%,557234973,259185785973,636473.12,0
2031-05-20,6.7423,6.7423,6.7423,6.7423,107968000,0.00%,449266973,259185785973,727952.65,0
2031-05-21,6.7423,6.7423,6.7423,6.7423,60576000,0.00%,388690973,259185785973,408421.56,0
2031-05-22,6.7423,6.7423,6.7423,6.7423,126880000,0.00%,261810973,259185785973,855463.02,0
2031-05-23,6.7423,6.7423,6.7423,6.7423,76800000,0.00%,185010973,259185785973,517808.64,0
2031-05-27,6.7423,6.7423,6.7423,6.7423,104960000,0.00%,80050973,259185785973,707671.81,0
2031-05-28,6.7423,6.7423,6.7423,6.7423,79552000,0.00%,498973,259185785973,536363.45,0
2031-05-29,6.7423,6.7491,6.7491,6.7423,135040000,0.10%,521385116,259841712116,911398.46,655926142
2031-05-30,6.7491,6.7491,6.7491,6.7491,153632000,0.00%,367753116,259841712116,1036877.73,0
2031-06-02,6.7491,6.7491,6.7491,6.7491,112512000,0.00%,255241116,259841712116,759354.74,0
2031-06-03,6.7491,6.7558,6.7558,6.7491,325984000,0.10%,593612070,260506067070,2202282.71,664354954
2031-06-04,6.7558,6.7558,6.7558,6.7558,157120000,0.00%,436492070,260506067070,1061471.3,0
2031-06-05,6.7558,6.7558,6.7558,6.7558,92960000,0.00%,343532070,260506067070,628019.17,0
2031-06-06,6.7558,6.7558,6.7558,6.7558,101280000,0.00%,242252070,260506067070,684227.42,0
2031-06-09,6.7558,6.7558,6.7558,6.7558,92864000,0.00%,149388070,260506067070,627370.61,0
2031-06-10,6.7558,6.7558,6.7558,6.7558,119648000,0.00%,29740070,260506067070,808317.96,0
2031-06-11,6.7558,6.7626,6.7626,6.7558,114528000,0.10%,585000201,261175855201,774507.05,669788131
2031-06-12,6.7626,6.7626,6.7626,6.7626,91456000,0.00%,493544201,261175855201,618480.35,0
2031-06-13,6.7626,6.7626,6.7626,6.7626,71456000,0.00%,422088201,261175855201,483228.35,0
2031-06-16,6.7626,6.7626,6.7626,6.7626,63200000,0.00%,358888201,261175855201,427396.32,0
2031-06-17,6.7626,6.7626,6.7626,6.7626,77824000,0.00%,281064201,261175855201,526292.58,0
2031-06-18,6.7626,6.7626,6.7626,6.7626,54272000,0.00%,226792201,261175855201,367019.83,0
2031-06-19,6.7626,6.7626,6.7626,6.7626,96384000,0.00%,130408201,261175855201,651806.44,0
2031-06-23,6.7626,6.7626,6.7626,6.7626,100992000,0.00%,29416201,261175855201,682968.5,0
2031-06-24,6.7626,6.7693,6.7693,6.7626,139008000,0.10%,561083834,261846530834,940986.85,670675633
2031-06-25,6.7693,6.7693,6.7693,6.7693,127872000,0.00%,433211834,261846530834,865603.93,0
2031-06-26,6.7693,6.7693,6.7693,6.7693,94304000,0.00%,338907834,261846530834,638372.07,0
2031-06-27,6.7693,6.7693,6.7693,6.7693,101984000,0.00%,236923834,261846530834,690360.29,0
2031-06-30,6.7693,6.7693,6.7693,6.7693,105824000,0.00%,131099834,261846530834,716354.4,0
2031-07-01,6.7693,6.7693,6.7693,6.7693,124768000,0.00%,6331834,261846530834,844592.02,0
2031-07-03,6.7693,6.7761,6.7761,6.7693,130912000,0.10%,537949012,262509060012,887072.8,662529177
2031-07-04,6.7761,6.7761,6.7761,6.7761,79872000,0.00%,458077012,262509060012,541220.66,0
2031-07-07,6.7761,6.7761,6.7761,6.7761,132800000,0.00%,325277012,262509060012,899866.08,0
2031-07-08,6.7761,6.7761,6.7761,6.7761,177344000,0.00%,147933012,262509060012,1201700.68,0
2031-07-09,6.7761,6.7829,6.7829,6.7761,180096000,0.10%,634320417,263175543417,1221573.16,666483404
2031-07-10,6.7829,6.7829,6.7829,6.7829,135680000,0.00%,498640417,263175543417,920303.87,0
2031-07-11,6.7829,6.7829,6.7829,6.7829,129408000,0.00%,369232417,263175543417,877761.52,0
2031-07-14,6.7829,6.7829,6.7829,6.7829,98048000,0.00%,271184417,263175543417,665049.78,0
2031-07-15,6.7829,6.7829,6.7829,6.7829,106016000,0.00%,165168417,263175543417,719095.93,0
2031-07-16,6.7829,6.7829,6.7829,6.7829,63712000,0.00%,101456417,263175543417,432152.12,0
2031-07-17,6.7829,6.7829,6.7829,6.7829,64576000,0.00%,36880417,263175543417,438012.55,0
2031-07-18,6.7829,6.7897,6.7897,6.7829,47232000,0.10%,661473192,263847368192,320691.11,671824775
2031-07-21,6.7897,6.7897,6.7897,6.7897,54112000,0.00%,607361192,263847368192,367404.25,0
2031-07-22,6.7897,6.7897,6.7897,6.7897,63392000,0.00%,543969192,263847368192,430412.66,0
2031-07-23,6.7897,6.7897,6.7897,6.7897,64960000,0.00%,479009192,263847368192,441058.91,0
2031-07-24,6.7897,6.7897,6.7897,6.7897,50208000,0.00%,428801192,263847368192,340897.26,0
2031-07-25,6.7897,6.7897,6.7897,6.7897,53632000,0.00%,375169192,263847368192,364145.19,0
2031-07-28,6.7897,6.7897,6.7897,6.7897,263328000,0.00%,111841192,263847368192,1787918.12,0
2031-07-29,6.7897,6.7964,6.7964,6.7897,345696000,0.10%,454892811,264536115811,2349488.29,688747618
2031-07-30,6.7964,6.7964,6.7964,6.7964,361152000,0.00%,93740811,264536115811,2454533.45,0
2031-07-31,6.7964,6.8032,6.8032,6.7964,233280000,0.10%,562891679,265238546679,1587050.5,702430867
2031-08-01,6.8032,6.8032,6.8032,6.8032,129472000,0.00%,433419679,265238546679,880823.91,0
2031-08-04,6.8032,6.8032,6.8032,6.8032,94240000,0.00%,339179679,265238546679,641133.57,0
2031-08-05,6.8032,6.81,6.81,6.8032,376992000,0.10%,676493049,265952852049,2567315.52,714305369
2031-08-06,6.81,6.81,6.81,6.81,147520000,0.00%,528973049,265952852049,1004611.2,0
2031-08-07,6.81,6.81,6.81,6.81,187616000,0.00%,341357049,265952852049,1277664.96,0
2031-08-08,6.81,6.81,6.81,6.81,137440000,0.00%,203917049,265952852049,935966.4,0
2031-08-11,6.81,6.81,6.81,6.81,131072000,0.00%,72845049,265952852049,892600.32,0
2031-08-12,6.81,6.8169,6.8169,6.81,130816000,0.10%,671345864,266682168864,891759.59,729316815
2031-08-13,6.8169,6.8169,6.8169,6.8169,64480000,0.00%,606865864,266682168864,439553.71,0
2031-08-14,6.8169,6.8169,6.8169,6.8169,52320000,0.00%,554545864,266682168864,356660.21,0
2031-08-15,6.8169,6.8169,6.8169,6.8169,84544000,0.00%,470001864,266682168864,576327.99,0
2031-08-18,6.8169,6.8169,6.8169,6.8169,92864000,0.00%,377137864,266682168864,633044.6,0
2031-08-19,6.8169,6.8169,6.8169,6.8169,138048000,0.00%,239089864,266682168864,941059.41,0
2031-08-20,6.8169,6.8169,6.8169,6.8169,85120000,0.00%,153969864,266682168864,580254.53,0
2031-08-21,6.8169,6.8237,6.8237,6.8169,163520000,0.10%,729415009,267421134009,1115811.42,738965144
2031-08-22,6.8237,6.8237,6.8237,6.8237,166848000,0.00%,562567009,267421134009,1138520.7,0
2031-08-25,6.8237,6.8237,6.8237,6.8237,142784000,0.00%,419783009,267421134009,974315.18,0
2031-08-26,6.8237,6.8237,6.8237,6.8237,158464000,0.00%,261319009,267421134009,1081310.8,0
2031-08-27,6.8237,6.8237,6.8237,6.8237,131936000,0.00%,129383009,267421134009,900291.68,0
2031-08-28,6.8237,6.8237,6.8237,6.8237,55360000,0.00%,74023009,267421134009,377760.03,0
2031-08-29,6.8237,6.8305,6.8305,6.8237,75072000,0.10%,751245850,268173428850,512779.3,752294841
2031-09-01,6.8305,6.8305,6.8305,6.8305,59136000,0.00%,692109850,268173428850,403928.45,0
2031-09-02,6.8305,6.8305,6.8305,6.8305,166976000,0.00%,525133850,268173428850,1140529.57,0
2031-09-03,6.8305,6.8305,6.8305,6.8305,112960000,0.00%,412173850,268173428850,771573.28,0
2031-09-04,6.8305,6.8305,6.8305,6.8305,129504000,0.00%,282669850,268173428850,884577.07,0
2031-09-05,6.8305,6.8305,6.8305,6.8305,86848000,0.00%,195821850,268173428850,593215.26,0
2031-09-08,6.8305,6.8305,6.8305,6.8305,85664000,0.00%,110157850,268173428850,585127.95,0
2031-09-09,6.8305,6.8305,6.8305,6.8305,79872000,0.00%,30285850,268173428850,545565.7,0
2031-09-10,6.8305,6.8373,6.8373,6.8305,105600000,0.10%,690630499,268939373499,722018.88,765944648
2031-09-11,6.8373,6.8373,6.8373,6.8373,173088000,0.00%,517542499,268939373499,1183454.58,0
2031-09-12,6.8373,6.8373,6.8373,6.8373,114144000,0.00%,403398499,268939373499,780436.77,0
2031-09-15,6.8373,6.8373,6.8373,6.8373,89024000,0.00%,314374499,268939373499,608683.8,0
2031-09-16,6.8373,6.8373,6.8373,6.8373,63712000,0.00%,250662499,268939373499,435618.06,0
2031-09-17,6.8373,6.8373,6.8373,6.8373,115744000,0.00%,134918499,268939373499,791376.45,0
2031-09-18,6.8373,6.8373,6.8373,6.8373,78464000,0.00%,56454499,268939373499,536481.91,0
2031-09-19,6.8373,6.8442,6.8442,6.8373,76736000,0.10%,756135436,269715790436,525196.53,776416937
2031-09-22,6.8442,6.8442,6.8442,6.8442,49632000,0.00%,706503436,269715790436,339691.33,0
2031-09-23,6.8442,6.8442,6.8442,6.8442,52992000,0.00%,653511436,269715790436,362687.85,0
2031-09-25,6.8442,6.8442,6.8442,6.8442,71072000,0.00%,582439436,269715790436,486430.98,0
2031-09-26,6.8442,6.8442,6.8442,6.8442,53312000,0.00%,529127436,269715790436,364877.99,0
2031-09-29,6.8442,6.8442,6.8442,6.8442,57504000,0.00%,471623436,269715790436,393568.88,0
2031-09-30,6.8442,6.8442,6.8442,6.8442,67040000,0.00%,404583436,269715790436,458835.17,0
2031-10-01,6.8442,6.8442,6.8442,6.8442,58400000,0.00%,346183436,269715790436,399701.28,0
2031-10-02,6.8442,6.8442,6.8442,6.8442,55488000,0.00%,290695436,269715790436,379770.97,0
2031-10-06,6.8442,6.8442,6.8442,6.8442,37504000,0.00%,253191436,269715790436,256684.88,0
2031-10-07,6.8442,6.8442,6.8442,6.8442,38016000,0.00%,215175436,269715790436,260189.11,0
2031-10-08,6.8442,6.8442,6.8442,6.8442,34720000,0.00%,180455436,269715790436,237630.62,0
2031-10-09,6.8442,6.8442,6.8442,6.8442,46560000,0.00%,133895436,269715790436,318665.95,0
2031-10-10,6.8442,6.8442,6.8442,6.8442,95392000,0.00%,38503436,269715790436,652881.93,0
2031-10-13,6.8442,6.851,6.851,6.8442,83840000,0.10%,731055488,270492182488,574387.84,776392052
2031-10-14,6.851,6.851,6.851,6.851,52640000,0.00%,678415488,270492182488,360636.64,0
2031-10-17,6.851,6.851,6.851,6.851,93216000,0.00%,585199488,270492182488,638622.82,0
2031-10-20,6.851,6.851,6.851,6.851,66336000,0.00%,518863488,270492182488,454467.94,0
2031-10-21,6.851,6.851,6.851,6.851,49376000,0.00%,469487488,270492182488,338274.98,0
2031-10-22,6.851,6.851,6.851,6.851,104704000,0.00%,364783488,270492182488,717327.1,0
2031-10-23,6.851,6.851,6.851,6.851,53376000,0.00%,311407488,270492182488,365678.98,0
2031-10-24,6.851,6.851,6.851,6.851,40768000,0.00%,270639488,270492182488,279301.57,0
2031-10-27,6.851,6.851,6.851,6.851,39232000,0.00%,231407488,270492182488,268778.43,0
2031-10-28,6.851,6.851,6.851,6.851,48992000,0.00%,182415488,270492182488,335644.19,0
2031-10-29,6.851,6.851,6.851,6.851,59904000,0.00%,122511488,270492182488,410402.3,0
2031-10-30,6.851,6.851,6.851,6.851,43744000,0.00%,78767488,270492182488,299690.14,0
2031-10-31,6.851,6.851,6.851,6.851,52608000,0.00%,26159488,270492182488,360417.41,0
2031-11-03,6.851,6.8579,6.8579,6.851,72480000,0.10%,731644556,271270147556,497060.59,777965067
2031-11-04,6.8579,6.8579,6.8579,6.8579,105632000,0.00%,626012556,271270147556,724413.69,0
2031-11-05,6.8579,6.8579,6.8579,6.8579,61952000,0.00%,564060556,271270147556,424860.62,0
2031-11-06,6.8579,6.8579,6.8579,6.8579,52608000,0.00%,511452556,271270147556,360780.4,0
2031-11-07,6.8579,6.8579,6.8579,6.8579,64064000,0.00%,447388556,271270147556,439344.51,0
2031-11-10,6.8579,6.8579,6.8579,6.8579,71488000,0.00%,375900556,271270147556,490257.56,0
2031-11-11,6.8579,6.8579,6.8579,6.8579,43552000,0.00%,332348556,271270147556,298675.26,0
2031-11-12,6.8579,6.8579,6.8579,6.8579,97984000,0.00%,234364556,271270147556,671964.47,0
2031-11-13,6.8579,6.8579,6.8579,6.8579,115328000,0.00%,119036556,271270147556,790907.89,0
2031-11-14,6.8579,6.8579,6.8579,6.8579,76256000,0.00%,42780556,271270147556,522956.02,0
2031-11-17,6.8579,6.8647,6.8647,6.8579,62048000,0.10%,760888527,272050303527,425940.91,780155970
2031-11-18,6.8647,6.8647,6.8647,6.8647,90432000,0.00%,670456527,272050303527,620788.55,0
2031-11-19,6.8647,6.8647,6.8647,6.8647,68608000,0.00%,601848527,272050303527,470973.34,0
2031-11-20,6.8647,6.8647,6.8647,6.8647,61824000,0.00%,540024527,272050303527,424403.21,0
2031-11-21,6.8647,6.8647,6.8647,6.8647,48672000,0.00%,491352527,272050303527,334118.68,0
2031-11-24,6.8647,6.8647,6.8647,6.8647,47008000,0.00%,444344527,272050303527,322695.82,0
2031-11-25,6.8647,6.8647,6.8647,6.8647,59936000,0.00%,384408527,272050303527,411442.66,0
2031-11-26,6.8647,6.8647,6.8647,6.8647,83264000,0.00%,301144527,272050303527,571582.38,0
2031-11-27,6.8647,6.8647,6.8647,6.8647,54208000,0.00%,246936527,272050303527,372121.66,0
2031-11-28,6.8647,6.8647,6.8647,6.8647,105248000,0.00%,141688527,272050303527,722495.95,0
2031-12-01,6.8647,6.8647,6.8647,6.8647,62432000,0.00%,79256527,272050303527,428576.95,0
2031-12-02,6.8647,6.8716,6.8716,6.8647,113888000,0.10%,750288244,272835223244,782592.78,784919717
2031-12-03,6.8716,6.8716,6.8716,6.8716,65088000,0.00%,685200244,272835223244,447258.7,0
2031-12-04,6.8716,6.8716,6.8716,6.8716,56704000,0.00%,628496244,272835223244,389647.21,0
2031-12-05,6.8716,6.8716,6.8716,6.8716,72000000,0.00%,556496244,272835223244,494755.2,0
2031-12-08,6.8716,6.8716,6.8716,6.8716,99072000,0.00%,457424244,272835223244,680783.16,0
2031-12-09,6.8716,6.8716,6.8716,6.8716,74368000,0.00%,383056244,272835223244,511027.15,0
2031-12-10,6.8716,6.8716,6.8716,6.8716,48544000,0.00%,334512244,272835223244,333574.95,0
2031-12-11,6.8716,6.8716,6.8716,6.8716,42720000,0.00%,291792244,272835223244,293554.75,0
2031-12-12,6.8716,6.8716,6.8716,6.8716,48736000,0.00%,243056244,272835223244,334894.3,0
2031-12-15,6.8716,6.8716,6.8716,6.8716,71168000,0.00%,171888244,272835223244,489038.03,0
2031-12-16,6.8716,6.8716,6.8716,6.8716,43680000,0.00%,128208244,272835223244,300151.49,0
2031-12-17,6.8716,6.8716,6.8716,6.8716,42784000,0.00%,85424244,272835223244,293994.53,0
2031-12-18,6.8716,6.8716,6.8716,6.8716,67296000,0.00%,18128244,272835223244,462431.19,0
2031-12-19,6.8716,6.8785,6.8785,6.8716,90496000,0.10%,714495929,273622086929,622476.74,786863685
2031-12-22,6.8785,6.8785,6.8785,6.8785,65312000,0.00%,649183929,273622086929,449248.59,0
2031-12-23,6.8785,6.8785,6.8785,6.8785,55136000,0.00%,594047929,273622086929,379252.98,0
2031-12-24,6.8785,6.8785,6.8785,6.8785,44288000,0.00%,549759929,273622086929,304635.01,0
2031-12-25,6.8785,6.8785,6.8785,6.8785,105440000,0.00%,444319929,273622086929,725269.04,0
2031-12-26,6.8785,6.8785,6.8785,6.8785,30432000,0.00%,413887929,273622086929,209326.51,0
2031-12-30,6.8785,6.8785,6.8785,6.8785,60640000,0.00%,353247929,273622086929,417112.24,0
2031-12-31,6.8785,6.8785,6.8785,6.8785,30688000,0.00%,322559929,273622086929,211087.41,0
2032-01-01,6.8785,6.8785,6.8785,6.8785,25278000,0.00%,297281929,273622086929,173874.72,0
2032-01-02,6.8785,6.8785,6.8785,6.8785,32604000,0.00%,264677929,273622086929,224266.61,0
2032-01-05,6.8785,6.8785,6.8785,6.8785,19866000,0.00%,244811929,273622086929,136648.28,0
2032-01-06,6.8785,6.8785,6.8785,6.8785,44748000,0.00%,200063929,273622086929,307799.12,0
2032-01-07,6.8785,6.8785,6.8785,6.8785,105369000,0.00%,94694929,273622086929,724780.67,0
2032-01-08,6.8785,6.8785,6.8785,6.8785,73887000,0.00%,20807929,273622086929,508231.73,0
2032-01-09,6.8785,6.8853,6.8853,6.8785,68673000,0.10%,738626805,274408578805,472834.21,786491875
2032-01-12,6.8853,6.8853,6.8853,6.8853,64548000,0.00%,674078805,274408578805,444432.34,0
2032-01-13,6.8853,6.8853,6.8853,6.8853,54153000,0.00%,619925805,274408578805,372859.65,0
2032-01-14,6.8853,6.8853,6.8853,6.8853,93291000,0.00%,526634805,274408578805,642336.52,0
2032-01-15,6.8853,6.8853,6.8853,6.8853,60423000,0.00%,466211805,274408578805,416030.48,0
2032-01-16,6.8853,6.8853,6.8853,6.8853,45276000,0.00%,420935805,274408578805,311738.84,0
2032-01-19,6.8853,6.8853,6.8853,6.8853,41844000,0.00%,379091805,274408578805,288108.49,0
2032-01-20,6.8853,6.8853,6.8853,6.8853,77682000,0.00%,301409805,274408578805,534863.87,0
2032-01-21,6.8853,6.8853,6.8853,6.8853,57717000,0.00%,243692805,274408578805,397398.86,0
2032-01-22,6.8853,6.8853,6.8853,6.8853,97482000,0.00%,146210805,274408578805,671192.81,0
2032-01-23,6.8853,6.8853,6.8853,6.8853,88506000,0.00%,57704805,274408578805,609390.36,0
2032-01-26,6.8853,6.8853,6.8853,6.8853,48444000,0.00%,9260805,274408578805,333551.47,0
2032-01-27,6.8853,6.8922,6.8922,6.8853,82500000,0.10%,721484035,275203302035,568606.5,794723230
2032-01-28,6.8922,6.8922,6.8922,6.8922,71346000,0.00%,650138035,275203302035,491730.9,0
2032-01-29,6.8922,6.8922,6.8922,6.8922,67683000,0.00%,582455035,275203302035,466484.77,0
2032-01-30,6.8922,6.8922,6.8922,6.8922,49599000,0.00%,532856035,275203302035,341846.23,0
2032-02-02,6.8922,6.8922,6.8922,6.8922,37719000,0.00%,495137035,275203302035,259966.89,0
2032-02-06,6.8922,6.8922,6.8922,6.8922,52569000,0.00%,442568035,275203302035,362316.06,0
2032-02-09,6.8922,6.8922,6.8922,6.8922,50754000,0.00%,391814035,275203302035,349806.72,0
2032-02-10,6.8922,6.8922,6.8922,6.8922,61875000,0.00%,329939035,275203302035,426454.88,0
2032-02-11,6.8922,6.8922,6.8922,6.8922,77121000,0.00%,252818035,275203302035,531533.36,0
2032-02-12,6.8922,6.8922,6.8922,6.8922,62073000,0.00%,190745035,275203302035,427819.53,0
2032-02-13,6.8922,6.8922,6.8922,6.8922,51216000,0.00%,139529035,275203302035,352990.92,0
2032-02-16,6.8922,6.8922,6.8922,6.8922,42438000,0.00%,97091035,275203302035,292491.18,0
2032-02-17,6.8922,6.8922,6.8922,6.8922,45837000,0.00%,51254035,275203302035,315917.77,0
2032-02-18,6.8922,6.8922,6.8922,6.8922,40293000,0.00%,10961035,275203302035,277707.41,0
2032-02-19,6.8922,6.8991,6.8991,6.8922,42636000,0.10%,764394950,275999371950,294150.03,796069914
2032-02-20,6.8991,6.8991,6.8991,6.8991,79299000,0.00%,685095950,275999371950,547091.73,0
2032-02-23,6.8991,6.8991,6.8991,6.8991,151932000,0.00%,533163950,275999371950,1048194.06,0
2032-02-24,6.8991,6.8991,6.8991,6.8991,100848000,0.00%,432315950,275999371950,695760.44,0
2032-02-25,6.8991,6.8991,6.8991,6.8991,66792000,0.00%,365523950,275999371950,460804.69,0
2032-02-26,6.8991,6.8991,6.8991,6.8991,112101000,0.00%,253422950,275999371950,773396.01,0
2032-02-27,6.8991,6.8991,6.8991,6.8991,84249000,0.00%,169173950,275999371950,581242.28,0
2032-03-01,6.8991,6.8991,6.8991,6.8991,88605000,0.00%,80568950,275999371950,611294.76,0
2032-03-02,6.8991,6.8991,6.8991,6.8991,63723000,0.00%,16845950,275999371950,439631.35,0
2032-03-03,6.8991,6.906,6.906,6.8991,46233000,0.10%,779240368,276807999368,319285.1,808627418
2032-03-04,6.906,6.906,6.906,6.906,65571000,0.00%,713669368,276807999368,452833.33,0
2032-03-05,6.906,6.906,6.906,6.906,137115000,0.00%,576554368,276807999368,946916.19,0
2032-03-08,6.906,6.906,6.906,6.906,131604000,0.00%,444950368,276807999368,908857.22,0
2032-03-09,6.906,6.906,6.906,6.906,106458000,0.00%,338492368,276807999368,735198.95,0
2032-03-10,6.906,6.906,6.906,6.906,109593000,0.00%,228899368,276807999368,756849.26,0
2032-03-11,6.906,6.906,6.906,6.906,79398000,0.00%,149501368,276807999368,548322.59,0
2032-03-12,6.906,6.9129,6.9129,6.906,159852000,0.10%,812798844,277631148844,1105040.89,823149476
2032-03-15,6.9129,6.9129,6.9129,6.9129,220803000,0.00%,591995844,277631148844,1526389.06,0
2032-03-16,6.9129,6.9129,6.9129,6.9129,390720000,0.00%,201275844,277631148844,2701008.29,0
2032-03-17,6.9129,6.9198,6.9198,6.9129,355542000,0.10%,693899451,278479314451,2460279.53,848165606
2032-03-18,6.9198,6.9198,6.9198,6.9198,229977000,0.00%,463922451,278479314451,1591394.84,0
2032-03-19,6.9198,6.9198,6.9198,6.9198,124443000,0.00%,339479451,278479314451,861120.67,0
2032-03-22,6.9198,6.9198,6.9198,6.9198,101310000,0.00%,238169451,278479314451,701044.94,0
2032-03-23,6.9198,6.9198,6.9198,6.9198,102333000,0.00%,135836451,278479314451,708123.89,0
2032-03-24,6.9198,6.9267,6.9267,6.9198,139458000,0.10%,858885079,279341821079,965983.73,862506627
2032-03-25,6.9267,6.9267,6.9267,6.9267,154869000,0.00%,704016079,279341821079,1072731.1,0
2032-03-26,6.9267,6.9267,6.9267,6.9267,126390000,0.00%,577626079,279341821079,875465.61,0
2032-03-29,6.9267,6.9267,6.9267,6.9267,88869000,0.00%,488757079,279341821079,615568.9,0
2032-03-30,6.9267,6.9267,6.9267,6.9267,68970000,0.00%,419787079,279341821079,477734.5,0
2032-03-31,6.9267,6.9267,6.9267,6.9267,88935000,0.00%,330852079,279341821079,616026.06,0
2032-04-01,6.9267,6.9267,6.9267,6.9267,48147000,0.00%,282705079,279341821079,333499.82,0
2032-04-02,6.9267,6.9267,6.9267,6.9267,47850000,0.00%,234855079,279341821079,331442.6,0
2032-04-05,6.9267,6.9267,6.9267,6.9267,51711000,0.00%,183144079,279341821079,358186.58,0
2032-04-07,6.9267,6.9267,6.9267,6.9267,56529000,0.00%,126615079,279341821079,391559.42,0
2032-04-08,6.9267,6.9267,6.9267,6.9267,52371000,0.00%,74244079,279341821079,362758.21,0
2032-04-09,6.9267,6.9267,6.9267,6.9267,64680000,0.00%,9564079,279341821079,448018.96,0
2032-04-12,6.9267,6.9337,6.9337,6.9267,75207000,0.10%,798040299,280205504299,521462.78,863683220
2032-04-13,6.9337,6.9337,6.9337,6.9337,87153000,0.00%,710887299,280205504299,604292.76,0
2032-04-14,6.9337,6.9337,6.9337,6.9337,71412000,0.00%,639475299,280205504299,495149.38,0
2032-04-15,6.9337,6.9337,6.9337,6.9337,50028000,0.00%,589447299,280205504299,346879.14,0
2032-04-20,6.9337,6.9337,6.9337,6.9337,58542000,0.00%,530905299,280205504299,405912.67,0
2032-04-21,6.9337,6.9337,6.9337,6.9337,35805000,0.00%,495100299,280205504299,248261.13,0
2032-04-22,6.9337,6.9337,6.9337,6.9337,84942000,0.00%,410158299,280205504299,588962.35,0
2032-04-23,6.9337,6.9337,6.9337,6.9337,92499000,0.00%,317659299,280205504299,641360.32,0
2032-04-26,6.9337,6.9337,6.9337,6.9337,85107000,0.00%,232552299,280205504299,590106.41,0
2032-04-27,6.9337,6.9337,6.9337,6.9337,90057000,0.00%,142495299,280205504299,624428.22,0
2032-04-28,6.9337,6.9337,6.9337,6.9337,77253000,0.00%,65242299,280205504299,535649.13,0
2032-04-29,6.9337,6.9406,6.9406,6.9337,70059000,0.10%,850339670,281060660670,486251.5,855156370
2032-04-30,6.9406,6.9406,6.9406,6.9406,156651000,0.00%,693688670,281060660670,1087251.93,0
2032-05-04,6.9406,6.9406,6.9406,6.9406,84381000,0.00%,609307670,281060660670,585654.77,0
2032-05-05,6.9406,6.9406,6.9406,6.9406,46530000,0.00%,562777670,281060660670,322946.12,0
2032-05-06,6.9406,6.9406,6.9406,6.9406,70587000,0.00%,492190670,281060660670,489916.13,0
2032-05-07,6.9406,6.9406,6.9406,6.9406,75636000,0.00%,416554670,281060660670,524959.22,0
2032-05-11,6.9406,6.9406,6.9406,6.9406,93720000,0.00%,322834670,281060660670,650473.03,0
2032-05-12,6.9406,6.9406,6.9406,6.9406,80355000,0.00%,242479670,281060660670,557711.91,0
2032-05-13,6.9406,6.9406,6.9406,6.9406,66066000,0.00%,176413670,281060660670,458537.68,0
2032-05-14,6.9406,6.9406,6.9406,6.9406,64317000,0.00%,112096670,281060660670,446398.57,0
2032-05-17,6.9406,6.9406,6.9406,6.9406,51348000,0.00%,60748670,281060660670,356385.93,0
2032-05-18,6.9406,6.9475,6.9475,6.9406,99396000,0.10%,808817195,281908125195,690553.71,847464525
2032-05-19,6.9475,6.9475,6.9475,6.9475,93522000,0.00%,715295195,281908125195,649744.1,0
2032-05-20,6.9475,6.9475,6.9475,6.9475,198495000,0.00%,516800195,281908125195,1379044.01,0
2032-05-21,6.9475,6.9475,6.9475,6.9475,93489000,0.00%,423311195,281908125195,649514.83,0
2032-05-24,6.9475,6.9475,6.9475,6.9475,56199000,0.00%,367112195,281908125195,390442.55,0
2032-05-25,6.9475,6.9475,6.9475,6.9475,65010000,0.00%,302102195,281908125195,451656.98,0
2032-05-26,6.9475,6.9475,6.9475,6.9475,71115000,0.00%,230987195,281908125195,494071.46,0
2032-05-27,6.9475,6.9475,6.9475,6.9475,61050000,0.00%,169937195,281908125195,424144.88,0
2032-05-28,6.9475,6.9475,6.9475,6.9475,68508000,0.00%,101429195,281908125195,475959.33,0
2032-05-31,6.9475,6.9475,6.9475,6.9475,73590000,0.00%,27839195,281908125195,511266.53,0
2032-06-01,6.9475,6.9545,6.9545,6.9475,213708000,0.10%,660529395,282754523395,1486232.29,846398200
2032-06-02,6.9545,6.9545,6.9545,6.9545,88836000,0.00%,571693395,282754523395,617809.96,0
2032-06-03,6.9545,6.9545,6.9545,6.9545,46794000,0.00%,524899395,282754523395,325428.87,0
2032-06-07,6.9545,6.9545,6.9545,6.9545,78870000,0.00%,446029395,282754523395,548501.42,0
2032-06-08,6.9545,6.9545,6.9545,6.9545,89397000,0.00%,356632395,282754523395,621711.44,0
2032-06-09,6.9545,6.9545,6.9545,6.9545,156684000,0.00%,199948395,282754523395,1089658.88,0
2032-06-10,6.9545,6.9545,6.9545,6.9545,129195000,0.00%,70753395,282754523395,898486.63,0
2032-06-11,6.9545,6.9615,6.9615,6.9545,98208000,0.10%,818644597,283600622597,683674.99,846099201
2032-06-14,6.9615,6.9615,6.9615,6.9615,82302000,0.00%,736342597,283600622597,572945.37,0
2032-06-15,6.9615,6.9615,6.9615,6.9615,53823000,0.00%,682519597,283600622597,374688.81,0
2032-06-16,6.9615,6.9615,6.9615,6.9615,70092000,0.00%,612427597,283600622597,487945.46,0
2032-06-17,6.9615,6.9615,6.9615,6.9615,73062000,0.00%,539365597,283600622597,508621.11,0
2032-06-18,6.9615,6.9615,6.9615,6.9615,64284000,0.00%,475081597,283600622597,447513.07,0
2032-06-21,6.9615,6.9615,6.9615,6.9615,38412000,0.00%,436669597,283600622597,267405.14,0
2032-06-22,6.9615,6.9615,6.9615,6.9615,49533000,0.00%,387136597,283600622597,344823.98,0
2032-06-23,6.9615,6.9615,6.9615,6.9615,45243000,0.00%,341893597,283600622597,314959.14,0
2032-06-24,6.9615,6.9615,6.9615,6.9615,41646000,0.00%,300247597,283600622597,289918.63,0
2032-06-25,6.9615,6.9615,6.9615,6.9615,60060000,0.00%,240187597,283600622597,418107.69,0
2032-06-28,6.9615,6.9615,6.9615,6.9615,189420000,0.00%,50767597,283600622597,1318647.33,0
2032-06-29,6.9615,6.9684,6.9684,6.9615,193347000,0.10%,701481033,284444683033,1347319.23,844060436
2032-06-30,6.9684,6.9684,6.9684,6.9684,115434000,0.00%,586047033,284444683033,804390.29,0
2032-07-01,6.9684,6.9684,6.9684,6.9684,110187000,0.00%,475860033,284444683033,767827.09,0
2032-07-05,6.9684,6.9684,6.9684,6.9684,126918000,0.00%,348942033,284444683033,884415.39,0
2032-07-06,6.9684,6.9684,6.9684,6.9684,64317000,0.00%,284625033,284444683033,448186.58,0
2032-07-07,6.9684,6.9684,6.9684,6.9684,81906000,0.00%,202719033,284444683033,570753.77,0
2032-07-08,6.9684,6.9684,6.9684,6.9684,62667000,0.00%,140052033,284444683033,436688.72,0
2032-07-09,6.9684,6.9684,6.9684,6.9684,61875000,0.00%,78177033,284444683033,431169.75,0
2032-07-12,6.9684,6.9684,6.9684,6.9684,67980000,0.00%,10197033,284444683033,473711.83,0
2032-07-13,6.9684,6.9754,6.9754,6.9684,57123000,0.10%,802404986,285294013986,398455.77,849330953
2032-07-14,6.9754,6.9754,6.9754,6.9754,56529000,0.00%,745875986,285294013986,394312.39,0
2032-07-15,6.9754,6.9754,6.9754,6.9754,55341000,0.00%,690534986,285294013986,386025.61,0
2032-07-16,6.9754,6.9754,6.9754,6.9754,86889000,0.00%,603645986,285294013986,606085.53,0
2032-07-19,6.9754,6.9754,6.9754,6.9754,67221000,0.00%,536424986,285294013986,468893.36,0
2032-07-20,6.9754,6.9754,6.9754,6.9754,41778000,0.00%,494646986,285294013986,291418.26,0
2032-07-21,6.9754,6.9754,6.9754,6.9754,52734000,0.00%,441912986,285294013986,367840.74,0
2032-07-22,6.9754,6.9754,6.9754,6.9754,63063000,0.00%,378849986,285294013986,439889.65,0
2032-07-23,6.9754,6.9754,6.9754,6.9754,49764000,0.00%,329085986,285294013986,347123.81,0
2032-07-26,6.9754,6.9754,6.9754,6.9754,55605000,0.00%,273480986,285294013986,387867.12,0
2032-07-27,6.9754,6.9754,6.9754,6.9754,45738000,0.00%,227742986,285294013986,319040.85,0
2032-07-28,6.9754,6.9754,6.9754,6.9754,65406000,0.00%,162336986,285294013986,456233.01,0
2032-07-29,6.9754,6.9754,6.9754,6.9754,50655000,0.00%,111681986,285294013986,353338.89,0
2032-07-30,6.9754,6.9824,6.9824,6.9754,122727000,0.10%,825574790,286130633790,856929.0,836619803
2032-08-02,6.9824,6.9824,6.9824,6.9824,131967000,0.00%,693607790,286130633790,921446.38,0
2032-08-03,6.9824,6.9824,6.9824,6.9824,140877000,0.00%,552730790,286130633790,983659.56,0
2032-08-04,6.9824,6.9824,6.9824,6.9824,90420000,0.00%,462310790,286130633790,631348.61,0
2032-08-05,6.9824,6.9824,6.9824,6.9824,65307000,0.00%,397003790,286130633790,455999.6,0
2032-08-06,6.9824,6.9824,6.9824,6.9824,54252000,0.00%,342751790,286130633790,378809.16,0
2032-08-09,6.9824,6.9824,6.9824,6.9824,49665000,0.00%,293086790,286130633790,346780.9,0
2032-08-10,6.9824,6.9824,6.9824,6.9824,46827000,0.00%,246259790,286130633790,326964.84,0
2032-08-11,6.9824,6.9824,6.9824,6.9824,50688000,0.00%,195571790,286130633790,353923.89,0
2032-08-12,6.9824,6.9824,6.9824,6.9824,49038000,0.00%,146533790,286130633790,342402.93,0
2032-08-13,6.9824,6.9824,6.9824,6.9824,36234000,0.00%,110299790,286130633790,253000.28,0
2032-08-16,6.9824,6.9824,6.9824,6.9824,38346000,0.00%,71953790,286130633790,267747.11,0
2032-08-17,6.9824,6.9893,6.9893,6.9824,77649000,0.10%,818233214,286954562214,542712.16,823928424
2032-08-18,6.9893,6.9893,6.9893,6.9893,58146000,0.00%,760087214,286954562214,406399.84,0
2032-08-19,6.9893,6.9893,6.9893,6.9893,106293000,0.00%,653794214,286954562214,742913.66,0
2032-08-20,6.9893,6.9893,6.9893,6.9893,76791000,0.00%,577003214,286954562214,536715.34,0
2032-08-23,6.9893,6.9893,6.9893,6.9893,48774000,0.00%,528229214,286954562214,340896.12,0
2032-08-24,6.9893,6.9893,6.9893,6.9893,44649000,0.00%,483580214,286954562214,312065.26,0
2032-08-25,6.9893,6.9893,6.9893,6.9893,43065000,0.00%,440515214,286954562214,300994.2,0
2032-08-26,6.9893,6.9893,6.9893,6.9893,64152000,0.00%,376363214,286954562214,448377.57,0
2032-08-27,6.9893,6.9893,6.9893,6.9893,61314000,0.00%,315049214,286954562214,428541.94,0
2032-08-30,6.9893,6.9893,6.9893,6.9893,40887000,0.00%,274162214,286954562214,285771.51,0
2032-08-31,6.9893,6.9893,6.9893,6.9893,46332000,0.00%,227830214,286954562214,323828.25,0
2032-09-01,6.9893,6.9893,6.9893,6.9893,86493000,0.00%,141337214,286954562214,604525.52,0
2032-09-02,6.9893,6.9893,6.9893,6.9893,78969000,0.00%,62368214,286954562214,551938.03,0
2032-09-03,6.9893,6.9963,6.9963,6.9893,84117000,0.10%,782610880,287758921880,588507.77,804359665
2032-09-06,6.9963,6.9963,6.9963,6.9963,67221000,0.00%,715389880,287758921880,470298.28,0
2032-09-07,6.9963,6.9963,6.9963,6.9963,53559000,0.00%,661830880,287758921880,374714.83,0
2032-09-08,6.9963,6.9963,6.9963,6.9963,50094000,0.00%,611736880,287758921880,350472.65,0
2032-09-09,6.9963,6.9963,6.9963,6.9963,77781000,0.00%,533955880,287758921880,544179.21,0
2032-09-10,6.9963,6.9963,6.9963,6.9963,56628000,0.00%,477327880,287758921880,396186.48,0
2032-09-14,6.9963,6.9963,6.9963,6.9963,56661000,0.00%,420666880,287758921880,396417.35,0
2032-09-15,6.9963,6.9963,6.9963,6.9963,59367000,0.00%,361299880,287758921880,415349.34,0
2032-09-16,6.9963,6.9963,6.9963,6.9963,43956000,0.00%,317343880,287758921880,307529.36,0
2032-09-17,6.9963,6.9963,6.9963,6.9963,82302000,0.00%,235041880,287758921880,575809.48,0
2032-09-20,6.9963,6.9963,6.9963,6.9963,75636000,0.00%,159405880,287758921880,529172.15,0
2032-09-21,6.9963,6.9963,6.9963,6.9963,49962000,0.00%,109443880,287758921880,349549.14,0
2032-09-22,6.9963,6.9963,6.9963,6.9963,53097000,0.00%,56346880,287758921880,371482.54,0
2032-09-23,6.9963,7.0033,7.0033,6.9963,57882000,0.10%,778242481,288538699481,405365.01,779777600
2032-09-24,7.0033,7.0033,7.0033,7.0033,64911000,0.00%,713331481,288538699481,454591.21,0
2032-09-27,7.0033,7.0033,7.0033,7.0033,81345000,0.00%,631986481,288538699481,569683.44,0
2032-09-28,7.0033,7.0033,7.0033,7.0033,75009000,0.00%,556977481,288538699481,525310.53,0
2032-09-29,7.0033,7.0033,7.0033,7.0033,73128000,0.00%,483849481,288538699481,512137.32,0
2032-09-30,7.0033,7.0033,7.0033,7.0033,66528000,0.00%,417321481,288538699481,465915.54,0
2032-10-01,7.0033,7.0033,7.0033,7.0033,74118000,0.00%,343203481,288538699481,519070.59,0
2032-10-04,7.0033,7.0033,7.0033,7.0033,46167000,0.00%,297036481,288538699481,323321.35,0
2032-10-06,7.0033,7.0033,7.0033,7.0033,59862000,0.00%,237174481,288538699481,419231.54,0
2032-10-07,7.0033,7.0033,7.0033,7.0033,34221000,0.00%,202953481,288538699481,239659.93,0
2032-10-08,7.0033,7.0033,7.0033,7.0033,32934000,0.00%,170019481,288538699481,230646.68,0
2032-10-11,7.0033,7.0033,7.0033,7.0033,51744000,0.00%,118275481,288538699481,362378.76,0
2032-10-12,7.0033,7.0033,7.0033,7.0033,70356000,0.00%,47919481,288538699481,492724.17,0
2032-10-13,7.0033,7.0103,7.0103,7.0033,105699000,0.10%,711625558,289308104558,740981.7,769405077
2032-10-14,7.0103,7.0103,7.0103,7.0103,73128000,0.00%,638497558,289308104558,512649.22,0
2032-10-15,7.0103,7.0103,7.0103,7.0103,103818000,0.00%,534679558,289308104558,727795.33,0
2032-10-18,7.0103,7.0103,7.0103,7.0103,86856000,0.00%,447823558,289308104558,608886.62,0
2032-10-19,7.0103,7.0103,7.0103,7.0103,73029000,0.00%,374794558,289308104558,511955.2,0
2032-10-20,7.0103,7.0103,7.0103,7.0103,69168000,0.00%,305626558,289308104558,484888.43,0
2032-10-21,7.0103,7.0103,7.0103,7.0103,163053000,0.00%,142573558,289308104558,1143050.45,0
2032-10-22,7.0103,7.0103,7.0103,7.0103,87615000,0.00%,54958558,289308104558,614207.43,0
2032-10-25,7.0103,7.0173,7.0173,7.0103,280731000,0.10%,515501103,290049378103,1969973.65,741273545
2032-10-26,7.0173,7.0173,7.0173,7.0173,240966000,0.00%,274535103,290049378103,1690930.71,0
2032-10-27,7.0173,7.0173,7.0173,7.0173,166155000,0.00%,108380103,290049378103,1165959.48,0
2032-10-28,7.0173,7.0244,7.0244,7.0173,140976000,0.10%,714478330,290796452330,990271.81,747074226
2032-10-29,7.0244,7.0244,7.0244,7.0244,134739000,0.00%,579739330,290796452330,946460.63,0
2032-11-01,7.0244,7.0244,7.0244,7.0244,163383000,0.00%,416356330,290796452330,1147667.55,0
2032-11-02,7.0244,7.0244,7.0244,7.0244,256872000,0.00%,159484330,290796452330,1804371.68,0
2032-11-03,7.0244,7.0244,7.0244,7.0244,115995000,0.00%,43489330,290796452330,814795.28,0
2032-11-04,7.0244,7.0314,7.0314,7.0244,101079000,0.10%,701159733,291555201733,710726.88,758749403
2032-11-05,7.0314,7.0314,7.0314,7.0314,221628000,0.00%,479531733,291555201733,1558355.12,0
2032-11-08,7.0314,7.0314,7.0314,7.0314,145134000,0.00%,334397733,291555201733,1020495.21,0
2032-11-09,7.0314,7.0314,7.0314,7.0314,77682000,0.00%,256715733,291555201733,546213.21,0
2032-11-10,7.0314,7.0314,7.0314,7.0314,104478000,0.00%,152237733,291555201733,734626.61,0
2032-11-11,7.0314,7.0314,7.0314,7.0314,76758000,0.00%,75479733,291555201733,539716.2,0
2032-11-12,7.0314,7.0384,7.0384,7.0314,174933000,0.10%,658842572,292313497572,1231248.43,758295838
2032-11-15,7.0384,7.0384,7.0384,7.0384,159720000,0.00%,499122572,292313497572,1124173.25,0
2032-11-16,7.0384,7.0384,7.0384,7.0384,208230000,0.00%,290892572,292313497572,1465606.03,0
2032-11-17,7.0384,7.0384,7.0384,7.0384,203907000,0.00%,86985572,292313497572,1435179.03,0
2032-11-18,7.0384,7.0454,7.0454,7.0384,230406000,0.10%,629777825,293086695825,1623302.43,773198253
2032-11-19,7.0454,7.0454,7.0454,7.0454,147708000,0.00%,482069825,293086695825,1040661.94,0
2032-11-22,7.0454,7.0454,7.0454,7.0454,103323000,0.00%,378746825,293086695825,727951.86,0
2032-11-23,7.0454,7.0454,7.0454,7.0454,93918000,0.00%,284828825,293086695825,661689.88,0
2032-11-24,7.0454,7.0454,7.0454,7.0454,77154000,0.00%,207674825,293086695825,543580.79,0
2032-11-25,7.0454,7.0454,7.0454,7.0454,56661000,0.00%,151013825,293086695825,399199.41,0
2032-11-26,7.0454,7.0454,7.0454,7.0454,103356000,0.00%,47657825,293086695825,728184.36,0
2032-11-29,7.0454,7.0525,7.0525,7.0454,110550000,0.10%,708696595,293858284595,779653.88,771588769
2032-11-30,7.0525,7.0525,7.0525,7.0525,109362000,0.00%,599334595,293858284595,771275.51,0
2032-12-01,7.0525,7.0525,7.0525,7.0525,153879000,0.00%,445455595,293858284595,1085231.65,0
2032-12-02,7.0525,7.0525,7.0525,7.0525,150315000,0.00%,295140595,293858284595,1060096.54,0
2032-12-03,7.0525,7.0525,7.0525,7.0525,82797000,0.00%,212343595,293858284595,583925.84,0
2032-12-06,7.0525,7.0525,7.0525,7.0525,197439000,0.00%,14904595,293858284595,1392438.55,0
2032-12-07,7.0525,7.0595,7.0595,7.0525,95898000,0.10%,699382313,294638660313,676991.93,780375717
2032-12-08,7.0595,7.0595,7.0595,7.0595,135663000,0.00%,563719313,294638660313,957712.95,0
2032-12-09,7.0595,7.0595,7.0595,7.0595,112497000,0.00%,451222313,294638660313,794172.57,0
2032-12-10,7.0595,7.0595,7.0595,7.0595,133320000,0.00%,317902313,294638660313,941172.54,0
2032-12-13,7.0595,7.0595,7.0595,7.0595,67683000,0.00%,250219313,294638660313,477808.14,0
2032-12-14,7.0595,7.0595,7.0595,7.0595,67023000,0.00%,183196313,294638660313,473148.87,0
2032-12-15,7.0595,7.0595,7.0595,7.0595,79992000,0.00%,103204313,294638660313,564703.52,0
2032-12-16,7.0595,7.0595,7.0595,7.0595,62568000,0.00%,40636313,294638660313,441698.8,0
2032-12-17,7.0595,7.0666,7.0666,7.0595,82929000,0.10%,747551892,295428504892,586026.07,789844579
2032-12-20,7.0666,7.0666,7.0666,7.0666,82170000,0.00%,665381892,295428504892,580662.52,0
2032-12-21,7.0666,7.0666,7.0666,7.0666,95898000,0.00%,569483892,295428504892,677672.81,0
2032-12-22,7.0666,7.0666,7.0666,7.0666,50556000,0.00%,518927892,295428504892,357259.03,0
2032-12-23,7.0666,7.0666,7.0666,7.0666,80025000,0.00%,438902892,295428504892,565504.67,0
2032-12-24,7.0666,7.0666,7.0666,7.0666,51150000,0.00%,387752892,295428504892,361456.59,0
2032-12-29,7.0666,7.0666,7.0666,7.0666,79827000,0.00%,307925892,295428504892,564105.48,0
2032-12-30,7.0666,7.0666,7.0666,7.0666,99297000,0.00%,208628892,295428504892,701692.18,0
2032-12-31,7.0666,7.0666,7.0666,7.0666,89793000,0.00%,118835892,295428504892,634531.21,0
2033-01-04,7.0666,7.0666,7.0666,7.0666,101864000,0.00%,16971892,295428504892,719832.14,0
2033-01-05,7.0666,7.0737,7.0737,7.0666,127262000,0.10%,688437126,296227232126,900213.21,798727233
2033-01-06,7.0737,7.0737,7.0737,7.0737,138720000,0.00%,549717126,296227232126,981263.66,0
2033-01-07,7.0737,7.0737,7.0737,7.0737,92106000,0.00%,457611126,296227232126,651530.21,0
2033-01-10,7.0737,7.0737,7.0737,7.0737,96288000,0.00%,361323126,296227232126,681112.43,0
2033-01-11,7.0737,7.0737,7.0737,7.0737,67490000,0.00%,293833126,296227232126,477404.01,0
2033-01-12,7.0737,7.0737,7.0737,7.0737,121448000,0.00%,172385126,296227232126,859086.72,0
2033-01-13,7.0737,7.0737,7.0737,7.0737,137870000,0.00%,34515126,296227232126,975251.02,0
2033-01-14,7.0737,7.0807,7.0807,7.0737,71298000,0.10%,773062300,297037077300,504839.75,809845174
2033-01-17,7.0807,7.0807,7.0807,7.0807,67966000,0.00%,705096300,297037077300,481246.86,0
2033-01-18,7.0807,7.0807,7.0807,7.0807,54740000,0.00%,650356300,297037077300,387597.52,0
2033-01-19,7.0807,7.0807,7.0807,7.0807,92208000,0.00%,558148300,297037077300,652897.19,0
2033-01-20,7.0807,7.0807,7.0807,7.0807,58990000,0.00%,499158300,297037077300,417690.49,0
2033-01-21,7.0807,7.0807,7.0807,7.0807,57324000,0.00%,441834300,297037077300,405894.05,0
2033-01-27,7.0807,7.0807,7.0807,7.0807,80682000,0.00%,361152300,297037077300,571285.04,0
2033-01-28,7.0807,7.0807,7.0807,7.0807,63342000,0.00%,297810300,297037077300,448505.7,0
2033-01-31,7.0807,7.0807,7.0807,7.0807,182342000,0.00%,115468300,297037077300,1291109.0,0
2033-02-01,7.0807,7.0878,7.0878,7.0807,189584000,0.10%,743308169,297854501169,1343733.48,817423868
2033-02-02,7.0878,7.0878,7.0878,7.0878,106828000,0.00%,636480169,297854501169,757175.5,0
2033-02-03,7.0878,7.0878,7.0878,7.0878,80784000,0.00%,555696169,297854501169,572580.84,0
2033-02-04,7.0878,7.0878,7.0878,7.0878,88196000,0.00%,467500169,297854501169,625115.61,0
2033-02-07,7.0878,7.0878,7.0878,7.0878,87006000,0.00%,380494169,297854501169,616681.13,0
2033-02-08,7.0878,7.0878,7.0878,7.0878,67320000,0.00%,313174169,297854501169,477150.7,0
2033-02-09,7.0878,7.0878,7.0878,7.0878,58718000,0.00%,254456169,297854501169,416181.44,0
2033-02-10,7.0878,7.0878,7.0878,7.0878,90644000,0.00%,163812169,297854501169,642466.54,0
2033-02-11,7.0878,7.0878,7.0878,7.0878,83674000,0.00%,80138169,297854501169,593064.58,0
2033-02-14,7.0878,7.0878,7.0878,7.0878,69224000,0.00%,10914169,297854501169,490645.87,0
2033-02-15,7.0878,7.0949,7.0949,7.0878,60962000,0.10%,770359028,298674908028,432519.29,820406859
2033-02-16,7.0949,7.0949,7.0949,7.0949,56100000,0.00%,714259028,298674908028,398023.89,0
2033-02-17,7.0949,7.0949,7.0949,7.0949,74494000,0.00%,639765028,298674908028,528527.48,0
2033-02-18,7.0949,7.0949,7.0949,7.0949,60248000,0.00%,579517028,298674908028,427453.54,0
2033-02-21,7.0949,7.0949,7.0949,7.0949,41854000,0.00%,537663028,298674908028,296949.94,0
2033-02-22,7.0949,7.0949,7.0949,7.0949,99654000,0.00%,438009028,298674908028,707035.16,0
2033-02-23,7.0949,7.0949,7.0949,7.0949,112710000,0.00%,325299028,298674908028,799666.18,0
2033-02-24,7.0949,7.0949,7.0949,7.0949,66062000,0.00%,259237028,298674908028,468703.28,0
2033-02-25,7.0949,7.0949,7.0949,7.0949,83028000,0.00%,176209028,298674908028,589075.36,0
2033-02-28,7.0949,7.0949,7.0949,7.0949,69632000,0.00%,106577028,298674908028,494032.08,0
2033-03-01,7.0949,7.0949,7.0949,7.0949,88434000,0.00%,18143028,298674908028,627430.39,0
2033-03-02,7.0949,7.102,7.102,7.0949,121074000,0.10%,720419673,299498258673,859867.55,823350645
2033-03-03,7.102,7.102,7.102,7.102,50320000,0.00%,670099673,299498258673,357372.64,0
2033-03-04,7.102,7.102,7.102,7.102,60452000,0.00%,609647673,299498258673,429330.1,0
2033-03-07,7.102,7.102,7.102,7.102,42942000,0.00%,566705673,299498258673,304974.08,0
2033-03-08,7.102,7.102,7.102,7.102,57936000,0.00%,508769673,299498258673,411461.47,0
2033-03-09,7.102,7.102,7.102,7.102,72114000,0.00%,436655673,299498258673,512153.63,0
2033-03-10,7.102,7.102,7.102,7.102,58718000,0.00%,377937673,299498258673,417015.24,0
2033-03-11,7.102,7.102,7.102,7.102,127840000,0.00%,250097673,299498258673,907919.68,0
2033-03-14,7.102,7.102,7.102,7.102,92242000,0.00%,157855673,299498258673,655102.68,0
2033-03-15,7.102,7.102,7.102,7.102,72488000,0.00%,85367673,299498258673,514809.78,0
2033-03-16,7.102,7.102,7.102,7.102,56338000,0.00%,29029673,299498258673,400112.48,0
2033-03-17,7.102,7.1091,7.1091,7.102,80682000,0.10%,775518603,300325429603,573576.41,827170930
2033-03-18,7.1091,7.1091,7.1091,7.1091,98702000,0.00%,676816603,300325429603,701682.39,0
2033-03-21,7.1091,7.1091,7.1091,7.1091,69496000,0.00%,607320603,300325429603,494054.01,0
2033-03-22,7.1091,7.1091,7.1091,7.1091,72352000,0.00%,534968603,300325429603,514357.6,0
2033-03-23,7.1091,7.1091,7.1091,7.1091,66810000,0.00%,468158603,300325429603,474958.97,0
2033-03-24,7.1091,7.1091,7.1091,7.1091,159290000,0.00%,308868603,300325429603,1132408.54,0
2033-03-25,7.1091,7.1091,7.1091,7.1091,112948000,0.00%,195920603,300325429603,802958.63,0
2033-03-28,7.1091,7.1091,7.1091,7.1091,87720000,0.00%,108200603,300325429603,623610.25,0
2033-03-29,7.1091,7.1091,7.1091,7.1091,106556000,0.00%,1644603,300325429603,757517.26,0
2033-03-30,7.1091,7.1162,7.1162,7.1091,122740000,0.10%,720129723,301166654723,873442.39,841225119
2033-03-31,7.1162,7.1162,7.1162,7.1162,85816000,0.00%,634313723,301166654723,610683.82,0
2033-04-01,7.1162,7.1162,7.1162,7.1162,88264000,0.00%,546049723,301166654723,628104.28,0
2033-04-04,7.1162,7.1162,7.1162,7.1162,63818000,0.00%,482231723,301166654723,454141.65,0
2033-04-05,7.1162,7.1162,7.1162,7.1162,48450000,0.00%,433781723,301166654723,344779.89,0
2033-04-07,7.1162,7.1162,7.1162,7.1162,50830000,0.00%,382951723,301166654723,361716.45,0
2033-04-12,7.1162,7.1162,7.1162,7.1162,74562000,0.00%,308389723,301166654723,530598.1,0
2033-04-13,7.1162,7.1162,7.1162,7.1162,137598000,0.00%,170791723,301166654723,979174.89,0
2033-04-14,7.1162,7.1162,7.1162,7.1162,84864000,0.00%,85927723,301166654723,603909.2,0
2033-04-15,7.1162,7.1162,7.1162,7.1162,43316000,0.00%,42611723,301166654723,308245.32,0
2033-04-18,7.1162,7.1233,7.1233,7.1162,53414000,0.10%,832264392,302009721392,380483.95,843066669
2033-04-19,7.1233,7.1233,7.1233,7.1233,46546000,0.00%,785718392,302009721392,331561.12,0
2033-04-20,7.1233,7.1233,7.1233,7.1233,55352000,0.00%,730366392,302009721392,394288.9,0
2033-04-21,7.1233,7.1233,7.1233,7.1233,35802000,0.00%,694564392,302009721392,255028.39,0
2033-04-22,7.1233,7.1233,7.1233,7.1233,56168000,0.00%,638396392,302009721392,400101.51,0
2033-04-25,7.1233,7.1233,7.1233,7.1233,69598000,0.00%,568798392,302009721392,495767.43,0
2033-04-26,7.1233,7.1233,7.1233,7.1233,71230000,0.00%,497568392,302009721392,507392.66,0
2033-04-27,7.1233,7.1233,7.1233,7.1233,85068000,0.00%,412500392,302009721392,605964.88,0
2033-04-28,7.1233,7.1233,7.1233,7.1233,50184000,0.00%,362316392,302009721392,357475.69,0
2033-04-29,7.1233,7.1233,7.1233,7.1233,52326000,0.00%,309990392,302009721392,372733.8,0
2033-05-03,7.1233,7.1233,7.1233,7.1233,29410000,0.00%,280580392,302009721392,209496.25,0
2033-05-04,7.1233,7.1233,7.1233,7.1233,35870000,0.00%,244710392,302009721392,255512.77,0
2033-05-05,7.1233,7.1233,7.1233,7.1233,59772000,0.00%,184938392,302009721392,425773.89,0
2033-05-06,7.1233,7.1233,7.1233,7.1233,50354000,0.00%,134584392,302009721392,358686.65,0
2033-05-09,7.1233,7.1233,7.1233,7.1233,36448000,0.00%,98136392,302009721392,259630.04,0
2033-05-10,7.1233,7.1233,7.1233,7.1233,80036000,0.00%,18100392,302009721392,570120.44,0
2033-05-11,7.1233,7.1305,7.1305,7.1233,52938000,0.10%,807979047,302852538047,377474.41,842816654
2033-05-12,7.1305,7.1305,7.1305,7.1305,59738000,0.00%,748241047,302852538047,425961.81,0
2033-05-13,7.1305,7.1305,7.1305,7.1305,61166000,0.00%,687075047,302852538047,436144.16,0
2033-05-16,7.1305,7.1305,7.1305,7.1305,80716000,0.00%,606359047,302852538047,575545.44,0
2033-05-17,7.1305,7.1305,7.1305,7.1305,48008000,0.00%,558351047,302852538047,342321.04,0
2033-05-18,7.1305,7.1305,7.1305,7.1305,66504000,0.00%,491847047,302852538047,474206.77,0
2033-05-19,7.1305,7.1305,7.1305,7.1305,116994000,0.00%,374853047,302852538047,834225.72,0
2033-05-20,7.1305,7.1305,7.1305,7.1305,77146000,0.00%,297707047,302852538047,550089.55,0
2033-05-23,7.1305,7.1305,7.1305,7.1305,68136000,0.00%,229571047,302852538047,485843.75,0
2033-05-24,7.1305,7.1305,7.1305,7.1305,51068000,0.00%,178503047,302852538047,364140.37,0
2033-05-25,7.1305,7.1305,7.1305,7.1305,46070000,0.00%,132433047,302852538047,328502.14,0
2033-05-26,7.1305,7.1305,7.1305,7.1305,88502000,0.00%,43931047,302852538047,631063.51,0
2033-05-30,7.1305,7.1376,7.1376,7.1305,98056000,0.10%,780676287,303687339287,699884.51,834801239
2033-05-31,7.1376,7.1376,7.1376,7.1376,73916000,0.00%,706760287,303687339287,527582.84,0
2033-06-01,7.1376,7.1376,7.1376,7.1376,109242000,0.00%,597518287,303687339287,779725.7,0
2033-06-02,7.1376,7.1376,7.1376,7.1376,78030000,0.00%,519488287,303687339287,556946.93,0
2033-06-03,7.1376,7.1376,7.1376,7.1376,109004000,0.00%,410484287,303687339287,778026.95,0
2033-06-06,7.1376,7.1376,7.1376,7.1376,67626000,0.00%,342858287,303687339287,482687.34,0
2033-06-07,7.1376,7.1376,7.1376,7.1376,56780000,0.00%,286078287,303687339287,405272.93,0
2033-06-08,7.1376,7.1376,7.1376,7.1376,62050000,0.00%,224028287,303687339287,442888.08,0
2033-06-09,7.1376,7.1376,7.1376,7.1376,44642000,0.00%,179386287,303687339287,318636.74,0
2033-06-10,7.1376,7.1376,7.1376,7.1376,55012000,0.00%,124374287,303687339287,392653.65,0
2033-06-13,7.1376,7.1376,7.1376,7.1376,45866000,0.00%,78508287,303687339287,327373.16,0
2033-06-14,7.1376,7.1447,7.1447,7.1376,78608000,0.10%,797550512,304484989512,561630.58,797650225
2033-06-15,7.1447,7.1447,7.1447,7.1447,75072000,0.00%,722478512,304484989512,536366.92,0
2033-06-16,7.1447,7.1447,7.1447,7.1447,85034000,0.00%,637444512,304484989512,607542.42,0
2033-06-17,7.1447,7.1447,7.1447,7.1447,121890000,0.00%,515554512,304484989512,870867.48,0
2033-06-20,7.1447,7.1447,7.1447,7.1447,68918000,0.00%,446636512,304484989512,492398.43,0
2033-06-21,7.1447,7.1447,7.1447,7.1447,55352000,0.00%,391284512,304484989512,395473.43,0
2033-06-22,7.1447,7.1447,7.1447,7.1447,65620000,0.00%,325664512,304484989512,468835.21,0
2033-06-24,7.1447,7.1447,7.1447,7.1447,47260000,0.00%,278404512,304484989512,337658.52,0
2033-06-27,7.1447,7.1447,7.1447,7.1447,61744000,0.00%,216660512,304484989512,441142.36,0
2033-06-28,7.1447,7.1447,7.1447,7.1447,59466000,0.00%,157194512,304484989512,424866.73,0
2033-06-29,7.1447,7.1447,7.1447,7.1447,54026000,0.00%,103168512,304484989512,385999.56,0
2033-06-30,7.1447,7.1447,7.1447,7.1447,45968000,0.00%,57200512,304484989512,328427.57,0
2033-07-01,7.1447,7.1447,7.1447,7.1447,55080000,0.00%,2120512,304484989512,393530.08,0
2033-07-04,7.1447,7.1519,7.1519,7.1447,48280000,0.10%,745556012,305276705012,345293.73,791715500
2033-07-05,7.1519,7.1519,7.1519,7.1519,32096000,0.00%,713460012,305276705012,229547.38,0
2033-07-06,7.1519,7.1519,7.1519,7.1519,33524000,0.00%,679936012,305276705012,239760.3,0
2033-07-07,7.1519,7.1519,7.1519,7.1519,67252000,0.00%,612684012,305276705012,480979.58,0
2033-07-08,7.1519,7.1519,7.1519,7.1519,73440000,0.00%,539244012,305276705012,525235.54,0
2033-07-11,7.1519,7.1519,7.1519,7.1519,58786000,0.00%,480458012,305276705012,420431.59,0
2033-07-12,7.1519,7.1519,7.1519,7.1519,42024000,0.00%,438434012,305276705012,300551.45,0
2033-07-13,7.1519,7.1519,7.1519,7.1519,57290000,0.00%,381144012,305276705012,409732.35,0
2033-07-14,7.1519,7.1519,7.1519,7.1519,92888000,0.00%,288256012,305276705012,664325.69,0
2033-07-15,7.1519,7.1519,7.1519,7.1519,72114000,0.00%,216142012,305276705012,515752.12,0
2033-07-19,7.1519,7.1519,7.1519,7.1519,99110000,0.00%,117032012,305276705012,708824.81,0
2033-07-20,7.1519,7.1519,7.1519,7.1519,74494000,0.00%,42538012,305276705012,532773.64,0
2033-07-21,7.1519,7.159,7.159,7.1519,56304000,0.10%,772734680,306063205680,403080.34,786500667
2033-07-22,7.159,7.159,7.159,7.159,40256000,0.00%,732478680,306063205680,288192.7,0
2033-07-25,7.159,7.159,7.159,7.159,59330000,0.00%,673148680,306063205680,424743.47,0
2033-07-26,7.159,7.159,7.159,7.159,99280000,0.00%,573868680,306063205680,710745.52,0
2033-07-27,7.159,7.159,7.159,7.159,50796000,0.00%,523072680,306063205680,363648.56,0
2033-07-28,7.159,7.159,7.159,7.159,46410000,0.00%,476662680,306063205680,332249.19,0
2033-07-29,7.159,7.159,7.159,7.159,75616000,0.00%,401046680,306063205680,541334.94,0
2033-08-01,7.159,7.159,7.159,7.159,125120000,0.00%,275926680,306063205680,895734.08,0
2033-08-02,7.159,7.159,7.159,7.159,79696000,0.00%,196230680,306063205680,570543.66,0
2033-08-03,7.159,7.159,7.159,7.159,71536000,0.00%,124694680,306063205680,512126.22,0
2033-08-04,7.159,7.159,7.159,7.159,56644000,0.00%,68050680,306063205680,405514.4,0
2033-08-05,7.159,7.159,7.159,7.159,64940000,0.00%,3110680,306063205680,464905.46,0
2033-08-08,7.159,7.1662,7.1662,7.159,32232000,0.10%,751539272,306843866272,230980.96,780660591
2033-08-09,7.1662,7.1662,7.1662,7.1662,52292000,0.00%,699247272,306843866272,374734.93,0
2033-08-10,7.1662,7.1662,7.1662,7.1662,40528000,0.00%,658719272,306843866272,290431.75,0
2033-08-11,7.1662,7.1662,7.1662,7.1662,38046000,0.00%,620673272,306843866272,272645.25,0
2033-08-12,7.1662,7.1662,7.1662,7.1662,41820000,0.00%,578853272,306843866272,299690.48,0
2033-08-15,7.1662,7.1662,7.1662,7.1662,53550000,0.00%,525303272,306843866272,383750.01,0
2033-08-16,7.1662,7.1662,7.1662,7.1662,36686000,0.00%,488617272,306843866272,262899.21,0
2033-08-17,7.1662,7.1662,7.1662,7.1662,56032000,0.00%,432585272,306843866272,401536.52,0
2033-08-18,7.1662,7.1662,7.1662,7.1662,97988000,0.00%,334597272,306843866272,702201.61,0
2033-08-19,7.1662,7.1662,7.1662,7.1662,61574000,0.00%,273023272,306843866272,441251.6,0
2033-08-22,7.1662,7.1662,7.1662,7.1662,87380000,0.00%,185643272,306843866272,626182.56,0
2033-08-23,7.1662,7.1662,7.1662,7.1662,83912000,0.00%,101731272,306843866272,601330.17,0
2033-08-24,7.1662,7.1662,7.1662,7.1662,58616000,0.00%,43115272,306843866272,420053.98,0
2033-08-25,7.1662,7.1734,7.1734,7.1662,75956000,0.10%,737129051,307613836051,544862.77,769969778
2033-08-26,7.1734,7.1734,7.1734,7.1734,42636000,0.00%,694493051,307613836051,305845.08,0
2033-08-29,7.1734,7.1734,7.1734,7.1734,65960000,0.00%,628533051,307613836051,473157.46,0
2033-08-30,7.1734,7.1734,7.1734,7.1734,52292000,0.00%,576241051,307613836051,375111.43,0
2033-08-31,7.1734,7.1734,7.1734,7.1734,51646000,0.00%,524595051,307613836051,370477.42,0
2033-09-01,7.1734,7.1734,7.1734,7.1734,169116000,0.00%,355479051,307613836051,1213136.71,0
2033-09-05,7.1734,7.1734,7.1734,7.1734,104550000,0.00%,250929051,307613836051,749978.97,0
2033-09-06,7.1734,7.1734,7.1734,7.1734,45050000,0.00%,205879051,307613836051,323161.67,0
2033-09-07,7.1734,7.1734,7.1734,7.1734,56066000,0.00%,149813051,307613836051,402183.84,0
2033-09-08,7.1734,7.1734,7.1734,7.1734,56848000,0.00%,92965051,307613836051,407793.44,0
2033-09-12,7.1734,7.1734,7.1734,7.1734,63954000,0.00%,29011051,307613836051,458767.62,0
2033-09-13,7.1734,7.1805,7.1805,7.1734,35360000,0.10%,764947951,308385132951,253902.48,771296900
2033-09-14,7.1805,7.1805,7.1805,7.1805,36244000,0.00%,728703951,308385132951,260250.04,0
2033-09-15,7.1805,7.1805,7.1805,7.1805,34510000,0.00%,694193951,308385132951,247799.05,0
2033-09-16,7.1805,7.1805,7.1805,7.1805,65348000,0.00%,628845951,308385132951,469231.31,0
2033-09-19,7.1805,7.1805,7.1805,7.1805,50116000,0.00%,578729951,308385132951,359857.94,0
2033-09-20,7.1805,7.1805,7.1805,7.1805,52972000,0.00%,525757951,308385132951,380365.45,0
2033-09-21,7.1805,7.1805,7.1805,7.1805,46444000,0.00%,479313951,308385132951,333491.14,0
2033-09-22,7.1805,7.1805,7.1805,7.1805,65008000,0.00%,414305951,308385132951,466789.94,0
2033-09-23,7.1805,7.1805,7.1805,7.1805,72216000,0.00%,342089951,308385132951,518546.99,0
2033-09-26,7.1805,7.1805,7.1805,7.1805,62254000,0.00%,279835951,308385132951,447014.85,0
2033-09-27,7.1805,7.1805,7.1805,7.1805,54128000,0.00%,225707951,308385132951,388666.1,0
2033-09-28,7.1805,7.1805,7.1805,7.1805,48280000,0.00%,177427951,308385132951,346674.54,0
2033-09-29,7.1805,7.1805,7.1805,7.1805,53040000,0.00%,124387951,308385132951,380853.72,0
2033-09-30,7.1805,7.1805,7.1805,7.1805,38250000,0.00%,86137951,308385132951,274654.13,0
2033-10-04,7.1805,7.1805,7.1805,7.1805,51408000,0.00%,34729951,308385132951,369135.14,0
2033-10-05,7.1805,7.1877,7.1877,7.1805,37196000,0.10%,750532449,309138131449,267353.69,752998497
2033-10-06,7.1877,7.1877,7.1877,7.1877,36720000,0.00%,713812449,309138131449,263932.34,0
2033-10-07,7.1877,7.1877,7.1877,7.1877,37672000,0.00%,676140449,309138131449,270775.03,0
2033-10-10,7.1877,7.1877,7.1877,7.1877,38760000,0.00%,637380449,309138131449,278595.25,0
2033-10-11,7.1877,7.1877,7.1877,7.1877,55930000,0.00%,581450449,309138131449,402008.06,0
2033-10-12,7.1877,7.1877,7.1877,7.1877,55828000,0.00%,525622449,309138131449,401274.92,0
2033-10-13,7.1877,7.1877,7.1877,7.1877,45730000,0.00%,479892449,309138131449,328693.52,0
2033-10-14,7.1877,7.1877,7.1877,7.1877,45458000,0.00%,434434449,309138131449,326738.47,0
2033-10-17,7.1877,7.1877,7.1877,7.1877,42330000,0.00%,392104449,309138131449,304255.34,0
2033-10-18,7.1877,7.1877,7.1877,7.1877,31280000,0.00%,360824449,309138131449,224831.26,0
2033-10-19,7.1877,7.1877,7.1877,7.1877,40800000,0.00%,320024449,309138131449,293258.16,0
2033-10-20,7.1877,7.1877,7.1877,7.1877,58548000,0.00%,261476449,309138131449,420825.46,0
2033-10-21,7.1877,7.1877,7.1877,7.1877,65314000,0.00%,196162449,309138131449,469457.44,0
2033-10-25,7.1877,7.1877,7.1877,7.1877,73508000,0.00%,122654449,309138131449,528353.45,0
2033-10-26,7.1877,7.1877,7.1877,7.1877,59534000,0.00%,63120449,309138131449,427912.53,0
2033-10-27,7.1877,7.1877,7.1877,7.1877,38930000,0.00%,24190449,309138131449,279817.16,0
2033-10-28,7.1877,7.1949,7.1949,7.1877,55964000,0.10%,711276944,309881181944,402655.38,743050495
2033-10-31,7.1949,7.1949,7.1949,7.1949,48824000,0.00%,662452944,309881181944,351283.8,0
2033-11-01,7.1949,7.1949,7.1949,7.1949,46682000,0.00%,615770944,309881181944,335872.32,0
2033-11-02,7.1949,7.1949,7.1949,7.1949,37434000,0.00%,578336944,309881181944,269333.89,0
2033-11-03,7.1949,7.1949,7.1949,7.1949,35632000,0.00%,542704944,309881181944,256368.68,0
2033-11-04,7.1949,7.1949,7.1949,7.1949,73372000,0.00%,469332944,309881181944,527904.2,0
2033-11-07,7.1949,7.1949,7.1949,7.1949,91324000,0.00%,378008944,309881181944,657067.05,0
2033-11-08,7.1949,7.1949,7.1949,7.1949,45560000,0.00%,332448944,309881181944,327799.64,0
2033-11-09,7.1949,7.1949,7.1949,7.1949,43792000,0.00%,288656944,309881181944,315079.06,0
2033-11-10,7.1949,7.1949,7.1949,7.1949,34918000,0.00%,253738944,309881181944,251231.52,0
2033-11-11,7.1949,7.1949,7.1949,7.1949,33558000,0.00%,220180944,309881181944,241446.45,0
2033-11-14,7.1949,7.1949,7.1949,7.1949,46206000,0.00%,173974944,309881181944,332447.55,0
2033-11-15,7.1949,7.1949,7.1949,7.1949,42432000,0.00%,131542944,309881181944,305294.0,0
2033-11-16,7.1949,7.1949,7.1949,7.1949,110330000,0.00%,21212944,309881181944,793813.32,0
2033-11-17,7.1949,7.2021,7.2021,7.1949,120020000,0.10%,646247051,310626236051,864396.04,745054107
2033-11-18,7.2021,7.2021,7.2021,7.2021,74698000,0.00%,571549051,310626236051,537982.47,0
2033-11-21,7.2021,7.2021,7.2021,7.2021,94452000,0.00%,477097051,310626236051,680252.75,0
2033-11-22,7.2021,7.2021,7.2021,7.2021,82246000,0.00%,394851051,310626236051,592343.92,0
2033-11-23,7.2021,7.2021,7.2021,7.2021,48178000,0.00%,346673051,310626236051,346982.77,0
2033-11-24,7.2021,7.2021,7.2021,7.2021,49402000,0.00%,297271051,310626236051,355798.14,0
2033-11-25,7.2021,7.2021,7.2021,7.2021,51816000,0.00%,245455051,310626236051,373184.01,0
2033-11-28,7.2021,7.2021,7.2021,7.2021,41582000,0.00%,203873051,310626236051,299477.72,0
2033-11-29,7.2021,7.2021,7.2021,7.2021,51510000,0.00%,152363051,310626236051,370980.17,0
2033-11-30,7.2021,7.2021,7.2021,7.2021,57324000,0.00%,95039051,310626236051,412853.18,0
2033-12-01,7.2021,7.2093,7.2093,7.2021,103054000,0.10%,739168626,311373419626,742947.2,747183574
2033-12-02,7.2093,7.2093,7.2093,7.2093,51510000,0.00%,687658626,311373419626,371351.04,0
2033-12-05,7.2093,7.2093,7.2093,7.2093,50694000,0.00%,636964626,311373419626,365468.25,0
2033-12-06,7.2093,7.2093,7.2093,7.2093,80682000,0.00%,556282626,311373419626,581660.74,0
2033-12-07,7.2093,7.2093,7.2093,7.2093,54060000,0.00%,502222626,311373419626,389734.76,0
2033-12-08,7.2093,7.2093,7.2093,7.2093,46580000,0.00%,455642626,311373419626,335809.19,0
2033-12-09,7.2093,7.2093,7.2093,7.2093,56440000,0.00%,399202626,311373419626,406892.89,0
2033-12-12,7.2093,7.2093,7.2093,7.2093,62560000,0.00%,336642626,311373419626,451013.81,0
2033-12-13,7.2093,7.2093,7.2093,7.2093,44200000,0.00%,292442626,311373419626,318651.06,0
2033-12-14,7.2093,7.2093,7.2093,7.2093,48110000,0.00%,244332626,311373419626,346839.42,0
2033-12-15,7.2093,7.2093,7.2093,7.2093,58480000,0.00%,185852626,311373419626,421599.86,0
2033-12-16,7.2093,7.2093,7.2093,7.2093,105128000,0.00%,80724626,311373419626,757899.29,0
2033-12-19,7.2093,7.2093,7.2093,7.2093,41106000,0.00%,39618626,311373419626,296345.49,0
2033-12-20,7.2093,7.2165,7.2165,7.2093,42602000,0.10%,742817523,312119220523,307437.33,745800896
2033-12-21,7.2165,7.2165,7.2165,7.2165,48246000,0.00%,694571523,312119220523,348167.26,0
2033-12-22,7.2165,7.2165,7.2165,7.2165,34578000,0.00%,659993523,312119220523,249532.14,0
2033-12-23,7.2165,7.2165,7.2165,7.2165,499834000,0.00%,160159523,312119220523,3607052.06,0
2033-12-28,7.2165,7.2237,7.2237,7.2165,219198000,0.10%,707338546,312885597546,1583420.59,766377022
2033-12-29,7.2237,7.2237,7.2237,7.2237,128656000,0.00%,578682546,312885597546,929372.35,0
2033-12-30,7.2237,7.2237,7.2237,7.2237,66708000,0.00%,511974546,312885597546,481878.58,0
2034-01-03,7.2237,7.2237,7.2237,7.2237,81725000,0.00%,430249546,312885597546,590356.88,0
2034-01-04,7.2237,7.2237,7.2237,7.2237,71365000,0.00%,358884546,312885597546,515519.35,0
2034-01-05,7.2237,7.2237,7.2237,7.2237,70770000,0.00%,288114546,312885597546,511221.25,0
2034-01-06,7.2237,7.2237,7.2237,7.2237,83125000,0.00%,204989546,312885597546,600470.06,0
2034-01-09,7.2237,7.2237,7.2237,7.2237,58519999,0.00%,146469546,312885597546,422730.92,0
2034-01-10,7.2237,7.2237,7.2237,7.2237,59255000,0.00%,87214546,312885597546,428040.34,0
2034-01-11,7.2237,7.2237,7.2237,7.2237,67025000,0.00%,20189546,312885597546,484168.49,0
2034-01-12,7.2237,7.2309,7.2309,7.2237,72100000,0.10%,713771200,313651279200,521347.89,765681653
2034-01-13,7.2309,7.2309,7.2309,7.2309,55195000,0.00%,658576200,313651279200,399109.53,0
2034-01-16,7.2309,7.2309,7.2309,7.2309,57154999,0.00%,601421200,313651279200,413282.09,0
2034-01-17,7.2309,7.2309,7.2309,7.2309,77840000,0.00%,523581200,313651279200,562853.26,0
2034-01-18,7.2309,7.2309,7.2309,7.2309,126385000,0.00%,397196200,313651279200,913877.3,0
2034-01-19,7.2309,7.2309,7.2309,7.2309,86100000,0.00%,311096200,313651279200,622580.49,0
2034-01-20,7.2309,7.2309,7.2309,7.2309,94150000,0.00%,216946200,313651279200,680789.23,0
2034-01-23,7.2309,7.2309,7.2309,7.2309,117775000,0.00%,99171200,313651279200,851619.25,0
2034-01-24,7.2309,7.2382,7.2382,7.2309,124635000,0.10%,718270936,314395013936,902133.06,743734736
2034-01-25,7.2382,7.2382,7.2382,7.2382,118510000,0.00%,599760936,314395013936,857799.08,0
2034-01-26,7.2382,7.2382,7.2382,7.2382,119560000,0.00%,480200936,314395013936,865399.19,0
2034-01-27,7.2382,7.2382,7.2382,7.2382,86870000,0.00%,393330936,314395013936,628782.43,0
2034-01-30,7.2382,7.2382,7.2382,7.2382,70560000,0.00%,322770936,314395013936,510727.39,0
2034-01-31,7.2382,7.2382,7.2382,7.2382,75285000,0.00%,247485936,314395013936,544927.89,0
2034-02-01,7.2382,7.2382,7.2382,7.2382,70175000,0.00%,177310936,314395013936,507940.68,0
2034-02-02,7.2382,7.2382,7.2382,7.2382,60655000,0.00%,116655936,314395013936,439033.02,0
2034-02-03,7.2382,7.2382,7.2382,7.2382,108675000,0.00%,7980936,314395013936,786611.39,0
2034-02-06,7.2382,7.2454,7.2454,7.2382,71610000,0.10%,669195944,315127838944,518843.09,732825007
2034-02-07,7.2454,7.2454,7.2454,7.2454,101010000,0.00%,568185944,315127838944,731857.85,0
2034-02-08,7.2454,7.2454,7.2454,7.2454,92190000,0.00%,475995944,315127838944,667953.43,0
2034-02-09,7.2454,7.2454,7.2454,7.2454,62685000,0.00%,413310944,315127838944,454177.9,0
2034-02-10,7.2454,7.2454,7.2454,7.2454,23555000,0.00%,389755944,315127838944,170665.4,0
2034-02-15,7.2454,7.2454,7.2454,7.2454,40495000,0.00%,349260944,315127838944,293402.47,0
2034-02-16,7.2454,7.2454,7.2454,7.2454,43995000,0.00%,305265944,315127838944,318761.37,0
2034-02-17,7.2454,7.2454,7.2454,7.2454,60270000,0.00%,244995944,315127838944,436680.26,0
2034-02-20,7.2454,7.2454,7.2454,7.2454,53970000,0.00%,191025944,315127838944,391034.24,0
2034-02-21,7.2454,7.2454,7.2454,7.2454,55195000,0.00%,135830944,315127838944,399909.85,0
2034-02-22,7.2454,7.2454,7.2454,7.2454,83825000,0.00%,52005944,315127838944,607345.66,0
2034-02-23,7.2454,7.2454,7.2454,7.2454,43540000,0.00%,8465944,315127838944,315464.72,0
2034-02-24,7.2454,7.2527,7.2527,7.2454,46305000,0.10%,668136954,315833814954,335836.27,705976009
2034-02-27,7.2527,7.2527,7.2527,7.2527,43435000,0.00%,624701954,315833814954,315021.02,0
2034-02-28,7.2527,7.2527,7.2527,7.2527,82635000,0.00%,542066954,315833814954,599326.86,0
2034-03-01,7.2527,7.2527,7.2527,7.2527,90650000,0.00%,451416954,315833814954,657457.26,0
2034-03-02,7.2527,7.2527,7.2527,7.2527,104020000,0.00%,347396954,315833814954,754425.85,0
2034-03-03,7.2527,7.2527,7.2527,7.2527,97825000,0.00%,249571954,315833814954,709495.38,0
2034-03-06,7.2527,7.2527,7.2527,7.2527,48405000,0.00%,201166954,315833814954,351066.94,0
2034-03-07,7.2527,7.2527,7.2527,7.2527,91210000,0.00%,109956954,315833814954,661518.77,0
2034-03-08,7.2527,7.2527,7.2527,7.2527,81515000,0.00%,28441954,315833814954,591203.84,0
2034-03-09,7.2527,7.2599,7.2599,7.2527,60060000,0.10%,665457140,316530890140,436029.59,697075186
2034-03-10,7.2599,7.2599,7.2599,7.2599,43470000,0.00%,621987140,316530890140,315587.85,0
2034-03-13,7.2599,7.2599,7.2599,7.2599,62545000,0.00%,559442140,316530890140,454070.45,0
2034-03-14,7.2599,7.2599,7.2599,7.2599,127855000,0.00%,431587140,316530890140,928214.51,0
2034-03-15,7.2599,7.2599,7.2599,7.2599,70245000,0.00%,361342140,316530890140,509971.68,0
2034-03-16,7.2599,7.2599,7.2599,7.2599,49805000,0.00%,311537140,316530890140,361579.32,0
2034-03-17,7.2599,7.2599,7.2599,7.2599,102130000,0.00%,209407140,316530890140,741453.59,0
2034-03-20,7.2599,7.2599,7.2599,7.2599,68705000,0.00%,140702140,316530890140,498791.43,0
2034-03-21,7.2599,7.2599,7.2599,7.2599,54740000,0.00%,85962140,316530890140,397406.93,0
2034-03-22,7.2599,7.2599,7.2599,7.2599,54670000,0.00%,31292140,316530890140,396898.73,0
2034-03-23,7.2599,7.2672,7.2672,7.2599,129045000,0.10%,601583621,317230226621,937795.82,699336480
2034-03-24,7.2672,7.2672,7.2672,7.2672,92505000,0.00%,509078621,317230226621,672252.34,0
2034-03-27,7.2672,7.2672,7.2672,7.2672,73955000,0.00%,435123621,317230226621,537445.78,0
2034-03-28,7.2672,7.2672,7.2672,7.2672,119000000,0.00%,316123621,317230226621,864796.8,0
2034-03-29,7.2672,7.2672,7.2672,7.2672,135625000,0.00%,180498621,317230226621,985614.0,0
2034-03-30,7.2672,7.2672,7.2672,7.2672,105000000,0.00%,75498621,317230226621,763056.0,0
2034-04-04,7.2672,7.2744,7.2744,7.2672,92960000,0.10%,683286026,317930974026,676228.22,700747405
2034-04-05,7.2744,7.2744,7.2744,7.2744,68950000,0.00%,614336026,317930974026,501569.88,0
2034-04-07,7.2744,7.2744,7.2744,7.2744,47530000,0.00%,566806026,317930974026,345752.23,0
2034-04-10,7.2744,7.2744,7.2744,7.2744,75810000,0.00%,490996026,317930974026,551472.26,0
2034-04-11,7.2744,7.2744,7.2744,7.2744,62580000,0.00%,428416026,317930974026,455231.95,0
2034-04-12,7.2744,7.2744,7.2744,7.2744,86555000,0.00%,341861026,317930974026,629635.69,0
2034-04-13,7.2744,7.2744,7.2744,7.2744,65905000,0.00%,275956026,317930974026,479419.33,0
2034-04-14,7.2744,7.2744,7.2744,7.2744,80605000,0.00%,195351026,317930974026,586353.01,0
2034-04-17,7.2744,7.2744,7.2744,7.2744,64050000,0.00%,131301026,317930974026,465925.32,0
2034-04-18,7.2744,7.2744,7.2744,7.2744,68915000,0.00%,62386026,317930974026,501315.28,0
2034-04-19,7.2744,7.2744,7.2744,7.2744,50435000,0.00%,11951026,317930974026,366884.36,0
2034-04-20,7.2744,7.2817,7.2817,7.2744,66710000,0.10%,643848254,318629581254,485762.21,698607228
2034-04-21,7.2817,7.2817,7.2817,7.2817,68145000,0.00%,575703254,318629581254,496211.45,0
2034-04-24,7.2817,7.2817,7.2817,7.2817,143955000,0.00%,431748254,318629581254,1048237.12,0
2034-04-25,7.2817,7.2817,7.2817,7.2817,153370000,0.00%,278378254,318629581254,1116794.33,0
2034-04-26,7.2817,7.2817,7.2817,7.2817,145145000,0.00%,133233254,318629581254,1056902.35,0
2034-04-27,7.2817,7.2817,7.2817,7.2817,97055000,0.00%,36178254,318629581254,706725.39,0
2034-04-28,7.2817,7.289,7.289,7.2817,103600000,0.10%,632732150,319329735150,755140.4,700153895
2034-05-01,7.289,7.289,7.289,7.289,88970000,0.00%,543762150,319329735150,648502.33,0
2034-05-02,7.289,7.289,7.289,7.289,55860000,0.00%,487902150,319329735150,407163.54,0
2034-05-04,7.289,7.289,7.289,7.289,78680000,0.00%,409222150,319329735150,573498.52,0
2034-05-05,7.289,7.289,7.289,7.289,82565000,0.00%,326657150,319329735150,601816.29,0
2034-05-08,7.289,7.289,7.289,7.289,91735000,0.00%,234922150,319329735150,668656.42,0
2034-05-09,7.289,7.289,7.289,7.289,67935000,0.00%,166987150,319329735150,495178.22,0
2034-05-10,7.289,7.289,7.289,7.289,70210000,0.00%,96777150,319329735150,511760.69,0
2034-05-11,7.289,7.289,7.289,7.289,56105000,0.00%,40672150,319329735150,408949.35,0
2034-05-12,7.289,7.2963,7.2963,7.289,54915000,0.10%,689069200,320033047200,400676.31,703312050
2034-05-15,7.2963,7.2963,7.2963,7.2963,71960000,0.00%,617109200,320033047200,525041.75,0
2034-05-16,7.2963,7.2963,7.2963,7.2963,75600000,0.00%,541509200,320033047200,551600.28,0
2034-05-18,7.2963,7.2963,7.2963,7.2963,204505000,0.00%,337004200,320033047200,1492129.83,0
2034-05-19,7.2963,7.2963,7.2963,7.2963,97720000,0.00%,239284200,320033047200,712994.44,0
2034-05-22,7.2963,7.2963,7.2963,7.2963,78155000,0.00%,161129200,320033047200,570242.33,0
2034-05-23,7.2963,7.2963,7.2963,7.2963,107380000,0.00%,53749200,320033047200,783476.69,0
2034-05-24,7.2963,7.3036,7.3036,7.2963,78295000,0.10%,686098837,320743691837,571835.36,710644636
2034-05-25,7.3036,7.3036,7.3036,7.3036,64120000,0.00%,621978837,320743691837,468306.83,0
2034-05-26,7.3036,7.3036,7.3036,7.3036,66990000,0.00%,554988837,320743691837,489268.16,0
2034-05-29,7.3036,7.3036,7.3036,7.3036,112455000,0.00%,442533837,320743691837,821326.34,0
2034-05-30,7.3036,7.3036,7.3036,7.3036,58135000,0.00%,384398837,320743691837,424594.79,0
2034-05-31,7.3036,7.3036,7.3036,7.3036,95830000,0.00%,288568837,320743691837,699903.99,0
2034-06-01,7.3036,7.3036,7.3036,7.3036,77035000,0.00%,211533837,320743691837,562632.83,0
2034-06-02,7.3036,7.3036,7.3036,7.3036,140140000,0.00%,71393837,320743691837,1023526.5,0
2034-06-05,7.3036,7.3109,7.3109,7.3036,98455000,0.10%,689869776,321460622776,719794.66,716930939
2034-06-06,7.3109,7.3109,7.3109,7.3109,63140000,0.00%,626729776,321460622776,461610.23,0
2034-06-07,7.3109,7.3109,7.3109,7.3109,70735000,0.00%,555994776,321460622776,517136.51,0
2034-06-08,7.3109,7.3109,7.3109,7.3109,66115000,0.00%,489879776,321460622776,483360.15,0
2034-06-09,7.3109,7.3109,7.3109,7.3109,88375000,0.00%,401504776,321460622776,646100.79,0
2034-06-13,7.3109,7.3109,7.3109,7.3109,92750000,0.00%,308754776,321460622776,678085.97,0
2034-06-14,7.3109,7.3109,7.3109,7.3109,52360000,0.00%,256394776,321460622776,382798.72,0
2034-06-15,7.3109,7.3109,7.3109,7.3109,53690000,0.00%,202704776,321460622776,392522.22,0
2034-06-16,7.3109,7.3109,7.3109,7.3109,73010000,0.00%,129694776,321460622776,533768.81,0
2034-06-19,7.3109,7.3109,7.3109,7.3109,53480000,0.00%,76214776,321460622776,390986.93,0
2034-06-20,7.3109,7.3109,7.3109,7.3109,49980000,0.00%,26234776,321460622776,365398.78,0
2034-06-21,7.3109,7.3182,7.3182,7.3109,78085000,0.10%,659720172,322172193172,571441.65,711570395
2034-06-22,7.3182,7.3182,7.3182,7.3182,49175000,0.00%,610545172,322172193172,359872.48,0
2034-06-23,7.3182,7.3182,7.3182,7.3182,90510000,0.00%,520035172,322172193172,662370.28,0
2034-06-26,7.3182,7.3182,7.3182,7.3182,45220000,0.00%,474815172,322172193172,330929.0,0
2034-06-27,7.3182,7.3182,7.3182,7.3182,44765000,0.00%,430050172,322172193172,327599.22,0
2034-06-28,7.3182,7.3182,7.3182,7.3182,41615000,0.00%,388435172,322172193172,304546.89,0
2034-06-29,7.3182,7.3182,7.3182,7.3182,61285000,0.00%,327150172,322172193172,448495.89,0
2034-06-30,7.3182,7.3182,7.3182,7.3182,54460000,0.00%,272690172,322172193172,398549.17,0
2034-07-04,7.3182,7.3182,7.3182,7.3182,95445000,0.00%,177245172,322172193172,698485.6,0
2034-07-05,7.3182,7.3182,7.3182,7.3182,77910000,0.00%,99335172,322172193172,570160.96,0
2034-07-06,7.3182,7.3182,7.3182,7.3182,54040000,0.00%,45295172,322172193172,395475.53,0
2034-07-07,7.3182,7.3182,7.3182,7.3182,36820000,0.00%,8475172,322172193172,269456.12,0
2034-07-10,7.3182,7.3255,7.3255,7.3182,40670000,0.10%,672680419,322877068419,297928.09,704875247
2034-07-11,7.3255,7.3255,7.3255,7.3255,45570000,0.00%,627110419,322877068419,333823.04,0
2034-07-12,7.3255,7.3255,7.3255,7.3255,54565000,0.00%,572545419,322877068419,399715.91,0
2034-07-13,7.3255,7.3255,7.3255,7.3255,58065000,0.00%,514480419,322877068419,425355.16,0
2034-07-14,7.3255,7.3255,7.3255,7.3255,96320000,0.00%,418160419,322877068419,705592.16,0
2034-07-17,7.3255,7.3255,7.3255,7.3255,47880000,0.00%,370280419,322877068419,350744.94,0
2034-07-18,7.3255,7.3255,7.3255,7.3255,66710000,0.00%,303570419,322877068419,488684.1,0
2034-07-19,7.3255,7.3255,7.3255,7.3255,90510000,0.00%,213060419,322877068419,663031.01,0
2034-07-20,7.3255,7.3255,7.3255,7.3255,66290000,0.00%,146770419,322877068419,485607.4,0
2034-07-21,7.3255,7.3255,7.3255,7.3255,80815000,0.00%,65955419,322877068419,592010.28,0
2034-07-24,7.3255,7.3255,7.3255,7.3255,59360000,0.00%,6595419,322877068419,434841.68,0
2034-07-25,7.3255,7.3328,7.3328,7.3255,42350000,0.10%,675496243,323588319243,310544.08,711250823
2034-07-26,7.3328,7.3328,7.3328,7.3328,41300000,0.00%,634196243,323588319243,302844.64,0
2034-07-27,7.3328,7.3328,7.3328,7.3328,90265000,0.00%,543931243,323588319243,661895.19,0
2034-07-28,7.3328,7.3328,7.3328,7.3328,46445000,0.00%,497486243,323588319243,340571.9,0
2034-07-31,7.3328,7.3328,7.3328,7.3328,45045000,0.00%,452441243,323588319243,330305.98,0
2034-08-01,7.3328,7.3328,7.3328,7.3328,34125000,0.00%,418316243,323588319243,250231.8,0
2034-08-02,7.3328,7.3328,7.3328,7.3328,71050000,0.00%,347266243,323588319243,520995.44,0
2034-08-03,7.3328,7.3328,7.3328,7.3328,43435000,0.00%,303831243,323588319243,318500.17,0
2034-08-04,7.3328,7.3328,7.3328,7.3328,61985000,0.00%,241846243,323588319243,454523.61,0
2034-08-07,7.3328,7.3328,7.3328,7.3328,80360000,0.00%,161486243,323588319243,589263.81,0
2034-08-08,7.3328,7.3328,7.3328,7.3328,61845000,0.00%,99641243,323588319243,453497.02,0
2034-08-09,7.3328,7.3328,7.3328,7.3328,55440000,0.00%,44201243,323588319243,406530.43,0
2034-08-10,7.3328,7.3402,7.3402,7.3328,65835000,0.10%,688787174,324298740174,483242.07,710420931
2034-08-11,7.3402,7.3402,7.3402,7.3402,57225000,0.00%,631562174,324298740174,420042.95,0
2034-08-14,7.3402,7.3402,7.3402,7.3402,35770000,0.00%,595792174,324298740174,262558.95,0
2034-08-15,7.3402,7.3402,7.3402,7.3402,47565000,0.00%,548227174,324298740174,349136.61,0
2034-08-16,7.3402,7.3402,7.3402,7.3402,65415000,0.00%,482812174,324298740174,480159.18,0
2034-08-17,7.3402,7.3402,7.3402,7.3402,75040000,0.00%,407772174,324298740174,550808.61,0
2034-08-18,7.3402,7.3402,7.3402,7.3402,57435000,0.00%,350337174,324298740174,421584.39,0
2034-08-21,7.3402,7.3402,7.3402,7.3402,53235000,0.00%,297102174,324298740174,390755.55,0
2034-08-22,7.3402,7.3402,7.3402,7.3402,41475000,0.00%,255627174,324298740174,304434.79,0
2034-08-23,7.3402,7.3402,7.3402,7.3402,40775000,0.00%,214852174,324298740174,299296.66,0
2034-08-24,7.3402,7.3402,7.3402,7.3402,58765000,0.00%,156087174,324298740174,431346.85,0
2034-08-25,7.3402,7.3402,7.3402,7.3402,45710000,0.00%,110377174,324298740174,335520.54,0
2034-08-28,7.3402,7.3402,7.3402,7.3402,56875000,0.00%,53502174,324298740174,417473.88,0
2034-08-29,7.3402,7.3402,7.3402,7.3402,47880000,0.00%,5622174,324298740174,351448.78,0
2034-08-30,7.3402,7.3475,7.3475,7.3402,51100000,0.10%,658013162,325002231162,375457.25,703490987
2034-08-31,7.3475,7.3475,7.3475,7.3475,45115000,0.00%,612898162,325002231162,331482.46,0
2034-09-01,7.3475,7.3475,7.3475,7.3475,108045000,0.00%,504853162,325002231162,793860.64,0
2034-09-04,7.3475,7.3475,7.3475,7.3475,48580000,0.00%,456273162,325002231162,356941.55,0
2034-09-05,7.3475,7.3475,7.3475,7.3475,34335000,0.00%,421938162,325002231162,252276.41,0
2034-09-06,7.3475,7.3475,7.3475,7.3475,46480000,0.00%,375458162,325002231162,341511.8,0
2034-09-07,7.3475,7.3475,7.3475,7.3475,33530000,0.00%,341928162,325002231162,246361.68,0
2034-09-11,7.3475,7.3475,7.3475,7.3475,70280000,0.00%,271648162,325002231162,516382.3,0
2034-09-12,7.3475,7.3475,7.3475,7.3475,43050000,0.00%,228598162,325002231162,316309.88,0
2034-09-13,7.3475,7.3475,7.3475,7.3475,42140000,0.00%,186458162,325002231162,309623.65,0
2034-09-14,7.3475,7.3475,7.3475,7.3475,48300000,0.00%,138158162,325002231162,354884.25,0
2034-09-15,7.3475,7.3475,7.3475,7.3475,38535000,0.00%,99623162,325002231162,283135.91,0
2034-09-18,7.3475,7.3475,7.3475,7.3475,26915000,0.00%,72708162,325002231162,197757.96,0
2034-09-19,7.3475,7.3475,7.3475,7.3475,35525000,0.00%,37183162,325002231162,261019.94,0
2034-09-21,7.3475,7.3549,7.3549,7.3475,90300000,0.10%,645681279,325701029279,664147.47,698798117
2034-09-22,7.3549,7.3549,7.3549,7.3549,99435000,0.00%,546246279,325701029279,731334.48,0
2034-09-25,7.3549,7.3549,7.3549,7.3549,53270000,0.00%,492976279,325701029279,391795.52,0
2034-09-26,7.3549,7.3549,7.3549,7.3549,150220000,0.00%,342756279,325701029279,1104853.08,0
2034-09-27,7.3549,7.3549,7.3549,7.3549,140385000,0.00%,202371279,325701029279,1032517.64,0
2034-09-28,7.3549,7.3549,7.3549,7.3549,175875000,0.00%,26496279,325701029279,1293543.04,0
2034-09-29,7.3549,7.3622,7.3622,7.3549,200025000,0.10%,544851761,326419409761,1472624.05,718380482
2034-10-02,7.3622,7.3622,7.3622,7.3622,264110000,0.00%,280741761,326419409761,1944430.64,0
2034-10-04,7.3622,7.3622,7.3622,7.3622,170695000,0.00%,110046761,326419409761,1256690.73,0
2034-10-05,7.3622,7.3696,7.3696,7.3622,110600000,0.10%,732116891,327152079891,815077.76,732670130
2034-10-06,7.3696,7.3696,7.3696,7.3696,86310000,0.00%,645806891,327152079891,636070.18,0
2034-10-09,7.3696,7.3696,7.3696,7.3696,88655000,0.00%,557151891,327152079891,653351.89,0
2034-10-10,7.3696,7.3696,7.3696,7.3696,246645000,0.00%,310506891,327152079891,1817674.99,0
2034-10-11,7.3696,7.3696,7.3696,7.3696,162295000,0.00%,148211891,327152079891,1196049.23,0
2034-10-12,7.3696,7.3696,7.3696,7.3696,115885000,0.00%,32326891,327152079891,854026.1,0
2034-10-16,7.3696,7.3769,7.3769,7.3696,106120000,0.10%,674834058,327900707058,782836.63,748627167
2034-10-17,7.3769,7.3769,7.3769,7.3769,117179999,0.00%,557654058,327900707058,864425.14,0
2034-10-18,7.3769,7.3769,7.3769,7.3769,78715000,0.00%,478939058,327900707058,580672.68,0
2034-10-19,7.3769,7.3769,7.3769,7.3769,57680000,0.00%,421259058,327900707058,425499.59,0
2034-10-20,7.3769,7.3769,7.3769,7.3769,90860000,0.00%,330399058,327900707058,670265.13,0
2034-10-23,7.3769,7.3769,7.3769,7.3769,57154999,0.00%,273244058,327900707058,421626.72,0
2034-10-24,7.3769,7.3769,7.3769,7.3769,38605000,0.00%,234639058,327900707058,284785.22,0
2034-10-25,7.3769,7.3769,7.3769,7.3769,51310000,0.00%,183329058,327900707058,378508.74,0
2034-10-26,7.3769,7.3769,7.3769,7.3769,39200000,0.00%,144129058,327900707058,289174.48,0
2034-10-27,7.3769,7.3769,7.3769,7.3769,41825000,0.00%,102304058,327900707058,308538.84,0
2034-10-30,7.3769,7.3769,7.3769,7.3769,54425000,0.00%,47879058,327900707058,401487.78,0
2034-10-31,7.3769,7.3843,7.3843,7.3769,48300000,0.10%,747509005,328648637005,356661.69,747929946
2034-11-01,7.3843,7.3843,7.3843,7.3843,62650000,0.00%,684859005,328648637005,462626.4,0
2034-11-02,7.3843,7.3843,7.3843,7.3843,79625000,0.00%,605234005,328648637005,587974.89,0
2034-11-03,7.3843,7.3843,7.3843,7.3843,73815000,0.00%,531419005,328648637005,545072.1,0
2034-11-06,7.3843,7.3843,7.3843,7.3843,40985000,0.00%,490434005,328648637005,302645.54,0
2034-11-07,7.3843,7.3843,7.3843,7.3843,53445000,0.00%,436989005,328648637005,394653.91,0
2034-11-08,7.3843,7.3843,7.3843,7.3843,72660000,0.00%,364329005,328648637005,536543.24,0
2034-11-09,7.3843,7.3843,7.3843,7.3843,69720000,0.00%,294609005,328648637005,514833.4,0
2034-11-10,7.3843,7.3843,7.3843,7.3843,67865000,0.00%,226744005,328648637005,501135.52,0
2034-11-13,7.3843,7.3843,7.3843,7.3843,80010000,0.00%,146734005,328648637005,590817.84,0
2034-11-14,7.3843,7.3843,7.3843,7.3843,95550000,0.00%,51184005,328648637005,705569.86,0
2034-11-15,7.3843,7.3917,7.3917,7.3843,99085000,0.10%,706849125,329403387125,732406.59,754750120
2034-11-16,7.3917,7.3917,7.3917,7.3917,122150000,0.00%,584699125,329403387125,902896.16,0
2034-11-17,7.3917,7.3917,7.3917,7.3917,101710000,0.00%,482989125,329403387125,751809.81,0
2034-11-20,7.3917,7.3917,7.3917,7.3917,71715000,0.00%,411274125,329403387125,530095.77,0
2034-11-21,7.3917,7.3917,7.3917,7.3917,48580000,0.00%,362694125,329403387125,359088.79,0
2034-11-22,7.3917,7.3917,7.3917,7.3917,52535000,0.00%,310159125,329403387125,388322.96,0
2034-11-23,7.3917,7.3917,7.3917,7.3917,43750000,0.00%,266409125,329403387125,323386.88,0
2034-11-24,7.3917,7.3917,7.3917,7.3917,59325000,0.00%,207084125,329403387125,438512.6,0
2034-11-27,7.3917,7.3917,7.3917,7.3917,97615000,0.00%,109469125,329403387125,721540.8,0
2034-11-28,7.3917,7.3917,7.3917,7.3917,59290000,0.00%,50179125,329403387125,438253.89,0
2034-11-29,7.3917,7.3991,7.3991,7.3917,58415000,0.10%,748328864,330159951864,432218.43,756564738
2034-11-30,7.3991,7.3991,7.3991,7.3991,45745000,0.00%,702583864,330159951864,338471.83,0
2034-12-01,7.3991,7.3991,7.3991,7.3991,54705000,0.00%,647878864,330159951864,404767.77,0
2034-12-04,7.3991,7.3991,7.3991,7.3991,46655000,0.00%,601223864,330159951864,345205.01,0
2034-12-05,7.3991,7.3991,7.3991,7.3991,64260000,0.00%,536963864,330159951864,475466.17,0
2034-12-06,7.3991,7.3991,7.3991,7.3991,49175000,0.00%,487788864,330159951864,363850.74,0
2034-12-07,7.3991,7.3991,7.3991,7.3991,46585000,0.00%,441203864,330159951864,344687.07,0
2034-12-08,7.3991,7.3991,7.3991,7.3991,96985000,0.00%,344218864,330159951864,717601.71,0
2034-12-11,7.3991,7.3991,7.3991,7.3991,78610000,0.00%,265608864,330159951864,581643.25,0
2034-12-12,7.3991,7.3991,7.3991,7.3991,105980000,0.00%,159628864,330159951864,784156.62,0
2034-12-13,7.3991,7.3991,7.3991,7.3991,45850000,0.00%,113778864,330159951864,339248.73,0
2034-12-14,7.3991,7.3991,7.3991,7.3991,81935000,0.00%,31843864,330159951864,606245.26,0
2034-12-15,7.3991,7.4065,7.4065,7.3991,57050000,0.10%,738002266,330923160266,422540.83,763208402
2034-12-18,7.4065,7.4065,7.4065,7.4065,49210000,0.00%,688792266,330923160266,364473.86,0
2034-12-19,7.4065,7.4065,7.4065,7.4065,58730000,0.00%,630062266,330923160266,434983.74,0
2034-12-20,7.4065,7.4065,7.4065,7.4065,52185000,0.00%,577877266,330923160266,386508.2,0
2034-12-21,7.4065,7.4065,7.4065,7.4065,121345000,0.00%,456532266,330923160266,898741.74,0
2034-12-22,7.4065,7.4065,7.4065,7.4065,156905000,0.00%,299627266,330923160266,1162116.88,0
2034-12-25,7.4065,7.4065,7.4065,7.4065,73010000,0.00%,226617266,330923160266,540748.57,0
2034-12-26,7.4065,7.4065,7.4065,7.4065,27545000,0.00%,199072266,330923160266,204012.04,0
2034-12-29,7.4065,7.4065,7.4065,7.4065,47425000,0.00%,151647266,330923160266,351253.26,0
2035-01-01,7.4065,7.4065,7.4065,7.4065,48672000,0.00%,102975266,330923160266,360489.17,0
2035-01-02,7.4065,7.4065,7.4065,7.4065,39132000,0.00%,63843266,330923160266,289831.16,0
2035-01-04,7.4065,7.4139,7.4139,7.4065,74628000,0.10%,763008916,331696953916,553284.53,773793650
2035-01-05,7.4139,7.4139,7.4139,7.4139,60624000,0.00%,702384916,331696953916,449460.27,0
2035-01-08,7.4139,7.4139,7.4139,7.4139,60732000,0.00%,641652916,331696953916,450260.97,0
2035-01-09,7.4139,7.4139,7.4139,7.4139,514512000,0.00%,127140916,331696953916,3814540.52,0
2035-01-10,7.4139,7.4213,7.4213,7.4139,343656000,0.10%,587555458,332501024458,2550374.27,804070542
2035-01-11,7.4213,7.4213,7.4213,7.4213,218088000,0.00%,369467458,332501024458,1618496.47,0
2035-01-12,7.4213,7.4213,7.4213,7.4213,133380000,0.00%,236087458,332501024458,989852.99,0
2035-01-15,7.4213,7.4213,7.4213,7.4213,125244000,0.00%,110843458,332501024458,929473.3,0
2035-01-16,7.4213,7.4287,7.4287,7.4213,146232000,0.10%,782951199,333319364199,1086313.66,818339740
2035-01-17,7.4287,7.4287,7.4287,7.4287,104976000,0.00%,677975199,333319364199,779835.21,0
2035-01-18,7.4287,7.4287,7.4287,7.4287,94104000,0.00%,583871199,333319364199,699070.38,0
2035-01-19,7.4287,7.4287,7.4287,7.4287,61704000,0.00%,522167199,333319364199,458380.5,0
2035-01-22,7.4287,7.4287,7.4287,7.4287,112104000,0.00%,410063199,333319364199,832786.98,0
2035-01-23,7.4287,7.4287,7.4287,7.4287,90900000,0.00%,319163199,333319364199,675268.83,0
2035-01-24,7.4287,7.4287,7.4287,7.4287,64296000,0.00%,254867199,333319364199,477635.7,0
2035-01-25,7.4287,7.4287,7.4287,7.4287,76536000,0.00%,178331199,333319364199,568562.98,0
2035-01-26,7.4287,7.4287,7.4287,7.4287,86688000,0.00%,91643199,333319364199,643979.15,0
2035-01-29,7.4287,7.4287,7.4287,7.4287,84996000,0.00%,6647199,333319364199,631409.79,0
2035-01-30,7.4287,7.4362,7.4362,7.4287,51120000,0.10%,786066083,334149903083,380138.54,830538884
2035-02-05,7.4362,7.4362,7.4362,7.4362,100512000,0.00%,685554083,334149903083,747427.33,0
2035-02-06,7.4362,7.4362,7.4362,7.4362,112608000,0.00%,572946083,334149903083,837375.61,0
2035-02-07,7.4362,7.4362,7.4362,7.4362,115668000,0.00%,457278083,334149903083,860130.38,0
2035-02-08,7.4362,7.4362,7.4362,7.4362,70524000,0.00%,386754083,334149903083,524430.57,0
2035-02-09,7.4362,7.4362,7.4362,7.4362,124452000,0.00%,262302083,334149903083,925449.96,0
2035-02-12,7.4362,7.4362,7.4362,7.4362,113076000,0.00%,149226083,334149903083,840855.75,0
2035-02-13,7.4362,7.4362,7.4362,7.4362,111204000,0.00%,38022083,334149903083,826935.18,0
2035-02-14,7.4362,7.4436,7.4436,7.4362,137736000,0.10%,743594411,334993211411,1025251.69,843308328
2035-02-15,7.4436,7.4436,7.4436,7.4436,219564000,0.00%,524030411,334993211411,1634346.59,0
2035-02-16,7.4436,7.4436,7.4436,7.4436,268272000,0.00%,255758411,334993211411,1996909.46,0
2035-02-19,7.4436,7.451,7.451,7.4436,454392000,0.10%,672459337,335864304337,3385674.79,871092925
2035-02-20,7.451,7.451,7.451,7.451,225108000,0.00%,447351337,335864304337,1677279.71,0
2035-02-21,7.451,7.451,7.451,7.451,122868000,0.00%,324483337,335864304337,915489.47,0
2035-02-22,7.451,7.451,7.451,7.451,124380000,0.00%,200103337,335864304337,926755.38,0
2035-02-23,7.451,7.4585,7.4585,7.451,264780000,0.10%,825958041,336754939041,1974861.63,890634704
2035-02-26,7.4585,7.4585,7.4585,7.4585,243144000,0.00%,582814041,336754939041,1813489.52,0
2035-02-27,7.4585,7.4585,7.4585,7.4585,203436000,0.00%,379378041,336754939041,1517327.41,0
2035-02-28,7.4585,7.4585,7.4585,7.4585,145764000,0.00%,233614041,336754939041,1087180.79,0
2035-03-01,7.4585,7.4585,7.4585,7.4585,140040000,0.00%,93574041,336754939041,1044488.34,0
2035-03-02,7.4585,7.466,7.466,7.4585,187776000,0.10%,817344569,337666485569,1401935.62,911546528
2035-03-05,7.466,7.466,7.466,7.466,117900000,0.00%,699444569,337666485569,880241.4,0
2035-03-06,7.466,7.466,7.466,7.466,112032000,0.00%,587412569,337666485569,836430.91,0
2035-03-07,7.466,7.466,7.466,7.466,126612000,0.00%,460800569,337666485569,945285.19,0
2035-03-08,7.466,7.466,7.466,7.466,286848000,0.00%,173952569,337666485569,2141607.17,0
2035-03-09,7.466,7.466,7.466,7.466,167364000,0.00%,6588569,337666485569,1249539.62,0
2035-03-12,7.466,7.4734,7.4734,7.466,123912000,0.10%,816224950,338600033950,926043.94,933548380
2035-03-13,7.4734,7.4734,7.4734,7.4734,121860000,0.00%,694364950,338600033950,910708.52,0
2035-03-14,7.4734,7.4734,7.4734,7.4734,100908000,0.00%,593456950,338600033950,754125.85,0
2035-03-15,7.4734,7.4734,7.4734,7.4734,98388000,0.00%,495068950,338600033950,735292.88,0
2035-03-16,7.4734,7.4734,7.4734,7.4734,110556000,0.00%,384512950,338600033950,826229.21,0
2035-03-19,7.4734,7.4734,7.4734,7.4734,79560000,0.00%,304952950,338600033950,594583.7,0
2035-03-20,7.4734,7.4734,7.4734,7.4734,121104000,0.00%,183848950,338600033950,905058.63,0
2035-03-21,7.4734,7.4734,7.4734,7.4734,113760000,0.00%,70088950,338600033950,850173.98,0
2035-03-22,7.4734,7.4809,7.4809,7.4734,179460000,0.10%,817489248,339526894248,1342522.31,926860298
2035-03-23,7.4809,7.4809,7.4809,7.4809,152136000,0.00%,665353248,339526894248,1138114.2,0
2035-03-26,7.4809,7.4809,7.4809,7.4809,88560000,0.00%,576793248,339526894248,662508.5,0
2035-03-27,7.4809,7.4809,7.4809,7.4809,99864000,0.00%,476929248,339526894248,747072.6,0
2035-03-28,7.4809,7.4809,7.4809,7.4809,62316000,0.00%,414613248,339526894248,466179.76,0
2035-03-29,7.4809,7.4809,7.4809,7.4809,63360000,0.00%,351253248,339526894248,473989.82,0
2035-03-30,7.4809,7.4809,7.4809,7.4809,66924000,0.00%,284329248,339526894248,500651.75,0
2035-04-02,7.4809,7.4809,7.4809,7.4809,100944000,0.00%,183385248,339526894248,755151.97,0
2035-04-03,7.4809,7.4809,7.4809,7.4809,70272000,0.00%,113113248,339526894248,525697.8,0
2035-04-04,7.4809,7.4809,7.4809,7.4809,51300000,0.00%,61813248,339526894248,383770.17,0
2035-04-05,7.4809,7.4884,7.4884,7.4809,105192000,0.10%,889833694,340460106694,787719.77,933212446
2035-04-09,7.4884,7.4884,7.4884,7.4884,444096000,0.00%,445737694,340460106694,3325568.49,0
2035-04-10,7.4884,7.4884,7.4884,7.4884,234432000,0.00%,211305694,340460106694,1755520.59,0
2035-04-11,7.4884,7.4959,7.4959,7.4884,239328000,0.10%,928340695,341416469695,1793978.76,956363000
2035-04-12,7.4959,7.4959,7.4959,7.4959,208080000,0.00%,720260695,341416469695,1559746.87,0
2035-04-13,7.4959,7.4959,7.4959,7.4959,167724000,0.00%,552536695,341416469695,1257242.33,0
2035-04-16,7.4959,7.4959,7.4959,7.4959,109260000,0.00%,443276695,341416469695,819002.03,0
2035-04-17,7.4959,7.4959,7.4959,7.4959,72900000,0.00%,370376695,341416469695,546451.11,0
2035-04-18,7.4959,7.4959,7.4959,7.4959,98352000,0.00%,272024695,341416469695,737236.76,0
2035-04-19,7.4959,7.4959,7.4959,7.4959,88128000,0.00%,183896695,341416469695,660598.68,0
2035-04-24,7.4959,7.4959,7.4959,7.4959,86544000,0.00%,97352695,341416469695,648725.17,0
2035-04-25,7.4959,7.4959,7.4959,7.4959,97200000,0.00%,152695,341416469695,728601.48,0
2035-04-26,7.4959,7.5034,7.5034,7.4959,68076000,0.10%,891906940,342376299940,510801.46,959830245
2035-04-27,7.5034,7.5034,7.5034,7.5034,103500000,0.00%,788406940,342376299940,776601.9,0
2035-04-30,7.5034,7.5034,7.5034,7.5034,49716000,0.00%,738690940,342376299940,373039.03,0
2035-05-01,7.5034,7.5034,7.5034,7.5034,58932000,0.00%,679758940,342376299940,442190.37,0
2035-05-02,7.5034,7.5034,7.5034,7.5034,55116000,0.00%,624642940,342376299940,413557.39,0
2035-05-04,7.5034,7.5034,7.5034,7.5034,47664000,0.00%,576978940,342376299940,357642.06,0
2035-05-08,7.5034,7.5034,7.5034,7.5034,71316000,0.00%,505662940,342376299940,535112.47,0
2035-05-09,7.5034,7.5034,7.5034,7.5034,92232000,0.00%,413430940,342376299940,692053.59,0
2035-05-10,7.5034,7.5034,7.5034,7.5034,71352000,0.00%,342078940,342376299940,535382.6,0
2035-05-11,7.5034,7.5034,7.5034,7.5034,49608000,0.00%,292470940,342376299940,372228.67,0
2035-05-14,7.5034,7.5034,7.5034,7.5034,129060000,0.00%,163410940,342376299940,968388.8,0
2035-05-15,7.5034,7.5034,7.5034,7.5034,83232000,0.00%,80178940,342376299940,624522.99,0
2035-05-16,7.5034,7.5109,7.5109,7.5034,87444000,0.10%,956267695,343339832695,656783.14,963532755
2035-05-17,7.5109,7.5109,7.5109,7.5109,118079999,0.00%,838187695,343339832695,886887.07,0
2035-05-18,7.5109,7.5109,7.5109,7.5109,76788000,0.00%,761399695,343339832695,576746.99,0
2035-05-21,7.5109,7.5109,7.5109,7.5109,80856000,0.00%,680543695,343339832695,607301.33,0
2035-05-22,7.5109,7.5109,7.5109,7.5109,56844000,0.00%,623699695,343339832695,426949.6,0
2035-05-23,7.5109,7.5109,7.5109,7.5109,68112000,0.00%,555587695,343339832695,511582.42,0
2035-05-24,7.5109,7.5109,7.5109,7.5109,51408000,0.00%,504179695,343339832695,386120.35,0
2035-05-25,7.5109,7.5109,7.5109,7.5109,58536000,0.00%,445643695,343339832695,439658.04,0
2035-05-28,7.5109,7.5109,7.5109,7.5109,62244000,0.00%,383399695,343339832695,467508.46,0
2035-05-29,7.5109,7.5109,7.5109,7.5109,53964000,0.00%,329435695,343339832695,405318.21,0
2035-05-30,7.5109,7.5109,7.5109,7.5109,60516000,0.00%,268919695,343339832695,454529.62,0
2035-05-31,7.5109,7.5109,7.5109,7.5109,69732000,0.00%,199187695,343339832695,523750.08,0
2035-06-01,7.5109,7.5109,7.5109,7.5109,101808000,0.00%,97379695,343339832695,764669.71,0
2035-06-04,7.5109,7.5109,7.5109,7.5109,47124000,0.00%,50255695,343339832695,353943.65,0
2035-06-05,7.5109,7.5184,7.5184,7.5109,52596000,0.10%,960562682,344302735682,395437.77,962902987
2035-06-06,7.5184,7.5184,7.5184,7.5184,66168000,0.00%,894394682,344302735682,497477.49,0
2035-06-07,7.5184,7.5184,7.5184,7.5184,69588000,0.00%,824806682,344302735682,523190.42,0
2035-06-08,7.5184,7.5184,7.5184,7.5184,47304000,0.00%,777502682,344302735682,355650.39,0
2035-06-11,7.5184,7.5184,7.5184,7.5184,66528000,0.00%,710974682,344302735682,500184.12,0
2035-06-12,7.5184,7.5184,7.5184,7.5184,61344000,0.00%,649630682,344302735682,461208.73,0
2035-06-13,7.5184,7.5184,7.5184,7.5184,53208000,0.00%,596422682,344302735682,400039.03,0
2035-06-14,7.5184,7.5184,7.5184,7.5184,48132000,0.00%,548290682,344302735682,361875.63,0
2035-06-15,7.5184,7.5184,7.5184,7.5184,68724000,0.00%,479566682,344302735682,516694.52,0
2035-06-18,7.5184,7.5184,7.5184,7.5184,49608000,0.00%,429958682,344302735682,372972.79,0
2035-06-19,7.5184,7.5184,7.5184,7.5184,41472000,0.00%,388486682,344302735682,311803.08,0
2035-06-20,7.5184,7.5184,7.5184,7.5184,54684000,0.00%,333802682,344302735682,411136.19,0
2035-06-21,7.5184,7.5184,7.5184,7.5184,69804000,0.00%,263998682,344302735682,524814.39,0
2035-06-22,7.5184,7.5184,7.5184,7.5184,74232000,0.00%,189766682,344302735682,558105.87,0
2035-06-25,7.5184,7.5184,7.5184,7.5184,51300000,0.00%,138466682,344302735682,385693.92,0
2035-06-26,7.5184,7.5184,7.5184,7.5184,63972000,0.00%,74494682,344302735682,480967.08,0
2035-06-27,7.5184,7.5184,7.5184,7.5184,63324000,0.00%,11170682,344302735682,476095.16,0
2035-06-28,7.5184,7.5259,7.5259,7.5184,54000000,0.10%,904156274,345249721274,406398.6,946985592
2035-06-29,7.5259,7.5259,7.5259,7.5259,54648000,0.00%,849508274,345249721274,411275.38,0
2035-07-02,7.5259,7.5259,7.5259,7.5259,66456000,0.00%,783052274,345249721274,500141.21,0
2035-07-04,7.5259,7.5259,7.5259,7.5259,65520000,0.00%,717532274,345249721274,493096.97,0
2035-07-05,7.5259,7.5259,7.5259,7.5259,68256000,0.00%,649276274,345249721274,513687.83,0
2035-07-06,7.5259,7.5259,7.5259,7.5259,52776000,0.00%,596500274,345249721274,397186.9,0
2035-07-09,7.5259,7.5259,7.5259,7.5259,41868000,0.00%,554632274,345249721274,315094.38,0
2035-07-10,7.5259,7.5259,7.5259,7.5259,47412000,0.00%,507220274,345249721274,356817.97,0
2035-07-11,7.5259,7.5259,7.5259,7.5259,64152000,0.00%,443068274,345249721274,482801.54,0
2035-07-12,7.5259,7.5259,7.5259,7.5259,50508000,0.00%,392560274,345249721274,380118.16,0
2035-07-13,7.5259,7.5259,7.5259,7.5259,69228000,0.00%,323332274,345249721274,521003.01,0
2035-07-16,7.5259,7.5259,7.5259,7.5259,42120000,0.00%,281212274,345249721274,316990.91,0
2035-07-17,7.5259,7.5259,7.5259,7.5259,98820000,0.00%,182392274,345249721274,743709.44,0
2035-07-18,7.5259,7.5259,7.5259,7.5259,83700000,0.00%,98692274,345249721274,629917.83,0
2035-07-19,7.5259,7.5259,7.5259,7.5259,49464000,0.00%,49228274,345249721274,372261.12,0
2035-07-20,7.5259,7.5334,7.5334,7.5259,49608000,0.10%,931782815,346181883815,373716.91,932162540
2035-07-23,7.5334,7.5334,7.5334,7.5334,47772000,0.00%,884010815,346181883815,359885.58,0
2035-07-24,7.5334,7.5334,7.5334,7.5334,63360000,0.00%,820650815,346181883815,477316.22,0
2035-07-25,7.5334,7.5334,7.5334,7.5334,168264000,0.00%,652386815,346181883815,1267600.02,0
2035-07-26,7.5334,7.5334,7.5334,7.5334,87048000,0.00%,565338815,346181883815,655767.4,0
2035-07-27,7.5334,7.5334,7.5334,7.5334,71604000,0.00%,493734815,346181883815,539421.57,0
2035-07-30,7.5334,7.5334,7.5334,7.5334,52776000,0.00%,440958815,346181883815,397582.72,0
2035-07-31,7.5334,7.5334,7.5334,7.5334,60660000,0.00%,380298815,346181883815,456976.04,0
2035-08-01,7.5334,7.5334,7.5334,7.5334,69696000,0.00%,310602815,346181883815,525047.85,0
2035-08-02,7.5334,7.5334,7.5334,7.5334,73620000,0.00%,236982815,346181883815,554608.91,0
2035-08-03,7.5334,7.5334,7.5334,7.5334,76320000,0.00%,160662815,346181883815,574949.09,0
2035-08-06,7.5334,7.5334,7.5334,7.5334,62424000,0.00%,98238815,346181883815,470264.96,0
2035-08-07,7.5334,7.5334,7.5334,7.5334,62460000,0.00%,35778815,346181883815,470536.16,0
2035-08-08,7.5334,7.5409,7.5409,7.5334,74664000,0.10%,889272360,347110041360,563033.76,928157545
2035-08-09,7.5409,7.5409,7.5409,7.5409,60984000,0.00%,828288360,347110041360,459874.25,0
2035-08-10,7.5409,7.5409,7.5409,7.5409,47916000,0.00%,780372360,347110041360,361329.76,0
2035-08-13,7.5409,7.5409,7.5409,7.5409,42444000,0.00%,737928360,347110041360,320065.96,0
2035-08-14,7.5409,7.5409,7.5409,7.5409,49788000,0.00%,688140360,347110041360,375446.33,0
2035-08-15,7.5409,7.5409,7.5409,7.5409,135360000,0.00%,552780360,347110041360,1020736.22,0
2035-08-16,7.5409,7.5409,7.5409,7.5409,130824000,0.00%,421956360,347110041360,986530.7,0
2035-08-17,7.5409,7.5409,7.5409,7.5409,79848000,0.00%,342108360,347110041360,602125.78,0
2035-08-20,7.5409,7.5409,7.5409,7.5409,63324000,0.00%,278784360,347110041360,477519.95,0
2035-08-21,7.5409,7.5409,7.5409,7.5409,58896000,0.00%,219888360,347110041360,444128.85,0
2035-08-22,7.5409,7.5409,7.5409,7.5409,57420000,0.00%,162468360,347110041360,432998.48,0
2035-08-23,7.5409,7.5409,7.5409,7.5409,51444000,0.00%,111024360,347110041360,387934.06,0
2035-08-24,7.5409,7.5409,7.5409,7.5409,69768000,0.00%,41256360,347110041360,526113.51,0
2035-08-27,7.5409,7.5485,7.5485,7.5409,92484000,0.10%,871460758,348032729758,698115.47,922688397
2035-08-28,7.5485,7.5485,7.5485,7.5485,74376000,0.00%,797084758,348032729758,561427.24,0
2035-08-29,7.5485,7.5485,7.5485,7.5485,76536000,0.00%,720548758,348032729758,577732.0,0
2035-08-30,7.5485,7.5485,7.5485,7.5485,78156000,0.00%,642392758,348032729758,589960.57,0
2035-08-31,7.5485,7.5485,7.5485,7.5485,65628000,0.00%,576764758,348032729758,495392.96,0
2035-09-03,7.5485,7.5485,7.5485,7.5485,57456000,0.00%,519308758,348032729758,433706.62,0
2035-09-04,7.5485,7.5485,7.5485,7.5485,53316000,0.00%,465992758,348032729758,402455.83,0
2035-09-05,7.5485,7.5485,7.5485,7.5485,55872000,0.00%,410120758,348032729758,421749.79,0
2035-09-06,7.5485,7.5485,7.5485,7.5485,64800000,0.00%,345320758,348032729758,489142.8,0
2035-09-07,7.5485,7.5485,7.5485,7.5485,68580000,0.00%,276740758,348032729758,517676.13,0
2035-09-10,7.5485,7.5485,7.5485,7.5485,78552000,0.00%,198188758,348032729758,592949.77,0
2035-09-11,7.5485,7.5485,7.5485,7.5485,71532000,0.00%,126656758,348032729758,539959.3,0
2035-09-12,7.5485,7.5485,7.5485,7.5485,69084000,0.00%,57572758,348032729758,521480.57,0
2035-09-13,7.5485,7.556,7.556,7.5485,65484000,0.10%,916849285,348957490285,494797.1,924760526
2035-09-14,7.556,7.556,7.556,7.556,74808000,0.00%,842041285,348957490285,565249.25,0
2035-09-17,7.556,7.556,7.556,7.556,58932000,0.00%,783109285,348957490285,445290.19,0
2035-09-18,7.556,7.556,7.556,7.556,48024000,0.00%,735085285,348957490285,362869.34,0
2035-09-19,7.556,7.556,7.556,7.556,80460000,0.00%,654625285,348957490285,607955.76,0
2035-09-20,7.556,7.556,7.556,7.556,107964000,0.00%,546661285,348957490285,815775.98,0
2035-09-21,7.556,7.556,7.556,7.556,74916000,0.00%,471745285,348957490285,566065.3,0
2035-09-24,7.556,7.556,7.556,7.556,46440000,0.00%,425305285,348957490285,350900.64,0
2035-09-25,7.556,7.556,7.556,7.556,55044000,0.00%,370261285,348957490285,415912.46,0
2035-09-26,7.556,7.556,7.556,7.556,66384000,0.00%,303877285,348957490285,501597.5,0
2035-09-27,7.556,7.556,7.556,7.556,62568000,0.00%,241309285,348957490285,472763.81,0
2035-09-28,7.556,7.556,7.556,7.556,70200000,0.00%,171109285,348957490285,530431.2,0
2035-10-01,7.556,7.556,7.556,7.556,73764000,0.00%,97345285,348957490285,557360.78,0
2035-10-02,7.556,7.556,7.556,7.556,74196000,0.00%,23149285,348957490285,560624.98,0
2035-10-04,7.556,7.5636,7.5636,7.556,61704000,0.10%,891166101,349887211101,466704.37,929720816
2035-10-05,7.5636,7.5636,7.5636,7.5636,25668000,0.00%,865498101,349887211101,194142.48,0
2035-10-08,7.5636,7.5636,7.5636,7.5636,28188000,0.00%,837310101,349887211101,213202.76,0
2035-10-10,7.5636,7.5636,7.5636,7.5636,37944000,0.00%,799366101,349887211101,286993.24,0
2035-10-11,7.5636,7.5636,7.5636,7.5636,52020000,0.00%,747346101,349887211101,393458.47,0
2035-10-12,7.5636,7.5636,7.5636,7.5636,71640000,0.00%,675706101,349887211101,541856.3,0
2035-10-15,7.5636,7.5636,7.5636,7.5636,136836000,0.00%,538870101,349887211101,1034972.77,0
2035-10-16,7.5636,7.5636,7.5636,7.5636,96480000,0.00%,442390101,349887211101,729736.13,0
2035-10-17,7.5636,7.5636,7.5636,7.5636,66168000,0.00%,376222101,349887211101,500468.28,0
2035-10-18,7.5636,7.5636,7.5636,7.5636,51444000,0.00%,324778101,349887211101,389101.84,0
2035-10-19,7.5636,7.5636,7.5636,7.5636,67140000,0.00%,257638101,349887211101,507820.1,0
2035-10-22,7.5636,7.5636,7.5636,7.5636,53856000,0.00%,203782101,349887211101,407345.24,0
2035-10-23,7.5636,7.5636,7.5636,7.5636,51012000,0.00%,152770101,349887211101,385834.36,0
2035-10-24,7.5636,7.5636,7.5636,7.5636,35928000,0.00%,116842101,349887211101,271745.02,0
2035-10-25,7.5636,7.5636,7.5636,7.5636,44712000,0.00%,72130101,349887211101,338183.68,0
2035-10-26,7.5636,7.5636,7.5636,7.5636,43200000,0.00%,28930101,349887211101,326747.52,0
2035-10-29,7.5636,7.5712,7.5712,7.5636,57744000,0.10%,899705039,350815730039,437191.37,928518937
2035-10-30,7.5712,7.5712,7.5712,7.5712,58680000,0.00%,841025039,350815730039,444278.02,0
2035-11-01,7.5712,7.5712,7.5712,7.5712,78372000,0.00%,762653039,350815730039,593370.09,0
2035-11-02,7.5712,7.5712,7.5712,7.5712,74088000,0.00%,688565039,350815730039,560935.07,0
2035-11-05,7.5712,7.5712,7.5712,7.5712,41724000,0.00%,646841039,350815730039,315900.75,0
2035-11-06,7.5712,7.5712,7.5712,7.5712,53892000,0.00%,592949039,350815730039,408027.11,0
2035-11-07,7.5712,7.5712,7.5712,7.5712,47916000,0.00%,545033039,350815730039,362781.62,0
2035-11-08,7.5712,7.5712,7.5712,7.5712,47088000,0.00%,497945039,350815730039,356512.67,0
2035-11-09,7.5712,7.5712,7.5712,7.5712,47916000,0.00%,450029039,350815730039,362781.62,0
2035-11-12,7.5712,7.5712,7.5712,7.5712,52236000,0.00%,397793039,350815730039,395489.2,0
2035-11-13,7.5712,7.5712,7.5712,7.5712,47124000,0.00%,350669039,350815730039,356785.23,0
2035-11-14,7.5712,7.5712,7.5712,7.5712,49176000,0.00%,301493039,350815730039,372321.33,0
2035-11-15,7.5712,7.5712,7.5712,7.5712,62280000,0.00%,239213039,350815730039,471534.34,0
2035-11-16,7.5712,7.5712,7.5712,7.5712,71856000,0.00%,167357039,350815730039,544036.15,0
2035-11-19,7.5712,7.5712,7.5712,7.5712,49644000,0.00%,117713039,350815730039,375864.65,0
2035-11-20,7.5712,7.5712,7.5712,7.5712,67752000,0.00%,49961039,350815730039,512963.94,0
2035-11-21,7.5712,7.5787,7.5787,7.5712,50256000,0.10%,930771935,351746796935,380875.15,931066896
2035-11-22,7.5787,7.5787,7.5787,7.5787,50472000,0.00%,880299935,351746796935,382512.15,0
2035-11-23,7.5787,7.5787,7.5787,7.5787,85428000,0.00%,794871935,351746796935,647433.18,0
2035-11-26,7.5787,7.5787,7.5787,7.5787,80568000,0.00%,714303935,351746796935,610600.7,0
2035-11-27,7.5787,7.5787,7.5787,7.5787,53568000,0.00%,660735935,351746796935,405975.8,0
2035-11-28,7.5787,7.5787,7.5787,7.5787,51948000,0.00%,608787935,351746796935,393698.31,0
2035-11-29,7.5787,7.5787,7.5787,7.5787,55764000,0.00%,553023935,351746796935,422618.63,0
2035-11-30,7.5787,7.5787,7.5787,7.5787,47592000,0.00%,505431935,351746796935,360685.49,0
2035-12-03,7.5787,7.5787,7.5787,7.5787,45504000,0.00%,459927935,351746796935,344861.16,0
2035-12-04,7.5787,7.5787,7.5787,7.5787,41256000,0.00%,418671935,351746796935,312666.85,0
2035-12-05,7.5787,7.5787,7.5787,7.5787,39600000,0.00%,379071935,351746796935,300116.52,0
2035-12-06,7.5787,7.5787,7.5787,7.5787,55188000,0.00%,323883935,351746796935,418253.3,0
2035-12-07,7.5787,7.5787,7.5787,7.5787,52704000,0.00%,271179935,351746796935,399427.8,0
2035-12-10,7.5787,7.5787,7.5787,7.5787,48312000,0.00%,222867935,351746796935,366142.15,0
2035-12-11,7.5787,7.5787,7.5787,7.5787,62748000,0.00%,160119935,351746796935,475548.27,0
2035-12-12,7.5787,7.5787,7.5787,7.5787,53100000,0.00%,107019935,351746796935,402428.97,0
2035-12-13,7.5787,7.5787,7.5787,7.5787,44928000,0.00%,62091935,351746796935,340495.83,0
2035-12-14,7.5787,7.5863,7.5863,7.5787,64188000,0.10%,923391990,352672284990,486949.42,925488054
2035-12-17,7.5863,7.5863,7.5863,7.5863,54612000,0.00%,868779990,352672284990,414303.02,0
2035-12-18,7.5863,7.5863,7.5863,7.5863,57564000,0.00%,811215990,352672284990,436697.77,0
2035-12-19,7.5863,7.5863,7.5863,7.5863,53352000,0.00%,757863990,352672284990,404744.28,0
2035-12-20,7.5863,7.5863,7.5863,7.5863,36540000,0.00%,721323990,352672284990,277203.4,0
2035-12-21,7.5863,7.5863,7.5863,7.5863,63972000,0.00%,657351990,352672284990,485310.78,0
2035-12-24,7.5863,7.5863,7.5863,7.5863,49932000,0.00%,607419990,352672284990,378799.13,0
2035-12-25,7.5863,7.5863,7.5863,7.5863,56232000,0.00%,551187990,352672284990,426592.82,0
2035-12-26,7.5863,7.5863,7.5863,7.5863,26352000,0.00%,524835990,352672284990,199914.18,0
2035-12-31,7.5863,7.5863,7.5863,7.5863,66600000,0.00%,458235990,352672284990,505247.58,0
2036-01-01,7.5863,7.5863,7.5863,7.5863,50246000,0.00%,407989990,352672284990,381181.23,0
2036-01-02,7.5863,7.5863,7.5863,7.5863,40108000,0.00%,367881990,352672284990,304271.32,0
2036-01-04,7.5863,7.5863,7.5863,7.5863,59940000,0.00%,307941990,352672284990,454722.82,0
2036-01-07,7.5863,7.5863,7.5863,7.5863,73815000,0.00%,234126990,352672284990,559982.73,0
2036-01-08,7.5863,7.5863,7.5863,7.5863,89429000,0.00%,144697990,352672284990,678435.22,0
2036-01-09,7.5863,7.5863,7.5863,7.5863,79106000,0.00%,65591990,352672284990,600121.85,0
2036-01-10,7.5863,7.5939,7.5939,7.5863,69338000,0.10%,880207660,353556238660,526545.84,883953670
2036-01-11,7.5939,7.5939,7.5939,7.5939,65897000,0.00%,814310660,353556238660,500415.23,0
2036-01-14,7.5939,7.5939,7.5939,7.5939,101861000,0.00%,712449660,353556238660,773522.25,0
2036-01-15,7.5939,7.5939,7.5939,7.5939,89577000,0.00%,622872660,353556238660,680238.78,0
2036-01-16,7.5939,7.5939,7.5939,7.5939,106116000,0.00%,516756660,353556238660,805834.29,0
2036-01-17,7.5939,7.5939,7.5939,7.5939,96903000,0.00%,419853660,353556238660,735871.69,0
2036-01-18,7.5939,7.5939,7.5939,7.5939,76294000,0.00%,343559660,353556238660,579369.01,0
2036-01-21,7.5939,7.5939,7.5939,7.5939,48951000,0.00%,294608660,353556238660,371729.0,0
2036-01-22,7.5939,7.5939,7.5939,7.5939,90021000,0.00%,204587660,353556238660,683610.47,0
2036-01-23,7.5939,7.5939,7.5939,7.5939,59200000,0.00%,145387660,353556238660,449558.88,0
2036-01-24,7.5939,7.5939,7.5939,7.5939,100529000,0.00%,44858660,353556238660,763407.17,0
2036-01-25,7.5939,7.6015,7.6015,7.5939,70966000,0.10%,870466807,354452812807,539448.05,896574147
2036-01-28,7.6015,7.6015,7.6015,7.6015,64528000,0.00%,805938807,354452812807,490509.59,0
2036-01-29,7.6015,7.6015,7.6015,7.6015,88393000,0.00%,717545807,354452812807,671919.39,0
2036-01-30,7.6015,7.6015,7.6015,7.6015,94646000,0.00%,622899807,354452812807,719451.57,0
2036-01-31,7.6015,7.6015,7.6015,7.6015,84915000,0.00%,537984807,354452812807,645481.37,0
2036-02-01,7.6015,7.6015,7.6015,7.6015,79476000,0.00%,458508807,354452812807,604136.81,0
2036-02-04,7.6015,7.6015,7.6015,7.6015,103341000,0.00%,355167807,354452812807,785546.61,0
2036-02-05,7.6015,7.6015,7.6015,7.6015,240980999,0.00%,114186807,354452812807,1831817.07,0
2036-02-06,7.6015,7.6091,7.6091,7.6015,223369000,0.10%,798094477,355360089477,1699637.06,907276669
2036-02-07,7.6091,7.6091,7.6091,7.6091,293447000,0.00%,504647477,355360089477,2232867.57,0
2036-02-08,7.6091,7.6091,7.6091,7.6091,130980000,0.00%,373667477,355360089477,996639.92,0
2036-02-11,7.6091,7.6091,7.6091,7.6091,97606000,0.00%,276061477,355360089477,742693.81,0
2036-02-12,7.6091,7.6091,7.6091,7.6091,108077000,0.00%,167984477,355360089477,822368.7,0
2036-02-13,7.6091,7.6091,7.6091,7.6091,87912000,0.00%,80072477,355360089477,668931.2,0
2036-02-14,7.6091,7.6167,7.6167,7.6091,147223000,0.10%,858531886,356285771886,1121353.42,925682409
2036-02-15,7.6167,7.6167,7.6167,7.6167,99530000,0.00%,759001886,356285771886,758090.15,0
2036-02-18,7.6167,7.6167,7.6167,7.6167,26714000,0.00%,732287886,356285771886,203472.52,0
2036-02-22,7.6167,7.6167,7.6167,7.6167,78995000,0.00%,653292886,356285771886,601681.22,0
2036-02-25,7.6167,7.6167,7.6167,7.6167,81918000,0.00%,571374886,356285771886,623944.83,0
2036-02-26,7.6167,7.6167,7.6167,7.6167,133681000,0.00%,437693886,356285771886,1018208.07,0
2036-02-27,7.6167,7.6167,7.6167,7.6167,84508000,0.00%,353185886,356285771886,643672.08,0
2036-02-28,7.6167,7.6167,7.6167,7.6167,94535000,0.00%,258650886,356285771886,720044.73,0
2036-02-29,7.6167,7.6167,7.6167,7.6167,119250999,0.00%,139399886,356285771886,908299.09,0
2036-03-03,7.6167,7.6167,7.6167,7.6167,114034000,0.00%,25365886,356285771886,868562.77,0
2036-03-04,7.6167,7.6243,7.6243,7.6167,101269000,0.10%,862423355,357224098355,772105.24,938326468
2036-03-05,7.6243,7.6243,7.6243,7.6243,121989000,0.00%,740434355,357224098355,930080.73,0
2036-03-06,7.6243,7.6243,7.6243,7.6243,88652000,0.00%,651782355,357224098355,675909.44,0
2036-03-07,7.6243,7.6243,7.6243,7.6243,112332000,0.00%,539450355,357224098355,856452.87,0
2036-03-10,7.6243,7.6243,7.6243,7.6243,116106000,0.00%,423344355,357224098355,885226.98,0
2036-03-11,7.6243,7.6243,7.6243,7.6243,214082000,0.00%,209262355,357224098355,1632225.39,0
2036-03-12,7.6243,7.6243,7.6243,7.6243,176194000,0.00%,33068355,357224098355,1343355.91,0
2036-03-13,7.6243,7.6319,7.6319,7.6243,72742000,0.10%,915314767,358179086767,555159.67,954988411
2036-03-14,7.6319,7.6319,7.6319,7.6319,63566000,0.00%,851748767,358179086767,485129.36,0
2036-03-17,7.6319,7.6319,7.6319,7.6319,89614000,0.00%,762134767,358179086767,683925.09,0
2036-03-18,7.6319,7.6319,7.6319,7.6319,84619000,0.00%,677515767,358179086767,645803.75,0
2036-03-19,7.6319,7.6319,7.6319,7.6319,78995000,0.00%,598520767,358179086767,602881.94,0
2036-03-20,7.6319,7.6319,7.6319,7.6319,219891000,0.00%,378629767,358179086767,1678186.12,0
2036-03-21,7.6319,7.6319,7.6319,7.6319,92204000,0.00%,286425767,358179086767,703691.71,0
2036-03-24,7.6319,7.6319,7.6319,7.6319,129944000,0.00%,156481767,358179086767,991719.61,0
2036-03-25,7.6319,7.6319,7.6319,7.6319,108632000,0.00%,47849767,358179086767,829068.56,0
2036-03-26,7.6319,7.6396,7.6396,7.6319,138195000,0.10%,877769386,359147201386,1055754.52,968114618
2036-03-27,7.6396,7.6396,7.6396,7.6396,83694000,0.00%,794075386,359147201386,639388.68,0
2036-03-28,7.6396,7.6396,7.6396,7.6396,75295000,0.00%,718780386,359147201386,575223.68,0
2036-03-31,7.6396,7.6396,7.6396,7.6396,105117000,0.00%,613663386,359147201386,803051.83,0
2036-04-01,7.6396,7.6396,7.6396,7.6396,95460000,0.00%,518203386,359147201386,729276.22,0
2036-04-02,7.6396,7.6396,7.6396,7.6396,78736000,0.00%,439467386,359147201386,601511.55,0
2036-04-03,7.6396,7.6396,7.6396,7.6396,63011000,0.00%,376456386,359147201386,481378.84,0
2036-04-09,7.6396,7.6396,7.6396,7.6396,121582000,0.00%,254874386,359147201386,928837.85,0
2036-04-10,7.6396,7.6396,7.6396,7.6396,76664000,0.00%,178210386,359147201386,585682.29,0
2036-04-11,7.6396,7.6396,7.6396,7.6396,76479000,0.00%,101731386,359147201386,584268.97,0
2036-04-14,7.6396,7.6396,7.6396,7.6396,78218000,0.00%,23513386,359147201386,597554.23,0
2036-04-15,7.6396,7.6472,7.6472,7.6396,65971000,0.10%,890823375,360080482375,504493.43,933280988
2036-04-16,7.6472,7.6472,7.6472,7.6472,75073000,0.00%,815750375,360080482375,574098.25,0
2036-04-17,7.6472,7.6472,7.6472,7.6472,83472000,0.00%,732278375,360080482375,638327.08,0
2036-04-18,7.6472,7.6472,7.6472,7.6472,50875000,0.00%,681403375,360080482375,389051.3,0
2036-04-21,7.6472,7.6472,7.6472,7.6472,86691000,0.00%,594712375,360080482375,662943.42,0
2036-04-22,7.6472,7.6472,7.6472,7.6472,48507000,0.00%,546205375,360080482375,370942.73,0
2036-04-23,7.6472,7.6472,7.6472,7.6472,85729000,0.00%,460476375,360080482375,655586.81,0
2036-04-24,7.6472,7.6472,7.6472,7.6472,86950000,0.00%,373526375,360080482375,664924.04,0
2036-04-25,7.6472,7.6472,7.6472,7.6472,68709000,0.00%,304817375,360080482375,525431.46,0
2036-04-28,7.6472,7.6472,7.6472,7.6472,166685000,0.00%,138132375,360080482375,1274673.53,0
2036-04-29,7.6472,7.6472,7.6472,7.6472,95423000,0.00%,42709375,360080482375,729718.77,0
2036-04-30,7.6472,7.6549,7.6549,7.6472,71484000,0.10%,903296223,361012553223,547202.87,932070848
2036-05-01,7.6549,7.6549,7.6549,7.6549,142117000,0.00%,761179223,361012553223,1087891.42,0
2036-05-05,7.6549,7.6549,7.6549,7.6549,87912000,0.00%,673267223,361012553223,672957.57,0
2036-05-06,7.6549,7.6549,7.6549,7.6549,48100000,0.00%,625167223,361012553223,368200.69,0
2036-05-07,7.6549,7.6549,7.6549,7.6549,164169000,0.00%,460998223,361012553223,1256697.28,0
2036-05-08,7.6549,7.6549,7.6549,7.6549,151663000,0.00%,309335223,361012553223,1160965.1,0
2036-05-09,7.6549,7.6549,7.6549,7.6549,93277000,0.00%,216058223,361012553223,714026.11,0
2036-05-12,7.6549,7.6549,7.6549,7.6549,102897000,0.00%,113161223,361012553223,787666.25,0
2036-05-13,7.6549,7.6625,7.6625,7.6549,120139000,0.10%,899694170,361919225170,920565.09,906671946
2036-05-14,7.6625,7.6625,7.6625,7.6625,98494000,0.00%,801200170,361919225170,754710.28,0
2036-05-15,7.6625,7.6625,7.6625,7.6625,145558000,0.00%,655642170,361919225170,1115338.18,0
2036-05-16,7.6625,7.6625,7.6625,7.6625,97865000,0.00%,557777170,361919225170,749890.56,0
2036-05-19,7.6625,7.6625,7.6625,7.6625,109150000,0.00%,448627170,361919225170,836361.88,0
2036-05-20,7.6625,7.6625,7.6625,7.6625,124838000,0.00%,323789170,361919225170,956571.18,0
2036-05-21,7.6625,7.6625,7.6625,7.6625,70041000,0.00%,253748170,361919225170,536689.16,0
2036-05-22,7.6625,7.6625,7.6625,7.6625,146705000,0.00%,107043170,361919225170,1124127.06,0
2036-05-23,7.6625,7.6625,7.6625,7.6625,88800000,0.00%,18243170,361919225170,680430.0,0
2036-05-27,7.6625,7.6702,7.6702,7.6625,121359999,0.10%,785759409,362808101409,930855.47,888876239
2036-05-28,7.6702,7.6702,7.6702,7.6702,91982000,0.00%,693777409,362808101409,705520.34,0
2036-05-29,7.6702,7.6702,7.6702,7.6702,156140000,0.00%,537637409,362808101409,1197625.03,0
2036-05-30,7.6702,7.6702,7.6702,7.6702,177637000,0.00%,360000409,362808101409,1362511.32,0
2036-06-02,7.6702,7.6702,7.6702,7.6702,130092000,0.00%,229908409,362808101409,997831.66,0
2036-06-03,7.6702,7.6778,7.6778,7.6702,376919000,0.10%,747130862,363702242862,2893908.7,894141453
2036-06-04,7.6778,7.6778,7.6778,7.6778,181670000,0.00%,565460862,363702242862,1394825.93,0
2036-06-05,7.6778,7.6778,7.6778,7.6778,107485000,0.00%,457975862,363702242862,825248.33,0
2036-06-06,7.6778,7.6778,7.6778,7.6778,117105000,0.00%,340870862,363702242862,899108.77,0
2036-06-09,7.6778,7.6778,7.6778,7.6778,107374000,0.00%,233496862,363702242862,824396.1,0
2036-06-10,7.6778,7.6778,7.6778,7.6778,138343000,0.00%,95153862,363702242862,1062169.89,0
2036-06-11,7.6778,7.6855,7.6855,7.6778,132423000,0.10%,864029404,364603541404,1017736.97,901298542
2036-06-12,7.6855,7.6855,7.6855,7.6855,105746000,0.00%,758283404,364603541404,812710.88,0
2036-06-13,7.6855,7.6855,7.6855,7.6855,82621000,0.00%,675662404,364603541404,634983.7,0
2036-06-16,7.6855,7.6855,7.6855,7.6855,73075000,0.00%,602587404,364603541404,561617.91,0
2036-06-17,7.6855,7.6855,7.6855,7.6855,89984000,0.00%,512603404,364603541404,691572.03,0
2036-06-18,7.6855,7.6855,7.6855,7.6855,62752000,0.00%,449851404,364603541404,482280.5,0
2036-06-19,7.6855,7.6855,7.6855,7.6855,111444000,0.00%,338407404,364603541404,856502.86,0
2036-06-23,7.6855,7.6855,7.6855,7.6855,116772000,0.00%,221635404,364603541404,897451.21,0
2036-06-24,7.6855,7.6855,7.6855,7.6855,160728000,0.00%,60907404,364603541404,1235275.04,0
2036-06-25,7.6855,7.6932,7.6932,7.6855,147852000,0.10%,818142807,365508628807,1137455.01,905087403
2036-06-26,7.6932,7.6932,7.6932,7.6932,109039000,0.00%,709103807,365508628807,838858.83,0
2036-06-27,7.6932,7.6932,7.6932,7.6932,117919000,0.00%,591184807,365508628807,907174.45,0
2036-06-30,7.6932,7.6932,7.6932,7.6932,122359000,0.00%,468825807,365508628807,941332.26,0
2036-07-01,7.6932,7.6932,7.6932,7.6932,144263000,0.00%,324562807,365508628807,1109844.11,0
2036-07-03,7.6932,7.6932,7.6932,7.6932,151367000,0.00%,173195807,365508628807,1164496.6,0
2036-07-04,7.6932,7.6932,7.6932,7.6932,92352000,0.00%,80843807,365508628807,710482.41,0
2036-07-07,7.6932,7.7009,7.7009,7.6932,153550000,0.10%,813763390,366395098390,1182473.2,886469582
2036-07-08,7.7009,7.7009,7.7009,7.7009,205054000,0.00%,608709390,366395098390,1579100.35,0
2036-07-09,7.7009,7.7009,7.7009,7.7009,208236000,0.00%,400473390,366395098390,1603604.61,0
2036-07-10,7.7009,7.7009,7.7009,7.7009,156880000,0.00%,243593390,366395098390,1208117.19,0
2036-07-11,7.7009,7.7009,7.7009,7.7009,149628000,0.00%,93965390,366395098390,1152270.27,0
2036-07-14,7.7009,7.7086,7.7086,7.7009,113368000,0.10%,882209830,367296710830,873908.56,901612440
2036-07-15,7.7086,7.7086,7.7086,7.7086,122581000,0.00%,759628830,367296710830,944927.9,0
2036-07-16,7.7086,7.7086,7.7086,7.7086,73667000,0.00%,685961830,367296710830,567869.44,0
2036-07-17,7.7086,7.7086,7.7086,7.7086,74666000,0.00%,611295830,367296710830,575570.33,0
2036-07-18,7.7086,7.7086,7.7086,7.7086,54612000,0.00%,556683830,367296710830,420982.06,0
2036-07-21,7.7086,7.7086,7.7086,7.7086,62567000,0.00%,494116830,367296710830,482303.98,0
2036-07-22,7.7086,7.7086,7.7086,7.7086,73297000,0.00%,420819830,367296710830,565017.25,0
2036-07-23,7.7086,7.7086,7.7086,7.7086,75110000,0.00%,345709830,367296710830,578992.95,0
2036-07-24,7.7086,7.7086,7.7086,7.7086,58053000,0.00%,287656830,367296710830,447507.36,0
2036-07-25,7.7086,7.7086,7.7086,7.7086,62012000,0.00%,225644830,367296710830,478025.7,0
2036-07-28,7.7086,7.7163,7.7163,7.7086,304473000,0.10%,833065456,368208604456,2349405.01,911893625
2036-07-29,7.7163,7.7163,7.7163,7.7163,399711000,0.00%,433354456,368208604456,3084289.99,0
2036-07-30,7.7163,7.7163,7.7163,7.7163,417582000,0.00%,15772456,368208604456,3222187.99,0
2036-07-31,7.7163,7.724,7.724,7.7163,269730000,0.10%,688940368,369151502368,2083394.52,942897912
2036-08-01,7.724,7.724,7.724,7.724,149702000,0.00%,539238368,369151502368,1156298.25,0
2036-08-04,7.724,7.724,7.724,7.724,108965000,0.00%,430273368,369151502368,841645.66,0
2036-08-05,7.724,7.7318,7.7318,7.724,435897000,0.10%,953115882,370110241882,3370268.42,958739514
2036-08-06,7.7318,7.7318,7.7318,7.7318,170570000,0.00%,782545882,370110241882,1318813.13,0
2036-08-07,7.7318,7.7318,7.7318,7.7318,216931000,0.00%,565614882,370110241882,1677267.11,0
2036-08-08,7.7318,7.7318,7.7318,7.7318,158915000,0.00%,406699882,370110241882,1228699.0,0
2036-08-11,7.7318,7.7318,7.7318,7.7318,151552000,0.00%,255147882,370110241882,1171769.75,0
2036-08-12,7.7318,7.7318,7.7318,7.7318,151256000,0.00%,103891882,370110241882,1169481.14,0
2036-08-13,7.7318,7.7318,7.7318,7.7318,74555000,0.00%,29336882,370110241882,576444.35,0
2036-08-14,7.7318,7.7395,7.7395,7.7318,60495000,0.10%,948305587,371089705587,468201.05,979463704
2036-08-15,7.7395,7.7395,7.7395,7.7395,97754000,0.00%,850551587,371089705587,756567.08,0
2036-08-18,7.7395,7.7395,7.7395,7.7395,107374000,0.00%,743177587,371089705587,831021.07,0
2036-08-19,7.7395,7.7395,7.7395,7.7395,159618000,0.00%,583559587,371089705587,1235363.51,0
2036-08-20,7.7395,7.7395,7.7395,7.7395,98420000,0.00%,485139587,371089705587,761721.59,0
2036-08-21,7.7395,7.7395,7.7395,7.7395,189070000,0.00%,296069587,371089705587,1463307.27,0
2036-08-22,7.7395,7.7395,7.7395,7.7395,192918000,0.00%,103151587,371089705587,1493088.86,0
2036-08-25,7.7395,7.7472,7.7472,7.7395,165094000,0.10%,937671914,372089319914,1279016.24,999614327
2036-08-26,7.7472,7.7472,7.7472,7.7472,183224000,0.00%,754447914,372089319914,1419472.97,0
2036-08-27,7.7472,7.7472,7.7472,7.7472,152551000,0.00%,601896914,372089319914,1181843.11,0
2036-08-28,7.7472,7.7472,7.7472,7.7472,64010000,0.00%,537886914,372089319914,495898.27,0
2036-08-29,7.7472,7.7472,7.7472,7.7472,86802000,0.00%,451084914,372089319914,672472.45,0
2036-09-01,7.7472,7.7472,7.7472,7.7472,68376000,0.00%,382708914,372089319914,529722.55,0
2036-09-02,7.7472,7.7472,7.7472,7.7472,193066000,0.00%,189642914,372089319914,1495720.92,0
2036-09-03,7.7472,7.7472,7.7472,7.7472,130610000,0.00%,59032914,372089319914,1011861.79,0
2036-09-04,7.7472,7.755,7.755,7.7472,149739000,0.10%,930603400,373110629400,1161225.95,1021309486
2036-09-05,7.755,7.755,7.755,7.755,100418000,0.00%,830185400,373110629400,778741.59,0
2036-09-08,7.755,7.755,7.755,7.755,99049000,0.00%,731136400,373110629400,768124.99,0
2036-09-09,7.755,7.755,7.755,7.755,92352000,0.00%,638784400,373110629400,716189.76,0
2036-09-10,7.755,7.755,7.755,7.755,122100000,0.00%,516684400,373110629400,946885.5,0
2036-09-11,7.755,7.755,7.755,7.755,200133000,0.00%,316551400,373110629400,1552031.42,0
2036-09-12,7.755,7.755,7.755,7.755,131979000,0.00%,184572400,373110629400,1023497.15,0
2036-09-15,7.755,7.755,7.755,7.755,102934000,0.00%,81638400,373110629400,798253.17,0
2036-09-16,7.755,7.755,7.755,7.755,73667000,0.00%,7971400,373110629400,571287.58,0
2036-09-17,7.755,7.7627,7.7627,7.755,133829000,0.10%,913708271,374150195271,1038874.38,1039565871
2036-09-18,7.7627,7.7627,7.7627,7.7627,90724000,0.00%,822984271,374150195271,704263.19,0
2036-09-19,7.7627,7.7627,7.7627,7.7627,88726000,0.00%,734258271,374150195271,688753.32,0
2036-09-22,7.7627,7.7627,7.7627,7.7627,57387000,0.00%,676871271,374150195271,445478.06,0
2036-09-23,7.7627,7.7627,7.7627,7.7627,61271999,0.00%,615599271,374150195271,475636.15,0
2036-09-25,7.7627,7.7627,7.7627,7.7627,82177000,0.00%,533422271,374150195271,637915.4,0
2036-09-26,7.7627,7.7627,7.7627,7.7627,61642000,0.00%,471780271,374150195271,478508.35,0
2036-09-29,7.7627,7.7627,7.7627,7.7627,66489000,0.00%,405291271,374150195271,516134.16,0
2036-09-30,7.7627,7.7627,7.7627,7.7627,77515000,0.00%,327776271,374150195271,601725.69,0
2036-10-01,7.7627,7.7627,7.7627,7.7627,67525000,0.00%,260251271,374150195271,524176.32,0
2036-10-02,7.7627,7.7627,7.7627,7.7627,64158000,0.00%,196093271,374150195271,498039.31,0
2036-10-06,7.7627,7.7627,7.7627,7.7627,43364000,0.00%,152729271,374150195271,336621.72,0
2036-10-07,7.7627,7.7627,7.7627,7.7627,43956000,0.00%,108773271,374150195271,341217.24,0
2036-10-08,7.7627,7.7627,7.7627,7.7627,40145000,0.00%,68628271,374150195271,311633.59,0
2036-10-09,7.7627,7.7627,7.7627,7.7627,53835000,0.00%,14793271,374150195271,417904.95,0
2036-10-10,7.7627,7.7705,7.7705,7.7627,110297000,0.10%,948061788,375193760788,857062.84,1043565516
2036-10-13,7.7705,7.7705,7.7705,7.7705,96940000,0.00%,851121788,375193760788,753272.27,0
2036-10-14,7.7705,7.7705,7.7705,7.7705,60865000,0.00%,790256788,375193760788,472951.48,0
2036-10-17,7.7705,7.7705,7.7705,7.7705,107781000,0.00%,682475788,375193760788,837512.26,0
2036-10-20,7.7705,7.7705,7.7705,7.7705,76701000,0.00%,605774788,375193760788,596005.12,0
2036-10-21,7.7705,7.7705,7.7705,7.7705,57091000,0.00%,548683788,375193760788,443625.62,0
2036-10-22,7.7705,7.7705,7.7705,7.7705,121064000,0.00%,427619788,375193760788,940727.81,0
2036-10-23,7.7705,7.7705,7.7705,7.7705,61716000,0.00%,365903788,375193760788,479564.18,0
2036-10-24,7.7705,7.7705,7.7705,7.7705,47138000,0.00%,318765788,375193760788,366285.83,0
2036-10-27,7.7705,7.7705,7.7705,7.7705,45362000,0.00%,273403788,375193760788,352485.42,0
2036-10-28,7.7705,7.7705,7.7705,7.7705,56647000,0.00%,216756788,375193760788,440175.51,0
2036-10-29,7.7705,7.7705,7.7705,7.7705,69264000,0.00%,147492788,375193760788,538215.91,0
2036-10-30,7.7705,7.7705,7.7705,7.7705,50579000,0.00%,96913788,375193760788,393024.12,0
2036-10-31,7.7705,7.7705,7.7705,7.7705,60828000,0.00%,36085788,375193760788,472663.97,0
2036-11-03,7.7705,7.7783,7.7783,7.7705,83805000,0.10%,995155586,376236635586,651860.43,1042874798
2036-11-04,7.7783,7.7783,7.7783,7.7783,122136999,0.00%,873018586,376236635586,950018.23,0
2036-11-05,7.7783,7.7783,7.7783,7.7783,71632000,0.00%,801386586,376236635586,557175.19,0
2036-11-06,7.7783,7.7783,7.7783,7.7783,60828000,0.00%,740558586,376236635586,473138.43,0
2036-11-07,7.7783,7.7783,7.7783,7.7783,74074000,0.00%,666484586,376236635586,576169.79,0
2036-11-10,7.7783,7.7783,7.7783,7.7783,82658000,0.00%,583826586,376236635586,642938.72,0
2036-11-11,7.7783,7.7783,7.7783,7.7783,50357000,0.00%,533469586,376236635586,391691.85,0
2036-11-12,7.7783,7.7783,7.7783,7.7783,113294000,0.00%,420175586,376236635586,881234.72,0
2036-11-13,7.7783,7.7783,7.7783,7.7783,133348000,0.00%,286827586,376236635586,1037220.75,0
2036-11-14,7.7783,7.7783,7.7783,7.7783,88171000,0.00%,198656586,376236635586,685820.49,0
2036-11-17,7.7783,7.7783,7.7783,7.7783,71743000,0.00%,126913586,376236635586,558038.58,0
2036-11-18,7.7783,7.7783,7.7783,7.7783,104562000,0.00%,22351586,376236635586,813314.6,0
2036-11-19,7.7783,7.786,7.786,7.7783,79328000,0.10%,989841342,377283453342,617647.81,1046817755
2036-11-20,7.786,7.786,7.786,7.786,71484000,0.00%,918357342,377283453342,556574.42,0
2036-11-21,7.786,7.786,7.786,7.786,56277000,0.00%,862080342,377283453342,438172.72,0
2036-11-24,7.786,7.786,7.786,7.786,54353000,0.00%,807727342,377283453342,423192.46,0
2036-11-25,7.786,7.786,7.786,7.786,69301000,0.00%,738426342,377283453342,539577.59,0
2036-11-26,7.786,7.786,7.786,7.786,96274000,0.00%,642152342,377283453342,749589.36,0
2036-11-27,7.786,7.786,7.786,7.786,62678000,0.00%,579474342,377283453342,488010.91,0
2036-11-28,7.786,7.786,7.786,7.786,121693000,0.00%,457781342,377283453342,947501.7,0
2036-12-01,7.786,7.786,7.786,7.786,72187000,0.00%,385594342,377283453342,562047.98,0
2036-12-02,7.786,7.786,7.786,7.786,131683000,0.00%,253911342,377283453342,1025283.84,0
2036-12-03,7.786,7.786,7.786,7.786,75258000,0.00%,178653342,377283453342,585958.79,0
2036-12-04,7.786,7.786,7.786,7.786,65564000,0.00%,113089342,377283453342,510481.3,0
2036-12-05,7.786,7.786,7.786,7.786,83250000,0.00%,29839342,377283453342,648184.5,0
2036-12-08,7.786,7.7938,7.7938,7.786,114552000,0.10%,969644004,378337810004,892795.38,1054356662
2036-12-09,7.7938,7.7938,7.7938,7.7938,85988000,0.00%,883656004,378337810004,670173.27,0
2036-12-10,7.7938,7.7938,7.7938,7.7938,56129000,0.00%,827527004,378337810004,437458.2,0
2036-12-11,7.7938,7.7938,7.7938,7.7938,49395000,0.00%,778132004,378337810004,384974.75,0
2036-12-12,7.7938,7.7938,7.7938,7.7938,56351000,0.00%,721781004,378337810004,439188.42,0
2036-12-15,7.7938,7.7938,7.7938,7.7938,82288000,0.00%,639493004,378337810004,641336.21,0
2036-12-16,7.7938,7.7938,7.7938,7.7938,50505000,0.00%,588988004,378337810004,393625.87,0
2036-12-17,7.7938,7.7938,7.7938,7.7938,49469000,0.00%,539519004,378337810004,385551.49,0
2036-12-18,7.7938,7.7938,7.7938,7.7938,77811000,0.00%,461708004,378337810004,606443.37,0
2036-12-19,7.7938,7.7938,7.7938,7.7938,104636000,0.00%,357072004,378337810004,815512.06,0
2036-12-22,7.7938,7.7938,7.7938,7.7938,75517000,0.00%,281555004,378337810004,588564.39,0
2036-12-23,7.7938,7.7938,7.7938,7.7938,63751000,0.00%,217804004,378337810004,496862.54,0
2036-12-24,7.7938,7.7938,7.7938,7.7938,51208000,0.00%,166596004,378337810004,399104.91,0
2036-12-25,7.7938,7.7938,7.7938,7.7938,121915000,0.00%,44681004,378337810004,950181.13,0
2036-12-26,7.7938,7.7938,7.7938,7.7938,35187000,0.00%,9494004,378337810004,274240.44,0
2036-12-30,7.7938,7.8016,7.8016,7.7938,70115000,0.10%,997763920,379396194920,547009.18,1058384915
2036-12-31,7.8016,7.8016,7.8016,7.8016,35483000,0.00%,962280920,379396194920,276824.17,0
2037-01-01,7.8016,7.8016,7.8016,7.8016,29108000,0.00%,933172920,379396194920,227088.97,0
2037-01-02,7.8016,7.8016,7.8016,7.8016,37544000,0.00%,895628920,379396194920,292903.27,0
2037-01-05,7.8016,7.8016,7.8016,7.8016,22876000,0.00%,872752920,379396194920,178469.4,0
2037-01-06,7.8016,7.8016,7.8016,7.8016,51528000,0.00%,821224920,379396194920,402000.84,0
2037-01-07,7.8016,7.8016,7.8016,7.8016,121334000,0.00%,699890920,379396194920,946599.33,0
2037-01-08,7.8016,7.8016,7.8016,7.8016,85082000,0.00%,614808920,379396194920,663775.73,0
2037-01-09,7.8016,7.8016,7.8016,7.8016,79078000,0.00%,535730920,379396194920,616934.92,0
2037-01-12,7.8016,7.8016,7.8016,7.8016,74328000,0.00%,461402920,379396194920,579877.32,0
2037-01-13,7.8016,7.8016,7.8016,7.8016,62358000,0.00%,399044920,379396194920,486492.17,0
2037-01-14,7.8016,7.8016,7.8016,7.8016,107426000,0.00%,291618920,379396194920,838094.68,0
2037-01-15,7.8016,7.8016,7.8016,7.8016,69578000,0.00%,222040920,379396194920,542819.72,0
2037-01-16,7.8016,7.8016,7.8016,7.8016,52136000,0.00%,169904920,379396194920,406744.22,0
2037-01-19,7.8016,7.8016,7.8016,7.8016,48184000,0.00%,121720920,379396194920,375912.29,0
2037-01-20,7.8016,7.8016,7.8016,7.8016,89452000,0.00%,32268920,379396194920,697868.72,0
2037-01-21,7.8016,7.8094,7.8094,7.8016,66462000,0.10%,1023733348,380454121348,519028.34,1057926428
2037-01-22,7.8094,7.8094,7.8094,7.8094,112252000,0.00%,911481348,380454121348,876620.77,0
2037-01-23,7.8094,7.8094,7.8094,7.8094,101916000,0.00%,809565348,380454121348,795902.81,0
2037-01-26,7.8094,7.8094,7.8094,7.8094,55784000,0.00%,753781348,380454121348,435639.57,0
2037-01-27,7.8094,7.8094,7.8094,7.8094,95000000,0.00%,658781348,380454121348,741893.0,0
2037-01-28,7.8094,7.8094,7.8094,7.8094,82156000,0.00%,576625348,380454121348,641589.07,0
2037-01-29,7.8094,7.8094,7.8094,7.8094,77938000,0.00%,498687348,380454121348,608649.02,0
2037-01-30,7.8094,7.8094,7.8094,7.8094,57114000,0.00%,441573348,380454121348,446026.07,0
2037-02-02,7.8094,7.8094,7.8094,7.8094,43434000,0.00%,398139348,380454121348,339193.48,0
2037-02-06,7.8094,7.8094,7.8094,7.8094,60534000,0.00%,337605348,380454121348,472734.22,0
2037-02-09,7.8094,7.8094,7.8094,7.8094,58444000,0.00%,279161348,380454121348,456412.57,0
2037-02-10,7.8094,7.8094,7.8094,7.8094,71250000,0.00%,207911348,380454121348,556419.75,0
2037-02-11,7.8094,7.8094,7.8094,7.8094,88806000,0.00%,119105348,380454121348,693521.58,0
2037-02-12,7.8094,7.8094,7.8094,7.8094,71478000,0.00%,47627348,380454121348,558200.29,0
2037-02-13,7.8094,7.8172,7.8172,7.8094,58976000,0.10%,1057081298,381522551298,461027.19,1068429949
2037-02-16,7.8172,7.8172,7.8172,7.8172,48868000,0.00%,1008213298,381522551298,382010.93,0
2037-02-17,7.8172,7.8172,7.8172,7.8172,52782000,0.00%,955431298,381522551298,412607.45,0
2037-02-18,7.8172,7.8172,7.8172,7.8172,46398000,0.00%,909033298,381522551298,362702.45,0
2037-02-19,7.8172,7.8172,7.8172,7.8172,49096000,0.00%,859937298,381522551298,383793.25,0
2037-02-20,7.8172,7.8172,7.8172,7.8172,91314000,0.00%,768623298,381522551298,713819.8,0
2037-02-23,7.8172,7.8172,7.8172,7.8172,174952000,0.00%,593671298,381522551298,1367634.77,0
2037-02-24,7.8172,7.8172,7.8172,7.8172,116128000,0.00%,477543298,381522551298,907795.8,0
2037-02-25,7.8172,7.8172,7.8172,7.8172,76912000,0.00%,400631298,381522551298,601236.49,0
2037-02-26,7.8172,7.8172,7.8172,7.8172,129086000,0.00%,271545298,381522551298,1009091.08,0
2037-02-27,7.8172,7.8172,7.8172,7.8172,97014000,0.00%,174531298,381522551298,758377.84,0
2037-03-02,7.8172,7.8172,7.8172,7.8172,102030000,0.00%,72501298,381522551298,797588.92,0
2037-03-03,7.8172,7.825,7.825,7.8172,73378000,0.10%,1081711658,382605139658,574182.85,1082588359
2037-03-04,7.825,7.825,7.825,7.825,53238000,0.00%,1028473658,382605139658,416587.35,0
2037-03-05,7.825,7.825,7.825,7.825,75506000,0.00%,952967658,382605139658,590834.45,0
2037-03-06,7.825,7.825,7.825,7.825,157890000,0.00%,795077658,382605139658,1235489.25,0
2037-03-09,7.825,7.825,7.825,7.825,151544000,0.00%,643533658,382605139658,1185831.8,0
2037-03-10,7.825,7.825,7.825,7.825,122588000,0.00%,520945658,382605139658,959251.1,0
2037-03-11,7.825,7.825,7.825,7.825,126198000,0.00%,394747658,382605139658,987499.35,0
2037-03-12,7.825,7.825,7.825,7.825,91428000,0.00%,303319658,382605139658,715424.1,0
2037-03-13,7.825,7.825,7.825,7.825,184072000,0.00%,119247658,382605139658,1440363.4,0
2037-03-16,7.825,7.8329,7.8329,7.825,254258000,0.10%,973258865,383713408865,1991577.49,1108269207
2037-03-17,7.8329,7.8329,7.8329,7.8329,449920000,0.00%,523338865,383713408865,3524178.37,0
2037-03-18,7.8329,7.8329,7.8329,7.8329,409412000,0.00%,113926865,383713408865,3206883.25,0
2037-03-19,7.8329,7.8407,7.8407,7.8329,264822000,0.10%,992240764,384856544764,2076389.86,1143135899
2037-03-20,7.8407,7.8407,7.8407,7.8407,143298000,0.00%,848942764,384856544764,1123556.63,0
2037-03-23,7.8407,7.8407,7.8407,7.8407,116660000,0.00%,732282764,384856544764,914696.06,0
2037-03-24,7.8407,7.8407,7.8407,7.8407,117838000,0.00%,614444764,384856544764,923932.41,0
2037-03-25,7.8407,7.8407,7.8407,7.8407,160588000,0.00%,453856764,384856544764,1259122.33,0
2037-03-26,7.8407,7.8407,7.8407,7.8407,178334000,0.00%,275522764,384856544764,1398263.39,0
2037-03-27,7.8407,7.8407,7.8407,7.8407,145540000,0.00%,129982764,384856544764,1141135.48,0
2037-03-30,7.8407,7.8407,7.8407,7.8407,102334000,0.00%,27648764,384856544764,802370.19,0
2037-03-31,7.8407,7.8485,7.8485,7.8407,79420000,0.10%,1108571744,386016887744,623327.87,1160342979
2037-04-01,7.8485,7.8485,7.8485,7.8485,102410000,0.00%,1006161744,386016887744,803764.89,0
2037-04-02,7.8485,7.8485,7.8485,7.8485,55442000,0.00%,950719744,386016887744,435136.54,0
2037-04-03,7.8485,7.8485,7.8485,7.8485,55100000,0.00%,895619744,386016887744,432452.35,0
2037-04-06,7.8485,7.8485,7.8485,7.8485,59546000,0.00%,836073744,386016887744,467346.78,0
2037-04-08,7.8485,7.8485,7.8485,7.8485,65094000,0.00%,770979744,386016887744,510890.26,0
2037-04-09,7.8485,7.8485,7.8485,7.8485,60306000,0.00%,710673744,386016887744,473311.64,0
2037-04-10,7.8485,7.8485,7.8485,7.8485,74480000,0.00%,636193744,386016887744,584556.28,0
2037-04-13,7.8485,7.8485,7.8485,7.8485,86602000,0.00%,549591744,386016887744,679695.8,0
2037-04-14,7.8485,7.8485,7.8485,7.8485,100358000,0.00%,449233744,386016887744,787659.76,0
2037-04-15,7.8485,7.8485,7.8485,7.8485,82232000,0.00%,367001744,386016887744,645397.85,0
2037-04-16,7.8485,7.8485,7.8485,7.8485,57608000,0.00%,309393744,386016887744,452136.39,0
2037-04-21,7.8485,7.8485,7.8485,7.8485,67412000,0.00%,241981744,386016887744,529083.08,0
2037-04-22,7.8485,7.8485,7.8485,7.8485,41230000,0.00%,200751744,386016887744,323593.66,0
2037-04-23,7.8485,7.8485,7.8485,7.8485,97812000,0.00%,102939744,386016887744,767677.48,0
2037-04-24,7.8485,7.8564,7.8564,7.8485,106514000,0.10%,1150692711,387171154711,836816.59,1154266966
2037-04-27,7.8564,7.8564,7.8564,7.8564,98002000,0.00%,1052690711,387171154711,769942.91,0
2037-04-28,7.8564,7.8564,7.8564,7.8564,103702000,0.00%,948988711,387171154711,814724.39,0
2037-04-29,7.8564,7.8564,7.8564,7.8564,88958000,0.00%,860030711,387171154711,698889.63,0
2037-04-30,7.8564,7.8564,7.8564,7.8564,80674000,0.00%,779356711,387171154711,633807.21,0
2037-05-01,7.8564,7.8564,7.8564,7.8564,180386000,0.00%,598970711,387171154711,1417184.57,0
2037-05-05,7.8564,7.8564,7.8564,7.8564,97166000,0.00%,501804711,387171154711,763374.96,0
2037-05-06,7.8564,7.8564,7.8564,7.8564,53580000,0.00%,448224711,387171154711,420945.91,0
2037-05-07,7.8564,7.8564,7.8564,7.8564,81282000,0.00%,366942711,387171154711,638583.9,0
2037-05-08,7.8564,7.8564,7.8564,7.8564,87096000,0.00%,279846711,387171154711,684261.01,0
2037-05-12,7.8564,7.8564,7.8564,7.8564,107920000,0.00%,171926711,387171154711,847862.69,0
2037-05-13,7.8564,7.8564,7.8564,7.8564,92530000,0.00%,79396711,387171154711,726952.69,0
2037-05-14,7.8564,7.8564,7.8564,7.8564,76076000,0.00%,3320711,387171154711,597683.49,0
2037-05-15,7.8564,7.8642,7.8642,7.8564,74062000,0.10%,1064383933,388306279933,582438.38,1135125222
2037-05-18,7.8642,7.8642,7.8642,7.8642,59128000,0.00%,1005255933,388306279933,464994.42,0
2037-05-19,7.8642,7.8642,7.8642,7.8642,114456000,0.00%,890799933,388306279933,900104.88,0
2037-05-20,7.8642,7.8642,7.8642,7.8642,107692000,0.00%,783107933,388306279933,846911.43,0
2037-05-21,7.8642,7.8642,7.8642,7.8642,228570000,0.00%,554537933,388306279933,1797520.19,0
2037-05-22,7.8642,7.8642,7.8642,7.8642,107654000,0.00%,446883933,388306279933,846612.59,0
2037-05-25,7.8642,7.8642,7.8642,7.8642,64714000,0.00%,382169933,388306279933,508923.84,0
2037-05-26,7.8642,7.8642,7.8642,7.8642,74860000,0.00%,307309933,388306279933,588714.01,0
2037-05-27,7.8642,7.8642,7.8642,7.8642,81890000,0.00%,225419933,388306279933,643999.34,0
2037-05-28,7.8642,7.8642,7.8642,7.8642,70300000,0.00%,155119933,388306279933,552853.26,0
2037-05-29,7.8642,7.8642,7.8642,7.8642,78888000,0.00%,76231933,388306279933,620391.01,0
2037-06-01,7.8642,7.8721,7.8721,7.8642,84740000,0.10%,1122212678,389437000678,667081.75,1130720745
2037-06-02,7.8721,7.8721,7.8721,7.8721,246088000,0.00%,876124678,389437000678,1937229.34,0
2037-06-03,7.8721,7.8721,7.8721,7.8721,102296000,0.00%,773828678,389437000678,805284.34,0
2037-06-04,7.8721,7.8721,7.8721,7.8721,53884000,0.00%,719944678,389437000678,424180.24,0
2037-06-08,7.8721,7.8721,7.8721,7.8721,90820000,0.00%,629124678,389437000678,714944.12,0
2037-06-09,7.8721,7.8721,7.8721,7.8721,102942000,0.00%,526182678,389437000678,810369.72,0
2037-06-10,7.8721,7.8721,7.8721,7.8721,180424000,0.00%,345758678,389437000678,1420315.77,0
2037-06-11,7.8721,7.8721,7.8721,7.8721,148770000,0.00%,196988678,389437000678,1171132.32,0
2037-06-12,7.8721,7.8721,7.8721,7.8721,113088000,0.00%,83900678,389437000678,890240.04,0
2037-06-15,7.8721,7.88,7.88,7.8721,94772000,0.10%,1120457225,390568329225,746803.36,1131328546
2037-06-16,7.88,7.88,7.88,7.88,61978000,0.00%,1058479225,390568329225,488386.64,0
2037-06-17,7.88,7.88,7.88,7.88,80712000,0.00%,977767225,390568329225,636010.56,0
2037-06-18,7.88,7.88,7.88,7.88,84132000,0.00%,893635225,390568329225,662960.16,0
2037-06-19,7.88,7.88,7.88,7.88,74024000,0.00%,819611225,390568329225,583309.12,0
2037-06-22,7.88,7.88,7.88,7.88,44232000,0.00%,775379225,390568329225,348548.16,0
2037-06-23,7.88,7.88,7.88,7.88,57038000,0.00%,718341225,390568329225,449459.44,0
2037-06-24,7.88,7.88,7.88,7.88,52098000,0.00%,666243225,390568329225,410532.24,0
2037-06-25,7.88,7.88,7.88,7.88,47956000,0.00%,618287225,390568329225,377893.28,0
2037-06-26,7.88,7.88,7.88,7.88,69160000,0.00%,549127225,390568329225,544980.8,0
2037-06-29,7.88,7.88,7.88,7.88,218120000,0.00%,331007225,390568329225,1718785.6,0
2037-06-30,7.88,7.88,7.88,7.88,222642000,0.00%,108365225,390568329225,1754418.96,0
2037-07-01,7.88,7.8879,7.8879,7.88,132924000,0.10%,1105670818,391698558818,1048491.22,1130229592
2037-07-02,7.8879,7.8879,7.8879,7.8879,126882000,0.00%,978788818,391698558818,1000832.53,0
2037-07-06,7.8879,7.8879,7.8879,7.8879,146148000,0.00%,832640818,391698558818,1152800.81,0
2037-07-07,7.8879,7.8879,7.8879,7.8879,74062000,0.00%,758578818,391698558818,584193.65,0
2037-07-08,7.8879,7.8879,7.8879,7.8879,94316000,0.00%,664262818,391698558818,743955.18,0
2037-07-09,7.8879,7.8879,7.8879,7.8879,72162000,0.00%,592100818,391698558818,569206.64,0
2037-07-10,7.8879,7.8879,7.8879,7.8879,71250000,0.00%,520850818,391698558818,562012.88,0
2037-07-13,7.8879,7.8879,7.8879,7.8879,78280000,0.00%,442570818,391698558818,617464.81,0
2037-07-14,7.8879,7.8879,7.8879,7.8879,65778000,0.00%,376792818,391698558818,518850.29,0
2037-07-15,7.8879,7.8879,7.8879,7.8879,65094000,0.00%,311698818,391698558818,513454.96,0
2037-07-16,7.8879,7.8879,7.8879,7.8879,63726000,0.00%,247972818,391698558818,502664.32,0
2037-07-17,7.8879,7.8879,7.8879,7.8879,100054000,0.00%,147918818,391698558818,789215.95,0
2037-07-20,7.8879,7.8879,7.8879,7.8879,77406000,0.00%,70512818,391698558818,610570.79,0
2037-07-21,7.8879,7.8879,7.8879,7.8879,48108000,0.00%,22404818,391698558818,379471.09,0
2037-07-22,7.8879,7.8958,7.8958,7.8879,60724000,0.10%,1088950124,392825828124,479464.56,1127269305
2037-07-23,7.8958,7.8958,7.8958,7.8958,72618000,0.00%,1016332124,392825828124,573377.2,0
2037-07-24,7.8958,7.8958,7.8958,7.8958,57304000,0.00%,959028124,392825828124,452460.92,0
2037-07-27,7.8958,7.8958,7.8958,7.8958,64030000,0.00%,894998124,392825828124,505568.07,0
2037-07-28,7.8958,7.8958,7.8958,7.8958,52668000,0.00%,842330124,392825828124,415855.99,0
2037-07-29,7.8958,7.8958,7.8958,7.8958,75316000,0.00%,767014124,392825828124,594680.07,0
2037-07-30,7.8958,7.8958,7.8958,7.8958,58330000,0.00%,708684124,392825828124,460562.01,0
2037-07-31,7.8958,7.8958,7.8958,7.8958,141322000,0.00%,567362124,392825828124,1115850.25,0
2037-08-03,7.8958,7.8958,7.8958,7.8958,151962000,0.00%,415400124,392825828124,1199861.56,0
2037-08-04,7.8958,7.8958,7.8958,7.8958,162222000,0.00%,253178124,392825828124,1280872.47,0
2037-08-05,7.8958,7.8958,7.8958,7.8958,104120000,0.00%,149058124,392825828124,822110.7,0
2037-08-06,7.8958,7.8958,7.8958,7.8958,75202000,0.00%,73856124,392825828124,593779.95,0
2037-08-07,7.8958,7.8958,7.8958,7.8958,62472000,0.00%,11384124,392825828124,493266.42,0
2037-08-10,7.8958,7.9036,7.9036,7.8958,57190000,0.10%,1070844504,393942478504,452006.88,1116650380
2037-08-11,7.9036,7.9036,7.9036,7.9036,53922000,0.00%,1016922504,393942478504,426177.92,0
2037-08-12,7.9036,7.9036,7.9036,7.9036,58368000,0.00%,958554504,393942478504,461317.32,0
2037-08-13,7.9036,7.9036,7.9036,7.9036,56468000,0.00%,902086504,393942478504,446300.48,0
2037-08-14,7.9036,7.9036,7.9036,7.9036,41724000,0.00%,860362504,393942478504,329769.81,0
2037-08-17,7.9036,7.9036,7.9036,7.9036,44156000,0.00%,816206504,393942478504,348991.36,0
2037-08-18,7.9036,7.9036,7.9036,7.9036,89414000,0.00%,726792504,393942478504,706692.49,0
2037-08-19,7.9036,7.9036,7.9036,7.9036,66956000,0.00%,659836504,393942478504,529193.44,0
2037-08-20,7.9036,7.9036,7.9036,7.9036,122398000,0.00%,537438504,393942478504,967384.83,0
2037-08-21,7.9036,7.9036,7.9036,7.9036,88426000,0.00%,449012504,393942478504,698883.73,0
2037-08-24,7.9036,7.9036,7.9036,7.9036,56164000,0.00%,392848504,393942478504,443897.79,0
2037-08-25,7.9036,7.9036,7.9036,7.9036,51414000,0.00%,341434504,393942478504,406355.69,0
2037-08-26,7.9036,7.9036,7.9036,7.9036,49590000,0.00%,291844504,393942478504,391939.52,0
2037-08-27,7.9036,7.9036,7.9036,7.9036,73872000,0.00%,217972504,393942478504,583854.74,0
2037-08-28,7.9036,7.9036,7.9036,7.9036,70604000,0.00%,147368504,393942478504,558025.77,0
2037-08-31,7.9036,7.9036,7.9036,7.9036,47082000,0.00%,100286504,393942478504,372117.3,0
2037-09-01,7.9036,7.9036,7.9036,7.9036,53352000,0.00%,46934504,393942478504,421672.87,0
2037-09-02,7.9036,7.9116,7.9116,7.9036,99598000,0.10%,1020319257,395015461257,787979.54,1072982752
2037-09-03,7.9116,7.9116,7.9116,7.9116,90934000,0.00%,929385257,395015461257,719433.43,0
2037-09-04,7.9116,7.9116,7.9116,7.9116,96862000,0.00%,832523257,395015461257,766333.4,0
2037-09-07,7.9116,7.9116,7.9116,7.9116,77406000,0.00%,755117257,395015461257,612405.31,0
2037-09-08,7.9116,7.9116,7.9116,7.9116,61674000,0.00%,693443257,395015461257,487940.02,0
2037-09-09,7.9116,7.9116,7.9116,7.9116,57684000,0.00%,635759257,395015461257,456372.73,0
2037-09-10,7.9116,7.9116,7.9116,7.9116,89566000,0.00%,546193257,395015461257,708610.37,0
2037-09-11,7.9116,7.9116,7.9116,7.9116,65208000,0.00%,480985257,395015461257,515899.61,0
2037-09-15,7.9116,7.9116,7.9116,7.9116,65246000,0.00%,415739257,395015461257,516200.25,0
2037-09-16,7.9116,7.9116,7.9116,7.9116,68362000,0.00%,347377257,395015461257,540852.8,0
2037-09-17,7.9116,7.9116,7.9116,7.9116,50616000,0.00%,296761257,395015461257,400453.55,0
2037-09-18,7.9116,7.9116,7.9116,7.9116,94772000,0.00%,201989257,395015461257,749798.16,0
2037-09-21,7.9116,7.9116,7.9116,7.9116,87096000,0.00%,114893257,395015461257,689068.71,0
2037-09-22,7.9116,7.9116,7.9116,7.9116,57532000,0.00%,57361257,395015461257,455170.17,0
2037-09-23,7.9116,7.9195,7.9195,7.9116,61142000,0.10%,1042296275,396061538275,484214.07,1046077017
2037-09-24,7.9195,7.9195,7.9195,7.9195,66652000,0.00%,975644275,396061538275,527850.51,0
2037-09-25,7.9195,7.9195,7.9195,7.9195,74746000,0.00%,900898275,396061538275,591950.95,0
2037-09-28,7.9195,7.9195,7.9195,7.9195,93670000,0.00%,807228275,396061538275,741819.57,0
2037-09-29,7.9195,7.9195,7.9195,7.9195,86374000,0.00%,720854275,396061538275,684038.89,0
2037-09-30,7.9195,7.9195,7.9195,7.9195,84208000,0.00%,636646275,396061538275,666885.26,0
2037-10-01,7.9195,7.9195,7.9195,7.9195,76608000,0.00%,560038275,396061538275,606697.06,0
2037-10-02,7.9195,7.9195,7.9195,7.9195,85348000,0.00%,474690275,396061538275,675913.49,0
2037-10-05,7.9195,7.9195,7.9195,7.9195,53162000,0.00%,421528275,396061538275,421016.46,0
2037-10-07,7.9195,7.9195,7.9195,7.9195,68932000,0.00%,352596275,396061538275,545906.97,0
2037-10-08,7.9195,7.9195,7.9195,7.9195,39406000,0.00%,313190275,396061538275,312075.82,0
2037-10-09,7.9195,7.9195,7.9195,7.9195,37924000,0.00%,275266275,396061538275,300339.12,0
2037-10-12,7.9195,7.9195,7.9195,7.9195,59584000,0.00%,215682275,396061538275,471875.49,0
2037-10-13,7.9195,7.9195,7.9195,7.9195,81016000,0.00%,134666275,396061538275,641606.21,0
2037-10-14,7.9195,7.9195,7.9195,7.9195,121714000,0.00%,12952275,396061538275,963914.02,0
2037-10-15,7.9195,7.9274,7.9274,7.9195,84208000,0.10%,944239065,397077033065,667550.5,1015494790
2037-10-16,7.9274,7.9274,7.9274,7.9274,119548000,0.00%,824691065,397077033065,947704.82,0
2037-10-19,7.9274,7.9274,7.9274,7.9274,100016000,0.00%,724675065,397077033065,792866.84,0
2037-10-20,7.9274,7.9274,7.9274,7.9274,84094000,0.00%,640581065,397077033065,666646.78,0
2037-10-21,7.9274,7.9274,7.9274,7.9274,79648000,0.00%,560933065,397077033065,631401.56,0
2037-10-22,7.9274,7.9274,7.9274,7.9274,187758000,0.00%,373175065,397077033065,1488432.77,0
2037-10-23,7.9274,7.9274,7.9274,7.9274,100890000,0.00%,272285065,397077033065,799795.39,0
2037-10-26,7.9274,7.9353,7.9353,7.9274,323266000,0.10%,937943721,398065957721,2565212.69,988924655
2037-10-27,7.9353,7.9353,7.9353,7.9353,277476000,0.00%,660467721,398065957721,2201855.3,0
2037-10-28,7.9353,7.9353,7.9353,7.9353,191330000,0.00%,469137721,398065957721,1518260.95,0
2037-10-29,7.9353,7.9353,7.9353,7.9353,162336000,0.00%,306801721,398065957721,1288184.86,0
2037-10-30,7.9353,7.9353,7.9353,7.9353,155154000,0.00%,151647721,398065957721,1231193.54,0
2037-11-02,7.9353,7.9432,7.9432,7.9353,188138000,0.10%,967406059,399069854059,1494417.76,1003896338
2037-11-03,7.9432,7.9432,7.9432,7.9432,295792000,0.00%,671614059,399069854059,2349535.01,0
2037-11-04,7.9432,7.9432,7.9432,7.9432,133570000,0.00%,538044059,399069854059,1060973.22,0
2037-11-05,7.9432,7.9432,7.9432,7.9432,116394000,0.00%,421650059,399069854059,924540.82,0
2037-11-06,7.9432,7.9432,7.9432,7.9432,255208000,0.00%,166442059,399069854059,2027168.19,0
2037-11-09,7.9432,7.9512,7.9512,7.9432,167124000,0.10%,1015837934,400086373934,1328836.35,1016519874
2037-11-10,7.9512,7.9512,7.9512,7.9512,89452000,0.00%,926385934,400086373934,711250.74,0
2037-11-11,7.9512,7.9512,7.9512,7.9512,120308000,0.00%,806077934,400086373934,956592.97,0
2037-11-12,7.9512,7.9512,7.9512,7.9512,88388000,0.00%,717689934,400086373934,702790.67,0
2037-11-13,7.9512,7.9512,7.9512,7.9512,201438000,0.00%,516251934,400086373934,1601673.83,0
2037-11-16,7.9512,7.9512,7.9512,7.9512,183920000,0.00%,332331934,400086373934,1462384.7,0
2037-11-17,7.9512,7.9512,7.9512,7.9512,239780000,0.00%,92551934,400086373934,1906538.74,0
2037-11-18,7.9512,7.9591,7.9591,7.9512,234802000,0.10%,884243580,401112867580,1868812.6,1026493646
2037-11-19,7.9591,7.9591,7.9591,7.9591,265316000,0.00%,618927580,401112867580,2111676.58,0
2037-11-20,7.9591,7.9591,7.9591,7.9591,170088000,0.00%,448839580,401112867580,1353747.4,0
2037-11-23,7.9591,7.9591,7.9591,7.9591,118978000,0.00%,329861580,401112867580,946957.8,0
2037-11-24,7.9591,7.9591,7.9591,7.9591,108148000,0.00%,221713580,401112867580,860760.75,0
2037-11-25,7.9591,7.9591,7.9591,7.9591,88844000,0.00%,132869580,401112867580,707118.28,0
2037-11-26,7.9591,7.9591,7.9591,7.9591,65246000,0.00%,67623580,401112867580,519299.44,0
2037-11-27,7.9591,7.9671,7.9671,7.9591,119016000,0.10%,977921323,402142181323,948212.37,1029313742
2037-11-30,7.9671,7.9671,7.9671,7.9671,127300000,0.00%,850621323,402142181323,1014211.83,0
2037-12-01,7.9671,7.9671,7.9671,7.9671,125932000,0.00%,724689323,402142181323,1003312.84,0
2037-12-02,7.9671,7.9671,7.9671,7.9671,177194000,0.00%,547495323,402142181323,1411722.32,0
2037-12-03,7.9671,7.9671,7.9671,7.9671,173090000,0.00%,374405323,402142181323,1379025.34,0
2037-12-04,7.9671,7.9671,7.9671,7.9671,95342000,0.00%,279063323,402142181323,759599.25,0
2037-12-07,7.9671,7.9671,7.9671,7.9671,227354000,0.00%,51709323,402142181323,1811352.05,0
2037-12-08,7.9671,7.9751,7.9751,7.9671,110428000,0.10%,979395342,403180295342,880674.34,1038114018
2037-12-09,7.9751,7.9751,7.9751,7.9751,156218000,0.00%,823177342,403180295342,1245854.17,0
2037-12-10,7.9751,7.9751,7.9751,7.9751,129542000,0.00%,693635342,403180295342,1033110.4,0
2037-12-11,7.9751,7.9751,7.9751,7.9751,153520000,0.00%,540115342,403180295342,1224337.35,0
2037-12-14,7.9751,7.9751,7.9751,7.9751,77938000,0.00%,462177342,403180295342,621563.34,0
2037-12-15,7.9751,7.9751,7.9751,7.9751,77178000,0.00%,384999342,403180295342,615502.27,0
2037-12-16,7.9751,7.9751,7.9751,7.9751,92112000,0.00%,292887342,403180295342,734602.41,0
2037-12-17,7.9751,7.9751,7.9751,7.9751,72048000,0.00%,220839342,403180295342,574590.0,0
2037-12-18,7.9751,7.9751,7.9751,7.9751,95494000,0.00%,125345342,403180295342,761574.2,0
2037-12-21,7.9751,7.9751,7.9751,7.9751,94620000,0.00%,30725342,403180295342,754603.96,0
2037-12-22,7.9751,7.983,7.983,7.9751,110428000,0.10%,975021847,404235019847,881546.72,1054724505
2037-12-23,7.983,7.983,7.983,7.983,58216000,0.00%,916805847,404235019847,464738.33,0
2037-12-24,7.983,7.983,7.983,7.983,92150000,0.00%,824655847,404235019847,735633.45,0
2037-12-25,7.983,7.983,7.983,7.983,58900000,0.00%,765755847,404235019847,470198.7,0
2037-12-30,7.983,7.983,7.983,7.983,91922000,0.00%,673833847,404235019847,733813.33,0
2037-12-31,7.983,7.983,7.983,7.983,114342000,0.00%,559491847,404235019847,912792.19,0
2038-01-01,7.983,7.983,7.983,7.983,106119000,0.00%,453372847,404235019847,847147.98,0
2038-01-05,7.983,7.983,7.983,7.983,116844000,0.00%,336528847,404235019847,932765.65,0
2038-01-06,7.983,7.983,7.983,7.983,145977000,0.00%,190551847,404235019847,1165334.39,0
2038-01-07,7.983,7.983,7.983,7.983,159120000,0.00%,31431847,404235019847,1270254.96,0
2038-01-08,7.983,7.991,7.991,7.983,105651000,0.10%,990794311,405300033311,844257.14,1065013463
2038-01-11,7.991,7.991,7.991,7.991,110448000,0.00%,880346311,405300033311,882589.97,0
2038-01-12,7.991,7.991,7.991,7.991,77415000,0.00%,802931311,405300033311,618623.27,0
2038-01-13,7.991,7.991,7.991,7.991,139308000,0.00%,663623311,405300033311,1113210.23,0
2038-01-14,7.991,7.991,7.991,7.991,158145000,0.00%,505478311,405300033311,1263736.7,0
2038-01-15,7.991,7.991,7.991,7.991,81783000,0.00%,423695311,405300033311,653527.95,0
2038-01-18,7.991,7.991,7.991,7.991,77961000,0.00%,345734311,405300033311,622986.35,0
2038-01-19,7.991,7.991,7.991,7.991,62790000,0.00%,282944311,405300033311,501754.89,0
2038-01-20,7.991,7.991,7.991,7.991,105768000,0.00%,177176311,405300033311,845192.09,0
2038-01-21,7.991,7.991,7.991,7.991,67665000,0.00%,109511311,405300033311,540711.02,0
2038-01-22,7.991,7.991,7.991,7.991,65754000,0.00%,43757311,405300033311,525440.21,0
2038-01-28,7.991,7.999,7.999,7.991,92547000,0.10%,1027662130,406376485130,740283.45,1076451819
2038-01-29,7.999,7.999,7.999,7.999,72657000,0.00%,955005130,406376485130,581183.34,0
2038-02-01,7.999,7.999,7.999,7.999,209157000,0.00%,745848130,406376485130,1673046.84,0
2038-02-02,7.999,7.999,7.999,7.999,217464000,0.00%,528384130,406376485130,1739494.54,0
2038-02-03,7.999,7.999,7.999,7.999,122538000,0.00%,405846130,406376485130,980181.46,0
2038-02-04,7.999,7.999,7.999,7.999,92664000,0.00%,313182130,406376485130,741219.34,0
2038-02-05,7.999,7.999,7.999,7.999,101166000,0.00%,212016130,406376485130,809226.83,0
2038-02-08,7.999,7.999,7.999,7.999,99801000,0.00%,112215130,406376485130,798308.2,0
2038-02-09,7.999,7.999,7.999,7.999,77220000,0.00%,34995130,406376485130,617682.78,0
2038-02-10,7.999,8.007,8.007,7.999,67353000,0.10%,1054260043,407463103043,539295.47,1086617913
2038-02-11,8.007,8.007,8.007,8.007,103974000,0.00%,950286043,407463103043,832519.82,0
2038-02-12,8.007,8.007,8.007,8.007,95979000,0.00%,854307043,407463103043,768503.85,0
2038-02-15,8.007,8.007,8.007,8.007,79404000,0.00%,774903043,407463103043,635787.83,0
2038-02-16,8.007,8.007,8.007,8.007,69927000,0.00%,704976043,407463103043,559905.49,0
2038-02-17,8.007,8.007,8.007,8.007,64350000,0.00%,640626043,407463103043,515250.45,0
2038-02-18,8.007,8.007,8.007,8.007,85449000,0.00%,555177043,407463103043,684190.14,0
2038-02-19,8.007,8.007,8.007,8.007,69108000,0.00%,486069043,407463103043,553347.76,0
2038-02-22,8.007,8.007,8.007,8.007,48009000,0.00%,438060043,407463103043,384408.06,0
2038-02-23,8.007,8.007,8.007,8.007,114309000,0.00%,323751043,407463103043,915272.16,0
2038-02-24,8.007,8.007,8.007,8.007,129285000,0.00%,194466043,407463103043,1035185.0,0
2038-02-25,8.007,8.007,8.007,8.007,75777000,0.00%,118689043,407463103043,606746.44,0
2038-02-26,8.007,8.007,8.007,8.007,95238000,0.00%,23451043,407463103043,762570.67,0
2038-03-01,8.007,8.015,8.015,8.007,79872000,0.10%,1031482555,408551006555,640174.08,1087903511
2038-03-02,8.015,8.015,8.015,8.015,101439000,0.00%,930043555,408551006555,813033.59,0
2038-03-03,8.015,8.015,8.015,8.015,138879000,0.00%,791164555,408551006555,1113115.19,0
2038-03-04,8.015,8.015,8.015,8.015,57720000,0.00%,733444555,408551006555,462625.8,0
2038-03-05,8.015,8.015,8.015,8.015,69342000,0.00%,664102555,408551006555,555776.13,0
2038-03-08,8.015,8.015,8.015,8.015,49257000,0.00%,614845555,408551006555,394794.86,0
2038-03-09,8.015,8.015,8.015,8.015,66456000,0.00%,548389555,408551006555,532644.84,0
2038-03-10,8.015,8.015,8.015,8.015,82719000,0.00%,465670555,408551006555,662992.79,0
2038-03-11,8.015,8.015,8.015,8.015,67353000,0.00%,398317555,408551006555,539834.3,0
2038-03-12,8.015,8.015,8.015,8.015,146640000,0.00%,251677555,408551006555,1175319.6,0
2038-03-15,8.015,8.015,8.015,8.015,105807000,0.00%,145870555,408551006555,848043.11,0
2038-03-16,8.015,8.015,8.015,8.015,83148000,0.00%,62722555,408551006555,666431.22,0
2038-03-17,8.015,8.023,8.023,8.015,64623000,0.10%,1093548635,409646455635,518470.33,1095449079
2038-03-18,8.023,8.023,8.023,8.023,92547000,0.00%,1001001635,409646455635,742504.58,0
2038-03-19,8.023,8.023,8.023,8.023,113217000,0.00%,887784635,409646455635,908339.99,0
2038-03-22,8.023,8.023,8.023,8.023,79716000,0.00%,808068635,409646455635,639561.47,0
2038-03-23,8.023,8.023,8.023,8.023,82992000,0.00%,725076635,409646455635,665844.82,0
2038-03-24,8.023,8.023,8.023,8.023,76635000,0.00%,648441635,409646455635,614842.6,0
2038-03-25,8.023,8.023,8.023,8.023,182715000,0.00%,465726635,409646455635,1465922.45,0
2038-03-26,8.023,8.023,8.023,8.023,129558000,0.00%,336168635,409646455635,1039443.83,0
2038-03-29,8.023,8.023,8.023,8.023,100620000,0.00%,235548635,409646455635,807274.26,0
2038-03-30,8.023,8.023,8.023,8.023,122226000,0.00%,113322635,409646455635,980619.2,0
2038-03-31,8.023,8.0311,8.0311,8.023,140790000,0.10%,1088442125,410762365125,1130698.57,1115909490
2038-04-01,8.0311,8.0311,8.0311,8.0311,98436000,0.00%,990006125,410762365125,790549.36,0
2038-04-02,8.0311,8.0311,8.0311,8.0311,101244000,0.00%,888762125,410762365125,813100.69,0
2038-04-05,8.0311,8.0311,8.0311,8.0311,73203000,0.00%,815559125,410762365125,587900.61,0
2038-04-06,8.0311,8.0311,8.0311,8.0311,55575000,0.00%,759984125,410762365125,446328.38,0
2038-04-08,8.0311,8.0311,8.0311,8.0311,58305000,0.00%,701679125,410762365125,468253.29,0
2038-04-13,8.0311,8.0311,8.0311,8.0311,85527000,0.00%,616152125,410762365125,686875.89,0
2038-04-14,8.0311,8.0311,8.0311,8.0311,157833000,0.00%,458319125,410762365125,1267572.61,0
2038-04-15,8.0311,8.0311,8.0311,8.0311,97344000,0.00%,360975125,410762365125,781779.4,0
2038-04-16,8.0311,8.0311,8.0311,8.0311,49686000,0.00%,311289125,410762365125,399033.23,0
2038-04-19,8.0311,8.0311,8.0311,8.0311,61269000,0.00%,250020125,410762365125,492057.47,0
2038-04-20,8.0311,8.0311,8.0311,8.0311,53391000,0.00%,196629125,410762365125,428788.46,0
2038-04-21,8.0311,8.0311,8.0311,8.0311,63492000,0.00%,133137125,410762365125,509910.6,0
2038-04-22,8.0311,8.0311,8.0311,8.0311,41067000,0.00%,92070125,410762365125,329813.18,0
2038-04-23,8.0311,8.0311,8.0311,8.0311,64428000,0.00%,27642125,410762365125,517427.71,0
2038-04-26,8.0311,8.0391,8.0391,8.0311,79833000,0.10%,1063521745,411878077745,641785.47,1115712620
2038-04-27,8.0391,8.0391,8.0391,8.0391,81705000,0.00%,981816745,411878077745,656834.67,0
2038-04-28,8.0391,8.0391,8.0391,8.0391,97578000,0.00%,884238745,411878077745,784439.3,0
2038-04-29,8.0391,8.0391,8.0391,8.0391,57564000,0.00%,826674745,411878077745,462762.75,0
2038-04-30,8.0391,8.0391,8.0391,8.0391,60021000,0.00%,766653745,411878077745,482514.82,0
2038-05-04,8.0391,8.0391,8.0391,8.0391,33735000,0.00%,732918745,411878077745,271199.04,0
2038-05-05,8.0391,8.0391,8.0391,8.0391,41145000,0.00%,691773745,411878077745,330768.77,0
2038-05-06,8.0391,8.0391,8.0391,8.0391,68562000,0.00%,623211745,411878077745,551176.77,0
2038-05-07,8.0391,8.0391,8.0391,8.0391,57759000,0.00%,565452745,411878077745,464330.38,0
2038-05-10,8.0391,8.0391,8.0391,8.0391,41808000,0.00%,523644745,411878077745,336098.69,0
2038-05-11,8.0391,8.0391,8.0391,8.0391,91806000,0.00%,431838745,411878077745,738037.61,0
2038-05-12,8.0391,8.0391,8.0391,8.0391,60723000,0.00%,371115745,411878077745,488158.27,0
2038-05-13,8.0391,8.0391,8.0391,8.0391,68523000,0.00%,302592745,411878077745,550863.25,0
2038-05-14,8.0391,8.0391,8.0391,8.0391,70161000,0.00%,232431745,411878077745,564031.3,0
2038-05-17,8.0391,8.0391,8.0391,8.0391,92586000,0.00%,139845745,411878077745,744308.11,0
2038-05-18,8.0391,8.0391,8.0391,8.0391,55068000,0.00%,84777745,411878077745,442697.16,0
2038-05-19,8.0391,8.0391,8.0391,8.0391,76284000,0.00%,8493745,411878077745,613254.7,0
2038-05-20,8.0391,8.0471,8.0471,8.0391,134199000,0.10%,984985585,412988768585,1079912.77,1110690839
2038-05-21,8.0471,8.0471,8.0471,8.0471,88491000,0.00%,896494585,412988768585,712095.93,0
2038-05-24,8.0471,8.0471,8.0471,8.0471,78156000,0.00%,818338585,412988768585,628929.15,0
2038-05-25,8.0471,8.0471,8.0471,8.0471,58578000,0.00%,759760585,412988768585,471383.02,0
2038-05-26,8.0471,8.0471,8.0471,8.0471,52845000,0.00%,706915585,412988768585,425249.0,0
2038-05-27,8.0471,8.0471,8.0471,8.0471,101517000,0.00%,605398585,412988768585,816917.45,0
2038-05-31,8.0471,8.0471,8.0471,8.0471,112476000,0.00%,492922585,412988768585,905105.62,0
2038-06-01,8.0471,8.0471,8.0471,8.0471,84786000,0.00%,408136585,412988768585,682281.42,0
2038-06-02,8.0471,8.0471,8.0471,8.0471,125307000,0.00%,282829585,412988768585,1008357.96,0
2038-06-03,8.0471,8.0471,8.0471,8.0471,89505000,0.00%,193324585,412988768585,720255.69,0
2038-06-04,8.0471,8.0471,8.0471,8.0471,125034000,0.00%,68290585,412988768585,1006161.1,0
2038-06-07,8.0471,8.0552,8.0552,8.0471,77571000,0.10%,1087404853,414085453853,624849.92,1096685268
2038-06-08,8.0552,8.0552,8.0552,8.0552,65130000,0.00%,1022274853,414085453853,524635.18,0
2038-06-09,8.0552,8.0552,8.0552,8.0552,71175000,0.00%,951099853,414085453853,573328.86,0
2038-06-10,8.0552,8.0552,8.0552,8.0552,51207000,0.00%,899892853,414085453853,412482.63,0
2038-06-11,8.0552,8.0552,8.0552,8.0552,63102000,0.00%,836790853,414085453853,508299.23,0
2038-06-14,8.0552,8.0552,8.0552,8.0552,52611000,0.00%,784179853,414085453853,423792.13,0
2038-06-15,8.0552,8.0552,8.0552,8.0552,90168000,0.00%,694011853,414085453853,726321.27,0
2038-06-16,8.0552,8.0552,8.0552,8.0552,86112000,0.00%,607899853,414085453853,693649.38,0
2038-06-17,8.0552,8.0552,8.0552,8.0552,97539000,0.00%,510360853,414085453853,785696.15,0
2038-06-18,8.0552,8.0552,8.0552,8.0552,139815000,0.00%,370545853,414085453853,1126237.79,0
2038-06-21,8.0552,8.0552,8.0552,8.0552,79053000,0.00%,291492853,414085453853,636787.73,0
2038-06-22,8.0552,8.0552,8.0552,8.0552,63492000,0.00%,228000853,414085453853,511440.76,0
2038-06-23,8.0552,8.0552,8.0552,8.0552,75270000,0.00%,152730853,414085453853,606314.9,0
2038-06-25,8.0552,8.0552,8.0552,8.0552,54210000,0.00%,98520853,414085453853,436672.39,0
2038-06-28,8.0552,8.0552,8.0552,8.0552,70824000,0.00%,27696853,414085453853,570501.48,0
2038-06-29,8.0552,8.0632,8.0632,8.0552,68211000,0.10%,1009303472,415135271472,549998.94,1049817619
2038-06-30,8.0632,8.0632,8.0632,8.0632,61971000,0.00%,947332472,415135271472,499684.57,0
2038-07-01,8.0632,8.0632,8.0632,8.0632,52728000,0.00%,894604472,415135271472,425156.41,0
2038-07-02,8.0632,8.0632,8.0632,8.0632,63180000,0.00%,831424472,415135271472,509432.98,0
2038-07-05,8.0632,8.0632,8.0632,8.0632,55380000,0.00%,776044472,415135271472,446540.02,0
2038-07-06,8.0632,8.0632,8.0632,8.0632,36816000,0.00%,739228472,415135271472,296854.77,0
2038-07-07,8.0632,8.0632,8.0632,8.0632,38454000,0.00%,700774472,415135271472,310062.29,0
2038-07-08,8.0632,8.0632,8.0632,8.0632,77142000,0.00%,623632472,415135271472,622011.37,0
2038-07-09,8.0632,8.0632,8.0632,8.0632,84240000,0.00%,539392472,415135271472,679243.97,0
2038-07-12,8.0632,8.0632,8.0632,8.0632,67431000,0.00%,471961472,415135271472,543709.64,0
2038-07-13,8.0632,8.0632,8.0632,8.0632,48204000,0.00%,423757472,415135271472,388678.49,0
2038-07-14,8.0632,8.0632,8.0632,8.0632,65715000,0.00%,358042472,415135271472,529873.19,0
2038-07-15,8.0632,8.0632,8.0632,8.0632,106548000,0.00%,251494472,415135271472,859117.83,0
2038-07-16,8.0632,8.0632,8.0632,8.0632,82719000,0.00%,168775472,415135271472,666979.84,0
2038-07-20,8.0632,8.0632,8.0632,8.0632,113685000,0.00%,55090472,415135271472,916664.89,0
2038-07-21,8.0632,8.0713,8.0713,8.0632,85449000,0.10%,1014505129,416180135129,689684.51,1044863656
2038-07-22,8.0713,8.0713,8.0713,8.0713,64584000,0.00%,949921129,416180135129,521276.84,0
2038-07-23,8.0713,8.0713,8.0713,8.0713,46176000,0.00%,903745129,416180135129,372700.35,0
2038-07-26,8.0713,8.0713,8.0713,8.0713,68055000,0.00%,835690129,416180135129,549292.32,0
2038-07-27,8.0713,8.0713,8.0713,8.0713,113880000,0.00%,721810129,416180135129,919159.64,0
2038-07-28,8.0713,8.0713,8.0713,8.0713,58266000,0.00%,663544129,416180135129,470282.37,0
2038-07-29,8.0713,8.0713,8.0713,8.0713,53235000,0.00%,610309129,416180135129,429675.66,0
2038-07-30,8.0713,8.0713,8.0713,8.0713,86736000,0.00%,523573129,416180135129,700072.28,0
2038-08-02,8.0713,8.0713,8.0713,8.0713,143520000,0.00%,380053129,416180135129,1158392.98,0
2038-08-03,8.0713,8.0713,8.0713,8.0713,91416000,0.00%,288637129,416180135129,737845.96,0
2038-08-04,8.0713,8.0713,8.0713,8.0713,82056000,0.00%,206581129,416180135129,662298.59,0
2038-08-05,8.0713,8.0713,8.0713,8.0713,64974000,0.00%,141607129,416180135129,524424.65,0
2038-08-06,8.0713,8.0713,8.0713,8.0713,74490000,0.00%,67117129,416180135129,601231.14,0
2038-08-09,8.0713,8.0713,8.0713,8.0713,36972000,0.00%,30145129,416180135129,298412.1,0
2038-08-10,8.0713,8.0794,8.0794,8.0713,59982000,0.10%,1001022184,417210994184,484618.57,1030859055
2038-08-11,8.0794,8.0794,8.0794,8.0794,46488000,0.00%,954534184,417210994184,375595.15,0
2038-08-12,8.0794,8.0794,8.0794,8.0794,43641000,0.00%,910893184,417210994184,352593.1,0
2038-08-13,8.0794,8.0794,8.0794,8.0794,47970000,0.00%,862923184,417210994184,387568.82,0
2038-08-16,8.0794,8.0794,8.0794,8.0794,61425000,0.00%,801498184,417210994184,496277.15,0
2038-08-17,8.0794,8.0794,8.0794,8.0794,42081000,0.00%,759417184,417210994184,339989.23,0
2038-08-18,8.0794,8.0794,8.0794,8.0794,64272000,0.00%,695145184,417210994184,519279.2,0
2038-08-19,8.0794,8.0794,8.0794,8.0794,112398000,0.00%,582747184,417210994184,908108.4,0
2038-08-20,8.0794,8.0794,8.0794,8.0794,70629000,0.00%,512118184,417210994184,570639.94,0
2038-08-23,8.0794,8.0794,8.0794,8.0794,100230000,0.00%,411888184,417210994184,809798.26,0
2038-08-24,8.0794,8.0794,8.0794,8.0794,96252000,0.00%,315636184,417210994184,777658.41,0
2038-08-25,8.0794,8.0794,8.0794,8.0794,67236000,0.00%,248400184,417210994184,543226.54,0
2038-08-26,8.0794,8.0794,8.0794,8.0794,87126000,0.00%,161274184,417210994184,703925.8,0
2038-08-27,8.0794,8.0794,8.0794,8.0794,48906000,0.00%,112368184,417210994184,395131.14,0
2038-08-30,8.0794,8.0794,8.0794,8.0794,75660000,0.00%,36708184,417210994184,611287.4,0
2038-08-31,8.0794,8.0874,8.0874,8.0794,59982000,0.10%,988636692,418222904692,485098.43,1011910508
2038-09-01,8.0874,8.0874,8.0874,8.0874,59241000,0.00%,929395692,418222904692,479105.66,0
2038-09-02,8.0874,8.0874,8.0874,8.0874,193986000,0.00%,735409692,418222904692,1568842.38,0
2038-09-06,8.0874,8.0874,8.0874,8.0874,119925000,0.00%,615484692,418222904692,969881.45,0
2038-09-07,8.0874,8.0874,8.0874,8.0874,51675000,0.00%,563809692,418222904692,417916.4,0
2038-09-08,8.0874,8.0874,8.0874,8.0874,64311000,0.00%,499498692,418222904692,520108.78,0
2038-09-09,8.0874,8.0874,8.0874,8.0874,65208000,0.00%,434290692,418222904692,527363.18,0
2038-09-13,8.0874,8.0874,8.0874,8.0874,73359000,0.00%,360931692,418222904692,593283.58,0
2038-09-14,8.0874,8.0874,8.0874,8.0874,40560000,0.00%,320371692,418222904692,328024.94,0
2038-09-15,8.0874,8.0874,8.0874,8.0874,41574000,0.00%,278797692,418222904692,336225.57,0
2038-09-16,8.0874,8.0874,8.0874,8.0874,39585000,0.00%,239212692,418222904692,320139.73,0
2038-09-17,8.0874,8.0874,8.0874,8.0874,74958000,0.00%,164254692,418222904692,606215.33,0
2038-09-20,8.0874,8.0874,8.0874,8.0874,57486000,0.00%,106768692,418222904692,464912.28,0
2038-09-21,8.0874,8.0874,8.0874,8.0874,60762000,0.00%,46006692,418222904692,491406.6,0
2038-09-22,8.0874,8.0955,8.0955,8.0874,53274000,0.10%,991068114,419221240114,431279.67,998335421
2038-09-23,8.0955,8.0955,8.0955,8.0955,74568000,0.00%,916500114,419221240114,603665.24,0
2038-09-24,8.0955,8.0955,8.0955,8.0955,82836000,0.00%,833664114,419221240114,670598.84,0
2038-09-27,8.0955,8.0955,8.0955,8.0955,71409000,0.00%,762255114,419221240114,578091.56,0
2038-09-28,8.0955,8.0955,8.0955,8.0955,62088000,0.00%,700167114,419221240114,502633.4,0
2038-09-29,8.0955,8.0955,8.0955,8.0955,55380000,0.00%,644787114,419221240114,448328.79,0
2038-09-30,8.0955,8.0955,8.0955,8.0955,60840000,0.00%,583947114,419221240114,492530.22,0
2038-10-01,8.0955,8.0955,8.0955,8.0955,43875000,0.00%,540072114,419221240114,355190.06,0
2038-10-05,8.0955,8.0955,8.0955,8.0955,58968000,0.00%,481104114,419221240114,477375.44,0
2038-10-06,8.0955,8.0955,8.0955,8.0955,42666000,0.00%,438438114,419221240114,345402.6,0
2038-10-07,8.0955,8.0955,8.0955,8.0955,42120000,0.00%,396318114,419221240114,340982.46,0
2038-10-08,8.0955,8.0955,8.0955,8.0955,43212000,0.00%,353106114,419221240114,349822.75,0
2038-10-11,8.0955,8.0955,8.0955,8.0955,44460000,0.00%,308646114,419221240114,359925.93,0
2038-10-12,8.0955,8.0955,8.0955,8.0955,64155000,0.00%,244491114,419221240114,519366.8,0
2038-10-13,8.0955,8.0955,8.0955,8.0955,64038000,0.00%,180453114,419221240114,518419.63,0
2038-10-14,8.0955,8.0955,8.0955,8.0955,52455000,0.00%,127998114,419221240114,424649.45,0
2038-10-15,8.0955,8.0955,8.0955,8.0955,52143000,0.00%,75855114,419221240114,422123.66,0
2038-10-18,8.0955,8.0955,8.0955,8.0955,48555000,0.00%,27300114,419221240114,393077.0,0
2038-10-19,8.0955,8.1036,8.1036,8.0955,35880000,0.10%,982539607,420212359607,290757.17,991119493
2038-10-20,8.1036,8.1036,8.1036,8.1036,46800000,0.00%,935739607,420212359607,379248.48,0
2038-10-21,8.1036,8.1036,8.1036,8.1036,67158000,0.00%,868581607,420212359607,544221.57,0
2038-10-22,8.1036,8.1036,8.1036,8.1036,74919000,0.00%,793662607,420212359607,607113.61,0
2038-10-26,8.1036,8.1036,8.1036,8.1036,84318000,0.00%,709344607,420212359607,683279.34,0
2038-10-27,8.1036,8.1036,8.1036,8.1036,68289000,0.00%,641055607,420212359607,553386.74,0
2038-10-28,8.1036,8.1036,8.1036,8.1036,44655000,0.00%,596400607,420212359607,361866.26,0
2038-10-29,8.1036,8.1036,8.1036,8.1036,64194000,0.00%,532206607,420212359607,520202.5,0
2038-11-01,8.1036,8.1036,8.1036,8.1036,56004000,0.00%,476202607,420212359607,453834.01,0
2038-11-02,8.1036,8.1036,8.1036,8.1036,53547000,0.00%,422655607,420212359607,433923.47,0
2038-11-03,8.1036,8.1036,8.1036,8.1036,42939000,0.00%,379716607,420212359607,347960.48,0
2038-11-04,8.1036,8.1036,8.1036,8.1036,40872000,0.00%,338844607,420212359607,331210.34,0
2038-11-05,8.1036,8.1036,8.1036,8.1036,84162000,0.00%,254682607,420212359607,682015.18,0
2038-11-08,8.1036,8.1036,8.1036,8.1036,104754000,0.00%,149928607,420212359607,848884.51,0
2038-11-09,8.1036,8.1036,8.1036,8.1036,52260000,0.00%,97668607,420212359607,423494.14,0
2038-11-10,8.1036,8.1036,8.1036,8.1036,50232000,0.00%,47436607,420212359607,407060.04,0
2038-11-11,8.1036,8.1036,8.1036,8.1036,40053000,0.00%,7383607,420212359607,324573.49,0
2038-11-12,8.1036,8.1117,8.1117,8.1036,38493000,0.10%,946766362,421190235362,312243.67,977875754
2038-11-15,8.1117,8.1117,8.1117,8.1117,53001000,0.00%,893765362,421190235362,429928.21,0
2038-11-16,8.1117,8.1117,8.1117,8.1117,48672000,0.00%,845093362,421190235362,394812.66,0
2038-11-17,8.1117,8.1117,8.1117,8.1117,126555000,0.00%,718538362,421190235362,1026576.19,0
2038-11-18,8.1117,8.1117,8.1117,8.1117,137670000,0.00%,580868362,421190235362,1116737.74,0
2038-11-19,8.1117,8.1117,8.1117,8.1117,85683000,0.00%,495185362,421190235362,695034.79,0
2038-11-22,8.1117,8.1117,8.1117,8.1117,108342000,0.00%,386843362,421190235362,878837.8,0
2038-11-23,8.1117,8.1117,8.1117,8.1117,94341000,0.00%,292502362,421190235362,765265.89,0
2038-11-24,8.1117,8.1117,8.1117,8.1117,55263000,0.00%,237239362,421190235362,448276.88,0
2038-11-25,8.1117,8.1117,8.1117,8.1117,56667000,0.00%,180572362,421190235362,459665.7,0
2038-11-26,8.1117,8.1117,8.1117,8.1117,59436000,0.00%,121136362,421190235362,482127.0,0
2038-11-29,8.1117,8.1117,8.1117,8.1117,47697000,0.00%,73439362,421190235362,386903.75,0
2038-11-30,8.1117,8.1117,8.1117,8.1117,59085000,0.00%,14354362,421190235362,479279.79,0
2038-12-01,8.1117,8.1198,8.1198,8.1117,65754000,0.10%,931561210,422173196210,533909.33,982960848
2038-12-02,8.1198,8.1198,8.1198,8.1198,118209000,0.00%,813352210,422173196210,959833.44,0
2038-12-03,8.1198,8.1198,8.1198,8.1198,59085000,0.00%,754267210,422173196210,479758.38,0
2038-12-06,8.1198,8.1198,8.1198,8.1198,58149000,0.00%,696118210,422173196210,472158.25,0
2038-12-07,8.1198,8.1198,8.1198,8.1198,92547000,0.00%,603571210,422173196210,751463.13,0
2038-12-08,8.1198,8.1198,8.1198,8.1198,62010000,0.00%,541561210,422173196210,503508.8,0
2038-12-09,8.1198,8.1198,8.1198,8.1198,53430000,0.00%,488131210,422173196210,433840.91,0
2038-12-10,8.1198,8.1198,8.1198,8.1198,64740000,0.00%,423391210,422173196210,525675.85,0
2038-12-13,8.1198,8.1198,8.1198,8.1198,71760000,0.00%,351631210,422173196210,582676.85,0
2038-12-14,8.1198,8.1198,8.1198,8.1198,50700000,0.00%,300931210,422173196210,411673.86,0
2038-12-15,8.1198,8.1198,8.1198,8.1198,55185000,0.00%,245746210,422173196210,448091.16,0
2038-12-16,8.1198,8.1198,8.1198,8.1198,67080000,0.00%,178666210,422173196210,544676.18,0
2038-12-17,8.1198,8.1198,8.1198,8.1198,120588000,0.00%,58078210,422173196210,979150.44,0
2038-12-20,8.1198,8.1198,8.1198,8.1198,47151000,0.00%,10927210,422173196210,382856.69,0
2038-12-21,8.1198,8.128,8.128,8.1198,48867000,0.10%,944899438,423156035438,397190.98,982839228
2038-12-22,8.128,8.128,8.128,8.128,55341000,0.00%,889558438,423156035438,449811.65,0
2038-12-23,8.128,8.128,8.128,8.128,39663000,0.00%,849895438,423156035438,322380.86,0
2038-12-24,8.128,8.128,8.128,8.128,573339000,0.00%,276556438,423156035438,4660099.39,0
2038-12-29,8.128,8.128,8.128,8.128,251433000,0.00%,25123438,423156035438,2043647.42,0
2038-12-30,8.128,8.1361,8.1361,8.128,147576000,0.10%,891361755,424169849755,1200693.09,1013814316
2038-12-31,8.1361,8.1361,8.1361,8.1361,76518000,0.00%,814843755,424169849755,622558.1,0
2039-01-04,8.1361,8.1361,8.1361,8.1361,93400000,0.00%,721443755,424169849755,759911.74,0
2039-01-05,8.1361,8.1361,8.1361,8.1361,81560000,0.00%,639883755,424169849755,663580.32,0
2039-01-06,8.1361,8.1361,8.1361,8.1361,80880000,0.00%,559003755,424169849755,658047.77,0
2039-01-07,8.1361,8.1361,8.1361,8.1361,95000000,0.00%,464003755,424169849755,772929.5,0
2039-01-10,8.1361,8.1361,8.1361,8.1361,66879999,0.00%,397123755,424169849755,544142.37,0
2039-01-11,8.1361,8.1361,8.1361,8.1361,67720000,0.00%,329403755,424169849755,550976.69,0
2039-01-12,8.1361,8.1361,8.1361,8.1361,76600000,0.00%,252803755,424169849755,623225.26,0
2039-01-13,8.1361,8.1361,8.1361,8.1361,82400000,0.00%,170403755,424169849755,670414.64,0
2039-01-14,8.1361,8.1361,8.1361,8.1361,63080000,0.00%,107323755,424169849755,513225.19,0
2039-01-17,8.1361,8.1361,8.1361,8.1361,65319999,0.00%,42003755,424169849755,531450.05,0
2039-01-18,8.1361,8.1442,8.1442,8.1361,88960000,0.10%,943674029,425160480029,724508.03,990630274
2039-01-19,8.1442,8.1442,8.1442,8.1442,144440000,0.00%,799234029,425160480029,1176348.25,0
2039-01-20,8.1442,8.1442,8.1442,8.1442,98400000,0.00%,700834029,425160480029,801389.28,0
2039-01-21,8.1442,8.1442,8.1442,8.1442,107600000,0.00%,593234029,425160480029,876315.92,0
2039-01-24,8.1442,8.1442,8.1442,8.1442,134600000,0.00%,458634029,425160480029,1096209.32,0
2039-01-25,8.1442,8.1442,8.1442,8.1442,142440000,0.00%,316194029,425160480029,1160059.85,0
2039-01-26,8.1442,8.1442,8.1442,8.1442,135440000,0.00%,180754029,425160480029,1103050.45,0
2039-01-27,8.1442,8.1442,8.1442,8.1442,136640000,0.00%,44114029,425160480029,1112823.49,0
2039-01-28,8.1442,8.1524,8.1524,8.1442,99280000,0.10%,919205705,426134851705,809370.27,974371675
2039-01-31,8.1524,8.1524,8.1524,8.1524,80640000,0.00%,838565705,426134851705,657409.54,0
2039-02-01,8.1524,8.1524,8.1524,8.1524,86040000,0.00%,752525705,426134851705,701432.5,0
2039-02-02,8.1524,8.1524,8.1524,8.1524,80200000,0.00%,672325705,426134851705,653822.48,0
2039-02-03,8.1524,8.1524,8.1524,8.1524,69320000,0.00%,603005705,426134851705,565124.37,0
2039-02-04,8.1524,8.1524,8.1524,8.1524,124200000,0.00%,478805705,426134851705,1012528.08,0
2039-02-07,8.1524,8.1524,8.1524,8.1524,81840000,0.00%,396965705,426134851705,667192.42,0
2039-02-08,8.1524,8.1524,8.1524,8.1524,115440000,0.00%,281525705,426134851705,941113.06,0
2039-02-09,8.1524,8.1524,8.1524,8.1524,105360000,0.00%,176165705,426134851705,858936.86,0
2039-02-10,8.1524,8.1524,8.1524,8.1524,71640000,0.00%,104525705,426134851705,584037.94,0
2039-02-11,8.1524,8.1524,8.1524,8.1524,26920000,0.00%,77605705,426134851705,219462.61,0
2039-02-16,8.1524,8.1524,8.1524,8.1524,46280000,0.00%,31325705,426134851705,377293.07,0
2039-02-17,8.1524,8.1605,8.1605,8.1524,50280000,0.10%,918925745,427072731745,410309.94,937880039
2039-02-18,8.1605,8.1605,8.1605,8.1605,68880000,0.00%,850045745,427072731745,562095.24,0
2039-02-21,8.1605,8.1605,8.1605,8.1605,61680000,0.00%,788365745,427072731745,503339.64,0
2039-02-22,8.1605,8.1605,8.1605,8.1605,63080000,0.00%,725285745,427072731745,514764.34,0
2039-02-23,8.1605,8.1605,8.1605,8.1605,95800000,0.00%,629485745,427072731745,781775.9,0
2039-02-24,8.1605,8.1605,8.1605,8.1605,49760000,0.00%,579725745,427072731745,406066.48,0
2039-02-25,8.1605,8.1605,8.1605,8.1605,52920000,0.00%,526805745,427072731745,431853.66,0
2039-02-28,8.1605,8.1605,8.1605,8.1605,49640000,0.00%,477165745,427072731745,405087.22,0
2039-03-01,8.1605,8.1605,8.1605,8.1605,94440000,0.00%,382725745,427072731745,770677.62,0
2039-03-02,8.1605,8.1605,8.1605,8.1605,103600000,0.00%,279125745,427072731745,845427.8,0
2039-03-03,8.1605,8.1605,8.1605,8.1605,118880000,0.00%,160245745,427072731745,970120.24,0
2039-03-04,8.1605,8.1605,8.1605,8.1605,111800000,0.00%,48445745,427072731745,912343.9,0
2039-03-07,8.1605,8.1687,8.1687,8.1605,55320000,0.10%,908858222,427988464222,451892.48,915732477
2039-03-08,8.1687,8.1687,8.1687,8.1687,104240000,0.00%,804618222,427988464222,851505.29,0
2039-03-09,8.1687,8.1687,8.1687,8.1687,93160000,0.00%,711458222,427988464222,760996.09,0
2039-03-10,8.1687,8.1687,8.1687,8.1687,68640000,0.00%,642818222,427988464222,560699.57,0
2039-03-11,8.1687,8.1687,8.1687,8.1687,49680000,0.00%,593138222,427988464222,405821.02,0
2039-03-14,8.1687,8.1687,8.1687,8.1687,71480000,0.00%,521658222,427988464222,583898.68,0
2039-03-15,8.1687,8.1687,8.1687,8.1687,146120000,0.00%,375538222,427988464222,1193610.44,0
2039-03-16,8.1687,8.1687,8.1687,8.1687,80280000,0.00%,295258222,427988464222,655783.24,0
2039-03-17,8.1687,8.1687,8.1687,8.1687,56920000,0.00%,238338222,427988464222,464962.4,0
2039-03-18,8.1687,8.1687,8.1687,8.1687,116720000,0.00%,121618222,427988464222,953450.66,0
2039-03-21,8.1687,8.1687,8.1687,8.1687,78520000,0.00%,43098222,427988464222,641406.32,0
2039-03-22,8.1687,8.1769,8.1769,8.1687,62560000,0.10%,897160940,428905086940,511546.86,916622718
2039-03-23,8.1769,8.1769,8.1769,8.1769,62480000,0.00%,834680940,428905086940,510892.71,0
2039-03-24,8.1769,8.1769,8.1769,8.1769,147480000,0.00%,687200940,428905086940,1205929.21,0
2039-03-25,8.1769,8.1769,8.1769,8.1769,105720000,0.00%,581480940,428905086940,864461.87,0
2039-03-28,8.1769,8.1769,8.1769,8.1769,84520000,0.00%,496960940,428905086940,691111.59,0
2039-03-29,8.1769,8.1769,8.1769,8.1769,136000000,0.00%,360960940,428905086940,1112058.4,0
2039-03-30,8.1769,8.1769,8.1769,8.1769,155000000,0.00%,205960940,428905086940,1267419.5,0
2039-03-31,8.1769,8.1769,8.1769,8.1769,120000000,0.00%,85960940,428905086940,981228.0,0
2039-04-05,8.1769,8.185,8.185,8.1769,106240000,0.10%,898028417,429823394417,869574.4,918307476
2039-04-06,8.185,8.185,8.185,8.185,78800000,0.00%,819228417,429823394417,644978.0,0
2039-04-08,8.185,8.185,8.185,8.185,54320000,0.00%,764908417,429823394417,444609.2,0
2039-04-11,8.185,8.185,8.185,8.185,86640000,0.00%,678268417,429823394417,709148.4,0
2039-04-12,8.185,8.185,8.185,8.185,71520000,0.00%,606748417,429823394417,585391.2,0
2039-04-13,8.185,8.185,8.185,8.185,98920000,0.00%,507828417,429823394417,809660.2,0
2039-04-14,8.185,8.185,8.185,8.185,75320000,0.00%,432508417,429823394417,616494.2,0
2039-04-15,8.185,8.185,8.185,8.185,92120000,0.00%,340388417,429823394417,754002.2,0
2039-04-18,8.185,8.185,8.185,8.185,73200000,0.00%,267188417,429823394417,599142.0,0
2039-04-19,8.185,8.185,8.185,8.185,78760000,0.00%,188428417,429823394417,644650.6,0
2039-04-20,8.185,8.185,8.185,8.185,57640000,0.00%,130788417,429823394417,471783.4,0
2039-04-21,8.185,8.185,8.185,8.185,76240000,0.00%,54548417,429823394417,624024.4,0
2039-04-22,8.185,8.1932,8.1932,8.185,77880000,0.10%,887040511,430733766511,638086.42,910372094
2039-04-25,8.1932,8.1932,8.1932,8.1932,164520000,0.00%,722520511,430733766511,1347945.26,0
2039-04-26,8.1932,8.1932,8.1932,8.1932,175280000,0.00%,547240511,430733766511,1436104.1,0
2039-04-27,8.1932,8.1932,8.1932,8.1932,165880000,0.00%,381360511,430733766511,1359088.02,0
2039-04-28,8.1932,8.1932,8.1932,8.1932,110920000,0.00%,270440511,430733766511,908789.74,0
2039-04-29,8.1932,8.1932,8.1932,8.1932,118400000,0.00%,152040511,430733766511,970074.88,0
2039-05-02,8.1932,8.1932,8.1932,8.1932,101680000,0.00%,50360511,430733766511,833084.58,0
2039-05-03,8.1932,8.2014,8.2014,8.1932,63840000,0.10%,904483345,431651729345,523577.38,917962833
2039-05-05,8.2014,8.2014,8.2014,8.2014,89920000,0.00%,814563345,431651729345,737469.89,0
2039-05-06,8.2014,8.2014,8.2014,8.2014,94360000,0.00%,720203345,431651729345,773884.1,0
2039-05-09,8.2014,8.2014,8.2014,8.2014,104840000,0.00%,615363345,431651729345,859834.78,0
2039-05-10,8.2014,8.2014,8.2014,8.2014,77640000,0.00%,537723345,431651729345,636756.7,0
2039-05-11,8.2014,8.2014,8.2014,8.2014,80240000,0.00%,457483345,431651729345,658080.34,0
2039-05-12,8.2014,8.2014,8.2014,8.2014,64120000,0.00%,393363345,431651729345,525873.77,0
2039-05-13,8.2014,8.2014,8.2014,8.2014,62760000,0.00%,330603345,431651729345,514719.86,0
2039-05-16,8.2014,8.2014,8.2014,8.2014,82240000,0.00%,248363345,431651729345,674483.14,0
2039-05-17,8.2014,8.2014,8.2014,8.2014,86400000,0.00%,161963345,431651729345,708600.96,0
2039-05-19,8.2014,8.2096,8.2096,8.2014,233720000,0.10%,853540944,432577026944,1918747.71,925297599
2039-05-20,8.2096,8.2096,8.2096,8.2096,111680000,0.00%,741860944,432577026944,916848.13,0
2039-05-23,8.2096,8.2096,8.2096,8.2096,89320000,0.00%,652540944,432577026944,733281.47,0
2039-05-24,8.2096,8.2096,8.2096,8.2096,122720000,0.00%,529820944,432577026944,1007482.11,0
2039-05-25,8.2096,8.2096,8.2096,8.2096,89480000,0.00%,440340944,432577026944,734595.01,0
2039-05-26,8.2096,8.2096,8.2096,8.2096,73280000,0.00%,367060944,432577026944,601599.49,0
2039-05-27,8.2096,8.2096,8.2096,8.2096,76560000,0.00%,290500944,432577026944,628526.98,0
2039-05-30,8.2096,8.2096,8.2096,8.2096,128520000,0.00%,161980944,432577026944,1055097.79,0
2039-05-31,8.2096,8.2096,8.2096,8.2096,66440000,0.00%,95540944,432577026944,545445.82,0
2039-06-01,8.2096,8.2178,8.2178,8.2096,109520000,0.10%,919265913,433510271913,900013.46,933244968
2039-06-02,8.2178,8.2178,8.2178,8.2178,88040000,0.00%,831225913,433510271913,723495.11,0
2039-06-03,8.2178,8.2178,8.2178,8.2178,160160000,0.00%,671065913,433510271913,1316162.85,0
2039-06-06,8.2178,8.2178,8.2178,8.2178,112520000,0.00%,558545913,433510271913,924666.86,0
2039-06-07,8.2178,8.2178,8.2178,8.2178,72160000,0.00%,486385913,433510271913,592996.45,0
2039-06-08,8.2178,8.2178,8.2178,8.2178,80840000,0.00%,405545913,433510271913,664326.95,0
2039-06-09,8.2178,8.2178,8.2178,8.2178,75560000,0.00%,329985913,433510271913,620936.97,0
2039-06-10,8.2178,8.2178,8.2178,8.2178,101000000,0.00%,228985913,433510271913,829997.8,0
2039-06-14,8.2178,8.2178,8.2178,8.2178,106000000,0.00%,122985913,433510271913,871086.8,0
2039-06-15,8.2178,8.2178,8.2178,8.2178,59840000,0.00%,63145913,433510271913,491753.15,0
2039-06-16,8.2178,8.2178,8.2178,8.2178,61360000,0.00%,1785913,433510271913,504244.21,0
2039-06-17,8.2178,8.226,8.226,8.2178,83440000,0.10%,854642087,434446568087,686377.44,936296174
2039-06-20,8.226,8.226,8.226,8.226,61120000,0.00%,793522087,434446568087,502773.12,0
2039-06-21,8.226,8.226,8.226,8.226,57120000,0.00%,736402087,434446568087,469869.12,0
2039-06-22,8.226,8.226,8.226,8.226,89240000,0.00%,647162087,434446568087,734088.24,0
2039-06-23,8.226,8.226,8.226,8.226,56200000,0.00%,590962087,434446568087,462301.2,0
2039-06-24,8.226,8.226,8.226,8.226,103440000,0.00%,487522087,434446568087,850897.44,0
2039-06-27,8.226,8.226,8.226,8.226,51680000,0.00%,435842087,434446568087,425119.68,0
2039-06-28,8.226,8.226,8.226,8.226,51160000,0.00%,384682087,434446568087,420842.16,0
2039-06-29,8.226,8.226,8.226,8.226,47560000,0.00%,337122087,434446568087,391228.56,0
2039-06-30,8.226,8.226,8.226,8.226,70040000,0.00%,267082087,434446568087,576149.04,0
2039-07-01,8.226,8.226,8.226,8.226,62240000,0.00%,204842087,434446568087,511986.24,0
2039-07-05,8.226,8.226,8.226,8.226,109080000,0.00%,95762087,434446568087,897292.08,0
2039-07-06,8.226,8.226,8.226,8.226,89040000,0.00%,6722087,434446568087,732443.04,0
2039-07-07,8.226,8.2343,8.2343,8.226,61760000,0.10%,865295974,435366901974,508550.37,920333886
2039-07-08,8.2343,8.2343,8.2343,8.2343,42080000,0.00%,823215974,435366901974,346499.34,0
2039-07-11,8.2343,8.2343,8.2343,8.2343,46480000,0.00%,776735974,435366901974,382730.26,0
2039-07-12,8.2343,8.2343,8.2343,8.2343,52080000,0.00%,724655974,435366901974,428842.34,0
2039-07-13,8.2343,8.2343,8.2343,8.2343,62360000,0.00%,662295974,435366901974,513490.95,0
2039-07-14,8.2343,8.2343,8.2343,8.2343,66360000,0.00%,595935974,435366901974,546428.15,0
2039-07-15,8.2343,8.2343,8.2343,8.2343,110080000,0.00%,485855974,435366901974,906431.74,0
2039-07-18,8.2343,8.2343,8.2343,8.2343,54720000,0.00%,431135974,435366901974,450580.9,0
2039-07-19,8.2343,8.2343,8.2343,8.2343,76240000,0.00%,354895974,435366901974,627783.03,0
2039-07-20,8.2343,8.2343,8.2343,8.2343,103440000,0.00%,251455974,435366901974,851755.99,0
2039-07-21,8.2343,8.2343,8.2343,8.2343,75760000,0.00%,175695974,435366901974,623830.57,0
2039-07-22,8.2343,8.2343,8.2343,8.2343,92360000,0.00%,83335974,435366901974,760519.95,0
2039-07-25,8.2343,8.2343,8.2343,8.2343,67840000,0.00%,15495974,435366901974,558614.91,0
2039-07-26,8.2343,8.2425,8.2425,8.2343,48400000,0.10%,894731393,436294537393,398937.0,927635419
2039-07-27,8.2425,8.2425,8.2425,8.2425,47200000,0.00%,847531393,436294537393,389046.0,0
2039-07-28,8.2425,8.2425,8.2425,8.2425,103160000,0.00%,744371393,436294537393,850296.3,0
2039-07-29,8.2425,8.2425,8.2425,8.2425,53080000,0.00%,691291393,436294537393,437511.9,0
2039-08-01,8.2425,8.2425,8.2425,8.2425,51480000,0.00%,639811393,436294537393,424323.9,0
2039-08-02,8.2425,8.2425,8.2425,8.2425,39000000,0.00%,600811393,436294537393,321457.5,0
2039-08-03,8.2425,8.2425,8.2425,8.2425,81200000,0.00%,519611393,436294537393,669291.0,0
2039-08-04,8.2425,8.2425,8.2425,8.2425,49640000,0.00%,469971393,436294537393,409157.7,0
2039-08-05,8.2425,8.2425,8.2425,8.2425,70840000,0.00%,399131393,436294537393,583898.7,0
2039-08-08,8.2425,8.2425,8.2425,8.2425,91840000,0.00%,307291393,436294537393,756991.2,0
2039-08-09,8.2425,8.2425,8.2425,8.2425,70680000,0.00%,236611393,436294537393,582579.9,0
2039-08-10,8.2425,8.2425,8.2425,8.2425,63360000,0.00%,173251393,436294537393,522244.8,0
2039-08-11,8.2425,8.2425,8.2425,8.2425,75240000,0.00%,98011393,436294537393,620165.7,0
2039-08-12,8.2425,8.2425,8.2425,8.2425,65400000,0.00%,32611393,436294537393,539059.5,0
2039-08-15,8.2425,8.2507,8.2507,8.2425,40880000,0.10%,916943278,437219749278,337288.62,925211885
2039-08-16,8.2507,8.2507,8.2507,8.2507,54360000,0.00%,862583278,437219749278,448508.05,0
2039-08-17,8.2507,8.2507,8.2507,8.2507,74760000,0.00%,787823278,437219749278,616822.33,0
2039-08-18,8.2507,8.2507,8.2507,8.2507,85760000,0.00%,702063278,437219749278,707580.03,0
2039-08-19,8.2507,8.2507,8.2507,8.2507,65640000,0.00%,636423278,437219749278,541575.95,0
2039-08-22,8.2507,8.2507,8.2507,8.2507,60840000,0.00%,575583278,437219749278,501972.59,0
2039-08-23,8.2507,8.2507,8.2507,8.2507,47400000,0.00%,528183278,437219749278,391083.18,0
2039-08-24,8.2507,8.2507,8.2507,8.2507,46600000,0.00%,481583278,437219749278,384482.62,0
2039-08-25,8.2507,8.2507,8.2507,8.2507,67160000,0.00%,414423278,437219749278,554117.01,0
2039-08-26,8.2507,8.2507,8.2507,8.2507,52240000,0.00%,362183278,437219749278,431016.57,0
2039-08-29,8.2507,8.2507,8.2507,8.2507,65000000,0.00%,297183278,437219749278,536295.5,0
2039-08-30,8.2507,8.2507,8.2507,8.2507,54720000,0.00%,242463278,437219749278,451478.3,0
2039-08-31,8.2507,8.2507,8.2507,8.2507,58400000,0.00%,184063278,437219749278,481840.88,0
2039-09-01,8.2507,8.2507,8.2507,8.2507,51560000,0.00%,132503278,437219749278,425406.09,0
2039-09-02,8.2507,8.2507,8.2507,8.2507,123480000,0.00%,9023278,437219749278,1018796.44,0
2039-09-05,8.2507,8.259,8.259,8.2507,55520000,0.10%,870719113,438136965113,458539.68,917215835
2039-09-06,8.259,8.259,8.259,8.259,39240000,0.00%,831479113,438136965113,324083.16,0
2039-09-07,8.259,8.259,8.259,8.259,53120000,0.00%,778359113,438136965113,438718.08,0
2039-09-08,8.259,8.259,8.259,8.259,38320000,0.00%,740039113,438136965113,316484.88,0
2039-09-12,8.259,8.259,8.259,8.259,80320000,0.00%,659719113,438136965113,663362.88,0
2039-09-13,8.259,8.259,8.259,8.259,49200000,0.00%,610519113,438136965113,406342.8,0
2039-09-14,8.259,8.259,8.259,8.259,48160000,0.00%,562359113,438136965113,397753.44,0
2039-09-15,8.259,8.259,8.259,8.259,55200000,0.00%,507159113,438136965113,455896.8,0
2039-09-16,8.259,8.259,8.259,8.259,44040000,0.00%,463119113,438136965113,363726.36,0
2039-09-19,8.259,8.259,8.259,8.259,30760000,0.00%,432359113,438136965113,254046.84,0
2039-09-20,8.259,8.259,8.259,8.259,40600000,0.00%,391759113,438136965113,335315.4,0
2039-09-22,8.259,8.259,8.259,8.259,103200000,0.00%,288559113,438136965113,852328.8,0
2039-09-23,8.259,8.259,8.259,8.259,113640000,0.00%,174919113,438136965113,938552.76,0
2039-09-26,8.259,8.259,8.259,8.259,60880000,0.00%,114039113,438136965113,502807.92,0
2039-09-27,8.259,8.2672,8.2672,8.259,171680000,0.10%,861510087,439056116087,1419312.9,919150974
2039-09-28,8.2672,8.2672,8.2672,8.2672,160440000,0.00%,701070087,439056116087,1326389.57,0
2039-09-29,8.2672,8.2672,8.2672,8.2672,201000000,0.00%,500070087,439056116087,1661707.2,0
2039-09-30,8.2672,8.2672,8.2672,8.2672,228600000,0.00%,271470087,439056116087,1889881.92,0
2039-10-03,8.2672,8.2755,8.2755,8.2672,301840000,0.10%,915601179,440002087179,2497876.92,945971091
2039-10-05,8.2755,8.2755,8.2755,8.2755,195080000,0.00%,720521179,440002087179,1614384.54,0
2039-10-06,8.2755,8.2755,8.2755,8.2755,126400000,0.00%,594121179,440002087179,1046023.2,0
2039-10-07,8.2755,8.2755,8.2755,8.2755,98640000,0.00%,495481179,440002087179,816295.32,0
2039-10-10,8.2755,8.2755,8.2755,8.2755,101320000,0.00%,394161179,440002087179,838473.66,0
2039-10-11,8.2755,8.2755,8.2755,8.2755,281880000,0.00%,112281179,440002087179,2332697.94,0
2039-10-12,8.2755,8.2838,8.2838,8.2755,185480000,0.10%,893837561,440969123561,1536479.22,967036381
2039-10-13,8.2838,8.2838,8.2838,8.2838,132440000,0.00%,761397561,440969123561,1097106.47,0
2039-10-17,8.2838,8.2838,8.2838,8.2838,121280000,0.00%,640117561,440969123561,1004659.26,0
2039-10-18,8.2838,8.2838,8.2838,8.2838,133919999,0.00%,506197561,440969123561,1109366.5,0
2039-10-19,8.2838,8.2838,8.2838,8.2838,89960000,0.00%,416237561,440969123561,745210.65,0
2039-10-20,8.2838,8.2838,8.2838,8.2838,65920000,0.00%,350317561,440969123561,546068.1,0
2039-10-21,8.2838,8.2838,8.2838,8.2838,103840000,0.00%,246477561,440969123561,860189.79,0
2039-10-24,8.2838,8.2838,8.2838,8.2838,65319999,0.00%,181157561,440969123561,541097.82,0
2039-10-25,8.2838,8.2838,8.2838,8.2838,44120000,0.00%,137037561,440969123561,365481.26,0
2039-10-26,8.2838,8.2838,8.2838,8.2838,58640000,0.00%,78397561,440969123561,485762.03,0
2039-10-27,8.2838,8.2838,8.2838,8.2838,44800000,0.00%,33597561,440969123561,371114.24,0
2039-10-28,8.2838,8.2921,8.2921,8.2838,47800000,0.10%,956469629,441939795629,396362.38,970672068
2039-10-31,8.2921,8.2921,8.2921,8.2921,62200000,0.00%,894269629,441939795629,515768.62,0
2039-11-01,8.2921,8.2921,8.2921,8.2921,55200000,0.00%,839069629,441939795629,457723.92,0
2039-11-02,8.2921,8.2921,8.2921,8.2921,71600000,0.00%,767469629,441939795629,593714.36,0
2039-11-03,8.2921,8.2921,8.2921,8.2921,91000000,0.00%,676469629,441939795629,754581.1,0
2039-11-04,8.2921,8.2921,8.2921,8.2921,84360000,0.00%,592109629,441939795629,699521.56,0
2039-11-07,8.2921,8.2921,8.2921,8.2921,46840000,0.00%,545269629,441939795629,388401.96,0
2039-11-08,8.2921,8.2921,8.2921,8.2921,61080000,0.00%,484189629,441939795629,506481.47,0
2039-11-09,8.2921,8.2921,8.2921,8.2921,83040000,0.00%,401149629,441939795629,688575.98,0
2039-11-10,8.2921,8.2921,8.2921,8.2921,79680000,0.00%,321469629,441939795629,660714.53,0
2039-11-11,8.2921,8.2921,8.2921,8.2921,77560000,0.00%,243909629,441939795629,643135.28,0
2039-11-14,8.2921,8.2921,8.2921,8.2921,91440000,0.00%,152469629,441939795629,758229.62,0
2039-11-15,8.2921,8.2921,8.2921,8.2921,109200000,0.00%,43269629,441939795629,905497.32,0
2039-11-16,8.2921,8.3004,8.3004,8.2921,113240000,0.10%,910239006,442920005006,939937.3,980209376
2039-11-17,8.3004,8.3004,8.3004,8.3004,139600000,0.00%,770639006,442920005006,1158735.84,0
2039-11-18,8.3004,8.3004,8.3004,8.3004,116240000,0.00%,654399006,442920005006,964838.5,0
2039-11-21,8.3004,8.3004,8.3004,8.3004,81960000,0.00%,572439006,442920005006,680300.78,0
2039-11-22,8.3004,8.3004,8.3004,8.3004,55520000,0.00%,516919006,442920005006,460838.21,0
2039-11-23,8.3004,8.3004,8.3004,8.3004,60040000,0.00%,456879006,442920005006,498356.02,0
2039-11-24,8.3004,8.3004,8.3004,8.3004,50000000,0.00%,406879006,442920005006,415020.0,0
2039-11-25,8.3004,8.3004,8.3004,8.3004,67800000,0.00%,339079006,442920005006,562767.12,0
2039-11-28,8.3004,8.3004,8.3004,8.3004,111560000,0.00%,227519006,442920005006,925992.62,0
2039-11-29,8.3004,8.3004,8.3004,8.3004,67760000,0.00%,159759006,442920005006,562435.1,0
2039-11-30,8.3004,8.3004,8.3004,8.3004,66760000,0.00%,92999006,442920005006,554134.7,0
2039-12-01,8.3004,8.3004,8.3004,8.3004,52280000,0.00%,40719006,442920005006,433944.91,0
2039-12-02,8.3004,8.3087,8.3087,8.3004,62520000,0.10%,960665383,443902471383,519459.92,982466377
2039-12-05,8.3087,8.3087,8.3087,8.3087,53320000,0.00%,907345383,443902471383,443019.88,0
2039-12-06,8.3087,8.3087,8.3087,8.3087,73440000,0.00%,833905383,443902471383,610190.93,0
2039-12-07,8.3087,8.3087,8.3087,8.3087,56200000,0.00%,777705383,443902471383,466948.94,0
2039-12-08,8.3087,8.3087,8.3087,8.3087,53240000,0.00%,724465383,443902471383,442355.19,0
2039-12-09,8.3087,8.3087,8.3087,8.3087,110840000,0.00%,613625383,443902471383,920936.31,0
2039-12-12,8.3087,8.3087,8.3087,8.3087,89840000,0.00%,523785383,443902471383,746453.61,0
2039-12-13,8.3087,8.3087,8.3087,8.3087,121120000,0.00%,402665383,443902471383,1006349.74,0
2039-12-14,8.3087,8.3087,8.3087,8.3087,52400000,0.00%,350265383,443902471383,435375.88,0
2039-12-15,8.3087,8.3087,8.3087,8.3087,93640000,0.00%,256625383,443902471383,778026.67,0
2039-12-16,8.3087,8.3087,8.3087,8.3087,65200000,0.00%,191425383,443902471383,541727.24,0
2039-12-19,8.3087,8.3087,8.3087,8.3087,56240000,0.00%,135185383,443902471383,467281.29,0
2039-12-20,8.3087,8.3087,8.3087,8.3087,67120000,0.00%,68065383,443902471383,557679.94,0
2039-12-21,8.3087,8.3087,8.3087,8.3087,59640000,0.00%,8425383,443902471383,495530.87,0
2039-12-22,8.3087,8.317,8.317,8.3087,138680000,0.10%,864708976,444897434976,1153401.56,994963592
2039-12-23,8.317,8.317,8.317,8.317,179320000,0.00%,685388976,444897434976,1491404.44,0
2039-12-26,8.317,8.317,8.317,8.317,83440000,0.00%,601948976,444897434976,693970.48,0
2039-12-27,8.317,8.317,8.317,8.317,31480000,0.00%,570468976,444897434976,261819.16,0
2039-12-30,8.317,8.317,8.317,8.317,54200000,0.00%,516268976,444897434976,450781.4,0
2040-01-02,8.317,8.317,8.317,8.317,55431999,0.00%,460836976,444897434976,461027.94,0
2040-01-03,8.317,8.317,8.317,8.317,44566999,0.00%,416269976,444897434976,370663.74,0
2040-01-05,8.317,8.317,8.317,8.317,84993000,0.00%,331276976,444897434976,706886.78,0
2040-01-06,8.317,8.317,8.317,8.317,69044000,0.00%,262232976,444897434976,574238.95,0
2040-01-09,8.317,8.317,8.317,8.317,69167000,0.00%,193065976,444897434976,575261.94,0
2040-01-10,8.317,8.3253,8.3253,8.317,585972000,0.10%,634712284,445925053284,4878392.69,1027618308
2040-01-11,8.3253,8.3253,8.3253,8.3253,391385999,0.00%,243326284,445925053284,3258405.87,0
2040-01-12,8.3253,8.3336,8.3336,8.3253,248377999,0.10%,1045440527,446975545527,2069882.9,1050492243
2040-01-13,8.3336,8.3336,8.3336,8.3336,151905000,0.00%,893535527,446975545527,1265915.51,0
2040-01-16,8.3336,8.3336,8.3336,8.3336,142639000,0.00%,750896527,446975545527,1188696.37,0
2040-01-17,8.3336,8.3336,8.3336,8.3336,166542000,0.00%,584354527,446975545527,1387894.41,0
2040-01-18,8.3336,8.3336,8.3336,8.3336,119555999,0.00%,464798527,446975545527,996331.88,0
2040-01-19,8.3336,8.3336,8.3336,8.3336,107173999,0.00%,357624527,446975545527,893145.25,0
2040-01-20,8.3336,8.3336,8.3336,8.3336,70274000,0.00%,287350527,446975545527,585635.41,0
2040-01-23,8.3336,8.3336,8.3336,8.3336,127673999,0.00%,159676527,446975545527,1063984.05,0
2040-01-24,8.3336,8.3336,8.3336,8.3336,103524999,0.00%,56151527,446975545527,862735.94,0
2040-01-25,8.3336,8.342,8.342,8.3336,73226000,0.10%,1056386687,448049006687,610851.29,1073461159
2040-01-26,8.342,8.342,8.342,8.342,87165999,0.00%,969220687,448049006687,727138.77,0
2040-01-27,8.342,8.342,8.342,8.342,98727999,0.00%,870492687,448049006687,823588.98,0
2040-01-30,8.342,8.342,8.342,8.342,96800999,0.00%,773691687,448049006687,807513.94,0
2040-01-31,8.342,8.342,8.342,8.342,58219999,0.00%,715471687,448049006687,485671.24,0
2040-02-06,8.342,8.342,8.342,8.342,114471999,0.00%,600999687,448049006687,954925.42,0
2040-02-07,8.342,8.342,8.342,8.342,128247999,0.00%,472751687,448049006687,1069844.82,0
2040-02-08,8.342,8.342,8.342,8.342,131733000,0.00%,341018687,448049006687,1098916.69,0
2040-02-09,8.342,8.342,8.342,8.342,80319000,0.00%,260699687,448049006687,670021.1,0
2040-02-10,8.342,8.342,8.342,8.342,141737000,0.00%,118962687,448049006687,1182370.05,0
2040-02-13,8.342,8.3503,8.3503,8.342,128780999,0.10%,1078413902,449137238902,1075359.98,1088232214
2040-02-14,8.3503,8.3503,8.3503,8.3503,126648999,0.00%,951764902,449137238902,1057557.14,0
2040-02-15,8.3503,8.3503,8.3503,8.3503,156866000,0.00%,794898902,449137238902,1309878.16,0
2040-02-16,8.3503,8.3503,8.3503,8.3503,250058999,0.00%,544839902,449137238902,2088067.67,0
2040-02-17,8.3503,8.3503,8.3503,8.3503,305532000,0.00%,239307902,449137238902,2551283.86,0
2040-02-20,8.3503,8.3586,8.3586,8.3503,517501999,0.10%,849470167,450264903167,4325592.22,1127664265
2040-02-21,8.3586,8.3586,8.3586,8.3586,256372999,0.00%,593097167,450264903167,2142919.36,0
2040-02-22,8.3586,8.3586,8.3586,8.3586,139933000,0.00%,453164167,450264903167,1169643.97,0
2040-02-23,8.3586,8.3586,8.3586,8.3586,141655000,0.00%,311509167,450264903167,1184037.48,0
2040-02-24,8.3586,8.3586,8.3586,8.3586,301555000,0.00%,9954167,450264903167,2520577.62,0
2040-02-27,8.3586,8.367,8.367,8.3586,276914000,0.10%,892197431,451424060431,2316939.44,1159157263
2040-02-28,8.367,8.367,8.367,8.367,231690999,0.00%,660506431,451424060431,1938558.6,0
2040-02-29,8.367,8.367,8.367,8.367,166009000,0.00%,494497431,451424060431,1388997.3,0
2040-03-01,8.367,8.367,8.367,8.367,159490000,0.00%,335007431,451424060431,1334452.83,0
2040-03-02,8.367,8.367,8.367,8.367,213855999,0.00%,121151431,451424060431,1789333.15,0
2040-03-05,8.367,8.3754,8.3754,8.367,134275000,0.10%,1169795827,452606979827,1124606.83,1182919395
2040-03-06,8.3754,8.3754,8.3754,8.3754,127591999,0.00%,1042203827,452606979827,1068634.04,0
2040-03-07,8.3754,8.3754,8.3754,8.3754,144197000,0.00%,898006827,452606979827,1207707.55,0
2040-03-08,8.3754,8.3754,8.3754,8.3754,326688000,0.00%,571318827,452606979827,2736142.68,0
2040-03-09,8.3754,8.3754,8.3754,8.3754,190608999,0.00%,380709827,452606979827,1596426.62,0
2040-03-12,8.3754,8.3754,8.3754,8.3754,141122000,0.00%,239587827,452606979827,1181953.2,0
2040-03-13,8.3754,8.3754,8.3754,8.3754,138785000,0.00%,100802827,452606979827,1162379.89,0
2040-03-14,8.3754,8.3837,8.3837,8.3754,114922999,0.10%,1197314722,453818414722,963479.96,1211434895
2040-03-15,8.3837,8.3837,8.3837,8.3837,112052999,0.00%,1085261722,453818414722,939418.74,0
2040-03-16,8.3837,8.3837,8.3837,8.3837,125910999,0.00%,959350722,453818414722,1055600.05,0
2040-03-19,8.3837,8.3837,8.3837,8.3837,90609999,0.00%,868740722,453818414722,759647.06,0
2040-03-20,8.3837,8.3837,8.3837,8.3837,137924000,0.00%,730816722,453818414722,1156313.44,0
2040-03-21,8.3837,8.3837,8.3837,8.3837,129559999,0.00%,601256722,453818414722,1086192.17,0
2040-03-22,8.3837,8.3837,8.3837,8.3837,204384999,0.00%,396871722,453818414722,1713502.52,0
2040-03-23,8.3837,8.3837,8.3837,8.3837,173265999,0.00%,223605722,453818414722,1452610.16,0
2040-03-26,8.3837,8.3837,8.3837,8.3837,100859999,0.00%,122745722,453818414722,845579.98,0
2040-03-27,8.3837,8.3837,8.3837,8.3837,113733999,0.00%,9011722,453818414722,953511.74,0
2040-03-28,8.3837,8.3921,8.3921,8.3837,70971000,0.10%,1142086610,455022460610,595595.73,1204045888
2040-03-29,8.3921,8.3921,8.3921,8.3921,72160000,0.00%,1069926610,455022460610,605573.94,0
2040-03-30,8.3921,8.3921,8.3921,8.3921,76219000,0.00%,993707610,455022460610,639637.47,0
2040-04-02,8.3921,8.3921,8.3921,8.3921,114963999,0.00%,878743610,455022460610,964789.38,0
2040-04-03,8.3921,8.3921,8.3921,8.3921,80032000,0.00%,798711610,455022460610,671636.55,0
2040-04-04,8.3921,8.3921,8.3921,8.3921,58424999,0.00%,740286610,455022460610,490308.44,0
2040-04-05,8.3921,8.3921,8.3921,8.3921,119801999,0.00%,620484610,455022460610,1005390.36,0
2040-04-09,8.3921,8.3921,8.3921,8.3921,505775999,0.00%,114708610,455022460610,4244522.77,0
2040-04-10,8.3921,8.4005,8.4005,8.3921,266992000,0.10%,1079355911,456254099911,2242866.3,1231639301
2040-04-11,8.4005,8.4005,8.4005,8.4005,272568000,0.00%,806787911,456254099911,2289707.48,0
2040-04-12,8.4005,8.4005,8.4005,8.4005,236979999,0.00%,569807911,456254099911,1990750.49,0
2040-04-13,8.4005,8.4005,8.4005,8.4005,191018999,0.00%,378788911,456254099911,1604655.11,0
2040-04-16,8.4005,8.4005,8.4005,8.4005,124434999,0.00%,254353911,456254099911,1045316.22,0
2040-04-17,8.4005,8.4005,8.4005,8.4005,83025000,0.00%,171328911,456254099911,697451.51,0
2040-04-18,8.4005,8.4005,8.4005,8.4005,112011999,0.00%,59316911,456254099911,940956.81,0
2040-04-19,8.4005,8.4089,8.4089,8.4005,100367999,0.10%,1199275985,457494426985,843984.48,1240327074
2040-04-24,8.4089,8.4089,8.4089,8.4089,98563999,0.00%,1100711985,457494426985,828814.82,0
2040-04-25,8.4089,8.4089,8.4089,8.4089,110699999,0.00%,990011985,457494426985,930865.23,0
2040-04-26,8.4089,8.4089,8.4089,8.4089,77531000,0.00%,912480985,457494426985,651950.43,0
2040-04-27,8.4089,8.4089,8.4089,8.4089,117874999,0.00%,794605985,457494426985,991199.09,0
2040-04-30,8.4089,8.4089,8.4089,8.4089,56620999,0.00%,737984985,457494426985,476120.33,0
2040-05-01,8.4089,8.4089,8.4089,8.4089,67117000,0.00%,670867985,457494426985,564380.14,0
2040-05-02,8.4089,8.4089,8.4089,8.4089,62770999,0.00%,608096985,457494426985,527835.06,0
2040-05-04,8.4089,8.4089,8.4089,8.4089,54283999,0.00%,553812985,457494426985,456468.73,0
2040-05-08,8.4089,8.4089,8.4089,8.4089,81221000,0.00%,472591985,457494426985,682979.27,0
2040-05-09,8.4089,8.4089,8.4089,8.4089,105041999,0.00%,367549985,457494426985,883287.67,0
2040-05-10,8.4089,8.4089,8.4089,8.4089,81262000,0.00%,286287985,457494426985,683324.03,0
2040-05-11,8.4089,8.4089,8.4089,8.4089,56497999,0.00%,229789985,457494426985,475086.03,0
2040-05-14,8.4089,8.4089,8.4089,8.4089,146985000,0.00%,82804985,457494426985,1235982.17,0
2040-05-15,8.4089,8.4173,8.4173,8.4089,94791999,0.10%,1232349420,458738763420,797892.7,1244336434
2040-05-16,8.4173,8.4173,8.4173,8.4173,99588999,0.00%,1132760420,458738763420,838270.49,0
2040-05-17,8.4173,8.4173,8.4173,8.4173,134479999,0.00%,998280420,458738763420,1131958.5,0
2040-05-18,8.4173,8.4173,8.4173,8.4173,87452999,0.00%,910827420,458738763420,736118.14,0
2040-05-21,8.4173,8.4173,8.4173,8.4173,92085999,0.00%,818741420,458738763420,775115.49,0
2040-05-22,8.4173,8.4173,8.4173,8.4173,64738999,0.00%,754002420,458738763420,544927.58,0
2040-05-23,8.4173,8.4173,8.4173,8.4173,77572000,0.00%,676430420,458738763420,652946.8,0
2040-05-24,8.4173,8.4173,8.4173,8.4173,58547999,0.00%,617882420,458738763420,492816.08,0
2040-05-25,8.4173,8.4173,8.4173,8.4173,66666000,0.00%,551216420,458738763420,561147.72,0
2040-05-28,8.4173,8.4173,8.4173,8.4173,70889000,0.00%,480327420,458738763420,596693.98,0
2040-05-29,8.4173,8.4173,8.4173,8.4173,61458999,0.00%,418868420,458738763420,517318.84,0
2040-05-30,8.4173,8.4173,8.4173,8.4173,68921000,0.00%,349947420,458738763420,580128.73,0
2040-05-31,8.4173,8.4173,8.4173,8.4173,79417000,0.00%,270530420,458738763420,668476.71,0
2040-06-01,8.4173,8.4173,8.4173,8.4173,115947999,0.00%,154582420,458738763420,975969.1,0
2040-06-04,8.4173,8.4173,8.4173,8.4173,53668999,0.00%,100913420,458738763420,451748.07,0
2040-06-05,8.4173,8.4173,8.4173,8.4173,59900999,0.00%,41012420,458738763420,504204.69,0
2040-06-06,8.4173,8.4257,8.4257,8.4173,75358000,0.10%,1210722521,459983831521,634943.9,1245068100
2040-06-07,8.4257,8.4257,8.4257,8.4257,79253000,0.00%,1131469521,459983831521,667762.0,0
2040-06-08,8.4257,8.4257,8.4257,8.4257,53873999,0.00%,1077595521,459983831521,453926.16,0
2040-06-11,8.4257,8.4257,8.4257,8.4257,75768000,0.00%,1001827521,459983831521,638398.44,0
2040-06-12,8.4257,8.4257,8.4257,8.4257,69864000,0.00%,931963521,459983831521,588653.1,0
2040-06-13,8.4257,8.4257,8.4257,8.4257,60597999,0.00%,871365521,459983831521,510580.57,0
2040-06-14,8.4257,8.4257,8.4257,8.4257,54816999,0.00%,816548521,459983831521,461871.6,0
2040-06-15,8.4257,8.4257,8.4257,8.4257,78269000,0.00%,738279521,459983831521,659471.11,0
2040-06-18,8.4257,8.4257,8.4257,8.4257,56497999,0.00%,681781521,459983831521,476035.2,0
2040-06-19,8.4257,8.4257,8.4257,8.4257,47231999,0.00%,634549521,459983831521,397962.66,0
2040-06-20,8.4257,8.4257,8.4257,8.4257,62278999,0.00%,572270521,459983831521,524744.17,0
2040-06-21,8.4257,8.4257,8.4257,8.4257,79499000,0.00%,492771521,459983831521,669834.72,0
2040-06-22,8.4257,8.4257,8.4257,8.4257,84542000,0.00%,408229521,459983831521,712325.53,0
2040-06-25,8.4257,8.4257,8.4257,8.4257,58424999,0.00%,349804521,459983831521,492271.52,0
2040-06-26,8.4257,8.4257,8.4257,8.4257,72857000,0.00%,276947521,459983831521,613871.22,0
2040-06-27,8.4257,8.4257,8.4257,8.4257,72119000,0.00%,204828521,459983831521,607653.06,0
2040-06-28,8.4257,8.4257,8.4257,8.4257,61499999,0.00%,143328521,459983831521,518180.55,0
2040-06-29,8.4257,8.4257,8.4257,8.4257,62237999,0.00%,81090521,459983831521,524398.72,0
2040-07-02,8.4257,8.4257,8.4257,8.4257,75686000,0.00%,5404521,459983831521,637707.53,0
2040-07-04,8.4257,8.4342,8.4342,8.4257,74620000,0.10%,1153162152,461206209152,629360.0,1222377630
2040-07-05,8.4342,8.4342,8.4342,8.4342,77736000,0.00%,1075426152,461206209152,655640.97,0
2040-07-06,8.4342,8.4342,8.4342,8.4342,60105999,0.00%,1015320152,461206209152,506946.03,0
2040-07-09,8.4342,8.4342,8.4342,8.4342,47682999,0.00%,967637152,461206209152,402167.96,0
2040-07-10,8.4342,8.4342,8.4342,8.4342,53996999,0.00%,913640152,461206209152,455421.5,0
2040-07-11,8.4342,8.4342,8.4342,8.4342,73062000,0.00%,840578152,461206209152,616219.52,0
2040-07-12,8.4342,8.4342,8.4342,8.4342,57522999,0.00%,783055152,461206209152,485160.49,0
2040-07-13,8.4342,8.4342,8.4342,8.4342,78843000,0.00%,704212152,461206209152,664977.63,0
2040-07-16,8.4342,8.4342,8.4342,8.4342,47969999,0.00%,656242152,461206209152,404588.57,0
2040-07-17,8.4342,8.4342,8.4342,8.4342,112544999,0.00%,543697152,461206209152,949227.04,0
2040-07-18,8.4342,8.4342,8.4342,8.4342,95324999,0.00%,448372152,461206209152,803990.11,0
2040-07-19,8.4342,8.4342,8.4342,8.4342,56333999,0.00%,392038152,461206209152,475132.22,0
2040-07-20,8.4342,8.4342,8.4342,8.4342,56497999,0.00%,335540152,461206209152,476515.43,0
2040-07-23,8.4342,8.4342,8.4342,8.4342,54406999,0.00%,281133152,461206209152,458879.52,0
2040-07-24,8.4342,8.4342,8.4342,8.4342,72160000,0.00%,208973152,461206209152,608611.87,0
2040-07-25,8.4342,8.4342,8.4342,8.4342,191633999,0.00%,17339152,461206209152,1616279.48,0
2040-07-26,8.4342,8.4426,8.4426,8.4342,99137999,0.10%,1125710319,462413718319,836982.48,1207509167
2040-07-27,8.4426,8.4426,8.4426,8.4426,81549000,0.00%,1044161319,462413718319,688485.59,0
2040-07-30,8.4426,8.4426,8.4426,8.4426,60105999,0.00%,984055319,462413718319,507450.92,0
2040-07-31,8.4426,8.4426,8.4426,8.4426,69085000,0.00%,914970319,462413718319,583257.02,0
2040-08-01,8.4426,8.4426,8.4426,8.4426,79376000,0.00%,835594319,462413718319,670139.82,0
2040-08-02,8.4426,8.4426,8.4426,8.4426,83845000,0.00%,751749319,462413718319,707869.8,0
2040-08-03,8.4426,8.4426,8.4426,8.4426,86919999,0.00%,664829319,462413718319,733830.79,0
2040-08-06,8.4426,8.4426,8.4426,8.4426,71094000,0.00%,593735319,462413718319,600218.2,0
2040-08-07,8.4426,8.4426,8.4426,8.4426,71135000,0.00%,522600319,462413718319,600564.35,0
2040-08-08,8.4426,8.4426,8.4426,8.4426,85034000,0.00%,437566319,462413718319,717908.05,0
2040-08-09,8.4426,8.4426,8.4426,8.4426,69454000,0.00%,368112319,462413718319,586372.34,0
2040-08-10,8.4426,8.4426,8.4426,8.4426,54570999,0.00%,313541319,462413718319,460721.12,0
2040-08-13,8.4426,8.4426,8.4426,8.4426,48338999,0.00%,265202319,462413718319,408106.84,0
2040-08-14,8.4426,8.4426,8.4426,8.4426,56702999,0.00%,208499319,462413718319,478720.75,0
2040-08-15,8.4426,8.4426,8.4426,8.4426,154160000,0.00%,54339319,462413718319,1301511.22,0
2040-08-16,8.4426,8.4511,8.4511,8.4426,148994000,0.10%,1102907958,463611280958,1259163.19,1197562638
2040-08-17,8.4511,8.4511,8.4511,8.4511,90937999,0.00%,1011969958,463611280958,768526.13,0
2040-08-20,8.4511,8.4511,8.4511,8.4511,72119000,0.00%,939850958,463611280958,609484.88,0
2040-08-21,8.4511,8.4511,8.4511,8.4511,67075999,0.00%,872774958,463611280958,566865.98,0
2040-08-22,8.4511,8.4511,8.4511,8.4511,65394999,0.00%,807379958,463611280958,552659.68,0
2040-08-23,8.4511,8.4511,8.4511,8.4511,58588999,0.00%,748790958,463611280958,495141.5,0
2040-08-24,8.4511,8.4511,8.4511,8.4511,79458000,0.00%,669332958,463611280958,671507.5,0
2040-08-27,8.4511,8.4511,8.4511,8.4511,105328999,0.00%,564003958,463611280958,890145.91,0
2040-08-28,8.4511,8.4511,8.4511,8.4511,84706000,0.00%,479297958,463611280958,715858.88,0
2040-08-29,8.4511,8.4511,8.4511,8.4511,87165999,0.00%,392131958,463611280958,736648.58,0
2040-08-30,8.4511,8.4511,8.4511,8.4511,89010999,0.00%,303120958,463611280958,752240.86,0
2040-08-31,8.4511,8.4511,8.4511,8.4511,74743000,0.00%,228377958,463611280958,631660.57,0
2040-09-03,8.4511,8.4511,8.4511,8.4511,65435999,0.00%,162941958,463611280958,553006.18,0
2040-09-04,8.4511,8.4511,8.4511,8.4511,60720999,0.00%,102220958,463611280958,513159.24,0
2040-09-05,8.4511,8.4511,8.4511,8.4511,63631999,0.00%,38588958,463611280958,537760.4,0
2040-09-06,8.4511,8.4595,8.4595,8.4511,73800000,0.10%,1156791472,464803283472,624311.1,1192002514
2040-09-07,8.4595,8.4595,8.4595,8.4595,78105000,0.00%,1078686472,464803283472,660729.25,0
2040-09-10,8.4595,8.4595,8.4595,8.4595,89461999,0.00%,989224472,464803283472,756803.79,0
2040-09-11,8.4595,8.4595,8.4595,8.4595,81467000,0.00%,907757472,464803283472,689170.09,0
2040-09-12,8.4595,8.4595,8.4595,8.4595,78679000,0.00%,829078472,464803283472,665585.0,0
2040-09-13,8.4595,8.4595,8.4595,8.4595,74579000,0.00%,754499472,464803283472,630901.05,0
2040-09-14,8.4595,8.4595,8.4595,8.4595,85198000,0.00%,669301472,464803283472,720732.48,0
2040-09-17,8.4595,8.4595,8.4595,8.4595,67117000,0.00%,602184472,464803283472,567776.26,0
2040-09-18,8.4595,8.4595,8.4595,8.4595,54693999,0.00%,547490472,464803283472,462683.89,0
2040-09-19,8.4595,8.4595,8.4595,8.4595,91634999,0.00%,455855472,464803283472,775186.28,0
2040-09-20,8.4595,8.4595,8.4595,8.4595,122958999,0.00%,332896472,464803283472,1040171.66,0
2040-09-21,8.4595,8.4595,8.4595,8.4595,85321000,0.00%,247575472,464803283472,721773.0,0
2040-09-24,8.4595,8.4595,8.4595,8.4595,52889999,0.00%,194685472,464803283472,447422.95,0
2040-09-25,8.4595,8.4595,8.4595,8.4595,62688999,0.00%,131996472,464803283472,530317.6,0
2040-09-26,8.4595,8.4595,8.4595,8.4595,75604000,0.00%,56392472,464803283472,639572.04,0
2040-09-27,8.4595,8.468,8.468,8.4595,71258000,0.10%,1184969787,466003118787,603412.74,1199835314
2040-09-28,8.468,8.468,8.468,8.468,79950000,0.00%,1105019787,466003118787,677016.6,0
2040-10-01,8.468,8.468,8.468,8.468,84009000,0.00%,1021010787,466003118787,711388.21,0
2040-10-02,8.468,8.468,8.468,8.468,84501000,0.00%,936509787,466003118787,715554.47,0
2040-10-04,8.468,8.468,8.468,8.468,70274000,0.00%,866235787,466003118787,595080.23,0
2040-10-05,8.468,8.468,8.468,8.468,29232999,0.00%,837002787,466003118787,247545.04,0
2040-10-08,8.468,8.468,8.468,8.468,32102999,0.00%,804899787,466003118787,271848.2,0
2040-10-10,8.468,8.468,8.468,8.468,43213999,0.00%,761685787,466003118787,365936.15,0
2040-10-11,8.468,8.468,8.468,8.468,59244999,0.00%,702440787,466003118787,501686.66,0
2040-10-12,8.468,8.468,8.468,8.468,81590000,0.00%,620850787,466003118787,690904.12,0
2040-10-15,8.468,8.468,8.468,8.468,155841000,0.00%,465009787,466003118787,1319661.59,0
2040-10-16,8.468,8.468,8.468,8.468,109879999,0.00%,355129787,466003118787,930463.84,0
2040-10-17,8.468,8.468,8.468,8.468,75358000,0.00%,279771787,466003118787,638131.54,0
2040-10-18,8.468,8.468,8.468,8.468,58588999,0.00%,221182787,466003118787,496131.65,0
2040-10-19,8.468,8.468,8.468,8.468,76465000,0.00%,144717787,466003118787,647505.62,0
2040-10-22,8.468,8.468,8.468,8.468,61335999,0.00%,83381787,466003118787,519393.25,0
2040-10-23,8.468,8.468,8.468,8.468,58096999,0.00%,25284787,466003118787,491965.4,0
2040-10-24,8.468,8.4764,8.4764,8.468,40918000,0.10%,1185317733,467204069733,346837.34,1200950946
2040-10-25,8.4764,8.4764,8.4764,8.4764,50921999,0.00%,1134395733,467204069733,431635.24,0
2040-10-26,8.4764,8.4764,8.4764,8.4764,49199999,0.00%,1085195733,467204069733,417038.88,0
2040-10-29,8.4764,8.4764,8.4764,8.4764,65763999,0.00%,1019431733,467204069733,557441.97,0
2040-10-30,8.4764,8.4764,8.4764,8.4764,66829999,0.00%,952601733,467204069733,566477.81,0
2040-11-01,8.4764,8.4764,8.4764,8.4764,89256999,0.00%,863344733,467204069733,756578.03,0
2040-11-02,8.4764,8.4764,8.4764,8.4764,84378000,0.00%,778966733,467204069733,715221.68,0
2040-11-05,8.4764,8.4764,8.4764,8.4764,47518999,0.00%,731447733,467204069733,402790.05,0
2040-11-06,8.4764,8.4764,8.4764,8.4764,61376999,0.00%,670070733,467204069733,520256.0,0
2040-11-07,8.4764,8.4764,8.4764,8.4764,54570999,0.00%,615499733,467204069733,462565.62,0
2040-11-08,8.4764,8.4764,8.4764,8.4764,53627999,0.00%,561871733,467204069733,454572.38,0
2040-11-09,8.4764,8.4764,8.4764,8.4764,54570999,0.00%,507300733,467204069733,462565.62,0
2040-11-12,8.4764,8.4764,8.4764,8.4764,59490999,0.00%,447809733,467204069733,504269.51,0
2040-11-13,8.4764,8.4764,8.4764,8.4764,53668999,0.00%,394140733,467204069733,454919.91,0
2040-11-14,8.4764,8.4764,8.4764,8.4764,56005999,0.00%,338134733,467204069733,474729.26,0
2040-11-15,8.4764,8.4764,8.4764,8.4764,70930000,0.00%,267204733,467204069733,601231.05,0
2040-11-16,8.4764,8.4764,8.4764,8.4764,81836000,0.00%,185368733,467204069733,693674.67,0
2040-11-19,8.4764,8.4764,8.4764,8.4764,56538999,0.00%,128829733,467204069733,479247.18,0
2040-11-20,8.4764,8.4764,8.4764,8.4764,77162000,0.00%,51667733,467204069733,654055.98,0
2040-11-21,8.4764,8.4849,8.4849,8.4764,57235999,0.10%,1196095952,468405733952,485641.74,1201664218
2040-11-22,8.4849,8.4849,8.4849,8.4849,57481999,0.00%,1138613952,468405733952,487729.02,0
2040-11-23,8.4849,8.4849,8.4849,8.4849,97292999,0.00%,1041320952,468405733952,825521.38,0
2040-11-26,8.4849,8.4849,8.4849,8.4849,91757999,0.00%,949562952,468405733952,778557.45,0
2040-11-27,8.4849,8.4849,8.4849,8.4849,61007999,0.00%,888554952,468405733952,517646.78,0
2040-11-28,8.4849,8.4849,8.4849,8.4849,59162999,0.00%,829391952,468405733952,501992.14,0
2040-11-29,8.4849,8.4849,8.4849,8.4849,63508999,0.00%,765882952,468405733952,538867.51,0
2040-11-30,8.4849,8.4849,8.4849,8.4849,54201999,0.00%,711680952,468405733952,459898.55,0
2040-12-03,8.4849,8.4849,8.4849,8.4849,51823999,0.00%,659856952,468405733952,439721.46,0
2040-12-04,8.4849,8.4849,8.4849,8.4849,46985999,0.00%,612870952,468405733952,398671.51,0
2040-12-05,8.4849,8.4849,8.4849,8.4849,45099999,0.00%,567770952,468405733952,382668.99,0
2040-12-06,8.4849,8.4849,8.4849,8.4849,62852999,0.00%,504917952,468405733952,533301.42,0
2040-12-07,8.4849,8.4849,8.4849,8.4849,60023999,0.00%,444893952,468405733952,509297.64,0
2040-12-10,8.4849,8.4849,8.4849,8.4849,55021999,0.00%,389871952,468405733952,466856.17,0
2040-12-11,8.4849,8.4849,8.4849,8.4849,71463000,0.00%,318408952,468405733952,606356.41,0
2040-12-12,8.4849,8.4849,8.4849,8.4849,60474999,0.00%,257933952,468405733952,513124.33,0
2040-12-13,8.4849,8.4849,8.4849,8.4849,51167999,0.00%,206765952,468405733952,434155.36,0
2040-12-14,8.4849,8.4849,8.4849,8.4849,73103000,0.00%,133662952,468405733952,620271.64,0
2040-12-17,8.4849,8.4849,8.4849,8.4849,62196999,0.00%,71465952,468405733952,527735.33,0
2040-12-18,8.4849,8.4849,8.4849,8.4849,65558999,0.00%,5906952,468405733952,556261.56,0
2040-12-19,8.4849,8.4934,8.4934,8.4849,60761999,0.10%,1117794825,469578383825,516075.97,1172649873
2040-12-20,8.4934,8.4934,8.4934,8.4934,41615000,0.00%,1076179825,469578383825,353452.84,0
2040-12-21,8.4934,8.4934,8.4934,8.4934,72857000,0.00%,1003322825,469578383825,618803.64,0
2040-12-24,8.4934,8.4934,8.4934,8.4934,56866999,0.00%,946455825,469578383825,482994.18,0
2040-12-25,8.4934,8.4934,8.4934,8.4934,64041999,0.00%,882413825,469578383825,543934.32,0
2040-12-26,8.4934,8.4934,8.4934,8.4934,30011999,0.00%,852401825,469578383825,254903.92,0
2040-12-31,8.4934,8.4934,8.4934,8.4934,75850000,0.00%,776551825,469578383825,644224.39,0
2041-01-01,8.4934,8.4934,8.4934,8.4934,57036000,0.00%,719515825,469578383825,484429.56,0
2041-01-02,8.4934,8.4934,8.4934,8.4934,45528000,0.00%,673987825,469578383825,386687.52,0
2041-01-04,8.4934,8.4934,8.4934,8.4934,68040000,0.00%,605947825,469578383825,577890.94,0
2041-01-07,8.4934,8.4934,8.4934,8.4934,83790000,0.00%,522157825,469578383825,711661.99,0
2041-01-08,8.4934,8.4934,8.4934,8.4934,101514000,0.00%,420643825,469578383825,862199.01,0
2041-01-09,8.4934,8.4934,8.4934,8.4934,89796000,0.00%,330847825,469578383825,762673.35,0
2041-01-10,8.4934,8.4934,8.4934,8.4934,78708000,0.00%,252139825,469578383825,668498.53,0
2041-01-11,8.4934,8.4934,8.4934,8.4934,74802000,0.00%,177337825,469578383825,635323.31,0
2041-01-14,8.4934,8.4934,8.4934,8.4934,115626000,0.00%,61711825,469578383825,982057.87,0
2041-01-15,8.4934,8.5019,8.5019,8.4934,101682000,0.10%,1106317237,470724671237,864490.2,1146287411
2041-01-16,8.5019,8.5019,8.5019,8.5019,120456000,0.00%,985861237,470724671237,1024104.87,0
2041-01-17,8.5019,8.5019,8.5019,8.5019,109998000,0.00%,875863237,470724671237,935192.0,0
2041-01-18,8.5019,8.5019,8.5019,8.5019,86604000,0.00%,789259237,470724671237,736298.55,0
2041-01-21,8.5019,8.5019,8.5019,8.5019,55566000,0.00%,733693237,470724671237,472416.58,0
2041-01-22,8.5019,8.5019,8.5019,8.5019,102186000,0.00%,631507237,470724671237,868775.15,0
2041-01-23,8.5019,8.5019,8.5019,8.5019,67200000,0.00%,564307237,470724671237,571327.68,0
2041-01-24,8.5019,8.5019,8.5019,8.5019,114114000,0.00%,450193237,470724671237,970185.82,0
2041-01-25,8.5019,8.5019,8.5019,8.5019,80556000,0.00%,369637237,470724671237,684879.06,0
2041-01-28,8.5019,8.5019,8.5019,8.5019,73248000,0.00%,296389237,470724671237,622747.17,0
2041-01-29,8.5019,8.5019,8.5019,8.5019,100338000,0.00%,196051237,470724671237,853063.64,0
2041-01-30,8.5019,8.5019,8.5019,8.5019,107436000,0.00%,88615237,470724671237,913410.13,0
2041-01-31,8.5019,8.5104,8.5104,8.5019,96390000,0.10%,1150526186,471882972186,820317.46,1158300948
2041-02-01,8.5104,8.5104,8.5104,8.5104,90216000,0.00%,1060310186,471882972186,767774.25,0
2041-02-04,8.5104,8.5104,8.5104,8.5104,117306000,0.00%,943004186,471882972186,998320.98,0
2041-02-05,8.5104,8.5104,8.5104,8.5104,273546000,0.00%,669458186,471882972186,2327985.88,0
2041-02-06,8.5104,8.5104,8.5104,8.5104,253554000,0.00%,415904186,471882972186,2157845.96,0
2041-02-07,8.5104,8.5104,8.5104,8.5104,333102000,0.00%,82802186,471882972186,2834831.26,0
2041-02-08,8.5104,8.5189,8.5189,8.5104,148680000,0.10%,1117860167,473066710167,1266590.05,1183737981
2041-02-11,8.5189,8.5189,8.5189,8.5189,110796000,0.00%,1007064167,473066710167,943860.04,0
2041-02-12,8.5189,8.5189,8.5189,8.5189,122682000,0.00%,884382167,473066710167,1045115.69,0
2041-02-13,8.5189,8.5189,8.5189,8.5189,99792000,0.00%,784590167,473066710167,850118.07,0
2041-02-14,8.5189,8.5189,8.5189,8.5189,167118000,0.00%,617472167,473066710167,1423661.53,0
2041-02-15,8.5189,8.5189,8.5189,8.5189,112980000,0.00%,504492167,473066710167,962465.32,0
2041-02-18,8.5189,8.5189,8.5189,8.5189,30324000,0.00%,474168167,473066710167,258327.12,0
2041-02-22,8.5189,8.5189,8.5189,8.5189,89670000,0.00%,384498167,473066710167,763889.76,0
2041-02-25,8.5189,8.5189,8.5189,8.5189,92988000,0.00%,291510167,473066710167,792155.47,0
2041-02-26,8.5189,8.5189,8.5189,8.5189,151746000,0.00%,139764167,473066710167,1292709.0,0
2041-02-27,8.5189,8.5189,8.5189,8.5189,95928000,0.00%,43836167,473066710167,817201.04,0
2041-02-28,8.5189,8.5274,8.5274,8.5189,107310000,0.10%,1139806830,474269990830,915075.29,1203280662
2041-03-01,8.5274,8.5274,8.5274,8.5274,135366000,0.00%,1004440830,474269990830,1154320.03,0
2041-03-04,8.5274,8.5274,8.5274,8.5274,129444000,0.00%,874996830,474269990830,1103820.77,0
2041-03-05,8.5274,8.5274,8.5274,8.5274,114954000,0.00%,760042830,474269990830,980258.74,0
2041-03-06,8.5274,8.5274,8.5274,8.5274,138474000,0.00%,621568830,474269990830,1180823.19,0
2041-03-07,8.5274,8.5274,8.5274,8.5274,100632000,0.00%,520936830,474269990830,858129.32,0
2041-03-08,8.5274,8.5274,8.5274,8.5274,127512000,0.00%,393424830,474269990830,1087345.83,0
2041-03-11,8.5274,8.5274,8.5274,8.5274,131796000,0.00%,261628830,474269990830,1123877.21,0
2041-03-12,8.5274,8.5274,8.5274,8.5274,243012000,0.00%,18616830,474269990830,2072260.53,0
2041-03-13,8.5274,8.5359,8.5359,8.5274,200004000,0.10%,1047320288,475498698288,1707214.14,1228707458
2041-03-14,8.5359,8.5359,8.5359,8.5359,82572000,0.00%,964748288,475498698288,704826.33,0
2041-03-15,8.5359,8.5359,8.5359,8.5359,72156000,0.00%,892592288,475498698288,615916.4,0
2041-03-18,8.5359,8.5359,8.5359,8.5359,101724000,0.00%,790868288,475498698288,868305.89,0
2041-03-19,8.5359,8.5359,8.5359,8.5359,96054000,0.00%,694814288,475498698288,819907.34,0
2041-03-20,8.5359,8.5359,8.5359,8.5359,89670000,0.00%,605144288,475498698288,765414.15,0
2041-03-21,8.5359,8.5359,8.5359,8.5359,249606000,0.00%,355538288,475498698288,2130611.86,0
2041-03-22,8.5359,8.5359,8.5359,8.5359,104664000,0.00%,250874288,475498698288,893401.44,0
2041-03-25,8.5359,8.5359,8.5359,8.5359,147504000,0.00%,103370288,475498698288,1259079.39,0
2041-03-26,8.5359,8.5445,8.5445,8.5359,123312000,0.10%,1222854023,476741494023,1053639.38,1242795735
2041-03-27,8.5445,8.5445,8.5445,8.5445,156870000,0.00%,1065984023,476741494023,1340375.72,0
2041-03-28,8.5445,8.5445,8.5445,8.5445,95004000,0.00%,970980023,476741494023,811761.68,0
2041-03-29,8.5445,8.5445,8.5445,8.5445,85470000,0.00%,885510023,476741494023,730298.42,0
2041-04-01,8.5445,8.5445,8.5445,8.5445,119322000,0.00%,766188023,476741494023,1019546.83,0
2041-04-02,8.5445,8.5445,8.5445,8.5445,108360000,0.00%,657828023,476741494023,925882.02,0
2041-04-03,8.5445,8.5445,8.5445,8.5445,89376000,0.00%,568452023,476741494023,763673.23,0
2041-04-04,8.5445,8.5445,8.5445,8.5445,71526000,0.00%,496926023,476741494023,611153.91,0
2041-04-10,8.5445,8.5445,8.5445,8.5445,138012000,0.00%,358914023,476741494023,1179243.53,0
2041-04-11,8.5445,8.5445,8.5445,8.5445,87024000,0.00%,271890023,476741494023,743576.57,0
2041-04-12,8.5445,8.5445,8.5445,8.5445,86814000,0.00%,185076023,476741494023,741782.22,0
2041-04-15,8.5445,8.5445,8.5445,8.5445,88788000,0.00%,96288023,476741494023,758649.07,0
2041-04-16,8.5445,8.5445,8.5445,8.5445,74886000,0.00%,21402023,476741494023,639863.43,0
2041-04-17,8.5445,8.553,8.553,8.5445,85218000,0.10%,1136742934,477942052934,728869.55,1200558910
2041-04-18,8.553,8.553,8.553,8.553,94752000,0.00%,1041990934,477942052934,810413.86,0
2041-04-19,8.553,8.553,8.553,8.553,57750000,0.00%,984240934,477942052934,493935.75,0
2041-04-22,8.553,8.553,8.553,8.553,98406000,0.00%,885834934,477942052934,841666.52,0
2041-04-23,8.553,8.553,8.553,8.553,55062000,0.00%,830772934,477942052934,470945.29,0
2041-04-24,8.553,8.553,8.553,8.553,97314000,0.00%,733458934,477942052934,832326.64,0
2041-04-25,8.553,8.553,8.553,8.553,98700000,0.00%,634758934,477942052934,844181.1,0
2041-04-26,8.553,8.553,8.553,8.553,77994000,0.00%,556764934,477942052934,667082.68,0
2041-04-29,8.553,8.553,8.553,8.553,189210000,0.00%,367554934,477942052934,1618313.13,0
2041-04-30,8.553,8.553,8.553,8.553,108318000,0.00%,259236934,477942052934,926443.85,0
2041-05-01,8.553,8.553,8.553,8.553,81144000,0.00%,178092934,477942052934,694024.63,0
2041-05-02,8.553,8.553,8.553,8.553,161322000,0.00%,16770934,477942052934,1379787.07,0
2041-05-06,8.553,8.5616,8.5616,8.553,99792000,0.10%,1116778027,479141852027,854379.19,1199799093
2041-05-07,8.5616,8.5616,8.5616,8.5616,54600000,0.00%,1062178027,479141852027,467463.36,0
2041-05-08,8.5616,8.5616,8.5616,8.5616,186354000,0.00%,875824027,479141852027,1595488.41,0
2041-05-09,8.5616,8.5616,8.5616,8.5616,172158000,0.00%,703666027,479141852027,1473947.93,0
2041-05-10,8.5616,8.5616,8.5616,8.5616,105882000,0.00%,597784027,479141852027,906519.33,0
2041-05-13,8.5616,8.5616,8.5616,8.5616,116802000,0.00%,480982027,479141852027,1000012.0,0
2041-05-14,8.5616,8.5616,8.5616,8.5616,136374000,0.00%,344608027,479141852027,1167579.64,0
2041-05-15,8.5616,8.5616,8.5616,8.5616,111804000,0.00%,232804027,479141852027,957221.13,0
2041-05-16,8.5616,8.5616,8.5616,8.5616,165228000,0.00%,67576027,479141852027,1414616.04,0
2041-05-17,8.5616,8.5701,8.5701,8.5616,111090000,0.10%,1109812187,480295178187,952052.41,1153326160
2041-05-20,8.5701,8.5701,8.5701,8.5701,123900000,0.00%,985912187,480295178187,1061835.39,0
2041-05-21,8.5701,8.5701,8.5701,8.5701,141708000,0.00%,844204187,480295178187,1214451.73,0
2041-05-22,8.5701,8.5701,8.5701,8.5701,79506000,0.00%,764698187,480295178187,681374.37,0
2041-05-23,8.5701,8.5701,8.5701,8.5701,166530000,0.00%,598168187,480295178187,1427178.75,0
2041-05-24,8.5701,8.5701,8.5701,8.5701,100800000,0.00%,497368187,480295178187,863866.08,0
2041-05-28,8.5701,8.5701,8.5701,8.5701,137760000,0.00%,359608187,480295178187,1180616.98,0
2041-05-29,8.5701,8.5701,8.5701,8.5701,104412000,0.00%,255196187,480295178187,894821.28,0
2041-05-30,8.5701,8.5701,8.5701,8.5701,177240000,0.00%,77956187,480295178187,1518964.52,0
2041-05-31,8.5701,8.5787,8.5787,8.5701,201642000,0.10%,1012844809,481431708809,1729826.23,1136530621
2041-06-03,8.5787,8.5787,8.5787,8.5787,147672000,0.00%,865172809,481431708809,1266833.79,0
2041-06-04,8.5787,8.5787,8.5787,8.5787,427854000,0.00%,437318809,481431708809,3670431.11,0
2041-06-05,8.5787,8.5787,8.5787,8.5787,206220000,0.00%,231098809,481431708809,1769099.51,0
2041-06-06,8.5787,8.5787,8.5787,8.5787,122010000,0.00%,109088809,481431708809,1046687.19,0
2041-06-07,8.5787,8.5873,8.5873,8.5787,132930000,0.10%,1130910417,482586460417,1141509.79,1154751608
2041-06-10,8.5873,8.5873,8.5873,8.5873,121884000,0.00%,1009026417,482586460417,1046654.47,0
2041-06-11,8.5873,8.5873,8.5873,8.5873,157038000,0.00%,851988417,482586460417,1348532.42,0
2041-06-12,8.5873,8.5873,8.5873,8.5873,150318000,0.00%,701670417,482586460417,1290825.76,0
2041-06-13,8.5873,8.5873,8.5873,8.5873,120036000,0.00%,581634417,482586460417,1030785.14,0
2041-06-14,8.5873,8.5873,8.5873,8.5873,93786000,0.00%,487848417,482586460417,805368.52,0
2041-06-17,8.5873,8.5873,8.5873,8.5873,82950000,0.00%,404898417,482586460417,712316.54,0
2041-06-18,8.5873,8.5873,8.5873,8.5873,102144000,0.00%,302754417,482586460417,877141.17,0
2041-06-19,8.5873,8.5873,8.5873,8.5873,71232000,0.00%,231522417,482586460417,611690.55,0
2041-06-20,8.5873,8.5873,8.5873,8.5873,126504000,0.00%,105018417,482586460417,1086327.8,0
2041-06-24,8.5873,8.5959,8.5959,8.5873,132552000,0.10%,1128542371,483742536371,1139403.74,1156075953
2041-06-25,8.5959,8.5959,8.5959,8.5959,182448000,0.00%,946094371,483742536371,1568304.76,0
2041-06-26,8.5959,8.5959,8.5959,8.5959,167832000,0.00%,778262371,483742536371,1442667.09,0
2041-06-27,8.5959,8.5959,8.5959,8.5959,123774000,0.00%,654488371,483742536371,1063948.93,0
2041-06-28,8.5959,8.5959,8.5959,8.5959,133854000,0.00%,520634371,483742536371,1150595.6,0
2041-07-01,8.5959,8.5959,8.5959,8.5959,138894000,0.00%,381740371,483742536371,1193918.93,0
2041-07-02,8.5959,8.5959,8.5959,8.5959,163758000,0.00%,217982371,483742536371,1407647.39,0
2041-07-04,8.5959,8.5959,8.5959,8.5959,171822000,0.00%,46160371,483742536371,1476964.73,0
2041-07-05,8.5959,8.6045,8.6045,8.5959,104832000,0.10%,1080276006,484881484006,902026.94,1138947634
2041-07-08,8.6045,8.6045,8.6045,8.6045,174300000,0.00%,905976006,484881484006,1499764.35,0
2041-07-09,8.6045,8.6045,8.6045,8.6045,232764000,0.00%,673212006,484881484006,2002817.84,0
2041-07-10,8.6045,8.6045,8.6045,8.6045,236376000,0.00%,436836006,484881484006,2033897.29,0
2041-07-11,8.6045,8.6045,8.6045,8.6045,178080000,0.00%,258756006,484881484006,1532289.36,0
2041-07-12,8.6045,8.6045,8.6045,8.6045,169848000,0.00%,88908006,484881484006,1461457.12,0
2041-07-15,8.6045,8.6131,8.6131,8.6045,128688000,0.10%,1117798713,486039062713,1108402.61,1157578706
2041-07-16,8.6131,8.6131,8.6131,8.6131,139146000,0.00%,978652713,486039062713,1198478.41,0
2041-07-17,8.6131,8.6131,8.6131,8.6131,83622000,0.00%,895030713,486039062713,720244.65,0
2041-07-18,8.6131,8.6131,8.6131,8.6131,84756000,0.00%,810274713,486039062713,730011.9,0
2041-07-19,8.6131,8.6131,8.6131,8.6131,61992000,0.00%,748282713,486039062713,533943.3,0
2041-07-22,8.6131,8.6131,8.6131,8.6131,71022000,0.00%,677260713,486039062713,611719.59,0
2041-07-23,8.6131,8.6131,8.6131,8.6131,83202000,0.00%,594058713,486039062713,716627.15,0
2041-07-24,8.6131,8.6131,8.6131,8.6131,85260000,0.00%,508798713,486039062713,734352.91,0
2041-07-25,8.6131,8.6131,8.6131,8.6131,65898000,0.00%,442900713,486039062713,567586.06,0
2041-07-26,8.6131,8.6131,8.6131,8.6131,70392000,0.00%,372508713,486039062713,606293.34,0
2041-07-29,8.6131,8.6131,8.6131,8.6131,345618000,0.00%,26890713,486039062713,2976842.4,0
2041-07-30,8.6131,8.6217,8.6217,8.6131,453726000,0.10%,759886159,487225784159,3911889.45,1186721446
2041-07-31,8.6217,8.6217,8.6217,8.6217,474012000,0.00%,285874159,487225784159,4086789.26,0
2041-08-01,8.6217,8.6303,8.6303,8.6217,306180000,0.10%,1189795003,488435885003,2642425.25,1210100843
2041-08-02,8.6303,8.6303,8.6303,8.6303,169932000,0.00%,1019863003,488435885003,1466564.14,0
2041-08-05,8.6303,8.6303,8.6303,8.6303,123690000,0.00%,896173003,488435885003,1067481.81,0
2041-08-06,8.6303,8.6303,8.6303,8.6303,494802000,0.00%,401371003,488435885003,4270289.7,0
2041-08-07,8.6303,8.6303,8.6303,8.6303,193620000,0.00%,207751003,488435885003,1670998.69,0
2041-08-08,8.6303,8.6389,8.6389,8.6303,246246000,0.10%,1203353994,489677733994,2127294.57,1241848991
2041-08-09,8.6389,8.6389,8.6389,8.6389,180390000,0.00%,1022963994,489677733994,1558371.17,0
2041-08-12,8.6389,8.6389,8.6389,8.6389,172032000,0.00%,850931994,489677733994,1486167.24,0
2041-08-13,8.6389,8.6389,8.6389,8.6389,171696000,0.00%,679235994,489677733994,1483264.57,0
2041-08-14,8.6389,8.6389,8.6389,8.6389,84630000,0.00%,594605994,489677733994,731110.11,0
2041-08-15,8.6389,8.6389,8.6389,8.6389,68670000,0.00%,525935994,489677733994,593233.26,0
2041-08-16,8.6389,8.6389,8.6389,8.6389,110964000,0.00%,414971994,489677733994,958606.9,0
2041-08-19,8.6389,8.6389,8.6389,8.6389,121884000,0.00%,293087994,489677733994,1052943.69,0
2041-08-20,8.6389,8.6389,8.6389,8.6389,181188000,0.00%,111899994,489677733994,1565265.01,0
2041-08-21,8.6389,8.6389,8.6389,8.6389,111720000,0.00%,179994,489677733994,965137.91,0
2041-08-22,8.6389,8.6476,8.6476,8.6389,214620000,0.10%,1056979815,490949153815,1855947.91,1271419820
2041-08-23,8.6476,8.6476,8.6476,8.6476,218988000,0.00%,837991815,490949153815,1893720.63,0
2041-08-26,8.6476,8.6476,8.6476,8.6476,187404000,0.00%,650587815,490949153815,1620594.83,0
2041-08-27,8.6476,8.6476,8.6476,8.6476,207984000,0.00%,442603815,490949153815,1798562.44,0
2041-08-28,8.6476,8.6476,8.6476,8.6476,173166000,0.00%,269437815,490949153815,1497470.3,0
2041-08-29,8.6476,8.6476,8.6476,8.6476,72660000,0.00%,196777815,490949153815,628334.62,0
2041-08-30,8.6476,8.6476,8.6476,8.6476,98532000,0.00%,98245815,490949153815,852065.32,0
2041-09-02,8.6476,8.6476,8.6476,8.6476,77616000,0.00%,20629815,490949153815,671192.12,0
2041-09-03,8.6476,8.6562,8.6562,8.6476,219156000,0.10%,1102244632,492249924632,1897058.17,1300770817
2041-09-04,8.6562,8.6562,8.6562,8.6562,148260000,0.00%,953984632,492249924632,1283368.21,0
2041-09-05,8.6562,8.6562,8.6562,8.6562,169974000,0.00%,784010632,492249924632,1471328.94,0
2041-09-06,8.6562,8.6562,8.6562,8.6562,113988000,0.00%,670022632,492249924632,986702.93,0
2041-09-09,8.6562,8.6562,8.6562,8.6562,112434000,0.00%,557588632,492249924632,973251.19,0
2041-09-10,8.6562,8.6562,8.6562,8.6562,104832000,0.00%,452756632,492249924632,907446.76,0
2041-09-11,8.6562,8.6562,8.6562,8.6562,138600000,0.00%,314156632,492249924632,1199749.32,0
2041-09-12,8.6562,8.6562,8.6562,8.6562,227178000,0.00%,86978632,492249924632,1966498.2,0
2041-09-13,8.6562,8.6649,8.6649,8.6562,149814000,0.10%,1263835378,493576595378,1298123.33,1326670746
2041-09-16,8.6649,8.6649,8.6649,8.6649,116844000,0.00%,1146991378,493576595378,1012441.58,0
2041-09-17,8.6649,8.6649,8.6649,8.6649,83622000,0.00%,1063369378,493576595378,724576.27,0
2041-09-18,8.6649,8.6649,8.6649,8.6649,151914000,0.00%,911455378,493576595378,1316319.62,0
2041-09-19,8.6649,8.6649,8.6649,8.6649,102984000,0.00%,808471378,493576595378,892346.06,0
2041-09-20,8.6649,8.6649,8.6649,8.6649,100716000,0.00%,707755378,493576595378,872694.07,0
2041-09-23,8.6649,8.6649,8.6649,8.6649,65142000,0.00%,642613378,493576595378,564448.92,0
2041-09-24,8.6649,8.6649,8.6649,8.6649,69552000,0.00%,573061378,493576595378,602661.12,0
2041-09-26,8.6649,8.6649,8.6649,8.6649,93282000,0.00%,479779378,493576595378,808279.2,0
2041-09-27,8.6649,8.6649,8.6649,8.6649,69972000,0.00%,409807378,493576595378,606300.38,0
2041-09-30,8.6649,8.6649,8.6649,8.6649,75474000,0.00%,334333378,493576595378,653974.66,0
2041-10-01,8.6649,8.6649,8.6649,8.6649,87990000,0.00%,246343378,493576595378,762424.55,0
2041-10-02,8.6649,8.6649,8.6649,8.6649,76650000,0.00%,169693378,493576595378,664164.58,0
2041-10-03,8.6649,8.6649,8.6649,8.6649,72828000,0.00%,96865378,493576595378,631047.34,0
2041-10-07,8.6649,8.6649,8.6649,8.6649,49224000,0.00%,47641378,493576595378,426521.04,0
2041-10-08,8.6649,8.6735,8.6735,8.6649,49896000,0.10%,1333689882,494912539882,432772.96,1335944503
2041-10-09,8.6735,8.6735,8.6735,8.6735,45570000,0.00%,1288119882,494912539882,395251.4,0
2041-10-10,8.6735,8.6735,8.6735,8.6735,61110000,0.00%,1227009882,494912539882,530037.59,0
2041-10-11,8.6735,8.6735,8.6735,8.6735,125202000,0.00%,1101807882,494912539882,1085939.55,0
2041-10-14,8.6735,8.6735,8.6735,8.6735,110040000,0.00%,991767882,494912539882,954431.94,0
2041-10-15,8.6735,8.6735,8.6735,8.6735,69090000,0.00%,922677882,494912539882,599252.11,0
2041-10-18,8.6735,8.6735,8.6735,8.6735,122346000,0.00%,800331882,494912539882,1061168.03,0
2041-10-21,8.6735,8.6735,8.6735,8.6735,87066000,0.00%,713265882,494912539882,755166.95,0
2041-10-22,8.6735,8.6735,8.6735,8.6735,64806000,0.00%,648459882,494912539882,562094.84,0
2041-10-23,8.6735,8.6735,8.6735,8.6735,137424000,0.00%,511035882,494912539882,1191947.06,0
2041-10-24,8.6735,8.6735,8.6735,8.6735,70056000,0.00%,440979882,494912539882,607630.72,0
2041-10-25,8.6735,8.6735,8.6735,8.6735,53508000,0.00%,387471882,494912539882,464101.64,0
2041-10-28,8.6735,8.6735,8.6735,8.6735,51492000,0.00%,335979882,494912539882,446615.86,0
2041-10-29,8.6735,8.6735,8.6735,8.6735,64302000,0.00%,271677882,494912539882,557723.4,0
2041-10-30,8.6735,8.6735,8.6735,8.6735,78624000,0.00%,193053882,494912539882,681945.26,0
2041-10-31,8.6735,8.6735,8.6735,8.6735,57414000,0.00%,135639882,494912539882,497980.33,0
2041-11-01,8.6735,8.6735,8.6735,8.6735,69048000,0.00%,66591882,494912539882,598887.83,0
2041-11-04,8.6735,8.6822,8.6822,8.6735,95130000,0.10%,1308336549,496249414549,825937.69,1336874667
2041-11-05,8.6822,8.6822,8.6822,8.6822,138642000,0.00%,1169694549,496249414549,1203717.57,0
2041-11-06,8.6822,8.6822,8.6822,8.6822,81312000,0.00%,1088382549,496249414549,705967.05,0
2041-11-07,8.6822,8.6822,8.6822,8.6822,69048000,0.00%,1019334549,496249414549,599488.55,0
2041-11-08,8.6822,8.6822,8.6822,8.6822,84084000,0.00%,935250549,496249414549,730034.1,0
2041-11-11,8.6822,8.6822,8.6822,8.6822,93828000,0.00%,841422549,496249414549,814633.46,0
2041-11-12,8.6822,8.6822,8.6822,8.6822,57162000,0.00%,784260549,496249414549,496291.92,0
2041-11-13,8.6822,8.6822,8.6822,8.6822,128604000,0.00%,655656549,496249414549,1116565.65,0
2041-11-14,8.6822,8.6822,8.6822,8.6822,151368000,0.00%,504288549,496249414549,1314207.25,0
2041-11-15,8.6822,8.6822,8.6822,8.6822,100086000,0.00%,404202549,496249414549,868966.67,0
2041-11-18,8.6822,8.6822,8.6822,8.6822,81438000,0.00%,322764549,496249414549,707061.0,0
2041-11-19,8.6822,8.6822,8.6822,8.6822,118692000,0.00%,204072549,496249414549,1030507.68,0
2041-11-20,8.6822,8.6822,8.6822,8.6822,90048000,0.00%,114024549,496249414549,781814.75,0
2041-11-21,8.6822,8.6822,8.6822,8.6822,81144000,0.00%,32880549,496249414549,704508.44,0
2041-11-22,8.6822,8.6909,8.6909,8.6822,63882000,0.10%,1309977295,497590393295,555192.07,1340978745
2041-11-25,8.6909,8.6909,8.6909,8.6909,61698000,0.00%,1248279295,497590393295,536211.15,0
2041-11-26,8.6909,8.6909,8.6909,8.6909,78666000,0.00%,1169613295,497590393295,683678.34,0
2041-11-27,8.6909,8.6909,8.6909,8.6909,109284000,0.00%,1060329295,497590393295,949776.32,0
2041-11-28,8.6909,8.6909,8.6909,8.6909,71148000,0.00%,989181295,497590393295,618340.15,0
2041-11-29,8.6909,8.6909,8.6909,8.6909,138138000,0.00%,851043295,497590393295,1200543.54,0
2041-12-02,8.6909,8.6909,8.6909,8.6909,81942000,0.00%,769101295,497590393295,712149.73,0
2041-12-03,8.6909,8.6909,8.6909,8.6909,149478000,0.00%,619623295,497590393295,1299098.35,0
2041-12-04,8.6909,8.6909,8.6909,8.6909,85428000,0.00%,534195295,497590393295,742446.21,0
2041-12-05,8.6909,8.6909,8.6909,8.6909,74424000,0.00%,459771295,497590393295,646811.54,0
2041-12-06,8.6909,8.6909,8.6909,8.6909,94500000,0.00%,365271295,497590393295,821290.05,0
2041-12-09,8.6909,8.6909,8.6909,8.6909,130032000,0.00%,235239295,497590393295,1130095.11,0
2041-12-10,8.6909,8.6909,8.6909,8.6909,97608000,0.00%,137631295,497590393295,848301.37,0
2041-12-11,8.6909,8.6909,8.6909,8.6909,63714000,0.00%,73917295,497590393295,553732.0,0
2041-12-12,8.6909,8.6909,8.6909,8.6909,56070000,0.00%,17847295,497590393295,487298.76,0
2041-12-13,8.6909,8.6996,8.6996,8.6909,63966000,0.10%,1302142280,498938654280,556478.61,1348260985
2041-12-16,8.6996,8.6996,8.6996,8.6996,93408000,0.00%,1208734280,498938654280,812612.24,0
2041-12-17,8.6996,8.6996,8.6996,8.6996,57330000,0.00%,1151404280,498938654280,498748.07,0
2041-12-18,8.6996,8.6996,8.6996,8.6996,56154000,0.00%,1095250280,498938654280,488517.34,0
2041-12-19,8.6996,8.6996,8.6996,8.6996,88326000,0.00%,1006924280,498938654280,768400.87,0
2041-12-20,8.6996,8.6996,8.6996,8.6996,118776000,0.00%,888148280,498938654280,1033303.69,0
2041-12-23,8.6996,8.6996,8.6996,8.6996,85722000,0.00%,802426280,498938654280,745747.11,0
2041-12-24,8.6996,8.6996,8.6996,8.6996,72366000,0.00%,730060280,498938654280,629555.25,0
2041-12-25,8.6996,8.6996,8.6996,8.6996,58128000,0.00%,671932280,498938654280,505690.35,0
2041-12-26,8.6996,8.6996,8.6996,8.6996,138390000,0.00%,533542280,498938654280,1203937.64,0
2041-12-27,8.6996,8.6996,8.6996,8.6996,39942000,0.00%,493600280,498938654280,347479.42,0
2041-12-31,8.6996,8.6996,8.6996,8.6996,79590000,0.00%,414010280,498938654280,692401.16,0
2042-01-01,8.6996,8.6996,8.6996,8.6996,41237000,0.00%,372773280,498938654280,358745.41,0
2042-01-02,8.6996,8.6996,8.6996,8.6996,32938000,0.00%,339835280,498938654280,286547.42,0
2042-01-03,8.6996,8.6996,8.6996,8.6996,42484000,0.00%,297351280,498938654280,369593.81,0
2042-01-06,8.6996,8.6996,8.6996,8.6996,25886000,0.00%,271465280,498938654280,225197.85,0
2042-01-07,8.6996,8.6996,8.6996,8.6996,58308000,0.00%,213157280,498938654280,507256.28,0
2042-01-08,8.6996,8.6996,8.6996,8.6996,137299000,0.00%,75858280,498938654280,1194446.38,0
2042-01-09,8.6996,8.7083,8.7083,8.6996,96277000,0.10%,1328425036,500287498036,838409.0,1348843756
2042-01-10,8.7083,8.7083,8.7083,8.7083,89483000,0.00%,1238942036,500287498036,779244.81,0
2042-01-13,8.7083,8.7083,8.7083,8.7083,84108000,0.00%,1154834036,500287498036,732437.7,0
2042-01-14,8.7083,8.7083,8.7083,8.7083,70563000,0.00%,1084271036,500287498036,614483.77,0
2042-01-15,8.7083,8.7083,8.7083,8.7083,121561000,0.00%,962710036,500287498036,1058589.66,0
2042-01-16,8.7083,8.7083,8.7083,8.7083,78733000,0.00%,883977036,500287498036,685630.58,0
2042-01-17,8.7083,8.7083,8.7083,8.7083,58996000,0.00%,824981036,500287498036,513754.87,0
2042-01-20,8.7083,8.7083,8.7083,8.7083,54524000,0.00%,770457036,500287498036,474811.35,0
2042-01-21,8.7083,8.7083,8.7083,8.7083,101222000,0.00%,669235036,500287498036,881471.54,0
2042-01-22,8.7083,8.7083,8.7083,8.7083,75207000,0.00%,594028036,500287498036,654925.12,0
2042-01-23,8.7083,8.7083,8.7083,8.7083,127022000,0.00%,467006036,500287498036,1106145.68,0
2042-01-24,8.7083,8.7083,8.7083,8.7083,115326000,0.00%,351680036,500287498036,1004293.41,0
2042-01-27,8.7083,8.7083,8.7083,8.7083,63124000,0.00%,288556036,500287498036,549702.73,0
2042-01-28,8.7083,8.7083,8.7083,8.7083,107500000,0.00%,181056036,500287498036,936142.25,0
2042-01-29,8.7083,8.7083,8.7083,8.7083,92966000,0.00%,88090036,500287498036,809575.82,0
2042-01-30,8.7083,8.717,8.717,8.7083,88193000,0.10%,1366069381,501653670381,768778.38,1366172344
2042-01-31,8.717,8.717,8.717,8.717,64629000,0.00%,1301440381,501653670381,563370.99,0
2042-02-03,8.717,8.717,8.717,8.717,49149000,0.00%,1252291381,501653670381,428431.83,0
2042-02-07,8.717,8.717,8.717,8.717,68499000,0.00%,1183792381,501653670381,597105.78,0
2042-02-10,8.717,8.717,8.717,8.717,66134000,0.00%,1117658381,501653670381,576490.08,0
2042-02-11,8.717,8.717,8.717,8.717,80625000,0.00%,1037033381,501653670381,702808.13,0
2042-02-12,8.717,8.717,8.717,8.717,100491000,0.00%,936542381,501653670381,875980.05,0
2042-02-13,8.717,8.717,8.717,8.717,80883000,0.00%,855659381,501653670381,705057.11,0
2042-02-14,8.717,8.717,8.717,8.717,66736000,0.00%,788923381,501653670381,581737.71,0
2042-02-17,8.717,8.717,8.717,8.717,55298000,0.00%,733625381,501653670381,482032.67,0
2042-02-18,8.717,8.717,8.717,8.717,59727000,0.00%,673898381,501653670381,520640.26,0
2042-02-19,8.717,8.717,8.717,8.717,52503000,0.00%,621395381,501653670381,457668.65,0
2042-02-20,8.717,8.717,8.717,8.717,55556000,0.00%,565839381,501653670381,484281.65,0
2042-02-21,8.717,8.717,8.717,8.717,103329000,0.00%,462510381,501653670381,900718.89,0
2042-02-24,8.717,8.717,8.717,8.717,197972000,0.00%,264538381,501653670381,1725721.92,0
2042-02-25,8.717,8.717,8.717,8.717,131408000,0.00%,133130381,501653670381,1145483.54,0
2042-02-26,8.717,8.717,8.717,8.717,87032000,0.00%,46098381,501653670381,758657.94,0
2042-02-27,8.717,8.7257,8.7257,8.717,146071000,0.10%,1281437974,503035080974,1274571.72,1381410592
2042-02-28,8.7257,8.7257,8.7257,8.7257,109779000,0.00%,1171658974,503035080974,957898.62,0
2042-03-03,8.7257,8.7257,8.7257,8.7257,115455000,0.00%,1056203974,503035080974,1007425.69,0
2042-03-04,8.7257,8.7257,8.7257,8.7257,83033000,0.00%,973170974,503035080974,724521.05,0
2042-03-05,8.7257,8.7257,8.7257,8.7257,60243000,0.00%,912927974,503035080974,525662.35,0
2042-03-06,8.7257,8.7257,8.7257,8.7257,85441000,0.00%,827486974,503035080974,745532.53,0
2042-03-07,8.7257,8.7257,8.7257,8.7257,178665000,0.00%,648821974,503035080974,1558977.19,0
2042-03-10,8.7257,8.7257,8.7257,8.7257,171484000,0.00%,477337974,503035080974,1496317.94,0
2042-03-11,8.7257,8.7257,8.7257,8.7257,138718000,0.00%,338619974,503035080974,1210411.65,0
2042-03-12,8.7257,8.7257,8.7257,8.7257,142803000,0.00%,195816974,503035080974,1246056.14,0
2042-03-13,8.7257,8.7257,8.7257,8.7257,103458000,0.00%,92358974,503035080974,902743.47,0
2042-03-14,8.7257,8.7344,8.7344,8.7257,208292000,0.10%,1294706331,504445720331,1819305.64,1410639357
2042-03-17,8.7344,8.7344,8.7344,8.7344,287713000,0.00%,1006993331,504445720331,2513000.43,0
2042-03-18,8.7344,8.7344,8.7344,8.7344,509120000,0.00%,497873331,504445720331,4446857.73,0
2042-03-19,8.7344,8.7344,8.7344,8.7344,463282000,0.00%,34591331,504445720331,4046490.3,0
2042-03-20,8.7344,8.7432,8.7432,8.7344,299667000,0.10%,1198855469,505909651469,2620048.51,1463931137
2042-03-21,8.7432,8.7432,8.7432,8.7432,162153000,0.00%,1036702469,505909651469,1417736.11,0
2042-03-24,8.7432,8.7432,8.7432,8.7432,132010000,0.00%,904692469,505909651469,1154189.83,0
2042-03-25,8.7432,8.7432,8.7432,8.7432,133343000,0.00%,771349469,505909651469,1165844.52,0
2042-03-26,8.7432,8.7432,8.7432,8.7432,181718000,0.00%,589631469,505909651469,1588796.82,0
2042-03-27,8.7432,8.7432,8.7432,8.7432,201799000,0.00%,387832469,505909651469,1764369.02,0
2042-03-28,8.7432,8.7432,8.7432,8.7432,164690000,0.00%,223142469,505909651469,1439917.61,0
2042-03-31,8.7432,8.7432,8.7432,8.7432,115799000,0.00%,107343469,505909651469,1012453.82,0
2042-04-01,8.7432,8.7432,8.7432,8.7432,89870000,0.00%,17473469,505909651469,785751.38,0
2042-04-02,8.7432,8.7519,8.7519,8.7432,115885000,0.10%,1389000808,507397063808,1014213.93,1487412339
2042-04-03,8.7519,8.7519,8.7519,8.7519,62737000,0.00%,1326263808,507397063808,549067.95,0
2042-04-04,8.7519,8.7519,8.7519,8.7519,62350000,0.00%,1263913808,507397063808,545680.96,0
2042-04-07,8.7519,8.7519,8.7519,8.7519,67381000,0.00%,1196532808,507397063808,589711.77,0
2042-04-09,8.7519,8.7519,8.7519,8.7519,73659000,0.00%,1122873808,507397063808,644656.2,0
2042-04-10,8.7519,8.7519,8.7519,8.7519,68241000,0.00%,1054632808,507397063808,597238.41,0
2042-04-11,8.7519,8.7519,8.7519,8.7519,84280000,0.00%,970352808,507397063808,737610.13,0
2042-04-14,8.7519,8.7519,8.7519,8.7519,97997000,0.00%,872355808,507397063808,857659.94,0
2042-04-15,8.7519,8.7519,8.7519,8.7519,113563000,0.00%,758792808,507397063808,993892.02,0
2042-04-16,8.7519,8.7519,8.7519,8.7519,93052000,0.00%,665740808,507397063808,814381.8,0
2042-04-17,8.7519,8.7519,8.7519,8.7519,65188000,0.00%,600552808,507397063808,570518.86,0
2042-04-22,8.7519,8.7519,8.7519,8.7519,76282000,0.00%,524270808,507397063808,667612.44,0
2042-04-23,8.7519,8.7519,8.7519,8.7519,46655000,0.00%,477615808,507397063808,408319.89,0
2042-04-24,8.7519,8.7519,8.7519,8.7519,110682000,0.00%,366933808,507397063808,968677.8,0
2042-04-25,8.7519,8.7519,8.7519,8.7519,120529000,0.00%,246404808,507397063808,1054857.76,0
2042-04-28,8.7519,8.7519,8.7519,8.7519,110897000,0.00%,135507808,507397063808,970559.45,0
2042-04-29,8.7519,8.7519,8.7519,8.7519,117347000,0.00%,18160808,507397063808,1027009.21,0
2042-04-30,8.7519,8.7607,8.7607,8.7519,100663000,0.10%,1389029456,508868595456,881878.34,1471531647
2042-05-01,8.7607,8.7607,8.7607,8.7607,91289000,0.00%,1297740456,508868595456,799755.54,0
2042-05-02,8.7607,8.7607,8.7607,8.7607,204121000,0.00%,1093619456,508868595456,1788242.84,0
2042-05-06,8.7607,8.7607,8.7607,8.7607,109951000,0.00%,983668456,508868595456,963247.73,0
2042-05-07,8.7607,8.7607,8.7607,8.7607,60630000,0.00%,923038456,508868595456,531161.24,0
2042-05-08,8.7607,8.7607,8.7607,8.7607,91977000,0.00%,831061456,508868595456,805782.9,0
2042-05-09,8.7607,8.7607,8.7607,8.7607,98556000,0.00%,732505456,508868595456,863419.55,0
2042-05-13,8.7607,8.7607,8.7607,8.7607,122120000,0.00%,610385456,508868595456,1069856.68,0
2042-05-14,8.7607,8.7607,8.7607,8.7607,104705000,0.00%,505680456,508868595456,917289.09,0
2042-05-15,8.7607,8.7607,8.7607,8.7607,86086000,0.00%,419594456,508868595456,754173.62,0
2042-05-16,8.7607,8.7607,8.7607,8.7607,83807000,0.00%,335787456,508868595456,734207.98,0
2042-05-19,8.7607,8.7607,8.7607,8.7607,66908000,0.00%,268879456,508868595456,586160.92,0
2042-05-20,8.7607,8.7607,8.7607,8.7607,129516000,0.00%,139363456,508868595456,1134650.82,0
2042-05-21,8.7607,8.7607,8.7607,8.7607,121862000,0.00%,17501456,508868595456,1067596.42,0
2042-05-22,8.7607,8.7694,8.7694,8.7607,258645000,0.10%,1217071904,510326810904,2268161.46,1458215448
2042-05-23,8.7694,8.7694,8.7694,8.7694,121819000,0.00%,1095252904,510326810904,1068279.54,0
2042-05-26,8.7694,8.7694,8.7694,8.7694,73229000,0.00%,1022023904,510326810904,642174.39,0
2042-05-27,8.7694,8.7694,8.7694,8.7694,84710000,0.00%,937313904,510326810904,742855.87,0
2042-05-28,8.7694,8.7694,8.7694,8.7694,92665000,0.00%,844648904,510326810904,812616.45,0
2042-05-29,8.7694,8.7694,8.7694,8.7694,79550000,0.00%,765098904,510326810904,697605.77,0
2042-05-30,8.7694,8.7694,8.7694,8.7694,89268000,0.00%,675830904,510326810904,782826.8,0
2042-06-02,8.7694,8.7694,8.7694,8.7694,95890000,0.00%,579940904,510326810904,840897.77,0
2042-06-03,8.7694,8.7694,8.7694,8.7694,278468000,0.00%,301472904,510326810904,2441997.28,0
2042-06-04,8.7694,8.7694,8.7694,8.7694,115756000,0.00%,185716904,510326810904,1015110.67,0
2042-06-05,8.7694,8.7694,8.7694,8.7694,60974000,0.00%,124742904,510326810904,534705.4,0
2042-06-09,8.7694,8.7694,8.7694,8.7694,102770000,0.00%,21972904,510326810904,901231.24,0
2042-06-10,8.7694,8.7782,8.7782,8.7694,116487000,0.10%,1351514969,511772839969,1022546.18,1446029065
2042-06-11,8.7782,8.7782,8.7782,8.7782,204164000,0.00%,1147350969,511772839969,1792192.42,0
2042-06-12,8.7782,8.7782,8.7782,8.7782,168345000,0.00%,979005969,511772839969,1477766.08,0
2042-06-13,8.7782,8.7782,8.7782,8.7782,127968000,0.00%,851037969,511772839969,1123328.7,0
2042-06-16,8.7782,8.7782,8.7782,8.7782,107242000,0.00%,743795969,511772839969,941391.72,0
2042-06-17,8.7782,8.7782,8.7782,8.7782,70133000,0.00%,673662969,511772839969,615641.5,0
2042-06-18,8.7782,8.7782,8.7782,8.7782,91332000,0.00%,582330969,511772839969,801730.56,0
2042-06-19,8.7782,8.7782,8.7782,8.7782,95202000,0.00%,487128969,511772839969,835702.2,0
2042-06-20,8.7782,8.7782,8.7782,8.7782,83764000,0.00%,403364969,511772839969,735297.14,0
2042-06-23,8.7782,8.7782,8.7782,8.7782,50052000,0.00%,353312969,511772839969,439366.47,0
2042-06-24,8.7782,8.7782,8.7782,8.7782,64543000,0.00%,288769969,511772839969,566571.36,0
2042-06-25,8.7782,8.7782,8.7782,8.7782,58953000,0.00%,229816969,511772839969,517501.22,0
2042-06-26,8.7782,8.7782,8.7782,8.7782,54266000,0.00%,175550969,511772839969,476357.8,0
2042-06-27,8.7782,8.7782,8.7782,8.7782,78260000,0.00%,97290969,511772839969,686981.93,0
2042-06-30,8.7782,8.787,8.787,8.7782,246820000,0.10%,1288317263,513210686263,2168807.34,1437846293
2042-07-01,8.787,8.787,8.787,8.787,251937000,0.00%,1036380263,513210686263,2213770.42,0
2042-07-02,8.787,8.787,8.787,8.787,150414000,0.00%,885966263,513210686263,1321687.82,0
2042-07-03,8.787,8.787,8.787,8.787,143577000,0.00%,742389263,513210686263,1261611.1,0
2042-07-07,8.787,8.787,8.787,8.787,165378000,0.00%,577011263,513210686263,1453176.49,0
2042-07-08,8.787,8.787,8.787,8.787,83807000,0.00%,493204263,513210686263,736412.11,0
2042-07-09,8.787,8.787,8.787,8.787,106726000,0.00%,386478263,513210686263,937801.36,0
2042-07-10,8.787,8.787,8.787,8.787,81657000,0.00%,304821263,513210686263,717520.06,0
2042-07-11,8.787,8.787,8.787,8.787,80625000,0.00%,224196263,513210686263,708451.88,0
2042-07-14,8.787,8.787,8.787,8.787,88580000,0.00%,135616263,513210686263,778352.46,0
2042-07-15,8.787,8.787,8.787,8.787,74433000,0.00%,61183263,513210686263,654042.77,0
2042-07-16,8.787,8.7958,8.7958,8.787,73659000,0.10%,1439570131,514662732131,647889.83,1452045867
2042-07-17,8.7958,8.7958,8.7958,8.7958,72111000,0.00%,1367459131,514662732131,634273.93,0
2042-07-18,8.7958,8.7958,8.7958,8.7958,113219000,0.00%,1254240131,514662732131,995851.68,0
2042-07-21,8.7958,8.7958,8.7958,8.7958,87591000,0.00%,1166649131,514662732131,770432.92,0
2042-07-22,8.7958,8.7958,8.7958,8.7958,54438000,0.00%,1112211131,514662732131,478825.76,0
2042-07-23,8.7958,8.7958,8.7958,8.7958,68714000,0.00%,1043497131,514662732131,604394.6,0
2042-07-24,8.7958,8.7958,8.7958,8.7958,82173000,0.00%,961324131,514662732131,722777.27,0
2042-07-25,8.7958,8.7958,8.7958,8.7958,64844000,0.00%,896480131,514662732131,570354.86,0
2042-07-28,8.7958,8.7958,8.7958,8.7958,72455000,0.00%,824025131,514662732131,637299.69,0
2042-07-29,8.7958,8.7958,8.7958,8.7958,59598000,0.00%,764427131,514662732131,524212.09,0
2042-07-30,8.7958,8.7958,8.7958,8.7958,85226000,0.00%,679201131,514662732131,749630.85,0
2042-07-31,8.7958,8.7958,8.7958,8.7958,66005000,0.00%,613196131,514662732131,580566.78,0
2042-08-01,8.7958,8.7958,8.7958,8.7958,159917000,0.00%,453279131,514662732131,1406597.95,0
2042-08-04,8.7958,8.7958,8.7958,8.7958,171957000,0.00%,281322131,514662732131,1512499.38,0
2042-08-05,8.7958,8.7958,8.7958,8.7958,183567000,0.00%,97755131,514662732131,1614618.62,0
2042-08-06,8.7958,8.8046,8.8046,8.7958,117820000,0.10%,1413978360,516096775360,1037357.97,1434043229
2042-08-07,8.8046,8.8046,8.8046,8.8046,85097000,0.00%,1328881360,516096775360,749245.05,0
2042-08-08,8.8046,8.8046,8.8046,8.8046,70692000,0.00%,1258189360,516096775360,622414.78,0
2042-08-11,8.8046,8.8046,8.8046,8.8046,64715000,0.00%,1193474360,516096775360,569789.69,0
2042-08-12,8.8046,8.8046,8.8046,8.8046,61017000,0.00%,1132457360,516096775360,537230.28,0
2042-08-13,8.8046,8.8046,8.8046,8.8046,66048000,0.00%,1066409360,516096775360,581526.22,0
2042-08-14,8.8046,8.8046,8.8046,8.8046,63898000,0.00%,1002511360,516096775360,562596.33,0
2042-08-15,8.8046,8.8046,8.8046,8.8046,47214000,0.00%,955297360,516096775360,415700.38,0
2042-08-18,8.8046,8.8046,8.8046,8.8046,49966000,0.00%,905331360,516096775360,439930.64,0
2042-08-19,8.8046,8.8046,8.8046,8.8046,101179000,0.00%,804152360,516096775360,890840.62,0
2042-08-20,8.8046,8.8046,8.8046,8.8046,75766000,0.00%,728386360,516096775360,667089.32,0
2042-08-21,8.8046,8.8046,8.8046,8.8046,138503000,0.00%,589883360,516096775360,1219463.51,0
2042-08-22,8.8046,8.8046,8.8046,8.8046,100061000,0.00%,489822360,516096775360,880997.08,0
2042-08-25,8.8046,8.8046,8.8046,8.8046,63554000,0.00%,426268360,516096775360,559567.55,0
2042-08-26,8.8046,8.8046,8.8046,8.8046,58179000,0.00%,368089360,516096775360,512242.82,0
2042-08-27,8.8046,8.8046,8.8046,8.8046,56115000,0.00%,311974360,516096775360,494070.13,0
2042-08-28,8.8046,8.8046,8.8046,8.8046,83592000,0.00%,228382360,516096775360,735994.12,0
2042-08-29,8.8046,8.8046,8.8046,8.8046,79894000,0.00%,148488360,516096775360,703434.71,0
2042-09-01,8.8046,8.8046,8.8046,8.8046,53277000,0.00%,95211360,516096775360,469082.67,0
2042-09-02,8.8046,8.8046,8.8046,8.8046,60372000,0.00%,34839360,516096775360,531551.31,0
2042-09-03,8.8046,8.8134,8.8134,8.8046,112703000,0.10%,1294781520,517469420520,993296.62,1372645159
2042-09-04,8.8134,8.8134,8.8134,8.8134,102899000,0.00%,1191882520,517469420520,906890.05,0
2042-09-05,8.8134,8.8134,8.8134,8.8134,109607000,0.00%,1082275520,517469420520,966010.33,0
2042-09-08,8.8134,8.8134,8.8134,8.8134,87591000,0.00%,994684520,517469420520,771974.52,0
2042-09-09,8.8134,8.8134,8.8134,8.8134,69789000,0.00%,924895520,517469420520,615078.37,0
2042-09-10,8.8134,8.8134,8.8134,8.8134,65274000,0.00%,859621520,517469420520,575285.87,0
2042-09-11,8.8134,8.8134,8.8134,8.8134,101351000,0.00%,758270520,517469420520,893246.9,0
2042-09-12,8.8134,8.8134,8.8134,8.8134,73788000,0.00%,684482520,517469420520,650323.16,0
2042-09-16,8.8134,8.8134,8.8134,8.8134,73831000,0.00%,610651520,517469420520,650702.14,0
2042-09-17,8.8134,8.8134,8.8134,8.8134,77357000,0.00%,533294520,517469420520,681778.18,0
2042-09-18,8.8134,8.8134,8.8134,8.8134,57276000,0.00%,476018520,517469420520,504796.3,0
2042-09-19,8.8134,8.8134,8.8134,8.8134,107242000,0.00%,368776520,517469420520,945166.64,0
2042-09-22,8.8134,8.8134,8.8134,8.8134,98556000,0.00%,270220520,517469420520,868613.45,0
2042-09-23,8.8134,8.8134,8.8134,8.8134,65102000,0.00%,205118520,517469420520,573769.97,0
2042-09-24,8.8134,8.8134,8.8134,8.8134,69187000,0.00%,135931520,517469420520,609772.71,0
2042-09-25,8.8134,8.8134,8.8134,8.8134,75422000,0.00%,60509520,517469420520,664724.25,0
2042-09-26,8.8134,8.8222,8.8222,8.8134,84581000,0.10%,1303532980,518797024980,746190.5,1327604459
2042-09-29,8.8222,8.8222,8.8222,8.8222,105995000,0.00%,1197537980,518797024980,935109.09,0
2042-09-30,8.8222,8.8222,8.8222,8.8222,97739000,0.00%,1099798980,518797024980,862273.01,0
2042-10-01,8.8222,8.8222,8.8222,8.8222,95288000,0.00%,1004510980,518797024980,840649.79,0
2042-10-02,8.8222,8.8222,8.8222,8.8222,86688000,0.00%,917822980,518797024980,764778.87,0
2042-10-03,8.8222,8.8222,8.8222,8.8222,96578000,0.00%,821244980,518797024980,852030.43,0
2042-10-06,8.8222,8.8222,8.8222,8.8222,60157000,0.00%,761087980,518797024980,530717.09,0
2042-10-08,8.8222,8.8222,8.8222,8.8222,78002000,0.00%,683085980,518797024980,688149.24,0
2042-10-09,8.8222,8.8222,8.8222,8.8222,44591000,0.00%,638494980,518797024980,393390.72,0
2042-10-10,8.8222,8.8222,8.8222,8.8222,42914000,0.00%,595580980,518797024980,378595.89,0
2042-10-13,8.8222,8.8222,8.8222,8.8222,67424000,0.00%,528156980,518797024980,594828.01,0
2042-10-14,8.8222,8.8222,8.8222,8.8222,91676000,0.00%,436480980,518797024980,808784.01,0
2042-10-15,8.8222,8.8222,8.8222,8.8222,137729000,0.00%,298751980,518797024980,1215072.78,0
2042-10-16,8.8222,8.8222,8.8222,8.8222,95288000,0.00%,203463980,518797024980,840649.79,0
2042-10-17,8.8222,8.8222,8.8222,8.8222,135278000,0.00%,68185980,518797024980,1193449.57,0
2042-10-20,8.8222,8.831,8.831,8.8222,113176000,0.10%,1232058847,520074073847,999457.26,1277048867
2042-10-21,8.831,8.831,8.831,8.831,95159000,0.00%,1136899847,520074073847,840349.13,0
2042-10-22,8.831,8.831,8.831,8.831,90128000,0.00%,1046771847,520074073847,795920.37,0
2042-10-23,8.831,8.831,8.831,8.831,212463000,0.00%,834308847,520074073847,1876260.75,0
2042-10-24,8.831,8.831,8.831,8.831,114165000,0.00%,720143847,520074073847,1008191.12,0
2042-10-27,8.831,8.831,8.831,8.831,365801000,0.00%,354342847,520074073847,3230388.63,0
2042-10-28,8.831,8.831,8.831,8.831,313986000,0.00%,40356847,520074073847,2772810.37,0
2042-10-29,8.831,8.8398,8.8398,8.831,216505000,0.10%,1095465237,521345687237,1913860.9,1271613389
2042-10-30,8.8398,8.8398,8.8398,8.8398,183696000,0.00%,911769237,521345687237,1623835.9,0
2042-10-31,8.8398,8.8398,8.8398,8.8398,175569000,0.00%,736200237,521345687237,1551994.85,0
2042-11-03,8.8398,8.8398,8.8398,8.8398,212893000,0.00%,523307237,521345687237,1881931.54,0
2042-11-04,8.8398,8.8398,8.8398,8.8398,334712000,0.00%,188595237,521345687237,2958787.14,0
2042-11-05,8.8398,8.8398,8.8398,8.8398,151145000,0.00%,37450237,521345687237,1336091.57,0
2042-11-06,8.8398,8.8487,8.8487,8.8398,131709000,0.10%,1197202933,522637148933,1165453.43,1291461695
2042-11-07,8.8487,8.8487,8.8487,8.8487,288788000,0.00%,908414933,522637148933,2555398.38,0
2042-11-10,8.8487,8.8487,8.8487,8.8487,189114000,0.00%,719300933,522637148933,1673413.05,0
2042-11-11,8.8487,8.8487,8.8487,8.8487,101222000,0.00%,618078933,522637148933,895683.11,0
2042-11-12,8.8487,8.8487,8.8487,8.8487,136138000,0.00%,481940933,522637148933,1204644.32,0
2042-11-13,8.8487,8.8487,8.8487,8.8487,100018000,0.00%,381922933,522637148933,885029.28,0
2042-11-14,8.8487,8.8487,8.8487,8.8487,227943000,0.00%,153979933,522637148933,2016999.22,0
2042-11-17,8.8487,8.8575,8.8575,8.8487,208120000,0.10%,1241370356,523932659356,1843422.9,1295510422
2042-11-18,8.8575,8.8575,8.8575,8.8575,271330000,0.00%,970040356,523932659356,2403305.48,0
2042-11-19,8.8575,8.8575,8.8575,8.8575,265697000,0.00%,704343356,523932659356,2353411.18,0
2042-11-20,8.8575,8.8575,8.8575,8.8575,300226000,0.00%,404117356,523932659356,2659251.8,0
2042-11-21,8.8575,8.8575,8.8575,8.8575,192468000,0.00%,211649356,523932659356,1704785.31,0
2042-11-24,8.8575,8.8575,8.8575,8.8575,134633000,0.00%,77016356,523932659356,1192511.8,0
2042-11-25,8.8575,8.8664,8.8664,8.8575,122378000,0.10%,1270166792,525248187792,1085052.3,1315528436
2042-11-26,8.8664,8.8664,8.8664,8.8664,100534000,0.00%,1169632792,525248187792,891374.66,0
2042-11-27,8.8664,8.8664,8.8664,8.8664,73831000,0.00%,1095801792,525248187792,654615.18,0
2042-11-28,8.8664,8.8664,8.8664,8.8664,134676000,0.00%,961125792,525248187792,1194091.29,0
2042-12-01,8.8664,8.8664,8.8664,8.8664,144050000,0.00%,817075792,525248187792,1277204.92,0
2042-12-02,8.8664,8.8664,8.8664,8.8664,142502000,0.00%,674573792,525248187792,1263479.73,0
2042-12-03,8.8664,8.8664,8.8664,8.8664,200509000,0.00%,474064792,525248187792,1777793.0,0
2042-12-04,8.8664,8.8664,8.8664,8.8664,195865000,0.00%,278199792,525248187792,1736617.44,0
2042-12-05,8.8664,8.8664,8.8664,8.8664,107887000,0.00%,170312792,525248187792,956569.3,0
2042-12-08,8.8664,8.8752,8.8752,8.8664,257269000,0.10%,1236625293,526571769293,2283313.83,1323581500
2042-12-09,8.8752,8.8752,8.8752,8.8752,124958000,0.00%,1111667293,526571769293,1109027.24,0
2042-12-10,8.8752,8.8752,8.8752,8.8752,176773000,0.00%,934894293,526571769293,1568895.73,0
2042-12-11,8.8752,8.8752,8.8752,8.8752,146587000,0.00%,788307293,526571769293,1300988.94,0
2042-12-12,8.8752,8.8752,8.8752,8.8752,173720000,0.00%,614587293,526571769293,1541799.74,0
2042-12-15,8.8752,8.8752,8.8752,8.8752,88193000,0.00%,526394293,526571769293,782730.51,0
2042-12-16,8.8752,8.8752,8.8752,8.8752,87333000,0.00%,439061293,526571769293,775097.84,0
2042-12-17,8.8752,8.8752,8.8752,8.8752,104232000,0.00%,334829293,526571769293,925079.85,0
2042-12-18,8.8752,8.8752,8.8752,8.8752,81528000,0.00%,253301293,526571769293,723577.31,0
2042-12-19,8.8752,8.8752,8.8752,8.8752,108059000,0.00%,145242293,526571769293,959045.24,0
2042-12-22,8.8752,8.8752,8.8752,8.8752,107070000,0.00%,38172293,526571769293,950267.66,0
2042-12-23,8.8752,8.8841,8.8841,8.8752,124958000,0.10%,1258745843,527917300843,1110139.37,1345531549
2042-12-24,8.8841,8.8841,8.8841,8.8841,65876000,0.00%,1192869843,527917300843,585248.97,0
2042-12-25,8.8841,8.8841,8.8841,8.8841,104275000,0.00%,1088594843,527917300843,926389.53,0
2042-12-26,8.8841,8.8841,8.8841,8.8841,66650000,0.00%,1021944843,527917300843,592125.27,0
2042-12-31,8.8841,8.8841,8.8841,8.8841,104017000,0.00%,917927843,527917300843,924097.43,0
2043-01-01,8.8841,8.8841,8.8841,8.8841,132396000,0.00%,785531843,527917300843,1176219.3,0
2043-01-02,8.8841,8.8841,8.8841,8.8841,119724000,0.00%,665807843,527917300843,1063639.99,0
2043-01-06,8.8841,8.8841,8.8841,8.8841,131824000,0.00%,533983843,527917300843,1171137.6,0
2043-01-07,8.8841,8.8841,8.8841,8.8841,164692000,0.00%,369291843,527917300843,1463140.2,0
2043-01-08,8.8841,8.8841,8.8841,8.8841,179520000,0.00%,189771843,527917300843,1594873.63,0
2043-01-09,8.8841,8.8841,8.8841,8.8841,119196000,0.00%,70575843,527917300843,1058949.18,0
2043-01-12,8.8841,8.893,8.893,8.8841,124608000,0.10%,1307287904,529278620904,1108138.94,1361320061
2043-01-13,8.893,8.893,8.893,8.893,87340000,0.00%,1219947904,529278620904,776714.62,0
2043-01-14,8.893,8.893,8.893,8.893,157168000,0.00%,1062779904,529278620904,1397695.02,0
2043-01-15,8.893,8.893,8.893,8.893,178420000,0.00%,884359904,529278620904,1586689.06,0
2043-01-16,8.893,8.893,8.893,8.893,92268000,0.00%,792091904,529278620904,820539.32,0
2043-01-19,8.893,8.893,8.893,8.893,87956000,0.00%,704135904,529278620904,782192.71,0
2043-01-20,8.893,8.893,8.893,8.893,70840000,0.00%,633295904,529278620904,629980.12,0
2043-01-21,8.893,8.893,8.893,8.893,119328000,0.00%,513967904,529278620904,1061183.9,0
2043-01-22,8.893,8.893,8.893,8.893,76340000,0.00%,437627904,529278620904,678891.62,0
2043-01-23,8.893,8.893,8.893,8.893,74184000,0.00%,363443904,529278620904,659718.31,0
2043-01-29,8.893,8.893,8.893,8.893,104412000,0.00%,259031904,529278620904,928535.92,0
2043-01-30,8.893,8.893,8.893,8.893,81972000,0.00%,177059904,529278620904,728977.0,0
2043-02-02,8.893,8.9019,8.9019,8.893,235972000,0.10%,1320460472,530657993472,2100599.15,1379372567
2043-02-03,8.9019,8.9019,8.9019,8.9019,245344000,0.00%,1075116472,530657993472,2184027.75,0
2043-02-04,8.9019,8.9019,8.9019,8.9019,138248000,0.00%,936868472,530657993472,1230669.87,0
2043-02-05,8.9019,8.9019,8.9019,8.9019,104544000,0.00%,832324472,530657993472,930640.23,0
2043-02-06,8.9019,8.9019,8.9019,8.9019,114136000,0.00%,718188472,530657993472,1016027.26,0
2043-02-09,8.9019,8.9019,8.9019,8.9019,112596000,0.00%,605592472,530657993472,1002318.33,0
2043-02-10,8.9019,8.9019,8.9019,8.9019,87120000,0.00%,518472472,530657993472,775533.53,0
2043-02-11,8.9019,8.9019,8.9019,8.9019,75988000,0.00%,442484472,530657993472,676437.58,0
2043-02-12,8.9019,8.9019,8.9019,8.9019,117304000,0.00%,325180472,530657993472,1044228.48,0
2043-02-13,8.9019,8.9019,8.9019,8.9019,108284000,0.00%,216896472,530657993472,963933.34,0
2043-02-16,8.9019,8.9019,8.9019,8.9019,89584000,0.00%,127312472,530657993472,797467.81,0
2043-02-17,8.9019,8.9019,8.9019,8.9019,78892000,0.00%,48420472,530657993472,702288.69,0
2043-02-18,8.9019,8.9108,8.9108,8.9019,72600000,0.10%,1364212894,532046385894,646924.08,1388392421
2043-02-19,8.9108,8.9108,8.9108,8.9108,96404000,0.00%,1267808894,532046385894,859036.76,0
2043-02-20,8.9108,8.9108,8.9108,8.9108,77968000,0.00%,1189840894,532046385894,694757.25,0
2043-02-23,8.9108,8.9108,8.9108,8.9108,54164000,0.00%,1135676894,532046385894,482644.57,0
2043-02-24,8.9108,8.9108,8.9108,8.9108,128964000,0.00%,1006712894,532046385894,1149172.41,0
2043-02-25,8.9108,8.9108,8.9108,8.9108,145860000,0.00%,860852894,532046385894,1299729.29,0
2043-02-26,8.9108,8.9108,8.9108,8.9108,85492000,0.00%,775360894,532046385894,761802.11,0
2043-02-27,8.9108,8.9108,8.9108,8.9108,107448000,0.00%,667912894,532046385894,957447.64,0
2043-03-02,8.9108,8.9108,8.9108,8.9108,90112000,0.00%,577800894,532046385894,802970.01,0
2043-03-03,8.9108,8.9108,8.9108,8.9108,114444000,0.00%,463356894,532046385894,1019787.6,0
2043-03-04,8.9108,8.9108,8.9108,8.9108,156684000,0.00%,306672894,532046385894,1396179.79,0
2043-03-05,8.9108,8.9108,8.9108,8.9108,65120000,0.00%,241552894,532046385894,580271.3,0
2043-03-06,8.9108,8.9108,8.9108,8.9108,78232000,0.00%,163320894,532046385894,697109.71,0
2043-03-09,8.9108,8.9108,8.9108,8.9108,55572000,0.00%,107748894,532046385894,495190.98,0
2043-03-10,8.9108,8.9108,8.9108,8.9108,74976000,0.00%,32772894,532046385894,668096.14,0
2043-03-11,8.9108,8.9197,8.9197,8.9108,93324000,0.10%,1332139916,533439076916,832422.08,1392691022
2043-03-12,8.9197,8.9197,8.9197,8.9197,75988000,0.00%,1256151916,533439076916,677790.16,0
2043-03-13,8.9197,8.9197,8.9197,8.9197,165440000,0.00%,1090711916,533439076916,1475675.17,0
2043-03-16,8.9197,8.9197,8.9197,8.9197,119372000,0.00%,971339916,533439076916,1064762.43,0
2043-03-17,8.9197,8.9197,8.9197,8.9197,93808000,0.00%,877531916,533439076916,836739.22,0
2043-03-18,8.9197,8.9197,8.9197,8.9197,72908000,0.00%,804623916,533439076916,650317.49,0
2043-03-19,8.9197,8.9197,8.9197,8.9197,104412000,0.00%,700211916,533439076916,931323.72,0
2043-03-20,8.9197,8.9197,8.9197,8.9197,127732000,0.00%,572479916,533439076916,1139331.12,0
2043-03-23,8.9197,8.9197,8.9197,8.9197,89936000,0.00%,482543916,533439076916,802202.14,0
2043-03-24,8.9197,8.9197,8.9197,8.9197,93632000,0.00%,388911916,533439076916,835169.35,0
2043-03-25,8.9197,8.9197,8.9197,8.9197,86460000,0.00%,302451916,533439076916,771197.26,0
2043-03-26,8.9197,8.9197,8.9197,8.9197,206140000,0.00%,96311916,533439076916,1838706.96,0
2043-03-27,8.9197,8.9286,8.9286,8.9197,146168000,0.10%,1367218955,534856151955,1305075.6,1417075038
2043-03-30,8.9286,8.9286,8.9286,8.9286,113520000,0.00%,1253698955,534856151955,1013574.67,0
2043-03-31,8.9286,8.9286,8.9286,8.9286,137896000,0.00%,1115802955,534856151955,1231218.23,0
2043-04-01,8.9286,8.9286,8.9286,8.9286,158840000,0.00%,956962955,534856151955,1418218.82,0
2043-04-02,8.9286,8.9286,8.9286,8.9286,111056000,0.00%,845906955,534856151955,991574.6,0
2043-04-03,8.9286,8.9286,8.9286,8.9286,114224000,0.00%,731682955,534856151955,1019860.41,0
2043-04-06,8.9286,8.9286,8.9286,8.9286,82588000,0.00%,649094955,534856151955,737395.22,0
2043-04-07,8.9286,8.9286,8.9286,8.9286,62700000,0.00%,586394955,534856151955,559823.22,0
2043-04-09,8.9286,8.9286,8.9286,8.9286,65780000,0.00%,520614955,534856151955,587323.31,0
2043-04-14,8.9286,8.9286,8.9286,8.9286,96492000,0.00%,424122955,534856151955,861538.47,0
2043-04-15,8.9286,8.9286,8.9286,8.9286,178068000,0.00%,246054955,534856151955,1589897.94,0
2043-04-16,8.9286,8.9286,8.9286,8.9286,109824000,0.00%,136230955,534856151955,980574.57,0
2043-04-17,8.9286,8.9286,8.9286,8.9286,56056000,0.00%,80174955,534856151955,500501.6,0
2043-04-20,8.9286,8.9286,8.9286,8.9286,69124000,0.00%,11050955,534856151955,617180.55,0
2043-04-21,8.9286,8.9376,8.9376,8.9286,60236000,0.10%,1373872400,536279209400,538365.27,1423057444
2043-04-22,8.9376,8.9376,8.9376,8.9376,71632000,0.00%,1302240400,536279209400,640218.16,0
2043-04-23,8.9376,8.9376,8.9376,8.9376,46332000,0.00%,1255908400,536279209400,414096.88,0
2043-04-24,8.9376,8.9376,8.9376,8.9376,72688000,0.00%,1183220400,536279209400,649656.27,0
2043-04-27,8.9376,8.9376,8.9376,8.9376,90068000,0.00%,1093152400,536279209400,804991.76,0
2043-04-28,8.9376,8.9376,8.9376,8.9376,92180000,0.00%,1000972400,536279209400,823867.97,0
2043-04-29,8.9376,8.9376,8.9376,8.9376,110088000,0.00%,890884400,536279209400,983922.51,0
2043-04-30,8.9376,8.9376,8.9376,8.9376,64944000,0.00%,825940400,536279209400,580443.49,0
2043-05-01,8.9376,8.9376,8.9376,8.9376,67716000,0.00%,758224400,536279209400,605218.52,0
2043-05-05,8.9376,8.9376,8.9376,8.9376,38060000,0.00%,720164400,536279209400,340165.06,0
2043-05-06,8.9376,8.9376,8.9376,8.9376,46420000,0.00%,673744400,536279209400,414883.39,0
2043-05-07,8.9376,8.9376,8.9376,8.9376,77352000,0.00%,596392400,536279209400,691341.24,0
2043-05-08,8.9376,8.9376,8.9376,8.9376,65164000,0.00%,531228400,536279209400,582409.77,0
2043-05-11,8.9376,8.9376,8.9376,8.9376,47168000,0.00%,484060400,536279209400,421568.72,0
2043-05-12,8.9376,8.9376,8.9376,8.9376,103576000,0.00%,380484400,536279209400,925720.86,0
2043-05-13,8.9376,8.9376,8.9376,8.9376,68508000,0.00%,311976400,536279209400,612297.1,0
2043-05-14,8.9376,8.9376,8.9376,8.9376,77308000,0.00%,234668400,536279209400,690947.98,0
2043-05-15,8.9376,8.9376,8.9376,8.9376,79156000,0.00%,155512400,536279209400,707464.67,0
2043-05-18,8.9376,8.9376,8.9376,8.9376,104456000,0.00%,51056400,536279209400,933585.95,0
2043-05-19,8.9376,8.9465,8.9465,8.9376,62128000,0.10%,1403019936,537693300936,555828.15,1414091536
2043-05-20,8.9465,8.9465,8.9465,8.9465,86064000,0.00%,1316955936,537693300936,769971.58,0
2043-05-21,8.9465,8.9465,8.9465,8.9465,151404000,0.00%,1165551936,537693300936,1354535.89,0
2043-05-22,8.9465,8.9465,8.9465,8.9465,99836000,0.00%,1065715936,537693300936,893182.77,0
2043-05-25,8.9465,8.9465,8.9465,8.9465,88176000,0.00%,977539936,537693300936,788866.58,0
2043-05-26,8.9465,8.9465,8.9465,8.9465,66088000,0.00%,911451936,537693300936,591256.29,0
2043-05-27,8.9465,8.9465,8.9465,8.9465,59620000,0.00%,851831936,537693300936,533390.33,0
2043-05-28,8.9465,8.9465,8.9465,8.9465,114532000,0.00%,737299936,537693300936,1024660.54,0
2043-06-01,8.9465,8.9465,8.9465,8.9465,126896000,0.00%,610403936,537693300936,1135275.06,0
2043-06-02,8.9465,8.9465,8.9465,8.9465,95656000,0.00%,514747936,537693300936,855786.4,0
2043-06-03,8.9465,8.9465,8.9465,8.9465,141372000,0.00%,373375936,537693300936,1264784.6,0
2043-06-04,8.9465,8.9465,8.9465,8.9465,100980000,0.00%,272395936,537693300936,903417.57,0
2043-06-05,8.9465,8.9465,8.9465,8.9465,141064000,0.00%,131331936,537693300936,1262029.08,0
2043-06-08,8.9465,8.9465,8.9465,8.9465,87516000,0.00%,43815936,537693300936,782961.89,0
2043-06-09,8.9465,8.9554,8.9554,8.9465,73480000,0.10%,1347807676,539070772676,658042.79,1377471740
2043-06-10,8.9554,8.9554,8.9554,8.9554,80300000,0.00%,1267507676,539070772676,719118.62,0
2043-06-11,8.9554,8.9554,8.9554,8.9554,57772000,0.00%,1209735676,539070772676,517371.37,0
2043-06-12,8.9554,8.9554,8.9554,8.9554,71192000,0.00%,1138543676,539070772676,637552.84,0
2043-06-15,8.9554,8.9554,8.9554,8.9554,59356000,0.00%,1079187676,539070772676,531556.72,0
2043-06-16,8.9554,8.9554,8.9554,8.9554,101728000,0.00%,977459676,539070772676,911014.93,0
2043-06-17,8.9554,8.9554,8.9554,8.9554,97152000,0.00%,880307676,539070772676,870035.02,0
2043-06-18,8.9554,8.9554,8.9554,8.9554,110044000,0.00%,770263676,539070772676,985488.04,0
2043-06-19,8.9554,8.9554,8.9554,8.9554,157740000,0.00%,612523676,539070772676,1412624.8,0
2043-06-22,8.9554,8.9554,8.9554,8.9554,89188000,0.00%,523335676,539070772676,798714.22,0
2043-06-23,8.9554,8.9554,8.9554,8.9554,71632000,0.00%,451703676,539070772676,641493.21,0
2043-06-24,8.9554,8.9554,8.9554,8.9554,84920000,0.00%,366783676,539070772676,760492.57,0
2043-06-26,8.9554,8.9554,8.9554,8.9554,61160000,0.00%,305623676,539070772676,547712.26,0
2043-06-29,8.9554,8.9554,8.9554,8.9554,79904000,0.00%,225719676,539070772676,715572.28,0
2043-06-30,8.9554,8.9554,8.9554,8.9554,76956000,0.00%,148763676,539070772676,689171.76,0
2043-07-01,8.9554,8.9554,8.9554,8.9554,69916000,0.00%,78847676,539070772676,626125.75,0
2043-07-02,8.9554,8.9554,8.9554,8.9554,59488000,0.00%,19359676,539070772676,532738.84,0
2043-07-03,8.9554,8.9644,8.9644,8.9554,71280000,0.10%,1282469986,540405162986,638982.43,1334390309
2043-07-06,8.9644,8.9644,8.9644,8.9644,62480000,0.00%,1219989986,540405162986,560095.71,0
2043-07-07,8.9644,8.9644,8.9644,8.9644,41536000,0.00%,1178453986,540405162986,372345.32,0
2043-07-08,8.9644,8.9644,8.9644,8.9644,43384000,0.00%,1135069986,540405162986,388911.53,0
2043-07-09,8.9644,8.9644,8.9644,8.9644,87032000,0.00%,1048037986,540405162986,780189.66,0
2043-07-10,8.9644,8.9644,8.9644,8.9644,95040000,0.00%,952997986,540405162986,851976.58,0
2043-07-13,8.9644,8.9644,8.9644,8.9644,76076000,0.00%,876921986,540405162986,681975.69,0
2043-07-14,8.9644,8.9644,8.9644,8.9644,54384000,0.00%,822537986,540405162986,487519.93,0
2043-07-15,8.9644,8.9644,8.9644,8.9644,74140000,0.00%,748397986,540405162986,664620.62,0
2043-07-16,8.9644,8.9644,8.9644,8.9644,120208000,0.00%,628189986,540405162986,1077592.6,0
2043-07-17,8.9644,8.9644,8.9644,8.9644,93324000,0.00%,534865986,540405162986,836593.67,0
2043-07-21,8.9644,8.9644,8.9644,8.9644,128260000,0.00%,406605986,540405162986,1149773.94,0
2043-07-22,8.9644,8.9644,8.9644,8.9644,96404000,0.00%,310201986,540405162986,864204.02,0
2043-07-23,8.9644,8.9644,8.9644,8.9644,72864000,0.00%,237337986,540405162986,653182.04,0
2043-07-24,8.9644,8.9644,8.9644,8.9644,52096000,0.00%,185241986,540405162986,467009.38,0
2043-07-27,8.9644,8.9644,8.9644,8.9644,76780000,0.00%,108461986,540405162986,688286.63,0
2043-07-28,8.9644,8.9734,8.9734,8.9644,128480000,0.10%,1303255554,541728436554,1152902.43,1323273568
2043-07-29,8.9734,8.9734,8.9734,8.9734,65736000,0.00%,1237519554,541728436554,589875.42,0
2043-07-30,8.9734,8.9734,8.9734,8.9734,60060000,0.00%,1177459554,541728436554,538942.4,0
2043-07-31,8.9734,8.9734,8.9734,8.9734,97856000,0.00%,1079603554,541728436554,878101.03,0
2043-08-03,8.9734,8.9734,8.9734,8.9734,161920000,0.00%,917683554,541728436554,1452972.93,0
2043-08-04,8.9734,8.9734,8.9734,8.9734,103136000,0.00%,814547554,541728436554,925480.58,0
2043-08-05,8.9734,8.9734,8.9734,8.9734,92576000,0.00%,721971554,541728436554,830721.48,0
2043-08-06,8.9734,8.9734,8.9734,8.9734,73304000,0.00%,648667554,541728436554,657786.11,0
2043-08-07,8.9734,8.9734,8.9734,8.9734,84040000,0.00%,564627554,541728436554,754124.54,0
2043-08-10,8.9734,8.9734,8.9734,8.9734,41712000,0.00%,522915554,541728436554,374298.46,0
2043-08-11,8.9734,8.9734,8.9734,8.9734,67672000,0.00%,455243554,541728436554,607247.92,0
2043-08-12,8.9734,8.9734,8.9734,8.9734,52448000,0.00%,402795554,541728436554,470636.88,0
2043-08-13,8.9734,8.9734,8.9734,8.9734,49236000,0.00%,353559554,541728436554,441814.32,0
2043-08-14,8.9734,8.9734,8.9734,8.9734,54120000,0.00%,299439554,541728436554,485640.41,0
2043-08-17,8.9734,8.9734,8.9734,8.9734,69300000,0.00%,230139554,541728436554,621856.62,0
2043-08-18,8.9734,8.9734,8.9734,8.9734,47476000,0.00%,182663554,541728436554,426021.14,0
2043-08-19,8.9734,8.9734,8.9734,8.9734,72512000,0.00%,110151554,541728436554,650679.18,0
2043-08-20,8.9734,8.9823,8.9823,8.9734,126808000,0.10%,1280982585,543026075585,1139027.5,1297639030
2043-08-21,8.9823,8.9823,8.9823,8.9823,79684000,0.00%,1201298585,543026075585,715745.59,0
2043-08-24,8.9823,8.9823,8.9823,8.9823,113080000,0.00%,1088218585,543026075585,1015718.48,0
2043-08-25,8.9823,8.9823,8.9823,8.9823,108592000,0.00%,979626585,543026075585,975405.92,0
2043-08-26,8.9823,8.9823,8.9823,8.9823,75856000,0.00%,903770585,543026075585,681361.35,0
2043-08-27,8.9823,8.9823,8.9823,8.9823,98296000,0.00%,805474585,543026075585,882924.16,0
2043-08-28,8.9823,8.9823,8.9823,8.9823,55176000,0.00%,750298585,543026075585,495607.38,0
2043-08-31,8.9823,8.9823,8.9823,8.9823,85360000,0.00%,664938585,543026075585,766729.13,0
2043-09-01,8.9823,8.9823,8.9823,8.9823,67672000,0.00%,597266585,543026075585,607850.21,0
2043-09-02,8.9823,8.9823,8.9823,8.9823,66836000,0.00%,530430585,543026075585,600341.0,0
2043-09-03,8.9823,8.9823,8.9823,8.9823,218856000,0.00%,311574585,543026075585,1965830.25,0
2043-09-07,8.9823,8.9823,8.9823,8.9823,135300000,0.00%,176274585,543026075585,1215305.19,0
2043-09-08,8.9823,8.9823,8.9823,8.9823,58300000,0.00%,117974585,543026075585,523668.09,0
2043-09-09,8.9823,8.9823,8.9823,8.9823,72556000,0.00%,45418585,543026075585,651719.76,0
2043-09-10,8.9823,8.9913,8.9913,8.9823,73568000,0.10%,1265335394,544319560394,661471.96,1293484809
2043-09-14,8.9913,8.9913,8.9913,8.9913,82764000,0.00%,1182571394,544319560394,744155.95,0
2043-09-15,8.9913,8.9913,8.9913,8.9913,45760000,0.00%,1136811394,544319560394,411441.89,0
2043-09-16,8.9913,8.9913,8.9913,8.9913,46904000,0.00%,1089907394,544319560394,421727.94,0
2043-09-17,8.9913,8.9913,8.9913,8.9913,44660000,0.00%,1045247394,544319560394,401551.46,0
2043-09-18,8.9913,8.9913,8.9913,8.9913,84568000,0.00%,960679394,544319560394,760376.26,0
2043-09-21,8.9913,8.9913,8.9913,8.9913,64856000,0.00%,895823394,544319560394,583139.75,0
2043-09-22,8.9913,8.9913,8.9913,8.9913,68552000,0.00%,827271394,544319560394,616371.6,0
2043-09-23,8.9913,8.9913,8.9913,8.9913,60104000,0.00%,767167394,544319560394,540413.1,0
2043-09-24,8.9913,8.9913,8.9913,8.9913,84128000,0.00%,683039394,544319560394,756420.09,0
2043-09-25,8.9913,8.9913,8.9913,8.9913,93456000,0.00%,589583394,544319560394,840290.93,0
2043-09-28,8.9913,8.9913,8.9913,8.9913,80564000,0.00%,509019394,544319560394,724375.09,0
2043-09-29,8.9913,8.9913,8.9913,8.9913,70048000,0.00%,438971394,544319560394,629822.58,0
2043-09-30,8.9913,8.9913,8.9913,8.9913,62480000,0.00%,376491394,544319560394,561776.42,0
2043-10-01,8.9913,8.9913,8.9913,8.9913,68640000,0.00%,307851394,544319560394,617162.83,0
2043-10-02,8.9913,8.9913,8.9913,8.9913,49500000,0.00%,258351394,544319560394,445069.35,0
2043-10-06,8.9913,8.9913,8.9913,8.9913,66528000,0.00%,191823394,544319560394,598173.21,0
2043-10-07,8.9913,8.9913,8.9913,8.9913,48136000,0.00%,143687394,544319560394,432805.22,0
2043-10-08,8.9913,8.9913,8.9913,8.9913,47520000,0.00%,96167394,544319560394,427266.58,0
2043-10-09,8.9913,8.9913,8.9913,8.9913,48752000,0.00%,47415394,544319560394,438343.86,0
2043-10-12,8.9913,9.0003,9.0003,8.9913,50160000,0.10%,1257281633,545579586633,451455.05,1260026239
2043-10-13,9.0003,9.0003,9.0003,9.0003,72380000,0.00%,1184901633,545579586633,651441.71,0
2043-10-14,9.0003,9.0003,9.0003,9.0003,72248000,0.00%,1112653633,545579586633,650253.67,0
2043-10-15,9.0003,9.0003,9.0003,9.0003,59180000,0.00%,1053473633,545579586633,532637.75,0
2043-10-16,9.0003,9.0003,9.0003,9.0003,58828000,0.00%,994645633,545579586633,529469.65,0
2043-10-19,9.0003,9.0003,9.0003,9.0003,54780000,0.00%,939865633,545579586633,493036.43,0
2043-10-20,9.0003,9.0003,9.0003,9.0003,40480000,0.00%,899385633,545579586633,364332.14,0
2043-10-21,9.0003,9.0003,9.0003,9.0003,52800000,0.00%,846585633,545579586633,475215.84,0
2043-10-22,9.0003,9.0003,9.0003,9.0003,75768000,0.00%,770817633,545579586633,681934.73,0
2043-10-23,9.0003,9.0003,9.0003,9.0003,84524000,0.00%,686293633,545579586633,760741.36,0
2043-10-27,9.0003,9.0003,9.0003,9.0003,95128000,0.00%,591165633,545579586633,856180.54,0
2043-10-28,9.0003,9.0003,9.0003,9.0003,77044000,0.00%,514121633,545579586633,693419.11,0
2043-10-29,9.0003,9.0003,9.0003,9.0003,50380000,0.00%,463741633,545579586633,453435.11,0
2043-10-30,9.0003,9.0003,9.0003,9.0003,72424000,0.00%,391317633,545579586633,651837.73,0
2043-11-02,9.0003,9.0003,9.0003,9.0003,63184000,0.00%,328133633,545579586633,568674.96,0
2043-11-03,9.0003,9.0003,9.0003,9.0003,60412000,0.00%,267721633,545579586633,543726.12,0
2043-11-04,9.0003,9.0003,9.0003,9.0003,48444000,0.00%,219277633,545579586633,436010.53,0
2043-11-05,9.0003,9.0003,9.0003,9.0003,46112000,0.00%,173165633,545579586633,415021.83,0
2043-11-06,9.0003,9.0003,9.0003,9.0003,94952000,0.00%,78213633,545579586633,854596.49,0
2043-11-09,9.0003,9.0093,9.0093,9.0003,118184000,0.10%,1207063890,546826620890,1064755.11,1247034256
2043-11-10,9.0093,9.0093,9.0093,9.0093,58960000,0.00%,1148103890,546826620890,531188.33,0
2043-11-11,9.0093,9.0093,9.0093,9.0093,56672000,0.00%,1091431890,546826620890,510575.05,0
2043-11-12,9.0093,9.0093,9.0093,9.0093,45188000,0.00%,1046243890,546826620890,407112.25,0
2043-11-13,9.0093,9.0093,9.0093,9.0093,43428000,0.00%,1002815890,546826620890,391255.88,0
2043-11-16,9.0093,9.0093,9.0093,9.0093,59796000,0.00%,943019890,546826620890,538720.1,0
2043-11-17,9.0093,9.0093,9.0093,9.0093,54912000,0.00%,888107890,546826620890,494718.68,0
2043-11-18,9.0093,9.0093,9.0093,9.0093,142780000,0.00%,745327890,546826620890,1286347.85,0
2043-11-19,9.0093,9.0093,9.0093,9.0093,155320000,0.00%,590007890,546826620890,1399324.48,0
2043-11-20,9.0093,9.0093,9.0093,9.0093,96668000,0.00%,493339890,546826620890,870911.01,0
2043-11-23,9.0093,9.0093,9.0093,9.0093,122232000,0.00%,371107890,546826620890,1101224.76,0
2043-11-24,9.0093,9.0093,9.0093,9.0093,106436000,0.00%,264671890,546826620890,958913.85,0
2043-11-25,9.0093,9.0093,9.0093,9.0093,62348000,0.00%,202323890,546826620890,561711.84,0
2043-11-26,9.0093,9.0093,9.0093,9.0093,63932000,0.00%,138391890,546826620890,575982.57,0
2043-11-27,9.0093,9.0093,9.0093,9.0093,67056000,0.00%,71335890,546826620890,604127.62,0
2043-11-30,9.0093,9.0093,9.0093,9.0093,53812000,0.00%,17523890,546826620890,484808.45,0
2043-12-01,9.0093,9.0183,9.0183,9.0093,66660000,0.10%,1197991781,548073748781,601159.88,1247127891
2043-12-02,9.0183,9.0183,9.0183,9.0183,74184000,0.00%,1123807781,548073748781,669013.57,0
2043-12-03,9.0183,9.0183,9.0183,9.0183,133364000,0.00%,990443781,548073748781,1202716.56,0
2043-12-04,9.0183,9.0183,9.0183,9.0183,66660000,0.00%,923783781,548073748781,601159.88,0
2043-12-07,9.0183,9.0183,9.0183,9.0183,65604000,0.00%,858179781,548073748781,591636.55,0
2043-12-08,9.0183,9.0183,9.0183,9.0183,104412000,0.00%,753767781,548073748781,941618.74,0
2043-12-09,9.0183,9.0183,9.0183,9.0183,69960000,0.00%,683807781,548073748781,630920.27,0
2043-12-10,9.0183,9.0183,9.0183,9.0183,60280000,0.00%,623527781,548073748781,543623.12,0
2043-12-11,9.0183,9.0183,9.0183,9.0183,73040000,0.00%,550487781,548073748781,658696.63,0
2043-12-14,9.0183,9.0183,9.0183,9.0183,80960000,0.00%,469527781,548073748781,730121.57,0
2043-12-15,9.0183,9.0183,9.0183,9.0183,57200000,0.00%,412327781,548073748781,515846.76,0
2043-12-16,9.0183,9.0183,9.0183,9.0183,62260000,0.00%,350067781,548073748781,561479.36,0
2043-12-17,9.0183,9.0183,9.0183,9.0183,75680000,0.00%,274387781,548073748781,682504.94,0
2043-12-18,9.0183,9.0183,9.0183,9.0183,136048000,0.00%,138339781,548073748781,1226921.68,0
2043-12-21,9.0183,9.0183,9.0183,9.0183,53196000,0.00%,85143781,548073748781,479737.49,0
2043-12-22,9.0183,9.0183,9.0183,9.0183,55132000,0.00%,30011781,548073748781,497196.92,0
2043-12-23,9.0183,9.0273,9.0273,9.0183,62436000,0.10%,1211744722,549317917722,563628.5,1244168940
2043-12-24,9.0273,9.0273,9.0273,9.0273,44748000,0.00%,1166996722,549317917722,403953.62,0
2043-12-25,9.0273,9.0273,9.0273,9.0273,646844000,0.00%,520152722,549317917722,5839254.84,0
2043-12-30,9.0273,9.0273,9.0273,9.0273,283668000,0.00%,236484722,549317917722,2560756.14,0
2043-12-31,9.0273,9.0273,9.0273,9.0273,166496000,0.00%,69988722,549317917722,1503009.34,0
2044-01-01,9.0273,9.0364,9.0364,9.0273,88290000,0.10%,1267228773,550603447773,797823.76,1285530050
2044-01-05,9.0364,9.0364,9.0364,9.0364,105075000,0.00%,1162153773,550603447773,949499.73,0
2044-01-06,9.0364,9.0364,9.0364,9.0364,91755000,0.00%,1070398773,550603447773,829134.88,0
2044-01-07,9.0364,9.0364,9.0364,9.0364,90990000,0.00%,979408773,550603447773,822222.04,0
2044-01-08,9.0364,9.0364,9.0364,9.0364,106875000,0.00%,872533773,550603447773,965765.25,0
2044-01-11,9.0364,9.0364,9.0364,9.0364,75239999,0.00%,797293773,550603447773,679898.74,0
2044-01-12,9.0364,9.0364,9.0364,9.0364,76185000,0.00%,721108773,550603447773,688438.13,0
2044-01-13,9.0364,9.0364,9.0364,9.0364,86175000,0.00%,634933773,550603447773,778711.77,0
2044-01-14,9.0364,9.0364,9.0364,9.0364,92700000,0.00%,542233773,550603447773,837674.28,0
2044-01-15,9.0364,9.0364,9.0364,9.0364,70965000,0.00%,471268773,550603447773,641268.13,0
2044-01-18,9.0364,9.0364,9.0364,9.0364,73484999,0.00%,397783773,550603447773,664039.85,0
2044-01-19,9.0364,9.0364,9.0364,9.0364,100080000,0.00%,297703773,550603447773,904362.91,0
2044-01-20,9.0364,9.0364,9.0364,9.0364,162495000,0.00%,135208773,550603447773,1468369.82,0
2044-01-21,9.0364,9.0364,9.0364,9.0364,110700000,0.00%,24508773,550603447773,1000329.48,0
2044-01-22,9.0364,9.0454,9.0454,9.0364,121050000,0.10%,1150865115,551850854115,1094945.67,1247406342
2044-01-25,9.0454,9.0454,9.0454,9.0454,151425000,0.00%,999440115,551850854115,1369699.7,0
2044-01-26,9.0454,9.0454,9.0454,9.0454,160245000,0.00%,839195115,551850854115,1449480.12,0
2044-01-27,9.0454,9.0454,9.0454,9.0454,152370000,0.00%,686825115,551850854115,1378247.6,0
2044-01-28,9.0454,9.0454,9.0454,9.0454,153720000,0.00%,533105115,551850854115,1390458.89,0
2044-01-29,9.0454,9.0454,9.0454,9.0454,111690000,0.00%,421415115,551850854115,1010280.73,0
2044-02-01,9.0454,9.0454,9.0454,9.0454,90720000,0.00%,330695115,551850854115,820598.69,0
2044-02-02,9.0454,9.0454,9.0454,9.0454,96795000,0.00%,233900115,551850854115,875549.49,0
2044-02-03,9.0454,9.0454,9.0454,9.0454,90225000,0.00%,143675115,551850854115,816121.22,0
2044-02-04,9.0454,9.0454,9.0454,9.0454,77985000,0.00%,65690115,551850854115,705405.52,0
2044-02-05,9.0454,9.0545,9.0545,9.0454,139725000,0.10%,1149184918,553074073918,1265140.01,1223219802
2044-02-08,9.0545,9.0545,9.0545,9.0545,92070000,0.00%,1057114918,553074073918,833647.82,0
2044-02-09,9.0545,9.0545,9.0545,9.0545,129870000,0.00%,927244918,553074073918,1175907.92,0
2044-02-10,9.0545,9.0545,9.0545,9.0545,118530000,0.00%,808714918,553074073918,1073229.89,0
2044-02-11,9.0545,9.0545,9.0545,9.0545,80595000,0.00%,728119918,553074073918,729747.43,0
2044-02-12,9.0545,9.0545,9.0545,9.0545,30285000,0.00%,697834918,553074073918,274215.53,0
2044-02-17,9.0545,9.0545,9.0545,9.0545,52065000,0.00%,645769918,553074073918,471422.54,0
2044-02-18,9.0545,9.0545,9.0545,9.0545,56565000,0.00%,589204918,553074073918,512167.79,0
2044-02-19,9.0545,9.0545,9.0545,9.0545,77490000,0.00%,511714918,553074073918,701633.21,0
2044-02-22,9.0545,9.0545,9.0545,9.0545,69390000,0.00%,442324918,553074073918,628291.76,0
2044-02-23,9.0545,9.0545,9.0545,9.0545,70965000,0.00%,371359918,553074073918,642552.59,0
2044-02-24,9.0545,9.0545,9.0545,9.0545,107775000,0.00%,263584918,553074073918,975848.74,0
2044-02-25,9.0545,9.0545,9.0545,9.0545,55980000,0.00%,207604918,553074073918,506870.91,0
2044-02-26,9.0545,9.0545,9.0545,9.0545,59535000,0.00%,148069918,553074073918,539059.66,0
2044-02-29,9.0545,9.0545,9.0545,9.0545,55845000,0.00%,92224918,553074073918,505648.55,0
2044-03-01,9.0545,9.0635,9.0635,9.0545,106245000,0.10%,1152691118,554240785118,962951.56,1166711199
2044-03-02,9.0635,9.0635,9.0635,9.0635,116550000,0.00%,1036141118,554240785118,1056350.92,0
2044-03-03,9.0635,9.0635,9.0635,9.0635,133740000,0.00%,902401118,554240785118,1212152.49,0
2044-03-04,9.0635,9.0635,9.0635,9.0635,125775000,0.00%,776626118,554240785118,1139961.71,0
2044-03-07,9.0635,9.0635,9.0635,9.0635,62235000,0.00%,714391118,554240785118,564066.92,0
2044-03-08,9.0635,9.0635,9.0635,9.0635,117270000,0.00%,597121118,554240785118,1062876.65,0
2044-03-09,9.0635,9.0635,9.0635,9.0635,104805000,0.00%,492316118,554240785118,949900.12,0
2044-03-10,9.0635,9.0635,9.0635,9.0635,77220000,0.00%,415096118,554240785118,699883.47,0
2044-03-11,9.0635,9.0635,9.0635,9.0635,55890000,0.00%,359206118,554240785118,506559.01,0
2044-03-14,9.0635,9.0635,9.0635,9.0635,80415000,0.00%,278791118,554240785118,728841.35,0
2044-03-15,9.0635,9.0635,9.0635,9.0635,164385000,0.00%,114406118,554240785118,1489903.45,0
2044-03-16,9.0635,9.0635,9.0635,9.0635,90315000,0.00%,24091118,554240785118,818570.0,0
2044-03-17,9.0635,9.0726,9.0726,9.0635,64035000,0.10%,1114090521,555394819521,580963.94,1154034403
2044-03-18,9.0726,9.0726,9.0726,9.0726,131310000,0.00%,982780521,555394819521,1191323.11,0
2044-03-21,9.0726,9.0726,9.0726,9.0726,88335000,0.00%,894445521,555394819521,801428.12,0
2044-03-22,9.0726,9.0726,9.0726,9.0726,70380000,0.00%,824065521,555394819521,638529.59,0
2044-03-23,9.0726,9.0726,9.0726,9.0726,70290000,0.00%,753775521,555394819521,637713.05,0
2044-03-24,9.0726,9.0726,9.0726,9.0726,165915000,0.00%,587860521,555394819521,1505280.43,0
2044-03-25,9.0726,9.0726,9.0726,9.0726,118935000,0.00%,468925521,555394819521,1079049.68,0
2044-03-28,9.0726,9.0726,9.0726,9.0726,95085000,0.00%,373840521,555394819521,862668.17,0
2044-03-29,9.0726,9.0726,9.0726,9.0726,153000000,0.00%,220840521,555394819521,1388107.8,0
2044-03-30,9.0726,9.0726,9.0726,9.0726,174375000,0.00%,46465521,555394819521,1582034.62,0
2044-03-31,9.0726,9.0816,9.0816,9.0726,135000000,0.10%,1069718644,556553072644,1226016.0,1158253123
2044-04-05,9.0816,9.0816,9.0816,9.0816,119520000,0.00%,950198644,556553072644,1085432.83,0
2044-04-06,9.0816,9.0816,9.0816,9.0816,88650000,0.00%,861548644,556553072644,805083.84,0
2044-04-08,9.0816,9.0816,9.0816,9.0816,61110000,0.00%,800438644,556553072644,554976.58,0
2044-04-11,9.0816,9.0816,9.0816,9.0816,97470000,0.00%,702968644,556553072644,885183.55,0
2044-04-12,9.0816,9.0816,9.0816,9.0816,80460000,0.00%,622508644,556553072644,730705.54,0
2044-04-13,9.0816,9.0816,9.0816,9.0816,111285000,0.00%,511223644,556553072644,1010645.86,0
2044-04-14,9.0816,9.0816,9.0816,9.0816,84735000,0.00%,426488644,556553072644,769529.38,0
2044-04-15,9.0816,9.0816,9.0816,9.0816,103635000,0.00%,322853644,556553072644,941171.62,0
2044-04-18,9.0816,9.0816,9.0816,9.0816,82350000,0.00%,240503644,556553072644,747869.76,0
2044-04-19,9.0816,9.0816,9.0816,9.0816,88605000,0.00%,151898644,556553072644,804675.17,0
2044-04-20,9.0816,9.0816,9.0816,9.0816,64845000,0.00%,87053644,556553072644,588896.35,0
2044-04-21,9.0816,9.0816,9.0816,9.0816,85770000,0.00%,1283644,556553072644,778928.83,0
2044-04-22,9.0816,9.0907,9.0907,9.0816,87615000,0.10%,1061480177,557700884177,796481.68,1147811532
2044-04-25,9.0907,9.0907,9.0907,9.0907,185085000,0.00%,876395177,557700884177,1682552.21,0
2044-04-26,9.0907,9.0907,9.0907,9.0907,197190000,0.00%,679205177,557700884177,1792595.13,0
2044-04-27,9.0907,9.0907,9.0907,9.0907,186615000,0.00%,492590177,557700884177,1696460.98,0
2044-04-28,9.0907,9.0907,9.0907,9.0907,124785000,0.00%,367805177,557700884177,1134383.0,0
2044-04-29,9.0907,9.0907,9.0907,9.0907,133200000,0.00%,234605177,557700884177,1210881.24,0
2044-05-02,9.0907,9.0907,9.0907,9.0907,114390000,0.00%,120215177,557700884177,1039885.17,0
2044-05-03,9.0907,9.0907,9.0907,9.0907,71820000,0.00%,48395177,557700884177,652894.07,0
2044-05-05,9.0907,9.0998,9.0998,9.0907,101160000,0.10%,1103746045,558857395045,920535.77,1156510868
2044-05-06,9.0998,9.0998,9.0998,9.0998,106155000,0.00%,997591045,558857395045,965989.27,0
2044-05-09,9.0998,9.0998,9.0998,9.0998,117945000,0.00%,879646045,558857395045,1073275.91,0
2044-05-10,9.0998,9.0998,9.0998,9.0998,87345000,0.00%,792301045,558857395045,794822.03,0
2044-05-11,9.0998,9.0998,9.0998,9.0998,90270000,0.00%,702031045,558857395045,821438.95,0
2044-05-12,9.0998,9.0998,9.0998,9.0998,72135000,0.00%,629896045,558857395045,656414.07,0
2044-05-13,9.0998,9.0998,9.0998,9.0998,70605000,0.00%,559291045,558857395045,642491.38,0
2044-05-16,9.0998,9.0998,9.0998,9.0998,92520000,0.00%,466771045,558857395045,841913.5,0
2044-05-17,9.0998,9.0998,9.0998,9.0998,97200000,0.00%,369571045,558857395045,884500.56,0
2044-05-19,9.0998,9.0998,9.0998,9.0998,262935000,0.00%,106636045,558857395045,2392655.91,0
2044-05-20,9.0998,9.1089,9.1089,9.0998,125640000,0.10%,1148933984,560025332984,1144442.2,1167937938
2044-05-23,9.1089,9.1089,9.1089,9.1089,100485000,0.00%,1048448984,560025332984,915307.82,0
2044-05-24,9.1089,9.1089,9.1089,9.1089,138060000,0.00%,910388984,560025332984,1257574.73,0
2044-05-25,9.1089,9.1089,9.1089,9.1089,100665000,0.00%,809723984,560025332984,916947.42,0
2044-05-26,9.1089,9.1089,9.1089,9.1089,82440000,0.00%,727283984,560025332984,750937.72,0
2044-05-27,9.1089,9.1089,9.1089,9.1089,86130000,0.00%,641153984,560025332984,784549.56,0
2044-05-30,9.1089,9.1089,9.1089,9.1089,144585000,0.00%,496568984,560025332984,1317010.31,0
2044-05-31,9.1089,9.1089,9.1089,9.1089,74745000,0.00%,421823984,560025332984,680844.73,0
2044-06-01,9.1089,9.1089,9.1089,9.1089,123210000,0.00%,298613984,560025332984,1122307.57,0
2044-06-02,9.1089,9.1089,9.1089,9.1089,99045000,0.00%,199568984,560025332984,902191.0,0
2044-06-03,9.1089,9.1089,9.1089,9.1089,180180000,0.00%,19388984,560025332984,1641241.6,0
2044-06-06,9.1089,9.118,9.118,9.1089,126585000,0.10%,1071871257,561204400257,1154202.03,1179067273
2044-06-07,9.118,9.118,9.118,9.118,81180000,0.00%,990691257,561204400257,740199.24,0
2044-06-08,9.118,9.118,9.118,9.118,90945000,0.00%,899746257,561204400257,829236.51,0
2044-06-09,9.118,9.118,9.118,9.118,85005000,0.00%,814741257,561204400257,775075.59,0
2044-06-10,9.118,9.118,9.118,9.118,113625000,0.00%,701116257,561204400257,1036032.75,0
2044-06-14,9.118,9.118,9.118,9.118,119250000,0.00%,581866257,561204400257,1087321.5,0
2044-06-15,9.118,9.118,9.118,9.118,67320000,0.00%,514546257,561204400257,613823.76,0
2044-06-16,9.118,9.118,9.118,9.118,69030000,0.00%,445516257,561204400257,629415.54,0
2044-06-17,9.118,9.118,9.118,9.118,93870000,0.00%,351646257,561204400257,855906.66,0
2044-06-20,9.118,9.118,9.118,9.118,68760000,0.00%,282886257,561204400257,626953.68,0
2044-06-21,9.118,9.118,9.118,9.118,64260000,0.00%,218626257,561204400257,585922.68,0
2044-06-22,9.118,9.118,9.118,9.118,100395000,0.00%,118231257,561204400257,915401.61,0
2044-06-23,9.118,9.118,9.118,9.118,63225000,0.00%,55006257,561204400257,576485.55,0
2044-06-24,9.118,9.1271,9.1271,9.118,116370000,0.10%,1103459609,562369223609,1062120.63,1164823351
2044-06-27,9.1271,9.1271,9.1271,9.1271,58140000,0.00%,1045319609,562369223609,530649.59,0
2044-06-28,9.1271,9.1271,9.1271,9.1271,57555000,0.00%,987764609,562369223609,525310.24,0
2044-06-29,9.1271,9.1271,9.1271,9.1271,53505000,0.00%,934259609,562369223609,488345.49,0
2044-06-30,9.1271,9.1271,9.1271,9.1271,78795000,0.00%,855464609,562369223609,719169.84,0
2044-07-01,9.1271,9.1271,9.1271,9.1271,70020000,0.00%,785444609,562369223609,639079.54,0
2044-07-05,9.1271,9.1271,9.1271,9.1271,122715000,0.00%,662729609,562369223609,1120032.08,0
2044-07-06,9.1271,9.1271,9.1271,9.1271,100170000,0.00%,562559609,562369223609,914261.61,0
2044-07-07,9.1271,9.1271,9.1271,9.1271,69480000,0.00%,493079609,562369223609,634150.91,0
2044-07-08,9.1271,9.1271,9.1271,9.1271,47340000,0.00%,445739609,562369223609,432076.91,0
2044-07-11,9.1271,9.1271,9.1271,9.1271,52290000,0.00%,393449609,562369223609,477256.06,0
2044-07-12,9.1271,9.1271,9.1271,9.1271,58590000,0.00%,334859609,562369223609,534756.79,0
2044-07-13,9.1271,9.1271,9.1271,9.1271,70155000,0.00%,264704609,562369223609,640311.7,0
2044-07-14,9.1271,9.1271,9.1271,9.1271,74655000,0.00%,190049609,562369223609,681383.65,0
2044-07-15,9.1271,9.1271,9.1271,9.1271,123840000,0.00%,66209609,562369223609,1130300.06,0
2044-07-18,9.1271,9.1271,9.1271,9.1271,61560000,0.00%,4649609,562369223609,561864.28,0
2044-07-19,9.1271,9.1363,9.1363,9.1271,85770000,0.10%,1079040556,563529384556,783620.45,1160160947
2044-07-20,9.1363,9.1363,9.1363,9.1363,116370000,0.00%,962670556,563529384556,1063191.23,0
2044-07-21,9.1363,9.1363,9.1363,9.1363,85230000,0.00%,877440556,563529384556,778686.85,0
2044-07-22,9.1363,9.1363,9.1363,9.1363,103905000,0.00%,773535556,563529384556,949307.25,0
2044-07-25,9.1363,9.1363,9.1363,9.1363,76320000,0.00%,697215556,563529384556,697282.42,0
2044-07-26,9.1363,9.1363,9.1363,9.1363,54450000,0.00%,642765556,563529384556,497471.54,0
2044-07-27,9.1363,9.1363,9.1363,9.1363,53100000,0.00%,589665556,563529384556,485137.53,0
2044-07-28,9.1363,9.1363,9.1363,9.1363,116055000,0.00%,473610556,563529384556,1060313.3,0
2044-07-29,9.1363,9.1363,9.1363,9.1363,59715000,0.00%,413895556,563529384556,545574.15,0
2044-08-01,9.1363,9.1363,9.1363,9.1363,57915000,0.00%,355980556,563529384556,529128.81,0
2044-08-02,9.1363,9.1363,9.1363,9.1363,43875000,0.00%,312105556,563529384556,400855.16,0
2044-08-03,9.1363,9.1363,9.1363,9.1363,91350000,0.00%,220755556,563529384556,834601.01,0
2044-08-04,9.1363,9.1363,9.1363,9.1363,55845000,0.00%,164910556,563529384556,510216.67,0
2044-08-05,9.1363,9.1363,9.1363,9.1363,79695000,0.00%,85215556,563529384556,728117.43,0
2044-08-08,9.1363,9.1454,9.1454,9.1363,103320000,0.10%,1149364417,564696853417,944902.73,1167468861
2044-08-09,9.1454,9.1454,9.1454,9.1454,79515000,0.00%,1069849417,564696853417,727196.48,0
2044-08-10,9.1454,9.1454,9.1454,9.1454,71280000,0.00%,998569417,564696853417,651884.11,0
2044-08-11,9.1454,9.1454,9.1454,9.1454,84645000,0.00%,913924417,564696853417,774112.38,0
2044-08-12,9.1454,9.1454,9.1454,9.1454,73575000,0.00%,840349417,564696853417,672872.81,0
2044-08-15,9.1454,9.1454,9.1454,9.1454,45990000,0.00%,794359417,564696853417,420596.95,0
2044-08-16,9.1454,9.1454,9.1454,9.1454,61155000,0.00%,733204417,564696853417,559286.94,0
2044-08-17,9.1454,9.1454,9.1454,9.1454,84105000,0.00%,649099417,564696853417,769173.87,0
2044-08-18,9.1454,9.1454,9.1454,9.1454,96480000,0.00%,552619417,564696853417,882348.19,0
2044-08-19,9.1454,9.1454,9.1454,9.1454,73845000,0.00%,478774417,564696853417,675342.06,0
2044-08-22,9.1454,9.1454,9.1454,9.1454,68445000,0.00%,410329417,564696853417,625956.9,0
2044-08-23,9.1454,9.1454,9.1454,9.1454,53325000,0.00%,357004417,564696853417,487678.46,0
2044-08-24,9.1454,9.1454,9.1454,9.1454,52425000,0.00%,304579417,564696853417,479447.6,0
2044-08-25,9.1454,9.1454,9.1454,9.1454,75555000,0.00%,229024417,564696853417,690980.7,0
2044-08-26,9.1454,9.1454,9.1454,9.1454,58770000,0.00%,170254417,564696853417,537475.16,0
2044-08-29,9.1454,9.1454,9.1454,9.1454,73125000,0.00%,97129417,564696853417,668757.38,0
2044-08-30,9.1454,9.1454,9.1454,9.1454,61560000,0.00%,35569417,564696853417,562990.82,0
2044-08-31,9.1454,9.1545,9.1545,9.1454,65700000,0.10%,1121148192,565848132192,601450.65,1151278774
2044-09-01,9.1545,9.1545,9.1545,9.1545,58005000,0.00%,1063143192,565848132192,531006.77,0
2044-09-02,9.1545,9.1545,9.1545,9.1545,138915000,0.00%,924228192,565848132192,1271697.37,0
2044-09-05,9.1545,9.1545,9.1545,9.1545,62460000,0.00%,861768192,565848132192,571790.07,0
2044-09-06,9.1545,9.1545,9.1545,9.1545,44145000,0.00%,817623192,565848132192,404125.4,0
2044-09-07,9.1545,9.1545,9.1545,9.1545,59760000,0.00%,757863192,565848132192,547072.92,0
2044-09-08,9.1545,9.1545,9.1545,9.1545,43110000,0.00%,714753192,565848132192,394650.49,0
2044-09-12,9.1545,9.1545,9.1545,9.1545,90360000,0.00%,624393192,565848132192,827200.62,0
2044-09-13,9.1545,9.1545,9.1545,9.1545,55350000,0.00%,569043192,565848132192,506701.58,0
2044-09-14,9.1545,9.1545,9.1545,9.1545,54180000,0.00%,514863192,565848132192,495990.81,0
2044-09-15,9.1545,9.1545,9.1545,9.1545,62100000,0.00%,452763192,565848132192,568494.45,0
2044-09-16,9.1545,9.1545,9.1545,9.1545,49545000,0.00%,403218192,565848132192,453559.7,0
2044-09-19,9.1545,9.1545,9.1545,9.1545,34605000,0.00%,368613192,565848132192,316791.47,0
2044-09-20,9.1545,9.1545,9.1545,9.1545,45675000,0.00%,322938192,565848132192,418131.79,0
2044-09-22,9.1545,9.1545,9.1545,9.1545,116100000,0.00%,206838192,565848132192,1062837.45,0
2044-09-23,9.1545,9.1545,9.1545,9.1545,127845000,0.00%,78993192,565848132192,1170357.05,0
2044-09-26,9.1545,9.1545,9.1545,9.1545,68490000,0.00%,10503192,565848132192,626991.7,0
2044-09-27,9.1545,9.1637,9.1637,9.1545,193140000,0.10%,970948873,567001717873,1769877.02,1153585681
2044-09-28,9.1637,9.1637,9.1637,9.1637,180495000,0.00%,790453873,567001717873,1654002.03,0
2044-09-29,9.1637,9.1637,9.1637,9.1637,226125000,0.00%,564328873,567001717873,2072141.66,0
2044-09-30,9.1637,9.1637,9.1637,9.1637,257175000,0.00%,307153873,567001717873,2356674.55,0
2044-10-03,9.1637,9.1729,9.1729,9.1637,339570000,0.10%,1154737399,568188871399,3114841.65,1187153525
2044-10-05,9.1729,9.1729,9.1729,9.1729,219465000,0.00%,935272399,568188871399,2013130.5,0
2044-10-06,9.1729,9.1729,9.1729,9.1729,142200000,0.00%,793072399,568188871399,1304386.38,0
2044-10-07,9.1729,9.1729,9.1729,9.1729,110970000,0.00%,682102399,568188871399,1017916.71,0
2044-10-10,9.1729,9.1729,9.1729,9.1729,113985000,0.00%,568117399,568188871399,1045573.01,0
2044-10-11,9.1729,9.1729,9.1729,9.1729,317115000,0.00%,251002399,568188871399,2908864.18,0
2044-10-12,9.1729,9.1729,9.1729,9.1729,208665000,0.00%,42337399,568188871399,1914063.18,0
2044-10-13,9.1729,9.182,9.182,9.1729,148995000,0.10%,1111006983,569406535983,1368072.09,1217664584
2044-10-17,9.182,9.182,9.182,9.182,136440000,0.00%,974566983,569406535983,1252792.08,0
2044-10-18,9.182,9.182,9.182,9.182,150659999,0.00%,823906983,569406535983,1383360.12,0
2044-10-19,9.182,9.182,9.182,9.182,101205000,0.00%,722701983,569406535983,929264.31,0
2044-10-20,9.182,9.182,9.182,9.182,74160000,0.00%,648541983,569406535983,680937.12,0
2044-10-21,9.182,9.182,9.182,9.182,116820000,0.00%,531721983,569406535983,1072641.24,0
2044-10-24,9.182,9.182,9.182,9.182,73484999,0.00%,458236983,569406535983,674739.27,0
2044-10-25,9.182,9.182,9.182,9.182,49635000,0.00%,408601983,569406535983,455748.57,0
2044-10-26,9.182,9.182,9.182,9.182,65970000,0.00%,342631983,569406535983,605736.54,0
2044-10-27,9.182,9.182,9.182,9.182,50400000,0.00%,292231983,569406535983,462772.8,0
2044-10-28,9.182,9.182,9.182,9.182,53775000,0.00%,238456983,569406535983,493762.05,0
2044-10-31,9.182,9.182,9.182,9.182,69975000,0.00%,168481983,569406535983,642510.45,0
2044-11-01,9.182,9.182,9.182,9.182,62100000,0.00%,106381983,569406535983,570202.2,0
2044-11-02,9.182,9.182,9.182,9.182,80550000,0.00%,25831983,569406535983,739610.1,0
2044-11-03,9.182,9.1912,9.1912,9.182,102375000,0.10%,1145797645,570628876645,940949.1,1222340662
2044-11-04,9.1912,9.1912,9.1912,9.1912,94905000,0.00%,1050892645,570628876645,872290.84,0
2044-11-07,9.1912,9.1912,9.1912,9.1912,52695000,0.00%,998197645,570628876645,484330.28,0
2044-11-08,9.1912,9.1912,9.1912,9.1912,68715000,0.00%,929482645,570628876645,631573.31,0
2044-11-09,9.1912,9.1912,9.1912,9.1912,93420000,0.00%,836062645,570628876645,858641.9,0
2044-11-10,9.1912,9.1912,9.1912,9.1912,89640000,0.00%,746422645,570628876645,823899.17,0
2044-11-11,9.1912,9.1912,9.1912,9.1912,87255000,0.00%,659167645,570628876645,801978.16,0
2044-11-14,9.1912,9.1912,9.1912,9.1912,102870000,0.00%,556297645,570628876645,945498.74,0
2044-11-15,9.1912,9.1912,9.1912,9.1912,122850000,0.00%,433447645,570628876645,1129138.92,0
2044-11-16,9.1912,9.1912,9.1912,9.1912,127395000,0.00%,306052645,570628876645,1170912.92,0
2044-11-17,9.1912,9.1912,9.1912,9.1912,157050000,0.00%,149002645,570628876645,1443477.96,0
2044-11-18,9.1912,9.1912,9.1912,9.1912,130770000,0.00%,18232645,570628876645,1201933.22,0
2044-11-21,9.1912,9.2004,9.2004,9.1912,92205000,0.10%,1161764709,571864613709,848322.88,1235737063
2044-11-22,9.2004,9.2004,9.2004,9.2004,62460000,0.00%,1099304709,571864613709,574656.98,0
2044-11-23,9.2004,9.2004,9.2004,9.2004,67545000,0.00%,1031759709,571864613709,621441.02,0
2044-11-24,9.2004,9.2004,9.2004,9.2004,56250000,0.00%,975509709,571864613709,517522.5,0
2044-11-25,9.2004,9.2004,9.2004,9.2004,76275000,0.00%,899234709,571864613709,701760.51,0
2044-11-28,9.2004,9.2004,9.2004,9.2004,125505000,0.00%,773729709,571864613709,1154696.2,0
2044-11-29,9.2004,9.2004,9.2004,9.2004,76230000,0.00%,697499709,571864613709,701346.49,0
2044-11-30,9.2004,9.2004,9.2004,9.2004,75105000,0.00%,622394709,571864613709,690996.04,0
2044-12-01,9.2004,9.2004,9.2004,9.2004,58815000,0.00%,563579709,571864613709,541121.53,0
2044-12-02,9.2004,9.2004,9.2004,9.2004,70335000,0.00%,493244709,571864613709,647110.13,0
2044-12-05,9.2004,9.2004,9.2004,9.2004,59985000,0.00%,433259709,571864613709,551885.99,0
2044-12-06,9.2004,9.2004,9.2004,9.2004,82620000,0.00%,350639709,571864613709,760137.05,0
2044-12-07,9.2004,9.2004,9.2004,9.2004,63225000,0.00%,287414709,571864613709,581695.29,0
2044-12-08,9.2004,9.2004,9.2004,9.2004,59895000,0.00%,227519709,571864613709,551057.96,0
2044-12-09,9.2004,9.2004,9.2004,9.2004,124695000,0.00%,102824709,571864613709,1147243.88,0
2044-12-12,9.2004,9.2004,9.2004,9.2004,101070000,0.00%,1754709,571864613709,929884.43,0
2044-12-13,9.2004,9.2096,9.2096,9.2004,136260000,0.10%,1105280189,573104399189,1254900.1,1239785480
2044-12-14,9.2096,9.2096,9.2096,9.2096,58950000,0.00%,1046330189,573104399189,542905.92,0
2044-12-15,9.2096,9.2096,9.2096,9.2096,105345000,0.00%,940985189,573104399189,970185.31,0
2044-12-16,9.2096,9.2096,9.2096,9.2096,73350000,0.00%,867635189,573104399189,675524.16,0
2044-12-19,9.2096,9.2096,9.2096,9.2096,63270000,0.00%,804365189,573104399189,582691.39,0
2044-12-20,9.2096,9.2096,9.2096,9.2096,75510000,0.00%,728855189,573104399189,695416.9,0
2044-12-21,9.2096,9.2096,9.2096,9.2096,67095000,0.00%,661760189,573104399189,617918.11,0
2044-12-22,9.2096,9.2096,9.2096,9.2096,156015000,0.00%,505745189,573104399189,1436835.74,0
2044-12-23,9.2096,9.2096,9.2096,9.2096,201735000,0.00%,304010189,573104399189,1857898.66,0
2044-12-26,9.2096,9.2096,9.2096,9.2096,93870000,0.00%,210140189,573104399189,864505.15,0
2044-12-27,9.2096,9.2096,9.2096,9.2096,35415000,0.00%,174725189,573104399189,326157.98,0
2044-12-30,9.2096,9.2096,9.2096,9.2096,60975000,0.00%,113750189,573104399189,561555.36,0
2045-01-02,9.2096,9.2096,9.2096,9.2096,62191999,0.00%,51558189,573104399189,572763.44,0
2045-01-03,9.2096,9.2096,9.2096,9.2096,50001999,0.00%,1556189,573104399189,460498.42,0
2045-01-05,9.2096,9.2188,9.2188,9.2096,95358000,0.10%,1162634757,574360835757,879086.33,1256436567
2045-01-06,9.2188,9.2188,9.2188,9.2188,77464000,0.00%,1085170757,574360835757,714125.12,0
2045-01-09,9.2188,9.2188,9.2188,9.2188,77602000,0.00%,1007568757,574360835757,715397.32,0
2045-01-10,9.2188,9.2188,9.2188,9.2188,657432000,0.00%,350136757,574360835757,6060734.12,0
2045-01-11,9.2188,9.228,9.228,9.2188,439115999,0.10%,1216223951,575666038951,4052162.45,1305203194
2045-01-12,9.228,9.228,9.228,9.228,278668000,0.00%,937555951,575666038951,2571548.3,0
2045-01-13,9.228,9.228,9.228,9.228,170430000,0.00%,767125951,575666038951,1572728.04,0
2045-01-16,9.228,9.228,9.228,9.228,160034000,0.00%,607091951,575666038951,1476793.75,0
2045-01-17,9.228,9.228,9.228,9.228,186852000,0.00%,420239951,575666038951,1724270.26,0
2045-01-18,9.228,9.228,9.228,9.228,134135999,0.00%,286103951,575666038951,1237807.01,0
2045-01-19,9.228,9.228,9.228,9.228,120243999,0.00%,165859951,575666038951,1109611.63,0
2045-01-20,9.228,9.228,9.228,9.228,78844000,0.00%,87015951,575666038951,727572.43,0
2045-01-23,9.228,9.2373,9.2373,9.228,143244000,0.10%,1281950539,577004217539,1323187.8,1338178587
2045-01-24,9.2373,9.2373,9.2373,9.2373,116149999,0.00%,1165800539,577004217539,1072912.39,0
2045-01-25,9.2373,9.2373,9.2373,9.2373,82156000,0.00%,1083644539,577004217539,758899.62,0
2045-01-26,9.2373,9.2373,9.2373,9.2373,97795999,0.00%,985848539,577004217539,903370.99,0
2045-01-27,9.2373,9.2373,9.2373,9.2373,110767999,0.00%,875080539,577004217539,1023197.25,0
2045-01-30,9.2373,9.2373,9.2373,9.2373,108605999,0.00%,766474539,577004217539,1003226.2,0
2045-01-31,9.2373,9.2373,9.2373,9.2373,65319999,0.00%,701154539,577004217539,603380.44,0
2045-02-06,9.2373,9.2373,9.2373,9.2373,128431999,0.00%,572722539,577004217539,1186364.91,0
2045-02-07,9.2373,9.2373,9.2373,9.2373,143888000,0.00%,428834539,577004217539,1329136.62,0
2045-02-08,9.2373,9.2373,9.2373,9.2373,147798000,0.00%,281036539,577004217539,1365254.47,0
2045-02-09,9.2373,9.2373,9.2373,9.2373,90114000,0.00%,190922539,577004217539,832410.05,0
2045-02-10,9.2373,9.2373,9.2373,9.2373,159022000,0.00%,31900539,577004217539,1468933.92,0
2045-02-13,9.2373,9.2465,9.2465,9.2373,144486000,0.10%,1248452093,578365255093,1335989.8,1361037554
2045-02-14,9.2465,9.2465,9.2465,9.2465,142094000,0.00%,1106358093,578365255093,1313872.17,0
2045-02-15,9.2465,9.2465,9.2465,9.2465,175996000,0.00%,930362093,578365255093,1627347.01,0
2045-02-16,9.2465,9.2465,9.2465,9.2465,280554000,0.00%,649808093,578365255093,2594142.56,0
2045-02-17,9.2465,9.2465,9.2465,9.2465,342792000,0.00%,307016093,578365255093,3169626.23,0
2045-02-20,9.2465,9.2558,9.2558,9.2465,580612000,0.10%,1136560579,579775411579,5374028.55,1410156485
2045-02-21,9.2558,9.2558,9.2558,9.2558,287638000,0.00%,848922579,579775411579,2662319.8,0
2045-02-22,9.2558,9.2558,9.2558,9.2558,156998000,0.00%,691924579,579775411579,1453142.09,0
2045-02-23,9.2558,9.2558,9.2558,9.2558,158930000,0.00%,532994579,579775411579,1471024.29,0
2045-02-24,9.2558,9.2558,9.2558,9.2558,338330000,0.00%,194664579,579775411579,3131514.81,0
2045-02-27,9.2558,9.265,9.265,9.2558,310684000,0.10%,1333372288,581224803288,2878487.26,1449391709
2045-02-28,9.265,9.265,9.265,9.265,259945999,0.00%,1073426288,581224803288,2408399.69,0
2045-03-01,9.265,9.265,9.265,9.265,186254000,0.00%,887172288,581224803288,1725643.31,0
2045-03-02,9.265,9.265,9.265,9.265,178940000,0.00%,708232288,581224803288,1657879.1,0
2045-03-03,9.265,9.265,9.265,9.265,239935999,0.00%,468296288,581224803288,2223007.04,0
2045-03-06,9.265,9.265,9.265,9.265,150650000,0.00%,317646288,581224803288,1395772.25,0
2045-03-07,9.265,9.265,9.265,9.265,143152000,0.00%,174494288,581224803288,1326303.28,0
2045-03-08,9.265,9.265,9.265,9.265,161782000,0.00%,12712288,581224803288,1498910.23,0
2045-03-09,9.265,9.2743,9.2743,9.265,366528000,0.10%,1145483209,582724102209,3399290.63,1499298921
2045-03-10,9.2743,9.2743,9.2743,9.2743,213853999,0.00%,931629209,582724102209,1983346.15,0
2045-03-13,9.2743,9.2743,9.2743,9.2743,158332000,0.00%,773297209,582724102209,1468418.47,0
2045-03-14,9.2743,9.2743,9.2743,9.2743,155710000,0.00%,617587209,582724102209,1444101.25,0
2045-03-15,9.2743,9.2743,9.2743,9.2743,128937999,0.00%,488649209,582724102209,1195809.69,0
2045-03-16,9.2743,9.2743,9.2743,9.2743,125717999,0.00%,362931209,582724102209,1165946.45,0
2045-03-17,9.2743,9.2743,9.2743,9.2743,141266000,0.00%,221665209,582724102209,1310143.26,0
2045-03-20,9.2743,9.2743,9.2743,9.2743,101659999,0.00%,120005209,582724102209,942825.34,0
2045-03-21,9.2743,9.2835,9.2835,9.2743,154744000,0.10%,1466856712,584225697712,1436565.92,1501595503
2045-03-22,9.2835,9.2835,9.2835,9.2835,145360000,0.00%,1321496712,584225697712,1349449.56,0
2045-03-23,9.2835,9.2835,9.2835,9.2835,229309999,0.00%,1092186712,584225697712,2128799.38,0
2045-03-24,9.2835,9.2835,9.2835,9.2835,194395999,0.00%,897790712,584225697712,1804675.27,0
2045-03-27,9.2835,9.2835,9.2835,9.2835,113159999,0.00%,784630712,584225697712,1050520.86,0
2045-03-28,9.2835,9.2835,9.2835,9.2835,127603999,0.00%,657026712,584225697712,1184611.73,0
2045-03-29,9.2835,9.2835,9.2835,9.2835,79626000,0.00%,577400712,584225697712,739207.97,0
2045-03-30,9.2835,9.2835,9.2835,9.2835,80960000,0.00%,496440712,584225697712,751592.16,0
2045-03-31,9.2835,9.2835,9.2835,9.2835,85514000,0.00%,410926712,584225697712,793869.22,0
2045-04-03,9.2835,9.2835,9.2835,9.2835,128983999,0.00%,281942712,584225697712,1197422.96,0
2045-04-04,9.2835,9.2835,9.2835,9.2835,89792000,0.00%,192150712,584225697712,833584.03,0
2045-04-05,9.2835,9.2835,9.2835,9.2835,65549999,0.00%,126600712,584225697712,608533.42,0
2045-04-06,9.2835,9.2928,9.2928,9.2835,134412000,0.10%,1500356401,585733865401,1249063.83,1508167688
2045-04-10,9.2928,9.2928,9.2928,9.2928,567456000,0.00%,932900401,585733865401,5273255.12,0
2045-04-11,9.2928,9.2928,9.2928,9.2928,299552000,0.00%,633348401,585733865401,2783676.83,0
2045-04-12,9.2928,9.2928,9.2928,9.2928,305808000,0.00%,327540401,585733865401,2841812.58,0
2045-04-13,9.2928,9.2928,9.2928,9.2928,265879999,0.00%,61660401,585733865401,2470769.66,0
2045-04-14,9.2928,9.3021,9.3021,9.2928,214313999,0.10%,1403767721,587290286721,1993570.26,1556421319
2045-04-17,9.3021,9.3021,9.3021,9.3021,139610000,0.00%,1264157721,587290286721,1298666.18,0
2045-04-18,9.3021,9.3021,9.3021,9.3021,93150000,0.00%,1171007721,587290286721,866490.61,0
2045-04-19,9.3021,9.3021,9.3021,9.3021,125671999,0.00%,1045335721,587290286721,1169013.51,0
2045-04-20,9.3021,9.3021,9.3021,9.3021,112607999,0.00%,932727721,587290286721,1047490.88,0
2045-04-25,9.3021,9.3021,9.3021,9.3021,110583999,0.00%,822143721,587290286721,1028663.43,0
2045-04-26,9.3021,9.3021,9.3021,9.3021,124199999,0.00%,697943721,587290286721,1155320.82,0
2045-04-27,9.3021,9.3021,9.3021,9.3021,86986000,0.00%,610957721,587290286721,809152.47,0
2045-04-28,9.3021,9.3021,9.3021,9.3021,132249999,0.00%,478707721,587290286721,1230202.72,0
2045-05-01,9.3021,9.3021,9.3021,9.3021,63525999,0.00%,415181721,587290286721,590925.2,0
2045-05-02,9.3021,9.3021,9.3021,9.3021,75302000,0.00%,339879721,587290286721,700466.73,0
2045-05-03,9.3021,9.3021,9.3021,9.3021,70426000,0.00%,269453721,587290286721,655109.69,0
2045-05-05,9.3021,9.3021,9.3021,9.3021,60903999,0.00%,208549721,587290286721,566535.1,0
2045-05-09,9.3021,9.3021,9.3021,9.3021,91126000,0.00%,117423721,587290286721,847663.16,0
2045-05-10,9.3021,9.3114,9.3114,9.3021,117851999,0.10%,1545034673,588835749673,1097367.11,1545462952
2045-05-11,9.3114,9.3114,9.3114,9.3114,91172000,0.00%,1453862673,588835749673,848938.96,0
2045-05-12,9.3114,9.3114,9.3114,9.3114,63387999,0.00%,1390474673,588835749673,590231.02,0
2045-05-15,9.3114,9.3114,9.3114,9.3114,164910000,0.00%,1225564673,588835749673,1535542.97,0
2045-05-16,9.3114,9.3114,9.3114,9.3114,106351999,0.00%,1119212673,588835749673,990286.01,0
2045-05-17,9.3114,9.3114,9.3114,9.3114,111733999,0.00%,1007478673,588835749673,1040399.97,0
2045-05-18,9.3114,9.3114,9.3114,9.3114,150879999,0.00%,856598673,588835749673,1404904.03,0
2045-05-19,9.3114,9.3114,9.3114,9.3114,98117999,0.00%,758480673,588835749673,913615.95,0
2045-05-22,9.3114,9.3114,9.3114,9.3114,103315999,0.00%,655164673,588835749673,962016.6,0
2045-05-23,9.3114,9.3114,9.3114,9.3114,72634000,0.00%,582530673,588835749673,676324.23,0
2045-05-24,9.3114,9.3114,9.3114,9.3114,87032000,0.00%,495498673,588835749673,810389.76,0
2045-05-25,9.3114,9.3114,9.3114,9.3114,65687999,0.00%,429810673,588835749673,611647.24,0
2045-05-26,9.3114,9.3114,9.3114,9.3114,74796000,0.00%,355014673,588835749673,696455.47,0
2045-05-29,9.3114,9.3114,9.3114,9.3114,79534000,0.00%,275480673,588835749673,740572.89,0
2045-05-30,9.3114,9.3114,9.3114,9.3114,68954000,0.00%,206526673,588835749673,642058.28,0
2045-05-31,9.3114,9.3114,9.3114,9.3114,77326000,0.00%,129200673,588835749673,720013.32,0
2045-06-01,9.3114,9.3114,9.3114,9.3114,89102000,0.00%,40098673,588835749673,829664.36,0
2045-06-02,9.3114,9.3207,9.3207,9.3114,130087999,0.10%,1465668280,590391407280,1212511.22,1555657606
2045-06-05,9.3207,9.3207,9.3207,9.3207,60213999,0.00%,1405454280,590391407280,561236.63,0
2045-06-06,9.3207,9.3207,9.3207,9.3207,67206000,0.00%,1338248280,590391407280,626406.96,0
2045-06-07,9.3207,9.3207,9.3207,9.3207,84548000,0.00%,1253700280,590391407280,788046.54,0
2045-06-08,9.3207,9.3207,9.3207,9.3207,88918000,0.00%,1164782280,590391407280,828778.0,0
2045-06-09,9.3207,9.3207,9.3207,9.3207,60443999,0.00%,1104338280,590391407280,563380.39,0
2045-06-12,9.3207,9.3207,9.3207,9.3207,85008000,0.00%,1019330280,590391407280,792334.07,0
2045-06-13,9.3207,9.3207,9.3207,9.3207,78384000,0.00%,940946280,590391407280,730593.75,0
2045-06-14,9.3207,9.3207,9.3207,9.3207,67988000,0.00%,872958280,590391407280,633695.75,0
2045-06-15,9.3207,9.3207,9.3207,9.3207,61501999,0.00%,811456280,590391407280,573241.69,0
2045-06-16,9.3207,9.3207,9.3207,9.3207,87814000,0.00%,723642280,590391407280,818487.95,0
2045-06-19,9.3207,9.3207,9.3207,9.3207,63387999,0.00%,660254280,590391407280,590820.53,0
2045-06-20,9.3207,9.3207,9.3207,9.3207,52991999,0.00%,607262280,590391407280,493922.53,0
2045-06-21,9.3207,9.3207,9.3207,9.3207,69874000,0.00%,537388280,590391407280,651274.59,0
2045-06-22,9.3207,9.3207,9.3207,9.3207,89194000,0.00%,448194280,590391407280,831350.52,0
2045-06-23,9.3207,9.3207,9.3207,9.3207,94852000,0.00%,353342280,590391407280,884087.04,0
2045-06-26,9.3207,9.3207,9.3207,9.3207,65549999,0.00%,287792280,590391407280,610971.89,0
2045-06-27,9.3207,9.3207,9.3207,9.3207,81742000,0.00%,206050280,590391407280,761892.66,0
2045-06-28,9.3207,9.3207,9.3207,9.3207,80914000,0.00%,125136280,590391407280,754175.12,0
2045-06-29,9.3207,9.3207,9.3207,9.3207,69000000,0.00%,56136280,590391407280,643128.3,0
2045-06-30,9.3207,9.3301,9.3301,9.3207,69828000,0.10%,1514346616,591919445616,651502.22,1528038336
2045-07-03,9.3301,9.3301,9.3301,9.3301,84916000,0.00%,1429430616,591919445616,792274.77,0
2045-07-05,9.3301,9.3301,9.3301,9.3301,83720000,0.00%,1345710616,591919445616,781115.97,0
2045-07-06,9.3301,9.3301,9.3301,9.3301,87216000,0.00%,1258494616,591919445616,813734.0,0
2045-07-07,9.3301,9.3301,9.3301,9.3301,67436000,0.00%,1191058616,591919445616,629184.62,0
2045-07-10,9.3301,9.3301,9.3301,9.3301,53497999,0.00%,1137560616,591919445616,499141.69,0
2045-07-11,9.3301,9.3301,9.3301,9.3301,60581999,0.00%,1076978616,591919445616,565236.12,0
2045-07-12,9.3301,9.3301,9.3301,9.3301,81972000,0.00%,995006616,591919445616,764806.96,0
2045-07-13,9.3301,9.3301,9.3301,9.3301,64537999,0.00%,930468616,591919445616,602145.99,0
2045-07-14,9.3301,9.3301,9.3301,9.3301,88458000,0.00%,842010616,591919445616,825321.99,0
2045-07-17,9.3301,9.3301,9.3301,9.3301,53819999,0.00%,788190616,591919445616,502145.98,0
2045-07-18,9.3301,9.3301,9.3301,9.3301,126269999,0.00%,661920616,591919445616,1178111.73,0
2045-07-19,9.3301,9.3301,9.3301,9.3301,106949999,0.00%,554970616,591919445616,997854.19,0
2045-07-20,9.3301,9.3301,9.3301,9.3301,63203999,0.00%,491766616,591919445616,589699.64,0
2045-07-21,9.3301,9.3301,9.3301,9.3301,63387999,0.00%,428378616,591919445616,591416.38,0
2045-07-24,9.3301,9.3301,9.3301,9.3301,61041999,0.00%,367336616,591919445616,569527.96,0
2045-07-25,9.3301,9.3301,9.3301,9.3301,80960000,0.00%,286376616,591919445616,755364.9,0
2045-07-26,9.3301,9.3301,9.3301,9.3301,215003999,0.00%,71372616,591919445616,2006008.82,0
2045-07-27,9.3301,9.3394,9.3394,9.3301,111227999,0.10%,1468369794,593427670794,1038802.78,1508225177
2045-07-28,9.3394,9.3394,9.3394,9.3394,91494000,0.00%,1376875794,593427670794,854499.06,0
2045-07-31,9.3394,9.3394,9.3394,9.3394,67436000,0.00%,1309439794,593427670794,629811.78,0
2045-08-01,9.3394,9.3394,9.3394,9.3394,77510000,0.00%,1231929794,593427670794,723896.89,0
2045-08-02,9.3394,9.3394,9.3394,9.3394,89056000,0.00%,1142873794,593427670794,831729.61,0
2045-08-03,9.3394,9.3394,9.3394,9.3394,94070000,0.00%,1048803794,593427670794,878557.36,0
2045-08-04,9.3394,9.3394,9.3394,9.3394,97519999,0.00%,951283794,593427670794,910778.29,0
2045-08-07,9.3394,9.3394,9.3394,9.3394,79764000,0.00%,871519794,593427670794,744947.9,0
2045-08-08,9.3394,9.3394,9.3394,9.3394,79810000,0.00%,791709794,593427670794,745377.51,0
2045-08-09,9.3394,9.3394,9.3394,9.3394,95404000,0.00%,696305794,593427670794,891016.12,0
2045-08-10,9.3394,9.3394,9.3394,9.3394,77924000,0.00%,618381794,593427670794,727763.41,0
2045-08-11,9.3394,9.3394,9.3394,9.3394,61225999,0.00%,557155794,593427670794,571814.1,0
2045-08-14,9.3394,9.3394,9.3394,9.3394,54233999,0.00%,502921794,593427670794,506513.02,0
2045-08-15,9.3394,9.3394,9.3394,9.3394,63617999,0.00%,439303794,593427670794,594153.95,0
2045-08-16,9.3394,9.3394,9.3394,9.3394,172960000,0.00%,266343794,593427670794,1615342.62,0
2045-08-17,9.3394,9.3394,9.3394,9.3394,167164000,0.00%,99179794,593427670794,1561211.46,0
2045-08-18,9.3394,9.3487,9.3487,9.3394,102027999,0.10%,1493961669,594924480669,953829.16,1496809874
2045-08-21,9.3487,9.3487,9.3487,9.3487,80914000,0.00%,1413047669,594924480669,756440.71,0
2045-08-22,9.3487,9.3487,9.3487,9.3487,75256000,0.00%,1337791669,594924480669,703545.77,0
2045-08-23,9.3487,9.3487,9.3487,9.3487,73370000,0.00%,1264421669,594924480669,685914.12,0
2045-08-24,9.3487,9.3487,9.3487,9.3487,65733999,0.00%,1198687669,594924480669,614527.45,0
2045-08-25,9.3487,9.3487,9.3487,9.3487,89148000,0.00%,1109539669,594924480669,833417.91,0
2045-08-28,9.3487,9.3487,9.3487,9.3487,118173999,0.00%,991365669,594924480669,1104773.27,0
2045-08-29,9.3487,9.3487,9.3487,9.3487,95036000,0.00%,896329669,594924480669,888463.05,0
2045-08-30,9.3487,9.3487,9.3487,9.3487,97795999,0.00%,798533669,594924480669,914265.47,0
2045-08-31,9.3487,9.3487,9.3487,9.3487,99865999,0.00%,698667669,594924480669,933617.27,0
2045-09-01,9.3487,9.3487,9.3487,9.3487,83858000,0.00%,614809669,594924480669,783963.28,0
2045-09-04,9.3487,9.3487,9.3487,9.3487,73416000,0.00%,541393669,594924480669,686344.16,0
2045-09-05,9.3487,9.3487,9.3487,9.3487,68126000,0.00%,473267669,594924480669,636889.54,0
2045-09-06,9.3487,9.3487,9.3487,9.3487,71392000,0.00%,401875669,594924480669,667422.39,0
2045-09-07,9.3487,9.3487,9.3487,9.3487,82800000,0.00%,319075669,594924480669,774072.36,0
2045-09-08,9.3487,9.3487,9.3487,9.3487,87630000,0.00%,231445669,594924480669,819226.58,0
2045-09-11,9.3487,9.3487,9.3487,9.3487,100371999,0.00%,131073669,594924480669,938347.72,0
2045-09-12,9.3487,9.3487,9.3487,9.3487,91402000,0.00%,39671669,594924480669,854489.88,0
2045-09-13,9.3487,9.3581,9.3581,9.3487,88274000,0.10%,1441170318,596414253318,826076.92,1489772649
2045-09-14,9.3581,9.3581,9.3581,9.3581,83674000,0.00%,1357496318,596414253318,783029.66,0
2045-09-15,9.3581,9.3581,9.3581,9.3581,95588000,0.00%,1261908318,596414253318,894522.06,0
2045-09-18,9.3581,9.3581,9.3581,9.3581,75302000,0.00%,1186606318,596414253318,704683.65,0
2045-09-19,9.3581,9.3581,9.3581,9.3581,61363999,0.00%,1125242318,596414253318,574250.45,0
2045-09-20,9.3581,9.3581,9.3581,9.3581,102809999,0.00%,1022432318,596414253318,962106.26,0
2045-09-21,9.3581,9.3581,9.3581,9.3581,137954000,0.00%,884478318,596414253318,1290987.33,0
2045-09-22,9.3581,9.3581,9.3581,9.3581,95726000,0.00%,788752318,596414253318,895813.48,0
2045-09-25,9.3581,9.3581,9.3581,9.3581,59339999,0.00%,729412318,596414253318,555309.65,0
2045-09-26,9.3581,9.3581,9.3581,9.3581,70334000,0.00%,659078318,596414253318,658192.61,0
2045-09-27,9.3581,9.3581,9.3581,9.3581,84824000,0.00%,574254318,596414253318,793791.47,0
2045-09-28,9.3581,9.3581,9.3581,9.3581,79948000,0.00%,494306318,596414253318,748161.38,0
2045-09-29,9.3581,9.3581,9.3581,9.3581,89700000,0.00%,404606318,596414253318,839421.57,0
2045-10-02,9.3581,9.3581,9.3581,9.3581,94254000,0.00%,310352318,596414253318,882038.36,0
2045-10-03,9.3581,9.3581,9.3581,9.3581,94806000,0.00%,215546318,596414253318,887204.03,0
2045-10-05,9.3581,9.3581,9.3581,9.3581,78844000,0.00%,136702318,596414253318,737830.04,0
2045-10-06,9.3581,9.3581,9.3581,9.3581,32797999,0.00%,103904318,596414253318,306926.96,0
2045-10-09,9.3581,9.3581,9.3581,9.3581,36018000,0.00%,67886318,596414253318,337060.05,0
2045-10-11,9.3581,9.3581,9.3581,9.3581,48483999,0.00%,19402318,596414253318,453718.12,0
2045-10-12,9.3581,9.3674,9.3674,9.3581,66469999,0.10%,1442780133,597904101133,622651.08,1489847814
2045-10-13,9.3674,9.3674,9.3674,9.3674,91540000,0.00%,1351240133,597904101133,857491.8,0
2045-10-16,9.3674,9.3674,9.3674,9.3674,174846000,0.00%,1176394133,597904101133,1637852.42,0
2045-10-17,9.3674,9.3674,9.3674,9.3674,123279999,0.00%,1053114133,597904101133,1154813.07,0
2045-10-18,9.3674,9.3674,9.3674,9.3674,84548000,0.00%,968566133,597904101133,791994.94,0
2045-10-19,9.3674,9.3674,9.3674,9.3674,65733999,0.00%,902832133,597904101133,615756.67,0
2045-10-20,9.3674,9.3674,9.3674,9.3674,85790000,0.00%,817042133,597904101133,803629.25,0
2045-10-23,9.3674,9.3674,9.3674,9.3674,68816000,0.00%,748226133,597904101133,644627.0,0
2045-10-24,9.3674,9.3674,9.3674,9.3674,65181999,0.00%,683044133,597904101133,610585.87,0
2045-10-25,9.3674,9.3674,9.3674,9.3674,45908000,0.00%,637136133,597904101133,430038.6,0
2045-10-26,9.3674,9.3674,9.3674,9.3674,57131999,0.00%,580004133,597904101133,535178.3,0
2045-10-27,9.3674,9.3674,9.3674,9.3674,55199999,0.00%,524804133,597904101133,517080.48,0
2045-10-30,9.3674,9.3674,9.3674,9.3674,73784000,0.00%,451020133,597904101133,691164.24,0
2045-10-31,9.3674,9.3674,9.3674,9.3674,74980000,0.00%,376040133,597904101133,702367.65,0
2045-11-02,9.3674,9.3674,9.3674,9.3674,100141999,0.00%,275898133,597904101133,938070.17,0
2045-11-03,9.3674,9.3674,9.3674,9.3674,94668000,0.00%,181230133,597904101133,886793.02,0
2045-11-06,9.3674,9.3674,9.3674,9.3674,53313999,0.00%,127916133,597904101133,499413.56,0
2045-11-07,9.3674,9.3674,9.3674,9.3674,68862000,0.00%,59054133,597904101133,645057.9,0
2045-11-08,9.3674,9.3768,9.3768,9.3674,61225999,0.10%,1494562201,599400835201,574103.96,1496734068
2045-11-09,9.3768,9.3768,9.3768,9.3768,60167999,0.00%,1434394201,599400835201,564183.3,0
2045-11-10,9.3768,9.3768,9.3768,9.3768,61225999,0.00%,1373168201,599400835201,574103.96,0
2045-11-13,9.3768,9.3768,9.3768,9.3768,66745999,0.00%,1306422201,599400835201,625863.89,0
2045-11-14,9.3768,9.3768,9.3768,9.3768,60213999,0.00%,1246208201,599400835201,564614.64,0
2045-11-15,9.3768,9.3768,9.3768,9.3768,62835999,0.00%,1183372201,599400835201,589200.6,0
2045-11-16,9.3768,9.3768,9.3768,9.3768,79580000,0.00%,1103792201,599400835201,746205.74,0
2045-11-17,9.3768,9.3768,9.3768,9.3768,91816000,0.00%,1011976201,599400835201,860940.27,0
2045-11-20,9.3768,9.3768,9.3768,9.3768,63433999,0.00%,948542201,599400835201,594807.93,0
2045-11-21,9.3768,9.3768,9.3768,9.3768,86572000,0.00%,861970201,599400835201,811768.33,0
2045-11-22,9.3768,9.3768,9.3768,9.3768,64215999,0.00%,797754201,599400835201,602140.59,0
2045-11-23,9.3768,9.3768,9.3768,9.3768,64491999,0.00%,733262201,599400835201,604728.59,0
2045-11-24,9.3768,9.3768,9.3768,9.3768,109157999,0.00%,624104201,599400835201,1023552.73,0
2045-11-27,9.3768,9.3768,9.3768,9.3768,102947999,0.00%,521156201,599400835201,965322.81,0
2045-11-28,9.3768,9.3768,9.3768,9.3768,68448000,0.00%,452708201,599400835201,641823.21,0
2045-11-29,9.3768,9.3768,9.3768,9.3768,66377999,0.00%,386330201,599400835201,622413.23,0
2045-11-30,9.3768,9.3768,9.3768,9.3768,71254000,0.00%,315076201,599400835201,668134.51,0
2045-12-01,9.3768,9.3768,9.3768,9.3768,60811999,0.00%,254264201,599400835201,570221.96,0
2045-12-04,9.3768,9.3768,9.3768,9.3768,58143999,0.00%,196120201,599400835201,545204.66,0
2045-12-05,9.3768,9.3768,9.3768,9.3768,52715999,0.00%,143404201,599400835201,494307.39,0
2045-12-06,9.3768,9.3768,9.3768,9.3768,50599999,0.00%,92804201,599400835201,474466.08,0
2045-12-07,9.3768,9.3768,9.3768,9.3768,70518000,0.00%,22286201,599400835201,661233.18,0
2045-12-08,9.3768,9.3862,9.3862,9.3768,67344000,0.10%,1459665339,600905558339,632104.25,1504723137
2045-12-11,9.3862,9.3862,9.3862,9.3862,61731999,0.00%,1397933339,600905558339,579428.9,0
2045-12-12,9.3862,9.3862,9.3862,9.3862,80178000,0.00%,1317755339,600905558339,752566.74,0
2045-12-13,9.3862,9.3862,9.3862,9.3862,67850000,0.00%,1249905339,600905558339,636853.67,0
2045-12-14,9.3862,9.3862,9.3862,9.3862,57407999,0.00%,1192497339,600905558339,538842.97,0
2045-12-15,9.3862,9.3862,9.3862,9.3862,82018000,0.00%,1110479339,600905558339,769837.35,0
2045-12-18,9.3862,9.3862,9.3862,9.3862,69782000,0.00%,1040697339,600905558339,654987.81,0
2045-12-19,9.3862,9.3862,9.3862,9.3862,73554000,0.00%,967143339,600905558339,690392.55,0
2045-12-20,9.3862,9.3862,9.3862,9.3862,68172000,0.00%,898971339,600905558339,639876.03,0
2045-12-21,9.3862,9.3862,9.3862,9.3862,46690000,0.00%,852281339,600905558339,438241.68,0
2045-12-22,9.3862,9.3862,9.3862,9.3862,81742000,0.00%,770539339,600905558339,767246.76,0
2045-12-25,9.3862,9.3862,9.3862,9.3862,63801999,0.00%,706737339,600905558339,598858.33,0
2045-12-26,9.3862,9.3862,9.3862,9.3862,71852000,0.00%,634885339,600905558339,674417.24,0
2045-12-27,9.3862,9.3862,9.3862,9.3862,33672000,0.00%,601213339,600905558339,316052.13,0
2046-01-01,9.3862,9.3862,9.3862,9.3862,86950000,0.00%,514263339,600905558339,816130.09,0
2046-01-02,9.3862,9.3862,9.3862,9.3862,63826000,0.00%,450437339,600905558339,599083.6,0
2046-01-03,9.3862,9.3862,9.3862,9.3862,50948000,0.00%,399489339,600905558339,478208.12,0
2046-01-05,9.3862,9.3862,9.3862,9.3862,76140000,0.00%,323349339,600905558339,714665.27,0
2046-01-08,9.3862,9.3862,9.3862,9.3862,93765000,0.00%,229584339,600905558339,880097.04,0
2046-01-09,9.3862,9.3862,9.3862,9.3862,113599000,0.00%,115985339,600905558339,1066262.93,0
2046-01-10,9.3862,9.3862,9.3862,9.3862,100486000,0.00%,15499339,600905558339,943181.69,0
2046-01-11,9.3862,9.3956,9.3956,9.3862,88078000,0.10%,1349291151,602327428151,827545.66,1421869812
2046-01-12,9.3956,9.3956,9.3956,9.3956,83707000,0.00%,1265584151,602327428151,786477.49,0
2046-01-15,9.3956,9.3956,9.3956,9.3956,129391000,0.00%,1136193151,602327428151,1215706.08,0
2046-01-16,9.3956,9.3956,9.3956,9.3956,113787000,0.00%,1022406151,602327428151,1069097.14,0
2046-01-17,9.3956,9.3956,9.3956,9.3956,134796000,0.00%,887610151,602327428151,1266489.3,0
2046-01-18,9.3956,9.3956,9.3956,9.3956,123093000,0.00%,764517151,602327428151,1156532.59,0
2046-01-19,9.3956,9.3956,9.3956,9.3956,96914000,0.00%,667603151,602327428151,910565.18,0
2046-01-22,9.3956,9.3956,9.3956,9.3956,62181000,0.00%,605422151,602327428151,584227.8,0
2046-01-23,9.3956,9.3956,9.3956,9.3956,114351000,0.00%,491071151,602327428151,1074396.26,0
2046-01-24,9.3956,9.3956,9.3956,9.3956,75200000,0.00%,415871151,602327428151,706549.12,0
2046-01-25,9.3956,9.3956,9.3956,9.3956,127699000,0.00%,288172151,602327428151,1199808.72,0
2046-01-26,9.3956,9.3956,9.3956,9.3956,90146000,0.00%,198026151,602327428151,846975.76,0
2046-01-29,9.3956,9.3956,9.3956,9.3956,81968000,0.00%,116058151,602327428151,770138.54,0
2046-01-30,9.3956,9.3956,9.3956,9.3956,112283000,0.00%,3775151,602327428151,1054966.15,0
2046-01-31,9.3956,9.405,9.405,9.3956,120226000,0.10%,1327100509,603770979509,1130725.53,1443551357
2046-02-01,9.405,9.405,9.405,9.405,107865000,0.00%,1219235509,603770979509,1014470.32,0
2046-02-02,9.405,9.405,9.405,9.405,100956000,0.00%,1118279509,603770979509,949491.18,0
2046-02-05,9.405,9.405,9.405,9.405,131271000,0.00%,987008509,603770979509,1234603.76,0
2046-02-06,9.405,9.405,9.405,9.405,306111000,0.00%,680897509,603770979509,2878973.96,0
2046-02-07,9.405,9.405,9.405,9.405,283739000,0.00%,397158509,603770979509,2668565.29,0
2046-02-08,9.405,9.405,9.405,9.405,372757000,0.00%,24401509,603770979509,3505779.58,0
2046-02-09,9.405,9.4144,9.4144,9.405,166380000,0.10%,1333239961,605246197961,1566367.87,1475218451
2046-02-12,9.4144,9.4144,9.4144,9.4144,123986000,0.00%,1209253961,605246197961,1167253.8,0
2046-02-13,9.4144,9.4144,9.4144,9.4144,137287000,0.00%,1071966961,605246197961,1292474.73,0
2046-02-14,9.4144,9.4144,9.4144,9.4144,111672000,0.00%,960294961,605246197961,1051324.88,0
2046-02-15,9.4144,9.4144,9.4144,9.4144,187013000,0.00%,773281961,605246197961,1760615.19,0
2046-02-16,9.4144,9.4144,9.4144,9.4144,126430000,0.00%,646851961,605246197961,1190262.59,0
2046-02-19,9.4144,9.4144,9.4144,9.4144,33934000,0.00%,612917961,605246197961,319468.25,0
2046-02-23,9.4144,9.4144,9.4144,9.4144,100345000,0.00%,512572961,605246197961,944687.97,0
2046-02-26,9.4144,9.4144,9.4144,9.4144,104058000,0.00%,408514961,605246197961,979643.64,0
2046-02-27,9.4144,9.4144,9.4144,9.4144,169811000,0.00%,238703961,605246197961,1598668.68,0
2046-02-28,9.4144,9.4144,9.4144,9.4144,107348000,0.00%,131355961,605246197961,1010617.01,0
2046-03-01,9.4144,9.4144,9.4144,9.4144,120085000,0.00%,11270961,605246197961,1130528.22,0
2046-03-02,9.4144,9.4238,9.4238,9.4144,151481000,0.10%,1363168743,606749576743,1427526.65,1503378782
2046-03-05,9.4238,9.4238,9.4238,9.4238,144854000,0.00%,1218314743,606749576743,1365075.13,0
2046-03-06,9.4238,9.4238,9.4238,9.4238,128639000,0.00%,1089675743,606749576743,1212268.21,0
2046-03-07,9.4238,9.4238,9.4238,9.4238,154959000,0.00%,934716743,606749576743,1460302.62,0
2046-03-08,9.4238,9.4238,9.4238,9.4238,112612000,0.00%,822104743,606749576743,1061232.97,0
2046-03-09,9.4238,9.4238,9.4238,9.4238,142692000,0.00%,679412743,606749576743,1344700.87,0
2046-03-12,9.4238,9.4238,9.4238,9.4238,147486000,0.00%,531926743,606749576743,1389878.57,0
2046-03-13,9.4238,9.4238,9.4238,9.4238,271942000,0.00%,259984743,606749576743,2562727.02,0
2046-03-14,9.4238,9.4238,9.4238,9.4238,223814000,0.00%,36170743,606749576743,2109178.37,0
2046-03-15,9.4238,9.4332,9.4332,9.4238,92402000,0.10%,1475559795,608281367795,871646.55,1531791052
2046-03-16,9.4332,9.4332,9.4332,9.4332,80746000,0.00%,1394813795,608281367795,761693.17,0
2046-03-19,9.4332,9.4332,9.4332,9.4332,113834000,0.00%,1280979795,608281367795,1073818.89,0
2046-03-20,9.4332,9.4332,9.4332,9.4332,107489000,0.00%,1173490795,608281367795,1013965.23,0
2046-03-21,9.4332,9.4332,9.4332,9.4332,100345000,0.00%,1073145795,608281367795,946574.45,0
2046-03-22,9.4332,9.4332,9.4332,9.4332,279321000,0.00%,793824795,608281367795,2634890.86,0
2046-03-23,9.4332,9.4332,9.4332,9.4332,117124000,0.00%,676700795,608281367795,1104854.12,0
2046-03-26,9.4332,9.4332,9.4332,9.4332,165064000,0.00%,511636795,608281367795,1557081.72,0
2046-03-27,9.4332,9.4332,9.4332,9.4332,137992000,0.00%,373644795,608281367795,1301706.13,0
2046-03-28,9.4332,9.4332,9.4332,9.4332,175545000,0.00%,198099795,608281367795,1655951.09,0
2046-03-29,9.4332,9.4332,9.4332,9.4332,106314000,0.00%,91785795,608281367795,1002881.22,0
2046-03-30,9.4332,9.4426,9.4426,9.4332,95645000,0.10%,1524766433,609809993433,903137.48,1528625638
2046-04-02,9.4426,9.4426,9.4426,9.4426,133527000,0.00%,1391239433,609809993433,1260842.05,0
2046-04-03,9.4426,9.4426,9.4426,9.4426,121260000,0.00%,1269979433,609809993433,1145009.68,0
2046-04-04,9.4426,9.4426,9.4426,9.4426,100016000,0.00%,1169963433,609809993433,944411.08,0
2046-04-05,9.4426,9.4426,9.4426,9.4426,80041000,0.00%,1089922433,609809993433,755795.15,0
2046-04-11,9.4426,9.4426,9.4426,9.4426,154442000,0.00%,935480433,609809993433,1458334.03,0
2046-04-12,9.4426,9.4426,9.4426,9.4426,97384000,0.00%,838096433,609809993433,919558.16,0
2046-04-13,9.4426,9.4426,9.4426,9.4426,97149000,0.00%,740947433,609809993433,917339.15,0
2046-04-16,9.4426,9.4426,9.4426,9.4426,99358000,0.00%,641589433,609809993433,938197.85,0
2046-04-17,9.4426,9.4426,9.4426,9.4426,83801000,0.00%,557788433,609809993433,791299.32,0
2046-04-18,9.4426,9.4426,9.4426,9.4426,95363000,0.00%,462425433,609809993433,900474.66,0
2046-04-19,9.4426,9.4426,9.4426,9.4426,106032000,0.00%,356393433,609809993433,1001217.76,0
2046-04-20,9.4426,9.4426,9.4426,9.4426,64625000,0.00%,291768433,609809993433,610228.03,0
2046-04-23,9.4426,9.4426,9.4426,9.4426,110121000,0.00%,181647433,609809993433,1039828.55,0
2046-04-24,9.4426,9.4426,9.4426,9.4426,61617000,0.00%,120030433,609809993433,581824.68,0
2046-04-25,9.4426,9.4426,9.4426,9.4426,108899000,0.00%,11131433,609809993433,1028289.7,0
2046-04-26,9.4426,9.4521,9.4521,9.4426,110450000,0.10%,1394695627,611304007627,1043984.45,1494014194
2046-04-27,9.4521,9.4521,9.4521,9.4521,87279000,0.00%,1307416627,611304007627,824969.84,0
2046-04-30,9.4521,9.4521,9.4521,9.4521,211735000,0.00%,1095681627,611304007627,2001340.39,0
2046-05-01,9.4521,9.4521,9.4521,9.4521,121213000,0.00%,974468627,611304007627,1145717.4,0
2046-05-02,9.4521,9.4521,9.4521,9.4521,90804000,0.00%,883664627,611304007627,858288.49,0
2046-05-03,9.4521,9.4521,9.4521,9.4521,180527000,0.00%,703137627,611304007627,1706359.26,0
2046-05-07,9.4521,9.4521,9.4521,9.4521,111672000,0.00%,591465627,611304007627,1055534.91,0
2046-05-08,9.4521,9.4521,9.4521,9.4521,61100000,0.00%,530365627,611304007627,577523.31,0
2046-05-09,9.4521,9.4521,9.4521,9.4521,208539000,0.00%,321826627,611304007627,1971131.48,0
2046-05-10,9.4521,9.4521,9.4521,9.4521,192653000,0.00%,129173627,611304007627,1820975.42,0
2046-05-11,9.4521,9.4521,9.4521,9.4521,118487000,0.00%,10686627,611304007627,1119950.97,0
2046-05-14,9.4521,9.4615,9.4615,9.4521,130707000,0.10%,1331656966,612755684966,1236684.28,1451677338
2046-05-15,9.4615,9.4615,9.4615,9.4615,152609000,0.00%,1179047966,612755684966,1443910.05,0
2046-05-16,9.4615,9.4615,9.4615,9.4615,125114000,0.00%,1053933966,612755684966,1183766.11,0
2046-05-17,9.4615,9.4615,9.4615,9.4615,184898000,0.00%,869035966,612755684966,1749412.43,0
2046-05-18,9.4615,9.4615,9.4615,9.4615,124315000,0.00%,744720966,612755684966,1176206.37,0
2046-05-21,9.4615,9.4615,9.4615,9.4615,138650000,0.00%,606070966,612755684966,1311836.97,0
2046-05-22,9.4615,9.4615,9.4615,9.4615,158578000,0.00%,447492966,612755684966,1500385.75,0
2046-05-23,9.4615,9.4615,9.4615,9.4615,88971000,0.00%,358521966,612755684966,841799.12,0
2046-05-24,9.4615,9.4615,9.4615,9.4615,186355000,0.00%,172166966,612755684966,1763197.83,0
2046-05-25,9.4615,9.4615,9.4615,9.4615,112800000,0.00%,59366966,612755684966,1067257.2,0
2046-05-29,9.4615,9.471,9.471,9.4615,154160000,0.10%,1327669536,614178147536,1460049.36,1422462569
2046-05-30,9.471,9.471,9.471,9.471,116842000,0.00%,1210827536,614178147536,1106610.58,0
2046-05-31,9.471,9.471,9.471,9.471,198340000,0.00%,1012487536,614178147536,1878478.14,0
2046-06-01,9.471,9.471,9.471,9.471,225647000,0.00%,786840536,614178147536,2137102.74,0
2046-06-04,9.471,9.471,9.471,9.471,165252000,0.00%,621588536,614178147536,1565101.69,0
2046-06-05,9.471,9.471,9.471,9.471,478789000,0.00%,142799536,614178147536,4534610.62,0
2046-06-06,9.471,9.4805,9.4805,9.471,230770000,0.10%,1347079158,615613197158,2187814.98,1435049622
2046-06-07,9.4805,9.4805,9.4805,9.4805,136535000,0.00%,1210544158,615613197158,1294420.07,0
2046-06-08,9.4805,9.4805,9.4805,9.4805,148755000,0.00%,1061789158,615613197158,1410271.78,0
2046-06-11,9.4805,9.4805,9.4805,9.4805,136394000,0.00%,925395158,615613197158,1293083.32,0
2046-06-12,9.4805,9.4805,9.4805,9.4805,175733000,0.00%,749662158,615613197158,1666036.71,0
2046-06-13,9.4805,9.4805,9.4805,9.4805,168213000,0.00%,581449158,615613197158,1594743.35,0
2046-06-14,9.4805,9.4805,9.4805,9.4805,134326000,0.00%,447123158,615613197158,1273477.64,0
2046-06-15,9.4805,9.4805,9.4805,9.4805,104951000,0.00%,342172158,615613197158,994987.96,0
2046-06-18,9.4805,9.4805,9.4805,9.4805,92825000,0.00%,249347158,615613197158,880027.41,0
2046-06-19,9.4805,9.4805,9.4805,9.4805,114304000,0.00%,135043158,615613197158,1083659.07,0
2046-06-20,9.4805,9.4805,9.4805,9.4805,79712000,0.00%,55331158,615613197158,755709.62,0
2046-06-21,9.4805,9.4899,9.4899,9.4805,141564000,0.10%,1348284130,617047714130,1343428.2,1434516972
2046-06-25,9.4899,9.4899,9.4899,9.4899,148332000,0.00%,1199952130,617047714130,1407655.85,0
2046-06-26,9.4899,9.4899,9.4899,9.4899,204168000,0.00%,995784130,617047714130,1937533.9,0
2046-06-27,9.4899,9.4899,9.4899,9.4899,187812000,0.00%,807972130,617047714130,1782317.1,0
2046-06-28,9.4899,9.4899,9.4899,9.4899,138509000,0.00%,669463130,617047714130,1314436.56,0
2046-06-29,9.4899,9.4899,9.4899,9.4899,149789000,0.00%,519674130,617047714130,1421482.63,0
2046-07-02,9.4899,9.4899,9.4899,9.4899,155429000,0.00%,364245130,617047714130,1475005.67,0
2046-07-03,9.4899,9.4899,9.4899,9.4899,183253000,0.00%,180992130,617047714130,1739052.64,0
2046-07-05,9.4899,9.4994,9.4994,9.4899,192277000,0.10%,1411210646,618470209646,1826516.13,1422495515
2046-07-06,9.4994,9.4994,9.4994,9.4994,117312000,0.00%,1293898646,618470209646,1114393.61,0
2046-07-09,9.4994,9.4994,9.4994,9.4994,195050000,0.00%,1098848646,618470209646,1852857.97,0
2046-07-10,9.4994,9.4994,9.4994,9.4994,260474000,0.00%,838374646,618470209646,2474346.72,0
2046-07-11,9.4994,9.4994,9.4994,9.4994,264516000,0.00%,573858646,618470209646,2512743.29,0
2046-07-12,9.4994,9.4994,9.4994,9.4994,199280000,0.00%,374578646,618470209646,1893040.43,0
2046-07-13,9.4994,9.4994,9.4994,9.4994,190068000,0.00%,184510646,618470209646,1805531.96,0
2046-07-16,9.4994,9.4994,9.4994,9.4994,144008000,0.00%,40502646,618470209646,1367989.6,0
2046-07-17,9.4994,9.5089,9.5089,9.4994,155711000,0.10%,1324962574,619910380574,1480640.33,1440170928
2046-07-18,9.5089,9.5089,9.5089,9.5089,93577000,0.00%,1231385574,619910380574,889814.34,0
2046-07-19,9.5089,9.5089,9.5089,9.5089,94846000,0.00%,1136539574,619910380574,901881.13,0
2046-07-20,9.5089,9.5089,9.5089,9.5089,69372000,0.00%,1067167574,619910380574,659651.41,0
2046-07-23,9.5089,9.5089,9.5089,9.5089,79477000,0.00%,987690574,619910380574,755738.85,0
2046-07-24,9.5089,9.5089,9.5089,9.5089,93107000,0.00%,894583574,619910380574,885345.15,0
2046-07-25,9.5089,9.5089,9.5089,9.5089,95410000,0.00%,799173574,619910380574,907244.15,0
2046-07-26,9.5089,9.5089,9.5089,9.5089,73743000,0.00%,725430574,619910380574,701214.81,0
2046-07-27,9.5089,9.5089,9.5089,9.5089,78772000,0.00%,646658574,619910380574,749035.07,0
2046-07-30,9.5089,9.5089,9.5089,9.5089,386763000,0.00%,259895574,619910380574,3677690.69,0
2046-07-31,9.5089,9.5184,9.5184,9.5089,507741000,0.10%,1226936044,621385162044,4832881.93,1474781469
2046-08-01,9.5184,9.5184,9.5184,9.5184,530442000,0.00%,696494044,621385162044,5048959.13,0
2046-08-02,9.5184,9.5184,9.5184,9.5184,342630000,0.00%,353864044,621385162044,3261289.39,0
2046-08-03,9.5184,9.5184,9.5184,9.5184,190162000,0.00%,163702044,621385162044,1810037.98,0
2046-08-06,9.5184,9.5184,9.5184,9.5184,138415000,0.00%,25287044,621385162044,1317489.34,0
2046-08-07,9.5184,9.528,9.528,9.5184,553707000,0.10%,998829275,622912411275,5275720.3,1527249230
2046-08-08,9.528,9.528,9.528,9.528,216670000,0.00%,782159275,622912411275,2064431.76,0
2046-08-09,9.528,9.528,9.528,9.528,275561000,0.00%,506598275,622912411275,2625545.21,0
2046-08-10,9.528,9.528,9.528,9.528,201865000,0.00%,304733275,622912411275,1923369.72,0
2046-08-13,9.528,9.528,9.528,9.528,192512000,0.00%,112221275,622912411275,1834254.34,0
2046-08-14,9.528,9.5375,9.5375,9.528,192136000,0.10%,1479045834,624471371834,1832497.1,1558960559
2046-08-15,9.5375,9.5375,9.5375,9.5375,94705000,0.00%,1384340834,624471371834,903248.94,0
2046-08-16,9.5375,9.5375,9.5375,9.5375,76845000,0.00%,1307495834,624471371834,732909.19,0
2046-08-17,9.5375,9.5375,9.5375,9.5375,124174000,0.00%,1183321834,624471371834,1184309.53,0
2046-08-20,9.5375,9.5375,9.5375,9.5375,136394000,0.00%,1046927834,624471371834,1300857.78,0
2046-08-21,9.5375,9.5375,9.5375,9.5375,202758000,0.00%,844169834,624471371834,1933804.43,0
2046-08-22,9.5375,9.5375,9.5375,9.5375,125020000,0.00%,719149834,624471371834,1192378.25,0
2046-08-23,9.5375,9.5375,9.5375,9.5375,240170000,0.00%,478979834,624471371834,2290621.38,0
2046-08-24,9.5375,9.5375,9.5375,9.5375,245058000,0.00%,233921834,624471371834,2337240.68,0
2046-08-27,9.5375,9.5375,9.5375,9.5375,209714000,0.00%,24207834,624471371834,2000147.28,0
2046-08-28,9.5375,9.547,9.547,9.5375,232744000,0.10%,1391085390,626070993390,2222006.97,1599621555
2046-08-29,9.547,9.547,9.547,9.547,193781000,0.00%,1197304390,626070993390,1850027.21,0
2046-08-30,9.547,9.547,9.547,9.547,81310000,0.00%,1115994390,626070993390,776266.57,0
2046-08-31,9.547,9.547,9.547,9.547,110262000,0.00%,1005732390,626070993390,1052671.31,0
2046-09-03,9.547,9.547,9.547,9.547,86856000,0.00%,918876390,626070993390,829214.23,0
2046-09-04,9.547,9.547,9.547,9.547,245246000,0.00%,673630390,626070993390,2341363.56,0
2046-09-05,9.547,9.547,9.547,9.547,165910000,0.00%,507720390,626070993390,1583942.77,0
2046-09-06,9.547,9.547,9.547,9.547,190209000,0.00%,317511390,626070993390,1815925.32,0
2046-09-07,9.547,9.547,9.547,9.547,127558000,0.00%,189953390,626070993390,1217796.23,0
2046-09-10,9.547,9.547,9.547,9.547,125819000,0.00%,64134390,626070993390,1201193.99,0
2046-09-11,9.547,9.5566,9.5566,9.547,117312000,0.10%,1578140094,627702311094,1121103.86,1631317704
2046-09-12,9.5566,9.5566,9.5566,9.5566,155100000,0.00%,1423040094,627702311094,1482228.66,0
2046-09-13,9.5566,9.5566,9.5566,9.5566,254223000,0.00%,1168817094,627702311094,2429507.52,0
2046-09-14,9.5566,9.5566,9.5566,9.5566,167649000,0.00%,1001168094,627702311094,1602154.43,0
2046-09-17,9.5566,9.5566,9.5566,9.5566,130754000,0.00%,870414094,627702311094,1249563.68,0
2046-09-18,9.5566,9.5566,9.5566,9.5566,93577000,0.00%,776837094,627702311094,894277.96,0
2046-09-19,9.5566,9.5566,9.5566,9.5566,169999000,0.00%,606838094,627702311094,1624612.44,0
2046-09-20,9.5566,9.5566,9.5566,9.5566,115244000,0.00%,491594094,627702311094,1101340.81,0
2046-09-21,9.5566,9.5566,9.5566,9.5566,112706000,0.00%,378888094,627702311094,1077086.16,0
2046-09-24,9.5566,9.5566,9.5566,9.5566,72897000,0.00%,305991094,627702311094,696647.47,0
2046-09-25,9.5566,9.5566,9.5566,9.5566,77832000,0.00%,228159094,627702311094,743809.29,0
2046-09-27,9.5566,9.5566,9.5566,9.5566,104387000,0.00%,123772094,627702311094,997584.8,0
2046-09-28,9.5566,9.5566,9.5566,9.5566,78302000,0.00%,45470094,627702311094,748300.89,0
2046-10-01,9.5566,9.5661,9.5661,9.5566,84459000,0.10%,1622419732,629363719732,807943.24,1661408637
2046-10-02,9.5661,9.5661,9.5661,9.5661,98465000,0.00%,1523954732,629363719732,941926.04,0
2046-10-03,9.5661,9.5661,9.5661,9.5661,85775000,0.00%,1438179732,629363719732,820532.23,0
2046-10-04,9.5661,9.5661,9.5661,9.5661,81498000,0.00%,1356681732,629363719732,779618.02,0
2046-10-08,9.5661,9.5661,9.5661,9.5661,55084000,0.00%,1301597732,629363719732,526939.05,0
2046-10-09,9.5661,9.5661,9.5661,9.5661,55836000,0.00%,1245761732,629363719732,534132.76,0
2046-10-10,9.5661,9.5661,9.5661,9.5661,50995000,0.00%,1194766732,629363719732,487823.27,0
2046-10-11,9.5661,9.5661,9.5661,9.5661,68385000,0.00%,1126381732,629363719732,654177.75,0
2046-10-12,9.5661,9.5661,9.5661,9.5661,140107000,0.00%,986274732,629363719732,1340277.57,0
2046-10-15,9.5661,9.5661,9.5661,9.5661,123140000,0.00%,863134732,629363719732,1177969.55,0
2046-10-16,9.5661,9.5661,9.5661,9.5661,77315000,0.00%,785819732,629363719732,739603.02,0
2046-10-19,9.5661,9.5661,9.5661,9.5661,136911000,0.00%,648908732,629363719732,1309704.32,0
2046-10-22,9.5661,9.5661,9.5661,9.5661,97431000,0.00%,551477732,629363719732,932034.69,0
2046-10-23,9.5661,9.5661,9.5661,9.5661,72521000,0.00%,478956732,629363719732,693743.14,0
2046-10-24,9.5661,9.5661,9.5661,9.5661,153784000,0.00%,325172732,629363719732,1471113.12,0
2046-10-25,9.5661,9.5661,9.5661,9.5661,78396000,0.00%,246776732,629363719732,749943.98,0
2046-10-26,9.5661,9.5661,9.5661,9.5661,59878000,0.00%,186898732,629363719732,572798.94,0
2046-10-29,9.5661,9.5661,9.5661,9.5661,57622000,0.00%,129276732,629363719732,551217.81,0
2046-10-30,9.5661,9.5661,9.5661,9.5661,71957000,0.00%,57319732,629363719732,688347.86,0
2046-10-31,9.5661,9.5757,9.5757,9.5661,87984000,0.10%,1626371894,631020755894,842508.39,1657036162
2046-11-01,9.5757,9.5757,9.5757,9.5757,64249000,0.00%,1562122894,631020755894,615229.15,0
2046-11-02,9.5757,9.5757,9.5757,9.5757,77268000,0.00%,1484854894,631020755894,739895.19,0
2046-11-05,9.5757,9.5757,9.5757,9.5757,106455000,0.00%,1378399894,631020755894,1019381.14,0
2046-11-06,9.5757,9.5757,9.5757,9.5757,155147000,0.00%,1223252894,631020755894,1485641.13,0
2046-11-07,9.5757,9.5757,9.5757,9.5757,90992000,0.00%,1132260894,631020755894,871312.09,0
2046-11-08,9.5757,9.5757,9.5757,9.5757,77268000,0.00%,1054992894,631020755894,739895.19,0
2046-11-09,9.5757,9.5757,9.5757,9.5757,94094000,0.00%,960898894,631020755894,901015.92,0
2046-11-12,9.5757,9.5757,9.5757,9.5757,104998000,0.00%,855900894,631020755894,1005429.35,0
2046-11-13,9.5757,9.5757,9.5757,9.5757,63967000,0.00%,791933894,631020755894,612528.8,0
2046-11-14,9.5757,9.5757,9.5757,9.5757,143914000,0.00%,648019894,631020755894,1378077.29,0
2046-11-15,9.5757,9.5757,9.5757,9.5757,169388000,0.00%,478631894,631020755894,1622008.67,0
2046-11-16,9.5757,9.5757,9.5757,9.5757,112001000,0.00%,366630894,631020755894,1072487.98,0
2046-11-19,9.5757,9.5757,9.5757,9.5757,91133000,0.00%,275497894,631020755894,872662.27,0
2046-11-20,9.5757,9.5757,9.5757,9.5757,132822000,0.00%,142675894,631020755894,1271863.63,0
2046-11-21,9.5757,9.5757,9.5757,9.5757,100768000,0.00%,41907894,631020755894,964924.14,0
2046-11-22,9.5757,9.5853,9.5853,9.5757,90804000,0.10%,1616080968,632685732968,870383.58,1664977073
2046-11-23,9.5853,9.5853,9.5853,9.5853,71487000,0.00%,1544593968,632685732968,685224.34,0
2046-11-26,9.5853,9.5853,9.5853,9.5853,69043000,0.00%,1475550968,632685732968,661797.87,0
2046-11-27,9.5853,9.5853,9.5853,9.5853,88031000,0.00%,1387519968,632685732968,843803.54,0
2046-11-28,9.5853,9.5853,9.5853,9.5853,122294000,0.00%,1265225968,632685732968,1172224.68,0
2046-11-29,9.5853,9.5853,9.5853,9.5853,79618000,0.00%,1185607968,632685732968,763162.42,0
2046-11-30,9.5853,9.5853,9.5853,9.5853,154583000,0.00%,1031024968,632685732968,1481724.43,0
2046-12-03,9.5853,9.5853,9.5853,9.5853,91697000,0.00%,939327968,632685732968,878943.25,0
2046-12-04,9.5853,9.5853,9.5853,9.5853,167273000,0.00%,772054968,632685732968,1603361.89,0
2046-12-05,9.5853,9.5853,9.5853,9.5853,95598000,0.00%,676456968,632685732968,916335.51,0
2046-12-06,9.5853,9.5853,9.5853,9.5853,83284000,0.00%,593172968,632685732968,798302.13,0
2046-12-07,9.5853,9.5853,9.5853,9.5853,105750000,0.00%,487422968,632685732968,1013645.47,0
2046-12-10,9.5853,9.5853,9.5853,9.5853,145512000,0.00%,341910968,632685732968,1394776.17,0
2046-12-11,9.5853,9.5853,9.5853,9.5853,109228000,0.00%,232682968,632685732968,1046983.15,0
2046-12-12,9.5853,9.5853,9.5853,9.5853,71299000,0.00%,161383968,632685732968,683422.3,0
2046-12-13,9.5853,9.5853,9.5853,9.5853,62745000,0.00%,98638968,632685732968,601429.65,0
2046-12-14,9.5853,9.5853,9.5853,9.5853,71581000,0.00%,27057968,632685732968,686125.36,0
2046-12-17,9.5853,9.5949,9.5949,9.5853,104528000,0.10%,1597817043,634361020043,1002935.71,1675287074
2046-12-18,9.5949,9.5949,9.5949,9.5949,64155000,0.00%,1533662043,634361020043,615560.81,0
2046-12-19,9.5949,9.5949,9.5949,9.5949,62839000,0.00%,1470823043,634361020043,602933.92,0
2046-12-20,9.5949,9.5949,9.5949,9.5949,98841000,0.00%,1371982043,634361020043,948369.51,0
2046-12-21,9.5949,9.5949,9.5949,9.5949,132916000,0.00%,1239066043,634361020043,1275315.73,0
2046-12-24,9.5949,9.5949,9.5949,9.5949,95927000,0.00%,1143139043,634361020043,920409.97,0
2046-12-25,9.5949,9.5949,9.5949,9.5949,80981000,0.00%,1062158043,634361020043,777004.6,0
2046-12-26,9.5949,9.5949,9.5949,9.5949,65048000,0.00%,997110043,634361020043,624129.06,0
2046-12-27,9.5949,9.5949,9.5949,9.5949,154865000,0.00%,842245043,634361020043,1485914.19,0
2046-12-28,9.5949,9.5949,9.5949,9.5949,44697000,0.00%,797548043,634361020043,428863.25,0
2047-01-01,9.5949,9.5949,9.5949,9.5949,90960000,0.00%,706588043,634361020043,872752.1,0
2047-01-02,9.5949,9.5949,9.5949,9.5949,46032000,0.00%,660556043,634361020043,441672.44,0
2047-01-03,9.5949,9.5949,9.5949,9.5949,36768000,0.00%,623788043,634361020043,352785.28,0
2047-01-04,9.5949,9.5949,9.5949,9.5949,47424000,0.00%,576364043,634361020043,455028.54,0
2047-01-07,9.5949,9.5949,9.5949,9.5949,28896000,0.00%,547468043,634361020043,277254.23,0
2047-01-08,9.5949,9.5949,9.5949,9.5949,65088000,0.00%,482380043,634361020043,624512.85,0
2047-01-09,9.5949,9.5949,9.5949,9.5949,153264000,0.00%,329116043,634361020043,1470552.75,0
2047-01-10,9.5949,9.5949,9.5949,9.5949,107472000,0.00%,221644043,634361020043,1031183.09,0
2047-01-11,9.5949,9.5949,9.5949,9.5949,99888000,0.00%,121756043,634361020043,958415.37,0
2047-01-14,9.5949,9.5949,9.5949,9.5949,93888000,0.00%,27868043,634361020043,900845.97,0
2047-01-15,9.5949,9.6045,9.6045,9.5949,78768000,0.10%,1627036577,636038956577,756527.26,1677936533
2047-01-16,9.6045,9.6045,9.6045,9.6045,135696000,0.00%,1491340577,636038956577,1303292.23,0
2047-01-17,9.6045,9.6045,9.6045,9.6045,87888000,0.00%,1403452577,636038956577,844120.3,0
2047-01-18,9.6045,9.6045,9.6045,9.6045,65856000,0.00%,1337596577,636038956577,632513.95,0
2047-01-21,9.6045,9.6045,9.6045,9.6045,60864000,0.00%,1276732577,636038956577,584568.29,0
2047-01-22,9.6045,9.6045,9.6045,9.6045,112992000,0.00%,1163740577,636038956577,1085231.66,0
2047-01-23,9.6045,9.6045,9.6045,9.6045,83952000,0.00%,1079788577,636038956577,806316.98,0
2047-01-24,9.6045,9.6045,9.6045,9.6045,141792000,0.00%,937996577,636038956577,1361841.26,0
2047-01-25,9.6045,9.6045,9.6045,9.6045,128736000,0.00%,809260577,636038956577,1236444.91,0
2047-01-28,9.6045,9.6045,9.6045,9.6045,70464000,0.00%,738796577,636038956577,676771.49,0
2047-01-29,9.6045,9.6045,9.6045,9.6045,120000000,0.00%,618796577,636038956577,1152540.0,0
2047-01-30,9.6045,9.6045,9.6045,9.6045,103776000,0.00%,515020577,636038956577,996716.59,0
2047-01-31,9.6045,9.6045,9.6045,9.6045,98448000,0.00%,416572577,636038956577,945543.82,0
2047-02-01,9.6045,9.6045,9.6045,9.6045,72144000,0.00%,344428577,636038956577,692907.05,0
2047-02-04,9.6045,9.6045,9.6045,9.6045,54864000,0.00%,289564577,636038956577,526941.29,0
2047-02-08,9.6045,9.6045,9.6045,9.6045,76464000,0.00%,213100577,636038956577,734398.49,0
2047-02-11,9.6045,9.6045,9.6045,9.6045,73824000,0.00%,139276577,636038956577,709042.61,0
2047-02-12,9.6045,9.6045,9.6045,9.6045,90000000,0.00%,49276577,636038956577,864405.0,0
2047-02-13,9.6045,9.6141,9.6141,9.6045,112176000,0.10%,1633556584,637735412584,1078471.28,1696456007
2047-02-14,9.6141,9.6141,9.6141,9.6141,90288000,0.00%,1543268584,637735412584,868037.86,0
2047-02-15,9.6141,9.6141,9.6141,9.6141,74496000,0.00%,1468772584,637735412584,716211.99,0
2047-02-18,9.6141,9.6141,9.6141,9.6141,61728000,0.00%,1407044584,637735412584,593459.16,0
2047-02-19,9.6141,9.6141,9.6141,9.6141,66672000,0.00%,1340372584,637735412584,640991.28,0
2047-02-20,9.6141,9.6141,9.6141,9.6141,58608000,0.00%,1281764584,637735412584,563463.17,0
2047-02-21,9.6141,9.6141,9.6141,9.6141,62016000,0.00%,1219748584,637735412584,596228.03,0
2047-02-22,9.6141,9.6141,9.6141,9.6141,115344000,0.00%,1104404584,637735412584,1108928.75,0
2047-02-25,9.6141,9.6141,9.6141,9.6141,220992000,0.00%,883412584,637735412584,2124639.19,0
2047-02-26,9.6141,9.6141,9.6141,9.6141,146688000,0.00%,736724584,637735412584,1410273.1,0
2047-02-27,9.6141,9.6141,9.6141,9.6141,97152000,0.00%,639572584,637735412584,934029.04,0
2047-02-28,9.6141,9.6141,9.6141,9.6141,163056000,0.00%,476516584,637735412584,1567636.69,0
2047-03-01,9.6141,9.6141,9.6141,9.6141,122544000,0.00%,353972584,637735412584,1178150.27,0
2047-03-04,9.6141,9.6141,9.6141,9.6141,128880000,0.00%,225092584,637735412584,1239065.21,0
2047-03-05,9.6141,9.6141,9.6141,9.6141,92688000,0.00%,132404584,637735412584,891111.7,0
2047-03-06,9.6141,9.6141,9.6141,9.6141,67248000,0.00%,65156584,637735412584,646529.0,0
2047-03-07,9.6141,9.6237,9.6237,9.6141,95376000,0.10%,1690354879,639455986879,917870.01,1720574294
2047-03-08,9.6237,9.6237,9.6237,9.6237,199440000,0.00%,1490914879,639455986879,1919350.73,0
2047-03-11,9.6237,9.6237,9.6237,9.6237,191424000,0.00%,1299490879,639455986879,1842207.15,0
2047-03-12,9.6237,9.6237,9.6237,9.6237,154848000,0.00%,1144642879,639455986879,1490210.7,0
2047-03-13,9.6237,9.6237,9.6237,9.6237,159408000,0.00%,985234879,639455986879,1534094.77,0
2047-03-14,9.6237,9.6237,9.6237,9.6237,115488000,0.00%,869746879,639455986879,1111421.87,0
2047-03-15,9.6237,9.6237,9.6237,9.6237,232512000,0.00%,637234879,639455986879,2237625.73,0
2047-03-18,9.6237,9.6237,9.6237,9.6237,321168000,0.00%,316066879,639455986879,3090824.48,0
2047-03-19,9.6237,9.6333,9.6333,9.6237,568320000,0.10%,1530534662,641238774662,5474797.06,1782787783
2047-03-20,9.6333,9.6333,9.6333,9.6333,517152000,0.00%,1013382662,641238774662,4981880.36,0
2047-03-21,9.6333,9.6333,9.6333,9.6333,334512000,0.00%,678870662,641238774662,3222454.45,0
2047-03-22,9.6333,9.6333,9.6333,9.6333,181008000,0.00%,497862662,641238774662,1743704.37,0
2047-03-25,9.6333,9.6333,9.6333,9.6333,147360000,0.00%,350502662,641238774662,1419563.09,0
2047-03-26,9.6333,9.6333,9.6333,9.6333,148848000,0.00%,201654662,641238774662,1433897.44,0
2047-03-27,9.6333,9.6429,9.6429,9.6333,202848000,0.10%,1831545910,643071513910,1956042.98,1832739247
2047-03-28,9.6429,9.6429,9.6429,9.6429,225264000,0.00%,1606281910,643071513910,2172198.23,0
2047-03-29,9.6429,9.6429,9.6429,9.6429,183840000,0.00%,1422441910,643071513910,1772750.74,0
2047-04-01,9.6429,9.6429,9.6429,9.6429,129264000,0.00%,1293177910,643071513910,1246479.83,0
2047-04-02,9.6429,9.6429,9.6429,9.6429,100320000,0.00%,1192857910,643071513910,967375.73,0
2047-04-03,9.6429,9.6429,9.6429,9.6429,129360000,0.00%,1063497910,643071513910,1247405.54,0
2047-04-04,9.6429,9.6429,9.6429,9.6429,70032000,0.00%,993465910,643071513910,675311.57,0
2047-04-05,9.6429,9.6429,9.6429,9.6429,69600000,0.00%,923865910,643071513910,671145.84,0
2047-04-08,9.6429,9.6429,9.6429,9.6429,75216000,0.00%,848649910,643071513910,725300.37,0
2047-04-10,9.6429,9.6429,9.6429,9.6429,82224000,0.00%,766425910,643071513910,792877.81,0
2047-04-11,9.6429,9.6429,9.6429,9.6429,76176000,0.00%,690249910,643071513910,734557.55,0
2047-04-12,9.6429,9.6429,9.6429,9.6429,94080000,0.00%,596169910,643071513910,907204.03,0
2047-04-15,9.6429,9.6429,9.6429,9.6429,109392000,0.00%,486777910,643071513910,1054856.12,0
2047-04-16,9.6429,9.6429,9.6429,9.6429,126768000,0.00%,360009910,643071513910,1222411.15,0
2047-04-17,9.6429,9.6429,9.6429,9.6429,103872000,0.00%,256137910,643071513910,1001627.31,0
2047-04-18,9.6429,9.6429,9.6429,9.6429,72768000,0.00%,183369910,643071513910,701694.55,0
2047-04-23,9.6429,9.6429,9.6429,9.6429,85152000,0.00%,98217910,643071513910,821112.22,0
2047-04-24,9.6429,9.6429,9.6429,9.6429,52080000,0.00%,46137910,643071513910,502202.23,0
2047-04-25,9.6429,9.6526,9.6526,9.6429,123552000,0.10%,1754981514,644903909514,1192598.04,1832395604
2047-04-26,9.6526,9.6526,9.6526,9.6526,134544000,0.00%,1620437514,644903909514,1298699.41,0
2047-04-29,9.6526,9.6526,9.6526,9.6526,123792000,0.00%,1496645514,644903909514,1194914.66,0
2047-04-30,9.6526,9.6526,9.6526,9.6526,130992000,0.00%,1365653514,644903909514,1264413.38,0
2047-05-01,9.6526,9.6526,9.6526,9.6526,112368000,0.00%,1253285514,644903909514,1084643.36,0
2047-05-02,9.6526,9.6526,9.6526,9.6526,101904000,0.00%,1151381514,644903909514,983638.55,0
2047-05-03,9.6526,9.6526,9.6526,9.6526,227856000,0.00%,923525514,644903909514,2199402.83,0
2047-05-07,9.6526,9.6526,9.6526,9.6526,122736000,0.00%,800789514,644903909514,1184721.51,0
2047-05-08,9.6526,9.6526,9.6526,9.6526,67680000,0.00%,733109514,644903909514,653287.97,0
2047-05-09,9.6526,9.6526,9.6526,9.6526,102672000,0.00%,630437514,644903909514,991051.75,0
2047-05-10,9.6526,9.6526,9.6526,9.6526,110016000,0.00%,520421514,644903909514,1061940.44,0
2047-05-14,9.6526,9.6526,9.6526,9.6526,136320000,0.00%,384101514,644903909514,1315842.43,0
2047-05-15,9.6526,9.6526,9.6526,9.6526,116880000,0.00%,267221514,644903909514,1128195.89,0
2047-05-16,9.6526,9.6526,9.6526,9.6526,96096000,0.00%,171125514,644903909514,927576.25,0
2047-05-17,9.6526,9.6526,9.6526,9.6526,93552000,0.00%,77573514,644903909514,903020.04,0
2047-05-20,9.6526,9.6526,9.6526,9.6526,74688000,0.00%,2885514,644903909514,720933.39,0
2047-05-21,9.6526,9.6622,9.6622,9.6526,144576000,0.10%,1658397014,646703997014,1396922.23,1800087499
2047-05-22,9.6622,9.6622,9.6622,9.6622,136032000,0.00%,1522365014,646703997014,1314368.39,0
2047-05-23,9.6622,9.6622,9.6622,9.6622,288720000,0.00%,1233645014,646703997014,2789670.38,0
2047-05-24,9.6622,9.6622,9.6622,9.6622,135984000,0.00%,1097661014,646703997014,1313904.6,0
2047-05-27,9.6622,9.6622,9.6622,9.6622,81744000,0.00%,1015917014,646703997014,789826.88,0
2047-05-28,9.6622,9.6622,9.6622,9.6622,94560000,0.00%,921357014,646703997014,913657.63,0
2047-05-29,9.6622,9.6622,9.6622,9.6622,103440000,0.00%,817917014,646703997014,999457.97,0
2047-05-30,9.6622,9.6622,9.6622,9.6622,88800000,0.00%,729117014,646703997014,858003.36,0
2047-05-31,9.6622,9.6622,9.6622,9.6622,99648000,0.00%,629469014,646703997014,962818.91,0
2047-06-03,9.6622,9.6622,9.6622,9.6622,107040000,0.00%,522429014,646703997014,1034241.89,0
2047-06-04,9.6622,9.6622,9.6622,9.6622,310848000,0.00%,211581014,646703997014,3003475.55,0
2047-06-05,9.6622,9.6622,9.6622,9.6622,129216000,0.00%,82365014,646703997014,1248510.84,0
2047-06-06,9.6622,9.6622,9.6622,9.6622,68064000,0.00%,14301014,646703997014,657647.98,0
2047-06-10,9.6622,9.6719,9.6719,9.6622,114720000,0.10%,1692524222,648496940222,1109560.37,1792943207
2047-06-11,9.6719,9.6719,9.6719,9.6719,130032000,0.00%,1562492222,648496940222,1257656.5,0
2047-06-12,9.6719,9.6719,9.6719,9.6719,227904000,0.00%,1334588222,648496940222,2204264.7,0
2047-06-13,9.6719,9.6719,9.6719,9.6719,187920000,0.00%,1146668222,648496940222,1817543.45,0
2047-06-14,9.6719,9.6719,9.6719,9.6719,142848000,0.00%,1003820222,648496940222,1381611.57,0
2047-06-17,9.6719,9.6719,9.6719,9.6719,119712000,0.00%,884108222,648496940222,1157842.49,0
2047-06-18,9.6719,9.6719,9.6719,9.6719,78288000,0.00%,805820222,648496940222,757193.71,0
2047-06-19,9.6719,9.6719,9.6719,9.6719,101952000,0.00%,703868222,648496940222,986069.55,0
2047-06-20,9.6719,9.6719,9.6719,9.6719,106272000,0.00%,597596222,648496940222,1027852.16,0
2047-06-21,9.6719,9.6719,9.6719,9.6719,93504000,0.00%,504092222,648496940222,904361.34,0
2047-06-24,9.6719,9.6719,9.6719,9.6719,55872000,0.00%,448220222,648496940222,540388.4,0
2047-06-25,9.6719,9.6719,9.6719,9.6719,72048000,0.00%,376172222,648496940222,696841.05,0
2047-06-26,9.6719,9.6719,9.6719,9.6719,65808000,0.00%,310364222,648496940222,636488.4,0
2047-06-27,9.6719,9.6719,9.6719,9.6719,60576000,0.00%,249788222,648496940222,585885.01,0
2047-06-28,9.6719,9.6719,9.6719,9.6719,87360000,0.00%,162428222,648496940222,844937.18,0
2047-07-01,9.6719,9.6816,9.6816,9.6719,275520000,0.10%,1670126622,650280158622,2667474.43,1783218400
2047-07-02,9.6816,9.6816,9.6816,9.6816,281232000,0.00%,1388894622,650280158622,2722775.73,0
2047-07-03,9.6816,9.6816,9.6816,9.6816,167904000,0.00%,1220990622,650280158622,1625579.37,0
2047-07-04,9.6816,9.6816,9.6816,9.6816,160272000,0.00%,1060718622,650280158622,1551689.4,0
2047-07-08,9.6816,9.6816,9.6816,9.6816,184608000,0.00%,876110622,650280158622,1787300.81,0
2047-07-09,9.6816,9.6816,9.6816,9.6816,93552000,0.00%,782558622,650280158622,905733.04,0
2047-07-10,9.6816,9.6816,9.6816,9.6816,119136000,0.00%,663422622,650280158622,1153427.1,0
2047-07-11,9.6816,9.6816,9.6816,9.6816,91152000,0.00%,572270622,650280158622,882497.2,0
2047-07-12,9.6816,9.6816,9.6816,9.6816,90000000,0.00%,482270622,650280158622,871344.0,0
2047-07-15,9.6816,9.6816,9.6816,9.6816,98880000,0.00%,383390622,650280158622,957316.61,0
2047-07-16,9.6816,9.6816,9.6816,9.6816,83088000,0.00%,300302622,650280158622,804424.78,0
2047-07-17,9.6816,9.6816,9.6816,9.6816,82224000,0.00%,218078622,650280158622,796059.88,0
2047-07-18,9.6816,9.6816,9.6816,9.6816,80496000,0.00%,137582622,650280158622,779330.07,0
2047-07-19,9.6816,9.6816,9.6816,9.6816,126384000,0.00%,11198622,650280158622,1223599.33,0
2047-07-22,9.6816,9.6912,9.6912,9.6816,97776000,0.10%,1708825102,652075561102,947566.77,1795402479
2047-07-23,9.6912,9.6912,9.6912,9.6912,60768000,0.00%,1648057102,652075561102,588914.84,0
2047-07-24,9.6912,9.6912,9.6912,9.6912,76704000,0.00%,1571353102,652075561102,743353.8,0
2047-07-25,9.6912,9.6912,9.6912,9.6912,91728000,0.00%,1479625102,652075561102,888954.39,0
2047-07-26,9.6912,9.6912,9.6912,9.6912,72384000,0.00%,1407241102,652075561102,701487.82,0
2047-07-29,9.6912,9.6912,9.6912,9.6912,80880000,0.00%,1326361102,652075561102,783824.26,0
2047-07-30,9.6912,9.6912,9.6912,9.6912,66528000,0.00%,1259833102,652075561102,644736.15,0
2047-07-31,9.6912,9.6912,9.6912,9.6912,95136000,0.00%,1164697102,652075561102,921982.0,0
2047-08-01,9.6912,9.6912,9.6912,9.6912,73680000,0.00%,1091017102,652075561102,714047.62,0
2047-08-02,9.6912,9.6912,9.6912,9.6912,178512000,0.00%,912505102,652075561102,1729995.49,0
2047-08-05,9.6912,9.6912,9.6912,9.6912,191952000,0.00%,720553102,652075561102,1860245.22,0
2047-08-06,9.6912,9.6912,9.6912,9.6912,204912000,0.00%,515641102,652075561102,1985843.17,0
2047-08-07,9.6912,9.6912,9.6912,9.6912,131520000,0.00%,384121102,652075561102,1274586.62,0
2047-08-08,9.6912,9.6912,9.6912,9.6912,94992000,0.00%,289129102,652075561102,920586.47,0
2047-08-09,9.6912,9.6912,9.6912,9.6912,78912000,0.00%,210217102,652075561102,764751.97,0
2047-08-12,9.6912,9.6912,9.6912,9.6912,72240000,0.00%,137977102,652075561102,700092.29,0
2047-08-13,9.6912,9.6912,9.6912,9.6912,68112000,0.00%,69865102,652075561102,660087.01,0
2047-08-14,9.6912,9.7009,9.7009,9.6912,73728000,0.10%,1760845373,653840269373,715227.96,1764708271
2047-08-15,9.7009,9.7009,9.7009,9.7009,71328000,0.00%,1689517373,653840269373,691945.8,0
2047-08-16,9.7009,9.7009,9.7009,9.7009,52704000,0.00%,1636813373,653840269373,511276.23,0
2047-08-19,9.7009,9.7009,9.7009,9.7009,55776000,0.00%,1581037373,653840269373,541077.4,0
2047-08-20,9.7009,9.7009,9.7009,9.7009,112944000,0.00%,1468093373,653840269373,1095658.45,0
2047-08-21,9.7009,9.7009,9.7009,9.7009,84576000,0.00%,1383517373,653840269373,820463.32,0
2047-08-22,9.7009,9.7009,9.7009,9.7009,154608000,0.00%,1228909373,653840269373,1499836.75,0
2047-08-23,9.7009,9.7009,9.7009,9.7009,111696000,0.00%,1117213373,653840269373,1083551.73,0
2047-08-26,9.7009,9.7009,9.7009,9.7009,70944000,0.00%,1046269373,653840269373,688220.65,0
2047-08-27,9.7009,9.7009,9.7009,9.7009,64944000,0.00%,981325373,653840269373,630015.25,0
2047-08-28,9.7009,9.7009,9.7009,9.7009,62640000,0.00%,918685373,653840269373,607664.38,0
2047-08-29,9.7009,9.7009,9.7009,9.7009,93312000,0.00%,825373373,653840269373,905210.38,0
2047-08-30,9.7009,9.7009,9.7009,9.7009,89184000,0.00%,736189373,653840269373,865165.07,0
2047-09-02,9.7009,9.7009,9.7009,9.7009,59472000,0.00%,676717373,653840269373,576931.92,0
2047-09-03,9.7009,9.7009,9.7009,9.7009,67392000,0.00%,609325373,653840269373,653763.05,0
2047-09-04,9.7009,9.7009,9.7009,9.7009,125808000,0.00%,483517373,653840269373,1220450.83,0
2047-09-05,9.7009,9.7009,9.7009,9.7009,114864000,0.00%,368653373,653840269373,1114284.18,0
2047-09-06,9.7009,9.7009,9.7009,9.7009,122352000,0.00%,246301373,653840269373,1186924.52,0
2047-09-09,9.7009,9.7009,9.7009,9.7009,97776000,0.00%,148525373,653840269373,948515.2,0
2047-09-10,9.7009,9.7009,9.7009,9.7009,77904000,0.00%,70621373,653840269373,755738.91,0
2047-09-11,9.7009,9.7106,9.7106,9.7009,72864000,0.10%,1690383032,655532895032,707553.16,1692625659
2047-09-12,9.7106,9.7106,9.7106,9.7106,113136000,0.00%,1577247032,655532895032,1098618.44,0
2047-09-13,9.7106,9.7106,9.7106,9.7106,82368000,0.00%,1494879032,655532895032,799842.7,0
2047-09-17,9.7106,9.7106,9.7106,9.7106,82416000,0.00%,1412463032,655532895032,800308.81,0
2047-09-18,9.7106,9.7106,9.7106,9.7106,86352000,0.00%,1326111032,655532895032,838529.73,0
2047-09-19,9.7106,9.7106,9.7106,9.7106,63936000,0.00%,1262175032,655532895032,620856.92,0
2047-09-20,9.7106,9.7106,9.7106,9.7106,119712000,0.00%,1142463032,655532895032,1162475.35,0
2047-09-23,9.7106,9.7106,9.7106,9.7106,110016000,0.00%,1032447032,655532895032,1068321.37,0
2047-09-24,9.7106,9.7106,9.7106,9.7106,72672000,0.00%,959775032,655532895032,705688.72,0
2047-09-25,9.7106,9.7106,9.7106,9.7106,77232000,0.00%,882543032,655532895032,749969.06,0
2047-09-26,9.7106,9.7106,9.7106,9.7106,84192000,0.00%,798351032,655532895032,817554.84,0
2047-09-27,9.7106,9.7106,9.7106,9.7106,94416000,0.00%,703935032,655532895032,916836.01,0
2047-09-30,9.7106,9.7106,9.7106,9.7106,118320000,0.00%,585615032,655532895032,1148958.19,0
2047-10-01,9.7106,9.7106,9.7106,9.7106,109104000,0.00%,476511032,655532895032,1059465.3,0
2047-10-02,9.7106,9.7106,9.7106,9.7106,106368000,0.00%,370143032,655532895032,1032897.1,0
2047-10-03,9.7106,9.7106,9.7106,9.7106,96768000,0.00%,273375032,655532895032,939675.34,0
2047-10-04,9.7106,9.7106,9.7106,9.7106,107808000,0.00%,165567032,655532895032,1046880.36,0
2047-10-07,9.7106,9.7106,9.7106,9.7106,67152000,0.00%,98415032,655532895032,652086.21,0
2047-10-09,9.7106,9.7106,9.7106,9.7106,87072000,0.00%,11343032,655532895032,845521.36,0
2047-10-10,9.7106,9.7203,9.7203,9.7106,49776000,0.10%,1599206649,657170534649,483837.65,1637639616
2047-10-11,9.7203,9.7203,9.7203,9.7203,47904000,0.00%,1551302649,657170534649,465641.25,0
2047-10-14,9.7203,9.7203,9.7203,9.7203,75264000,0.00%,1476038649,657170534649,731588.66,0
2047-10-15,9.7203,9.7203,9.7203,9.7203,102336000,0.00%,1373702649,657170534649,994736.62,0
2047-10-16,9.7203,9.7203,9.7203,9.7203,153744000,0.00%,1219958649,657170534649,1494437.8,0
2047-10-17,9.7203,9.7203,9.7203,9.7203,106368000,0.00%,1113590649,657170534649,1033928.87,0
2047-10-18,9.7203,9.7203,9.7203,9.7203,151008000,0.00%,962582649,657170534649,1467843.06,0
2047-10-21,9.7203,9.7203,9.7203,9.7203,126336000,0.00%,836246649,657170534649,1228023.82,0
2047-10-22,9.7203,9.7203,9.7203,9.7203,106224000,0.00%,730022649,657170534649,1032529.15,0
2047-10-23,9.7203,9.7203,9.7203,9.7203,100608000,0.00%,629414649,657170534649,977939.94,0
2047-10-24,9.7203,9.7203,9.7203,9.7203,237168000,0.00%,392246649,657170534649,2305344.11,0
2047-10-25,9.7203,9.7203,9.7203,9.7203,127440000,0.00%,264806649,657170534649,1238755.03,0
2047-10-28,9.7203,9.7301,9.7301,9.7203,408336000,0.10%,1421442744,658735506744,3973150.11,1564972095
2047-10-29,9.7301,9.7301,9.7301,9.7301,350496000,0.00%,1070946744,658735506744,3410361.13,0
2047-10-30,9.7301,9.7301,9.7301,9.7301,241680000,0.00%,829266744,658735506744,2351570.57,0
2047-10-31,9.7301,9.7301,9.7301,9.7301,205056000,0.00%,624210744,658735506744,1995215.39,0
2047-11-01,9.7301,9.7301,9.7301,9.7301,195984000,0.00%,428226744,658735506744,1906943.92,0
2047-11-04,9.7301,9.7301,9.7301,9.7301,237648000,0.00%,190578744,658735506744,2312338.8,0
2047-11-05,9.7301,9.7398,9.7398,9.7301,373632000,0.10%,1416263895,660334823895,3639100.95,1599317151
2047-11-06,9.7398,9.7398,9.7398,9.7398,168720000,0.00%,1247543895,660334823895,1643299.06,0
2047-11-07,9.7398,9.7398,9.7398,9.7398,147024000,0.00%,1100519895,660334823895,1431984.36,0
2047-11-08,9.7398,9.7398,9.7398,9.7398,322368000,0.00%,778151895,660334823895,3139799.85,0
2047-11-11,9.7398,9.7398,9.7398,9.7398,211104000,0.00%,567047895,660334823895,2056110.74,0
2047-11-12,9.7398,9.7398,9.7398,9.7398,112992000,0.00%,454055895,660334823895,1100519.48,0
2047-11-13,9.7398,9.7398,9.7398,9.7398,151968000,0.00%,302087895,660334823895,1480137.93,0
2047-11-14,9.7398,9.7398,9.7398,9.7398,111648000,0.00%,190439895,660334823895,1087429.19,0
2047-11-15,9.7398,9.7495,9.7495,9.7398,254448000,0.10%,1532201470,661931033470,2480740.78,1596209574
2047-11-18,9.7495,9.7495,9.7495,9.7495,232320000,0.00%,1299881470,661931033470,2265003.84,0
2047-11-19,9.7495,9.7495,9.7495,9.7495,302880000,0.00%,997001470,661931033470,2952928.56,0
2047-11-20,9.7495,9.7495,9.7495,9.7495,296592000,0.00%,700409470,661931033470,2891623.7,0
2047-11-21,9.7495,9.7495,9.7495,9.7495,335136000,0.00%,365273470,661931033470,3267408.43,0
2047-11-22,9.7495,9.7495,9.7495,9.7495,214848000,0.00%,150425470,661931033470,2094660.58,0
2047-11-25,9.7495,9.7495,9.7495,9.7495,150288000,0.00%,137470,661931033470,1465232.86,0
2047-11-26,9.7495,9.7593,9.7593,9.7495,136608000,0.10%,1491130432,663558634432,1333198.45,1627600961
2047-11-27,9.7593,9.7593,9.7593,9.7593,112224000,0.00%,1378906432,663558634432,1095227.68,0
2047-11-28,9.7593,9.7593,9.7593,9.7593,82416000,0.00%,1296490432,663558634432,804322.47,0
2047-11-29,9.7593,9.7593,9.7593,9.7593,150336000,0.00%,1146154432,663558634432,1467174.12,0
2047-12-02,9.7593,9.7593,9.7593,9.7593,160800000,0.00%,985354432,663558634432,1569295.44,0
2047-12-03,9.7593,9.7593,9.7593,9.7593,159072000,0.00%,826282432,663558634432,1552431.37,0
2047-12-04,9.7593,9.7593,9.7593,9.7593,223824000,0.00%,602458432,663558634432,2184365.56,0
2047-12-05,9.7593,9.7593,9.7593,9.7593,218640000,0.00%,383818432,663558634432,2133773.35,0
2047-12-06,9.7593,9.7593,9.7593,9.7593,120432000,0.00%,263386432,663558634432,1175332.02,0
2047-12-09,9.7593,9.769,9.769,9.7593,287184000,0.10%,1613486867,665195918867,2805500.5,1637284435
2047-12-10,9.769,9.769,9.769,9.769,139488000,0.00%,1473998867,665195918867,1362658.27,0
2047-12-11,9.769,9.769,9.769,9.769,197328000,0.00%,1276670867,665195918867,1927697.23,0
2047-12-12,9.769,9.769,9.769,9.769,163632000,0.00%,1113038867,665195918867,1598521.01,0
2047-12-13,9.769,9.769,9.769,9.769,193920000,0.00%,919118867,665195918867,1894404.48,0
2047-12-16,9.769,9.769,9.769,9.769,98448000,0.00%,820670867,665195918867,961738.51,0
2047-12-17,9.769,9.769,9.769,9.769,97488000,0.00%,723182867,665195918867,952360.27,0
2047-12-18,9.769,9.769,9.769,9.769,116352000,0.00%,606830867,665195918867,1136642.69,0
2047-12-19,9.769,9.769,9.769,9.769,91008000,0.00%,515822867,665195918867,889057.15,0
2047-12-20,9.769,9.769,9.769,9.769,120624000,0.00%,395198867,665195918867,1178375.86,0
2047-12-23,9.769,9.769,9.769,9.769,119520000,0.00%,275678867,665195918867,1167590.88,0
2047-12-24,9.769,9.769,9.769,9.769,139488000,0.00%,136190867,665195918867,1362658.27,0
2047-12-25,9.769,9.769,9.769,9.769,73536000,0.00%,62654867,665195918867,718373.18,0
2047-12-26,9.769,9.7788,9.7788,9.769,116400000,0.10%,1613632949,666863296949,1138252.32,1667378082
2047-12-27,9.7788,9.7788,9.7788,9.7788,74400000,0.00%,1539232949,666863296949,727542.72,0
2048-01-01,9.7788,9.7788,9.7788,9.7788,118531000,0.00%,1420701949,666863296949,1159090.94,0
2048-01-02,9.7788,9.7788,9.7788,9.7788,147441000,0.00%,1273260949,666863296949,1441796.05,0
2048-01-03,9.7788,9.7788,9.7788,9.7788,133329000,0.00%,1139931949,666863296949,1303797.63,0
2048-01-07,9.7788,9.7788,9.7788,9.7788,146804000,0.00%,993127949,666863296949,1435566.96,0
2048-01-08,9.7788,9.7788,9.7788,9.7788,183407000,0.00%,809720949,666863296949,1793500.37,0
2048-01-09,9.7788,9.7788,9.7788,9.7788,199920000,0.00%,609800949,666863296949,1954977.7,0
2048-01-10,9.7788,9.7788,9.7788,9.7788,132741000,0.00%,477059949,666863296949,1298047.69,0
2048-01-13,9.7788,9.7788,9.7788,9.7788,138768000,0.00%,338291949,666863296949,1356984.52,0
2048-01-14,9.7788,9.7788,9.7788,9.7788,97265000,0.00%,241026949,666863296949,951134.98,0
2048-01-15,9.7788,9.7788,9.7788,9.7788,175028000,0.00%,65998949,666863296949,1711563.81,0
2048-01-16,9.7788,9.7886,9.7886,9.7788,198695000,0.10%,1562145777,668558138777,1944945.88,1694841827
2048-01-17,9.7886,9.7886,9.7886,9.7886,102753000,0.00%,1459392777,668558138777,1005808.02,0
2048-01-20,9.7886,9.7886,9.7886,9.7886,97951000,0.00%,1361441777,668558138777,958803.16,0
2048-01-21,9.7886,9.7886,9.7886,9.7886,78890000,0.00%,1282551777,668558138777,772222.65,0
2048-01-22,9.7886,9.7886,9.7886,9.7886,132888000,0.00%,1149663777,668558138777,1300787.48,0
2048-01-23,9.7886,9.7886,9.7886,9.7886,85015000,0.00%,1064648777,668558138777,832177.83,0
2048-01-24,9.7886,9.7886,9.7886,9.7886,82614000,0.00%,982034777,668558138777,808675.4,0
2048-01-30,9.7886,9.7886,9.7886,9.7886,116277000,0.00%,865757777,668558138777,1138189.04,0
2048-01-31,9.7886,9.7886,9.7886,9.7886,91287000,0.00%,774470777,668558138777,893571.93,0
2048-02-03,9.7886,9.7886,9.7886,9.7886,262787000,0.00%,511683777,668558138777,2572316.83,0
2048-02-04,9.7886,9.7886,9.7886,9.7886,273224000,0.00%,238459777,668558138777,2674480.45,0
2048-02-05,9.7886,9.7886,9.7886,9.7886,153958000,0.00%,84501777,668558138777,1507033.28,0
2048-02-06,9.7886,9.7984,9.7984,9.7886,116424000,0.10%,1678607313,670268668313,1140768.92,1710529535
2048-02-07,9.7984,9.7984,9.7984,9.7984,127106000,0.00%,1551501313,670268668313,1245435.43,0
2048-02-10,9.7984,9.7984,9.7984,9.7984,125391000,0.00%,1426110313,670268668313,1228631.17,0
2048-02-11,9.7984,9.7984,9.7984,9.7984,97020000,0.00%,1329090313,670268668313,950640.77,0
2048-02-12,9.7984,9.7984,9.7984,9.7984,84623000,0.00%,1244467313,670268668313,829170.0,0
2048-02-13,9.7984,9.7984,9.7984,9.7984,130634000,0.00%,1113833313,670268668313,1280004.19,0
2048-02-14,9.7984,9.7984,9.7984,9.7984,120589000,0.00%,993244313,670268668313,1181579.26,0
2048-02-17,9.7984,9.7984,9.7984,9.7984,99764000,0.00%,893480313,670268668313,977527.58,0
2048-02-18,9.7984,9.7984,9.7984,9.7984,87857000,0.00%,805623313,670268668313,860858.03,0
2048-02-19,9.7984,9.7984,9.7984,9.7984,80850000,0.00%,724773313,670268668313,792200.64,0
2048-02-20,9.7984,9.7984,9.7984,9.7984,107359000,0.00%,617414313,670268668313,1051946.43,0
2048-02-21,9.7984,9.7984,9.7984,9.7984,86828000,0.00%,530586313,670268668313,850775.48,0
2048-02-24,9.7984,9.7984,9.7984,9.7984,60319000,0.00%,470267313,670268668313,591029.69,0
2048-02-25,9.7984,9.7984,9.7984,9.7984,143619000,0.00%,326648313,670268668313,1407236.41,0
2048-02-26,9.7984,9.7984,9.7984,9.7984,162435000,0.00%,164213313,670268668313,1591603.1,0
2048-02-27,9.7984,9.7984,9.7984,9.7984,95207000,0.00%,69006313,670268668313,932876.27,0
2048-02-28,9.7984,9.8082,9.8082,9.7984,119658000,0.10%,1662143395,671981463395,1173629.6,1712795082
2048-03-02,9.8082,9.8082,9.8082,9.8082,100352000,0.00%,1561791395,671981463395,984272.49,0
2048-03-03,9.8082,9.8082,9.8082,9.8082,127449000,0.00%,1434342395,671981463395,1250045.28,0
2048-03-04,9.8082,9.8082,9.8082,9.8082,174489000,0.00%,1259853395,671981463395,1711423.01,0
2048-03-05,9.8082,9.8082,9.8082,9.8082,72520000,0.00%,1187333395,671981463395,711290.66,0
2048-03-06,9.8082,9.8082,9.8082,9.8082,87122000,0.00%,1100211395,671981463395,854510.0,0
2048-03-09,9.8082,9.8082,9.8082,9.8082,61887000,0.00%,1038324395,671981463395,607000.07,0
2048-03-10,9.8082,9.8082,9.8082,9.8082,83496000,0.00%,954828395,671981463395,818945.47,0
2048-03-11,9.8082,9.8082,9.8082,9.8082,103929000,0.00%,850899395,671981463395,1019356.42,0
2048-03-12,9.8082,9.8082,9.8082,9.8082,84623000,0.00%,766276395,671981463395,829999.31,0
2048-03-13,9.8082,9.8082,9.8082,9.8082,184240000,0.00%,582036395,671981463395,1807062.77,0
2048-03-16,9.8082,9.8082,9.8082,9.8082,132937000,0.00%,449099395,671981463395,1303872.68,0
2048-03-17,9.8082,9.8082,9.8082,9.8082,104468000,0.00%,344631395,671981463395,1024643.04,0
2048-03-18,9.8082,9.8082,9.8082,9.8082,81193000,0.00%,263438395,671981463395,796357.18,0
2048-03-19,9.8082,9.8082,9.8082,9.8082,116277000,0.00%,147161395,671981463395,1140468.07,0
2048-03-20,9.8082,9.8082,9.8082,9.8082,142247000,0.00%,4914395,671981463395,1395187.03,0
2048-03-23,9.8082,9.818,9.818,9.8082,100156000,0.10%,1636114425,673712819425,983331.61,1731356029
2048-03-24,9.818,9.818,9.818,9.818,104272000,0.00%,1531842425,673712819425,1023742.5,0
2048-03-25,9.818,9.818,9.818,9.818,96285000,0.00%,1435557425,673712819425,945326.13,0
2048-03-26,9.818,9.818,9.818,9.818,229565000,0.00%,1205992425,673712819425,2253869.17,0
2048-03-27,9.818,9.818,9.818,9.818,162778000,0.00%,1043214425,673712819425,1598154.4,0
2048-03-30,9.818,9.818,9.818,9.818,126420000,0.00%,916794425,673712819425,1241191.56,0
2048-03-31,9.818,9.818,9.818,9.818,153566000,0.00%,763228425,673712819425,1507710.99,0
2048-04-01,9.818,9.818,9.818,9.818,176890000,0.00%,586338425,673712819425,1736706.02,0
2048-04-02,9.818,9.818,9.818,9.818,123676000,0.00%,462662425,673712819425,1214250.97,0
2048-04-03,9.818,9.818,9.818,9.818,127204000,0.00%,335458425,673712819425,1248888.87,0
2048-04-06,9.818,9.818,9.818,9.818,91973000,0.00%,243485425,673712819425,902990.91,0
2048-04-07,9.818,9.818,9.818,9.818,69825000,0.00%,173660425,673712819425,685541.85,0
2048-04-09,9.818,9.818,9.818,9.818,73255000,0.00%,100405425,673712819425,719217.59,0
2048-04-14,9.818,9.8278,9.8278,9.818,107457000,0.10%,1750811322,675470682322,1056065.9,1757862897
2048-04-15,9.8278,9.8278,9.8278,9.8278,198303000,0.00%,1552508322,675470682322,1948882.22,0
2048-04-16,9.8278,9.8278,9.8278,9.8278,122304000,0.00%,1430204322,675470682322,1201979.25,0
2048-04-17,9.8278,9.8278,9.8278,9.8278,62426000,0.00%,1367778322,675470682322,613510.24,0
2048-04-20,9.8278,9.8278,9.8278,9.8278,76979000,0.00%,1290799322,675470682322,756534.22,0
2048-04-21,9.8278,9.8278,9.8278,9.8278,67081000,0.00%,1223718322,675470682322,659258.65,0
2048-04-22,9.8278,9.8278,9.8278,9.8278,79772000,0.00%,1143946322,675470682322,783983.26,0
2048-04-23,9.8278,9.8278,9.8278,9.8278,51597000,0.00%,1092349322,675470682322,507085.0,0
2048-04-24,9.8278,9.8278,9.8278,9.8278,80948000,0.00%,1011401322,675470682322,795540.75,0
2048-04-27,9.8278,9.8278,9.8278,9.8278,100303000,0.00%,911098322,675470682322,985757.82,0
2048-04-28,9.8278,9.8278,9.8278,9.8278,102655000,0.00%,808443322,675470682322,1008872.81,0
2048-04-29,9.8278,9.8278,9.8278,9.8278,122598000,0.00%,685845322,675470682322,1204868.62,0
2048-04-30,9.8278,9.8278,9.8278,9.8278,72324000,0.00%,613521322,675470682322,710785.81,0
2048-05-01,9.8278,9.8278,9.8278,9.8278,75411000,0.00%,538110322,675470682322,741124.23,0
2048-05-05,9.8278,9.8278,9.8278,9.8278,42385000,0.00%,495725322,675470682322,416551.3,0
2048-05-06,9.8278,9.8278,9.8278,9.8278,51695000,0.00%,444030322,675470682322,508048.12,0
2048-05-07,9.8278,9.8278,9.8278,9.8278,86142000,0.00%,357888322,675470682322,846586.35,0
2048-05-08,9.8278,9.8278,9.8278,9.8278,72569000,0.00%,285319322,675470682322,713193.62,0
2048-05-11,9.8278,9.8278,9.8278,9.8278,52528000,0.00%,232791322,675470682322,516234.68,0
2048-05-12,9.8278,9.8278,9.8278,9.8278,115346000,0.00%,117445322,675470682322,1133597.42,0
2048-05-13,9.8278,9.8278,9.8278,9.8278,76293000,0.00%,41152322,675470682322,749792.35,0
2048-05-14,9.8278,9.8376,9.8376,9.8278,86093000,0.10%,1709639944,677225262944,846948.5,1754580622
2048-05-15,9.8376,9.8376,9.8376,9.8376,88151000,0.00%,1621488944,677225262944,867194.28,0
2048-05-18,9.8376,9.8376,9.8376,9.8376,116326000,0.00%,1505162944,677225262944,1144368.66,0
2048-05-19,9.8376,9.8376,9.8376,9.8376,69188000,0.00%,1435974944,677225262944,680643.87,0
2048-05-20,9.8376,9.8376,9.8376,9.8376,95844000,0.00%,1340130944,677225262944,942874.93,0
2048-05-21,9.8376,9.8376,9.8376,9.8376,168609000,0.00%,1171521944,677225262944,1658707.9,0
2048-05-22,9.8376,9.8376,9.8376,9.8376,111181000,0.00%,1060340944,677225262944,1093754.21,0
2048-05-25,9.8376,9.8376,9.8376,9.8376,98196000,0.00%,962144944,677225262944,966012.97,0
2048-05-26,9.8376,9.8376,9.8376,9.8376,73598000,0.00%,888546944,677225262944,724027.68,0
2048-05-27,9.8376,9.8376,9.8376,9.8376,66395000,0.00%,822151944,677225262944,653167.45,0
2048-05-28,9.8376,9.8376,9.8376,9.8376,127547000,0.00%,694604944,677225262944,1254756.37,0
2048-06-01,9.8376,9.8376,9.8376,9.8376,141316000,0.00%,553288944,677225262944,1390210.28,0
2048-06-02,9.8376,9.8376,9.8376,9.8376,106526000,0.00%,446762944,677225262944,1047960.18,0
2048-06-03,9.8376,9.8376,9.8376,9.8376,157437000,0.00%,289325944,677225262944,1548802.23,0
2048-06-04,9.8376,9.8376,9.8376,9.8376,112455000,0.00%,176870944,677225262944,1106287.31,0
2048-06-05,9.8376,9.8376,9.8376,9.8376,157094000,0.00%,19776944,677225262944,1545427.93,0
2048-06-08,9.8376,9.8475,9.8475,9.8376,97461000,0.10%,1644508816,678947455816,959747.2,1722192871
2048-06-09,9.8475,9.8475,9.8475,9.8475,81830000,0.00%,1562678816,678947455816,805820.93,0
2048-06-10,9.8475,9.8475,9.8475,9.8475,89425000,0.00%,1473253816,678947455816,880612.69,0
2048-06-11,9.8475,9.8475,9.8475,9.8475,64337000,0.00%,1408916816,678947455816,633558.61,0
2048-06-12,9.8475,9.8475,9.8475,9.8475,79282000,0.00%,1329634816,678947455816,780729.49,0
2048-06-15,9.8475,9.8475,9.8475,9.8475,66101000,0.00%,1263533816,678947455816,650929.6,0
2048-06-16,9.8475,9.8475,9.8475,9.8475,113288000,0.00%,1150245816,678947455816,1115603.58,0
2048-06-17,9.8475,9.8475,9.8475,9.8475,108192000,0.00%,1042053816,678947455816,1065420.72,0
2048-06-18,9.8475,9.8475,9.8475,9.8475,122549000,0.00%,919504816,678947455816,1206801.28,0
2048-06-19,9.8475,9.8475,9.8475,9.8475,175665000,0.00%,743839816,678947455816,1729861.09,0
2048-06-22,9.8475,9.8475,9.8475,9.8475,99323000,0.00%,644516816,678947455816,978083.24,0
2048-06-23,9.8475,9.8475,9.8475,9.8475,79772000,0.00%,564744816,678947455816,785554.77,0
2048-06-24,9.8475,9.8475,9.8475,9.8475,94570000,0.00%,470174816,678947455816,931278.08,0
2048-06-26,9.8475,9.8475,9.8475,9.8475,68110000,0.00%,402064816,678947455816,670713.22,0
2048-06-29,9.8475,9.8475,9.8475,9.8475,88984000,0.00%,313080816,678947455816,876269.94,0
2048-06-30,9.8475,9.8475,9.8475,9.8475,85701000,0.00%,227379816,678947455816,843940.6,0
2048-07-01,9.8475,9.8475,9.8475,9.8475,77861000,0.00%,149518816,678947455816,766736.2,0
2048-07-02,9.8475,9.8475,9.8475,9.8475,66248000,0.00%,83270816,678947455816,652377.18,0
2048-07-03,9.8475,9.8475,9.8475,9.8475,79380000,0.00%,3890816,678947455816,781694.55,0
2048-07-06,9.8475,9.8573,9.8573,9.8475,69580000,0.10%,1578961109,680592106109,685870.93,1644650293
2048-07-07,9.8573,9.8573,9.8573,9.8573,46256000,0.00%,1532705109,680592106109,455959.27,0
2048-07-08,9.8573,9.8573,9.8573,9.8573,48314000,0.00%,1484391109,680592106109,476245.59,0
2048-07-09,9.8573,9.8573,9.8573,9.8573,96922000,0.00%,1387469109,680592106109,955389.23,0
2048-07-10,9.8573,9.8573,9.8573,9.8573,105840000,0.00%,1281629109,680592106109,1043296.63,0
2048-07-13,9.8573,9.8573,9.8573,9.8573,84721000,0.00%,1196908109,680592106109,835120.31,0
2048-07-14,9.8573,9.8573,9.8573,9.8573,60564000,0.00%,1136344109,680592106109,596997.52,0
2048-07-15,9.8573,9.8573,9.8573,9.8573,82565000,0.00%,1053779109,680592106109,813867.97,0
2048-07-16,9.8573,9.8573,9.8573,9.8573,133868000,0.00%,919911109,680592106109,1319577.04,0
2048-07-17,9.8573,9.8573,9.8573,9.8573,103929000,0.00%,815982109,680592106109,1024459.33,0
2048-07-21,9.8573,9.8573,9.8573,9.8573,142835000,0.00%,673147109,680592106109,1407967.45,0
2048-07-22,9.8573,9.8573,9.8573,9.8573,107359000,0.00%,565788109,680592106109,1058269.87,0
2048-07-23,9.8573,9.8573,9.8573,9.8573,81144000,0.00%,484644109,680592106109,799860.75,0
2048-07-24,9.8573,9.8573,9.8573,9.8573,58016000,0.00%,426628109,680592106109,571881.12,0
2048-07-27,9.8573,9.8573,9.8573,9.8573,85505000,0.00%,341123109,680592106109,842848.44,0
2048-07-28,9.8573,9.8573,9.8573,9.8573,143080000,0.00%,198043109,680592106109,1410382.48,0
2048-07-29,9.8573,9.8573,9.8573,9.8573,73206000,0.00%,124837109,680592106109,721613.5,0
2048-07-30,9.8573,9.8573,9.8573,9.8573,66885000,0.00%,57952109,680592106109,659305.51,0
2048-07-31,9.8573,9.8672,9.8672,9.8573,108976000,0.10%,1576270681,682219400681,1075287.99,1627294571
2048-08-03,9.8672,9.8672,9.8672,9.8672,180320000,0.00%,1395950681,682219400681,1779253.5,0
2048-08-04,9.8672,9.8672,9.8672,9.8672,114856000,0.00%,1281094681,682219400681,1133307.12,0
2048-08-05,9.8672,9.8672,9.8672,9.8672,103096000,0.00%,1177998681,682219400681,1017268.85,0
2048-08-06,9.8672,9.8672,9.8672,9.8672,81634000,0.00%,1096364681,682219400681,805499.0,0
2048-08-07,9.8672,9.8672,9.8672,9.8672,93590000,0.00%,1002774681,682219400681,923471.25,0
2048-08-10,9.8672,9.8672,9.8672,9.8672,46452000,0.00%,956322681,682219400681,458351.17,0
2048-08-11,9.8672,9.8672,9.8672,9.8672,75362000,0.00%,880960681,682219400681,743611.93,0
2048-08-12,9.8672,9.8672,9.8672,9.8672,58408000,0.00%,822552681,682219400681,576323.42,0
2048-08-13,9.8672,9.8672,9.8672,9.8672,54831000,0.00%,767721681,682219400681,541028.44,0
2048-08-14,9.8672,9.8672,9.8672,9.8672,60270000,0.00%,707451681,682219400681,594696.14,0
2048-08-17,9.8672,9.8672,9.8672,9.8672,77175000,0.00%,630276681,682219400681,761501.16,0
2048-08-18,9.8672,9.8672,9.8672,9.8672,52871000,0.00%,577405681,682219400681,521688.73,0
2048-08-19,9.8672,9.8672,9.8672,9.8672,80752000,0.00%,496653681,682219400681,796796.13,0
2048-08-20,9.8672,9.8672,9.8672,9.8672,141218000,0.00%,355435681,682219400681,1393426.25,0
2048-08-21,9.8672,9.8672,9.8672,9.8672,88739000,0.00%,266696681,682219400681,875605.46,0
2048-08-24,9.8672,9.8672,9.8672,9.8672,125930000,0.00%,140766681,682219400681,1242576.5,0
2048-08-25,9.8672,9.8672,9.8672,9.8672,120932000,0.00%,19834681,682219400681,1193260.23,0
2048-08-26,9.8672,9.877,9.877,9.8672,84476000,0.10%,1534921317,683818963317,834369.45,1599562636
2048-08-27,9.877,9.877,9.877,9.877,109466000,0.00%,1425455317,683818963317,1081195.68,0
2048-08-28,9.877,9.877,9.877,9.877,61446000,0.00%,1364009317,683818963317,606902.14,0
2048-08-31,9.877,9.877,9.877,9.877,95060000,0.00%,1268949317,683818963317,938907.62,0
2048-09-01,9.877,9.877,9.877,9.877,75362000,0.00%,1193587317,683818963317,744350.47,0
2048-09-02,9.877,9.877,9.877,9.877,74431000,0.00%,1119156317,683818963317,735154.99,0
2048-09-03,9.877,9.877,9.877,9.877,243726000,0.00%,875430317,683818963317,2407281.7,0
2048-09-07,9.877,9.877,9.877,9.877,150675000,0.00%,724755317,683818963317,1488216.98,0
2048-09-08,9.877,9.877,9.877,9.877,64925000,0.00%,659830317,683818963317,641264.23,0
2048-09-09,9.877,9.877,9.877,9.877,80801000,0.00%,579029317,683818963317,798071.48,0
2048-09-10,9.877,9.877,9.877,9.877,81928000,0.00%,497101317,683818963317,809202.86,0
2048-09-14,9.877,9.877,9.877,9.877,92169000,0.00%,404932317,683818963317,910353.21,0
2048-09-15,9.877,9.877,9.877,9.877,50960000,0.00%,353972317,683818963317,503331.92,0
2048-09-16,9.877,9.877,9.877,9.877,52234000,0.00%,301738317,683818963317,515915.22,0
2048-09-17,9.877,9.877,9.877,9.877,49735000,0.00%,252003317,683818963317,491232.6,0
2048-09-18,9.877,9.877,9.877,9.877,94178000,0.00%,157825317,683818963317,930196.11,0
2048-09-21,9.877,9.877,9.877,9.877,72226000,0.00%,85599317,683818963317,713376.2,0
2048-09-22,9.877,9.877,9.877,9.877,76342000,0.00%,9257317,683818963317,754029.93,0
2048-09-23,9.877,9.8869,9.8869,9.877,66934000,0.10%,1504518810,685381158810,661769.76,1562195492
2048-09-24,9.8869,9.8869,9.8869,9.8869,93688000,0.00%,1410830810,685381158810,926283.89,0
2048-09-25,9.8869,9.8869,9.8869,9.8869,104076000,0.00%,1306754810,685381158810,1028989.0,0
2048-09-28,9.8869,9.8869,9.8869,9.8869,89719000,0.00%,1217035810,685381158810,887042.78,0
2048-09-29,9.8869,9.8869,9.8869,9.8869,78008000,0.00%,1139027810,685381158810,771257.3,0
2048-09-30,9.8869,9.8869,9.8869,9.8869,69580000,0.00%,1069447810,685381158810,687930.5,0
2048-10-01,9.8869,9.8869,9.8869,9.8869,76440000,0.00%,993007810,685381158810,755754.64,0
2048-10-02,9.8869,9.8869,9.8869,9.8869,55125000,0.00%,937882810,685381158810,545015.36,0
2048-10-06,9.8869,9.8869,9.8869,9.8869,74088000,0.00%,863794810,685381158810,732500.65,0
2048-10-07,9.8869,9.8869,9.8869,9.8869,53606000,0.00%,810188810,685381158810,529997.16,0
2048-10-08,9.8869,9.8869,9.8869,9.8869,52920000,0.00%,757268810,685381158810,523214.75,0
2048-10-09,9.8869,9.8869,9.8869,9.8869,54292000,0.00%,702976810,685381158810,536779.57,0
2048-10-12,9.8869,9.8869,9.8869,9.8869,55860000,0.00%,647116810,685381158810,552282.23,0
2048-10-13,9.8869,9.8869,9.8869,9.8869,80605000,0.00%,566511810,685381158810,796933.57,0
2048-10-14,9.8869,9.8869,9.8869,9.8869,80458000,0.00%,486053810,685381158810,795480.2,0
2048-10-15,9.8869,9.8869,9.8869,9.8869,65905000,0.00%,420148810,685381158810,651596.14,0
2048-10-16,9.8869,9.8869,9.8869,9.8869,65513000,0.00%,354635810,685381158810,647720.48,0
2048-10-19,9.8869,9.8869,9.8869,9.8869,61005000,0.00%,293630810,685381158810,603150.33,0
2048-10-20,9.8869,9.8869,9.8869,9.8869,45080000,0.00%,248550810,685381158810,445701.45,0
2048-10-21,9.8869,9.8869,9.8869,9.8869,58800000,0.00%,189750810,685381158810,581349.72,0
2048-10-22,9.8869,9.8869,9.8869,9.8869,84378000,0.00%,105372810,685381158810,834236.85,0
2048-10-23,9.8869,9.8869,9.8869,9.8869,94129000,0.00%,11243810,685381158810,930644.01,0
2048-10-27,9.8869,9.8968,9.8968,9.8869,105938000,0.10%,1439071149,686914924149,1048447.2,1533765339
2048-10-28,9.8968,9.8968,9.8968,9.8968,85799000,0.00%,1353272149,686914924149,849135.54,0
2048-10-29,9.8968,9.8968,9.8968,9.8968,56105000,0.00%,1297167149,686914924149,555259.96,0
2048-10-30,9.8968,9.8968,9.8968,9.8968,80654000,0.00%,1216513149,686914924149,798216.51,0
2048-11-02,9.8968,9.8968,9.8968,9.8968,70364000,0.00%,1146149149,686914924149,696378.44,0
2048-11-03,9.8968,9.8968,9.8968,9.8968,67277000,0.00%,1078872149,686914924149,665827.01,0
2048-11-04,9.8968,9.8968,9.8968,9.8968,53949000,0.00%,1024923149,686914924149,533922.46,0
2048-11-05,9.8968,9.8968,9.8968,9.8968,51352000,0.00%,973571149,686914924149,508220.47,0
2048-11-06,9.8968,9.8968,9.8968,9.8968,105742000,0.00%,867829149,686914924149,1046507.43,0
2048-11-09,9.8968,9.8968,9.8968,9.8968,131614000,0.00%,736215149,686914924149,1302557.44,0
2048-11-10,9.8968,9.8968,9.8968,9.8968,65660000,0.00%,670555149,686914924149,649823.89,0
2048-11-11,9.8968,9.8968,9.8968,9.8968,63112000,0.00%,607443149,686914924149,624606.84,0
2048-11-12,9.8968,9.8968,9.8968,9.8968,50323000,0.00%,557120149,686914924149,498036.67,0
2048-11-13,9.8968,9.8968,9.8968,9.8968,48363000,0.00%,508757149,686914924149,478638.94,0
2048-11-16,9.8968,9.8968,9.8968,9.8968,66591000,0.00%,442166149,686914924149,659037.81,0
2048-11-17,9.8968,9.8968,9.8968,9.8968,61152000,0.00%,381014149,686914924149,605209.11,0
2048-11-18,9.8968,9.8968,9.8968,9.8968,159005000,0.00%,222009149,686914924149,1573640.68,0
2048-11-19,9.8968,9.8968,9.8968,9.8968,172970000,0.00%,49039149,686914924149,1711849.5,0
2048-11-20,9.8968,9.9067,9.9067,9.8968,107653000,0.10%,1479395593,688452933593,1066485.98,1538009443
2048-11-23,9.9067,9.9067,9.9067,9.9067,136122000,0.00%,1343273593,688452933593,1348519.82,0
2048-11-24,9.9067,9.9067,9.9067,9.9067,118531000,0.00%,1224742593,688452933593,1174251.06,0
2048-11-25,9.9067,9.9067,9.9067,9.9067,69433000,0.00%,1155309593,688452933593,687851.9,0
2048-11-26,9.9067,9.9067,9.9067,9.9067,71197000,0.00%,1084112593,688452933593,705327.32,0
2048-11-27,9.9067,9.9067,9.9067,9.9067,74676000,0.00%,1009436593,688452933593,739792.73,0
2048-11-30,9.9067,9.9067,9.9067,9.9067,59927000,0.00%,949509593,688452933593,593678.81,0
2048-12-01,9.9067,9.9067,9.9067,9.9067,74235000,0.00%,875274593,688452933593,735423.87,0
2048-12-02,9.9067,9.9067,9.9067,9.9067,82614000,0.00%,792660593,688452933593,818432.11,0
2048-12-03,9.9067,9.9067,9.9067,9.9067,148519000,0.00%,644141593,688452933593,1471333.18,0
2048-12-04,9.9067,9.9067,9.9067,9.9067,74235000,0.00%,569906593,688452933593,735423.87,0
2048-12-07,9.9067,9.9067,9.9067,9.9067,73059000,0.00%,496847593,688452933593,723773.6,0
2048-12-08,9.9067,9.9067,9.9067,9.9067,116277000,0.00%,380570593,688452933593,1151921.36,0
2048-12-09,9.9067,9.9067,9.9067,9.9067,77910000,0.00%,302660593,688452933593,771831.0,0
2048-12-10,9.9067,9.9067,9.9067,9.9067,67130000,0.00%,235530593,688452933593,665036.77,0
2048-12-11,9.9067,9.9067,9.9067,9.9067,81340000,0.00%,154190593,688452933593,805810.98,0
2048-12-14,9.9067,9.9067,9.9067,9.9067,90160000,0.00%,64030593,688452933593,893188.07,0
2048-12-15,9.9067,9.9067,9.9067,9.9067,63700000,0.00%,330593,688452933593,631056.79,0
2048-12-16,9.9067,9.9166,9.9166,9.9067,69335000,0.10%,1466753429,689988691429,687567.46,1535757836
2048-12-17,9.9166,9.9166,9.9166,9.9166,84280000,0.00%,1382473429,689988691429,835771.05,0
2048-12-18,9.9166,9.9166,9.9166,9.9166,151508000,0.00%,1230965429,689988691429,1502444.23,0
2048-12-21,9.9166,9.9166,9.9166,9.9166,59241000,0.00%,1171724429,689988691429,587469.3,0
2048-12-22,9.9166,9.9166,9.9166,9.9166,61397000,0.00%,1110327429,689988691429,608849.49,0
2048-12-23,9.9166,9.9166,9.9166,9.9166,69531000,0.00%,1040796429,689988691429,689511.11,0
2048-12-24,9.9166,9.9166,9.9166,9.9166,49833000,0.00%,990963429,689988691429,494173.93,0
2048-12-25,9.9166,9.9166,9.9166,9.9166,720349000,0.00%,270614429,689988691429,7143412.89,0
2048-12-30,9.9166,9.9265,9.9265,9.9166,315903000,0.10%,1528680597,691562660597,3135811.13,1573969168
2048-12-31,9.9265,9.9265,9.9265,9.9265,185416000,0.00%,1343264597,691562660597,1840531.92,0
2049-01-01,9.9265,9.9265,9.9265,9.9265,98100000,0.00%,1245164597,691562660597,973789.65,0
2049-01-05,9.9265,9.9265,9.9265,9.9265,116750000,0.00%,1128414597,691562660597,1158918.88,0
2049-01-06,9.9265,9.9265,9.9265,9.9265,101950000,0.00%,1026464597,691562660597,1012006.68,0
2049-01-07,9.9265,9.9265,9.9265,9.9265,101100000,0.00%,925364597,691562660597,1003569.15,0
2049-01-08,9.9265,9.9265,9.9265,9.9265,118750000,0.00%,806614597,691562660597,1178771.88,0
2049-01-11,9.9265,9.9265,9.9265,9.9265,83599999,0.00%,723014597,691562660597,829855.4,0
2049-01-12,9.9265,9.9265,9.9265,9.9265,84650000,0.00%,638364597,691562660597,840278.23,0
2049-01-13,9.9265,9.9265,9.9265,9.9265,95750000,0.00%,542614597,691562660597,950462.38,0
2049-01-14,9.9265,9.9265,9.9265,9.9265,103000000,0.00%,439614597,691562660597,1022429.5,0
2049-01-15,9.9265,9.9265,9.9265,9.9265,78850000,0.00%,360764597,691562660597,782704.53,0
2049-01-18,9.9265,9.9265,9.9265,9.9265,81649999,0.00%,279114597,691562660597,810498.72,0
2049-01-19,9.9265,9.9265,9.9265,9.9265,111200000,0.00%,167914597,691562660597,1103826.8,0
2049-01-20,9.9265,9.9365,9.9365,9.9265,180550000,0.10%,1527853675,693103149675,1794035.07,1540489077
2049-01-21,9.9365,9.9365,9.9365,9.9365,123000000,0.00%,1404853675,693103149675,1222189.5,0
2049-01-22,9.9365,9.9365,9.9365,9.9365,134500000,0.00%,1270353675,693103149675,1336459.25,0
2049-01-25,9.9365,9.9365,9.9365,9.9365,168250000,0.00%,1102103675,693103149675,1671816.12,0
2049-01-26,9.9365,9.9365,9.9365,9.9365,178050000,0.00%,924053675,693103149675,1769193.82,0
2049-01-27,9.9365,9.9365,9.9365,9.9365,169300000,0.00%,754753675,693103149675,1682249.45,0
2049-01-28,9.9365,9.9365,9.9365,9.9365,170800000,0.00%,583953675,693103149675,1697154.2,0
2049-01-29,9.9365,9.9365,9.9365,9.9365,124100000,0.00%,459853675,693103149675,1233119.65,0
2049-02-01,9.9365,9.9365,9.9365,9.9365,100800000,0.00%,359053675,693103149675,1001599.2,0
2049-02-02,9.9365,9.9365,9.9365,9.9365,107550000,0.00%,251503675,693103149675,1068670.58,0
2049-02-03,9.9365,9.9365,9.9365,9.9365,100250000,0.00%,151253675,693103149675,996134.12,0
2049-02-04,9.9365,9.9365,9.9365,9.9365,86650000,0.00%,64603675,693103149675,860997.72,0
2049-02-05,9.9365,9.9464,9.9464,9.9365,155250000,0.10%,1412988938,694606784938,1544178.6,1503635263
2049-02-08,9.9464,9.9464,9.9464,9.9464,102300000,0.00%,1310688938,694606784938,1017516.72,0
2049-02-09,9.9464,9.9464,9.9464,9.9464,144300000,0.00%,1166388938,694606784938,1435265.52,0
2049-02-10,9.9464,9.9464,9.9464,9.9464,131700000,0.00%,1034688938,694606784938,1309940.88,0
2049-02-11,9.9464,9.9464,9.9464,9.9464,89550000,0.00%,945138938,694606784938,890700.12,0
2049-02-12,9.9464,9.9464,9.9464,9.9464,33650000,0.00%,911488938,694606784938,334696.36,0
2049-02-17,9.9464,9.9464,9.9464,9.9464,57850000,0.00%,853638938,694606784938,575399.24,0
2049-02-18,9.9464,9.9464,9.9464,9.9464,62850000,0.00%,790788938,694606784938,625131.24,0
2049-02-19,9.9464,9.9464,9.9464,9.9464,86100000,0.00%,704688938,694606784938,856385.04,0
2049-02-22,9.9464,9.9464,9.9464,9.9464,77100000,0.00%,627588938,694606784938,766867.44,0
2049-02-23,9.9464,9.9464,9.9464,9.9464,78850000,0.00%,548738938,694606784938,784273.64,0
2049-02-24,9.9464,9.9464,9.9464,9.9464,119750000,0.00%,428988938,694606784938,1191081.4,0
2049-02-25,9.9464,9.9464,9.9464,9.9464,62200000,0.00%,366788938,694606784938,618666.08,0
2049-02-26,9.9464,9.9464,9.9464,9.9464,66150000,0.00%,300638938,694606784938,657954.36,0
2049-03-01,9.9464,9.9464,9.9464,9.9464,62050000,0.00%,238588938,694606784938,617174.12,0
2049-03-02,9.9464,9.9464,9.9464,9.9464,118050000,0.00%,120538938,694606784938,1174172.52,0
2049-03-03,9.9464,9.9563,9.9563,9.9464,129500000,0.10%,1417410174,696033156174,1289340.85,1426371235
2049-03-04,9.9563,9.9563,9.9563,9.9563,148600000,0.00%,1268810174,696033156174,1479506.18,0
2049-03-05,9.9563,9.9563,9.9563,9.9563,139750000,0.00%,1129060174,696033156174,1391392.93,0
2049-03-08,9.9563,9.9563,9.9563,9.9563,69150000,0.00%,1059910174,696033156174,688478.15,0
2049-03-09,9.9563,9.9563,9.9563,9.9563,130300000,0.00%,929610174,696033156174,1297305.89,0
2049-03-10,9.9563,9.9563,9.9563,9.9563,116450000,0.00%,813160174,696033156174,1159411.14,0
2049-03-11,9.9563,9.9563,9.9563,9.9563,85800000,0.00%,727360174,696033156174,854250.54,0
2049-03-12,9.9563,9.9563,9.9563,9.9563,62100000,0.00%,665260174,696033156174,618286.23,0
2049-03-15,9.9563,9.9563,9.9563,9.9563,89350000,0.00%,575910174,696033156174,889595.41,0
2049-03-16,9.9563,9.9563,9.9563,9.9563,182650000,0.00%,393260174,696033156174,1818518.2,0
2049-03-17,9.9563,9.9563,9.9563,9.9563,100350000,0.00%,292910174,696033156174,999114.71,0
2049-03-18,9.9563,9.9563,9.9563,9.9563,71150000,0.00%,221760174,696033156174,708390.74,0
2049-03-19,9.9563,9.9563,9.9563,9.9563,145900000,0.00%,75860174,696033156174,1452624.17,0
2049-03-22,9.9563,9.9663,9.9663,9.9563,98150000,0.10%,1397862484,697453308484,978192.34,1420152309
2049-03-23,9.9663,9.9663,9.9663,9.9663,78200000,0.00%,1319662484,697453308484,779364.66,0
2049-03-24,9.9663,9.9663,9.9663,9.9663,78100000,0.00%,1241562484,697453308484,778368.03,0
2049-03-25,9.9663,9.9663,9.9663,9.9663,184350000,0.00%,1057212484,697453308484,1837287.41,0
2049-03-26,9.9663,9.9663,9.9663,9.9663,132150000,0.00%,925062484,697453308484,1317046.54,0
2049-03-29,9.9663,9.9663,9.9663,9.9663,105650000,0.00%,819412484,697453308484,1052939.59,0
2049-03-30,9.9663,9.9663,9.9663,9.9663,170000000,0.00%,649412484,697453308484,1694271.0,0
2049-03-31,9.9663,9.9663,9.9663,9.9663,193750000,0.00%,455662484,697453308484,1930970.62,0
2049-04-01,9.9663,9.9663,9.9663,9.9663,150000000,0.00%,305662484,697453308484,1494945.0,0
2049-04-06,9.9663,9.9663,9.9663,9.9663,132800000,0.00%,172862484,697453308484,1323524.64,0
2049-04-07,9.9663,9.9663,9.9663,9.9663,98500000,0.00%,74362484,697453308484,981680.55,0
2049-04-09,9.9663,9.9663,9.9663,9.9663,67900000,0.00%,6462484,697453308484,676711.77,0
2049-04-12,9.9663,9.9763,9.9763,9.9663,108300000,0.10%,1311252874,698866398874,1080433.29,1413090390
2049-04-13,9.9763,9.9763,9.9763,9.9763,89400000,0.00%,1221852874,698866398874,891881.22,0
2049-04-14,9.9763,9.9763,9.9763,9.9763,123650000,0.00%,1098202874,698866398874,1233569.5,0
2049-04-15,9.9763,9.9763,9.9763,9.9763,94150000,0.00%,1004052874,698866398874,939268.65,0
2049-04-16,9.9763,9.9763,9.9763,9.9763,115150000,0.00%,888902874,698866398874,1148770.95,0
2049-04-19,9.9763,9.9763,9.9763,9.9763,91500000,0.00%,797402874,698866398874,912831.45,0
2049-04-20,9.9763,9.9763,9.9763,9.9763,98450000,0.00%,698952874,698866398874,982166.73,0
2049-04-21,9.9763,9.9763,9.9763,9.9763,72050000,0.00%,626902874,698866398874,718792.42,0
2049-04-22,9.9763,9.9763,9.9763,9.9763,95300000,0.00%,531602874,698866398874,950741.39,0
2049-04-23,9.9763,9.9763,9.9763,9.9763,97350000,0.00%,434252874,698866398874,971192.81,0
2049-04-26,9.9763,9.9763,9.9763,9.9763,205650000,0.00%,228602874,698866398874,2051626.09,0
2049-04-27,9.9763,9.9763,9.9763,9.9763,219100000,0.00%,9502874,698866398874,2185807.33,0
2049-04-28,9.9763,9.9862,9.9862,9.9763,207350000,0.10%,1215703956,700279949956,2070638.57,1413551081
2049-04-29,9.9862,9.9862,9.9862,9.9862,138650000,0.00%,1077053956,700279949956,1384586.63,0
2049-04-30,9.9862,9.9862,9.9862,9.9862,148000000,0.00%,929053956,700279949956,1477957.6,0
2049-05-03,9.9862,9.9862,9.9862,9.9862,127100000,0.00%,801953956,700279949956,1269246.02,0
2049-05-04,9.9862,9.9862,9.9862,9.9862,79800000,0.00%,722153956,700279949956,796898.76,0
2049-05-06,9.9862,9.9862,9.9862,9.9862,112400000,0.00%,609753956,700279949956,1122448.88,0
2049-05-07,9.9862,9.9862,9.9862,9.9862,117950000,0.00%,491803956,700279949956,1177872.29,0
2049-05-10,9.9862,9.9862,9.9862,9.9862,131050000,0.00%,360753956,700279949956,1308691.51,0
2049-05-11,9.9862,9.9862,9.9862,9.9862,97050000,0.00%,263703956,700279949956,969160.71,0
2049-05-12,9.9862,9.9862,9.9862,9.9862,100300000,0.00%,163403956,700279949956,1001615.86,0
2049-05-13,9.9862,9.9862,9.9862,9.9862,80150000,0.00%,83253956,700279949956,800393.93,0
2049-05-14,9.9862,9.9862,9.9862,9.9862,78450000,0.00%,4803956,700279949956,783417.39,0
2049-05-17,9.9862,9.9962,9.9962,9.9862,102800000,0.10%,1324854624,701702800624,1027609.36,1422850668
2049-05-18,9.9962,9.9962,9.9962,9.9962,108000000,0.00%,1216854624,701702800624,1079589.6,0
2049-05-20,9.9962,9.9962,9.9962,9.9962,292150000,0.00%,924704624,701702800624,2920389.83,0
2049-05-21,9.9962,9.9962,9.9962,9.9962,139600000,0.00%,785104624,701702800624,1395469.52,0
2049-05-24,9.9962,9.9962,9.9962,9.9962,111650000,0.00%,673454624,701702800624,1116075.73,0
2049-05-25,9.9962,9.9962,9.9962,9.9962,153400000,0.00%,520054624,701702800624,1533417.08,0
2049-05-26,9.9962,9.9962,9.9962,9.9962,111850000,0.00%,408204624,701702800624,1118074.97,0
2049-05-27,9.9962,9.9962,9.9962,9.9962,91600000,0.00%,316604624,701702800624,915651.92,0
2049-05-28,9.9962,9.9962,9.9962,9.9962,95700000,0.00%,220904624,701702800624,956636.34,0
2049-05-31,9.9962,9.9962,9.9962,9.9962,160650000,0.00%,60254624,701702800624,1605889.53,0
2049-06-01,9.9962,10.0062,10.0062,9.9962,83050000,0.10%,1413856241,703139452241,831014.91,1436651617
2049-06-02,10.0062,10.0062,10.0062,10.0062,136900000,0.00%,1276956241,703139452241,1369848.78,0
2049-06-03,10.0062,10.0062,10.0062,10.0062,110050000,0.00%,1166906241,703139452241,1101182.31,0
2049-06-04,10.0062,10.0062,10.0062,10.0062,200200000,0.00%,966706241,703139452241,2003241.24,0
2049-06-07,10.0062,10.0062,10.0062,10.0062,140650000,0.00%,826056241,703139452241,1407372.03,0
2049-06-08,10.0062,10.0062,10.0062,10.0062,90200000,0.00%,735856241,703139452241,902559.24,0
2049-06-09,10.0062,10.0062,10.0062,10.0062,101050000,0.00%,634806241,703139452241,1011126.51,0
2049-06-10,10.0062,10.0062,10.0062,10.0062,94450000,0.00%,540356241,703139452241,945085.59,0
2049-06-11,10.0062,10.0062,10.0062,10.0062,126250000,0.00%,414106241,703139452241,1263282.75,0
2049-06-15,10.0062,10.0062,10.0062,10.0062,132500000,0.00%,281606241,703139452241,1325821.5,0
2049-06-16,10.0062,10.0062,10.0062,10.0062,74800000,0.00%,206806241,703139452241,748463.76,0
2049-06-17,10.0062,10.0062,10.0062,10.0062,76700000,0.00%,130106241,703139452241,767475.54,0
2049-06-18,10.0062,10.0062,10.0062,10.0062,104300000,0.00%,25806241,703139452241,1043646.66,0
2049-06-21,10.0062,10.0162,10.0162,10.0062,76400000,0.10%,1385678416,704575724416,765237.68,1436272174
2049-06-22,10.0162,10.0162,10.0162,10.0162,71400000,0.00%,1314278416,704575724416,715156.68,0
2049-06-23,10.0162,10.0162,10.0162,10.0162,111550000,0.00%,1202728416,704575724416,1117307.11,0
2049-06-24,10.0162,10.0162,10.0162,10.0162,70250000,0.00%,1132478416,704575724416,703638.05,0
2049-06-25,10.0162,10.0162,10.0162,10.0162,129300000,0.00%,1003178416,704575724416,1295094.66,0
2049-06-28,10.0162,10.0162,10.0162,10.0162,64600000,0.00%,938578416,704575724416,647046.52,0
2049-06-29,10.0162,10.0162,10.0162,10.0162,63950000,0.00%,874628416,704575724416,640535.99,0
2049-06-30,10.0162,10.0162,10.0162,10.0162,59450000,0.00%,815178416,704575724416,595463.09,0
2049-07-01,10.0162,10.0162,10.0162,10.0162,87550000,0.00%,727628416,704575724416,876918.31,0
2049-07-02,10.0162,10.0162,10.0162,10.0162,77800000,0.00%,649828416,704575724416,779260.36,0
2049-07-06,10.0162,10.0162,10.0162,10.0162,136350000,0.00%,513478416,704575724416,1365708.87,0
2049-07-07,10.0162,10.0162,10.0162,10.0162,111300000,0.00%,402178416,704575724416,1114803.06,0
2049-07-08,10.0162,10.0162,10.0162,10.0162,77200000,0.00%,324978416,704575724416,773250.64,0
2049-07-09,10.0162,10.0162,10.0162,10.0162,52600000,0.00%,272378416,704575724416,526852.12,0
2049-07-12,10.0162,10.0162,10.0162,10.0162,58100000,0.00%,214278416,704575724416,581941.22,0
2049-07-13,10.0162,10.0162,10.0162,10.0162,65100000,0.00%,149178416,704575724416,652054.62,0
2049-07-14,10.0162,10.0162,10.0162,10.0162,77950000,0.00%,71228416,704575724416,780762.79,0
2049-07-15,10.0162,10.0262,10.0262,10.0162,82950000,0.10%,1406616654,705994062654,831673.29,1418338237
2049-07-16,10.0262,10.0262,10.0262,10.0262,137600000,0.00%,1269016654,705994062654,1379605.12,0
2049-07-19,10.0262,10.0262,10.0262,10.0262,68400000,0.00%,1200616654,705994062654,685792.08,0
2049-07-20,10.0262,10.0262,10.0262,10.0262,95300000,0.00%,1105316654,705994062654,955496.86,0
2049-07-21,10.0262,10.0262,10.0262,10.0262,129300000,0.00%,976016654,705994062654,1296387.66,0
2049-07-22,10.0262,10.0262,10.0262,10.0262,94700000,0.00%,881316654,705994062654,949481.14,0
2049-07-23,10.0262,10.0262,10.0262,10.0262,115450000,0.00%,765866654,705994062654,1157524.79,0
2049-07-26,10.0262,10.0262,10.0262,10.0262,84800000,0.00%,681066654,705994062654,850221.76,0
2049-07-27,10.0262,10.0262,10.0262,10.0262,60500000,0.00%,620566654,705994062654,606585.1,0
2049-07-28,10.0262,10.0262,10.0262,10.0262,59000000,0.00%,561566654,705994062654,591545.8,0
2049-07-29,10.0262,10.0262,10.0262,10.0262,128950000,0.00%,432616654,705994062654,1292878.49,0
2049-07-30,10.0262,10.0262,10.0262,10.0262,66350000,0.00%,366266654,705994062654,665238.37,0
2049-08-02,10.0262,10.0262,10.0262,10.0262,64350000,0.00%,301916654,705994062654,645185.97,0
2049-08-03,10.0262,10.0262,10.0262,10.0262,48750000,0.00%,253166654,705994062654,488777.25,0
2049-08-04,10.0262,10.0262,10.0262,10.0262,101500000,0.00%,151666654,705994062654,1017659.3,0
2049-08-05,10.0262,10.0262,10.0262,10.0262,62050000,0.00%,89616654,705994062654,622125.71,0
2049-08-06,10.0262,10.0262,10.0262,10.0262,88550000,0.00%,1066654,705994062654,887820.01,0
2049-08-09,10.0262,10.0363,10.0363,10.0262,114800000,0.10%,1314188523,707421984523,1152167.24,1427921868
2049-08-10,10.0363,10.0363,10.0363,10.0363,88350000,0.00%,1225838523,707421984523,886707.1,0
2049-08-11,10.0363,10.0363,10.0363,10.0363,79200000,0.00%,1146638523,707421984523,794874.96,0
2049-08-12,10.0363,10.0363,10.0363,10.0363,94050000,0.00%,1052588523,707421984523,943914.02,0
2049-08-13,10.0363,10.0363,10.0363,10.0363,81750000,0.00%,970838523,707421984523,820467.53,0
2049-08-16,10.0363,10.0363,10.0363,10.0363,51100000,0.00%,919738523,707421984523,512854.93,0
2049-08-17,10.0363,10.0363,10.0363,10.0363,67950000,0.00%,851788523,707421984523,681966.58,0
2049-08-18,10.0363,10.0363,10.0363,10.0363,93450000,0.00%,758338523,707421984523,937892.24,0
2049-08-19,10.0363,10.0363,10.0363,10.0363,107200000,0.00%,651138523,707421984523,1075891.36,0
2049-08-20,10.0363,10.0363,10.0363,10.0363,82050000,0.00%,569088523,707421984523,823478.42,0
2049-08-23,10.0363,10.0363,10.0363,10.0363,76050000,0.00%,493038523,707421984523,763260.61,0
2049-08-24,10.0363,10.0363,10.0363,10.0363,59250000,0.00%,433788523,707421984523,594650.78,0
2049-08-25,10.0363,10.0363,10.0363,10.0363,58250000,0.00%,375538523,707421984523,584614.47,0
2049-08-26,10.0363,10.0363,10.0363,10.0363,83950000,0.00%,291588523,707421984523,842547.39,0
2049-08-27,10.0363,10.0363,10.0363,10.0363,65300000,0.00%,226288523,707421984523,655370.39,0
2049-08-30,10.0363,10.0363,10.0363,10.0363,81250000,0.00%,145038523,707421984523,815449.38,0
2049-08-31,10.0363,10.0363,10.0363,10.0363,68400000,0.00%,76638523,707421984523,686482.92,0
2049-09-01,10.0363,10.0363,10.0363,10.0363,73000000,0.00%,3638523,707421984523,732649.9,0
2049-09-02,10.0363,10.0463,10.0463,10.0363,64450000,0.10%,1346996516,708829792516,647484.04,1407807993
2049-09-03,10.0463,10.0463,10.0463,10.0463,154350000,0.00%,1192646516,708829792516,1550646.41,0
2049-09-06,10.0463,10.0463,10.0463,10.0463,69400000,0.00%,1123246516,708829792516,697213.22,0
2049-09-07,10.0463,10.0463,10.0463,10.0463,49050000,0.00%,1074196516,708829792516,492771.02,0
2049-09-08,10.0463,10.0463,10.0463,10.0463,66400000,0.00%,1007796516,708829792516,667074.32,0
2049-09-09,10.0463,10.0463,10.0463,10.0463,47900000,0.00%,959896516,708829792516,481217.77,0
2049-09-13,10.0463,10.0463,10.0463,10.0463,100400000,0.00%,859496516,708829792516,1008648.52,0
2049-09-14,10.0463,10.0463,10.0463,10.0463,61500000,0.00%,797996516,708829792516,617847.45,0
2049-09-15,10.0463,10.0463,10.0463,10.0463,60200000,0.00%,737796516,708829792516,604787.26,0
2049-09-16,10.0463,10.0463,10.0463,10.0463,69000000,0.00%,668796516,708829792516,693194.7,0
2049-09-17,10.0463,10.0463,10.0463,10.0463,55050000,0.00%,613746516,708829792516,553048.82,0
2049-09-20,10.0463,10.0463,10.0463,10.0463,38450000,0.00%,575296516,708829792516,386280.23,0
2049-09-21,10.0463,10.0463,10.0463,10.0463,50750000,0.00%,524546516,708829792516,509849.73,0
2049-09-23,10.0463,10.0463,10.0463,10.0463,129000000,0.00%,395546516,708829792516,1295972.7,0
2049-09-24,10.0463,10.0463,10.0463,10.0463,142050000,0.00%,253496516,708829792516,1427076.92,0
2049-09-27,10.0463,10.0463,10.0463,10.0463,76100000,0.00%,177396516,708829792516,764523.43,0
2049-09-28,10.0463,10.0563,10.0563,10.0463,214600000,0.10%,1373291145,710240287145,2158081.98,1410494628
2049-09-29,10.0563,10.0563,10.0563,10.0563,200550000,0.00%,1172741145,710240287145,2016790.97,0
2049-09-30,10.0563,10.0563,10.0563,10.0563,251250000,0.00%,921491145,710240287145,2526645.38,0
2049-10-01,10.0563,10.0563,10.0563,10.0563,285750000,0.00%,635741145,710240287145,2873587.73,0
2049-10-04,10.0563,10.0563,10.0563,10.0563,377300000,0.00%,258441145,710240287145,3794241.99,0
2049-10-06,10.0563,10.0563,10.0563,10.0563,243850000,0.00%,14591145,710240287145,2452228.75,0
2049-10-07,10.0563,10.0664,10.0664,10.0563,158000000,0.10%,1316822378,711700518378,1590491.2,1460231233
2049-10-08,10.0664,10.0664,10.0664,10.0664,123300000,0.00%,1193522378,711700518378,1241187.12,0
2049-10-11,10.0664,10.0664,10.0664,10.0664,126650000,0.00%,1066872378,711700518378,1274909.56,0
2049-10-12,10.0664,10.0664,10.0664,10.0664,352350000,0.00%,714522378,711700518378,3546896.04,0
2049-10-13,10.0664,10.0664,10.0664,10.0664,231850000,0.00%,482672378,711700518378,2333894.84,0
2049-10-14,10.0664,10.0664,10.0664,10.0664,165550000,0.00%,317122378,711700518378,1666492.52,0
2049-10-18,10.0664,10.0664,10.0664,10.0664,151600000,0.00%,165522378,711700518378,1526066.24,0
2049-10-19,10.0664,10.0765,10.0765,10.0664,167399999,0.10%,1490923447,713193319447,1686806.1,1492801069
2049-10-20,10.0765,10.0765,10.0765,10.0765,112450000,0.00%,1378473447,713193319447,1133102.43,0
2049-10-21,10.0765,10.0765,10.0765,10.0765,82400000,0.00%,1296073447,713193319447,830303.6,0
2049-10-22,10.0765,10.0765,10.0765,10.0765,129800000,0.00%,1166273447,713193319447,1307929.7,0
2049-10-25,10.0765,10.0765,10.0765,10.0765,81649999,0.00%,1084623447,713193319447,822746.22,0
2049-10-26,10.0765,10.0765,10.0765,10.0765,55150000,0.00%,1029473447,713193319447,555718.97,0
2049-10-27,10.0765,10.0765,10.0765,10.0765,73300000,0.00%,956173447,713193319447,738607.45,0
2049-10-28,10.0765,10.0765,10.0765,10.0765,56000000,0.00%,900173447,713193319447,564284.0,0
2049-10-29,10.0765,10.0765,10.0765,10.0765,59750000,0.00%,840423447,713193319447,602070.88,0
2049-11-01,10.0765,10.0765,10.0765,10.0765,77750000,0.00%,762673447,713193319447,783447.88,0
2049-11-02,10.0765,10.0765,10.0765,10.0765,69000000,0.00%,693673447,713193319447,695278.5,0
2049-11-03,10.0765,10.0765,10.0765,10.0765,89500000,0.00%,604173447,713193319447,901846.75,0
2049-11-04,10.0765,10.0765,10.0765,10.0765,113750000,0.00%,490423447,713193319447,1146201.88,0
2049-11-05,10.0765,10.0765,10.0765,10.0765,105450000,0.00%,384973447,713193319447,1062566.92,0
2049-11-08,10.0765,10.0765,10.0765,10.0765,58550000,0.00%,326423447,713193319447,589979.08,0
2049-11-09,10.0765,10.0765,10.0765,10.0765,76350000,0.00%,250073447,713193319447,769340.78,0
2049-11-10,10.0765,10.0765,10.0765,10.0765,103800000,0.00%,146273447,713193319447,1045940.7,0
2049-11-11,10.0765,10.0765,10.0765,10.0765,99600000,0.00%,46673447,713193319447,1003619.4,0
2049-11-12,10.0765,10.0865,10.0865,10.0765,96950000,0.10%,1445600302,714689196302,977886.17,1495876854
2049-11-15,10.0865,10.0865,10.0865,10.0865,114300000,0.00%,1331300302,714689196302,1152886.95,0
2049-11-16,10.0865,10.0865,10.0865,10.0865,136500000,0.00%,1194800302,714689196302,1376807.25,0
2049-11-17,10.0865,10.0865,10.0865,10.0865,141550000,0.00%,1053250302,714689196302,1427744.07,0
2049-11-18,10.0865,10.0865,10.0865,10.0865,174500000,0.00%,878750302,714689196302,1760094.25,0
2049-11-19,10.0865,10.0865,10.0865,10.0865,145300000,0.00%,733450302,714689196302,1465568.45,0
2049-11-22,10.0865,10.0865,10.0865,10.0865,102450000,0.00%,631000302,714689196302,1033361.92,0
2049-11-23,10.0865,10.0865,10.0865,10.0865,69400000,0.00%,561600302,714689196302,700003.1,0
2049-11-24,10.0865,10.0865,10.0865,10.0865,75050000,0.00%,486550302,714689196302,756991.82,0
2049-11-25,10.0865,10.0865,10.0865,10.0865,62500000,0.00%,424050302,714689196302,630406.25,0
2049-11-26,10.0865,10.0865,10.0865,10.0865,84750000,0.00%,339300302,714689196302,854830.87,0
2049-11-29,10.0865,10.0865,10.0865,10.0865,139450000,0.00%,199850302,714689196302,1406562.42,0
2049-11-30,10.0865,10.0865,10.0865,10.0865,84700000,0.00%,115150302,714689196302,854326.55,0
2049-12-01,10.0865,10.0865,10.0865,10.0865,83450000,0.00%,31700302,714689196302,841718.43,0
2049-12-02,10.0865,10.0966,10.0966,10.0865,65350000,0.10%,1466988369,716189834369,659812.81,1500638067
2049-12-03,10.0966,10.0966,10.0966,10.0966,78150000,0.00%,1388838369,716189834369,789049.29,0
2049-12-06,10.0966,10.0966,10.0966,10.0966,66650000,0.00%,1322188369,716189834369,672938.39,0
2049-12-07,10.0966,10.0966,10.0966,10.0966,91800000,0.00%,1230388369,716189834369,926867.88,0
2049-12-08,10.0966,10.0966,10.0966,10.0966,70250000,0.00%,1160138369,716189834369,709286.15,0
2049-12-09,10.0966,10.0966,10.0966,10.0966,66550000,0.00%,1093588369,716189834369,671928.73,0
2049-12-10,10.0966,10.0966,10.0966,10.0966,138550000,0.00%,955038369,716189834369,1398883.93,0
2049-12-13,10.0966,10.0966,10.0966,10.0966,112300000,0.00%,842738369,716189834369,1133848.18,0
2049-12-14,10.0966,10.0966,10.0966,10.0966,151400000,0.00%,691338369,716189834369,1528625.24,0
2049-12-15,10.0966,10.0966,10.0966,10.0966,65500000,0.00%,625838369,716189834369,661327.3,0
2049-12-16,10.0966,10.0966,10.0966,10.0966,117050000,0.00%,508788369,716189834369,1181807.03,0
2049-12-17,10.0966,10.0966,10.0966,10.0966,81500000,0.00%,427288369,716189834369,822872.9,0
2049-12-20,10.0966,10.0966,10.0966,10.0966,70300000,0.00%,356988369,716189834369,709790.98,0
2049-12-21,10.0966,10.0966,10.0966,10.0966,83900000,0.00%,273088369,716189834369,847104.74,0
2049-12-22,10.0966,10.0966,10.0966,10.0966,74550000,0.00%,198538369,716189834369,752701.53,0
2049-12-23,10.0966,10.0966,10.0966,10.0966,173350000,0.00%,25188369,716189834369,1750245.61,0
2049-12-24,10.0966,10.1067,10.1067,10.0966,224150000,0.10%,1329972665,717718768665,2265416.81,1528934295
2049-12-27,10.1067,10.1067,10.1067,10.1067,104300000,0.00%,1225672665,717718768665,1054128.81,0
2049-12-28,10.1067,10.1067,10.1067,10.1067,39350000,0.00%,1186322665,717718768665,397698.65,0
2049-12-31,10.1067,10.1067,10.1067,10.1067,67750000,0.00%,1118572665,717718768665,684728.93,0
2050-01-03,10.1067,10.1067,10.1067,10.1067,68952000,0.00%,1049620665,717718768665,696877.18,0
2050-01-04,10.1067,10.1067,10.1067,10.1067,55437000,0.00%,994183665,717718768665,560285.13,0
2050-01-06,10.1067,10.1067,10.1067,10.1067,105723000,0.00%,888460665,717718768665,1068510.64,0
2050-01-07,10.1067,10.1067,10.1067,10.1067,85884000,0.00%,802576665,717718768665,868003.82,0
2050-01-10,10.1067,10.1067,10.1067,10.1067,86037000,0.00%,716539665,717718768665,869550.15,0
2050-01-11,10.1067,10.1168,10.1168,10.1067,728892000,0.10%,1557761855,719288882855,7374054.59,1570114189
2050-01-12,10.1168,10.1168,10.1168,10.1168,486846000,0.00%,1070915855,719288882855,4925323.61,0
2050-01-13,10.1168,10.1168,10.1168,10.1168,308958000,0.00%,761957855,719288882855,3125666.29,0
2050-01-14,10.1168,10.1168,10.1168,10.1168,188955000,0.00%,573002855,719288882855,1911619.94,0
2050-01-17,10.1168,10.1168,10.1168,10.1168,177429000,0.00%,395573855,719288882855,1795013.71,0
2050-01-18,10.1168,10.1168,10.1168,10.1168,207162000,0.00%,188411855,719288882855,2095816.52,0
2050-01-19,10.1168,10.1168,10.1168,10.1168,148716000,0.00%,39695855,719288882855,1504530.03,0
2050-01-20,10.1168,10.127,10.127,10.1168,133314000,0.10%,1532071651,720914572651,1350070.88,1625689795
2050-01-21,10.127,10.127,10.127,10.127,87414000,0.00%,1444657651,720914572651,885241.58,0
2050-01-24,10.127,10.127,10.127,10.127,158814000,0.00%,1285843651,720914572651,1608309.38,0
2050-01-25,10.127,10.127,10.127,10.127,128775000,0.00%,1157068651,720914572651,1304104.43,0
2050-01-26,10.127,10.127,10.127,10.127,91086000,0.00%,1065982651,720914572651,922427.92,0
2050-01-27,10.127,10.127,10.127,10.127,108426000,0.00%,957556651,720914572651,1098030.1,0
2050-01-28,10.127,10.127,10.127,10.127,122808000,0.00%,834748651,720914572651,1243676.62,0
2050-01-31,10.127,10.127,10.127,10.127,120411000,0.00%,714337651,720914572651,1219402.2,0
2050-02-01,10.127,10.127,10.127,10.127,72420000,0.00%,641917651,720914572651,733397.34,0
2050-02-07,10.127,10.127,10.127,10.127,142392000,0.00%,499525651,720914572651,1442003.78,0
2050-02-08,10.127,10.127,10.127,10.127,159528000,0.00%,339997651,720914572651,1615540.06,0
2050-02-09,10.127,10.127,10.127,10.127,163863000,0.00%,176134651,720914572651,1659440.6,0
2050-02-10,10.127,10.127,10.127,10.127,99909000,0.00%,76225651,720914572651,1011778.44,0
2050-02-11,10.127,10.1371,10.1371,10.127,176307000,0.10%,1559113681,722573767681,1787241.69,1659195030
2050-02-14,10.1371,10.1371,10.1371,10.1371,160191000,0.00%,1398922681,722573767681,1623872.19,0
2050-02-15,10.1371,10.1371,10.1371,10.1371,157539000,0.00%,1241383681,722573767681,1596988.6,0
2050-02-16,10.1371,10.1371,10.1371,10.1371,195126000,0.00%,1046257681,722573767681,1978011.77,0
2050-02-17,10.1371,10.1371,10.1371,10.1371,311049000,0.00%,735208681,722573767681,3153134.82,0
2050-02-18,10.1371,10.1371,10.1371,10.1371,380052000,0.00%,355156681,722573767681,3852625.13,0
2050-02-21,10.1371,10.1472,10.1472,10.1371,643722000,0.10%,1429660359,724291993359,6531975.88,1718225678
2050-02-22,10.1472,10.1472,10.1472,10.1472,318903000,0.00%,1110757359,724291993359,3235972.52,0
2050-02-23,10.1472,10.1472,10.1472,10.1472,174063000,0.00%,936694359,724291993359,1766252.07,0
2050-02-24,10.1472,10.1472,10.1472,10.1472,176205000,0.00%,760489359,724291993359,1787987.38,0
2050-02-25,10.1472,10.1472,10.1472,10.1472,375105000,0.00%,385384359,724291993359,3806265.46,0
2050-02-28,10.1472,10.1472,10.1472,10.1472,344454000,0.00%,40930359,724291993359,3495243.63,0
2050-03-01,10.1472,10.1574,10.1574,10.1472,288201000,0.10%,1528960755,726068224755,2927372.84,1776231395
2050-03-02,10.1574,10.1574,10.1574,10.1574,206499000,0.00%,1322461755,726068224755,2097492.94,0
2050-03-03,10.1574,10.1574,10.1574,10.1574,198390000,0.00%,1124071755,726068224755,2015126.59,0
2050-03-04,10.1574,10.1574,10.1574,10.1574,266016000,0.00%,858055755,726068224755,2702030.92,0
2050-03-07,10.1574,10.1574,10.1574,10.1574,167025000,0.00%,691030755,726068224755,1696539.74,0
2050-03-08,10.1574,10.1574,10.1574,10.1574,158712000,0.00%,532318755,726068224755,1612101.27,0
2050-03-09,10.1574,10.1574,10.1574,10.1574,179367000,0.00%,352951755,726068224755,1821902.37,0
2050-03-10,10.1574,10.1675,10.1675,10.1574,406368000,0.10%,1772924063,727894565063,4131746.64,1826340308
2050-03-11,10.1675,10.1675,10.1675,10.1675,237099000,0.00%,1535825063,727894565063,2410704.08,0
2050-03-14,10.1675,10.1675,10.1675,10.1675,175542000,0.00%,1360283063,727894565063,1784823.29,0
2050-03-15,10.1675,10.1675,10.1675,10.1675,172635000,0.00%,1187648063,727894565063,1755266.36,0
2050-03-16,10.1675,10.1675,10.1675,10.1675,142953000,0.00%,1044695063,727894565063,1453474.63,0
2050-03-17,10.1675,10.1675,10.1675,10.1675,139383000,0.00%,905312063,727894565063,1417176.65,0
2050-03-18,10.1675,10.1675,10.1675,10.1675,156621000,0.00%,748691063,727894565063,1592444.02,0
2050-03-21,10.1675,10.1675,10.1675,10.1675,112710000,0.00%,635981063,727894565063,1145978.93,0
2050-03-22,10.1675,10.1675,10.1675,10.1675,171564000,0.00%,464417063,727894565063,1744376.97,0
2050-03-23,10.1675,10.1675,10.1675,10.1675,161160000,0.00%,303257063,727894565063,1638594.3,0
2050-03-24,10.1675,10.1675,10.1675,10.1675,254235000,0.00%,49022063,727894565063,2584934.36,0
2050-03-25,10.1675,10.1777,10.1777,10.1675,215526000,0.10%,1663924022,729724993022,2193558.97,1830427959
2050-03-28,10.1777,10.1777,10.1777,10.1777,125460000,0.00%,1538464022,729724993022,1276894.24,0
2050-03-29,10.1777,10.1777,10.1777,10.1777,141474000,0.00%,1396990022,729724993022,1439879.93,0
2050-03-30,10.1777,10.1777,10.1777,10.1777,88281000,0.00%,1308709022,729724993022,898497.53,0
2050-03-31,10.1777,10.1777,10.1777,10.1777,89760000,0.00%,1218949022,729724993022,913550.35,0
2050-04-01,10.1777,10.1777,10.1777,10.1777,94809000,0.00%,1124140022,729724993022,964937.56,0
2050-04-04,10.1777,10.1777,10.1777,10.1777,143004000,0.00%,981136022,729724993022,1455451.81,0
2050-04-05,10.1777,10.1777,10.1777,10.1777,99552000,0.00%,881584022,729724993022,1013210.39,0
2050-04-06,10.1777,10.1777,10.1777,10.1777,72675000,0.00%,808909022,729724993022,739664.35,0
2050-04-07,10.1777,10.1777,10.1777,10.1777,149022000,0.00%,659887022,729724993022,1516701.21,0
2050-04-11,10.1777,10.1777,10.1777,10.1777,629136000,0.00%,30751022,729724993022,6403157.47,0
2050-04-12,10.1777,10.1879,10.1879,10.1777,332112000,0.10%,1572559607,731598913607,3383523.84,1873920584
2050-04-13,10.1879,10.1879,10.1879,10.1879,339048000,0.00%,1233511607,731598913607,3454187.12,0
2050-04-14,10.1879,10.1879,10.1879,10.1879,294780000,0.00%,938731607,731598913607,3003189.16,0
2050-04-15,10.1879,10.1879,10.1879,10.1879,237609000,0.00%,701122607,731598913607,2420736.73,0
2050-04-18,10.1879,10.1879,10.1879,10.1879,154785000,0.00%,546337607,731598913607,1576934.1,0
2050-04-19,10.1879,10.1879,10.1879,10.1879,103275000,0.00%,443062607,731598913607,1052155.37,0
2050-04-20,10.1879,10.1879,10.1879,10.1879,139332000,0.00%,303730607,731598913607,1419500.48,0
2050-04-21,10.1879,10.1879,10.1879,10.1879,124848000,0.00%,178882607,731598913607,1271938.94,0
2050-04-26,10.1879,10.1879,10.1879,10.1879,122604000,0.00%,56278607,731598913607,1249077.29,0
2050-04-27,10.1879,10.1981,10.1981,10.1879,137700000,0.10%,1807197970,733487532970,1404278.37,1888619362
2050-04-28,10.1981,10.1981,10.1981,10.1981,96441000,0.00%,1710756970,733487532970,983514.96,0
2050-04-29,10.1981,10.1981,10.1981,10.1981,146625000,0.00%,1564131970,733487532970,1495296.41,0
2050-05-02,10.1981,10.1981,10.1981,10.1981,70431000,0.00%,1493700970,733487532970,718262.38,0
2050-05-03,10.1981,10.1981,10.1981,10.1981,83487000,0.00%,1410213970,733487532970,851408.77,0
2050-05-04,10.1981,10.1981,10.1981,10.1981,78081000,0.00%,1332132970,733487532970,796277.85,0
2050-05-06,10.1981,10.1981,10.1981,10.1981,67524000,0.00%,1264608970,733487532970,688616.5,0
2050-05-10,10.1981,10.1981,10.1981,10.1981,101031000,0.00%,1163577970,733487532970,1030324.24,0
2050-05-11,10.1981,10.1981,10.1981,10.1981,130662000,0.00%,1032915970,733487532970,1332504.14,0
2050-05-12,10.1981,10.1981,10.1981,10.1981,101082000,0.00%,931833970,733487532970,1030844.34,0
2050-05-13,10.1981,10.1981,10.1981,10.1981,70278000,0.00%,861555970,733487532970,716702.07,0
2050-05-16,10.1981,10.1981,10.1981,10.1981,182835000,0.00%,678720970,733487532970,1864569.61,0
2050-05-17,10.1981,10.1981,10.1981,10.1981,117912000,0.00%,560808970,733487532970,1202478.37,0
2050-05-18,10.1981,10.1981,10.1981,10.1981,123879000,0.00%,436929970,733487532970,1263330.43,0
2050-05-19,10.1981,10.1981,10.1981,10.1981,167280000,0.00%,269649970,733487532970,1705938.17,0
2050-05-20,10.1981,10.1981,10.1981,10.1981,108783000,0.00%,160866970,733487532970,1109379.91,0
2050-05-23,10.1981,10.1981,10.1981,10.1981,114546000,0.00%,46320970,733487532970,1168151.56,0
2050-05-24,10.1981,10.2083,10.2083,10.1981,80529000,0.10%,1867744164,735389485164,822064.19,1901952193
2050-05-25,10.2083,10.2083,10.2083,10.2083,96492000,0.00%,1771252164,735389485164,985019.28,0
2050-05-26,10.2083,10.2083,10.2083,10.2083,72828000,0.00%,1698424164,735389485164,743450.07,0
2050-05-27,10.2083,10.2083,10.2083,10.2083,82926000,0.00%,1615498164,735389485164,846533.49,0
2050-05-30,10.2083,10.2083,10.2083,10.2083,88179000,0.00%,1527319164,735389485164,900157.69,0
2050-05-31,10.2083,10.2083,10.2083,10.2083,76449000,0.00%,1450870164,735389485164,780414.33,0
2050-06-01,10.2083,10.2083,10.2083,10.2083,85731000,0.00%,1365139164,735389485164,875167.77,0
2050-06-02,10.2083,10.2083,10.2083,10.2083,98787000,0.00%,1266352164,735389485164,1008447.33,0
2050-06-03,10.2083,10.2083,10.2083,10.2083,144228000,0.00%,1122124164,735389485164,1472322.69,0
2050-06-06,10.2083,10.2083,10.2083,10.2083,66759000,0.00%,1055365164,735389485164,681495.9,0
2050-06-07,10.2083,10.2083,10.2083,10.2083,74511000,0.00%,980854164,735389485164,760630.64,0
2050-06-08,10.2083,10.2083,10.2083,10.2083,93738000,0.00%,887116164,735389485164,956905.63,0
2050-06-09,10.2083,10.2083,10.2083,10.2083,98583000,0.00%,788533164,735389485164,1006364.84,0
2050-06-10,10.2083,10.2083,10.2083,10.2083,67014000,0.00%,721519164,735389485164,684099.02,0
2050-06-13,10.2083,10.2083,10.2083,10.2083,94248000,0.00%,627271164,735389485164,962111.86,0
2050-06-14,10.2083,10.2083,10.2083,10.2083,86904000,0.00%,540367164,735389485164,887142.1,0
2050-06-15,10.2083,10.2083,10.2083,10.2083,75378000,0.00%,464989164,735389485164,769481.24,0
2050-06-16,10.2083,10.2083,10.2083,10.2083,68187000,0.00%,396802164,735389485164,696073.35,0
2050-06-17,10.2083,10.2083,10.2083,10.2083,97359000,0.00%,299443164,735389485164,993869.88,0
2050-06-20,10.2083,10.2083,10.2083,10.2083,70278000,0.00%,229165164,735389485164,717418.91,0
2050-06-21,10.2083,10.2083,10.2083,10.2083,58752000,0.00%,170413164,735389485164,599758.04,0
2050-06-22,10.2083,10.2083,10.2083,10.2083,77469000,0.00%,92944164,735389485164,790826.79,0
2050-06-23,10.2083,10.2185,10.2185,10.2083,98889000,0.10%,1865477482,737260907482,1010497.25,1871422318
2050-06-24,10.2185,10.2185,10.2185,10.2185,105162000,0.00%,1760315482,737260907482,1074597.9,0
2050-06-27,10.2185,10.2185,10.2185,10.2185,72675000,0.00%,1687640482,737260907482,742629.49,0
2050-06-28,10.2185,10.2185,10.2185,10.2185,90627000,0.00%,1597013482,737260907482,926072.0,0
2050-06-29,10.2185,10.2185,10.2185,10.2185,89709000,0.00%,1507304482,737260907482,916691.42,0
2050-06-30,10.2185,10.2185,10.2185,10.2185,76500000,0.00%,1430804482,737260907482,781715.25,0
2050-07-01,10.2185,10.2185,10.2185,10.2185,77418000,0.00%,1353386482,737260907482,791095.83,0
2050-07-04,10.2185,10.2185,10.2185,10.2185,94146000,0.00%,1259240482,737260907482,962030.9,0
2050-07-06,10.2185,10.2185,10.2185,10.2185,92820000,0.00%,1166420482,737260907482,948481.17,0
2050-07-07,10.2185,10.2185,10.2185,10.2185,96696000,0.00%,1069724482,737260907482,988088.08,0
2050-07-08,10.2185,10.2185,10.2185,10.2185,74766000,0.00%,994958482,737260907482,763996.37,0
2050-07-11,10.2185,10.2185,10.2185,10.2185,59313000,0.00%,935645482,737260907482,606089.89,0
2050-07-12,10.2185,10.2185,10.2185,10.2185,67167000,0.00%,868478482,737260907482,686345.99,0
2050-07-13,10.2185,10.2185,10.2185,10.2185,90882000,0.00%,777596482,737260907482,928677.72,0
2050-07-14,10.2185,10.2185,10.2185,10.2185,71553000,0.00%,706043482,737260907482,731164.33,0
2050-07-15,10.2185,10.2185,10.2185,10.2185,98073000,0.00%,607970482,737260907482,1002158.95,0
2050-07-18,10.2185,10.2185,10.2185,10.2185,59670000,0.00%,548300482,737260907482,609737.9,0
2050-07-19,10.2185,10.2185,10.2185,10.2185,139995000,0.00%,408305482,737260907482,1430538.91,0
2050-07-20,10.2185,10.2185,10.2185,10.2185,118575000,0.00%,289730482,737260907482,1211658.64,0
2050-07-21,10.2185,10.2185,10.2185,10.2185,70074000,0.00%,219656482,737260907482,716051.17,0
2050-07-22,10.2185,10.2185,10.2185,10.2185,70278000,0.00%,149378482,737260907482,718135.74,0
2050-07-25,10.2185,10.2185,10.2185,10.2185,67677000,0.00%,81701482,737260907482,691557.42,0
2050-07-26,10.2185,10.2287,10.2287,10.2185,89760000,0.10%,1820922914,739089888914,918128.11,1828981431
2050-07-27,10.2287,10.2287,10.2287,10.2287,238374000,0.00%,1582548914,739089888914,2438256.13,0
2050-07-28,10.2287,10.2287,10.2287,10.2287,123318000,0.00%,1459230914,739089888914,1261382.83,0
2050-07-29,10.2287,10.2287,10.2287,10.2287,101439000,0.00%,1357791914,739089888914,1037589.1,0
2050-08-01,10.2287,10.2287,10.2287,10.2287,74766000,0.00%,1283025914,739089888914,764758.98,0
2050-08-02,10.2287,10.2287,10.2287,10.2287,85935000,0.00%,1197090914,739089888914,879003.33,0
2050-08-03,10.2287,10.2287,10.2287,10.2287,98736000,0.00%,1098354914,739089888914,1009940.92,0
2050-08-04,10.2287,10.2287,10.2287,10.2287,104295000,0.00%,994059914,739089888914,1066802.27,0
2050-08-05,10.2287,10.2287,10.2287,10.2287,108120000,0.00%,885939914,739089888914,1105927.04,0
2050-08-08,10.2287,10.2287,10.2287,10.2287,88434000,0.00%,797505914,739089888914,904564.86,0
2050-08-09,10.2287,10.2287,10.2287,10.2287,88485000,0.00%,709020914,739089888914,905086.52,0
2050-08-10,10.2287,10.2287,10.2287,10.2287,105774000,0.00%,603246914,739089888914,1081930.51,0
2050-08-11,10.2287,10.2287,10.2287,10.2287,86394000,0.00%,516852914,739089888914,883698.31,0
2050-08-12,10.2287,10.2287,10.2287,10.2287,67881000,0.00%,448971914,739089888914,694334.38,0
2050-08-15,10.2287,10.2287,10.2287,10.2287,60129000,0.00%,388842914,739089888914,615041.5,0
2050-08-16,10.2287,10.2287,10.2287,10.2287,70533000,0.00%,318309914,739089888914,721460.9,0
2050-08-17,10.2287,10.2287,10.2287,10.2287,191760000,0.00%,126549914,739089888914,1961455.51,0
2050-08-18,10.2287,10.2389,10.2389,10.2287,185334000,0.10%,1761090181,740909763181,1897616.29,1819874267
2050-08-19,10.2389,10.2389,10.2389,10.2389,113118000,0.00%,1647972181,740909763181,1158203.89,0
2050-08-22,10.2389,10.2389,10.2389,10.2389,89709000,0.00%,1558263181,740909763181,918521.48,0
2050-08-23,10.2389,10.2389,10.2389,10.2389,83436000,0.00%,1474827181,740909763181,854292.86,0
2050-08-24,10.2389,10.2389,10.2389,10.2389,81345000,0.00%,1393482181,740909763181,832883.32,0
2050-08-25,10.2389,10.2389,10.2389,10.2389,72879000,0.00%,1320603181,740909763181,746200.79,0
2050-08-26,10.2389,10.2389,10.2389,10.2389,98838000,0.00%,1221765181,740909763181,1011992.4,0
2050-08-29,10.2389,10.2389,10.2389,10.2389,131019000,0.00%,1090746181,740909763181,1341490.44,0
2050-08-30,10.2389,10.2389,10.2389,10.2389,105366000,0.00%,985380181,740909763181,1078831.94,0
2050-08-31,10.2389,10.2389,10.2389,10.2389,108426000,0.00%,876954181,740909763181,1110162.97,0
2050-09-01,10.2389,10.2389,10.2389,10.2389,110721000,0.00%,766233181,740909763181,1133661.25,0
2050-09-02,10.2389,10.2389,10.2389,10.2389,92973000,0.00%,673260181,740909763181,951941.25,0
2050-09-05,10.2389,10.2389,10.2389,10.2389,81396000,0.00%,591864181,740909763181,833405.5,0
2050-09-06,10.2389,10.2389,10.2389,10.2389,75531000,0.00%,516333181,740909763181,773354.36,0
2050-09-07,10.2389,10.2389,10.2389,10.2389,79152000,0.00%,437181181,740909763181,810429.41,0
2050-09-08,10.2389,10.2389,10.2389,10.2389,91800000,0.00%,345381181,740909763181,939931.02,0
2050-09-09,10.2389,10.2389,10.2389,10.2389,97155000,0.00%,248226181,740909763181,994760.33,0
2050-09-12,10.2389,10.2389,10.2389,10.2389,111282000,0.00%,136944181,740909763181,1139405.27,0
2050-09-13,10.2389,10.2389,10.2389,10.2389,101337000,0.00%,35607181,740909763181,1037579.41,0
2050-09-14,10.2389,10.2491,10.2491,10.2389,97869000,0.10%,1750315623,742722340623,1003069.17,1812577442
2050-09-15,10.2491,10.2491,10.2491,10.2491,92769000,0.00%,1657546623,742722340623,950798.76,0
2050-09-16,10.2491,10.2491,10.2491,10.2491,105978000,0.00%,1551568623,742722340623,1086179.12,0
2050-09-19,10.2491,10.2491,10.2491,10.2491,83487000,0.00%,1468081623,742722340623,855666.61,0
2050-09-20,10.2491,10.2491,10.2491,10.2491,68034000,0.00%,1400047623,742722340623,697287.27,0
2050-09-21,10.2491,10.2491,10.2491,10.2491,113985000,0.00%,1286062623,742722340623,1168243.66,0
2050-09-22,10.2491,10.2491,10.2491,10.2491,152949000,0.00%,1133113623,742722340623,1567589.6,0
2050-09-23,10.2491,10.2491,10.2491,10.2491,106131000,0.00%,1026982623,742722340623,1087747.23,0
2050-09-26,10.2491,10.2491,10.2491,10.2491,65790000,0.00%,961192623,742722340623,674288.29,0
2050-09-27,10.2491,10.2491,10.2491,10.2491,77979000,0.00%,883213623,742722340623,799214.57,0
2050-09-28,10.2491,10.2491,10.2491,10.2491,94044000,0.00%,789169623,742722340623,963866.36,0
2050-09-29,10.2491,10.2491,10.2491,10.2491,88638000,0.00%,700531623,742722340623,908459.73,0
2050-09-30,10.2491,10.2491,10.2491,10.2491,99450000,0.00%,601081623,742722340623,1019273.0,0
2050-10-03,10.2491,10.2491,10.2491,10.2491,104499000,0.00%,496582623,742722340623,1071020.7,0
2050-10-04,10.2491,10.2491,10.2491,10.2491,105111000,0.00%,391471623,742722340623,1077293.15,0
2050-10-06,10.2491,10.2491,10.2491,10.2491,87414000,0.00%,304057623,742722340623,895914.83,0
2050-10-07,10.2491,10.2491,10.2491,10.2491,36363000,0.00%,267694623,742722340623,372688.02,0
2050-10-10,10.2491,10.2491,10.2491,10.2491,39933000,0.00%,227761623,742722340623,409277.31,0
2050-10-12,10.2491,10.2491,10.2491,10.2491,53754000,0.00%,174007623,742722340623,550930.12,0
2050-10-13,10.2491,10.2491,10.2491,10.2491,73695000,0.00%,100312623,742722340623,755307.42,0
2050-10-14,10.2491,10.2594,10.2594,10.2491,101490000,0.10%,1813288874,744536806874,1041226.51,1814466251
2050-10-17,10.2594,10.2594,10.2594,10.2594,193851000,0.00%,1619437874,744536806874,1988794.95,0
2050-10-18,10.2594,10.2594,10.2594,10.2594,136680000,0.00%,1482757874,744536806874,1402254.79,0
2050-10-19,10.2594,10.2594,10.2594,10.2594,93738000,0.00%,1389019874,744536806874,961695.64,0
2050-10-20,10.2594,10.2594,10.2594,10.2594,72879000,0.00%,1316140874,744536806874,747694.81,0
2050-10-21,10.2594,10.2594,10.2594,10.2594,95115000,0.00%,1221025874,744536806874,975822.83,0
2050-10-24,10.2594,10.2594,10.2594,10.2594,76296000,0.00%,1144729874,744536806874,782751.18,0
2050-10-25,10.2594,10.2594,10.2594,10.2594,72267000,0.00%,1072462874,744536806874,741416.06,0
2050-10-26,10.2594,10.2594,10.2594,10.2594,50898000,0.00%,1021564874,744536806874,522182.94,0
2050-10-27,10.2594,10.2594,10.2594,10.2594,63342000,0.00%,958222874,744536806874,649850.91,0
2050-10-28,10.2594,10.2594,10.2594,10.2594,61200000,0.00%,897022874,744536806874,627875.28,0
2050-10-31,10.2594,10.2594,10.2594,10.2594,81804000,0.00%,815218874,744536806874,839259.96,0
2050-11-01,10.2594,10.2594,10.2594,10.2594,83130000,0.00%,732088874,744536806874,852863.92,0
2050-11-03,10.2594,10.2594,10.2594,10.2594,111027000,0.00%,621061874,744536806874,1139070.4,0
2050-11-04,10.2594,10.2594,10.2594,10.2594,104958000,0.00%,516103874,744536806874,1076806.11,0
2050-11-07,10.2594,10.2594,10.2594,10.2594,59109000,0.00%,456994874,744536806874,606422.87,0
2050-11-08,10.2594,10.2594,10.2594,10.2594,76347000,0.00%,380647874,744536806874,783274.41,0
2050-11-09,10.2594,10.2594,10.2594,10.2594,67881000,0.00%,312766874,744536806874,696418.33,0
2050-11-10,10.2594,10.2594,10.2594,10.2594,66708000,0.00%,246058874,744536806874,684384.06,0
2050-11-11,10.2594,10.2594,10.2594,10.2594,67881000,0.00%,178177874,744536806874,696418.33,0
2050-11-14,10.2594,10.2594,10.2594,10.2594,74001000,0.00%,104176874,744536806874,759205.86,0
2050-11-15,10.2594,10.2594,10.2594,10.2594,66759000,0.00%,37417874,744536806874,684907.28,0
2050-11-16,10.2594,10.2697,10.2697,10.2594,69666000,0.10%,1787705596,746356760596,715448.92,1819953721
2050-11-17,10.2697,10.2697,10.2697,10.2697,88230000,0.00%,1699475596,746356760596,906095.63,0
2050-11-18,10.2697,10.2697,10.2697,10.2697,101796000,0.00%,1597679596,746356760596,1045414.38,0
2050-11-21,10.2697,10.2697,10.2697,10.2697,70329000,0.00%,1527350596,746356760596,722257.73,0
2050-11-22,10.2697,10.2697,10.2697,10.2697,95982000,0.00%,1431368596,746356760596,985706.35,0
2050-11-23,10.2697,10.2697,10.2697,10.2697,71196000,0.00%,1360172596,746356760596,731161.56,0
2050-11-24,10.2697,10.2697,10.2697,10.2697,71502000,0.00%,1288670596,746356760596,734304.09,0
2050-11-25,10.2697,10.2697,10.2697,10.2697,121023000,0.00%,1167647596,746356760596,1242869.9,0
2050-11-28,10.2697,10.2697,10.2697,10.2697,114138000,0.00%,1053509596,746356760596,1172163.02,0
2050-11-29,10.2697,10.2697,10.2697,10.2697,75888000,0.00%,977621596,746356760596,779346.99,0
2050-11-30,10.2697,10.2697,10.2697,10.2697,73593000,0.00%,904028596,746356760596,755778.03,0
2050-12-01,10.2697,10.2697,10.2697,10.2697,78999000,0.00%,825029596,746356760596,811296.03,0
2050-12-02,10.2697,10.2697,10.2697,10.2697,67422000,0.00%,757607596,746356760596,692403.71,0
2050-12-05,10.2697,10.2697,10.2697,10.2697,64464000,0.00%,693143596,746356760596,662025.94,0
2050-12-06,10.2697,10.2697,10.2697,10.2697,58446000,0.00%,634697596,746356760596,600222.89,0
2050-12-07,10.2697,10.2697,10.2697,10.2697,56100000,0.00%,578597596,746356760596,576130.17,0
2050-12-08,10.2697,10.2697,10.2697,10.2697,78183000,0.00%,500414596,746356760596,802915.96,0
2050-12-09,10.2697,10.2697,10.2697,10.2697,74664000,0.00%,425750596,746356760596,766776.88,0
2050-12-12,10.2697,10.2697,10.2697,10.2697,68442000,0.00%,357308596,746356760596,702878.81,0
2050-12-13,10.2697,10.2697,10.2697,10.2697,88893000,0.00%,268415596,746356760596,912904.44,0
2050-12-14,10.2697,10.2697,10.2697,10.2697,75225000,0.00%,193190596,746356760596,772538.18,0
2050-12-15,10.2697,10.2697,10.2697,10.2697,63648000,0.00%,129542596,746356760596,653645.87,0
2050-12-16,10.2697,10.2697,10.2697,10.2697,90933000,0.00%,38609596,746356760596,933854.63,0
2050-12-19,10.2697,10.2799,10.2799,10.2697,77367000,0.10%,1764790716,748160308716,795325.02,1803548119
2050-12-20,10.2799,10.2799,10.2799,10.2799,81549000,0.00%,1683241716,748160308716,838315.57,0
2050-12-21,10.2799,10.2799,10.2799,10.2799,75582000,0.00%,1607659716,748160308716,776975.4,0
2050-12-22,10.2799,10.2799,10.2799,10.2799,51765000,0.00%,1555894716,748160308716,532139.02,0
2050-12-23,10.2799,10.2799,10.2799,10.2799,90627000,0.00%,1465267716,748160308716,931636.5,0
2050-12-26,10.2799,10.2799,10.2799,10.2799,70737000,0.00%,1394530716,748160308716,727169.29,0
2050-12-27,10.2799,10.2799,10.2799,10.2799,79662000,0.00%,1314868716,748160308716,818917.39,0
2050-12-28,10.2799,10.2799,10.2799,10.2799,37332000,0.00%,1277536716,748160308716,383769.23,0
