日期,开盘,收盘,高,低,成交量,涨跌幅,流通股本,总股本,交易收入,增发股数
2010-01-04,1.1,1.1033,1.1033,1.1,11823000,0.30%,177628,12000628,13044.32,9000628
2010-01-05,1.1033,1.1133,1.1133,1.1033,25641000,0.91%,1543709,39007709,28546.13,27007081
2010-01-06,1.1133,1.1222,1.1222,1.1133,24443999,0.80%,1112458,63020458,27431.06,24012749
2010-01-07,1.1222,1.1335,1.1335,1.1222,29326499,1.01%,1814805,93049305,33241.59,30028847
2010-01-08,1.1335,1.1414,1.1414,1.1335,20979000,0.70%,1865701,114079201,23945.43,21029895
2010-01-11,1.1414,1.1483,1.1483,1.1414,18658500,0.60%,1241505,132113505,21425.56,18034304
2010-01-12,1.1483,1.1552,1.1552,1.1483,16505999,0.60%,2779251,150157251,19067.73,18043745
2010-01-13,1.1552,1.1668,1.1668,1.1552,32077500,1.00%,806165,180261665,37428.03,30104414
2010-01-14,1.1668,1.175,1.175,1.1668,19887000,0.70%,2014975,201357475,23367.23,21095809
2010-01-15,1.175,1.1833,1.1833,1.175,21440999,0.71%,1695197,222478697,25371.14,21121222
2010-01-18,1.1833,1.1951,1.1951,1.1833,29210999,1.00%,2713804,252708304,34910.07,30229607
2010-01-19,1.1951,1.2205,1.2205,1.1951,64092000,2.13%,2422039,316508539,78224.29,63800234
2010-01-20,1.2205,1.2389,1.2389,1.2205,46252500,1.51%,2054504,362393504,57302.22,45884965
2010-01-21,1.2389,1.2627,1.2627,1.2389,60280500,1.92%,488679,421108179,76116.19,58714675
2010-01-22,1.2627,1.292,1.292,1.2627,72744000,2.32%,76864,493440364,93985.25,72332184
2010-01-25,1.292,1.3116,1.3116,1.292,45769500,1.52%,2398474,541531474,60031.28,48091109
2010-01-26,1.3116,1.3287,1.3287,1.3116,43113000,1.30%,1767454,584013454,57284.24,42481980
2010-01-27,1.3287,1.3501,1.3501,1.3287,53781000,1.61%,1609666,637636666,72609.73,53623211
2010-01-28,1.3501,1.3719,1.3719,1.3501,53928000,1.61%,3066044,693021044,73983.82,55384377
2010-01-29,1.3719,1.3857,1.3857,1.3719,35511000,1.01%,3174986,728640986,49207.59,35619942
2010-02-01,1.3857,1.401,1.401,1.3857,41495999,1.10%,2001027,768963027,58135.9,40322041
2010-02-02,1.401,1.4137,1.4137,1.401,34083000,0.91%,1857699,802902699,48183.14,33939671
2010-02-03,1.4137,1.4322,1.4322,1.4137,51355499,1.31%,1394191,853794691,73551.35,50891991
2010-02-04,1.4322,1.4393,1.4393,1.4322,20265000,0.50%,1226267,873891767,29167.41,20097076
2010-02-05,1.4393,1.4596,1.4596,1.4393,58569000,1.41%,1247094,932481594,85487.31,58589826
2010-02-08,1.4596,1.4728,1.4728,1.4596,36340499,0.90%,4130236,971705236,53522.29,39223641
2010-02-09,1.4728,1.4846,1.4846,1.4728,37359000,0.80%,2862568,1007796568,55463.17,36091331
2010-02-10,1.4846,1.495,1.495,1.4846,33431999,0.70%,2017878,1040383878,49980.84,32587310
2010-02-11,1.495,1.5086,1.5086,1.495,43165499,0.91%,2315673,1083847173,65119.47,43463294
2010-02-12,1.5086,1.5191,1.5191,1.5086,34650000,0.70%,2648251,1118829751,52636.82,34982578
2010-02-17,1.5191,1.5268,1.5268,1.5191,27279000,0.51%,1025453,1144485953,41649.58,25656201
2010-02-18,1.5268,1.5313,1.5313,1.5268,15183000,0.29%,1493879,1160137379,23249.73,15651426
2010-02-19,1.5313,1.5375,1.5375,1.5313,19740000,0.40%,2978679,1181362179,30350.25,21224799
2010-02-22,1.5375,1.5452,1.5452,1.5375,24864000,0.50%,5224780,1208472280,38419.85,27110101
2010-02-23,1.5452,1.5514,1.5514,1.5452,22995000,0.40%,4376558,1230619058,35674.44,22146777
2010-02-24,1.5514,1.556,1.556,1.5514,17671500,0.30%,3586370,1247500370,27496.85,16881312
2010-02-25,1.556,1.5607,1.5607,1.556,15603000,0.30%,5103348,1264620348,24351.6,17119977
2010-02-26,1.5607,1.5638,1.5638,1.5607,15718500,0.20%,944220,1276179720,24580.59,11559372
2010-03-01,1.5638,1.5701,1.5701,1.5638,19320000,0.40%,5100754,1299656254,30334.33,23476534
2010-03-02,1.5701,1.5764,1.5764,1.5701,26859000,0.40%,2212574,1323627074,42340.53,23970819
2010-03-03,1.5764,1.5811,1.5811,1.5764,15414000,0.30%,5050460,1341878960,24371.08,18251885
2010-03-04,1.5811,1.5859,1.5859,1.5811,22575000,0.30%,1030173,1360433673,35801.69,18554712
2010-03-05,1.5859,1.5938,1.5938,1.5859,30733499,0.50%,1908335,1392045335,48983.05,31611662
2010-03-08,1.5938,1.6002,1.6002,1.5938,26166000,0.40%,1579248,1417882248,41870.83,25836913
2010-03-09,1.6002,1.605,1.605,1.6002,15624000,0.30%,5621836,1437548836,25076.52,19666587
2010-03-10,1.605,1.6114,1.6114,1.605,26271000,0.40%,6068656,1464266656,42333.09,26717819
2010-03-11,1.6114,1.6147,1.6147,1.6114,18018000,0.20%,1601700,1477817700,29093.66,13551044
2010-03-12,1.6147,1.6195,1.6195,1.6147,18060000,0.30%,4133265,1498409265,29248.17,20591565
2010-03-15,1.6195,1.626,1.626,1.6195,26827500,0.40%,5275854,1526379354,43621.51,27970088
2010-03-16,1.626,1.6358,1.6358,1.626,46893000,0.60%,1585792,1569582292,76707.57,43202938
2010-03-17,1.6358,1.644,1.644,1.6358,35269499,0.50%,3259742,1606525742,57983.06,36943449
2010-03-18,1.644,1.6605,1.6605,1.644,73447500,1.00%,6978843,1683692343,121959.57,77166601
2010-03-19,1.6605,1.6772,1.6772,1.6605,86278500,1.01%,2004582,1764996582,144706.3,81304238
2010-03-22,1.6772,1.6822,1.6822,1.6772,24863999,0.30%,2083431,1789939431,41826.22,24942849
2010-03-23,1.6822,1.6872,1.6872,1.6822,23877000,0.30%,3519287,1815252287,40285.27,25312855
2010-03-24,1.6872,1.694,1.694,1.6872,30093000,0.40%,7782062,1849608062,50977.54,34355775
2010-03-25,1.694,1.6991,1.6991,1.694,25935000,0.30%,8033998,1875794998,44066.16,26186936
2010-03-26,1.6991,1.7025,1.7025,1.6991,23541000,0.20%,2183244,1893485244,40078.55,17690245
2010-03-29,1.7025,1.7059,1.7059,1.7025,16086000,0.20%,3956609,1911344609,27441.11,17859365
2010-03-30,1.7059,1.711,1.711,1.7059,26859000,0.30%,4267492,1938514492,45955.75,27169882
2010-03-31,1.711,1.7144,1.7144,1.711,18616500,0.20%,3967731,1956831231,31916.13,18316739
2010-04-01,1.7144,1.7196,1.7196,1.7144,30807000,0.30%,1056987,1984727487,52975.72,27896255
2010-04-07,1.7196,1.7299,1.7299,1.7196,55744499,0.60%,2621849,2042036849,96432.41,57309361
2010-04-08,1.7299,1.7351,1.7351,1.7299,23047500,0.30%,8681091,2071143591,39989.72,29106742
2010-04-09,1.7351,1.7403,1.7403,1.7351,38293500,0.30%,23345,2100779345,66642.18,29635753
2010-04-12,1.7403,1.7473,1.7473,1.7403,33264000,0.40%,6946882,2140966882,58122.19,40187536
2010-04-13,1.7473,1.7526,1.7526,1.7473,29694000,0.30%,7867725,2171581725,52041.7,30614843
2010-04-14,1.7526,1.7543,1.7543,1.7526,13135500,0.10%,5015399,2181864899,23043.61,10283174
2010-04-15,1.7543,1.7561,1.7561,1.7543,14490000,0.10%,874413,2192213913,25445.89,10349013
2010-04-16,1.7561,1.7596,1.7596,1.7561,18217500,0.20%,3528335,2213085335,32055.51,20871422
2010-04-19,1.7596,1.7631,1.7631,1.7596,22228500,0.20%,2389112,2234174612,39191.07,21089277
2010-04-20,1.7631,1.7666,1.7666,1.7631,18081000,0.20%,5587622,2255454122,31941.89,21279509
2010-04-21,1.7666,1.7702,1.7702,1.7666,23341500,0.20%,3752380,2276960380,41319.12,21506257
2010-04-22,1.7702,1.7737,1.7737,1.7702,17367000,0.20%,8077984,2298652984,30803.85,21692604
2010-04-23,1.7737,1.779,1.779,1.7737,37758000,0.30%,3373544,2331706544,67171.48,33053560
2010-04-26,1.779,1.7826,1.7826,1.779,25504500,0.20%,164144,2354001644,45464.32,22295099
2010-04-27,1.7826,1.7862,1.7862,1.7826,16537500,0.20%,6103051,2376478051,29539.28,22476407
2010-04-28,1.7862,1.7897,1.7897,1.7862,17776500,0.20%,10994122,2399145622,31814.6,22667570
2010-04-29,1.7897,1.7915,1.7915,1.7897,16600500,0.10%,5811001,2410563001,29739.8,11417379
2010-04-30,1.7915,1.7951,1.7951,1.7915,22711500,0.20%,6143788,2433607288,40769.41,23044287
2010-05-03,1.7951,1.7987,1.7987,1.7951,24685500,0.20%,4742884,2456891884,44401.81,23284595
2010-05-04,1.7987,1.8023,1.8023,1.7987,26733000,0.20%,1549445,2480431445,48180.89,23539561
2010-05-05,1.8023,1.8077,1.8077,1.8023,25641000,0.30%,11613211,2516136211,46351.24,35704765
2010-05-06,1.8077,1.8131,1.8131,1.8077,39101999,0.30%,8782335,2552407335,70895.84,36271124
2010-05-07,1.8131,1.8204,1.8204,1.8131,45843000,0.40%,12184431,2601652431,83452.6,49245096
2010-05-10,1.8204,1.8222,1.8222,1.8204,20811000,0.10%,3800851,2614079851,37921.8,12427419
2010-05-11,1.8222,1.8277,1.8277,1.8222,36844500,0.30%,4734851,2651858351,67340.69,37778499
2010-05-12,1.8277,1.835,1.835,1.8277,46872000,0.40%,9137142,2703132642,86010.12,51274290
2010-05-13,1.835,1.8424,1.8424,1.835,60123000,0.40%,1419004,2755537504,110770.62,52404861
2010-05-14,1.8424,1.8497,1.8497,1.8424,45297000,0.40%,9442383,2808857883,83785.86,53320379
2010-05-17,1.8497,1.8553,1.8553,1.8497,49990500,0.30%,163480,2849569480,92747.37,40711597
2010-05-18,1.8553,1.859,1.859,1.8553,25294500,0.20%,2276985,2876977485,47022.48,27408005
2010-05-19,1.859,1.8627,1.8627,1.859,23656500,0.20%,6269020,2904626020,44064.96,27648534
2010-05-20,1.8627,1.8683,1.8683,1.8627,38535000,0.30%,9758801,2946650801,71994.94,42024781
2010-05-24,1.8683,1.8721,1.8721,1.8683,37191000,0.20%,943797,2975026797,69625.27,28375995
2010-05-25,1.8721,1.8777,1.8777,1.8721,40152000,0.30%,3926274,3018161274,75393.41,43134477
2010-05-26,1.8777,1.8833,1.8833,1.8777,47502000,0.30%,236878,3061973878,89460.52,43812603
2010-05-27,1.8833,1.889,1.889,1.8833,29830500,0.30%,14698576,3106266076,56349.81,44292197
2010-05-28,1.889,1.8909,1.8909,1.889,28948500,0.10%,657049,3121173049,54738.72,14906973
2010-05-31,1.8909,1.8928,1.8928,1.8909,15235500,0.10%,402691,3136154191,28837.75,14981142
2010-06-01,1.8928,1.8966,1.8966,1.8928,17713500,0.20%,12834621,3166299621,33595.42,30145429
2010-06-02,1.8966,1.8984,1.8984,1.8966,19950000,0.09%,8058286,3181473286,37873.08,15173664
2010-06-03,1.8984,1.9003,1.9003,1.8984,22995000,0.10%,341533,3196751533,43697.4,15278247
2010-06-04,1.9003,1.9042,1.9042,1.9003,19068000,0.21%,12023928,3227501928,36309.29,30750394
2010-06-07,1.9042,1.9061,1.9061,1.9042,24664500,0.10%,2853936,3242996436,47013.0,15494508
2010-06-08,1.9061,1.9137,1.9137,1.9061,62989500,0.40%,2961988,3306093988,120543.01,63097551
2010-06-09,1.9137,1.9271,1.9271,1.9137,114313500,0.70%,2688833,3420134333,220293.55,114040344
2010-06-10,1.9271,1.9465,1.9465,1.9271,156628500,1.01%,16158492,3590232492,304877.38,170098159
2010-06-11,1.9465,1.9543,1.9543,1.9465,81606000,0.40%,4282902,3659962902,159482.61,69730409
2010-06-14,1.9543,1.9602,1.9602,1.9543,43638000,0.30%,13625432,3712943432,85539.21,52980530
2010-06-15,1.9602,1.966,1.966,1.9602,65950499,0.30%,1584543,3766853043,129658.68,53909610
2010-06-17,1.966,1.9759,1.9759,1.966,77500500,0.50%,15774934,3858543934,153133.24,91690890
2010-06-18,1.9759,1.9898,1.9898,1.9759,136195500,0.70%,12352393,3991316893,271001.81,132772959
2010-06-21,1.9898,1.9957,1.9957,1.9898,53445000,0.30%,16682265,4049091765,106660.19,57774872
2010-06-22,1.9957,2.0017,2.0017,1.9957,69793500,0.30%,5653989,4107856989,139705.65,58765223
2010-06-23,2.0017,2.0138,2.0138,2.0017,111594000,0.60%,14685526,4228482526,224728.0,120625537
2010-06-24,2.0138,2.0178,2.0178,2.0138,38157000,0.20%,17171224,4269125224,76993.19,40642697
2010-06-25,2.0178,2.0198,2.0198,2.0178,32592000,0.10%,5059130,4289605130,65829.32,20479906
2010-06-28,2.0198,2.0239,2.0239,2.0198,26386500,0.20%,19897521,4330830021,53403.64,41224890
2010-06-29,2.0239,2.0259,2.0259,2.0239,32140500,0.10%,8526606,4351599606,65113.44,20769585
2010-06-30,2.0259,2.0299,2.0299,2.0259,29515500,0.20%,20841655,4393430155,59913.51,41830548
2010-07-02,2.0299,2.032,2.032,2.0299,31783500,0.10%,10129350,4414501350,64584.07,21071194
2010-07-05,2.032,2.034,2.034,2.032,17062500,0.10%,14224818,4435659318,34705.12,21157968
2010-07-06,2.034,2.036,2.036,2.034,33757500,0.10%,1780967,4456972967,68730.27,21313648
2010-07-07,2.036,2.0401,2.0401,2.036,40036500,0.20%,4748198,4499976698,81678.46,43003731
2010-07-08,2.0401,2.0421,2.0421,2.0401,25609500,0.10%,769756,4521607756,52297.16,21631057
2010-07-09,2.0421,2.0462,2.0462,2.0421,25305000,0.20%,18983168,4565126168,51779.09,43518411
2010-07-12,2.0462,2.0462,2.0462,2.0462,12117000,0.00%,6866168,4565126168,24793.81,0
2010-07-13,2.0462,2.0483,2.0483,2.0462,15697500,0.10%,13067691,4587025191,32153.19,21899022
2010-07-14,2.0483,2.0503,2.0503,2.0483,21693000,0.10%,13380043,4609030543,44477.16,22005352
2010-07-15,2.0503,2.0524,2.0524,2.0503,23709000,0.10%,11791123,4631150623,48660.35,22120079
2010-07-16,2.0524,2.0544,2.0544,2.0524,17787000,0.10%,16214332,4653360832,36541.61,22210209
2010-07-19,2.0544,2.0565,2.0565,2.0544,18154500,0.10%,20362004,4675663004,37334.73,22302171
2010-07-20,2.0565,2.0565,2.0565,2.0565,13702500,0.00%,6659504,4675663004,28179.19,0
2010-07-21,2.0565,2.0585,2.0585,2.0565,17682000,0.10%,11426828,4698112328,36398.4,22449324
2010-07-22,2.0585,2.0606,2.0606,2.0585,20191500,0.10%,13784790,4720661790,41606.6,22549462
2010-07-23,2.0606,2.0627,2.0627,2.0606,27415500,0.10%,9049104,4743341604,56549.95,22679813
2010-07-26,2.0627,2.0647,2.0647,2.0627,27405000,0.10%,4453965,4766151465,56583.1,22809860
2010-07-27,2.0647,2.0689,2.0689,2.0647,48331500,0.20%,2190032,4812219032,99993.04,46067567
2010-07-28,2.0689,2.073,2.073,2.0689,45591000,0.20%,3105868,4858725868,94510.14,46506835
2010-07-29,2.073,2.0771,2.0771,2.073,35574000,0.20%,14395715,4905589715,73890.76,46863846
2010-07-30,2.0771,2.0792,2.0792,2.0771,32665500,0.10%,5322416,4929181916,67918.11,23592201
2010-08-02,2.0792,2.0813,2.0813,2.0792,18564000,0.10%,10443963,4952867463,38637.25,23685546
2010-08-03,2.0813,2.0834,2.0834,2.0813,26239500,0.10%,8015878,4976678878,54667.37,23811415
2010-08-04,2.0834,2.0855,2.0855,2.0834,19120500,0.10%,12802707,5000586207,39875.8,23907328
2010-08-05,2.0855,2.0855,2.0855,2.0855,11676000,0.00%,1126707,5000586207,24350.3,0
2010-08-06,2.0855,2.0875,2.0875,2.0855,13156500,0.10%,11997760,5024613760,27464.19,24027553
2010-08-09,2.0875,2.0875,2.0875,2.0875,11760000,0.00%,237760,5024613760,24549.0,0
2010-08-10,2.0875,2.0917,2.0917,2.0875,28990500,0.20%,19691254,5073057754,60639.43,48443993
2010-08-11,2.0917,2.0938,2.0938,2.0917,25116000,0.10%,18926687,5097409187,52587.88,24351432
2010-08-12,2.0938,2.098,2.098,2.0938,46861500,0.20%,21209847,5146553847,98315.43,49144659
2010-08-13,2.098,2.1001,2.1001,2.098,31867500,0.10%,14072781,5171284281,66924.94,24730434
2010-08-16,2.1001,2.1022,2.1022,2.1001,15361500,0.10%,23522396,5196095396,32292.95,24811115
2010-08-17,2.1022,2.1022,2.1022,2.1022,8988000,0.00%,14534396,5196095396,18894.57,0
2010-08-18,2.1022,2.1043,2.1043,2.1022,15414000,0.10%,24050996,5221025996,32435.68,24930600
2010-08-19,2.1043,2.1064,2.1064,2.1043,30145500,0.10%,18979900,5246100400,63498.48,25074403
2010-08-20,2.1064,2.1064,2.1064,2.1064,14017500,0.00%,4962400,5246100400,29526.46,0
2010-08-23,2.1064,2.1085,2.1085,2.1064,7864500,0.10%,22280881,5271283381,16582.3,25182981
2010-08-24,2.1085,2.1106,2.1106,2.1085,23278500,0.10%,24300099,5296581099,49131.6,25297717
2010-08-25,2.1106,2.1127,2.1127,2.1106,41296500,0.10%,8492475,5322069975,87247.12,25488875
2010-08-26,2.1127,2.1148,2.1148,2.1127,22365000,0.10%,11726315,5347668815,47297.5,25598839
2010-08-27,2.1148,2.1148,2.1148,2.1148,9009000,0.00%,2717315,5347668815,19052.23,0
2010-08-30,2.1148,2.117,2.117,2.1148,15876000,0.10%,12561063,5373388563,33609.49,25719748
2010-08-31,2.117,2.1191,2.1191,2.117,15960000,0.10%,22403969,5399191469,33820.84,25802906
2010-09-01,2.1191,2.1191,2.1191,2.1191,16149000,0.00%,6254969,5399191469,34221.35,0
2010-09-02,2.1191,2.1212,2.1212,2.1191,13660500,0.10%,18540010,5425137010,28976.65,25945540
2010-09-03,2.1212,2.1233,2.1233,2.1212,21630000,0.10%,22963222,5451190222,45926.98,26053212
2010-09-06,2.1233,2.1254,2.1254,2.1233,35763000,0.10%,13421504,5477411504,76010.68,26221281
2010-09-07,2.1254,2.1276,2.1276,2.1254,23194500,0.10%,16562300,5503746800,49348.62,26335295
2010-09-08,2.1276,2.1297,2.1297,2.1276,22795500,0.10%,20214668,5530194668,48547.58,26447868
2010-09-09,2.1297,2.1297,2.1297,2.1297,10962000,0.00%,9252668,5530194668,23345.77,0
2010-09-10,2.1297,2.1318,2.1318,2.1297,12180000,0.10%,23634872,5556756872,25965.32,26562203
2010-09-13,2.1318,2.1318,2.1318,2.1318,21735000,0.00%,1899872,5556756872,46334.67,0
2010-09-14,2.1318,2.134,2.134,2.1318,18532500,0.10%,10117155,5583506655,39548.36,26749782
2010-09-15,2.134,2.1361,2.1361,2.134,16821000,0.10%,20132663,5610343163,35931.34,26836507
2010-09-16,2.1361,2.1361,2.1361,2.1361,16327500,0.00%,3805163,5610343163,34877.17,0
2010-09-17,2.1361,2.1382,2.1382,2.1361,17797500,0.10%,13005456,5637340956,38054.61,26997793
2010-09-20,2.1382,2.1404,2.1404,2.1382,21262500,0.10%,18846674,5664444674,45510.25,27103718
2010-09-21,2.1404,2.1425,2.1425,2.1404,22890000,0.10%,23173716,5691661716,49041.83,27217041
2010-09-22,2.1425,2.1425,2.1425,2.1425,19162500,0.00%,4011216,5691661716,41055.66,0
2010-09-24,2.1425,2.1447,2.1447,2.1425,18091500,0.10%,13311822,5719053822,38800.84,27392105
2010-09-27,2.1447,2.1489,2.1489,2.1447,53791500,0.20%,14808058,5774341558,115592.55,55287736
2010-09-28,2.1489,2.1511,2.1511,2.1489,37180500,0.10%,5452420,5802166420,79978.97,27824862
2010-09-29,2.1511,2.1532,2.1532,2.1511,25368000,0.10%,8032468,5830114468,54622.38,27948047
2010-09-30,2.1532,2.1554,2.1554,2.1532,23940000,0.10%,12157817,5858179817,51600.28,28065348
2010-10-04,2.1554,2.1576,2.1576,2.1554,22050000,0.10%,18282698,5886354698,47575.08,28174881
2010-10-05,2.1576,2.1597,2.1597,2.1576,19719000,0.10%,26838578,5914629578,42587.12,28274880
2010-10-06,2.1597,2.1597,2.1597,2.1597,14017500,0.00%,12821078,5914629578,30273.59,0
2010-10-07,2.1597,2.1619,2.1619,2.1597,25945500,0.10%,15338048,5943092048,56091.58,28462469
2010-10-08,2.1619,2.164,2.164,2.1619,26103000,0.10%,17824773,5971681773,56486.89,28589725
2010-10-11,2.164,2.1662,2.1662,2.164,37359000,0.10%,9231382,6000447382,80927.07,28765608
2010-10-12,2.1662,2.1705,2.1705,2.1662,45580500,0.20%,21616876,6058413376,98932.48,57965994
2010-10-13,2.1705,2.1727,2.1727,2.1705,39028500,0.10%,11761647,6087586647,84797.22,29173270
2010-10-14,2.1727,2.1749,2.1749,2.1727,33736500,0.10%,7358551,6116920051,73373.51,29333404
2010-10-15,2.1749,2.177,2.177,2.1749,27300000,0.10%,9524076,6146385576,59432.1,29465524
2010-10-18,2.177,2.1792,2.1792,2.177,19015500,0.10%,20070685,6175947685,41438.58,29562109
2010-10-19,2.1792,2.1814,2.1814,2.1792,21409500,0.10%,28331011,6205617511,46702.68,29669826
2010-10-20,2.1814,2.1814,2.1814,2.1814,20118000,0.00%,8213011,6205617511,43885.41,0
2010-10-21,2.1814,2.1836,2.1836,2.1814,23845500,0.10%,14243108,6235493108,52069.03,29875596
2010-10-22,2.1836,2.1836,2.1836,2.1836,11707500,0.00%,2535608,6235493108,25564.5,0
2010-10-25,2.1836,2.1858,2.1858,2.1836,10668000,0.10%,21854706,6265480206,23318.11,29987097
2010-10-26,2.1858,2.1858,2.1858,2.1858,14658000,0.00%,7196706,6265480206,32039.46,0
2010-10-27,2.1858,2.188,2.188,2.1858,15277500,0.10%,22051089,6295612089,33427.17,30131882
2010-10-28,2.188,2.188,2.188,2.188,16096500,0.00%,5954589,6295612089,35219.14,0
2010-10-29,2.188,2.1901,2.1901,2.188,25567500,0.10%,10714562,6325939562,55995.38,30327473
2010-11-01,2.1901,2.1923,2.1923,2.1901,16978500,0.10%,24151489,6356354989,37221.97,30415426
2010-11-02,2.1923,2.1923,2.1923,2.1923,20233500,0.00%,3917989,6356354989,44357.9,0
2010-11-03,2.1923,2.1945,2.1945,2.1923,22260000,0.10%,12272907,6386969907,48849.57,30614918
2010-11-04,2.1945,2.1989,2.1989,2.1945,63535500,0.20%,10559112,6448791612,139708.21,61821704
2010-11-05,2.1989,2.2011,2.2011,2.1989,31500000,0.10%,10127083,6479859583,69334.65,31067970
2010-11-08,2.2011,2.2055,2.2055,2.2011,42546000,0.20%,30128640,6542407140,93835.2,62547557
2010-11-09,2.2055,2.2077,2.2077,2.2055,33547500,0.10%,28023286,6573849286,74062.82,31442145
2010-11-10,2.2077,2.2099,2.2099,2.2077,32770500,0.10%,26853037,6605449537,72419.53,31600251
2010-11-11,2.2099,2.2121,2.2121,2.2099,45622500,0.10%,13044749,6637263749,100921.53,31814212
2010-11-12,2.2121,2.2144,2.2144,2.2121,36540000,0.10%,8492439,6669251439,80914.18,31987689
2010-11-15,2.2144,2.2166,2.2166,2.2144,22596000,0.10%,17996619,6701351619,50086.29,32100179
2010-11-16,2.2166,2.2188,2.2188,2.2166,35007000,0.10%,15257103,6733619103,77673.53,32267484
2010-11-17,2.2188,2.221,2.221,2.2188,34765500,0.10%,12925190,6766052690,77214.18,32433586
2010-11-18,2.221,2.2232,2.2232,2.221,23110500,0.10%,22363440,6798601440,51379.26,32548750
2010-11-19,2.2232,2.2232,2.2232,2.2232,15561000,0.00%,6802440,6798601440,34595.22,0
2010-11-22,2.2232,2.2254,2.2254,2.2232,18333000,0.10%,21181141,6831313141,40798.26,32711700
2010-11-23,2.2254,2.2277,2.2277,2.2254,27226500,0.10%,26800145,6864158645,60652.47,32845504
2010-11-24,2.2277,2.2299,2.2299,2.2277,28854000,0.10%,30933013,6897145513,64341.53,32986868
2010-11-25,2.2299,2.2299,2.2299,2.2299,22974000,0.00%,7959013,6897145513,51229.72,0
2010-11-26,2.2299,2.2321,2.2321,2.2299,19362000,0.10%,21784494,6930332994,43217.92,33187480
2010-11-29,2.2321,2.2344,2.2344,2.2321,25273500,0.10%,29823863,6963645863,56471.11,33312868
2010-11-30,2.2344,2.2366,2.2366,2.2344,32896500,0.10%,30399593,6997118093,73576.31,33472229
2010-12-01,2.2366,2.2366,2.2366,2.2366,20433000,0.00%,9966593,6997118093,45700.45,0
2010-12-02,2.2366,2.2388,2.2388,2.2366,16768500,0.10%,26848600,7030768600,37541.32,33650507
2010-12-03,2.2388,2.2388,2.2388,2.2388,15351000,0.00%,11497600,7030768600,34367.82,0
2010-12-06,2.2388,2.2411,2.2411,2.2388,22092000,0.10%,23235218,7064598218,49510.38,33829618
2010-12-07,2.2411,2.2411,2.2411,2.2411,19362000,0.00%,3873218,7064598218,43392.18,0
2010-12-08,2.2411,2.2433,2.2433,2.2411,16537500,0.10%,21337463,7098599963,37098.57,34001744
2010-12-09,2.2433,2.2433,2.2433,2.2433,11749500,0.00%,9587963,7098599963,26357.65,0
2010-12-10,2.2433,2.2456,2.2456,2.2433,21000000,0.10%,22747934,7132759934,47157.6,34159971
2010-12-13,2.2456,2.2456,2.2456,2.2456,18049500,0.00%,4698434,7132759934,40531.96,0
2010-12-14,2.2456,2.2478,2.2478,2.2456,16485000,0.10%,22539611,7167086111,37054.98,34326177
2010-12-15,2.2478,2.2478,2.2478,2.2478,20328000,0.00%,2211611,7167086111,45693.28,0
2010-12-16,2.2478,2.25,2.25,2.2478,25063500,0.10%,11688152,7201626152,56392.88,34540040
2010-12-17,2.25,2.2523,2.2523,2.25,19687500,0.10%,26640997,7236266497,44342.16,34640344
2010-12-20,2.2523,2.2523,2.2523,2.2523,17776500,0.00%,8864497,7236266497,40038.01,0
2010-12-21,2.2523,2.2546,2.2546,2.2523,13104000,0.10%,30551457,7271057457,29544.28,34790960
2010-12-22,2.2546,2.2546,2.2546,2.2546,12904500,0.00%,17646957,7271057457,29094.49,0
2010-12-23,2.2546,2.2546,2.2546,2.2546,9754500,0.00%,7892457,7271057457,21992.5,0
2010-12-24,2.2546,2.2546,2.2546,2.2546,4546500,0.00%,3345957,7271057457,10250.54,0
2010-12-28,2.2546,2.2568,2.2568,2.2546,9009000,0.10%,29302293,7306022793,20331.51,34965336
2010-12-29,2.2568,2.2568,2.2568,2.2568,9282000,0.00%,20020293,7306022793,20947.62,0
2010-12-30,2.2568,2.2568,2.2568,2.2568,16128000,0.00%,3892293,7306022793,36397.67,0
2010-12-31,2.2568,2.2591,2.2591,2.2568,8673000,0.10%,30349583,7341153083,19593.17,35130289
2011-01-03,2.2591,2.2591,2.2591,2.2591,13618000,0.00%,16731583,7341153083,30764.42,0
2011-01-04,2.2591,2.2613,2.2613,2.2591,18304000,0.10%,33713441,7376438941,41390.84,35285857
2011-01-05,2.2613,2.2613,2.2613,2.2613,10417000,0.00%,23296441,7376438941,23555.96,0
2011-01-06,2.2613,2.2613,2.2613,2.2613,15708000,0.00%,7588441,7376438941,35520.5,0
2011-01-07,2.2613,2.2636,2.2636,2.2613,8811000,0.10%,34232412,7411893912,19944.58,35454970
2011-01-10,2.2636,2.2636,2.2636,2.2636,11682000,0.00%,22550412,7411893912,26443.38,0
2011-01-11,2.2636,2.2636,2.2636,2.2636,11979000,0.00%,10571412,7411893912,27115.66,0
2011-01-12,2.2636,2.2658,2.2658,2.2636,42537000,0.10%,3796158,7447655658,96380.33,35761745
2011-01-13,2.2658,2.2704,2.2704,2.2658,45441000,0.20%,30317298,7519617798,103169.25,71962139
2011-01-14,2.2704,2.2727,2.2727,2.2704,59686000,0.10%,6896698,7555883198,135648.37,36265400
2011-01-17,2.2727,2.2749,2.2749,2.2727,35398000,0.10%,7933463,7592317963,80526.91,36434765
2011-01-18,2.2749,2.2772,2.2772,2.2749,26642000,0.10%,17857128,7628883628,60669.16,36565664
2011-01-19,2.2772,2.2795,2.2795,2.2772,19525000,0.10%,34998107,7665549607,44507.24,36665979
2011-01-20,2.2795,2.2795,2.2795,2.2795,30030000,0.00%,4968107,7665549607,68453.39,0
2011-01-21,2.2795,2.2818,2.2818,2.2795,26521000,0.10%,15378173,7702480673,60515.62,36931065
2011-01-24,2.2818,2.284,2.284,2.2818,19811000,0.10%,32599647,7739513147,45248.32,37032473
2011-01-25,2.284,2.2863,2.2863,2.284,37202000,0.10%,32609710,7776725210,85054.93,37212063
2011-01-26,2.2863,2.2886,2.2886,2.2863,37686000,0.10%,32317540,7814119040,86248.18,37393829
2011-01-27,2.2886,2.2886,2.2886,2.2886,23694000,0.00%,8623540,7814119040,54226.09,0
2011-01-28,2.2886,2.2909,2.2909,2.2886,22539000,0.10%,23697943,7851732443,51634.6,37613403
2011-01-31,2.2909,2.2909,2.2909,2.2909,19756000,0.00%,3941943,7851732443,45259.02,0
2011-02-01,2.2909,2.2932,2.2932,2.2909,25883000,0.10%,15888680,7889562180,59354.9,37829737
2011-02-02,2.2932,2.2955,2.2955,2.2932,17512000,0.10%,36297740,7927483240,40198.8,37921059
2011-02-07,2.2955,2.2955,2.2955,2.2955,32769000,0.00%,3528740,7927483240,75221.24,0
2011-02-08,2.2955,2.3001,2.3001,2.2955,49830000,0.20%,30314948,8004099448,114613.98,76616207
2011-02-09,2.3001,2.3024,2.3024,2.3001,46420000,0.10%,22429618,8042634118,106877.41,38534670
2011-02-10,2.3024,2.3047,2.3047,2.3024,43329000,0.10%,17841634,8081375134,99860.35,38741016
2011-02-11,2.3047,2.307,2.307,2.3047,50061000,0.10%,6757551,8120352051,115490.73,38976916
2011-02-14,2.307,2.3093,2.3093,2.307,39072000,0.10%,6848835,8159515335,90228.97,39163284
2011-02-15,2.3093,2.3116,2.3116,2.3093,17809000,0.10%,28295218,8198770718,41167.28,39255383
2011-02-16,2.3116,2.3116,2.3116,2.3116,15939000,0.00%,12356218,8198770718,36844.59,0
2011-02-17,2.3116,2.3139,2.3139,2.3116,20537000,0.10%,31251277,8238202777,47520.56,39432058
2011-02-18,2.3139,2.3139,2.3139,2.3139,29579000,0.00%,1672277,8238202777,68442.85,0
2011-02-21,2.3139,2.3162,2.3162,2.3139,15433000,0.10%,25886188,8277849688,35745.91,39646911
2011-02-22,2.3162,2.3185,2.3185,2.3162,31889000,0.10%,33800281,8317652781,73934.65,39803092
2011-02-23,2.3185,2.3209,2.3209,2.3185,38302000,0.10%,35486709,8357641209,88895.11,39988428
2011-02-24,2.3209,2.3209,2.3209,2.3209,28149000,0.00%,7337709,8357641209,65331.01,0
2011-02-25,2.3209,2.3232,2.3232,2.3209,18579000,0.10%,28970105,8397852605,43162.73,40211395
2011-02-28,2.3232,2.3232,2.3232,2.3232,28897000,0.00%,73105,8397852605,67133.51,0
2011-03-01,2.3232,2.3255,2.3255,2.3232,32780000,0.10%,7793499,8438352999,76229.89,40500394
2011-03-02,2.3255,2.3278,2.3278,2.3255,17864000,0.10%,30522351,8478945851,41583.82,40592852
2011-03-03,2.3278,2.3278,2.3278,2.3278,19316000,0.00%,11206351,8478945851,44963.78,0
2011-03-04,2.3278,2.3302,2.3302,2.3278,39292000,0.10%,12782855,8519814355,91558.22,40868503
2011-03-07,2.3302,2.3325,2.3325,2.3302,19503000,0.10%,34248550,8560783050,45490.75,40968695
2011-03-08,2.3325,2.3325,2.3325,2.3325,21472000,0.00%,12776550,8560783050,50083.44,0
2011-03-09,2.3325,2.3348,2.3348,2.3325,32791000,0.10%,21211005,8602008505,76560.43,41225454
2011-03-10,2.3348,2.3348,2.3348,2.3348,16665000,0.00%,4546005,8602008505,38909.44,0
2011-03-11,2.3348,2.3372,2.3372,2.3348,30349000,0.10%,15645948,8643457448,70931.68,41448942
2011-03-14,2.3372,2.3395,2.3395,2.3372,17820000,0.10%,39367859,8684999359,41689.89,41541911
2011-03-15,2.3395,2.3418,2.3418,2.3395,45177000,0.10%,35949637,8726758137,105795.5,41758777
2011-03-16,2.3418,2.3418,2.3418,2.3418,31658000,0.00%,4291637,8726758137,74136.7,0
2011-03-17,2.3418,2.3489,2.3489,2.3418,103994000,0.30%,27305832,8853766332,244271.51,127008195
2011-03-18,2.3489,2.3512,2.3512,2.3489,54087000,0.10%,15708285,8896255785,127169.35,42489453
2011-03-21,2.3512,2.3536,2.3536,2.3512,47773000,0.10%,10545465,8938865965,112438.53,42610179
2011-03-22,2.3536,2.3559,2.3559,2.3536,45639000,0.10%,7607497,8981566997,107520.92,42701032
2011-03-23,2.3559,2.3583,2.3583,2.3559,33737000,0.10%,16648477,9024344977,79561.97,42777979
2011-03-24,2.3583,2.3606,2.3606,2.3583,45518000,0.10%,14050706,9067265206,107449.79,42920229
2011-03-25,2.3606,2.363,2.363,2.3606,43318000,0.10%,13796084,9110328584,102360.43,43063378
2011-03-28,2.363,2.3654,2.3654,2.363,35112000,0.10%,21785202,9153429702,83053.92,43101117
2011-03-29,2.3654,2.3677,2.3677,2.3654,29876000,0.10%,35082070,9196602570,70737.41,43172867
2011-03-30,2.3677,2.3701,2.3701,2.3677,51029000,0.10%,27387855,9239937355,120943.83,43334785
2011-03-31,2.3701,2.3725,2.3725,2.3701,69080000,0.10%,1851491,9283480991,163892.3,43543636
2011-04-01,2.3725,2.3748,2.3748,2.3725,38676000,0.10%,6634726,9326940226,91847.76,43459234
2011-04-04,2.3748,2.3772,2.3772,2.3748,31086000,0.10%,18974377,9370365877,73897.64,43425651
2011-04-06,2.3772,2.3796,2.3796,2.3772,57640000,0.10%,4786652,9413818152,137160.14,43452274
2011-04-07,2.3796,2.382,2.382,2.3796,29128000,0.10%,18955786,9457115286,69382.9,43297134
2011-04-08,2.382,2.3843,2.3843,2.382,22572000,0.10%,39623386,9500354886,53818.42,43239599
2011-04-11,2.3843,2.3843,2.3843,2.3843,26037000,0.00%,13586386,9500354886,62080.02,0
2011-04-12,2.3843,2.3891,2.3891,2.3843,57783000,0.20%,42321138,9586872638,138049.37,86517752
2011-04-13,2.3891,2.3891,2.3891,2.3891,33165000,0.00%,9156138,9586872638,79234.5,0
2011-04-14,2.3891,2.3915,2.3915,2.3891,33946000,0.10%,18451604,9630114104,81181.86,43241465
2011-04-15,2.3915,2.3939,2.3939,2.3915,35299000,0.10%,26426179,9673387679,84502.28,43273574
2011-04-18,2.3939,2.3939,2.3939,2.3939,20075000,0.00%,6351179,9673387679,48057.54,0
2011-04-19,2.3939,2.3963,2.3963,2.3939,27302000,0.10%,22212529,9716551029,65423.78,43163350
2011-04-20,2.3963,2.4011,2.4011,2.3963,78353000,0.20%,30914371,9803605871,188133.39,87054841
2011-04-21,2.4011,2.4035,2.4035,2.4011,44616000,0.10%,29861622,9847169122,107234.56,43563251
2011-04-26,2.4035,2.4035,2.4035,2.4035,24618000,0.00%,5243622,9847169122,59169.36,0
2011-04-27,2.4035,2.4059,2.4059,2.4035,39292000,0.10%,9539911,9890757411,94532.62,43588288
2011-04-28,2.4059,2.4083,2.4083,2.4059,27005000,0.10%,26166011,9934388511,65036.14,43631100
2011-04-29,2.4083,2.4083,2.4083,2.4083,22176000,0.00%,3990011,9934388511,53406.46,0
2011-05-03,2.4083,2.4107,2.4107,2.4083,19228000,0.10%,28300423,9977926923,46352.94,43538412
2011-05-04,2.4107,2.4131,2.4131,2.4107,39171000,0.10%,32801036,10021598536,94523.54,43671613
2011-05-05,2.4131,2.4131,2.4131,2.4131,25751000,0.00%,7050036,10021598536,62139.74,0
2011-05-06,2.4131,2.4155,2.4155,2.4131,15422000,0.10%,35407733,10065378233,37251.84,43779696
2011-05-09,2.4155,2.4155,2.4155,2.4155,24717000,0.00%,10690733,10065378233,59703.91,0
2011-05-11,2.4155,2.4179,2.4179,2.4155,37807000,0.10%,16811547,10109306047,91413.55,43927814
2011-05-12,2.4179,2.4228,2.4228,2.4179,62029000,0.20%,43289991,10197813491,150283.86,88507444
2011-05-13,2.4228,2.4228,2.4228,2.4228,28567000,0.00%,14722991,10197813491,69212.13,0
2011-05-16,2.4228,2.4252,2.4252,2.4228,25531000,0.10%,33672356,10242293856,61917.78,44480364
2011-05-17,2.4252,2.4252,2.4252,2.4252,31911000,0.00%,1761356,10242293856,77390.56,0
2011-05-18,2.4252,2.4276,2.4276,2.4252,23936000,0.10%,22431837,10286900337,58107.03,44606481
2011-05-19,2.4276,2.4301,2.4301,2.4276,25102000,0.10%,42063528,10331634028,61000.37,44733691
2011-05-20,2.4301,2.4301,2.4301,2.4301,13310000,0.00%,28753528,10331634028,32344.63,0
2011-05-23,2.4301,2.4301,2.4301,2.4301,13750000,0.00%,15003528,10331634028,33413.88,0
2011-05-24,2.4301,2.4325,2.4325,2.4301,22407000,0.10%,37273004,10376310504,54505.03,44676475
2011-05-25,2.4325,2.4325,2.4325,2.4325,20251000,0.00%,17022004,10376310504,49260.56,0
2011-05-26,2.4325,2.4325,2.4325,2.4325,16137000,0.00%,885004,10376310504,39253.25,0
2011-05-27,2.4325,2.4349,2.4349,2.4325,23903000,0.10%,21746729,10421075229,58201.41,44764725
2011-05-30,2.4349,2.4349,2.4349,2.4349,20702000,0.00%,1044729,10421075229,50407.3,0
2011-05-31,2.4349,2.4374,2.4374,2.4349,26521000,0.10%,19387303,10465938803,64642.29,44863574
2011-06-01,2.4374,2.4398,2.4398,2.4374,21780000,0.10%,42441988,10510773488,53138.84,44834685
2011-06-02,2.4398,2.4398,2.4398,2.4398,20911000,0.00%,21530988,10510773488,51018.66,0
2011-06-03,2.4398,2.4422,2.4422,2.4398,27071000,0.10%,39100762,10555414262,66112.8,44640773
2011-06-07,2.4422,2.4422,2.4422,2.4422,29766000,0.00%,9334762,10555414262,72694.53,0
2011-06-08,2.4422,2.4447,2.4447,2.4422,15279000,0.10%,38481897,10599840397,37352.57,44426135
2011-06-09,2.4447,2.4471,2.4471,2.4447,50875000,0.10%,32263682,10644497182,124496.21,44656784
2011-06-10,2.4471,2.4496,2.4496,2.4471,40348000,0.10%,36723298,10689304798,98836.46,44807615
2011-06-13,2.4496,2.4496,2.4496,2.4496,17380000,0.00%,19343298,10689304798,42574.05,0
2011-06-14,2.4496,2.452,2.452,2.4496,31790000,0.10%,32462036,10734213536,77949.08,44908737
2011-06-15,2.452,2.452,2.452,2.452,26653000,0.00%,5809036,10734213536,65353.16,0
2011-06-16,2.452,2.4545,2.4545,2.452,37158000,0.10%,13762932,10779325432,91204.31,45111895
2011-06-17,2.4545,2.4594,2.4594,2.4545,60676000,0.20%,44021272,10870259772,149226.55,90934339
2011-06-20,2.4594,2.4618,2.4618,2.4594,63481000,0.10%,26318073,10916037573,156277.53,45777801
2011-06-21,2.4618,2.4643,2.4643,2.4618,33495000,0.10%,38595559,10961810059,82541.73,45772485
2011-06-22,2.4643,2.4668,2.4668,2.4643,49170000,0.10%,35428520,11007813020,121292.56,46002961
2011-06-23,2.4668,2.4668,2.4668,2.4668,20614000,0.00%,14814520,11007813020,50850.62,0
2011-06-24,2.4668,2.4692,2.4692,2.4668,25993000,0.10%,34807548,11053799048,64181.92,45986027
2011-06-27,2.4692,2.4692,2.4692,2.4692,18227000,0.00%,16580548,11053799048,45006.11,0
2011-06-28,2.4692,2.4692,2.4692,2.4692,15895000,0.00%,685548,11053799048,39247.93,0
2011-06-29,2.4692,2.4717,2.4717,2.4692,17908000,0.10%,28844432,11099865932,44263.2,46066884
2011-06-30,2.4717,2.4742,2.4742,2.4717,52789000,0.10%,22398308,11146208808,130610.54,46342876
2011-07-04,2.4742,2.4766,2.4766,2.4742,23177000,0.10%,45675477,11192662977,57400.16,46454168
2011-07-05,2.4766,2.4766,2.4766,2.4766,12276000,0.00%,33399477,11192662977,30402.74,0
2011-07-06,2.4766,2.4766,2.4766,2.4766,17138000,0.00%,16261477,11192662977,42443.97,0
2011-07-07,2.4766,2.4766,2.4766,2.4766,14916000,0.00%,1345477,11192662977,36940.97,0
2011-07-08,2.4766,2.4791,2.4791,2.4766,26015000,0.10%,21764285,11239096785,64493.79,46433808
2011-07-11,2.4791,2.4816,2.4816,2.4791,24431000,0.10%,43872258,11285635758,60627.97,46538972
2011-07-12,2.4816,2.4816,2.4816,2.4816,22539000,0.00%,21333258,11285635758,55932.78,0
2011-07-13,2.4816,2.4816,2.4816,2.4816,18964000,0.00%,2369258,11285635758,47061.06,0
2011-07-14,2.4816,2.4841,2.4841,2.4816,22550000,0.10%,26534233,11332350733,56016.46,46714975
2011-07-15,2.4841,2.4866,2.4866,2.4841,27258000,0.10%,46125184,11379199684,67779.74,46848950
2011-07-18,2.4866,2.4866,2.4866,2.4866,12452000,0.00%,33673184,11379199684,30963.14,0
2011-07-19,2.4866,2.4866,2.4866,2.4866,22066000,0.00%,11607184,11379199684,54869.32,0
2011-07-20,2.4866,2.4891,2.4891,2.4866,14641000,0.10%,43789676,11426023176,36442.91,46823492
2011-07-21,2.4891,2.4891,2.4891,2.4891,23364000,0.00%,20425676,11426023176,58155.33,0
2011-07-22,2.4891,2.4891,2.4891,2.4891,17138000,0.00%,3287676,11426023176,42658.2,0
2011-07-25,2.4891,2.4915,2.4915,2.4891,18645000,0.10%,31350531,11472731031,46454.02,46707854
2011-07-26,2.4915,2.4915,2.4915,2.4915,18744000,0.00%,12606531,11472731031,46700.68,0
2011-07-27,2.4915,2.494,2.494,2.4915,22539000,0.10%,36683740,11519347240,56212.27,46616209
2011-07-28,2.494,2.494,2.494,2.494,24387000,0.00%,12296740,11519347240,60821.18,0
2011-07-29,2.494,2.4965,2.4965,2.494,18359000,0.10%,40364488,11565773988,45833.24,46426747
2011-08-01,2.4965,2.4965,2.4965,2.4965,24079000,0.00%,16285488,11565773988,60113.22,0
2011-08-02,2.4965,2.4965,2.4965,2.4965,13398000,0.00%,2887488,11565773988,33448.11,0
2011-08-03,2.4965,2.499,2.499,2.4965,25971000,0.10%,23293183,11612150683,64901.53,46376695
2011-08-04,2.499,2.499,2.499,2.499,14575000,0.00%,8718183,11612150683,36422.93,0
2011-08-05,2.499,2.5015,2.5015,2.499,55143000,0.10%,51726,11658627226,137940.21,46476542
2011-08-08,2.5015,2.504,2.504,2.5015,38082000,0.10%,8566730,11705224230,95357.33,46597003
2011-08-09,2.504,2.509,2.509,2.504,72259000,0.20%,30144699,11799061199,181297.83,93836968
2011-08-10,2.509,2.5115,2.5115,2.509,62876000,0.10%,14550975,11846343475,157913.07,47282276
2011-08-11,2.5115,2.5166,2.5166,2.5115,98934000,0.20%,11277692,11942004192,248977.3,95660716
2011-08-12,2.5166,2.5191,2.5191,2.5166,44176000,0.10%,15269267,11990171767,111283.76,48167574
2011-08-15,2.5191,2.5216,2.5216,2.5191,32659000,0.10%,30979722,12038541222,82352.93,48369455
2011-08-16,2.5216,2.5241,2.5241,2.5216,42482000,0.10%,37108027,12087151527,107228.82,48610304
2011-08-17,2.5241,2.5267,2.5267,2.5241,44330000,0.10%,41622617,12135996117,112008.61,48844590
2011-08-18,2.5267,2.5267,2.5267,2.5267,31823000,0.00%,9799617,12135996117,80407.17,0
2011-08-19,2.5267,2.5292,2.5292,2.5267,45034000,0.10%,13905084,12185135584,113899.99,49139466
2011-08-22,2.5292,2.5317,2.5317,2.5292,40249000,0.10%,22800121,12234279621,101898.39,49144037
2011-08-23,2.5317,2.5342,2.5342,2.5317,28490000,0.10%,43133157,12283102657,72199.36,48823036
2011-08-24,2.5342,2.5342,2.5342,2.5342,32593000,0.00%,10540157,12283102657,82597.18,0
2011-08-25,2.5342,2.5368,2.5368,2.5342,16335000,0.10%,42173375,12331070875,41438.63,47968218
2011-08-26,2.5368,2.5368,2.5368,2.5368,10274000,0.00%,31899375,12331070875,26063.08,0
2011-08-29,2.5368,2.5368,2.5368,2.5368,18964000,0.00%,12935375,12331070875,48107.88,0
2011-08-30,2.5368,2.5393,2.5393,2.5368,17908000,0.10%,42408257,12378451757,45473.78,47380882
2011-08-31,2.5393,2.5393,2.5393,2.5393,17842000,0.00%,24566257,12378451757,45306.19,0
2011-09-01,2.5393,2.5418,2.5418,2.5393,38852000,0.10%,32550839,12425288339,98754.01,46836581
2011-09-02,2.5418,2.5418,2.5418,2.5418,22682000,0.00%,9868839,12425288339,57653.11,0
2011-09-05,2.5418,2.5444,2.5444,2.5418,18964000,0.10%,37166757,12471550257,48252.0,46261917
2011-09-06,2.5444,2.5444,2.5444,2.5444,27159000,0.00%,10007757,12471550257,69103.36,0
2011-09-07,2.5444,2.5469,2.5469,2.5444,28479000,0.10%,27879468,12517900968,72533.17,46350711
2011-09-08,2.5469,2.5469,2.5469,2.5469,17336000,0.00%,10543468,12517900968,44153.06,0
2011-09-09,2.5469,2.5495,2.5495,2.5469,12254000,0.10%,44656017,12564267517,31241.57,46366548
2011-09-12,2.5495,2.5495,2.5495,2.5495,15840000,0.00%,28816017,12564267517,40384.08,0
2011-09-14,2.5495,2.552,2.552,2.5495,29535000,0.10%,45733528,12610720028,75373.32,46452510
2011-09-15,2.552,2.552,2.552,2.552,23672000,0.00%,22061528,12610720028,60410.94,0
2011-09-16,2.552,2.552,2.552,2.552,21021000,0.00%,1040528,12610720028,53645.59,0
2011-09-19,2.552,2.5546,2.5546,2.552,18656000,0.10%,28861443,12657196943,47658.62,46476915
2011-09-20,2.5546,2.5546,2.5546,2.5546,24992000,0.00%,3869443,12657196943,63844.56,0
2011-09-21,2.5546,2.5571,2.5571,2.5546,31548000,0.10%,19001329,12703876829,80671.39,46679886
2011-09-22,2.5571,2.5597,2.5597,2.5571,50655000,0.10%,15406117,12750936617,129661.6,47059787
2011-09-23,2.5597,2.5623,2.5623,2.5597,44913000,0.10%,17880819,12798324319,115080.58,47387701
2011-09-26,2.5623,2.5648,2.5648,2.5623,28380000,0.10%,37092901,12845916401,72789.02,47592082
2011-09-27,2.5648,2.5674,2.5674,2.5648,52822000,0.10%,32189227,12893834727,135615.2,47918325
2011-09-28,2.5674,2.5699,2.5699,2.5674,64218000,0.10%,16309314,12942172814,165033.84,48338087
2011-09-30,2.5699,2.5751,2.5751,2.5699,84931000,0.20%,29272496,13040066996,218705.82,97894182
2011-10-03,2.5751,2.5777,2.5777,2.5751,55253000,0.10%,23434752,13089482252,142425.66,49415255
2011-10-04,2.5777,2.5802,2.5802,2.5777,53207000,0.10%,19996583,13139251083,137284.7,49768831
2011-10-06,2.5802,2.5828,2.5828,2.5802,51590000,0.10%,18504597,13189349097,133246.65,50098014
2011-10-07,2.5828,2.5854,2.5854,2.5828,54373000,0.10%,14532776,13239750276,140575.95,50401179
2011-10-10,2.5854,2.588,2.588,2.5854,18414000,0.10%,46620797,13290252297,47655.43,50502020
2011-10-11,2.588,2.588,2.588,2.588,21714000,0.00%,24906797,13290252297,56195.83,0
2011-10-12,2.588,2.588,2.588,2.588,21241000,0.00%,3665797,13290252297,54971.71,0
2011-10-13,2.588,2.5906,2.5906,2.588,27148000,0.10%,26838239,13340572739,70329.61,50320441
2011-10-14,2.5906,2.5906,2.5906,2.5906,22088000,0.00%,4750239,13340572739,57221.17,0
2011-10-17,2.5906,2.5932,2.5932,2.5906,20361000,0.10%,34816489,13390999989,52800.15,50427250
2011-10-18,2.5932,2.5932,2.5932,2.5932,24684000,0.00%,10132489,13390999989,64010.55,0
2011-10-19,2.5932,2.5958,2.5958,2.5932,15488000,0.10%,45199498,13441554998,40203.75,50555008
2011-10-20,2.5958,2.5958,2.5958,2.5958,24574000,0.00%,20625498,13441554998,63789.19,0
2011-10-21,2.5958,2.5958,2.5958,2.5958,13849000,0.00%,6776498,13441554998,35949.23,0
2011-10-24,2.5958,2.5984,2.5984,2.5958,23683000,0.10%,33950931,13492412431,61537.91,50857432
2011-10-25,2.5984,2.5984,2.5984,2.5984,16489000,0.00%,17461931,13492412431,42845.02,0
2011-10-26,2.5984,2.5984,2.5984,2.5984,17248000,0.00%,213931,13492412431,44817.2,0
2011-10-27,2.5984,2.601,2.601,2.5984,34430000,0.10%,16610826,13543239326,89552.43,50826895
2011-10-28,2.601,2.6036,2.6036,2.601,39457000,0.10%,28182668,13594268168,102730.25,51028842
2011-10-31,2.6036,2.6036,2.6036,2.6036,19118000,0.00%,9064668,13594268168,49775.62,0
2011-11-01,2.6036,2.6062,2.6062,2.6036,22396000,0.10%,37954177,13645553677,58368.46,51285508
2011-11-02,2.6062,2.6062,2.6062,2.6062,21670000,0.00%,16284177,13645553677,56476.35,0
2011-11-03,2.6062,2.6088,2.6088,2.6062,22539000,0.10%,45180310,13696988810,58799.74,51435133
2011-11-04,2.6088,2.6088,2.6088,2.6088,18150000,0.00%,27030310,13696988810,47349.72,0
2011-11-07,2.6088,2.6114,2.6114,2.6088,33616000,0.10%,45179538,13748754038,87784.82,51765228
2011-11-08,2.6114,2.614,2.614,2.6114,78408000,0.10%,19011737,13800994237,204958.51,52240198
2011-11-09,2.614,2.6166,2.6166,2.614,32560000,0.10%,38793735,13853336235,85196.5,52341998
2011-11-10,2.6166,2.6192,2.6192,2.6166,59367000,0.10%,32137667,13906047167,155494.05,52710931
2011-11-11,2.6192,2.6192,2.6192,2.6192,28853000,0.00%,3284667,13906047167,75571.78,0
2011-11-14,2.6192,2.6218,2.6218,2.6192,40689000,0.10%,15718696,13959170196,106678.42,53123029
2011-11-15,2.6218,2.6245,2.6245,2.6218,29029000,0.10%,40037863,14012518363,76186.61,53348166
2011-11-16,2.6245,2.6245,2.6245,2.6245,15884000,0.00%,24153863,14012518363,41687.56,0
2011-11-17,2.6245,2.6271,2.6271,2.6245,25047000,0.10%,52668524,14066080024,65800.97,53561661
2011-11-18,2.6271,2.6271,2.6271,2.6271,31790000,0.00%,20878524,14066080024,83515.51,0
2011-11-21,2.6271,2.6297,2.6297,2.6271,30382000,0.10%,44234228,14119817728,79895.55,53737704
2011-11-22,2.6297,2.6297,2.6297,2.6297,38192000,0.00%,6042228,14119817728,100433.5,0
2011-11-23,2.6297,2.6323,2.6323,2.6297,17358000,0.10%,42626503,14173760003,45691.46,53942274
2011-11-24,2.6323,2.6323,2.6323,2.6323,16445000,0.00%,26181503,14173760003,43288.17,0
2011-11-25,2.6323,2.6323,2.6323,2.6323,17358000,0.00%,8823503,14173760003,45691.46,0
2011-11-28,2.6323,2.635,2.635,2.6323,37961000,0.10%,25112046,14228009546,100027.23,54249543
2011-11-29,2.635,2.6376,2.6376,2.635,64801000,0.10%,14982102,14282680602,170919.12,54671056
2011-11-30,2.6376,2.6402,2.6402,2.6376,37235000,0.10%,32683549,14337617049,98307.85,54936446
2011-12-01,2.6402,2.6429,2.6429,2.6402,42306000,0.10%,45612133,14392851633,111810.53,55234583
2011-12-02,2.6429,2.6429,2.6429,2.6429,25014000,0.00%,20598133,14392851633,66109.5,0
2011-12-05,2.6429,2.6429,2.6429,2.6429,17589000,0.00%,3009133,14392851633,46485.97,0
2011-12-06,2.6429,2.6455,2.6455,2.6429,18832000,0.10%,39550281,14448224781,49820.06,55373148
2011-12-07,2.6455,2.6455,2.6455,2.6455,22055000,0.00%,17495281,14448224781,58346.5,0
2011-12-08,2.6455,2.6482,2.6482,2.6455,18414000,0.10%,54616183,14503759683,48763.95,55534902
2011-12-09,2.6482,2.6482,2.6482,2.6482,25014000,0.00%,29602183,14503759683,66242.07,0
2011-12-12,2.6482,2.6482,2.6482,2.6482,15301000,0.00%,14301183,14503759683,40520.11,0
2011-12-13,2.6482,2.6508,2.6508,2.6482,21890000,0.10%,47762862,14559111362,58026.01,55351678
2011-12-14,2.6508,2.6508,2.6508,2.6508,30052000,0.00%,17710862,14559111362,79661.84,0
2011-12-15,2.6508,2.6535,2.6535,2.6508,22913000,0.10%,50339411,14614652911,60799.65,55541549
2011-12-16,2.6535,2.6535,2.6535,2.6535,30877000,0.00%,19462411,14614652911,81932.12,0
2011-12-19,2.6535,2.6535,2.6535,2.6535,18865000,0.00%,597411,14614652911,50058.28,0
2011-12-20,2.6535,2.6561,2.6561,2.6535,12958000,0.10%,43347083,14670360583,34417.74,55707671
2011-12-21,2.6561,2.6561,2.6561,2.6561,15235000,0.00%,28112083,14670360583,40465.68,0
2011-12-22,2.6561,2.6561,2.6561,2.6561,11737000,0.00%,16375083,14670360583,31174.65,0
2011-12-23,2.6561,2.6561,2.6561,2.6561,11726000,0.00%,4649083,14670360583,31145.43,0
2011-12-28,2.6561,2.6588,2.6588,2.6561,9922000,0.10%,49978747,14725612247,26380.61,55251664
2011-12-29,2.6588,2.6588,2.6588,2.6588,7876000,0.00%,42102747,14725612247,20940.71,0
2011-12-30,2.6588,2.6588,2.6588,2.6588,7139000,0.00%,34963747,14725612247,18981.17,0
2012-01-03,2.6588,2.6588,2.6588,2.6588,13489499,0.00%,21474247,14725612247,35865.88,0
2012-01-04,2.6588,2.6588,2.6588,2.6588,10660500,0.00%,10813747,14725612247,28344.14,0
2012-01-05,2.6588,2.6614,2.6614,2.6588,18181500,0.10%,47648711,14780628711,48388.24,55016463
2012-01-06,2.6614,2.6614,2.6614,2.6614,17445500,0.00%,30203211,14780628711,46429.45,0
2012-01-09,2.6614,2.6614,2.6614,2.6614,16203499,0.00%,13999711,14780628711,43123.99,0
2012-01-10,2.6614,2.6641,2.6641,2.6614,32728999,0.10%,36571743,14835929743,87193.33,55301031
2012-01-11,2.6641,2.6668,2.6668,2.6641,37030000,0.10%,55140193,14891528193,98751.6,55598450
2012-01-12,2.6668,2.6668,2.6668,2.6668,31164999,0.00%,23975193,14891528193,83110.82,0
2012-01-13,2.6668,2.6694,2.6694,2.6668,25403499,0.10%,54484086,14947440586,67812.1,55912393
2012-01-16,2.6694,2.6694,2.6694,2.6694,13811499,0.00%,40672586,14947440586,36868.42,0
2012-01-17,2.6694,2.6694,2.6694,2.6694,25518499,0.00%,15154086,14947440586,68119.08,0
2012-01-18,2.6694,2.6721,2.6721,2.6694,39939500,0.10%,31386254,15003612254,106722.34,56171667
2012-01-19,2.6721,2.6721,2.6721,2.6721,31199499,0.00%,186754,15003612254,83368.18,0
2012-01-20,2.6721,2.6748,2.6748,2.6721,24644499,0.10%,31685411,15059755411,65919.11,56143156
2012-01-26,2.6748,2.6748,2.6748,2.6748,15076499,0.00%,16608911,15059755411,40326.62,0
2012-01-27,2.6748,2.6748,2.6748,2.6748,12971999,0.00%,3636911,15059755411,34697.51,0
2012-01-30,2.6748,2.6775,2.6775,2.6748,33649000,0.10%,26005770,15115773270,90095.2,56017859
2012-01-31,2.6775,2.6801,2.6801,2.6775,48070000,0.10%,34212176,15172049676,128832.41,56276405
2012-02-01,2.6801,2.6801,2.6801,2.6801,32395499,0.00%,1816676,15172049676,86823.18,0
2012-02-02,2.6801,2.6828,2.6828,2.6801,23402500,0.10%,34688521,15228324021,62784.23,56274345
2012-02-03,2.6828,2.6828,2.6828,2.6828,15156999,0.00%,19531521,15228324021,40663.2,0
2012-02-06,2.6828,2.6828,2.6828,2.6828,17871000,0.00%,1660521,15228324021,47944.32,0
2012-02-07,2.6828,2.6855,2.6855,2.6828,38076500,0.10%,19890061,15284630061,102254.44,56306040
2012-02-08,2.6855,2.6882,2.6882,2.6855,23621000,0.10%,52745071,15341106071,63497.97,56476009
2012-02-09,2.6882,2.6882,2.6882,2.6882,25253999,0.00%,27491071,15341106071,67887.8,0
2012-02-10,2.6882,2.6882,2.6882,2.6882,18526500,0.00%,8964571,15341106071,49802.94,0
2012-02-13,2.6882,2.6909,2.6909,2.6882,11362000,0.10%,54207934,15397711434,30574.01,56605363
2012-02-14,2.6909,2.6909,2.6909,2.6909,10959500,0.00%,43248434,15397711434,29490.92,0
2012-02-15,2.6909,2.6909,2.6909,2.6909,27013499,0.00%,16234934,15397711434,72690.63,0
2012-02-16,2.6909,2.6936,2.6936,2.6909,47472000,0.10%,25626185,15454574685,127870.58,56863250
2012-02-17,2.6936,2.6963,2.6963,2.6936,33637500,0.10%,49071989,15511657989,90696.79,57083303
2012-02-20,2.6963,2.6963,2.6963,2.6963,20861000,0.00%,28210989,15511657989,56247.51,0
2012-02-21,2.6963,2.6963,2.6963,2.6963,17227000,0.00%,10983989,15511657989,46449.16,0
2012-02-22,2.6963,2.6989,2.6989,2.6963,19527000,0.10%,48627605,15568828605,52701.42,57170616
2012-02-23,2.6989,2.6989,2.6989,2.6989,20504500,0.00%,28123105,15568828605,55339.6,0
2012-02-24,2.6989,2.6989,2.6989,2.6989,13351499,0.00%,14771605,15568828605,36034.36,0
2012-02-27,2.6989,2.7016,2.7016,2.6989,16456499,0.10%,55612278,15626125778,44458.88,57297173
2012-02-28,2.7016,2.7016,2.7016,2.7016,20700000,0.00%,34912278,15626125778,55923.12,0
2012-02-29,2.7016,2.7016,2.7016,2.7016,24586999,0.00%,10325278,15626125778,66424.24,0
2012-03-01,2.7016,2.7043,2.7043,2.7016,27024999,0.10%,40913604,15683739104,73083.71,57613325
2012-03-02,2.7043,2.7043,2.7043,2.7043,13834499,0.00%,27079104,15683739104,37412.64,0
2012-03-05,2.7043,2.7043,2.7043,2.7043,10844500,0.00%,16234604,15683739104,29326.78,0
2012-03-06,2.7043,2.7071,2.7071,2.7043,17422500,0.10%,56510869,15741437869,47164.45,57698764
2012-03-07,2.7071,2.7071,2.7071,2.7071,11500000,0.00%,45010869,15741437869,31131.65,0
2012-03-08,2.7071,2.7071,2.7071,2.7071,16341499,0.00%,28669369,15741437869,44238.07,0
2012-03-09,2.7071,2.7071,2.7071,2.7071,14271499,0.00%,14397869,15741437869,38634.38,0
2012-03-12,2.7071,2.7071,2.7071,2.7071,9280500,0.00%,5117369,15741437869,25123.24,0
2012-03-13,2.7071,2.7098,2.7098,2.7071,43401000,0.10%,19624110,15799345610,117608.03,57907741
2012-03-14,2.7098,2.7125,2.7125,2.7098,26300499,0.10%,51506761,15857528761,71340.11,58183150
2012-03-15,2.7125,2.7152,2.7152,2.7125,54854999,0.10%,55328479,15916205479,148942.3,58676718
2012-03-16,2.7152,2.7152,2.7152,2.7152,46644000,0.00%,8684479,15916205479,126647.79,0
2012-03-19,2.7152,2.7179,2.7179,2.7152,43987500,0.10%,24007892,15975516392,119553.63,59310912
2012-03-20,2.7179,2.7206,2.7206,2.7179,42676500,0.10%,40974191,16035159191,116105.69,59642799
2012-03-21,2.7206,2.7206,2.7206,2.7206,18135500,0.00%,22838691,16035159191,49339.44,0
2012-03-22,2.7206,2.7233,2.7233,2.7206,33982500,0.10%,48851251,16095154251,92544.54,59995060
2012-03-23,2.7233,2.7233,2.7233,2.7233,22149000,0.00%,26702251,16095154251,60318.37,0
2012-03-26,2.7233,2.7233,2.7233,2.7233,15122499,0.00%,11579751,16095154251,41183.1,0
2012-03-27,2.7233,2.7261,2.7261,2.7233,14363499,0.10%,57414112,16155352112,39156.34,60197860
2012-03-28,2.7261,2.7261,2.7261,2.7261,11074500,0.00%,46339612,16155352112,30190.19,0
2012-03-29,2.7261,2.7261,2.7261,2.7261,17434000,0.00%,28905612,16155352112,47526.83,0
2012-03-30,2.7261,2.7261,2.7261,2.7261,25288499,0.00%,3617112,16155352112,68938.98,0
2012-04-02,2.7261,2.7288,2.7288,2.7261,13914999,0.10%,50007714,16215657714,37971.25,60305602
2012-04-03,2.7288,2.7288,2.7288,2.7288,23218500,0.00%,26789214,16215657714,63358.64,0
2012-04-05,2.7288,2.7288,2.7288,2.7288,17526000,0.00%,9263214,16215657714,47824.95,0
2012-04-10,2.7288,2.7315,2.7315,2.7288,15260499,0.10%,53908440,16275563440,41684.06,59905725
2012-04-11,2.7315,2.7315,2.7315,2.7315,16836000,0.00%,37072440,16275563440,45987.53,0
2012-04-12,2.7315,2.7315,2.7315,2.7315,22770000,0.00%,14302440,16275563440,62196.26,0
2012-04-13,2.7315,2.7342,2.7342,2.7315,29485999,0.10%,44839663,16335586663,80620.62,60023222
2012-04-16,2.7342,2.7342,2.7342,2.7342,17767500,0.00%,27072163,16335586663,48579.9,0
2012-04-17,2.7342,2.7342,2.7342,2.7342,17836500,0.00%,9235663,16335586663,48768.56,0
2012-04-18,2.7342,2.737,2.737,2.7342,22356000,0.10%,46898933,16395605933,61188.37,60019269
2012-04-19,2.737,2.737,2.737,2.737,19573000,0.00%,27325933,16395605933,53571.3,0
2012-04-20,2.737,2.737,2.737,2.737,15938999,0.00%,11386933,16395605933,43625.04,0
2012-04-23,2.737,2.7397,2.7397,2.737,16974000,0.10%,54391333,16455584333,46503.67,59978399
2012-04-24,2.7397,2.7397,2.7397,2.7397,19653500,0.00%,34737833,16455584333,53844.69,0
2012-04-25,2.7397,2.7425,2.7425,2.7397,36800000,0.10%,58159285,16515805785,100924.0,60221452
2012-04-26,2.7425,2.7425,2.7425,2.7425,21792500,0.00%,36366785,16515805785,59765.93,0
2012-04-27,2.7425,2.7425,2.7425,2.7425,22218000,0.00%,14148785,16515805785,60932.86,0
2012-04-30,2.7425,2.7452,2.7452,2.7425,20527500,0.10%,53775395,16575959895,56352.09,60154109
2012-05-02,2.7452,2.7452,2.7452,2.7452,21666000,0.00%,32109395,16575959895,59477.5,0
2012-05-03,2.7452,2.7452,2.7452,2.7452,16433499,0.00%,15675895,16575959895,45113.24,0
2012-05-04,2.7452,2.7479,2.7479,2.7452,16352999,0.10%,59078281,16635715281,44936.41,59755386
2012-05-07,2.7479,2.7479,2.7479,2.7479,32303499,0.00%,26774781,16635715281,88766.79,0
2012-05-08,2.7479,2.7479,2.7479,2.7479,15789499,0.00%,10985281,16635715281,43387.97,0
2012-05-09,2.7479,2.7507,2.7507,2.7479,29865500,0.10%,41090418,16695685918,82151.03,59970637
2012-05-10,2.7507,2.7507,2.7507,2.7507,27967999,0.00%,13122418,16695685918,76931.58,0
2012-05-11,2.7507,2.7534,2.7534,2.7507,28692499,0.10%,44625206,16755881206,79001.93,60195287
2012-05-14,2.7534,2.7534,2.7534,2.7534,32763499,0.00%,11861706,16755881206,90211.02,0
2012-05-15,2.7534,2.7562,2.7562,2.7534,23713000,0.10%,48586157,16816318657,65357.77,60437450
2012-05-16,2.7562,2.7562,2.7562,2.7562,34465500,0.00%,14120657,16816318657,94993.81,0
2012-05-17,2.7562,2.759,2.759,2.7562,47552500,0.10%,27291024,16877041524,131197.35,60722867
2012-05-18,2.759,2.7617,2.7617,2.759,34097500,0.10%,54200826,16938048826,94167.07,61007302
2012-05-21,2.7617,2.7617,2.7617,2.7617,33695000,0.00%,20505826,16938048826,93055.48,0
2012-05-22,2.7617,2.7645,2.7645,2.7617,43838000,0.10%,37961238,16999342238,121190.15,61293412
2012-05-23,2.7645,2.7672,2.7672,2.7645,46713000,0.10%,52916180,17061010180,129264.21,61667942
2012-05-24,2.7672,2.7672,2.7672,2.7672,26104999,0.00%,26811180,17061010180,72237.76,0
2012-05-25,2.7672,2.7672,2.7672,2.7672,22919500,0.00%,3891680,17061010180,63422.84,0
2012-05-28,2.7672,2.77,2.77,2.7672,11983000,0.10%,53633855,17122735355,33192.91,61725174
2012-05-29,2.77,2.77,2.77,2.77,16778500,0.00%,36855355,17122735355,46476.44,0
2012-05-30,2.77,2.77,2.77,2.77,31199499,0.00%,5655855,17122735355,86422.61,0
2012-05-31,2.77,2.7728,2.7728,2.77,21171500,0.10%,46373845,17184624845,58704.34,61889490
2012-06-01,2.7728,2.7728,2.7728,2.7728,17445500,0.00%,28928345,17184624845,48372.88,0
2012-06-04,2.7728,2.7728,2.7728,2.7728,18768000,0.00%,10160345,17184624845,52039.91,0
2012-06-05,2.7728,2.7755,2.7755,2.7728,16410499,0.10%,55534788,17246409788,45547.34,61784942
2012-06-06,2.7755,2.7755,2.7755,2.7755,20895500,0.00%,34639288,17246409788,57995.46,0
2012-06-07,2.7755,2.7755,2.7755,2.7755,18388500,0.00%,16250788,17246409788,51037.28,0
2012-06-08,2.7755,2.7755,2.7755,2.7755,15616999,0.00%,633788,17246409788,43344.98,0
2012-06-11,2.7755,2.7783,2.7783,2.7755,20688500,0.10%,40787678,17307252178,57478.86,60842390
2012-06-12,2.7783,2.7783,2.7783,2.7783,16272499,0.00%,24515178,17307252178,45209.89,0
2012-06-13,2.7783,2.7783,2.7783,2.7783,12730499,0.00%,11784678,17307252178,35369.15,0
2012-06-14,2.7783,2.7811,2.7811,2.7783,13282499,0.10%,58963305,17367713305,36939.96,60461126
2012-06-15,2.7811,2.7811,2.7811,2.7811,15294999,0.00%,43668305,17367713305,42536.92,0
2012-06-18,2.7811,2.7811,2.7811,2.7811,14995999,0.00%,28672305,17367713305,41705.38,0
2012-06-19,2.7811,2.7811,2.7811,2.7811,26242999,0.00%,2429305,17367713305,72984.41,0
2012-06-20,2.7811,2.7839,2.7839,2.7811,12592499,0.10%,49867876,17427744376,35056.26,60031071
2012-06-21,2.7839,2.7839,2.7839,2.7839,26587999,0.00%,23279876,17427744376,74018.33,0
2012-06-22,2.7839,2.7839,2.7839,2.7839,19941000,0.00%,3338876,17427744376,55513.75,0
2012-06-25,2.7839,2.7867,2.7867,2.7839,15018999,0.10%,48015737,17487440237,41853.45,59695861
2012-06-26,2.7867,2.7867,2.7867,2.7867,22022500,0.00%,25993237,17487440237,61370.1,0
2012-06-27,2.7867,2.7867,2.7867,2.7867,19435000,0.00%,6558237,17487440237,54159.51,0
2012-06-28,2.7867,2.7895,2.7895,2.7867,23701500,0.10%,42453745,17547037245,66115.33,59597007
2012-06-29,2.7895,2.7895,2.7895,2.7895,26714499,0.00%,15739245,17547037245,74520.1,0
2012-07-03,2.7895,2.7922,2.7922,2.7895,20700000,0.10%,54593983,17606591983,57798.54,59554737
2012-07-04,2.7922,2.7922,2.7922,2.7922,16686499,0.00%,37907483,17606591983,46592.05,0
2012-07-05,2.7922,2.7922,2.7922,2.7922,8740000,0.00%,29167483,17606591983,24403.83,0
2012-07-06,2.7922,2.7922,2.7922,2.7922,9487500,0.00%,19679983,17606591983,26491.0,0
2012-07-09,2.7922,2.7922,2.7922,2.7922,11810500,0.00%,7869483,17606591983,32977.28,0
2012-07-10,2.7922,2.795,2.795,2.7922,8418000,0.10%,58552283,17665692783,23528.31,59100800
2012-07-11,2.795,2.795,2.795,2.795,19929500,0.00%,38622783,17665692783,55702.95,0
2012-07-12,2.795,2.795,2.795,2.795,25035499,0.00%,13587283,17665692783,69974.22,0
2012-07-13,2.795,2.795,2.795,2.795,10511000,0.00%,3076283,17665692783,29378.24,0
2012-07-16,2.795,2.7978,2.7978,2.795,13937999,0.10%,47626281,17724180781,38995.74,58487998
2012-07-17,2.7978,2.7978,2.7978,2.7978,19066999,0.00%,28559281,17724180781,53345.65,0
2012-07-18,2.7978,2.7978,2.7978,2.7978,24724999,0.00%,3834281,17724180781,69175.6,0
2012-07-19,2.7978,2.8006,2.8006,2.7978,27933499,0.10%,34643317,17782923317,78230.56,58742536
2012-07-20,2.8006,2.8006,2.8006,2.8006,18664500,0.00%,15978817,17782923317,52271.8,0
2012-07-23,2.8006,2.8034,2.8034,2.8006,20171000,0.10%,54593105,17841708605,56547.38,58785287
2012-07-24,2.8034,2.8034,2.8034,2.8034,10982500,0.00%,43610605,17841708605,30788.34,0
2012-07-25,2.8034,2.8034,2.8034,2.8034,13719499,0.00%,29891105,17841708605,38461.25,0
2012-07-26,2.8034,2.8034,2.8034,2.8034,17365000,0.00%,12526105,17841708605,48681.04,0
2012-07-27,2.8034,2.8062,2.8062,2.8034,22804500,0.10%,48196762,17900183762,63993.99,58475157
2012-07-30,2.8062,2.8062,2.8062,2.8062,21792500,0.00%,26404262,17900183762,61154.11,0
2012-07-31,2.8062,2.8062,2.8062,2.8062,19159000,0.00%,7245262,17900183762,53763.99,0
2012-08-01,2.8062,2.809,2.809,2.8062,13730999,0.10%,51998246,17958667746,38570.38,58483983
2012-08-02,2.809,2.809,2.809,2.809,11017000,0.00%,40981246,17958667746,30946.75,0
2012-08-03,2.809,2.809,2.809,2.809,10672000,0.00%,30309246,17958667746,29977.65,0
2012-08-06,2.809,2.809,2.809,2.809,11902500,0.00%,18406746,17958667746,33434.12,0
2012-08-07,2.809,2.809,2.809,2.809,13190499,0.00%,5216246,17958667746,37052.11,0
2012-08-08,2.809,2.8118,2.8118,2.809,17422500,0.10%,46265362,18017139362,48988.59,58471616
2012-08-09,2.8118,2.8118,2.8118,2.8118,17767500,0.00%,28497862,18017139362,49958.66,0
2012-08-10,2.8118,2.8147,2.8147,2.8118,35408500,0.10%,51922034,18075972034,99664.3,58832671
2012-08-13,2.8147,2.8147,2.8147,2.8147,31590499,0.00%,20331534,18075972034,88917.78,0
2012-08-14,2.8147,2.8175,2.8175,2.8147,21137000,0.10%,58323407,18135100907,59553.5,59128872
2012-08-15,2.8175,2.8175,2.8175,2.8175,33522499,0.00%,24800907,18135100907,94449.64,0
2012-08-16,2.8175,2.8203,2.8203,2.8175,76095500,0.10%,8521066,18194916566,214612.14,59815659
2012-08-17,2.8203,2.8231,2.8231,2.8203,33096999,0.10%,35560281,18255052781,93436.14,60136214
2012-08-20,2.8231,2.8231,2.8231,2.8231,17445500,0.00%,18114781,18255052781,49250.39,0
2012-08-21,2.8231,2.8231,2.8231,2.8231,11730000,0.00%,6384781,18255052781,33114.96,0
2012-08-22,2.8231,2.8259,2.8259,2.8231,12189999,0.10%,54331827,18315189827,34447.72,60137046
2012-08-23,2.8259,2.8259,2.8259,2.8259,14087499,0.00%,40244327,18315189827,39809.87,0
2012-08-24,2.8259,2.8259,2.8259,2.8259,11155000,0.00%,29089327,18315189827,31522.91,0
2012-08-27,2.8259,2.8259,2.8259,2.8259,8475500,0.00%,20613827,18315189827,23950.92,0
2012-08-28,2.8259,2.8259,2.8259,2.8259,12006000,0.00%,8607827,18315189827,33927.76,0
2012-08-29,2.8259,2.8288,2.8288,2.8259,11764500,0.10%,56394729,18374741229,33279.42,59551401
2012-08-30,2.8288,2.8288,2.8288,2.8288,18457500,0.00%,37937229,18374741229,52212.58,0
2012-08-31,2.8288,2.8288,2.8288,2.8288,14754499,0.00%,23182729,18374741229,41737.53,0
2012-09-03,2.8288,2.8288,2.8288,2.8288,11419500,0.00%,11763229,18374741229,32303.48,0
2012-09-04,2.8288,2.8288,2.8288,2.8288,11281500,0.00%,481729,18374741229,31913.11,0
2012-09-05,2.8288,2.8316,2.8316,2.8288,15317999,0.10%,43660324,18433237824,43374.45,58496595
2012-09-06,2.8316,2.8316,2.8316,2.8316,11385000,0.00%,32275324,18433237824,32237.77,0
2012-09-07,2.8316,2.8316,2.8316,2.8316,17618000,0.00%,14657324,18433237824,49887.13,0
2012-09-10,2.8316,2.8344,2.8344,2.8316,16594499,0.10%,56663440,18491838440,47035.45,58600615
2012-09-11,2.8344,2.8344,2.8344,2.8344,20619500,0.00%,36043940,18491838440,58443.91,0
2012-09-12,2.8344,2.8344,2.8344,2.8344,17859500,0.00%,18184440,18491838440,50620.97,0
2012-09-13,2.8344,2.8344,2.8344,2.8344,14673999,0.00%,3510440,18491838440,41591.99,0
2012-09-14,2.8344,2.8373,2.8373,2.8344,28657999,0.10%,33490990,18550476990,81311.34,58638550
2012-09-17,2.8373,2.8373,2.8373,2.8373,14639499,0.00%,18851490,18550476990,41536.65,0
2012-09-18,2.8373,2.8373,2.8373,2.8373,17618000,0.00%,1233490,18550476990,49987.55,0
2012-09-19,2.8373,2.8401,2.8401,2.8373,16375999,0.10%,43778646,18609398146,46509.48,58921155
2012-09-20,2.8401,2.8401,2.8401,2.8401,16709499,0.00%,27069146,18609398146,47456.65,0
2012-09-21,2.8401,2.8401,2.8401,2.8401,15766499,0.00%,11302646,18609398146,44778.44,0
2012-09-24,2.8401,2.8429,2.8429,2.8401,13040999,0.10%,57222401,18668358901,37074.26,58960755
2012-09-25,2.8429,2.8429,2.8429,2.8429,10534000,0.00%,46688401,18668358901,29947.11,0
2012-09-26,2.8429,2.8429,2.8429,2.8429,14202499,0.00%,32485901,18668358901,40376.29,0
2012-09-27,2.8429,2.8429,2.8429,2.8429,28979999,0.00%,3505901,18668358901,82387.24,0
2012-09-28,2.8429,2.8458,2.8458,2.8429,19527000,0.10%,43128391,18727508391,55569.94,59149490
2012-10-03,2.8458,2.8458,2.8458,2.8458,16122999,0.00%,27005391,18727508391,45882.83,0
2012-10-04,2.8458,2.8458,2.8458,2.8458,13408999,0.00%,13596391,18727508391,38159.33,0
2012-10-05,2.8458,2.8486,2.8486,2.8458,15444499,0.10%,57434848,18786791348,43995.2,59282956
2012-10-08,2.8486,2.8486,2.8486,2.8486,15133999,0.00%,42300848,18786791348,43110.71,0
2012-10-09,2.8486,2.8486,2.8486,2.8486,13822999,0.00%,28477848,18786791348,39376.2,0
2012-10-10,2.8486,2.8486,2.8486,2.8486,8786000,0.00%,19691848,18786791348,25027.8,0
2012-10-11,2.8486,2.8486,2.8486,2.8486,13661999,0.00%,6029848,18786791348,38917.57,0
2012-10-12,2.8486,2.8515,2.8515,2.8486,7497999,0.10%,57735985,18845995485,21380.55,59204136
2012-10-15,2.8515,2.8515,2.8515,2.8515,8325999,0.00%,49409985,18845995485,23741.59,0
2012-10-16,2.8515,2.8515,2.8515,2.8515,8049999,0.00%,41359985,18845995485,22954.58,0
2012-10-17,2.8515,2.8515,2.8515,2.8515,12891499,0.00%,28468485,18845995485,36760.11,0
2012-10-18,2.8515,2.8515,2.8515,2.8515,14593499,0.00%,13874985,18845995485,41613.37,0
2012-10-19,2.8515,2.8515,2.8515,2.8515,12465999,0.00%,1408985,18845995485,35546.8,0
2012-10-22,2.8515,2.8543,2.8543,2.8515,11776000,0.10%,48441919,18904804419,33612.24,58808933
2012-10-24,2.8543,2.8543,2.8543,2.8543,20803500,0.00%,27638419,18904804419,59379.43,0
2012-10-25,2.8543,2.8543,2.8543,2.8543,21378500,0.00%,6259919,18904804419,61020.65,0
2012-10-26,2.8543,2.8572,2.8572,2.8543,18331000,0.10%,46116214,18962991714,52375.33,58187295
2012-10-29,2.8572,2.8572,2.8572,2.8572,12350999,0.00%,33765214,18962991714,35289.28,0
2012-10-30,2.8572,2.8572,2.8572,2.8572,17698500,0.00%,16066714,18962991714,50568.15,0
2012-10-31,2.8572,2.8572,2.8572,2.8572,15524999,0.00%,541714,18962991714,44358.03,0
2012-11-01,2.8572,2.86,2.86,2.8572,15352499,0.10%,42407759,19020210259,43908.15,57218545
2012-11-02,2.86,2.86,2.86,2.86,16836000,0.00%,25571759,19020210259,48150.96,0
2012-11-05,2.86,2.86,2.86,2.86,14639499,0.00%,10932259,19020210259,41868.97,0
2012-11-06,2.86,2.8629,2.8629,2.86,13144499,0.10%,54675174,19077097674,37631.39,56887415
2012-11-07,2.8629,2.8629,2.8629,2.8629,14259999,0.00%,40415174,19077097674,40824.95,0
2012-11-08,2.8629,2.8629,2.8629,2.8629,17307500,0.00%,23107674,19077097674,49549.64,0
2012-11-09,2.8629,2.8629,2.8629,2.8629,18572499,0.00%,4535174,19077097674,53171.21,0
2012-11-12,2.8629,2.8658,2.8658,2.8629,15835499,0.10%,45452937,19133850937,45381.38,56753262
2012-11-13,2.8658,2.8658,2.8658,2.8658,20090500,0.00%,25362437,19133850937,57575.35,0
2012-11-14,2.8658,2.8658,2.8658,2.8658,16870500,0.00%,8491937,19133850937,48347.48,0
2012-11-15,2.8658,2.8686,2.8686,2.8658,65354499,0.10%,605434,19191318934,187475.92,57467996
2012-11-16,2.8686,2.8715,2.8715,2.8686,50887499,0.10%,7721794,19249322794,146123.46,58003860
2012-11-19,2.8715,2.8744,2.8744,2.8715,31325999,0.10%,34608116,19307535116,90043.45,58212321
2012-11-20,2.8744,2.8744,2.8744,2.8744,27484999,0.00%,7123116,19307535116,79002.88,0
2012-11-21,2.8744,2.8772,2.8772,2.8744,24759499,0.10%,40929658,19366101158,71238.03,58566041
2012-11-22,2.8772,2.8772,2.8772,2.8772,16720999,0.00%,24208658,19366101158,48109.66,0
2012-11-23,2.8772,2.8772,2.8772,2.8772,21470500,0.00%,2738158,19366101158,61774.92,0
2012-11-26,2.8772,2.8801,2.8801,2.8772,19354500,0.10%,42091219,19424808719,55742.9,58707561
2012-11-27,2.8801,2.8801,2.8801,2.8801,19250999,0.00%,22840219,19424808719,55444.81,0
2012-11-28,2.8801,2.8801,2.8801,2.8801,18561000,0.00%,4279219,19424808719,53457.54,0
2012-11-29,2.8801,2.883,2.883,2.8801,17204000,0.10%,46027978,19483761478,49599.13,58952758
2012-11-30,2.883,2.883,2.883,2.883,23713000,0.00%,22314978,19483761478,68364.58,0
2012-12-03,2.883,2.8859,2.8859,2.883,30900499,0.10%,50713986,19543060986,89175.75,59299507
2012-12-04,2.8859,2.8859,2.8859,2.8859,26208499,0.00%,24505486,19543060986,75635.11,0
2012-12-05,2.8859,2.8888,2.8888,2.8859,31337499,0.10%,52845631,19602738631,90527.77,59677645
2012-12-06,2.8888,2.8888,2.8888,2.8888,23011500,0.00%,29834131,19602738631,66475.62,0
2012-12-07,2.8888,2.8888,2.8888,2.8888,16882000,0.00%,12952131,19602738631,48768.72,0
2012-12-10,2.8888,2.8916,2.8916,2.8888,14535999,0.10%,57755646,19662078146,42032.3,59339515
2012-12-11,2.8916,2.8916,2.8916,2.8916,17399500,0.00%,40356146,19662078146,50312.39,0
2012-12-12,2.8916,2.8916,2.8916,2.8916,18859999,0.00%,21496146,19662078146,54535.58,0
2012-12-13,2.8916,2.8916,2.8916,2.8916,16859000,0.00%,4637146,19662078146,48749.48,0
2012-12-14,2.8916,2.8945,2.8945,2.8916,12994999,0.10%,49885132,19720321132,37614.03,58242985
2012-12-17,2.8945,2.8945,2.8945,2.8945,19170500,0.00%,30714632,19720321132,55489.01,0
2012-12-18,2.8945,2.8945,2.8945,2.8945,14006999,0.00%,16707632,19720321132,40543.26,0
2012-12-19,2.8945,2.8974,2.8974,2.8945,20240000,0.10%,54097007,19777950507,58643.38,57629374
2012-12-20,2.8974,2.8974,2.8974,2.8974,19227999,0.00%,34869007,19777950507,55711.21,0
2012-12-21,2.8974,2.8974,2.8974,2.8974,16421999,0.00%,18447007,19777950507,47581.1,0
2012-12-24,2.8974,2.8974,2.8974,2.8974,5508500,0.00%,12938507,19777950507,15960.33,0
2012-12-27,2.8974,2.9003,2.9003,2.8974,15984999,0.10%,54372555,19835369555,46361.3,57419048
2012-12-28,2.9003,2.9003,2.9003,2.9003,12787999,0.00%,41584555,19835369555,37089.04,0
2012-12-31,2.9003,2.9003,2.9003,2.9003,7578499,0.00%,34006055,19835369555,21979.92,0
2013-01-02,2.9003,2.9003,2.9003,2.9003,32028000,0.00%,1978055,19835369555,92890.81,0
2013-01-03,2.9003,2.9032,2.9032,2.9003,27036000,0.10%,32519012,19892946512,78490.92,57576956
2013-01-04,2.9032,2.9032,2.9032,2.9032,15792000,0.00%,16727012,19892946512,45847.33,0
2013-01-07,2.9032,2.9061,2.9061,2.9032,23736000,0.10%,50846132,19950801632,68979.19,57855119
2013-01-08,2.9061,2.9061,2.9061,2.9061,17820000,0.00%,33026132,19950801632,51786.7,0
2013-01-09,2.9061,2.9061,2.9061,2.9061,20352000,0.00%,12674132,19950801632,59144.95,0
2013-01-10,2.9061,2.909,2.909,2.9061,18636000,0.10%,52198501,20008962001,54212.12,58160368
2013-01-11,2.909,2.909,2.909,2.909,18468000,0.00%,33730501,20008962001,53723.41,0
2013-01-14,2.909,2.909,2.909,2.909,25404000,0.00%,8326501,20008962001,73900.24,0
2013-01-15,2.909,2.912,2.912,2.909,20556000,0.10%,45982626,20067174126,59859.07,58212124
2013-01-16,2.912,2.912,2.912,2.912,43848000,0.00%,2134626,20067174126,127685.38,0
2013-01-17,2.912,2.9149,2.9149,2.912,47760000,0.10%,13298063,20126097563,139215.62,58923437
2013-01-18,2.9149,2.9178,2.9178,2.9149,29964000,0.10%,42605503,20185369003,87428.96,59271440
2013-01-21,2.9178,2.9178,2.9178,2.9178,24384000,0.00%,18221503,20185369003,71147.64,0
2013-01-22,2.9178,2.9178,2.9178,2.9178,14880000,0.00%,3341503,20185369003,43416.86,0
2013-01-23,2.9178,2.9207,2.9207,2.9178,19620000,0.10%,43133753,20244781253,57304.13,59412249
2013-01-24,2.9207,2.9207,2.9207,2.9207,17364000,0.00%,25769753,20244781253,50715.03,0
2013-01-25,2.9207,2.9236,2.9236,2.9207,30972000,0.10%,53938212,20303921712,90549.74,59140458
2013-01-28,2.9236,2.9236,2.9236,2.9236,18024000,0.00%,35914212,20303921712,52694.97,0
2013-01-29,2.9236,2.9236,2.9236,2.9236,15816000,0.00%,20098212,20303921712,46239.66,0
2013-01-30,2.9236,2.9236,2.9236,2.9236,19332000,0.00%,766212,20303921712,56519.04,0
2013-01-31,2.9236,2.9265,2.9265,2.9236,17736000,0.10%,41685271,20362576771,51904.4,58655058
2013-02-01,2.9265,2.9265,2.9265,2.9265,10236000,0.00%,31449271,20362576771,29955.65,0
2013-02-04,2.9265,2.9265,2.9265,2.9265,12360000,0.00%,19089271,20362576771,36171.54,0
2013-02-05,2.9265,2.9265,2.9265,2.9265,15948000,0.00%,3141271,20362576771,46671.82,0
2013-02-06,2.9265,2.9295,2.9295,2.9265,11388000,0.10%,50221825,20421045325,33361.15,58468554
2013-02-07,2.9295,2.9295,2.9295,2.9295,17592000,0.00%,32629825,20421045325,51535.76,0
2013-02-08,2.9295,2.9295,2.9295,2.9295,19944000,0.00%,12685825,20421045325,58425.95,0
2013-02-14,2.9295,2.9324,2.9324,2.9295,14088000,0.10%,57170114,20479617614,41311.65,58572288
2013-02-15,2.9324,2.9324,2.9324,2.9324,16044000,0.00%,41126114,20479617614,47047.43,0
2013-02-18,2.9324,2.9324,2.9324,2.9324,14472000,0.00%,26654114,20479617614,42437.69,0
2013-02-19,2.9324,2.9324,2.9324,2.9324,24336000,0.00%,2318114,20479617614,71362.89,0
2013-02-20,2.9324,2.9353,2.9353,2.9324,21408000,0.10%,39044752,20537752252,62838.9,58134638
2013-02-21,2.9353,2.9353,2.9353,2.9353,22980000,0.00%,16064752,20537752252,67453.19,0
2013-02-22,2.9353,2.9383,2.9383,2.9353,36840000,0.10%,37580317,20596107817,108246.97,58355564
2013-02-25,2.9383,2.9383,2.9383,2.9383,14124000,0.00%,23456317,20596107817,41500.55,0
2013-02-26,2.9383,2.9383,2.9383,2.9383,21300000,0.00%,2156317,20596107817,62585.79,0
2013-02-27,2.9383,2.9412,2.9412,2.9383,20880000,0.10%,39899624,20654731124,61412.26,58623306
2013-02-28,2.9412,2.9412,2.9412,2.9412,25368000,0.00%,14531624,20654731124,74612.36,0
2013-03-01,2.9412,2.9441,2.9441,2.9412,19152000,0.10%,54299003,20713650503,56385.4,58919379
2013-03-04,2.9441,2.9441,2.9441,2.9441,31932000,0.00%,22367003,20713650503,94011.0,0
2013-03-05,2.9441,2.9471,2.9471,2.9441,28056000,0.10%,53722463,20773061963,82683.84,59411459
2013-03-06,2.9471,2.9471,2.9471,2.9471,39252000,0.00%,14470463,20773061963,115679.57,0
2013-03-07,2.9471,2.95,2.95,2.9471,18324000,0.10%,55882289,20832797789,54055.8,59735826
2013-03-08,2.95,2.95,2.95,2.95,28824000,0.00%,27058289,20832797789,85030.8,0
2013-03-11,2.95,2.95,2.95,2.95,20328000,0.00%,6730289,20832797789,59967.6,0
2013-03-12,2.95,2.953,2.953,2.95,17712000,0.10%,49073110,20892852610,52303.54,60054820
2013-03-13,2.953,2.953,2.953,2.953,23436000,0.00%,25637110,20892852610,69206.51,0
2013-03-14,2.953,2.9559,2.9559,2.953,34920000,0.10%,51340709,20953476209,103220.03,60623599
2013-03-15,2.9559,2.9589,2.9589,2.9559,105180000,0.10%,7926342,21015241842,311217.1,61765633
2013-03-18,2.9589,2.9619,2.9619,2.9589,54636000,0.10%,15740365,21077691865,161826.37,62450023
2013-03-19,2.9619,2.9648,2.9648,2.9619,49104000,0.10%,29735611,21140791111,145583.54,63099245
2013-03-20,2.9648,2.9678,2.9678,2.9648,37920000,0.10%,55463435,21204438935,112538.98,63647823
2013-03-21,2.9678,2.9707,2.9707,2.9678,103056000,0.10%,17156023,21269187523,306148.46,64748587
2013-03-22,2.9707,2.9737,2.9737,2.9707,74208000,0.10%,8546047,21334785547,220672.33,65598024
2013-03-25,2.9737,2.9767,2.9767,2.9737,60048000,0.10%,14735458,21401022958,178744.88,66237410
2013-03-26,2.9767,2.9797,2.9797,2.9767,45216000,0.10%,36258843,21467762343,134730.12,66739385
2013-03-27,2.9797,2.9797,2.9797,2.9797,34224000,0.00%,2034843,21467762343,101977.25,0
2013-03-28,2.9797,2.9826,2.9826,2.9797,32604000,0.10%,36575481,21534906981,97244.69,67144638
2013-04-02,2.9826,2.9826,2.9826,2.9826,35160000,0.00%,1415481,21534906981,104868.22,0
2013-04-03,2.9826,2.9856,2.9856,2.9826,26196000,0.10%,42530095,21602217595,78210.78,67310613
2013-04-05,2.9856,2.9856,2.9856,2.9856,29904000,0.00%,12626095,21602217595,89281.38,0
2013-04-08,2.9856,2.9886,2.9886,2.9856,26304000,0.10%,54028456,21669923956,78612.13,67706361
2013-04-09,2.9886,2.9886,2.9886,2.9886,31560000,0.00%,22468456,21669923956,94320.22,0
2013-04-10,2.9886,2.9916,2.9916,2.9886,24600000,0.10%,65714580,21737770080,73593.36,67846123
2013-04-11,2.9916,2.9916,2.9916,2.9916,28308000,0.00%,37406580,21737770080,84686.21,0
2013-04-12,2.9916,2.9916,2.9916,2.9916,26556000,0.00%,10850580,21737770080,79444.93,0
2013-04-15,2.9916,2.9946,2.9946,2.9916,16068000,0.10%,62859022,21805846522,48117.23,68076441
2013-04-16,2.9946,2.9946,2.9946,2.9946,27696000,0.00%,35163022,21805846522,82938.44,0
2013-04-17,2.9946,2.9976,2.9976,2.9946,42636000,0.10%,61064344,21874383844,127805.67,68537322
2013-04-18,2.9976,2.9976,2.9976,2.9976,18744000,0.00%,42320344,21874383844,56187.01,0
2013-04-19,2.9976,2.9976,2.9976,2.9976,28668000,0.00%,13652344,21874383844,85935.2,0
2013-04-22,2.9976,3.0006,3.0006,2.9976,18480000,0.10%,63565227,21942776727,55451.09,68392882
2013-04-23,3.0006,3.0006,3.0006,3.0006,14376000,0.00%,49189227,21942776727,43136.63,0
2013-04-24,3.0006,3.0006,3.0006,3.0006,18840000,0.00%,30349227,21942776727,56531.3,0
2013-04-25,3.0006,3.0006,3.0006,3.0006,20844000,0.00%,9505227,21942776727,62544.51,0
2013-04-26,3.0006,3.0036,3.0036,3.0006,20316000,0.10%,57612717,22011200217,61021.14,68423490
2013-04-29,3.0036,3.0036,3.0036,3.0036,20508000,0.00%,37104717,22011200217,61597.83,0
2013-04-30,3.0036,3.0036,3.0036,3.0036,29640000,0.00%,7464717,22011200217,89026.7,0
2013-05-02,3.0036,3.0066,3.0066,3.0036,41160000,0.10%,35316355,22080211855,123751.66,69011637
2013-05-03,3.0066,3.0066,3.0066,3.0066,23904000,0.00%,11412355,22080211855,71869.77,0
2013-05-06,3.0066,3.0096,3.0096,3.0066,14532000,0.10%,66124456,22149455956,43735.51,69244100
2013-05-07,3.0096,3.0096,3.0096,3.0096,8532000,0.00%,57592456,22149455956,25677.91,0
2013-05-08,3.0096,3.0096,3.0096,3.0096,10272000,0.00%,47320456,22149455956,30914.61,0
2013-05-09,3.0096,3.0096,3.0096,3.0096,9924000,0.00%,37396456,22149455956,29867.27,0
2013-05-10,3.0096,3.0096,3.0096,3.0096,10284000,0.00%,27112456,22149455956,30950.73,0
2013-05-13,3.0096,3.0096,3.0096,3.0096,15408000,0.00%,11704456,22149455956,46371.92,0
2013-05-14,3.0096,3.0126,3.0126,3.0096,18444000,0.10%,61875414,22218070914,55564.39,68614958
2013-05-15,3.0126,3.0126,3.0126,3.0126,17388000,0.00%,44487414,22218070914,52383.09,0
2013-05-16,3.0126,3.0156,3.0156,3.0126,76404000,0.10%,37570884,22287558384,230403.9,69487470
2013-05-20,3.0156,3.0186,3.0186,3.0156,74928000,0.10%,32900779,22357816279,226177.66,70257894
2013-05-21,3.0186,3.0217,3.0217,3.0186,39959999,0.10%,63575606,22428451106,120747.13,70634826
2013-05-22,3.0217,3.0217,3.0217,3.0217,18948000,0.00%,44627606,22428451106,57255.17,0
2013-05-23,3.0217,3.0217,3.0217,3.0217,32748000,0.00%,11879606,22428451106,98954.63,0
2013-05-24,3.0217,3.0247,3.0247,3.0217,27036000,0.10%,55971181,22499578681,81775.79,71127574
2013-05-27,3.0247,3.0247,3.0247,3.0247,13548000,0.00%,42423181,22499578681,40978.64,0
2013-05-28,3.0247,3.0247,3.0247,3.0247,16680000,0.00%,25743181,22499578681,50452.0,0
2013-05-29,3.0247,3.0247,3.0247,3.0247,24288000,0.00%,1455181,22499578681,73463.91,0
2013-05-30,3.0247,3.0277,3.0277,3.0247,21768000,0.10%,51201614,22571093114,65906.97,71514433
2013-05-31,3.0277,3.0277,3.0277,3.0277,23640000,0.00%,27561614,22571093114,71574.83,0
2013-06-03,3.0277,3.0277,3.0277,3.0277,21048000,0.00%,6513614,22571093114,63727.03,0
2013-06-04,3.0277,3.0307,3.0307,3.0277,17580000,0.10%,60494907,22642654407,53279.71,71561293
2013-06-05,3.0307,3.0307,3.0307,3.0307,14772000,0.00%,45722907,22642654407,44769.5,0
2013-06-06,3.0307,3.0307,3.0307,3.0307,20820000,0.00%,24902907,22642654407,63099.17,0
2013-06-07,3.0307,3.0307,3.0307,3.0307,19740000,0.00%,5162907,22642654407,59826.02,0
2013-06-10,3.0307,3.0338,3.0338,3.0307,22932000,0.10%,52894348,22713317848,69571.1,70663441
2013-06-11,3.0338,3.0338,3.0338,3.0338,21024000,0.00%,31870348,22713317848,63782.61,0
2013-06-13,3.0338,3.0368,3.0368,3.0338,40980000,0.10%,61883521,22784311021,124448.06,70993172
2013-06-14,3.0368,3.0368,3.0368,3.0368,17784000,0.00%,44099521,22784311021,54006.45,0
2013-06-17,3.0368,3.0368,3.0368,3.0368,19620000,0.00%,24479521,22784311021,59582.02,0
2013-06-18,3.0368,3.0368,3.0368,3.0368,19536000,0.00%,4943521,22784311021,59326.92,0
2013-06-19,3.0368,3.0398,3.0398,3.0368,27828000,0.10%,48561772,22855757272,84591.55,71446250
2013-06-20,3.0398,3.0398,3.0398,3.0398,37272000,0.00%,11289772,22855757272,113299.43,0
2013-06-21,3.0398,3.0429,3.0429,3.0398,52752000,0.10%,30694001,22927913501,160519.06,72156228
2013-06-24,3.0429,3.0459,3.0459,3.0429,33780000,0.10%,69494239,23000493739,102890.5,72580238
2013-06-25,3.0459,3.0459,3.0459,3.0459,41136000,0.00%,28358239,23000493739,125296.14,0
2013-06-26,3.0459,3.049,3.049,3.0459,30924000,0.10%,70554931,23073614431,94287.28,73120691
2013-06-27,3.049,3.049,3.049,3.049,30780000,0.00%,39774931,23073614431,93848.22,0
2013-06-28,3.049,3.049,3.049,3.049,30468000,0.00%,9306931,23073614431,92896.93,0
2013-07-02,3.049,3.052,3.052,3.049,24468000,0.10%,58492662,23147268162,74676.34,73653731
2013-07-03,3.052,3.052,3.052,3.052,28632000,0.00%,29860662,23147268162,87384.86,0
2013-07-04,3.052,3.052,3.052,3.052,17520000,0.00%,12340662,23147268162,53471.04,0
2013-07-05,3.052,3.0551,3.0551,3.052,14556000,0.10%,71603207,23221086707,44470.04,73818544
2013-07-08,3.0551,3.0551,3.0551,3.0551,23340000,0.00%,48263207,23221086707,71306.03,0
2013-07-09,3.0551,3.0551,3.0551,3.0551,16584000,0.00%,31679207,23221086707,50665.78,0
2013-07-10,3.0551,3.0551,3.0551,3.0551,18216000,0.00%,13463207,23221086707,55651.7,0
2013-07-11,3.0551,3.0581,3.0581,3.0551,18864000,0.10%,68651084,23295138584,57688.0,74051876
2013-07-12,3.0581,3.0581,3.0581,3.0581,11256000,0.00%,57395084,23295138584,34421.97,0
2013-07-15,3.0581,3.0581,3.0581,3.0581,31512000,0.00%,25883084,23295138584,96366.85,0
2013-07-16,3.0581,3.0612,3.0612,3.0581,35400000,0.10%,64744758,23369400258,108366.48,74261673
2013-07-17,3.0612,3.0612,3.0612,3.0612,28452000,0.00%,36292758,23369400258,87097.26,0
2013-07-18,3.0612,3.0612,3.0612,3.0612,19308000,0.00%,16984758,23369400258,59105.65,0
2013-07-19,3.0612,3.0642,3.0642,3.0612,30084000,0.10%,61513757,23444013257,92183.39,74612999
2013-07-22,3.0642,3.0642,3.0642,3.0642,17796000,0.00%,43717757,23444013257,54530.5,0
2013-07-23,3.0642,3.0642,3.0642,3.0642,21036000,0.00%,22681757,23444013257,64458.51,0
2013-07-24,3.0642,3.0642,3.0642,3.0642,14964000,0.00%,7717757,23444013257,45852.69,0
2013-07-25,3.0642,3.0673,3.0673,3.0642,19379999,0.10%,63079019,23518754519,59444.27,74741262
2013-07-26,3.0673,3.0673,3.0673,3.0673,37620000,0.00%,25459019,23518754519,115391.83,0
2013-07-29,3.0673,3.0704,3.0704,3.0673,29676000,0.10%,70834096,23593805596,91117.19,75051076
2013-07-30,3.0704,3.0704,3.0704,3.0704,39696000,0.00%,31138096,23593805596,121882.6,0
2013-07-31,3.0704,3.0734,3.0734,3.0704,42708000,0.10%,63911581,23669287081,131258.77,75481485
2013-08-01,3.0734,3.0734,3.0734,3.0734,26712000,0.00%,37199581,23669287081,82096.66,0
2013-08-02,3.0734,3.0734,3.0734,3.0734,20280000,0.00%,16919581,23669287081,62328.55,0
2013-08-05,3.0734,3.0765,3.0765,3.0734,24048000,0.10%,68192326,23744607826,73983.67,75320744
2013-08-06,3.0765,3.0765,3.0765,3.0765,23664000,0.00%,44528326,23744607826,72802.3,0
2013-08-07,3.0765,3.0765,3.0765,3.0765,29304000,0.00%,15224326,23744607826,90153.76,0
2013-08-08,3.0765,3.0796,3.0796,3.0765,24156000,0.10%,66233436,23819772936,74390.82,75165109
2013-08-09,3.0796,3.0796,3.0796,3.0796,13956000,0.00%,52277436,23819772936,42978.9,0
2013-08-12,3.0796,3.0796,3.0796,3.0796,19392000,0.00%,32885436,23819772936,59719.6,0
2013-08-13,3.0796,3.0796,3.0796,3.0796,18348000,0.00%,14537436,23819772936,56504.5,0
2013-08-15,3.0796,3.0827,3.0827,3.0796,71100000,0.10%,18978269,23895313769,219179.97,75540833
2013-08-16,3.0827,3.0857,3.0857,3.0827,29244000,0.10%,65621659,23971201159,90238.21,75887389
2013-08-19,3.0857,3.0857,3.0857,3.0857,13152000,0.00%,52469659,23971201159,40583.13,0
2013-08-20,3.0857,3.0857,3.0857,3.0857,26892000,0.00%,25577659,23971201159,82980.64,0
2013-08-21,3.0857,3.0857,3.0857,3.0857,21492000,0.00%,4085659,23971201159,66317.86,0
2013-08-22,3.0857,3.0888,3.0888,3.0857,27000000,0.10%,53184444,24047299944,83397.6,76098785
2013-08-23,3.0888,3.0888,3.0888,3.0888,20063999,0.00%,33120444,24047299944,61973.68,0
2013-08-26,3.0888,3.0888,3.0888,3.0888,12780000,0.00%,20340444,24047299944,39474.86,0
2013-08-27,3.0888,3.0888,3.0888,3.0888,17232000,0.00%,3108444,24047299944,53226.2,0
2013-08-28,3.0888,3.0919,3.0919,3.0888,16452000,0.10%,62915811,24123559311,50867.94,76259366
2013-08-29,3.0919,3.0919,3.0919,3.0919,14880000,0.00%,48035811,24123559311,46007.47,0
2013-08-30,3.0919,3.0919,3.0919,3.0919,14304000,0.00%,33731811,24123559311,44226.54,0
2013-09-02,3.0919,3.0919,3.0919,3.0919,24096000,0.00%,9635811,24123559311,74502.42,0
2013-09-03,3.0919,3.095,3.095,3.0919,23220000,0.10%,63033659,24200177159,71865.9,76617848
2013-09-04,3.095,3.095,3.095,3.095,21360000,0.00%,41673659,24200177159,66109.2,0
2013-09-05,3.095,3.095,3.095,3.095,27684000,0.00%,13989659,24200177159,85681.98,0
2013-09-06,3.095,3.0981,3.0981,3.095,21732000,0.10%,69240626,24277160126,67327.91,76982966
2013-09-09,3.0981,3.0981,3.0981,3.0981,17580000,0.00%,51660626,24277160126,54464.6,0
2013-09-10,3.0981,3.0981,3.0981,3.0981,21972000,0.00%,29688626,24277160126,68071.45,0
2013-09-11,3.0981,3.0981,3.0981,3.0981,23352000,0.00%,6336626,24277160126,72346.83,0
2013-09-12,3.0981,3.1012,3.1012,3.0981,24156000,0.10%,59513220,24354492720,74912.59,77332593
2013-09-13,3.1012,3.1012,3.1012,3.1012,20640000,0.00%,38873220,24354492720,64008.77,0
2013-09-16,3.1012,3.1012,3.1012,3.1012,22440000,0.00%,16433220,24354492720,69590.93,0
2013-09-17,3.1012,3.1043,3.1043,3.1012,29172000,0.10%,64879080,24432110580,90558.64,77617860
2013-09-18,3.1043,3.1043,3.1043,3.1043,38772000,0.00%,26107080,24432110580,120359.92,0
2013-09-19,3.1043,3.1074,3.1074,3.1043,39108000,0.10%,65156590,24510268090,121524.2,78157510
2013-09-23,3.1074,3.1074,3.1074,3.1074,21804000,0.00%,43352590,24510268090,67753.75,0
2013-09-24,3.1074,3.1074,3.1074,3.1074,25284000,0.00%,18068590,24510268090,78567.5,0
2013-09-25,3.1074,3.1074,3.1074,3.1074,16152000,0.00%,1916590,24510268090,50190.72,0
2013-09-26,3.1074,3.1105,3.1105,3.1074,16068000,0.10%,64566280,24588985780,49979.51,78717690
2013-09-27,3.1105,3.1105,3.1105,3.1105,19908000,0.00%,44658280,24588985780,61923.83,0
2013-09-30,3.1105,3.1105,3.1105,3.1105,22140000,0.00%,22518280,24588985780,68866.47,0
2013-10-02,3.1105,3.1105,3.1105,3.1105,22056000,0.00%,462280,24588985780,68605.19,0
2013-10-03,3.1105,3.1136,3.1136,3.1105,13740000,0.10%,65793072,24668056572,42780.86,79070792
2013-10-04,3.1136,3.1136,3.1136,3.1136,14832000,0.00%,50961072,24668056572,46180.92,0
2013-10-07,3.1136,3.1136,3.1136,3.1136,12168000,0.00%,38793072,24668056572,37886.28,0
2013-10-08,3.1136,3.1136,3.1136,3.1136,20784000,0.00%,18009072,24668056572,64713.06,0
2013-10-09,3.1136,3.1167,3.1167,3.1136,30900000,0.10%,66301968,24747249468,96306.03,79192895
2013-10-10,3.1167,3.1167,3.1167,3.1167,22680000,0.00%,43621968,24747249468,70686.76,0
2013-10-11,3.1167,3.1167,3.1167,3.1167,19884000,0.00%,23737968,24747249468,61972.46,0
2013-10-15,3.1167,3.1167,3.1167,3.1167,20376000,0.00%,3361968,24747249468,63505.88,0
2013-10-16,3.1167,3.1199,3.1199,3.1167,10872000,0.10%,71996196,24826755696,33919.55,79506228
2013-10-17,3.1199,3.1199,3.1199,3.1199,9720000,0.00%,62276196,24826755696,30325.43,0
2013-10-18,3.1199,3.1199,3.1199,3.1199,19668000,0.00%,42608196,24826755696,61362.19,0
2013-10-21,3.1199,3.1199,3.1199,3.1199,29652000,0.00%,12956196,24826755696,92511.27,0
2013-10-22,3.1199,3.123,3.123,3.1199,23712000,0.10%,68967658,24906479158,74052.58,79723461
2013-10-23,3.123,3.123,3.123,3.123,18528000,0.00%,50439658,24906479158,57862.94,0
2013-10-24,3.123,3.123,3.123,3.123,21108000,0.00%,29331658,24906479158,65920.28,0
2013-10-25,3.123,3.123,3.123,3.123,16344000,0.00%,12987658,24906479158,51042.31,0
2013-10-28,3.123,3.1261,3.1261,3.123,16704000,0.10%,76487477,24986682977,52218.37,80203819
2013-10-29,3.1261,3.1261,3.1261,3.1261,39959999,0.00%,36527477,24986682977,124918.96,0
2013-10-30,3.1261,3.1261,3.1261,3.1261,21264000,0.00%,15263477,24986682977,66473.39,0
2013-10-31,3.1261,3.1292,3.1292,3.1261,18636000,0.10%,77377489,25067432989,58315.77,80750012
2013-11-01,3.1292,3.1292,3.1292,3.1292,15036000,0.00%,62341489,25067432989,47050.65,0
2013-11-04,3.1292,3.1292,3.1292,3.1292,20868000,0.00%,41473489,25067432989,65300.15,0
2013-11-05,3.1292,3.1292,3.1292,3.1292,27888000,0.00%,13585489,25067432989,87267.13,0
2013-11-06,3.1292,3.1324,3.1324,3.1292,13800000,0.10%,80237964,25147885464,43227.12,80452474
2013-11-07,3.1324,3.1324,3.1324,3.1324,17604000,0.00%,62633964,25147885464,55142.77,0
2013-11-08,3.1324,3.1324,3.1324,3.1324,27708000,0.00%,34925964,25147885464,86792.54,0
2013-11-11,3.1324,3.1324,3.1324,3.1324,23796000,0.00%,11129964,25147885464,74538.59,0
2013-11-12,3.1324,3.1355,3.1355,3.1324,25140000,0.10%,66149350,25228044850,78826.47,80159385
2013-11-13,3.1355,3.1355,3.1355,3.1355,43632000,0.00%,22517350,25228044850,136808.14,0
2013-11-14,3.1355,3.1386,3.1386,3.1355,58980000,0.10%,44756438,25309263938,185114.63,81219088
2013-11-15,3.1386,3.1386,3.1386,3.1386,28752000,0.00%,16004438,25309263938,90241.03,0
2013-11-18,3.1386,3.1418,3.1418,3.1386,40908000,0.10%,57072740,25391240240,128524.75,81976301
2013-11-19,3.1418,3.1418,3.1418,3.1418,23784000,0.00%,33288740,25391240240,74724.57,0
2013-11-20,3.1418,3.1418,3.1418,3.1418,25176000,0.00%,8112740,25391240240,79097.96,0
2013-11-21,3.1418,3.1449,3.1449,3.1418,18444000,0.10%,72118039,25473689539,58004.54,82449299
2013-11-22,3.1449,3.1449,3.1449,3.1449,16200000,0.00%,55918039,25473689539,50947.38,0
2013-11-25,3.1449,3.1449,3.1449,3.1449,38436000,0.00%,17482039,25473689539,120877.38,0
2013-11-26,3.1449,3.1481,3.1481,3.1449,22260000,0.10%,78303113,25556770613,70076.71,83081074
2013-11-27,3.1481,3.1481,3.1481,3.1481,31416000,0.00%,46887113,25556770613,98900.71,0
2013-11-28,3.1481,3.1481,3.1481,3.1481,27420000,0.00%,19467113,25556770613,86320.9,0
2013-11-29,3.1481,3.1481,3.1481,3.1481,17688000,0.00%,1779113,25556770613,55683.59,0
2013-12-02,3.1481,3.1512,3.1512,3.1481,16992000,0.10%,68419103,25640402603,53545.19,83631990
2013-12-03,3.1512,3.1512,3.1512,3.1512,19308000,0.00%,49111103,25640402603,60843.37,0
2013-12-04,3.1512,3.1512,3.1512,3.1512,21060000,0.00%,28051103,25640402603,66364.27,0
2013-12-05,3.1512,3.1512,3.1512,3.1512,21180000,0.00%,6871103,25640402603,66742.42,0
2013-12-06,3.1512,3.1544,3.1544,3.1512,32220000,0.10%,58597467,25724348967,101634.77,83946364
2013-12-09,3.1544,3.1544,3.1544,3.1544,22368000,0.00%,36229467,25724348967,70557.62,0
2013-12-10,3.1544,3.1544,3.1544,3.1544,14340000,0.00%,21889467,25724348967,45234.1,0
2013-12-11,3.1544,3.1575,3.1575,3.1544,32628000,0.10%,73621058,25808708558,103022.91,84359590
2013-12-12,3.1575,3.1575,3.1575,3.1575,19487999,0.00%,54133058,25808708558,61533.36,0
2013-12-13,3.1575,3.1575,3.1575,3.1575,20580000,0.00%,33553058,25808708558,64981.35,0
2013-12-16,3.1575,3.1575,3.1575,3.1575,16536000,0.00%,17017058,25808708558,52212.42,0
2013-12-17,3.1575,3.1607,3.1607,3.1575,18876000,0.10%,82898008,25893465508,59661.37,84756949
2013-12-18,3.1607,3.1607,3.1607,3.1607,17772000,0.00%,65126008,25893465508,56171.96,0
2013-12-19,3.1607,3.1607,3.1607,3.1607,18948000,0.00%,46178008,25893465508,59888.94,0
2013-12-20,3.1607,3.1607,3.1607,3.1607,26784000,0.00%,19394008,25893465508,84656.19,0
2013-12-23,3.1607,3.1607,3.1607,3.1607,17628000,0.00%,1766008,25893465508,55716.82,0
2013-12-24,3.1607,3.1638,3.1638,3.1607,13728000,0.10%,72999516,25978427016,43432.65,84961508
2013-12-27,3.1638,3.1638,3.1638,3.1638,21048000,0.00%,51951516,25978427016,66591.66,0
2013-12-30,3.1638,3.1638,3.1638,3.1638,23280000,0.00%,28671516,25978427016,73653.26,0
2013-12-31,3.1638,3.1638,3.1638,3.1638,17784000,0.00%,10887516,25978427016,56265.02,0
2014-01-02,3.1638,3.167,3.167,3.1638,20125000,0.10%,76231256,26063895756,63735.88,85468740
2014-01-03,3.167,3.167,3.167,3.167,23250000,0.00%,52981256,26063895756,73632.75,0
2014-01-06,3.167,3.167,3.167,3.167,25475000,0.00%,27506256,26063895756,80679.32,0
2014-01-07,3.167,3.167,3.167,3.167,18775000,0.00%,8731256,26063895756,59460.43,0
2014-01-08,3.167,3.1702,3.1702,3.167,23587500,0.10%,71397824,26150149824,74777.09,86254067
2014-01-09,3.1702,3.1702,3.1702,3.1702,28100000,0.00%,43297824,26150149824,89082.62,0
2014-01-10,3.1702,3.1702,3.1702,3.1702,23037500,0.00%,20260324,26150149824,73033.48,0
2014-01-13,3.1702,3.1702,3.1702,3.1702,16662500,0.00%,3597824,26150149824,52823.46,0
2014-01-14,3.1702,3.1733,3.1733,3.1702,16925000,0.10%,73471203,26236948203,53708.1,86798379
2014-01-15,3.1733,3.1733,3.1733,3.1733,24875000,0.00%,48596203,26236948203,78935.84,0
2014-01-16,3.1733,3.1733,3.1733,3.1733,32862500,0.00%,15733703,26236948203,104282.57,0
2014-01-17,3.1733,3.1765,3.1765,3.1733,42175000,0.10%,60972214,26324361714,133968.89,87413510
2014-01-20,3.1765,3.1765,3.1765,3.1765,29550000,0.00%,31422214,26324361714,93865.57,0
2014-01-21,3.1765,3.1765,3.1765,3.1765,25150000,0.00%,6272214,26324361714,79888.98,0
2014-01-22,3.1765,3.1797,3.1797,3.1765,35012500,0.10%,59339379,26412441379,111329.25,88079665
2014-01-23,3.1797,3.1797,3.1797,3.1797,25837500,0.00%,33501879,26412441379,82155.5,0
2014-01-24,3.1797,3.1829,3.1829,3.1797,51600000,0.10%,70656393,26501195893,164237.64,88754513
2014-01-27,3.1829,3.1829,3.1829,3.1829,54612500,0.00%,16043893,26501195893,173826.13,0
2014-01-28,3.1829,3.186,3.186,3.1829,56337500,0.10%,49569539,26591059039,179491.27,89863145
2014-01-29,3.186,3.1892,3.1892,3.186,73562500,0.10%,66693249,26681745249,234605.52,90686210
2014-01-30,3.1892,3.1892,3.1892,3.1892,50812500,0.00%,15880749,26681745249,162051.23,0
2014-02-04,3.1892,3.1924,3.1924,3.1892,60887500,0.10%,46687759,26773439759,194377.26,91694509
2014-02-05,3.1924,3.1924,3.1924,3.1924,42587500,0.00%,4100259,26773439759,135956.33,0
2014-02-06,3.1924,3.1956,3.1956,3.1924,37050000,0.10%,59371909,26865761409,118396.98,92321650
2014-02-07,3.1956,3.1956,3.1956,3.1956,42612500,0.00%,16759409,26865761409,136172.51,0
2014-02-10,3.1956,3.1988,3.1988,3.1956,40962500,0.10%,68249699,26958214199,131030.85,92452790
2014-02-11,3.1988,3.1988,3.1988,3.1988,31450000,0.00%,36799699,26958214199,100602.26,0
2014-02-12,3.1988,3.1988,3.1988,3.1988,34412500,0.00%,2387199,26958214199,110078.71,0
2014-02-13,3.1988,3.202,3.202,3.1988,32912500,0.10%,61918374,27050657874,105385.82,92443674
2014-02-14,3.202,3.202,3.202,3.202,35462500,0.00%,26455874,27050657874,113550.93,0
2014-02-17,3.202,3.2052,3.2052,3.202,40350000,0.10%,79071914,27143623914,129329.82,92966039
2014-02-18,3.2052,3.2052,3.2052,3.2052,37000000,0.00%,42071914,27143623914,118592.4,0
2014-02-19,3.2052,3.2052,3.2052,3.2052,30862500,0.00%,11209414,27143623914,98920.49,0
2014-02-20,3.2052,3.2084,3.2084,3.2052,53437500,0.10%,51571563,27237423563,171448.88,93799648
2014-02-21,3.2084,3.2084,3.2084,3.2084,37550000,0.00%,14021563,27237423563,120475.42,0
2014-02-24,3.2084,3.2116,3.2116,3.2084,19825000,0.10%,88360683,27331587683,63669.97,94164120
2014-02-25,3.2116,3.2116,3.2116,3.2116,32475000,0.00%,55885683,27331587683,104296.71,0
2014-02-26,3.2116,3.2116,3.2116,3.2116,31275000,0.00%,24610683,27331587683,100442.79,0
2014-02-27,3.2116,3.2148,3.2148,3.2116,59850000,0.10%,59536434,27426363434,192405.78,94775751
2014-02-28,3.2148,3.2148,3.2148,3.2148,39575000,0.00%,19961434,27426363434,127225.71,0
2014-03-03,3.2148,3.218,3.218,3.2148,42212500,0.10%,72953134,27521567634,135839.83,95204199
2014-03-04,3.218,3.218,3.218,3.218,34262500,0.00%,38690634,27521567634,110256.73,0
2014-03-05,3.218,3.218,3.218,3.218,27987500,0.00%,10703134,27521567634,90063.78,0
2014-03-06,3.218,3.2213,3.2213,3.218,26812500,0.10%,79672220,27617349220,86371.11,95781585
2014-03-07,3.2213,3.2213,3.2213,3.2213,31675000,0.00%,47997220,27617349220,102034.68,0
2014-03-10,3.2213,3.2213,3.2213,3.2213,38687500,0.00%,9309720,27617349220,124624.04,0
2014-03-11,3.2213,3.2245,3.2245,3.2213,23575000,0.10%,82148975,27713763475,76017.59,96414255
2014-03-12,3.2245,3.2245,3.2245,3.2245,58112500,0.00%,24036475,27713763475,187383.76,0
2014-03-13,3.2245,3.2277,3.2277,3.2245,43687500,0.10%,77666867,27811081367,141010.14,97317892
2014-03-14,3.2277,3.2309,3.2309,3.2277,85487500,0.10%,90353594,27909255594,276201.56,98174226
2014-03-17,3.2309,3.2309,3.2309,3.2309,64450000,0.00%,25903594,27909255594,208231.51,0
2014-03-18,3.2309,3.2342,3.2342,3.2309,60050000,0.10%,65154842,28008556842,194213.71,99301247
2014-03-19,3.2342,3.2342,3.2342,3.2342,44462500,0.00%,20692342,28008556842,143800.62,0
2014-03-20,3.2342,3.2374,3.2374,3.2342,56750000,0.10%,64252040,28108866540,183722.45,100309698
2014-03-21,3.2374,3.2374,3.2374,3.2374,47100000,0.00%,17152040,28108866540,152481.54,0
2014-03-24,3.2374,3.2406,3.2406,3.2374,38125000,0.10%,80160598,28210000098,123547.88,101133557
2014-03-25,3.2406,3.2406,3.2406,3.2406,50162500,0.00%,29998098,28210000098,162556.6,0
2014-03-26,3.2406,3.2439,3.2439,3.2406,40324999,0.10%,91229517,28311556517,130810.27,101556419
2014-03-27,3.2439,3.2471,3.2471,3.2439,105837500,0.10%,88061991,28414226491,343664.95,102669974
2014-03-28,3.2471,3.2471,3.2471,3.2471,43700000,0.00%,44361991,28414226491,141898.27,0
2014-03-31,3.2471,3.2471,3.2471,3.2471,36787500,0.00%,7574491,28414226491,119452.69,0
2014-04-01,3.2471,3.2504,3.2504,3.2471,39062500,0.10%,71901808,28517616308,126968.75,103389816
2014-04-02,3.2504,3.2504,3.2504,3.2504,32475000,0.00%,39426808,28517616308,105556.74,0
2014-04-03,3.2504,3.2504,3.2504,3.2504,34837500,0.00%,4589308,28517616308,113235.81,0
2014-04-04,3.2504,3.2536,3.2536,3.2504,59887500,0.10%,48889370,28621803870,194849.97,104187561
2014-04-07,3.2536,3.2569,3.2569,3.2536,71475000,0.10%,82230493,28726619993,232786.93,104816122
2014-04-08,3.2569,3.2569,3.2569,3.2569,52625000,0.00%,29605493,28726619993,171394.36,0
2014-04-09,3.2569,3.2601,3.2601,3.2569,46150000,0.10%,88379591,28831544091,150453.61,104924098
2014-04-10,3.2601,3.2601,3.2601,3.2601,80337499,0.00%,8042091,28831544091,261908.28,0
2014-04-11,3.2601,3.2634,3.2634,3.2601,70475000,0.10%,43658491,28937635491,229988.11,106091400
2014-04-14,3.2634,3.2634,3.2634,3.2634,39625000,0.00%,4033491,28937635491,129312.23,0
2014-04-15,3.2634,3.2667,3.2667,3.2634,26100000,0.10%,84408854,29044110854,85260.87,106475362
2014-04-16,3.2667,3.2667,3.2667,3.2667,25800000,0.00%,58608854,29044110854,84280.86,0
2014-04-17,3.2667,3.2667,3.2667,3.2667,25137500,0.00%,33471354,29044110854,82116.67,0
2014-04-22,3.2667,3.2667,3.2667,3.2667,21012500,0.00%,12458854,29044110854,68641.53,0
2014-04-23,3.2667,3.2699,3.2699,3.2667,33587500,0.10%,85637904,29150877404,109827.77,106766550
2014-04-24,3.2699,3.2699,3.2699,3.2699,19700000,0.00%,65937904,29150877404,64417.03,0
2014-04-25,3.2699,3.2699,3.2699,3.2699,20575000,0.00%,45362904,29150877404,67278.19,0
2014-04-28,3.2699,3.2699,3.2699,3.2699,30612500,0.00%,14750404,29150877404,100099.81,0
2014-04-29,3.2699,3.2732,3.2732,3.2699,45625000,0.10%,76580578,29258332578,149339.75,107455174
2014-04-30,3.2732,3.2732,3.2732,3.2732,67325000,0.00%,9255578,29258332578,220368.19,0
2014-05-02,3.2732,3.2765,3.2765,3.2732,36800000,0.10%,80830298,29366707298,120575.2,108374719
2014-05-05,3.2765,3.2765,3.2765,3.2765,24025000,0.00%,56805298,29366707298,78717.91,0
2014-05-07,3.2765,3.2765,3.2765,3.2765,50925000,0.00%,5880298,29366707298,166855.76,0
2014-05-08,3.2765,3.2797,3.2797,3.2765,39912500,0.10%,75093299,29475832799,130901.03,109125501
2014-05-09,3.2797,3.2797,3.2797,3.2797,26525000,0.00%,48568299,29475832799,86994.04,0
2014-05-12,3.2797,3.283,3.283,3.2797,53950000,0.10%,104331803,29585546303,177117.85,109713503
2014-05-13,3.283,3.283,3.283,3.283,34025000,0.00%,70306803,29585546303,111704.07,0
2014-05-14,3.283,3.283,3.283,3.283,25062500,0.00%,45244303,29585546303,82280.19,0
2014-05-15,3.283,3.2863,3.2863,3.283,64612500,0.10%,90989536,29695904036,212336.06,110357732
2014-05-16,3.2863,3.2863,3.2863,3.2863,27262500,0.00%,63727036,29695904036,89592.75,0
2014-05-19,3.2863,3.2863,3.2863,3.2863,19537500,0.00%,44189536,29695904036,64206.09,0
2014-05-20,3.2863,3.2863,3.2863,3.2863,39887500,0.00%,4302036,29695904036,131082.29,0
2014-05-21,3.2863,3.2896,3.2896,3.2863,29587500,0.10%,85336144,29806525644,97331.04,110621607
2014-05-22,3.2896,3.2896,3.2896,3.2896,33537500,0.00%,51798644,29806525644,110324.96,0
2014-05-23,3.2896,3.2896,3.2896,3.2896,23712500,0.00%,28086144,29806525644,78004.64,0
2014-05-26,3.2896,3.2896,3.2896,3.2896,15037500,0.00%,13048644,29806525644,49467.36,0
2014-05-27,3.2896,3.2896,3.2896,3.2896,9837500,0.00%,3211144,29806525644,32361.44,0
2014-05-28,3.2896,3.2929,3.2929,3.2896,29812500,0.10%,83637179,29916764179,98169.58,110238534
2014-05-29,3.2929,3.2929,3.2929,3.2929,20137500,0.00%,63499679,29916764179,66310.77,0
2014-05-30,3.2929,3.2929,3.2929,3.2929,27737500,0.00%,35762179,29916764179,91336.81,0
2014-06-03,3.2929,3.2929,3.2929,3.2929,26162500,0.00%,9599679,29916764179,86150.5,0
2014-06-04,3.2929,3.2962,3.2962,3.2929,16100000,0.10%,103802912,30027067412,53068.82,110303233
2014-06-05,3.2962,3.2962,3.2962,3.2962,19162500,0.00%,84640412,30027067412,63163.43,0
2014-06-06,3.2962,3.2962,3.2962,3.2962,20625000,0.00%,64015412,30027067412,67984.12,0
2014-06-09,3.2962,3.2962,3.2962,3.2962,22012500,0.00%,42002912,30027067412,72557.6,0
2014-06-10,3.2962,3.2962,3.2962,3.2962,30987500,0.00%,11015412,30027067412,102141.0,0
2014-06-11,3.2962,3.2995,3.2995,3.2962,33737500,0.10%,85929376,30135718876,111316.88,108651463
2014-06-12,3.2995,3.2995,3.2995,3.2995,35750000,0.00%,50179376,30135718876,117957.12,0
2014-06-13,3.2995,3.2995,3.2995,3.2995,14100000,0.00%,36079376,30135718876,46522.95,0
2014-06-16,3.2995,3.2995,3.2995,3.2995,14700000,0.00%,21379376,30135718876,48502.65,0
2014-06-17,3.2995,3.2995,3.2995,3.2995,13637500,0.00%,7741876,30135718876,44996.93,0
2014-06-18,3.2995,3.3028,3.3028,3.2995,23887500,0.10%,89968601,30241833101,78895.63,106114225
2014-06-19,3.3028,3.3028,3.3028,3.3028,17787500,0.00%,72181101,30241833101,58748.56,0
2014-06-20,3.3028,3.3028,3.3028,3.3028,18137500,0.00%,54043601,30241833101,59904.54,0
2014-06-23,3.3028,3.3028,3.3028,3.3028,26400000,0.00%,27643601,30241833101,87193.92,0
2014-06-24,3.3028,3.3028,3.3028,3.3028,16725000,0.00%,10918601,30241833101,55239.33,0
2014-06-25,3.3028,3.3061,3.3061,3.3028,19525000,0.10%,96893295,30347332795,64551.6,105499693
2014-06-26,3.3061,3.3061,3.3061,3.3061,34025000,0.00%,62868295,30347332795,112490.05,0
2014-06-27,3.3061,3.3061,3.3061,3.3061,19587500,0.00%,43280795,30347332795,64758.23,0
2014-06-30,3.3061,3.3061,3.3061,3.3061,24150000,0.00%,19130795,30347332795,79842.32,0
2014-07-02,3.3061,3.3094,3.3094,3.3061,44437500,0.10%,80432651,30453072151,147061.46,105739356
2014-07-03,3.3094,3.3094,3.3094,3.3094,28050000,0.00%,52382651,30453072151,92828.67,0
2014-07-04,3.3094,3.3094,3.3094,3.3094,24562500,0.00%,27820151,30453072151,81287.14,0
2014-07-07,3.3094,3.3094,3.3094,3.3094,15275000,0.00%,12545151,30453072151,50551.08,0
2014-07-08,3.3094,3.3127,3.3127,3.3094,19500000,0.10%,98587334,30558614334,64597.65,105542182
2014-07-09,3.3127,3.3127,3.3127,3.3127,44550000,0.00%,54037334,30558614334,147580.79,0
2014-07-10,3.3127,3.3127,3.3127,3.3127,17625000,0.00%,36412334,30558614334,58386.34,0
2014-07-11,3.3127,3.3127,3.3127,3.3127,16600000,0.00%,19812334,30558614334,54990.82,0
2014-07-14,3.3127,3.3127,3.3127,3.3127,12850000,0.00%,6962334,30558614334,42568.19,0
2014-07-15,3.3127,3.316,3.316,3.3127,15525000,0.10%,97189130,30664366130,51480.9,105751795
2014-07-16,3.316,3.316,3.316,3.316,16100000,0.00%,81089130,30664366130,53387.6,0
2014-07-17,3.316,3.316,3.316,3.316,18287500,0.00%,62801630,30664366130,60641.35,0
2014-07-18,3.316,3.316,3.316,3.316,13150000,0.00%,49651630,30664366130,43605.4,0
2014-07-21,3.316,3.316,3.316,3.316,14550000,0.00%,35101630,30664366130,48247.8,0
2014-07-22,3.316,3.316,3.316,3.316,29162500,0.00%,5939130,30664366130,96702.85,0
2014-07-23,3.316,3.3193,3.3193,3.316,16825000,0.10%,94408149,30769660149,55847.22,105294019
2014-07-24,3.3193,3.3193,3.3193,3.3193,19825000,0.00%,74583149,30769660149,65805.12,0
2014-07-25,3.3193,3.3193,3.3193,3.3193,24937500,0.00%,49645649,30769660149,82775.04,0
2014-07-28,3.3193,3.3193,3.3193,3.3193,35775000,0.00%,13870649,30769660149,118747.96,0
2014-07-29,3.3193,3.3226,3.3226,3.3193,26937500,0.10%,93119258,30875846258,89502.54,106186109
2014-07-30,3.3226,3.3226,3.3226,3.3226,27650000,0.00%,65469258,30875846258,91869.89,0
2014-07-31,3.3226,3.3226,3.3226,3.3226,25162500,0.00%,40306758,30875846258,83604.92,0
2014-08-01,3.3226,3.3226,3.3226,3.3226,22750000,0.00%,17556758,30875846258,75589.15,0
2014-08-04,3.3226,3.3226,3.3226,3.3226,16612500,0.00%,944258,30875846258,55196.69,0
2014-08-05,3.3226,3.326,3.326,3.3226,24637500,0.10%,82361510,30981901010,81944.32,106054751
2014-08-06,3.326,3.326,3.326,3.326,24462500,0.00%,57899010,30981901010,81362.28,0
2014-08-07,3.326,3.326,3.326,3.326,36925000,0.00%,20974010,30981901010,122812.55,0
2014-08-08,3.326,3.3293,3.3293,3.326,24887500,0.10%,101701084,31087515584,82857.95,105614574
2014-08-11,3.3293,3.3293,3.3293,3.3293,21912500,0.00%,79788584,31087515584,72953.29,0
2014-08-12,3.3293,3.3293,3.3293,3.3293,18637500,0.00%,61151084,31087515584,62049.83,0
2014-08-13,3.3293,3.3293,3.3293,3.3293,28437500,0.00%,32713584,31087515584,94676.97,0
2014-08-14,3.3293,3.3326,3.3326,3.3293,54350000,0.10%,84514599,31193666599,181126.81,106151015
2014-08-15,3.3326,3.3326,3.3326,3.3326,25562500,0.00%,58952099,31193666599,85189.59,0
2014-08-18,3.3326,3.3326,3.3326,3.3326,27550000,0.00%,31402099,31193666599,91813.13,0
2014-08-19,3.3326,3.3326,3.3326,3.3326,21287500,0.00%,10114599,31193666599,70942.72,0
2014-08-20,3.3326,3.3359,3.3359,3.3326,21512500,0.10%,94950691,31300015191,71763.55,106348591
2014-08-21,3.3359,3.3359,3.3359,3.3359,21650000,0.00%,73300691,31300015191,72222.24,0
2014-08-22,3.3359,3.3359,3.3359,3.3359,15675000,0.00%,57625691,31300015191,52290.23,0
2014-08-25,3.3359,3.3359,3.3359,3.3359,12350000,0.00%,45275691,31300015191,41198.36,0
2014-08-26,3.3359,3.3359,3.3359,3.3359,15437500,0.00%,29838191,31300015191,51497.96,0
2014-08-27,3.3359,3.3359,3.3359,3.3359,17300000,0.00%,12538191,31300015191,57711.07,0
2014-08-28,3.3359,3.3393,3.3393,3.3359,23175000,0.10%,95714601,31406366601,77388.28,106351409
2014-08-29,3.3393,3.3393,3.3393,3.3393,20425000,0.00%,75289601,31406366601,68205.2,0
2014-09-01,3.3393,3.3393,3.3393,3.3393,12162500,0.00%,63127101,31406366601,40614.24,0
2014-09-02,3.3393,3.3393,3.3393,3.3393,16087500,0.00%,47039601,31406366601,53720.99,0
2014-09-03,3.3393,3.3393,3.3393,3.3393,29750000,0.00%,17289601,31406366601,99344.18,0
2014-09-04,3.3393,3.3393,3.3393,3.3393,15562500,0.00%,1727101,31406366601,51967.86,0
2014-09-05,3.3393,3.3426,3.3426,3.3393,12700000,0.10%,94845676,31512185176,42451.02,105818575
2014-09-08,3.3426,3.3426,3.3426,3.3426,25187500,0.00%,69658176,31512185176,84191.74,0
2014-09-10,3.3426,3.3426,3.3426,3.3426,37875000,0.00%,31783176,31512185176,126600.98,0
2014-09-11,3.3426,3.3426,3.3426,3.3426,30962500,0.00%,820676,31512185176,103495.25,0
2014-09-12,3.3426,3.346,3.346,3.3426,23237500,0.10%,83060248,31617662248,77752.68,105477072
2014-09-15,3.346,3.346,3.346,3.346,18100000,0.00%,64960248,31617662248,60562.6,0
2014-09-16,3.346,3.346,3.346,3.346,20175000,0.00%,44785248,31617662248,67505.55,0
2014-09-17,3.346,3.346,3.346,3.346,25400000,0.00%,19385248,31617662248,84988.4,0
2014-09-18,3.346,3.3493,3.3493,3.346,21825000,0.10%,102854462,31722956462,73098.47,105294214
2014-09-19,3.3493,3.3493,3.3493,3.3493,49925000,0.00%,52929462,31722956462,167213.8,0
2014-09-22,3.3493,3.3493,3.3493,3.3493,33925000,0.00%,19004462,31722956462,113625.0,0
2014-09-23,3.3493,3.3527,3.3527,3.3493,33200000,0.10%,92012615,31829164615,111309.64,106208152
2014-09-24,3.3527,3.3527,3.3527,3.3527,22512500,0.00%,69500115,31829164615,75477.66,0
2014-09-25,3.3527,3.3527,3.3527,3.3527,26700000,0.00%,42800115,31829164615,89517.09,0
2014-09-26,3.3527,3.3527,3.3527,3.3527,35125000,0.00%,7675115,31829164615,117763.59,0
2014-09-29,3.3527,3.356,3.356,3.3527,40800000,0.10%,73973577,31936263077,136924.8,107098462
2014-09-30,3.356,3.356,3.356,3.356,31350000,0.00%,42623577,31936263077,105210.6,0
2014-10-03,3.356,3.356,3.356,3.356,36050000,0.00%,6573577,31936263077,120983.8,0
2014-10-06,3.356,3.3594,3.3594,3.356,27212500,0.10%,86606530,32043508530,91417.67,107245452
2014-10-07,3.3594,3.3594,3.3594,3.3594,21050000,0.00%,65556530,32043508530,70715.37,0
2014-10-08,3.3594,3.3594,3.3594,3.3594,13237500,0.00%,52319030,32043508530,44470.06,0
2014-10-09,3.3594,3.3594,3.3594,3.3594,18225000,0.00%,34094030,32043508530,61225.07,0
2014-10-10,3.3594,3.3594,3.3594,3.3594,17000000,0.00%,17094030,32043508530,57109.8,0
2014-10-13,3.3594,3.3627,3.3627,3.3594,20025000,0.10%,104308036,32150747536,67338.07,107239006
2014-10-14,3.3627,3.3627,3.3627,3.3627,23175000,0.00%,81133036,32150747536,77930.57,0
2014-10-15,3.3627,3.3627,3.3627,3.3627,18650000,0.00%,62483036,32150747536,62714.36,0
2014-10-16,3.3627,3.3627,3.3627,3.3627,23075000,0.00%,39408036,32150747536,77594.3,0
2014-10-17,3.3627,3.3627,3.3627,3.3627,18837500,0.00%,20570536,32150747536,63344.86,0
2014-10-20,3.3627,3.3627,3.3627,3.3627,14450000,0.00%,6120536,32150747536,48591.01,0
2014-10-21,3.3627,3.3661,3.3661,3.3627,15025000,0.10%,97496830,32257148830,50575.65,106401293
2014-10-22,3.3661,3.3661,3.3661,3.3661,21900000,0.00%,75596830,32257148830,73717.59,0
2014-10-23,3.3661,3.3661,3.3661,3.3661,16300000,0.00%,59296830,32257148830,54867.43,0
2014-10-24,3.3661,3.3661,3.3661,3.3661,13675000,0.00%,45621830,32257148830,46031.42,0
2014-10-27,3.3661,3.3661,3.3661,3.3661,15912500,0.00%,29709330,32257148830,53563.07,0
2014-10-28,3.3661,3.3661,3.3661,3.3661,15300000,0.00%,14409330,32257148830,51501.33,0
2014-10-29,3.3661,3.3695,3.3695,3.3661,23787500,0.10%,96855914,32363382914,80151.98,106234083
2014-10-30,3.3695,3.3695,3.3695,3.3695,18887500,0.00%,77968414,32363382914,63641.43,0
2014-10-31,3.3695,3.3695,3.3695,3.3695,23037500,0.00%,54930914,32363382914,77624.86,0
2014-11-03,3.3695,3.3695,3.3695,3.3695,16837500,0.00%,38093414,32363382914,56733.96,0
2014-11-04,3.3695,3.3695,3.3695,3.3695,16525000,0.00%,21568414,32363382914,55680.99,0
2014-11-05,3.3695,3.3695,3.3695,3.3695,15037500,0.00%,6530914,32363382914,50668.86,0
2014-11-06,3.3695,3.3728,3.3728,3.3695,12587500,0.10%,99448214,32468887714,42455.12,105504799
2014-11-07,3.3728,3.3728,3.3728,3.3728,19325000,0.00%,80123214,32468887714,65179.36,0
2014-11-10,3.3728,3.3728,3.3728,3.3728,26612500,0.00%,53510714,32468887714,89758.64,0
2014-11-11,3.3728,3.3728,3.3728,3.3728,25750000,0.00%,27760714,32468887714,86849.6,0
2014-11-12,3.3728,3.3728,3.3728,3.3728,27450000,0.00%,310714,32468887714,92583.36,0
2014-11-13,3.3728,3.3762,3.3762,3.3728,66200000,0.10%,40629239,32575406239,223504.44,106518524
2014-11-14,3.3762,3.3762,3.3762,3.3762,38725000,0.00%,1904239,32575406239,130743.35,0
2014-11-17,3.3762,3.3796,3.3796,3.3762,42450000,0.10%,66772437,32682724437,143464.02,107318198
2014-11-18,3.3796,3.3796,3.3796,3.3796,29662500,0.00%,37109937,32682724437,100247.39,0
2014-11-19,3.3796,3.3796,3.3796,3.3796,27537500,0.00%,9572437,32682724437,93065.74,0
2014-11-20,3.3796,3.383,3.383,3.3796,19587500,0.10%,97673537,32790413037,66264.51,107688599
2014-11-21,3.383,3.383,3.383,3.383,22387500,0.00%,75286037,32790413037,75736.91,0
2014-11-24,3.383,3.383,3.383,3.383,31712500,0.00%,43573537,32790413037,107283.39,0
2014-11-25,3.383,3.383,3.383,3.383,29150000,0.00%,14423537,32790413037,98614.45,0
2014-11-26,3.383,3.3863,3.3863,3.383,23325000,0.10%,99194854,32898509354,78985.45,108096317
2014-11-27,3.3863,3.3863,3.3863,3.3863,14212500,0.00%,84982354,32898509354,48127.79,0
2014-11-28,3.3863,3.3863,3.3863,3.3863,16287500,0.00%,68694854,32898509354,55154.36,0
2014-12-01,3.3863,3.3863,3.3863,3.3863,35100000,0.00%,33594854,32898509354,118859.13,0
2014-12-02,3.3863,3.3897,3.3897,3.3863,37125000,0.10%,104904457,33006943957,125842.61,108434602
2014-12-03,3.3897,3.3897,3.3897,3.3897,38550000,0.00%,66354457,33006943957,130672.93,0
2014-12-04,3.3897,3.3897,3.3897,3.3897,34525000,0.00%,31829457,33006943957,117029.39,0
2014-12-05,3.3897,3.3931,3.3931,3.3897,36075000,0.10%,104603442,33115792942,122406.08,108848985
2014-12-08,3.3931,3.3931,3.3931,3.3931,28375000,0.00%,76228442,33115792942,96279.21,0
2014-12-09,3.3931,3.3931,3.3931,3.3931,32687500,0.00%,43540942,33115792942,110911.96,0
2014-12-10,3.3931,3.3931,3.3931,3.3931,34037500,0.00%,9503442,33115792942,115492.64,0
2014-12-11,3.3931,3.3965,3.3965,3.3931,23937500,0.10%,94803180,33225030180,81303.72,109237238
2014-12-12,3.3965,3.3965,3.3965,3.3965,24375000,0.00%,70428180,33225030180,82789.69,0
2014-12-15,3.3965,3.3965,3.3965,3.3965,20962500,0.00%,49465680,33225030180,71199.13,0
2014-12-16,3.3965,3.3999,3.3999,3.3965,51600000,0.10%,107764120,33334928620,175434.84,109898439
2014-12-17,3.3999,3.3999,3.3999,3.3999,55275000,0.00%,52489120,33334928620,187929.47,0
2014-12-18,3.3999,3.4033,3.4033,3.3999,60800000,0.10%,102757952,33445997452,206920.64,111068831
2014-12-19,3.4033,3.4033,3.4033,3.4033,55050000,0.00%,47707952,33445997452,187351.67,0
2014-12-22,3.4033,3.4033,3.4033,3.4033,34750000,0.00%,12957952,33445997452,118264.68,0
2014-12-23,3.4033,3.4067,3.4067,3.4033,25862500,0.10%,99171679,33558073679,88105.78,112076227
2014-12-24,3.4067,3.4067,3.4067,3.4067,8112500,0.00%,91059179,33558073679,27636.85,0
2014-12-29,3.4067,3.4067,3.4067,3.4067,13750000,0.00%,77309179,33558073679,46842.12,0
2014-12-30,3.4067,3.4067,3.4067,3.4067,15937500,0.00%,61371679,33558073679,54294.28,0
2014-12-31,3.4067,3.4067,3.4067,3.4067,11762500,0.00%,49609179,33558073679,40071.31,0
2015-01-02,3.4067,3.4067,3.4067,3.4067,14118000,0.00%,35491179,33558073679,48095.79,0
2015-01-05,3.4067,3.4067,3.4067,3.4067,28353000,0.00%,7138179,33558073679,96590.17,0
2015-01-06,3.4067,3.4101,3.4101,3.4067,56784000,0.10%,62770966,33670490466,193639.12,112416787
2015-01-07,3.4101,3.4101,3.4101,3.4101,53118000,0.00%,9652966,33670490466,181137.69,0
2015-01-08,3.4101,3.4135,3.4135,3.4101,46332000,0.10%,76468441,33783637941,158154.28,113147474
2015-01-09,3.4135,3.4135,3.4135,3.4135,41392000,0.00%,35076441,33783637941,141291.59,0
2015-01-12,3.4135,3.4135,3.4135,3.4135,23244000,0.00%,11832441,33783637941,79343.39,0
2015-01-13,3.4135,3.4169,3.4169,3.4135,21892000,0.10%,103621148,33897318648,74802.77,113680707
2015-01-14,3.4169,3.4169,3.4169,3.4169,21892000,0.00%,81729148,33897318648,74802.77,0
2015-01-15,3.4169,3.4169,3.4169,3.4169,20800000,0.00%,60929148,33897318648,71071.52,0
2015-01-16,3.4169,3.4169,3.4169,3.4169,32799000,0.00%,28130148,33897318648,112070.9,0
2015-01-17,3.4169,3.4169,3.4169,3.4169,0,0.00%,28130148,33897318648,0.0,0
2015-01-19,3.4169,3.4169,3.4169,3.4169,28080000,0.00%,50148,33897318648,95946.55,0
2015-01-20,3.4169,3.4204,3.4204,3.4169,13247000,0.10%,100440045,34010955545,45310.04,113636896
2015-01-21,3.4204,3.4204,3.4204,3.4204,43927000,0.00%,56513045,34010955545,150247.91,0
2015-01-22,3.4204,3.4204,3.4204,3.4204,50778000,0.00%,5735045,34010955545,173681.07,0
2015-01-23,3.4204,3.4238,3.4238,3.4204,38961000,0.10%,81495209,34125676709,133394.67,114721164
2015-01-26,3.4238,3.4238,3.4238,3.4238,45435000,0.00%,36060209,34125676709,155560.35,0
2015-01-27,3.4238,3.4238,3.4238,3.4238,31798000,0.00%,4262209,34125676709,108869.99,0
2015-01-28,3.4238,3.4272,3.4272,3.4238,21086000,0.10%,98314932,34240815432,72265.94,115138722
2015-01-29,3.4272,3.4272,3.4272,3.4272,19032000,0.00%,79282932,34240815432,65226.47,0
2015-01-30,3.4272,3.4272,3.4272,3.4272,38194000,0.00%,41088932,34240815432,130898.48,0
2015-02-02,3.4272,3.4272,3.4272,3.4272,22945000,0.00%,18143932,34240815432,78637.1,0
2015-02-03,3.4272,3.4306,3.4306,3.4272,18694000,0.10%,113817173,34355182673,64131.64,114367240
2015-02-04,3.4306,3.4306,3.4306,3.4306,12350000,0.00%,101467173,34355182673,42367.91,0
2015-02-05,3.4306,3.4306,3.4306,3.4306,23413000,0.00%,78054173,34355182673,80320.64,0
2015-02-06,3.4306,3.4306,3.4306,3.4306,14183000,0.00%,63871173,34355182673,48656.2,0
2015-02-09,3.4306,3.4306,3.4306,3.4306,16172000,0.00%,47699173,34355182673,55479.66,0
2015-02-10,3.4306,3.4306,3.4306,3.4306,18200000,0.00%,29499173,34355182673,62436.92,0
2015-02-11,3.4306,3.4306,3.4306,3.4306,15769000,0.00%,13730173,34355182673,54097.13,0
2015-02-12,3.4306,3.4341,3.4341,3.4306,31239000,0.10%,96464783,34469156283,107277.85,113973610
2015-02-13,3.4341,3.4341,3.4341,3.4341,20111000,0.00%,76353783,34469156283,69063.19,0
2015-02-16,3.4341,3.4341,3.4341,3.4341,13221000,0.00%,63132783,34469156283,45402.24,0
2015-02-17,3.4341,3.4341,3.4341,3.4341,10894000,0.00%,52238783,34469156283,37411.09,0
2015-02-18,3.4341,3.4341,3.4341,3.4341,9477000,0.00%,42761783,34469156283,32544.97,0
2015-02-23,3.4341,3.4341,3.4341,3.4341,31499000,0.00%,11262783,34469156283,108170.72,0
2015-02-24,3.4341,3.4375,3.4375,3.4341,22386000,0.10%,102821521,34583101021,76951.88,113944738
2015-02-25,3.4375,3.4375,3.4375,3.4375,24622000,0.00%,78199521,34583101021,84638.12,0
2015-02-26,3.4375,3.4375,3.4375,3.4375,28158000,0.00%,50041521,34583101021,96793.12,0
2015-02-27,3.4375,3.4375,3.4375,3.4375,23348000,0.00%,26693521,34583101021,80258.75,0
2015-03-02,3.4375,3.4375,3.4375,3.4375,16497000,0.00%,10196521,34583101021,56708.44,0
2015-03-03,3.4375,3.4409,3.4409,3.4375,22906000,0.10%,101343819,34697154319,78817.26,114053297
2015-03-04,3.4409,3.4409,3.4409,3.4409,16094000,0.00%,85249819,34697154319,55377.84,0
2015-03-05,3.4409,3.4409,3.4409,3.4409,16016000,0.00%,69233819,34697154319,55109.45,0
2015-03-06,3.4409,3.4409,3.4409,3.4409,18031000,0.00%,51202819,34697154319,62042.87,0
2015-03-09,3.4409,3.4409,3.4409,3.4409,17108000,0.00%,34094819,34697154319,58866.92,0
2015-03-10,3.4409,3.4409,3.4409,3.4409,16926000,0.00%,17168819,34697154319,58240.67,0
2015-03-11,3.4409,3.4444,3.4444,3.4409,18421000,0.10%,112769686,34811176186,63449.29,114021867
2015-03-12,3.4444,3.4444,3.4444,3.4444,22204000,0.00%,90565686,34811176186,76479.46,0
2015-03-13,3.4444,3.4444,3.4444,3.4444,20085000,0.00%,70480686,34811176186,69180.77,0
2015-03-16,3.4444,3.4444,3.4444,3.4444,29523000,0.00%,40957686,34811176186,101689.02,0
2015-03-17,3.4444,3.4444,3.4444,3.4444,24934000,0.00%,16023686,34811176186,85882.67,0
2015-03-18,3.4444,3.4478,3.4478,3.4444,29809000,0.10%,100839935,34925801435,102775.47,114625248
2015-03-19,3.4478,3.4478,3.4478,3.4478,83317000,0.00%,17522935,34925801435,287260.35,0
2015-03-20,3.4478,3.4513,3.4513,3.4478,92651000,0.10%,41354104,35042283604,319766.4,116482169
2015-03-23,3.4513,3.4513,3.4513,3.4513,40001000,0.00%,1353104,35042283604,138055.45,0
2015-03-24,3.4513,3.4547,3.4547,3.4513,21684000,0.10%,96534730,35159149230,74911.71,116865626
2015-03-25,3.4547,3.4547,3.4547,3.4547,27066000,0.00%,69468730,35159149230,93504.91,0
2015-03-26,3.4547,3.4547,3.4547,3.4547,24180000,0.00%,45288730,35159149230,83534.65,0
2015-03-27,3.4547,3.4547,3.4547,3.4547,20566000,0.00%,24722730,35159149230,71049.36,0
2015-03-30,3.4547,3.4582,3.4582,3.4547,30576000,0.10%,111314573,35276317073,105737.92,117167842
2015-03-31,3.4582,3.4582,3.4582,3.4582,31317000,0.00%,79997573,35276317073,108300.45,0
2015-04-01,3.4582,3.4582,3.4582,3.4582,22321000,0.00%,57676573,35276317073,77190.48,0
2015-04-02,3.4582,3.4582,3.4582,3.4582,19084000,0.00%,38592573,35276317073,65996.29,0
2015-04-08,3.4582,3.4616,3.4616,3.4582,47671000,0.10%,108298476,35393693976,165017.93,117376903
2015-04-09,3.4616,3.4616,3.4616,3.4616,86905000,0.00%,21393476,35393693976,300830.35,0
2015-04-10,3.4616,3.4651,3.4651,3.4616,48230000,0.10%,91727873,35512258373,167121.77,118564397
2015-04-13,3.4651,3.4651,3.4651,3.4651,56836000,0.00%,34891873,35512258373,196942.42,0
2015-04-14,3.4651,3.4685,3.4685,3.4651,76687000,0.10%,77848334,35631901834,265988.86,119643460
2015-04-15,3.4685,3.4685,3.4685,3.4685,60216000,0.00%,17632334,35631901834,208859.2,0
2015-04-16,3.4685,3.472,3.472,3.4685,42276000,0.10%,95097939,35751643439,146782.27,119741605
2015-04-17,3.472,3.472,3.472,3.472,28301000,0.00%,66796939,35751643439,98261.07,0
2015-04-20,3.472,3.472,3.472,3.472,36985000,0.00%,29811939,35751643439,128411.92,0
2015-04-21,3.472,3.4755,3.4755,3.472,30238000,0.10%,118379424,35870448924,105092.17,118805485
2015-04-22,3.4755,3.4755,3.4755,3.4755,32864000,0.00%,85515424,35870448924,114218.83,0
2015-04-23,3.4755,3.4755,3.4755,3.4755,29614000,0.00%,55901424,35870448924,102923.46,0
2015-04-24,3.4755,3.4755,3.4755,3.4755,24882000,0.00%,31019424,35870448924,86477.39,0
2015-04-27,3.4755,3.4755,3.4755,3.4755,25948000,0.00%,5071424,35870448924,90182.27,0
2015-04-28,3.4755,3.479,3.479,3.4755,26312000,0.10%,96654576,35988344076,91539.45,117895151
2015-04-29,3.479,3.479,3.479,3.479,26936000,0.00%,69718576,35988344076,93710.34,0
2015-04-30,3.479,3.479,3.479,3.479,27859000,0.00%,41859576,35988344076,96921.46,0
2015-05-04,3.479,3.479,3.479,3.479,28990000,0.00%,12869576,35988344076,100856.21,0
2015-05-05,3.479,3.4824,3.4824,3.479,25402000,0.10%,105227824,36106104324,88459.92,117760247
2015-05-06,3.4824,3.4824,3.4824,3.4824,25389000,0.00%,79838824,36106104324,88414.65,0
2015-05-07,3.4824,3.4824,3.4824,3.4824,25805000,0.00%,54033824,36106104324,89863.33,0
2015-05-08,3.4824,3.4824,3.4824,3.4824,23543000,0.00%,30490824,36106104324,81986.14,0
2015-05-11,3.4824,3.4824,3.4824,3.4824,27040000,0.00%,3450824,36106104324,94164.1,0
2015-05-12,3.4824,3.4859,3.4859,3.4824,28444000,0.10%,92075823,36223173323,99152.94,117068999
2015-05-13,3.4859,3.4859,3.4859,3.4859,25376000,0.00%,66699823,36223173323,88458.2,0
2015-05-14,3.4859,3.4859,3.4859,3.4859,33657000,0.00%,33042823,36223173323,117324.94,0
2015-05-15,3.4859,3.4859,3.4859,3.4859,28132000,0.00%,4910823,36223173323,98065.34,0
2015-05-18,3.4859,3.4894,3.4894,3.4859,18213000,0.10%,103484650,36339960150,63552.44,116786827
2015-05-19,3.4894,3.4894,3.4894,3.4894,16354000,0.00%,87130650,36339960150,57065.65,0
2015-05-20,3.4894,3.4894,3.4894,3.4894,21398000,0.00%,65732650,36339960150,74666.18,0
2015-05-21,3.4894,3.4894,3.4894,3.4894,23439000,0.00%,42293650,36339960150,81788.05,0
2015-05-22,3.4894,3.4894,3.4894,3.4894,18174000,0.00%,24119650,36339960150,63416.36,0
2015-05-26,3.4894,3.4929,3.4929,3.4894,27183000,0.10%,113111213,36456134713,94947.5,116174562
2015-05-27,3.4929,3.4929,3.4929,3.4929,21294000,0.00%,91817213,36456134713,74377.81,0
2015-05-28,3.4929,3.4929,3.4929,3.4929,31577000,0.00%,60240213,36456134713,110295.3,0
2015-05-29,3.4929,3.4929,3.4929,3.4929,32695000,0.00%,27545213,36456134713,114200.37,0
2015-06-01,3.4929,3.4929,3.4929,3.4929,19318000,0.00%,8227213,36456134713,67475.84,0
2015-06-02,3.4929,3.4964,3.4964,3.4929,19188000,0.10%,104517302,36571612802,67088.92,115478088
2015-06-03,3.4964,3.4964,3.4964,3.4964,18135000,0.00%,86382302,36571612802,63407.21,0
2015-06-04,3.4964,3.4964,3.4964,3.4964,27677000,0.00%,58705302,36571612802,96769.86,0
2015-06-05,3.4964,3.4964,3.4964,3.4964,19591000,0.00%,39114302,36571612802,68497.97,0
2015-06-08,3.4964,3.4964,3.4964,3.4964,21970000,0.00%,17144302,36571612802,76815.91,0
2015-06-09,3.4964,3.4999,3.4999,3.4964,18538000,0.10%,111674393,36684680893,64881.15,113068090
2015-06-10,3.4999,3.4999,3.4999,3.4999,17524000,0.00%,94150393,36684680893,61332.25,0
2015-06-11,3.4999,3.4999,3.4999,3.4999,17446000,0.00%,76704393,36684680893,61059.26,0
2015-06-12,3.4999,3.4999,3.4999,3.4999,16068000,0.00%,60636393,36684680893,56236.39,0
2015-06-15,3.4999,3.4999,3.4999,3.4999,16120000,0.00%,44516393,36684680893,56418.39,0
2015-06-16,3.4999,3.4999,3.4999,3.4999,12532000,0.00%,31984393,36684680893,43860.75,0
2015-06-17,3.4999,3.4999,3.4999,3.4999,17173000,0.00%,14811393,36684680893,60103.78,0
2015-06-18,3.4999,3.4999,3.4999,3.4999,11518000,0.00%,3293393,36684680893,40311.85,0
2015-06-19,3.4999,3.5034,3.5034,3.4999,17784000,0.10%,95292699,36794464199,62304.47,109783306
2015-06-22,3.5034,3.5034,3.5034,3.5034,18629000,0.00%,76663699,36794464199,65264.84,0
2015-06-23,3.5034,3.5034,3.5034,3.5034,18109000,0.00%,58554699,36794464199,63443.07,0
2015-06-24,3.5034,3.5034,3.5034,3.5034,28366000,0.00%,30188699,36794464199,99377.44,0
2015-06-25,3.5034,3.5034,3.5034,3.5034,17927000,0.00%,12261699,36794464199,62805.45,0
2015-06-26,3.5034,3.5069,3.5069,3.5034,25207000,0.10%,95294142,36902703642,88398.43,108239442
2015-06-29,3.5069,3.5069,3.5069,3.5069,36790000,0.00%,58504142,36902703642,129018.85,0
2015-06-30,3.5069,3.5069,3.5069,3.5069,25818000,0.00%,32686142,36902703642,90541.14,0
2015-07-02,3.5069,3.5069,3.5069,3.5069,29432000,0.00%,3254142,36902703642,103215.08,0
2015-07-03,3.5069,3.5104,3.5104,3.5069,17121000,0.10%,93045615,37009616115,60101.56,106912473
2015-07-06,3.5104,3.5104,3.5104,3.5104,61828000,0.00%,31217615,37009616115,217041.01,0
2015-07-07,3.5104,3.5139,3.5139,3.5104,35126000,0.10%,103940345,37117464845,123429.25,107848729
2015-07-08,3.5139,3.5139,3.5139,3.5139,94783000,0.00%,9157345,37117464845,333057.98,0
2015-07-09,3.5139,3.5174,3.5174,3.5139,59072000,0.10%,59686515,37227066015,207779.85,109601170
2015-07-10,3.5174,3.5174,3.5174,3.5174,46891000,0.00%,12795515,37227066015,164934.4,0
2015-07-13,3.5174,3.5209,3.5209,3.5174,24518000,0.10%,98442969,37337231469,86325.43,110165454
2015-07-14,3.5209,3.5209,3.5209,3.5209,23478000,0.00%,74964969,37337231469,82663.69,0
2015-07-15,3.5209,3.5209,3.5209,3.5209,20241000,0.00%,54723969,37337231469,71266.54,0
2015-07-16,3.5209,3.5209,3.5209,3.5209,16965000,0.00%,37758969,37337231469,59732.07,0
2015-07-17,3.5209,3.5209,3.5209,3.5209,18148000,0.00%,19610969,37337231469,63897.29,0
2015-07-20,3.5209,3.5245,3.5245,3.5209,20956000,0.10%,107810234,37446386734,73859.42,109155264
2015-07-21,3.5245,3.5245,3.5245,3.5245,14092000,0.00%,93718234,37446386734,49667.25,0
2015-07-22,3.5245,3.5245,3.5245,3.5245,13377000,0.00%,80341234,37446386734,47147.24,0
2015-07-23,3.5245,3.5245,3.5245,3.5245,14807000,0.00%,65534234,37446386734,52187.27,0
2015-07-24,3.5245,3.5245,3.5245,3.5245,14794000,0.00%,50740234,37446386734,52141.45,0
2015-07-27,3.5245,3.5245,3.5245,3.5245,27638000,0.00%,23102234,37446386734,97410.13,0
2015-07-28,3.5245,3.528,3.528,3.5245,32695000,0.10%,98418536,37554398036,115347.96,108011302
2015-07-29,3.528,3.528,3.528,3.528,29497000,0.00%,68921536,37554398036,104065.42,0
2015-07-30,3.528,3.528,3.528,3.528,20332000,0.00%,48589536,37554398036,71731.3,0
2015-07-31,3.528,3.528,3.528,3.528,18733000,0.00%,29856536,37554398036,66090.02,0
2015-08-03,3.528,3.528,3.528,3.528,15002000,0.00%,14854536,37554398036,52927.06,0
2015-08-04,3.528,3.5315,3.5315,3.528,21359000,0.10%,100909791,37661812291,75429.31,107414255
2015-08-05,3.5315,3.5315,3.5315,3.5315,15288000,0.00%,85621791,37661812291,53989.57,0
2015-08-06,3.5315,3.5315,3.5315,3.5315,18447000,0.00%,67174791,37661812291,65145.58,0
2015-08-07,3.5315,3.5315,3.5315,3.5315,14027000,0.00%,53147791,37661812291,49536.35,0
2015-08-10,3.5315,3.5315,3.5315,3.5315,14651000,0.00%,38496791,37661812291,51740.01,0
2015-08-11,3.5315,3.5315,3.5315,3.5315,19968000,0.00%,18528791,37661812291,70516.99,0
2015-08-12,3.5315,3.535,3.535,3.5315,51506000,0.10%,74694614,37769484114,182073.71,107671823
2015-08-13,3.535,3.535,3.535,3.535,54249000,0.00%,20445614,37769484114,191770.21,0
2015-08-14,3.535,3.5386,3.5386,3.535,21112000,0.10%,107731957,37877882457,74706.92,108398342
2015-08-17,3.5386,3.5386,3.5386,3.5386,22373000,0.00%,85358957,37877882457,79169.1,0
2015-08-18,3.5386,3.5386,3.5386,3.5386,16588000,0.00%,68770957,37877882457,58698.3,0
2015-08-19,3.5386,3.5386,3.5386,3.5386,21710000,0.00%,47060957,37877882457,76823.01,0
2015-08-20,3.5386,3.5386,3.5386,3.5386,33696000,0.00%,13364957,37877882457,119236.67,0
2015-08-21,3.5386,3.5421,3.5421,3.5386,48841000,0.10%,73801860,37987160360,172999.71,109277903
2015-08-24,3.5421,3.5421,3.5421,3.5421,61958000,0.00%,11843860,37987160360,219461.43,0
2015-08-25,3.5421,3.5457,3.5457,3.5421,66183000,0.10%,56140447,38097639947,234665.06,110479586
2015-08-26,3.5457,3.5457,3.5457,3.5457,41418000,0.00%,14722447,38097639947,146855.8,0
2015-08-27,3.5457,3.5492,3.5492,3.5457,55783000,0.10%,70397369,38209097869,197985.02,111457921
2015-08-28,3.5492,3.5492,3.5492,3.5492,44512000,0.00%,25885369,38209097869,157981.99,0
2015-08-31,3.5492,3.5492,3.5492,3.5492,25597000,0.00%,288369,38209097869,90848.87,0
2015-09-01,3.5492,3.5528,3.5528,3.5492,26546000,0.10%,86133929,38321489429,94312.63,112391560
2015-09-02,3.5528,3.5528,3.5528,3.5528,33956000,0.00%,52177929,38321489429,120638.88,0
2015-09-04,3.5528,3.5528,3.5528,3.5528,23751000,0.00%,28426929,38321489429,84382.55,0
2015-09-07,3.5528,3.5528,3.5528,3.5528,27170000,0.00%,1256929,38321489429,96529.58,0
2015-09-08,3.5528,3.5563,3.5563,3.5528,30745000,0.10%,83725547,38434703047,109338.44,113213618
2015-09-09,3.5563,3.5563,3.5563,3.5563,35828000,0.00%,47897547,38434703047,127415.12,0
2015-09-10,3.5563,3.5563,3.5563,3.5563,24882000,0.00%,23015547,38434703047,88487.86,0
2015-09-11,3.5563,3.5599,3.5599,3.5563,30706000,0.10%,106092076,38548485576,109310.29,113782528
2015-09-14,3.5599,3.5599,3.5599,3.5599,17056000,0.00%,89036076,38548485576,60717.65,0
2015-09-15,3.5599,3.5599,3.5599,3.5599,25818000,0.00%,63218076,38548485576,91909.5,0
2015-09-16,3.5599,3.5599,3.5599,3.5599,32071000,0.00%,31147076,38548485576,114169.55,0
2015-09-17,3.5599,3.5634,3.5634,3.5599,31343000,0.10%,113700259,38662381759,111687.65,113896183
2015-09-18,3.5634,3.5634,3.5634,3.5634,31590000,0.00%,82110259,38662381759,112567.81,0
2015-09-21,3.5634,3.5634,3.5634,3.5634,21554000,0.00%,60556259,38662381759,76805.52,0
2015-09-22,3.5634,3.5634,3.5634,3.5634,25337000,0.00%,35219259,38662381759,90285.87,0
2015-09-23,3.5634,3.5634,3.5634,3.5634,23712000,0.00%,11507259,38662381759,84495.34,0
2015-09-24,3.5634,3.567,3.567,3.5634,20826000,0.10%,105026322,38776726822,74286.34,114345063
2015-09-25,3.567,3.567,3.567,3.567,23114000,0.00%,81912322,38776726822,82447.64,0
2015-09-29,3.567,3.567,3.567,3.567,32565000,0.00%,49347322,38776726822,116159.35,0
2015-09-30,3.567,3.567,3.567,3.567,30901000,0.00%,18446322,38776726822,110223.87,0
2015-10-02,3.567,3.5706,3.5706,3.567,37050000,0.10%,96894753,38892225253,132290.73,115498431
2015-10-05,3.5706,3.5706,3.5706,3.5706,32162000,0.00%,64732753,38892225253,114837.64,0
2015-10-06,3.5706,3.5706,3.5706,3.5706,24765000,0.00%,39967753,38892225253,88425.91,0
2015-10-07,3.5706,3.5706,3.5706,3.5706,27846000,0.00%,12121753,38892225253,99426.93,0
2015-10-08,3.5706,3.5741,3.5741,3.5706,22100000,0.10%,106285546,39008489046,78987.61,116263792
2015-10-09,3.5741,3.5741,3.5741,3.5741,20449000,0.00%,85836546,39008489046,73086.77,0
2015-10-12,3.5741,3.5741,3.5741,3.5741,17966000,0.00%,67870546,39008489046,64212.28,0
2015-10-13,3.5741,3.5741,3.5741,3.5741,13494000,0.00%,54376546,39008489046,48228.91,0
2015-10-14,3.5741,3.5741,3.5741,3.5741,14625000,0.00%,39751546,39008489046,52271.21,0
2015-10-15,3.5741,3.5741,3.5741,3.5741,19890000,0.00%,19861546,39008489046,71088.85,0
2015-10-16,3.5741,3.5777,3.5777,3.5741,20930000,0.10%,114768129,39124325629,74881.26,115836582
2015-10-19,3.5777,3.5777,3.5777,3.5777,13611000,0.00%,101157129,39124325629,48696.07,0
2015-10-20,3.5777,3.5777,3.5777,3.5777,11609000,0.00%,89548129,39124325629,41533.52,0
2015-10-22,3.5777,3.5777,3.5777,3.5777,16224000,0.00%,73324129,39124325629,58044.6,0
2015-10-23,3.5777,3.5777,3.5777,3.5777,24804000,0.00%,48520129,39124325629,88741.27,0
2015-10-26,3.5777,3.5777,3.5777,3.5777,19149000,0.00%,29371129,39124325629,68509.38,0
2015-10-27,3.5777,3.5777,3.5777,3.5777,17966000,0.00%,11405129,39124325629,64276.96,0
2015-10-28,3.5777,3.5813,3.5813,3.5777,13689000,0.10%,113101150,39239710650,49024.42,115385020
2015-10-29,3.5813,3.5813,3.5813,3.5813,14339000,0.00%,98762150,39239710650,51352.26,0
2015-10-30,3.5813,3.5813,3.5813,3.5813,17160000,0.00%,81602150,39239710650,61455.11,0
2015-11-02,3.5813,3.5813,3.5813,3.5813,14066000,0.00%,67536150,39239710650,50374.57,0
2015-11-03,3.5813,3.5813,3.5813,3.5813,29224000,0.00%,38312150,39239710650,104659.91,0
2015-11-04,3.5813,3.5813,3.5813,3.5813,35945000,0.00%,2367150,39239710650,128729.83,0
2015-11-05,3.5813,3.5849,3.5849,3.5813,20449000,0.10%,97003333,39354795833,73307.62,115085183
2015-11-06,3.5849,3.5849,3.5849,3.5849,14573000,0.00%,82430333,39354795833,52242.75,0
2015-11-09,3.5849,3.5849,3.5849,3.5849,18187000,0.00%,64243333,39354795833,65198.58,0
2015-11-10,3.5849,3.5849,3.5849,3.5849,18122000,0.00%,46121333,39354795833,64965.56,0
2015-11-11,3.5849,3.5849,3.5849,3.5849,33228000,0.00%,12893333,39354795833,119119.06,0
2015-11-12,3.5849,3.5884,3.5884,3.5849,30017000,0.10%,98670721,39470590221,107713.0,115794388
2015-11-13,3.5884,3.5884,3.5884,3.5884,16887000,0.00%,81783721,39470590221,60597.31,0
2015-11-16,3.5884,3.5884,3.5884,3.5884,18343000,0.00%,63440721,39470590221,65822.02,0
2015-11-17,3.5884,3.5884,3.5884,3.5884,20215000,0.00%,43225721,39470590221,72539.51,0
2015-11-18,3.5884,3.5884,3.5884,3.5884,12454000,0.00%,30771721,39470590221,44689.93,0
2015-11-19,3.5884,3.5884,3.5884,3.5884,17303000,0.00%,13468721,39470590221,62090.09,0
2015-11-20,3.5884,3.592,3.592,3.5884,14495000,0.10%,114821985,39586438485,52066.04,115848263
2015-11-23,3.592,3.592,3.592,3.592,17433000,0.00%,97388985,39586438485,62619.34,0
2015-11-24,3.592,3.592,3.592,3.592,12883000,0.00%,84505985,39586438485,46275.74,0
2015-11-25,3.592,3.592,3.592,3.592,17004000,0.00%,67501985,39586438485,61078.37,0
2015-11-26,3.592,3.592,3.592,3.592,18252000,0.00%,49249985,39586438485,65561.18,0
2015-11-27,3.592,3.592,3.592,3.592,21333000,0.00%,27916985,39586438485,76628.14,0
2015-11-30,3.592,3.5956,3.5956,3.592,42471000,0.10%,101392799,39702385299,152708.73,115946814
2015-12-01,3.5956,3.5956,3.5956,3.5956,33774000,0.00%,67618799,39702385299,121437.79,0
2015-12-02,3.5956,3.5956,3.5956,3.5956,26923000,0.00%,40695799,39702385299,96804.34,0
2015-12-03,3.5956,3.5956,3.5956,3.5956,36530000,0.00%,4165799,39702385299,131347.27,0
2015-12-04,3.5956,3.5992,3.5992,3.5956,64870000,0.10%,56645096,39819734596,233480.1,117349297
2015-12-07,3.5992,3.5992,3.5992,3.5992,27651000,0.00%,28994096,39819734596,99521.48,0
2015-12-08,3.5992,3.5992,3.5992,3.5992,23127000,0.00%,5867096,39819734596,83238.7,0
2015-12-09,3.5992,3.6028,3.6028,3.5992,24479000,0.10%,98463971,39936810471,88192.94,117075875
2015-12-10,3.6028,3.6028,3.6028,3.6028,17485000,0.00%,80978971,39936810471,62994.96,0
2015-12-11,3.6028,3.6028,3.6028,3.6028,25584000,0.00%,55394971,39936810471,92174.04,0
2015-12-14,3.6028,3.6028,3.6028,3.6028,21853000,0.00%,33541971,39936810471,78731.99,0
2015-12-15,3.6028,3.6028,3.6028,3.6028,20956000,0.00%,12585971,39936810471,75500.28,0
2015-12-16,3.6028,3.6064,3.6064,3.6028,18746000,0.10%,110504893,40053475393,67605.57,116664921
2015-12-17,3.6064,3.6064,3.6064,3.6064,20787000,0.00%,89717893,40053475393,74966.24,0
2015-12-18,3.6064,3.6064,3.6064,3.6064,23764000,0.00%,65953893,40053475393,85702.49,0
2015-12-21,3.6064,3.6064,3.6064,3.6064,11674000,0.00%,54279893,40053475393,42101.11,0
2015-12-22,3.6064,3.6064,3.6064,3.6064,9022000,0.00%,45257893,40053475393,32536.94,0
2015-12-23,3.6064,3.6064,3.6064,3.6064,9646000,0.00%,35611893,40053475393,34787.33,0
2015-12-24,3.6064,3.6064,3.6064,3.6064,6214000,0.00%,29397893,40053475393,22410.17,0
2015-12-28,3.6064,3.6064,3.6064,3.6064,8723000,0.00%,20674893,40053475393,31458.63,0
2015-12-29,3.6064,3.6064,3.6064,3.6064,9581000,0.00%,11093893,40053475393,34552.92,0
2015-12-30,3.6064,3.6064,3.6064,3.6064,9269000,0.00%,1824893,40053475393,33427.72,0
2015-12-31,3.6064,3.61,3.61,3.6064,8905000,0.10%,108496078,40169051578,32147.05,115576184
2016-01-04,3.61,3.61,3.61,3.61,21667500,0.00%,86828578,40169051578,78219.68,0
2016-01-05,3.61,3.61,3.61,3.61,21829500,0.00%,64999078,40169051578,78804.5,0
2016-01-06,3.61,3.61,3.61,3.61,21073500,0.00%,43925578,40169051578,76075.34,0
2016-01-07,3.61,3.61,3.61,3.61,31941000,0.00%,11984578,40169051578,115307.01,0
2016-01-08,3.61,3.6136,3.6136,3.61,25056000,0.10%,103346309,40285469309,90542.36,116417730
2016-01-11,3.6136,3.6136,3.6136,3.6136,30186000,0.00%,73160309,40285469309,109080.13,0
2016-01-12,3.6136,3.6136,3.6136,3.6136,29808000,0.00%,43352309,40285469309,107714.19,0
2016-01-13,3.6136,3.6136,3.6136,3.6136,32211000,0.00%,11141309,40285469309,116397.67,0
2016-01-14,3.6136,3.6173,3.6173,3.6136,35788500,0.10%,92953616,40403070116,129457.74,117600807
2016-01-15,3.6173,3.6173,3.6173,3.6173,32359500,0.00%,60594116,40403070116,117054.02,0
2016-01-18,3.6173,3.6173,3.6173,3.6173,29592000,0.00%,31002116,40403070116,107043.14,0
2016-01-19,3.6173,3.6173,3.6173,3.6173,30510000,0.00%,492116,40403070116,110363.82,0
2016-01-20,3.6173,3.6209,3.6209,3.6173,35694000,0.10%,83482985,40521754985,129244.4,118684869
2016-01-21,3.6209,3.6209,3.6209,3.6209,41229000,0.00%,42253985,40521754985,149286.09,0
2016-01-22,3.6209,3.6209,3.6209,3.6209,33142500,0.00%,9111485,40521754985,120005.68,0
2016-01-25,3.6209,3.6245,3.6245,3.6209,42052500,0.10%,87059630,40641755630,152419.29,120000645
2016-01-26,3.6245,3.6245,3.6245,3.6245,34209000,0.00%,52850630,40641755630,123990.52,0
2016-01-27,3.6245,3.6245,3.6245,3.6245,36990000,0.00%,15860630,40641755630,134070.26,0
2016-01-28,3.6245,3.6281,3.6281,3.6245,32508000,0.10%,104005974,40762408974,117942.27,120653343
2016-01-29,3.6281,3.6281,3.6281,3.6281,38245500,0.00%,65760474,40762408974,138758.5,0
2016-02-01,3.6281,3.6281,3.6281,3.6281,27621000,0.00%,38139474,40762408974,100211.75,0
2016-02-02,3.6281,3.6281,3.6281,3.6281,23233500,0.00%,14905974,40762408974,84293.46,0
2016-02-03,3.6281,3.6317,3.6317,3.6281,30145500,0.10%,104887221,40882535721,109479.41,120126746
2016-02-04,3.6317,3.6317,3.6317,3.6317,22018500,0.00%,82868721,40882535721,79964.59,0
2016-02-05,3.6317,3.6317,3.6317,3.6317,17172000,0.00%,65696721,40882535721,62363.55,0
2016-02-11,3.6317,3.6317,3.6317,3.6317,48870000,0.00%,16826721,40882535721,177481.18,0
2016-02-12,3.6317,3.6354,3.6354,3.6317,33588000,0.10%,103975620,41003272620,122105.82,120736898
2016-02-15,3.6354,3.6354,3.6354,3.6354,29295000,0.00%,74680620,41003272620,106499.04,0
2016-02-16,3.6354,3.6354,3.6354,3.6354,20965500,0.00%,53715120,41003272620,76217.98,0
2016-02-17,3.6354,3.6354,3.6354,3.6354,23301000,0.00%,30414120,41003272620,84708.46,0
2016-02-18,3.6354,3.6354,3.6354,3.6354,27594000,0.00%,2820120,41003272620,100315.23,0
2016-02-19,3.6354,3.639,3.639,3.6354,16753500,0.10%,107113141,41124319141,60965.99,121046521
2016-02-22,3.639,3.639,3.639,3.639,13405500,0.00%,93707641,41124319141,48782.61,0
2016-02-23,3.639,3.639,3.639,3.639,15552000,0.00%,78155641,41124319141,56593.73,0
2016-02-24,3.639,3.639,3.639,3.639,20425500,0.00%,57730141,41124319141,74328.39,0
2016-02-25,3.639,3.639,3.639,3.639,14728500,0.00%,43001641,41124319141,53597.01,0
2016-02-26,3.639,3.639,3.639,3.639,23436000,0.00%,19565641,41124319141,85283.6,0
2016-02-29,3.639,3.639,3.639,3.639,19278000,0.00%,287641,41124319141,70152.64,0
2016-03-01,3.639,3.6427,3.6427,3.639,20925000,0.10%,99071698,41244028198,76223.5,119709056
2016-03-02,3.6427,3.6427,3.6427,3.6427,33061500,0.00%,66010198,41244028198,120433.13,0
2016-03-03,3.6427,3.6427,3.6427,3.6427,21546000,0.00%,44464198,41244028198,78485.61,0
2016-03-04,3.6427,3.6427,3.6427,3.6427,26608500,0.00%,17855698,41244028198,96926.78,0
2016-03-07,3.6427,3.6463,3.6463,3.6427,18562500,0.10%,119025285,41363760285,67684.44,119732086
2016-03-08,3.6463,3.6463,3.6463,3.6463,15444000,0.00%,103581285,41363760285,56313.46,0
2016-03-09,3.6463,3.6463,3.6463,3.6463,18994500,0.00%,84586785,41363760285,69259.65,0
2016-03-10,3.6463,3.6463,3.6463,3.6463,13635000,0.00%,70951785,41363760285,49717.3,0
2016-03-11,3.6463,3.6463,3.6463,3.6463,23625000,0.00%,47326785,41363760285,86143.84,0
2016-03-14,3.6463,3.6463,3.6463,3.6463,40068000,0.00%,7258785,41363760285,146099.95,0
2016-03-15,3.6463,3.6499,3.6499,3.6463,21883500,0.10%,103889994,41482274994,79872.59,118514708
2016-03-16,3.6499,3.6499,3.6499,3.6499,18792000,0.00%,85097994,41482274994,68588.92,0
2016-03-17,3.6499,3.6499,3.6499,3.6499,18427500,0.00%,66670494,41482274994,67258.53,0
2016-03-18,3.6499,3.6536,3.6536,3.6499,70213500,0.10%,116287216,41602105216,256532.04,119830222
2016-03-21,3.6536,3.6536,3.6536,3.6536,25137000,0.00%,91150216,41602105216,91840.54,0
2016-03-22,3.6536,3.6536,3.6536,3.6536,26932500,0.00%,64217716,41602105216,98400.58,0
2016-03-23,3.6536,3.6536,3.6536,3.6536,20844000,0.00%,43373716,41602105216,76155.64,0
2016-03-24,3.6536,3.6536,3.6536,3.6536,24894000,0.00%,18479716,41602105216,90952.72,0
2016-03-29,3.6536,3.6572,3.6572,3.6536,22707000,0.10%,114793149,41721125649,83044.04,119020432
2016-03-30,3.6572,3.6572,3.6572,3.6572,28120500,0.00%,86672649,41721125649,102842.29,0
2016-03-31,3.6572,3.6572,3.6572,3.6572,23652000,0.00%,63020649,41721125649,86500.09,0
2016-04-01,3.6572,3.6572,3.6572,3.6572,21654000,0.00%,41366649,41721125649,79193.01,0
2016-04-05,3.6572,3.6572,3.6572,3.6572,19575000,0.00%,21791649,41721125649,71589.69,0
2016-04-06,3.6572,3.6609,3.6609,3.6572,23976000,0.10%,117005963,41840315963,87773.74,119190314
2016-04-07,3.6609,3.6609,3.6609,3.6609,29389500,0.00%,87616463,41840315963,107592.02,0
2016-04-08,3.6609,3.6609,3.6609,3.6609,20466000,0.00%,67150463,41840315963,74923.98,0
2016-04-11,3.6609,3.6609,3.6609,3.6609,12690000,0.00%,54460463,41840315963,46456.82,0
2016-04-12,3.6609,3.6609,3.6609,3.6609,16618500,0.00%,37841963,41840315963,60838.67,0
2016-04-13,3.6609,3.6646,3.6646,3.6609,43929000,0.10%,113529327,41959932327,160982.21,119616363
2016-04-14,3.6646,3.6646,3.6646,3.6646,34155000,0.00%,79374327,41959932327,125164.41,0
2016-04-15,3.6646,3.6646,3.6646,3.6646,15403500,0.00%,63970827,41959932327,56447.67,0
2016-04-18,3.6646,3.6646,3.6646,3.6646,12312000,0.00%,51658827,41959932327,45118.56,0
2016-04-19,3.6646,3.6646,3.6646,3.6646,18414000,0.00%,33244827,41959932327,67479.94,0
2016-04-20,3.6646,3.6646,3.6646,3.6646,20898000,0.00%,12346827,41959932327,76582.81,0
2016-04-21,3.6646,3.6682,3.6682,3.6646,17712000,0.10%,113294332,42078591832,64971.16,118659505
2016-04-22,3.6682,3.6682,3.6682,3.6682,11907000,0.00%,101387332,42078591832,43677.26,0
2016-04-25,3.6682,3.6682,3.6682,3.6682,14485500,0.00%,86901832,42078591832,53135.71,0
2016-04-26,3.6682,3.6682,3.6682,3.6682,11677500,0.00%,75224332,42078591832,42835.41,0
2016-04-27,3.6682,3.6682,3.6682,3.6682,15592500,0.00%,59631832,42078591832,57196.41,0
2016-04-28,3.6682,3.6682,3.6682,3.6682,25191000,0.00%,34440832,42078591832,92405.63,0
2016-04-29,3.6682,3.6682,3.6682,3.6682,14715000,0.00%,19725832,42078591832,53977.56,0
2016-05-03,3.6682,3.6719,3.6719,3.6682,20709000,0.10%,117568461,42197143461,76041.38,118551628
2016-05-04,3.6719,3.6719,3.6719,3.6719,22113000,0.00%,95455461,42197143461,81196.72,0
2016-05-05,3.6719,3.6719,3.6719,3.6719,18427500,0.00%,77027961,42197143461,67663.94,0
2016-05-06,3.6719,3.6719,3.6719,3.6719,21438000,0.00%,55589961,42197143461,78718.19,0
2016-05-09,3.6719,3.6719,3.6719,3.6719,12717000,0.00%,42872961,42197143461,46695.55,0
2016-05-10,3.6719,3.6719,3.6719,3.6719,15997500,0.00%,26875461,42197143461,58741.22,0
2016-05-11,3.6719,3.6719,3.6719,3.6719,15646500,0.00%,11228961,42197143461,57452.38,0
2016-05-12,3.6719,3.6756,3.6756,3.6719,17928000,0.10%,112299492,42316141992,65896.16,118998531
2016-05-13,3.6756,3.6756,3.6756,3.6756,24421500,0.00%,87877992,42316141992,89763.67,0
2016-05-16,3.6756,3.6756,3.6756,3.6756,29133000,0.00%,58744992,42316141992,107081.25,0
2016-05-17,3.6756,3.6756,3.6756,3.6756,30550500,0.00%,28194492,42316141992,112291.42,0
2016-05-18,3.6756,3.6756,3.6756,3.6756,27891000,0.00%,303492,42316141992,102516.16,0
2016-05-19,3.6756,3.6792,3.6792,3.6756,47628000,0.10%,72482511,42435949011,175232.94,119807018
2016-05-20,3.6792,3.6792,3.6792,3.6792,25906500,0.00%,46576011,42435949011,95315.19,0
2016-05-23,3.6792,3.6792,3.6792,3.6792,16497000,0.00%,30079011,42435949011,60695.76,0
2016-05-24,3.6792,3.6792,3.6792,3.6792,16645500,0.00%,13433511,42435949011,61242.12,0
2016-05-25,3.6792,3.6829,3.6829,3.6792,29133000,0.10%,104717984,42556366484,107293.93,120417473
2016-05-26,3.6829,3.6829,3.6829,3.6829,19521000,0.00%,85196984,42556366484,71893.89,0
2016-05-27,3.6829,3.6829,3.6829,3.6829,55714500,0.00%,29482484,42556366484,205190.93,0
2016-05-30,3.6829,3.6829,3.6829,3.6829,29362500,0.00%,119984,42556366484,108139.15,0
2016-05-31,3.6829,3.6866,3.6866,3.6829,75910500,0.10%,46640302,42678797302,279851.65,122430818
2016-06-01,3.6866,3.6866,3.6866,3.6866,23422500,0.00%,23217802,42678797302,86349.39,0
2016-06-02,3.6866,3.6903,3.6903,3.6866,28971000,0.10%,117169558,42801720058,106911.68,122922755
2016-06-03,3.6903,3.6903,3.6903,3.6903,37044000,0.00%,80125558,42801720058,136703.47,0
2016-06-06,3.6903,3.6903,3.6903,3.6903,23112000,0.00%,57013558,42801720058,85290.21,0
2016-06-07,3.6903,3.6903,3.6903,3.6903,23287500,0.00%,33726058,42801720058,85937.86,0
2016-06-08,3.6903,3.6903,3.6903,3.6903,25474500,0.00%,8251558,42801720058,94008.55,0
2016-06-10,3.6903,3.694,3.694,3.6903,27540000,0.10%,102098024,42923106524,101732.76,121386465
2016-06-13,3.694,3.694,3.694,3.694,28579500,0.00%,73518524,42923106524,105572.67,0
2016-06-14,3.694,3.694,3.694,3.694,23935500,0.00%,49583024,42923106524,88417.74,0
2016-06-15,3.694,3.694,3.694,3.694,25434000,0.00%,24149024,42923106524,93953.2,0
2016-06-16,3.694,3.694,3.694,3.694,20371500,0.00%,3777524,42923106524,75252.32,0
2016-06-17,3.694,3.6977,3.6977,3.694,24138000,0.10%,101215162,43044682162,89255.08,121575638
2016-06-20,3.6977,3.6977,3.6977,3.6977,12730500,0.00%,88484662,43044682162,47073.57,0
2016-06-21,3.6977,3.6977,3.6977,3.6977,13608000,0.00%,74876662,43044682162,50318.3,0
2016-06-22,3.6977,3.6977,3.6977,3.6977,26500500,0.00%,48376162,43044682162,97990.9,0
2016-06-23,3.6977,3.6977,3.6977,3.6977,16524000,0.00%,31852162,43044682162,61100.79,0
2016-06-24,3.6977,3.7014,3.7014,3.6977,41296500,0.10%,111875324,43166001824,152854.87,121319661
2016-06-27,3.7014,3.7014,3.7014,3.7014,21141000,0.00%,90734324,43166001824,78251.3,0
2016-06-28,3.7014,3.7014,3.7014,3.7014,24232500,0.00%,66501824,43166001824,89694.18,0
2016-06-29,3.7014,3.7014,3.7014,3.7014,18292500,0.00%,48209324,43166001824,67707.86,0
2016-06-30,3.7014,3.7014,3.7014,3.7014,22842000,0.00%,25367324,43166001824,84547.38,0
2016-07-04,3.7014,3.7014,3.7014,3.7014,21910500,0.00%,3456824,43166001824,81099.52,0
2016-07-05,3.7014,3.7051,3.7051,3.7014,12906000,0.10%,108417493,43283868493,47818.02,117866669
2016-07-06,3.7051,3.7051,3.7051,3.7051,15741000,0.00%,92676493,43283868493,58321.98,0
2016-07-07,3.7051,3.7051,3.7051,3.7051,10827000,0.00%,81849493,43283868493,40115.12,0
2016-07-08,3.7051,3.7051,3.7051,3.7051,18657000,0.00%,63192493,43283868493,69126.05,0
2016-07-11,3.7051,3.7051,3.7051,3.7051,17347500,0.00%,45844993,43283868493,64274.22,0
2016-07-12,3.7051,3.7051,3.7051,3.7051,18684000,0.00%,27160993,43283868493,69226.09,0
2016-07-13,3.7051,3.7051,3.7051,3.7051,15133500,0.00%,12027493,43283868493,56071.13,0
2016-07-14,3.7051,3.7088,3.7088,3.7051,17104500,0.10%,111727941,43400673441,63437.17,116804947
2016-07-15,3.7088,3.7088,3.7088,3.7088,20911500,0.00%,90816441,43400673441,77556.57,0
2016-07-18,3.7088,3.7088,3.7088,3.7088,13540500,0.00%,77275941,43400673441,50219.01,0
2016-07-19,3.7088,3.7088,3.7088,3.7088,15903000,0.00%,61372941,43400673441,58981.05,0
2016-07-20,3.7088,3.7088,3.7088,3.7088,17995500,0.00%,43377441,43400673441,66741.71,0
2016-07-21,3.7088,3.7088,3.7088,3.7088,19980000,0.00%,23397441,43400673441,74101.82,0
2016-07-22,3.7088,3.7088,3.7088,3.7088,10530000,0.00%,12867441,43400673441,39053.66,0
2016-07-25,3.7088,3.7088,3.7088,3.7088,10503000,0.00%,2364441,43400673441,38953.53,0
2016-07-26,3.7088,3.7125,3.7125,3.7088,19872000,0.10%,98463082,43516644082,73774.8,115970640
2016-07-27,3.7125,3.7125,3.7125,3.7125,16321500,0.00%,82141582,43516644082,60593.57,0
2016-07-28,3.7125,3.7125,3.7125,3.7125,15727500,0.00%,66414082,43516644082,58388.34,0
2016-07-29,3.7125,3.7125,3.7125,3.7125,18022500,0.00%,48391582,43516644082,66908.53,0
2016-08-01,3.7125,3.7125,3.7125,3.7125,27985500,0.00%,20406082,43516644082,103896.17,0
2016-08-03,3.7125,3.7162,3.7162,3.7125,24853500,0.10%,111331152,43632422652,92360.58,115778570
2016-08-04,3.7162,3.7162,3.7162,3.7162,13014000,0.00%,98317152,43632422652,48362.63,0
2016-08-05,3.7162,3.7162,3.7162,3.7162,13540500,0.00%,84776652,43632422652,50319.21,0
2016-08-08,3.7162,3.7162,3.7162,3.7162,16078500,0.00%,68698152,43632422652,59750.92,0
2016-08-09,3.7162,3.7162,3.7162,3.7162,10975500,0.00%,57722652,43632422652,40787.15,0
2016-08-10,3.7162,3.7162,3.7162,3.7162,10125000,0.00%,47597652,43632422652,37626.53,0
2016-08-11,3.7162,3.7162,3.7162,3.7162,15376500,0.00%,32221152,43632422652,57142.15,0
2016-08-12,3.7162,3.7162,3.7162,3.7162,24502500,0.00%,7718652,43632422652,91056.19,0
2016-08-15,3.7162,3.7199,3.7199,3.7162,17806500,0.10%,105244806,43747755306,66238.4,115332653
2016-08-16,3.7199,3.7199,3.7199,3.7199,33169500,0.00%,72075306,43747755306,123387.22,0
2016-08-17,3.7199,3.7199,3.7199,3.7199,24934500,0.00%,47140806,43747755306,92753.85,0
2016-08-18,3.7199,3.7236,3.7236,3.7199,55768500,0.10%,107800375,43864183375,207659.59,116428068
2016-08-19,3.7236,3.7236,3.7236,3.7236,16969500,0.00%,90830875,43864183375,63187.63,0
2016-08-22,3.7236,3.7236,3.7236,3.7236,15457500,0.00%,75373375,43864183375,57557.55,0
2016-08-23,3.7236,3.7236,3.7236,3.7236,12042000,0.00%,63331375,43864183375,44839.59,0
2016-08-24,3.7236,3.7236,3.7236,3.7236,18387000,0.00%,44944375,43864183375,68465.83,0
2016-08-25,3.7236,3.7236,3.7236,3.7236,14836500,0.00%,30107875,43864183375,55245.19,0
2016-08-26,3.7236,3.7236,3.7236,3.7236,10921500,0.00%,19186375,43864183375,40667.3,0
2016-08-29,3.7236,3.7236,3.7236,3.7236,13284000,0.00%,5902375,43864183375,49464.3,0
2016-08-30,3.7236,3.7274,3.7274,3.7236,15862500,0.10%,106279925,43980423425,59125.88,116240049
2016-08-31,3.7274,3.7274,3.7274,3.7274,20682000,0.00%,85597925,43980423425,77090.09,0
2016-09-01,3.7274,3.7274,3.7274,3.7274,18373500,0.00%,67224425,43980423425,68485.38,0
2016-09-02,3.7274,3.7274,3.7274,3.7274,22180500,0.00%,45043925,43980423425,82675.6,0
2016-09-05,3.7274,3.7274,3.7274,3.7274,25515000,0.00%,19528925,43980423425,95104.61,0
2016-09-06,3.7274,3.7311,3.7311,3.7274,25731000,0.10%,111051491,44097676991,96004.93,117253566
2016-09-07,3.7311,3.7311,3.7311,3.7311,23773500,0.00%,87277991,44097676991,88701.31,0
2016-09-08,3.7311,3.7311,3.7311,3.7311,20911500,0.00%,66366491,44097676991,78022.9,0
2016-09-09,3.7311,3.7311,3.7311,3.7311,27378000,0.00%,38988491,44097676991,102150.06,0
2016-09-12,3.7311,3.7311,3.7311,3.7311,26892000,0.00%,12096491,44097676991,100336.74,0
2016-09-13,3.7311,3.7348,3.7348,3.7311,20074500,0.10%,109866565,44215521565,74974.24,117844574
2016-09-14,3.7348,3.7348,3.7348,3.7348,10395000,0.00%,99471565,44215521565,38823.25,0
2016-09-15,3.7348,3.7348,3.7348,3.7348,24381000,0.00%,75090565,44215521565,91058.16,0
2016-09-19,3.7348,3.7348,3.7348,3.7348,24826500,0.00%,50264065,44215521565,92722.01,0
2016-09-20,3.7348,3.7348,3.7348,3.7348,16389000,0.00%,33875065,44215521565,61209.64,0
2016-09-21,3.7348,3.7348,3.7348,3.7348,15538500,0.00%,18336565,44215521565,58033.19,0
2016-09-22,3.7348,3.7386,3.7386,3.7348,24084000,0.10%,111086057,44332355057,90040.44,116833492
2016-09-23,3.7386,3.7386,3.7386,3.7386,33723000,0.00%,77363057,44332355057,126076.81,0
2016-09-26,3.7386,3.7386,3.7386,3.7386,25083000,0.00%,52280057,44332355057,93775.3,0
2016-09-27,3.7386,3.7386,3.7386,3.7386,19899000,0.00%,32381057,44332355057,74394.4,0
2016-09-28,3.7386,3.7386,3.7386,3.7386,11029500,0.00%,21351557,44332355057,41234.89,0
2016-09-29,3.7386,3.7386,3.7386,3.7386,15012000,0.00%,6339557,44332355057,56123.86,0
2016-09-30,3.7386,3.7423,3.7423,3.7386,20061000,0.10%,101255762,44447332262,75074.28,114977204
2016-10-03,3.7423,3.7423,3.7423,3.7423,13527000,0.00%,87728762,44447332262,50622.09,0
2016-10-04,3.7423,3.7423,3.7423,3.7423,10435500,0.00%,77293262,44447332262,39052.77,0
2016-10-05,3.7423,3.7423,3.7423,3.7423,8991000,0.00%,68302262,44447332262,33647.02,0
2016-10-06,3.7423,3.7423,3.7423,3.7423,14391000,0.00%,53911262,44447332262,53855.44,0
2016-10-07,3.7423,3.7423,3.7423,3.7423,12015000,0.00%,41896262,44447332262,44963.73,0
2016-10-11,3.7423,3.7423,3.7423,3.7423,17158500,0.00%,24737762,44447332262,64212.25,0
2016-10-12,3.7423,3.7423,3.7423,3.7423,22504500,0.00%,2233262,44447332262,84218.59,0
2016-10-13,3.7423,3.746,3.746,3.7423,22801500,0.10%,94554226,44562454726,85414.42,115122464
2016-10-14,3.746,3.746,3.746,3.746,18940500,0.00%,75613726,44562454726,70951.11,0
2016-10-17,3.746,3.746,3.746,3.746,13189500,0.00%,62424226,44562454726,49407.87,0
2016-10-18,3.746,3.746,3.746,3.746,16551000,0.00%,45873226,44562454726,62000.05,0
2016-10-19,3.746,3.746,3.746,3.746,10233000,0.00%,35640226,44562454726,38332.82,0
2016-10-20,3.746,3.746,3.746,3.746,11110500,0.00%,24529726,44562454726,41619.93,0
2016-10-24,3.746,3.746,3.746,3.746,21019500,0.00%,3510226,44562454726,78739.05,0
2016-10-25,3.746,3.7498,3.7498,3.746,11299500,0.10%,106972829,44677216829,42370.87,114762102
2016-10-26,3.7498,3.7498,3.7498,3.7498,11853000,0.00%,95119829,44677216829,44446.38,0
2016-10-27,3.7498,3.7498,3.7498,3.7498,14431500,0.00%,80688329,44677216829,54115.24,0
2016-10-28,3.7498,3.7498,3.7498,3.7498,24138000,0.00%,56550329,44677216829,90512.67,0
2016-10-31,3.7498,3.7498,3.7498,3.7498,16321500,0.00%,40228829,44677216829,61202.36,0
2016-11-01,3.7498,3.7498,3.7498,3.7498,20290500,0.00%,19938329,44677216829,76085.32,0
2016-11-02,3.7498,3.7498,3.7498,3.7498,18724500,0.00%,1213829,44677216829,70213.13,0
2016-11-03,3.7498,3.7535,3.7535,3.7498,23571000,0.10%,91820366,44791394366,88473.75,114177537
2016-11-04,3.7535,3.7535,3.7535,3.7535,22977000,0.00%,68843366,44791394366,86244.17,0
2016-11-07,3.7535,3.7535,3.7535,3.7535,21721500,0.00%,47121866,44791394366,81531.65,0
2016-11-08,3.7535,3.7535,3.7535,3.7535,16686000,0.00%,30435866,44791394366,62630.9,0
2016-11-09,3.7535,3.7573,3.7573,3.7535,45427500,0.10%,99845205,44906231205,170684.75,114836838
2016-11-10,3.7573,3.7573,3.7573,3.7573,25623000,0.00%,74222205,44906231205,96273.3,0
2016-11-11,3.7573,3.7573,3.7573,3.7573,61222500,0.00%,12999705,44906231205,230031.3,0
2016-11-14,3.7573,3.761,3.761,3.7573,67945500,0.10%,59987398,45021164398,255543.03,114933193
2016-11-15,3.761,3.761,3.761,3.761,41431500,0.00%,18555898,45021164398,155823.87,0
2016-11-16,3.761,3.7648,3.7648,3.761,36450000,0.10%,97181628,45136240128,137226.96,115075729
2016-11-17,3.7648,3.7648,3.7648,3.7648,36814500,0.00%,60367128,45136240128,138599.23,0
2016-11-18,3.7648,3.7648,3.7648,3.7648,23071500,0.00%,37295628,45136240128,86859.58,0
2016-11-21,3.7648,3.7648,3.7648,3.7648,20452500,0.00%,16843128,45136240128,76999.57,0
2016-11-22,3.7648,3.7686,3.7686,3.7648,17563500,0.10%,114278887,45251239387,66189.81,114999259
2016-11-23,3.7686,3.7686,3.7686,3.7686,21100500,0.00%,93178387,45251239387,79519.34,0
2016-11-24,3.7686,3.7686,3.7686,3.7686,20871000,0.00%,72307387,45251239387,78654.45,0
2016-11-25,3.7686,3.7686,3.7686,3.7686,10557000,0.00%,61750387,45251239387,39785.11,0
2016-11-28,3.7686,3.7686,3.7686,3.7686,22342500,0.00%,39407887,45251239387,84199.95,0
2016-11-29,3.7686,3.7686,3.7686,3.7686,26649000,0.00%,12758887,45251239387,100429.42,0
2016-11-30,3.7686,3.7723,3.7723,3.7686,24151500,0.10%,103289608,45365921608,91106.7,114682220
2016-12-01,3.7723,3.7723,3.7723,3.7723,20884500,0.00%,82405108,45365921608,78782.6,0
2016-12-02,3.7723,3.7723,3.7723,3.7723,42727500,0.00%,39677608,45365921608,161180.95,0
2016-12-05,3.7723,3.7723,3.7723,3.7723,20088000,0.00%,19589608,45365921608,75777.96,0
2016-12-06,3.7723,3.7723,3.7723,3.7723,14620500,0.00%,4969108,45365921608,55152.91,0
2016-12-07,3.7723,3.7761,3.7761,3.7723,13446000,0.10%,106239490,45480637990,50773.44,114716381
2016-12-08,3.7761,3.7761,3.7761,3.7761,21303000,0.00%,84936490,45480637990,80442.26,0
2016-12-09,3.7761,3.7761,3.7761,3.7761,31036500,0.00%,53899990,45480637990,117196.93,0
2016-12-12,3.7761,3.7761,3.7761,3.7761,29646000,0.00%,24253990,45480637990,111946.26,0
2016-12-13,3.7761,3.7761,3.7761,3.7761,22126500,0.00%,2127490,45480637990,83551.88,0
2016-12-14,3.7761,3.7799,3.7799,3.7761,25015500,0.10%,92534104,45596060104,94556.09,115422114
2016-12-15,3.7799,3.7799,3.7799,3.7799,32143500,0.00%,60390604,45596060104,121499.22,0
2016-12-16,3.7799,3.7799,3.7799,3.7799,29403000,0.00%,30987604,45596060104,111140.4,0
2016-12-19,3.7799,3.7799,3.7799,3.7799,14755500,0.00%,16232104,45596060104,55774.31,0
2016-12-20,3.7799,3.7837,3.7837,3.7799,17334000,0.10%,114134024,45711296024,65586.66,115235919
2016-12-21,3.7837,3.7837,3.7837,3.7837,15282000,0.00%,98852024,45711296024,57822.5,0
2016-12-22,3.7837,3.7837,3.7837,3.7837,20290500,0.00%,78561524,45711296024,76773.16,0
2016-12-23,3.7837,3.7837,3.7837,3.7837,22086000,0.00%,56475524,45711296024,83566.8,0
2016-12-28,3.7837,3.7837,3.7837,3.7837,24597000,0.00%,31878524,45711296024,93067.67,0
2016-12-29,3.7837,3.7837,3.7837,3.7837,29862000,0.00%,2016524,45711296024,112988.85,0
2016-12-30,3.7837,3.7874,3.7874,3.7837,18333000,0.10%,99447472,45827059972,69434.4,115763947
2017-01-03,3.7874,3.7874,3.7874,3.7874,13496000,0.00%,85951472,45827059972,51114.75,0
2017-01-04,3.7874,3.7874,3.7874,3.7874,15973999,0.00%,69977472,45827059972,60499.93,0
2017-01-05,3.7874,3.7874,3.7874,3.7874,28756000,0.00%,41221472,45827059972,108910.47,0
2017-01-06,3.7874,3.7874,3.7874,3.7874,28112000,0.00%,13109472,45827059972,106471.39,0
2017-01-09,3.7874,3.7912,3.7912,3.7874,19054000,0.10%,110694578,45943699078,72237.52,116639106
2017-01-10,3.7912,3.7912,3.7912,3.7912,21882000,0.00%,88812578,45943699078,82959.04,0
2017-01-11,3.7912,3.7912,3.7912,3.7912,28980000,0.00%,59832578,45943699078,109868.98,0
2017-01-12,3.7912,3.7912,3.7912,3.7912,22904000,0.00%,36928578,45943699078,86833.64,0
2017-01-13,3.7912,3.7912,3.7912,3.7912,14224000,0.00%,22704578,45943699078,53926.03,0
2017-01-16,3.7912,3.7912,3.7912,3.7912,16239999,0.00%,6464578,45943699078,61569.09,0
2017-01-17,3.7912,3.795,3.795,3.7912,12390000,0.10%,111345683,46060970183,47020.05,117271105
2017-01-18,3.795,3.795,3.795,3.795,15343999,0.00%,96001683,46060970183,58230.48,0
2017-01-19,3.795,3.795,3.795,3.795,13524000,0.00%,82477683,46060970183,51323.58,0
2017-01-20,3.795,3.795,3.795,3.795,10766000,0.00%,71711683,46060970183,40856.97,0
2017-01-23,3.795,3.795,3.795,3.795,9884000,0.00%,61827683,46060970183,37509.78,0
2017-01-24,3.795,3.795,3.795,3.795,12362000,0.00%,49465683,46060970183,46913.79,0
2017-01-25,3.795,3.795,3.795,3.795,23828000,0.00%,25637683,46060970183,90427.26,0
2017-01-26,3.795,3.7988,3.7988,3.795,29455999,0.10%,113325849,46178114349,111897.45,117144165
2017-01-27,3.7988,3.7988,3.7988,3.7988,12208000,0.00%,101117849,46178114349,46375.75,0
2017-02-01,3.7988,3.7988,3.7988,3.7988,27286000,0.00%,73831849,46178114349,103654.06,0
2017-02-02,3.7988,3.7988,3.7988,3.7988,19950000,0.00%,53881849,46178114349,75786.06,0
2017-02-03,3.7988,3.7988,3.7988,3.7988,17542000,0.00%,36339849,46178114349,66638.55,0
2017-02-06,3.7988,3.7988,3.7988,3.7988,12936000,0.00%,23403849,46178114349,49141.28,0
2017-02-07,3.7988,3.7988,3.7988,3.7988,16155999,0.00%,7247849,46178114349,61373.41,0
2017-02-08,3.7988,3.8026,3.8026,3.7988,22372000,0.10%,102124103,46295362603,85071.77,117248253
2017-02-09,3.8026,3.8026,3.8026,3.8026,18158000,0.00%,83966103,46295362603,69047.61,0
2017-02-10,3.8026,3.8026,3.8026,3.8026,18676000,0.00%,65290103,46295362603,71017.36,0
2017-02-13,3.8026,3.8026,3.8026,3.8026,16057999,0.00%,49232103,46295362603,61062.15,0
2017-02-14,3.8026,3.8026,3.8026,3.8026,16435999,0.00%,32796103,46295362603,62499.53,0
2017-02-15,3.8026,3.8026,3.8026,3.8026,29358000,0.00%,3438103,46295362603,111636.73,0
2017-02-16,3.8026,3.8064,3.8064,3.8026,42910000,0.10%,78984745,46413819245,163332.62,118456642
2017-02-17,3.8064,3.8064,3.8064,3.8064,25998000,0.00%,52986745,46413819245,98958.79,0
2017-02-20,3.8064,3.8064,3.8064,3.8064,20146000,0.00%,32840745,46413819245,76683.73,0
2017-02-21,3.8064,3.8064,3.8064,3.8064,20972000,0.00%,11868745,46413819245,79827.82,0
2017-02-22,3.8064,3.8102,3.8102,3.8064,19992000,0.10%,110145066,46532087566,76173.52,118268321
2017-02-23,3.8102,3.8102,3.8102,3.8102,22022000,0.00%,88123066,46532087566,83908.22,0
2017-02-24,3.8102,3.8102,3.8102,3.8102,24108000,0.00%,64015066,46532087566,91856.3,0
2017-02-27,3.8102,3.8102,3.8102,3.8102,19796000,0.00%,44219066,46532087566,75426.72,0
2017-02-28,3.8102,3.8102,3.8102,3.8102,22904000,0.00%,21315066,46532087566,87268.82,0
2017-03-01,3.8102,3.814,3.814,3.8102,26810000,0.10%,112181631,46649764131,102253.34,117676564
2017-03-02,3.814,3.814,3.814,3.814,22134000,0.00%,90047631,46649764131,84419.08,0
2017-03-03,3.814,3.814,3.814,3.814,22722000,0.00%,67325631,46649764131,86661.71,0
2017-03-06,3.814,3.814,3.814,3.814,15917999,0.00%,51407631,46649764131,60711.25,0
2017-03-07,3.814,3.814,3.814,3.814,16870000,0.00%,34537631,46649764131,64342.18,0
2017-03-08,3.814,3.814,3.814,3.814,15203999,0.00%,19333631,46649764131,57988.06,0
2017-03-09,3.814,3.8179,3.8179,3.814,19768000,0.10%,117481648,46767680148,75472.25,117916017
2017-03-10,3.8179,3.8179,3.8179,3.8179,22232000,0.00%,95249648,46767680148,84879.55,0
2017-03-13,3.8179,3.8179,3.8179,3.8179,28014000,0.00%,67235648,46767680148,106954.65,0
2017-03-14,3.8179,3.8179,3.8179,3.8179,21140000,0.00%,46095648,46767680148,80710.41,0
2017-03-15,3.8179,3.8179,3.8179,3.8179,15035999,0.00%,31059648,46767680148,57405.94,0
2017-03-16,3.8179,3.8217,3.8217,3.8179,38038000,0.10%,112503651,46887162151,145369.82,119482003
2017-03-17,3.8217,3.8217,3.8217,3.8217,30953999,0.00%,81549651,46887162151,118296.9,0
2017-03-20,3.8217,3.8217,3.8217,3.8217,34300000,0.00%,47249651,46887162151,131084.31,0
2017-03-21,3.8217,3.8217,3.8217,3.8217,39690000,0.00%,7559651,46887162151,151683.27,0
2017-03-22,3.8217,3.8255,3.8255,3.8217,34762000,0.10%,94516093,47008880593,132982.03,121718441
2017-03-23,3.8255,3.8255,3.8255,3.8255,55510000,0.00%,39006093,47008880593,212353.51,0
2017-03-24,3.8255,3.8255,3.8255,3.8255,23254000,0.00%,15752093,47008880593,88958.18,0
2017-03-27,3.8255,3.8293,3.8293,3.8255,28854000,0.10%,109796346,47131778846,110490.62,122898252
2017-03-28,3.8293,3.8293,3.8293,3.8293,20174000,0.00%,89622346,47131778846,77252.3,0
2017-03-29,3.8293,3.8293,3.8293,3.8293,22581999,0.00%,67040346,47131778846,86473.25,0
2017-03-30,3.8293,3.8293,3.8293,3.8293,24346000,0.00%,42694346,47131778846,93228.14,0
2017-03-31,3.8293,3.8293,3.8293,3.8293,22568000,0.00%,20126346,47131778846,86419.64,0
2017-04-03,3.8293,3.8293,3.8293,3.8293,18256000,0.00%,1870346,47131778846,69907.7,0
2017-04-05,3.8293,3.8331,3.8331,3.8293,30197999,0.10%,94176314,47254282814,115751.95,122503967
2017-04-06,3.8331,3.8331,3.8331,3.8331,15665999,0.00%,78510314,47254282814,60049.34,0
2017-04-07,3.8331,3.8331,3.8331,3.8331,20902000,0.00%,57608314,47254282814,80119.46,0
2017-04-10,3.8331,3.8331,3.8331,3.8331,10472000,0.00%,47136314,47254282814,40140.22,0
2017-04-11,3.8331,3.8331,3.8331,3.8331,13230000,0.00%,33906314,47254282814,50711.91,0
2017-04-12,3.8331,3.8331,3.8331,3.8331,22036000,0.00%,11870314,47254282814,84466.19,0
2017-04-13,3.8331,3.837,3.837,3.8331,28924000,0.10%,104280945,47375617445,110981.39,121334631
2017-04-18,3.837,3.837,3.837,3.837,20734000,0.00%,83546945,47375617445,79556.36,0
2017-04-19,3.837,3.837,3.837,3.837,23254000,0.00%,60292945,47375617445,89225.6,0
2017-04-20,3.837,3.837,3.837,3.837,29959999,0.00%,30332945,47375617445,114956.52,0
2017-04-21,3.837,3.837,3.837,3.837,23786000,0.00%,6546945,47375617445,91266.88,0
2017-04-24,3.837,3.8408,3.8408,3.837,20370000,0.10%,106794872,47496235372,78237.1,120617927
2017-04-25,3.8408,3.8408,3.8408,3.8408,26306000,0.00%,80488872,47496235372,101036.08,0
2017-04-26,3.8408,3.8408,3.8408,3.8408,28854000,0.00%,51634872,47496235372,110822.44,0
2017-04-27,3.8408,3.8408,3.8408,3.8408,24220000,0.00%,27414872,47496235372,93024.18,0
2017-04-28,3.8408,3.8408,3.8408,3.8408,18830000,0.00%,8584872,47496235372,72322.26,0
2017-05-02,3.8408,3.8447,3.8447,3.8408,27132000,0.10%,102611177,47617393677,104314.4,121158304
2017-05-04,3.8447,3.8447,3.8447,3.8447,33123999,0.00%,69487177,47617393677,127351.84,0
2017-05-05,3.8447,3.8447,3.8447,3.8447,20860000,0.00%,48627177,47617393677,80200.44,0
2017-05-08,3.8447,3.8447,3.8447,3.8447,27034000,0.00%,21593177,47617393677,103937.62,0
2017-05-09,3.8447,3.8485,3.8485,3.8447,27552000,0.10%,115218873,47738571373,106033.87,121177695
2017-05-10,3.8485,3.8485,3.8485,3.8485,41426000,0.00%,73792873,47738571373,159427.96,0
2017-05-11,3.8485,3.8485,3.8485,3.8485,28406000,0.00%,45386873,47738571373,109320.49,0
2017-05-12,3.8485,3.8485,3.8485,3.8485,36190000,0.00%,9196873,47738571373,139277.21,0
2017-05-15,3.8485,3.8524,3.8524,3.8485,30197999,0.10%,101606012,47861178512,116334.78,122607139
2017-05-16,3.8524,3.8524,3.8524,3.8524,32129999,0.00%,69476012,47861178512,123777.61,0
2017-05-17,3.8524,3.8524,3.8524,3.8524,25214000,0.00%,44262012,47861178512,97134.41,0
2017-05-18,3.8524,3.8562,3.8562,3.8524,75656000,0.10%,93120151,47985692651,291744.67,124514139
2017-05-19,3.8562,3.8562,3.8562,3.8562,41020000,0.00%,52100151,47985692651,158181.32,0
2017-05-22,3.8562,3.8562,3.8562,3.8562,38024000,0.00%,14076151,47985692651,146628.15,0
2017-05-23,3.8562,3.8601,3.8601,3.8562,48930000,0.10%,91236470,48111782970,188874.69,126090318
2017-05-24,3.8601,3.8601,3.8601,3.8601,32395999,0.00%,58840470,48111782970,125051.8,0
2017-05-25,3.8601,3.8601,3.8601,3.8601,25284000,0.00%,33556470,48111782970,97598.77,0
2017-05-26,3.8601,3.8601,3.8601,3.8601,23548000,0.00%,10008470,48111782970,90897.63,0
2017-05-29,3.8601,3.8639,3.8639,3.8601,23492000,0.10%,113108142,48238374642,90770.74,126591671
2017-05-31,3.8639,3.8639,3.8639,3.8639,52080000,0.00%,61028142,48238374642,201231.91,0
2017-06-01,3.8639,3.8639,3.8639,3.8639,44632000,0.00%,16396142,48238374642,172453.58,0
2017-06-02,3.8639,3.8678,3.8678,3.8639,25284000,0.10%,119446591,48366709091,97793.46,128334449
2017-06-05,3.8678,3.8678,3.8678,3.8678,17444000,0.00%,102002591,48366709091,67469.9,0
2017-06-06,3.8678,3.8678,3.8678,3.8678,17346000,0.00%,84656591,48366709091,67090.86,0
2017-06-07,3.8678,3.8678,3.8678,3.8678,18312000,0.00%,66344591,48366709091,70827.15,0
2017-06-08,3.8678,3.8678,3.8678,3.8678,20986000,0.00%,45358591,48366709091,81169.65,0
2017-06-09,3.8678,3.8717,3.8717,3.8678,96852000,0.10%,78108270,48496310770,374981.89,129601678
2017-06-12,3.8717,3.8717,3.8717,3.8717,53228000,0.00%,24880270,48496310770,206082.85,0
2017-06-13,3.8717,3.8755,3.8755,3.8717,32199999,0.10%,122489446,48626119946,124791.1,129809176
2017-06-14,3.8755,3.8755,3.8755,3.8755,31653999,0.00%,90835446,48626119946,122675.08,0
2017-06-15,3.8755,3.8755,3.8755,3.8755,25508000,0.00%,65327446,48626119946,98856.25,0
2017-06-16,3.8755,3.8755,3.8755,3.8755,29302000,0.00%,36025446,48626119946,113559.9,0
2017-06-19,3.8755,3.8755,3.8755,3.8755,23744000,0.00%,12281446,48626119946,92019.87,0
2017-06-20,3.8755,3.8794,3.8794,3.8755,22554000,0.10%,120093478,48756485978,87495.99,130366031
2017-06-21,3.8794,3.8794,3.8794,3.8794,23128000,0.00%,96965478,48756485978,89722.76,0
2017-06-22,3.8794,3.8794,3.8794,3.8794,21798000,0.00%,75167478,48756485978,84563.16,0
2017-06-23,3.8794,3.8794,3.8794,3.8794,17864000,0.00%,57303478,48756485978,69301.6,0
2017-06-26,3.8794,3.8794,3.8794,3.8794,23044000,0.00%,34259478,48756485978,89396.89,0
2017-06-27,3.8794,3.8794,3.8794,3.8794,28042000,0.00%,6217478,48756485978,108786.13,0
2017-06-28,3.8794,3.8833,3.8833,3.8794,35532000,0.10%,101632495,48887432995,137981.42,130947017
2017-06-29,3.8833,3.8833,3.8833,3.8833,22288000,0.00%,79344495,48887432995,86550.99,0
2017-06-30,3.8833,3.8833,3.8833,3.8833,29288000,0.00%,50056495,48887432995,113734.09,0
2017-07-03,3.8833,3.8833,3.8833,3.8833,18172000,0.00%,31884495,48887432995,70567.33,0
2017-07-04,3.8833,3.8872,3.8872,3.8833,54628000,0.10%,108897429,49019073929,212349.96,131640933
2017-07-05,3.8872,3.8872,3.8872,3.8872,62257999,0.00%,46639429,49019073929,242009.3,0
2017-07-06,3.8872,3.8872,3.8872,3.8872,23660000,0.00%,22979429,49019073929,91971.15,0
2017-07-07,3.8872,3.891,3.891,3.8872,25270000,0.10%,130923724,49152288224,98325.57,133214294
2017-07-10,3.891,3.891,3.891,3.891,18256000,0.00%,112667724,49152288224,71034.1,0
2017-07-11,3.891,3.891,3.891,3.891,26432000,0.00%,86235724,49152288224,102846.91,0
2017-07-12,3.891,3.891,3.891,3.891,21560000,0.00%,64675724,49152288224,83889.96,0
2017-07-13,3.891,3.891,3.891,3.891,26446000,0.00%,38229724,49152288224,102901.39,0
2017-07-14,3.891,3.891,3.891,3.891,16617999,0.00%,21611724,49152288224,64660.64,0
2017-07-17,3.891,3.891,3.891,3.891,20034000,0.00%,1577724,49152288224,77952.29,0
2017-07-18,3.891,3.8949,3.8949,3.891,15917999,0.10%,119752287,49286380787,61999.02,134092563
2017-07-19,3.8949,3.8949,3.8949,3.8949,39732000,0.00%,80020287,49286380787,154752.17,0
2017-07-20,3.8949,3.8949,3.8949,3.8949,22400000,0.00%,57620287,49286380787,87245.76,0
2017-07-21,3.8949,3.8949,3.8949,3.8949,16197999,0.00%,41422287,49286380787,63089.59,0
2017-07-24,3.8949,3.8949,3.8949,3.8949,21812000,0.00%,19610287,49286380787,84955.56,0
2017-07-25,3.8949,3.8988,3.8988,3.8949,25676000,0.10%,128912165,49421358665,100105.59,134977878
2017-07-26,3.8988,3.8988,3.8988,3.8988,21616000,0.00%,107296165,49421358665,84276.46,0
2017-07-27,3.8988,3.8988,3.8988,3.8988,24234000,0.00%,83062165,49421358665,94483.52,0
2017-07-28,3.8988,3.8988,3.8988,3.8988,31163999,0.00%,51898165,49421358665,121502.2,0
2017-07-31,3.8988,3.8988,3.8988,3.8988,30253999,0.00%,21644165,49421358665,117954.3,0
2017-08-01,3.8988,3.9027,3.9027,3.8988,29120000,0.10%,128776440,49557610940,113646.62,136252274
2017-08-02,3.9027,3.9027,3.9027,3.9027,25886000,0.00%,102890440,49557610940,101025.29,0
2017-08-03,3.9027,3.9027,3.9027,3.9027,32857999,0.00%,70032440,49557610940,128234.92,0
2017-08-04,3.9027,3.9027,3.9027,3.9027,24108000,0.00%,45924440,49557610940,94086.29,0
2017-08-07,3.9027,3.9027,3.9027,3.9027,29819999,0.00%,16104440,49557610940,116378.51,0
2017-08-08,3.9027,3.9066,3.9066,3.9027,31877999,0.10%,120516634,49693901134,124534.59,136290193
2017-08-09,3.9066,3.9066,3.9066,3.9066,36484000,0.00%,84032634,49693901134,142528.39,0
2017-08-10,3.9066,3.9066,3.9066,3.9066,38626000,0.00%,45406634,49693901134,150896.33,0
2017-08-11,3.9066,3.9105,3.9105,3.9066,80738000,0.10%,103047818,49832280318,315725.95,138379183
2017-08-14,3.9105,3.9105,3.9105,3.9105,42924000,0.00%,60123818,49832280318,167854.3,0
2017-08-15,3.9105,3.9105,3.9105,3.9105,33501999,0.00%,26621818,49832280318,131009.57,0
2017-08-16,3.9105,3.9145,3.9145,3.9105,33025999,0.10%,132395041,49971079541,129280.28,138799223
2017-08-17,3.9145,3.9145,3.9145,3.9145,62061999,0.00%,70333041,49971079541,242941.7,0
2017-08-18,3.9145,3.9145,3.9145,3.9145,33908000,0.00%,36425041,49971079541,132732.87,0
2017-08-21,3.9145,3.9145,3.9145,3.9145,21854000,0.00%,14571041,49971079541,85547.48,0
2017-08-22,3.9145,3.9184,3.9184,3.9145,20594000,0.10%,132601647,50109704147,80695.53,138624605
2017-08-24,3.9184,3.9184,3.9184,3.9184,32801999,0.00%,99799647,50109704147,128531.36,0
2017-08-25,3.9184,3.9184,3.9184,3.9184,27902000,0.00%,71897647,50109704147,109331.2,0
2017-08-28,3.9184,3.9184,3.9184,3.9184,31275999,0.00%,40621647,50109704147,122551.88,0
2017-08-29,3.9184,3.9184,3.9184,3.9184,31093999,0.00%,9527647,50109704147,121838.73,0
2017-08-30,3.9184,3.9223,3.9223,3.9184,24682000,0.10%,124175094,50249033594,96810.21,139329446
2017-08-31,3.9223,3.9223,3.9223,3.9223,24248000,0.00%,99927094,50249033594,95107.93,0
2017-09-01,3.9223,3.9223,3.9223,3.9223,32829999,0.00%,67097094,50249033594,128769.11,0
2017-09-04,3.9223,3.9223,3.9223,3.9223,21728000,0.00%,45369094,50249033594,85223.73,0
2017-09-05,3.9223,3.9223,3.9223,3.9223,19376000,0.00%,25993094,50249033594,75998.48,0
2017-09-06,3.9223,3.9223,3.9223,3.9223,24164000,0.00%,1829094,50249033594,94778.46,0
2017-09-07,3.9223,3.9262,3.9262,3.9223,22707999,0.10%,119247729,50389160229,89156.15,140126634
2017-09-08,3.9262,3.9262,3.9262,3.9262,15175999,0.00%,104071729,50389160229,59584.01,0
2017-09-11,3.9262,3.9262,3.9262,3.9262,33389999,0.00%,70681729,50389160229,131095.82,0
2017-09-12,3.9262,3.9262,3.9262,3.9262,21378000,0.00%,49303729,50389160229,83934.3,0
2017-09-13,3.9262,3.9262,3.9262,3.9262,20720000,0.00%,28583729,50389160229,81350.86,0
2017-09-14,3.9262,3.9262,3.9262,3.9262,26684000,0.00%,1899729,50389160229,104766.72,0
2017-09-15,3.9262,3.9301,3.9301,3.9262,34398000,0.10%,108024929,50529683429,135187.58,140523200
2017-09-18,3.9301,3.9301,3.9301,3.9301,25746000,0.00%,82278929,50529683429,101184.35,0
2017-09-19,3.9301,3.9301,3.9301,3.9301,30729999,0.00%,51548929,50529683429,120771.97,0
2017-09-20,3.9301,3.9301,3.9301,3.9301,19138000,0.00%,32410929,50529683429,75214.25,0
2017-09-21,3.9301,3.9301,3.9301,3.9301,20846000,0.00%,11564929,50529683429,81926.86,0
2017-09-22,3.9301,3.9341,3.9341,3.9301,20090000,0.10%,132933542,50671142042,79036.07,141458612
2017-09-25,3.9341,3.9341,3.9341,3.9341,31261999,0.00%,101671542,50671142042,122987.83,0
2017-09-26,3.9341,3.9341,3.9341,3.9341,48608000,0.00%,53063542,50671142042,191228.73,0
2017-09-27,3.9341,3.9341,3.9341,3.9341,18928000,0.00%,34135542,50671142042,74464.64,0
2017-09-28,3.9341,3.9341,3.9341,3.9341,24206000,0.00%,9929542,50671142042,95228.82,0
2017-09-29,3.9341,3.938,3.938,3.9341,18004000,0.10%,134726174,50813942674,70899.75,142800632
2017-10-03,3.938,3.938,3.938,3.938,25928000,0.00%,108798174,50813942674,102104.46,0
2017-10-04,3.938,3.938,3.938,3.938,16393999,0.00%,92404174,50813942674,64559.57,0
2017-10-06,3.938,3.938,3.938,3.938,18704000,0.00%,73700174,50813942674,73656.35,0
2017-10-09,3.938,3.938,3.938,3.938,18844000,0.00%,54856174,50813942674,74207.67,0
2017-10-10,3.938,3.938,3.938,3.938,15147999,0.00%,39708174,50813942674,59652.82,0
2017-10-11,3.938,3.938,3.938,3.938,24696000,0.00%,15012174,50813942674,97252.85,0
2017-10-12,3.938,3.9419,3.9419,3.938,20818000,0.10%,137893690,50957642190,82062.47,143699515
2017-10-13,3.9419,3.9419,3.9419,3.9419,29302000,0.00%,108591690,50957642190,115505.55,0
2017-10-16,3.9419,3.9419,3.9419,3.9419,24626000,0.00%,83965690,50957642190,97073.23,0
2017-10-17,3.9419,3.9419,3.9419,3.9419,18046000,0.00%,65919690,50957642190,71135.53,0
2017-10-18,3.9419,3.9419,3.9419,3.9419,16757999,0.00%,49161690,50957642190,66058.36,0
2017-10-19,3.9419,3.9419,3.9419,3.9419,30267999,0.00%,18893690,50957642190,119313.43,0
2017-10-20,3.9419,3.9459,3.9459,3.9419,20048000,0.10%,143156214,51101952714,79107.4,144310523
2017-10-23,3.9459,3.9459,3.9459,3.9459,13678000,0.00%,129478214,51101952714,53972.02,0
2017-10-24,3.9459,3.9459,3.9459,3.9459,21588000,0.00%,107890214,51101952714,85184.09,0
2017-10-25,3.9459,3.9459,3.9459,3.9459,18186000,0.00%,89704214,51101952714,71760.14,0
2017-10-26,3.9459,3.9459,3.9459,3.9459,22162000,0.00%,67542214,51101952714,87449.04,0
2017-10-27,3.9459,3.9459,3.9459,3.9459,22624000,0.00%,44918214,51101952714,89272.04,0
2017-10-30,3.9459,3.9459,3.9459,3.9459,23156000,0.00%,21762214,51101952714,91371.26,0
2017-10-31,3.9459,3.9459,3.9459,3.9459,17794000,0.00%,3968214,51101952714,70213.34,0
2017-11-01,3.9459,3.9498,3.9498,3.9459,30841999,0.10%,118661559,51247488059,121819.73,145535344
2017-11-02,3.9498,3.9498,3.9498,3.9498,25102000,0.00%,93559559,51247488059,99147.88,0
2017-11-03,3.9498,3.9498,3.9498,3.9498,23281999,0.00%,70277559,51247488059,91959.24,0
2017-11-06,3.9498,3.9498,3.9498,3.9498,35056000,0.00%,35221559,51247488059,138464.19,0
2017-11-07,3.9498,3.9538,3.9538,3.9498,35826000,0.10%,144999564,51393092064,141648.84,145604005
2017-11-08,3.9538,3.9538,3.9538,3.9538,61571999,0.00%,83427564,51393092064,243443.37,0
2017-11-09,3.9538,3.9538,3.9538,3.9538,33473999,0.00%,49953564,51393092064,132349.5,0
2017-11-10,3.9538,3.9538,3.9538,3.9538,24010000,0.00%,25943564,51393092064,94930.74,0
2017-11-13,3.9538,3.9538,3.9538,3.9538,24738000,0.00%,1205564,51393092064,97809.1,0
2017-11-14,3.9538,3.9577,3.9577,3.9538,28686000,0.10%,120344495,51540916995,113530.58,147824930
2017-11-15,3.9577,3.9577,3.9577,3.9577,32815999,0.00%,87528495,51540916995,129875.88,0
2017-11-16,3.9577,3.9577,3.9577,3.9577,45612000,0.00%,41916495,51540916995,180518.61,0
2017-11-17,3.9577,3.9617,3.9617,3.9577,48356000,0.10%,143130951,51690487451,191571.97,149570456
2017-11-20,3.9617,3.9617,3.9617,3.9617,49322000,0.00%,93808951,51690487451,195398.97,0
2017-11-21,3.9617,3.9617,3.9617,3.9617,70658000,0.00%,23150951,51690487451,279925.8,0
2017-11-22,3.9617,3.9656,3.9656,3.9617,55440000,0.10%,119634787,51842411287,219852.86,151923835
2017-11-23,3.9656,3.9656,3.9656,3.9656,44813999,0.00%,74820787,51842411287,177714.4,0
2017-11-24,3.9656,3.9656,3.9656,3.9656,46298000,0.00%,28522787,51842411287,183599.35,0
2017-11-27,3.9656,3.9696,3.9696,3.9656,36050000,0.10%,145718275,51995656775,143104.08,153245488
2017-11-28,3.9696,3.9696,3.9696,3.9696,55174000,0.00%,90544275,51995656775,219018.71,0
2017-11-29,3.9696,3.9696,3.9696,3.9696,37898000,0.00%,52646275,51995656775,150439.9,0
2017-11-30,3.9696,3.9736,3.9736,3.9696,78358000,0.10%,129621974,52150990474,311363.35,155333699
2017-12-01,3.9736,3.9736,3.9736,3.9736,110642000,0.00%,18979974,52150990474,439647.05,0
2017-12-04,3.9736,3.9776,3.9776,3.9736,64581999,0.10%,112636511,52309229011,256881.36,158238536
2017-12-05,3.9776,3.9776,3.9776,3.9776,62145999,0.00%,50490511,52309229011,247191.93,0
2017-12-06,3.9776,3.9815,3.9815,3.9776,81620000,0.10%,129253000,52469611500,324970.03,160382489
2017-12-07,3.9815,3.9815,3.9815,3.9815,54922000,0.00%,74331000,52469611500,218671.94,0
2017-12-08,3.9815,3.9815,3.9815,3.9815,58044000,0.00%,16287000,52469611500,231102.19,0
2017-12-11,3.9815,3.9855,3.9855,3.9815,44828000,0.10%,133614744,52631767244,178661.99,162155744
2017-12-12,3.9855,3.9855,3.9855,3.9855,45556000,0.00%,88058744,52631767244,181563.44,0
2017-12-13,3.9855,3.9855,3.9855,3.9855,31681999,0.00%,56376744,52631767244,126268.61,0
2017-12-14,3.9855,3.9855,3.9855,3.9855,23352000,0.00%,33024744,52631767244,93069.4,0
2017-12-15,3.9855,3.9855,3.9855,3.9855,32479999,0.00%,544744,52631767244,129449.04,0
2017-12-18,3.9855,3.9895,3.9895,3.9855,28364000,0.10%,135820513,52795407013,113158.18,163639768
2017-12-19,3.9895,3.9895,3.9895,3.9895,29553999,0.00%,106266513,52795407013,117905.68,0
2017-12-20,3.9895,3.9895,3.9895,3.9895,18746000,0.00%,87520513,52795407013,74787.17,0
2017-12-21,3.9895,3.9895,3.9895,3.9895,25802000,0.00%,61718513,52795407013,102937.08,0
2017-12-22,3.9895,3.9895,3.9895,3.9895,22609999,0.00%,39108513,52795407013,90202.59,0
2017-12-27,3.9895,3.9895,3.9895,3.9895,23352000,0.00%,15756513,52795407013,93162.8,0
2017-12-28,3.9895,3.9935,3.9935,3.9895,16323999,0.10%,164340519,52960315019,65189.89,164908006
2017-12-29,3.9935,3.9935,3.9935,3.9935,23240000,0.00%,141100519,52960315019,92808.94,0
2018-01-02,3.9935,3.9935,3.9935,3.9935,34916000,0.00%,106184519,52960315019,139437.05,0
2018-01-03,3.9935,3.9935,3.9935,3.9935,33031000,0.00%,73153519,52960315019,131909.3,0
2018-01-04,3.9935,3.9935,3.9935,3.9935,40455000,0.00%,32698519,52960315019,161557.04,0
2018-01-05,3.9935,3.9935,3.9935,3.9935,28942000,0.00%,3756519,52960315019,115579.88,0
2018-01-08,3.9935,3.9975,3.9975,3.9935,26085500,0.10%,144273815,53126917815,104276.79,166602796
2018-01-09,3.9975,3.9975,3.9975,3.9975,35496000,0.00%,108777815,53126917815,141895.26,0
2018-01-10,3.9975,3.9975,3.9975,3.9975,26114500,0.00%,82663315,53126917815,104392.71,0
2018-01-11,3.9975,3.9975,3.9975,3.9975,40078000,0.00%,42585315,53126917815,160211.8,0
2018-01-12,3.9975,3.9975,3.9975,3.9975,27840000,0.00%,14745315,53126917815,111290.4,0
2018-01-15,3.9975,4.0015,4.0015,3.9975,33915500,0.10%,149329297,53295417297,135712.87,168499482
2018-01-16,4.0015,4.0015,4.0015,4.0015,29855500,0.00%,119473797,53295417297,119466.78,0
2018-01-17,4.0015,4.0015,4.0015,4.0015,36076000,0.00%,83397797,53295417297,144358.11,0
2018-01-18,4.0015,4.0015,4.0015,4.0015,31610000,0.00%,51787797,53295417297,126487.42,0
2018-01-19,4.0015,4.0015,4.0015,4.0015,21387500,0.00%,30400297,53295417297,85582.08,0
2018-01-22,4.0015,4.0015,4.0015,4.0015,28072000,0.00%,2328297,53295417297,112330.11,0
2018-01-23,4.0015,4.0055,4.0055,4.0015,34611500,0.10%,137354679,53465055179,138636.36,169637882
2018-01-24,4.0055,4.0055,4.0055,4.0055,36148500,0.00%,101206179,53465055179,144792.82,0
2018-01-25,4.0055,4.0055,4.0055,4.0055,40208500,0.00%,60997679,53465055179,161055.15,0
2018-01-26,4.0055,4.0055,4.0055,4.0055,31914500,0.00%,29083179,53465055179,127833.53,0
2018-01-29,4.0055,4.0095,4.0095,4.0055,32625000,0.10%,166757856,53635354856,130809.94,170299676
2018-01-30,4.0095,4.0095,4.0095,4.0095,32277000,0.00%,134480856,53635354856,129414.63,0
2018-01-31,4.0095,4.0095,4.0095,4.0095,40034500,0.00%,94446356,53635354856,160518.33,0
2018-02-01,4.0095,4.0095,4.0095,4.0095,24824000,0.00%,69622356,53635354856,99531.83,0
2018-02-02,4.0095,4.0095,4.0095,4.0095,35278500,0.00%,34343856,53635354856,141449.15,0
2018-02-05,4.0095,4.0135,4.0135,4.0095,58565500,0.10%,145104207,53804680707,235052.63,169325851
2018-02-06,4.0135,4.0135,4.0135,4.0135,125932500,0.00%,19171707,53804680707,505430.09,0
2018-02-07,4.0135,4.0175,4.0175,4.0135,88522500,0.10%,103362133,53977393633,355639.14,172712926
2018-02-08,4.0175,4.0175,4.0175,4.0175,51388000,0.00%,51974133,53977393633,206451.29,0
2018-02-09,4.0175,4.0215,4.0215,4.0175,100282000,0.10%,126626629,54152328129,403284.06,174934495
2018-02-12,4.0215,4.0215,4.0215,4.0215,49082500,0.00%,77544129,54152328129,197385.27,0
2018-02-13,4.0215,4.0215,4.0215,4.0215,34379500,0.00%,43164629,54152328129,138257.16,0
2018-02-14,4.0215,4.0215,4.0215,4.0215,32320500,0.00%,10844129,54152328129,129976.89,0
2018-02-15,4.0215,4.0256,4.0256,4.0215,23707500,0.10%,163221172,54328412672,95436.91,176084543
2018-02-20,4.0256,4.0256,4.0256,4.0256,29696000,0.00%,133525172,54328412672,119544.22,0
2018-02-21,4.0256,4.0256,4.0256,4.0256,29580000,0.00%,103945172,54328412672,119077.25,0
2018-02-22,4.0256,4.0256,4.0256,4.0256,32465500,0.00%,71479672,54328412672,130693.12,0
2018-02-23,4.0256,4.0256,4.0256,4.0256,21735500,0.00%,49744172,54328412672,87498.43,0
2018-02-26,4.0256,4.0256,4.0256,4.0256,30812500,0.00%,18931672,54328412672,124038.8,0
2018-02-27,4.0256,4.0296,4.0296,4.0256,31914500,0.10%,163878384,54505273884,128602.67,176861212
2018-02-28,4.0296,4.0296,4.0296,4.0296,47212000,0.00%,116666384,54505273884,190245.48,0
2018-03-01,4.0296,4.0296,4.0296,4.0296,39309500,0.00%,77356884,54505273884,158401.56,0
2018-03-02,4.0296,4.0296,4.0296,4.0296,37540500,0.00%,39816384,54505273884,151273.2,0
2018-03-05,4.0296,4.0296,4.0296,4.0296,34858000,0.00%,4958384,54505273884,140463.8,0
2018-03-06,4.0296,4.0336,4.0336,4.0296,35974500,0.10%,147112555,54683402555,145106.74,178128670
2018-03-07,4.0336,4.0336,4.0336,4.0336,27927000,0.00%,119185555,54683402555,112646.35,0
2018-03-08,4.0336,4.0336,4.0336,4.0336,25389500,0.00%,93796055,54683402555,102411.09,0
2018-03-09,4.0336,4.0336,4.0336,4.0336,18893500,0.00%,74902555,54683402555,76208.82,0
2018-03-12,4.0336,4.0336,4.0336,4.0336,36989500,0.00%,37913055,54683402555,149200.85,0
2018-03-13,4.0336,4.0336,4.0336,4.0336,26825000,0.00%,11088055,54683402555,108201.32,0
2018-03-14,4.0336,4.0376,4.0376,4.0336,32784500,0.10%,157181351,54862280351,132370.7,178877796
2018-03-15,4.0376,4.0376,4.0376,4.0376,35815000,0.00%,121366351,54862280351,144606.64,0
2018-03-16,4.0376,4.0376,4.0376,4.0376,34655000,0.00%,86711351,54862280351,139923.03,0
2018-03-19,4.0376,4.0376,4.0376,4.0376,23620500,0.00%,63090851,54862280351,95370.13,0
2018-03-20,4.0376,4.0376,4.0376,4.0376,31827500,0.00%,31263351,54862280351,128506.71,0
2018-03-21,4.0376,4.0417,4.0417,4.0376,40948000,0.10%,170305734,55042270734,165499.53,179990382
2018-03-22,4.0417,4.0417,4.0417,4.0417,104182500,0.00%,66123234,55042270734,421074.41,0
2018-03-23,4.0417,4.0538,4.0538,4.0417,447238000,0.30%,187689607,55611075107,1813013.4,568804373
2018-03-26,4.0538,4.0538,4.0538,4.0538,68585000,0.00%,119104607,55611075107,278029.87,0
2018-03-27,4.0538,4.0538,4.0538,4.0538,61828000,0.00%,57276607,55611075107,250638.35,0
2018-03-28,4.0538,4.0579,4.0579,4.0538,70992000,0.10%,178115008,55802905508,288078.44,191830401
2018-03-29,4.0579,4.0579,4.0579,4.0579,59624000,0.00%,118491008,55802905508,241948.23,0
2018-04-03,4.0579,4.0579,4.0579,4.0579,47690500,0.00%,70800508,55802905508,193523.28,0
2018-04-04,4.0579,4.0579,4.0579,4.0579,51997000,0.00%,18803508,55802905508,210998.63,0
2018-04-06,4.0579,4.0619,4.0619,4.0579,38555500,0.10%,174123482,55996780982,156608.59,193875473
2018-04-09,4.0619,4.0619,4.0619,4.0619,30769000,0.00%,143354482,55996780982,124980.6,0
2018-04-10,4.0619,4.0619,4.0619,4.0619,37091000,0.00%,106263482,55996780982,150659.93,0
2018-04-11,4.0619,4.0619,4.0619,4.0619,34669500,0.00%,71593982,55996780982,140824.04,0
2018-04-12,4.0619,4.0619,4.0619,4.0619,29870000,0.00%,41723982,55996780982,121328.95,0
2018-04-13,4.0619,4.0619,4.0619,4.0619,28376500,0.00%,13347482,55996780982,115262.51,0
2018-04-16,4.0619,4.066,4.066,4.0619,36105000,0.10%,173272992,56192811492,146802.93,196030510
2018-04-17,4.066,4.066,4.066,4.066,41194500,0.00%,132078492,56192811492,167496.84,0
2018-04-18,4.066,4.066,4.066,4.066,40774000,0.00%,91304492,56192811492,165787.08,0
2018-04-19,4.066,4.066,4.066,4.066,31624500,0.00%,59679992,56192811492,128585.22,0
2018-04-20,4.066,4.066,4.066,4.066,26259500,0.00%,33420492,56192811492,106771.13,0
2018-04-23,4.066,4.066,4.066,4.066,28014000,0.00%,5406492,56192811492,113904.92,0
2018-04-24,4.066,4.0701,4.0701,4.066,21054000,0.10%,181276563,56389735563,85691.89,196924070
2018-04-25,4.0701,4.0701,4.0701,4.0701,50489000,0.00%,130787563,56389735563,205495.28,0
2018-04-26,4.0701,4.0701,4.0701,4.0701,50692000,0.00%,80095563,56389735563,206321.51,0
2018-04-27,4.0701,4.0701,4.0701,4.0701,38352500,0.00%,41743063,56389735563,156098.51,0
2018-04-30,4.0701,4.0701,4.0701,4.0701,18676000,0.00%,23067063,56389735563,76013.19,0
2018-05-02,4.0701,4.0741,4.0741,4.0701,27840000,0.10%,193792049,56588300549,113422.94,198564986
2018-05-03,4.0741,4.0741,4.0741,4.0741,34669500,0.00%,159122549,56588300549,141247.01,0
2018-05-04,4.0741,4.0741,4.0741,4.0741,28028500,0.00%,131094049,56588300549,114190.91,0
2018-05-07,4.0741,4.0741,4.0741,4.0741,49691500,0.00%,81402549,56588300549,202448.14,0
2018-05-08,4.0741,4.0741,4.0741,4.0741,48415500,0.00%,32987049,56588300549,197249.59,0
2018-05-09,4.0741,4.0741,4.0741,4.0741,30363000,0.00%,2624049,56588300549,123701.9,0
2018-05-10,4.0741,4.0782,4.0782,4.0741,45124000,0.10%,157448772,56788249272,184024.7,199948722
2018-05-11,4.0782,4.0782,4.0782,4.0782,35815000,0.00%,121633772,56788249272,146060.73,0
2018-05-14,4.0782,4.0782,4.0782,4.0782,30203500,0.00%,91430272,56788249272,123175.91,0
2018-05-15,4.0782,4.0782,4.0782,4.0782,48053000,0.00%,43377272,56788249272,195969.74,0
2018-05-16,4.0782,4.0782,4.0782,4.0782,42934500,0.00%,442772,56788249272,175095.48,0
2018-05-17,4.0782,4.0823,4.0823,4.0782,100195000,0.10%,102811468,56990812968,409026.05,202563695
2018-05-18,4.0823,4.0823,4.0823,4.0823,31044500,0.00%,71766968,56990812968,126732.96,0
2018-05-21,4.0823,4.0823,4.0823,4.0823,31088000,0.00%,40678968,56990812968,126910.54,0
2018-05-23,4.0823,4.0823,4.0823,4.0823,35626500,0.00%,5052468,56990812968,145438.06,0
2018-05-24,4.0823,4.0864,4.0864,4.0823,24882000,0.10%,182967522,57193610022,101677.8,202797054
2018-05-25,4.0864,4.0864,4.0864,4.0864,24287500,0.00%,158680022,57193610022,99248.44,0
2018-05-28,4.0864,4.0864,4.0864,4.0864,19415500,0.00%,139264522,57193610022,79339.5,0
2018-05-29,4.0864,4.0864,4.0864,4.0864,17588500,0.00%,121676022,57193610022,71873.65,0
2018-05-30,4.0864,4.0864,4.0864,4.0864,33712500,0.00%,87963522,57193610022,137762.76,0
2018-05-31,4.0864,4.0864,4.0864,4.0864,53316500,0.00%,34647022,57193610022,217872.55,0
2018-06-01,4.0864,4.0864,4.0864,4.0864,33567500,0.00%,1079522,57193610022,137170.23,0
2018-06-04,4.0864,4.0904,4.0904,4.0864,45356000,0.10%,159910901,57397797401,185524.18,204187378
2018-06-05,4.0904,4.0904,4.0904,4.0904,37526000,0.00%,122384901,57397797401,153496.35,0
2018-06-06,4.0904,4.0904,4.0904,4.0904,33669000,0.00%,88715901,57397797401,137719.68,0
2018-06-07,4.0904,4.0904,4.0904,4.0904,35800500,0.00%,52915401,57397797401,146438.37,0
2018-06-08,4.0904,4.0904,4.0904,4.0904,41948500,0.00%,10966901,57397797401,171586.14,0
2018-06-11,4.0904,4.0945,4.0945,4.0904,22446000,0.10%,192656389,57601932889,91905.15,204135488
2018-06-12,4.0945,4.0945,4.0945,4.0945,17922000,0.00%,174734389,57601932889,73381.63,0
2018-06-13,4.0945,4.0945,4.0945,4.0945,17704500,0.00%,157029889,57601932889,72491.08,0
2018-06-14,4.0945,4.0945,4.0945,4.0945,25650500,0.00%,131379389,57601932889,105025.97,0
2018-06-15,4.0945,4.0945,4.0945,4.0945,33611000,0.00%,97768389,57601932889,137620.24,0
2018-06-19,4.0945,4.0945,4.0945,4.0945,50097500,0.00%,47670889,57601932889,205124.21,0
2018-06-20,4.0945,4.0945,4.0945,4.0945,33292000,0.00%,14378889,57601932889,136314.09,0
2018-06-21,4.0945,4.0986,4.0986,4.0945,29232000,0.10%,188952255,57805738255,119810.28,203805365
2018-06-22,4.0986,4.0986,4.0986,4.0986,29246500,0.00%,159705755,57805738255,119869.7,0
2018-06-25,4.0986,4.0986,4.0986,4.0986,31450500,0.00%,128255255,57805738255,128903.02,0
2018-06-26,4.0986,4.0986,4.0986,4.0986,43253500,0.00%,85001755,57805738255,177278.8,0
2018-06-27,4.0986,4.0986,4.0986,4.0986,40716000,0.00%,44285755,57805738255,166878.6,0
2018-06-28,4.0986,4.0986,4.0986,4.0986,39889500,0.00%,4396255,57805738255,163491.1,0
2018-06-29,4.0986,4.1027,4.1027,4.0986,41049500,0.10%,168927892,58011319392,168413.78,205581136
2018-07-03,4.1027,4.1027,4.1027,4.1027,37178000,0.00%,131749892,58011319392,152530.18,0
2018-07-04,4.1027,4.1027,4.1027,4.1027,21851500,0.00%,109898392,58011319392,89650.15,0
2018-07-05,4.1027,4.1027,4.1027,4.1027,20271000,0.00%,89627392,58011319392,83165.83,0
2018-07-06,4.1027,4.1027,4.1027,4.1027,26100000,0.00%,63527392,58011319392,107080.47,0
2018-07-09,4.1027,4.1027,4.1027,4.1027,26636500,0.00%,36890892,58011319392,109281.57,0
2018-07-10,4.1027,4.1068,4.1068,4.1027,38845500,0.10%,203957360,58217231360,159530.7,205911968
2018-07-11,4.1068,4.1068,4.1068,4.1068,35554000,0.00%,168403360,58217231360,146013.17,0
2018-07-12,4.1068,4.1068,4.1068,4.1068,22475000,0.00%,145928360,58217231360,92300.33,0
2018-07-13,4.1068,4.1068,4.1068,4.1068,17748000,0.00%,128180360,58217231360,72887.49,0
2018-07-16,4.1068,4.1068,4.1068,4.1068,16008000,0.00%,112172360,58217231360,65741.65,0
2018-07-17,4.1068,4.1068,4.1068,4.1068,22533000,0.00%,89639360,58217231360,92538.52,0
2018-07-18,4.1068,4.1068,4.1068,4.1068,19140000,0.00%,70499360,58217231360,78604.15,0
2018-07-19,4.1068,4.1068,4.1068,4.1068,15210500,0.00%,55288860,58217231360,62466.48,0
2018-07-20,4.1068,4.1068,4.1068,4.1068,24766000,0.00%,30522860,58217231360,101709.01,0
2018-07-23,4.1068,4.1068,4.1068,4.1068,28913000,0.00%,1609860,58217231360,118739.91,0
2018-07-24,4.1068,4.1109,4.1109,4.1068,30247000,0.10%,176650098,58422518598,124342.39,205287237
2018-07-25,4.1109,4.1109,4.1109,4.1109,27115000,0.00%,149535098,58422518598,111467.05,0
2018-07-26,4.1109,4.1109,4.1109,4.1109,32320500,0.00%,117214598,58422518598,132866.34,0
2018-07-27,4.1109,4.1109,4.1109,4.1109,20967000,0.00%,96247598,58422518598,86193.24,0
2018-07-30,4.1109,4.1109,4.1109,4.1109,36844500,0.00%,59403098,58422518598,151464.06,0
2018-07-31,4.1109,4.1109,4.1109,4.1109,53621000,0.00%,5782098,58422518598,220430.57,0
2018-08-01,4.1109,4.115,4.115,4.1109,37279500,0.10%,173762945,58627778945,153405.14,205260347
2018-08-02,4.115,4.115,4.115,4.115,59131000,0.00%,114631945,58627778945,243324.07,0
2018-08-03,4.115,4.115,4.115,4.115,43891500,0.00%,70740445,58627778945,180613.52,0
2018-08-06,4.115,4.115,4.115,4.115,31102500,0.00%,39637945,58627778945,127986.79,0
2018-08-07,4.115,4.115,4.115,4.115,26288500,0.00%,13349445,58627778945,108177.18,0
2018-08-08,4.115,4.1192,4.1192,4.115,36902500,0.10%,180864637,58832196637,152008.78,204417691
2018-08-09,4.1192,4.1192,4.1192,4.1192,38613500,0.00%,142251137,58832196637,159056.73,0
2018-08-10,4.1192,4.1192,4.1192,4.1192,28318500,0.00%,113932637,58832196637,116649.57,0
2018-08-13,4.1192,4.1192,4.1192,4.1192,24577500,0.00%,89355137,58832196637,101239.64,0
2018-08-14,4.1192,4.1192,4.1192,4.1192,58246500,0.00%,31108637,58832196637,239928.98,0
2018-08-15,4.1192,4.1233,4.1233,4.1192,54070500,0.10%,182128906,59037287406,222948.89,205090768
2018-08-16,4.1233,4.1233,4.1233,4.1233,100412500,0.00%,81716406,59037287406,414030.86,0
2018-08-17,4.1233,4.1233,4.1233,4.1233,61915000,0.00%,19801406,59037287406,255294.12,0
2018-08-20,4.1233,4.1274,4.1274,4.1233,50706500,0.10%,176345605,59244538105,209286.01,207250699
2018-08-21,4.1274,4.1274,4.1274,4.1274,33045500,0.00%,143300105,59244538105,136392.0,0
2018-08-22,4.1274,4.1274,4.1274,4.1274,41963000,0.00%,101337105,59244538105,173198.09,0
2018-08-23,4.1274,4.1274,4.1274,4.1274,29087000,0.00%,72250105,59244538105,120053.68,0
2018-08-24,4.1274,4.1274,4.1274,4.1274,25447500,0.00%,46802605,59244538105,105032.01,0
2018-08-27,4.1274,4.1274,4.1274,4.1274,20242000,0.00%,26560605,59244538105,83546.83,0
2018-08-28,4.1274,4.1315,4.1315,4.1274,29826500,0.10%,202622937,59450426937,123228.18,205888831
2018-08-29,4.1315,4.1315,4.1315,4.1315,22808500,0.00%,179814437,59450426937,94233.32,0
2018-08-30,4.1315,4.1315,4.1315,4.1315,17588500,0.00%,162225937,59450426937,72666.89,0
2018-08-31,4.1315,4.1315,4.1315,4.1315,74733000,0.00%,87492937,59450426937,308759.39,0
2018-09-03,4.1315,4.1315,4.1315,4.1315,40121500,0.00%,47371437,59450426937,165761.98,0
2018-09-04,4.1315,4.1315,4.1315,4.1315,26143500,0.00%,21227937,59450426937,108011.87,0
2018-09-05,4.1315,4.1357,4.1357,4.1315,45646000,0.10%,182608790,59657453790,188778.16,207026853
2018-09-06,4.1357,4.1357,4.1357,4.1357,64220500,0.00%,118388290,59657453790,265596.72,0
2018-09-07,4.1357,4.1357,4.1357,4.1357,57913000,0.00%,60475290,59657453790,239510.79,0
2018-09-10,4.1357,4.1357,4.1357,4.1357,36032500,0.00%,24442790,59657453790,149019.61,0
2018-09-11,4.1357,4.1398,4.1398,4.1357,43456500,0.10%,189891037,59866358537,179901.22,208904746
2018-09-12,4.1398,4.1398,4.1398,4.1398,34060500,0.00%,155830537,59866358537,141003.66,0
2018-09-13,4.1398,4.1398,4.1398,4.1398,44718000,0.00%,111112537,59866358537,185123.58,0
2018-09-14,4.1398,4.1398,4.1398,4.1398,38323500,0.00%,72789037,59866358537,158651.63,0
2018-09-17,4.1398,4.1398,4.1398,4.1398,27347000,0.00%,45442037,59866358537,113211.11,0
2018-09-18,4.1398,4.1398,4.1398,4.1398,35496000,0.00%,9946037,59866358537,146946.34,0
2018-09-19,4.1398,4.1439,4.1439,4.1398,30116500,0.10%,188274379,60074803379,124799.76,208444842
2018-09-20,4.1439,4.1439,4.1439,4.1439,28231500,0.00%,160042879,60074803379,116988.51,0
2018-09-21,4.1439,4.1439,4.1439,4.1439,43674000,0.00%,116368879,60074803379,180980.69,0
2018-09-24,4.1439,4.1439,4.1439,4.1439,26883000,0.00%,89485879,60074803379,111400.46,0
2018-09-26,4.1439,4.1439,4.1439,4.1439,33524000,0.00%,55961879,60074803379,138920.1,0
2018-09-27,4.1439,4.1439,4.1439,4.1439,28956500,0.00%,27005379,60074803379,119992.84,0
2018-09-28,4.1439,4.1439,4.1439,4.1439,23809000,0.00%,3196379,60074803379,98662.12,0
2018-10-02,4.1439,4.1481,4.1481,4.1439,31494000,0.10%,181033537,60284134537,130640.26,209331157
2018-10-03,4.1481,4.1481,4.1481,4.1481,19053000,0.00%,161980537,60284134537,79033.75,0
2018-10-04,4.1481,4.1481,4.1481,4.1481,32552500,0.00%,129428037,60284134537,135031.03,0
2018-10-05,4.1481,4.1481,4.1481,4.1481,31001000,0.00%,98427037,60284134537,128595.25,0
2018-10-08,4.1481,4.1481,4.1481,4.1481,32219000,0.00%,66208037,60284134537,133647.63,0
2018-10-09,4.1481,4.1481,4.1481,4.1481,37845000,0.00%,28363037,60284134537,156984.84,0
2018-10-10,4.1481,4.1522,4.1522,4.1481,48284999,0.10%,190414398,60494470898,200488.98,210336361
2018-10-11,4.1522,4.1522,4.1522,4.1522,98063500,0.00%,92350898,60494470898,407179.26,0
2018-10-12,4.1522,4.1522,4.1522,4.1522,78909000,0.00%,13441898,60494470898,327645.95,0
2018-10-15,4.1522,4.1564,4.1564,4.1522,40005500,0.10%,186284261,60707318761,166278.86,212847863
2018-10-16,4.1564,4.1564,4.1564,4.1564,36409500,0.00%,149874761,60707318761,151332.45,0
2018-10-18,4.1564,4.1564,4.1564,4.1564,31871000,0.00%,118003761,60707318761,132468.62,0
2018-10-19,4.1564,4.1564,4.1564,4.1564,36583500,0.00%,81420261,60707318761,152055.66,0
2018-10-22,4.1564,4.1564,4.1564,4.1564,40962500,0.00%,40457761,60707318761,170256.54,0
2018-10-23,4.1564,4.1605,4.1605,4.1564,44892000,0.10%,208940551,60920693551,186773.17,213374789
2018-10-24,4.1605,4.1605,4.1605,4.1605,38251000,0.00%,170689551,60920693551,159143.29,0
2018-10-25,4.1605,4.1605,4.1605,4.1605,45109500,0.00%,125580051,60920693551,187678.07,0
2018-10-26,4.1605,4.1605,4.1605,4.1605,38251000,0.00%,87329051,60920693551,159143.29,0
2018-10-29,4.1605,4.1605,4.1605,4.1605,34829000,0.00%,52500051,60920693551,144906.05,0
2018-10-30,4.1605,4.1605,4.1605,4.1605,42746000,0.00%,9754051,60920693551,177844.73,0
2018-10-31,4.1605,4.1647,4.1647,4.1605,49822000,0.10%,173199037,61133960537,207493.68,213266986
2018-11-01,4.1647,4.1647,4.1647,4.1647,59566000,0.00%,113633037,61133960537,248074.52,0
2018-11-02,4.1647,4.1647,4.1647,4.1647,97019500,0.00%,16613537,61133960537,404057.11,0
2018-11-05,4.1647,4.1689,4.1689,4.1647,39469000,0.10%,191801211,61348617211,164542.31,214656673
2018-11-06,4.1689,4.1689,4.1689,4.1689,33843000,0.00%,157958211,61348617211,141088.08,0
2018-11-07,4.1689,4.1689,4.1689,4.1689,37308500,0.00%,120649711,61348617211,155535.41,0
2018-11-08,4.1689,4.1689,4.1689,4.1689,44442500,0.00%,76207211,61348617211,185276.34,0
2018-11-09,4.1689,4.1689,4.1689,4.1689,41702000,0.00%,34505211,61348617211,173851.47,0
2018-11-12,4.1689,4.173,4.173,4.1689,39585000,0.10%,209815016,61563512016,165188.21,214894805
2018-11-13,4.173,4.173,4.173,4.173,48531500,0.00%,161283516,61563512016,202521.95,0
2018-11-14,4.173,4.173,4.173,4.173,30928500,0.00%,130355016,61563512016,129064.63,0
2018-11-15,4.173,4.173,4.173,4.173,66729000,0.00%,63626016,61563512016,278460.12,0
2018-11-16,4.173,4.173,4.173,4.173,37584000,0.00%,26042016,61563512016,156838.03,0
2018-11-19,4.173,4.1772,4.1772,4.173,26158000,0.10%,215866828,61779494828,109267.2,215982811
2018-11-20,4.1772,4.1772,4.1772,4.1772,24737000,0.00%,191129828,61779494828,103331.4,0
2018-11-21,4.1772,4.1772,4.1772,4.1772,32422000,0.00%,158707828,61779494828,135433.18,0
2018-11-22,4.1772,4.1772,4.1772,4.1772,28942000,0.00%,129765828,61779494828,120896.52,0
2018-11-23,4.1772,4.1772,4.1772,4.1772,17429000,0.00%,112336828,61779494828,72804.42,0
2018-11-26,4.1772,4.1772,4.1772,4.1772,21982000,0.00%,90354828,61779494828,91823.21,0
2018-11-27,4.1772,4.1772,4.1772,4.1772,39672000,0.00%,50682828,61779494828,165717.88,0
2018-11-28,4.1772,4.1772,4.1772,4.1772,49851000,0.00%,831828,61779494828,208237.6,0
2018-11-29,4.1772,4.1814,4.1814,4.1772,55230500,0.10%,162828617,61996722117,230940.81,217227289
2018-11-30,4.1814,4.1814,4.1814,4.1814,33582000,0.00%,129246617,61996722117,140419.77,0
2018-12-03,4.1814,4.1814,4.1814,4.1814,50953000,0.00%,78293617,61996722117,213054.87,0
2018-12-04,4.1814,4.1814,4.1814,4.1814,36569000,0.00%,41724617,61996722117,152909.62,0
2018-12-05,4.1814,4.1814,4.1814,4.1814,37714500,0.00%,4010117,61996722117,157699.41,0
2018-12-06,4.1814,4.1856,4.1856,4.1814,45617000,0.10%,176605935,62214934935,190934.52,218212817
2018-12-07,4.1856,4.1856,4.1856,4.1856,44906500,0.00%,131699435,62214934935,187960.65,0
2018-12-10,4.1856,4.1856,4.1856,4.1856,25331500,0.00%,106367935,62214934935,106027.53,0
2018-12-11,4.1856,4.1856,4.1856,4.1856,24722500,0.00%,81645435,62214934935,103478.5,0
2018-12-12,4.1856,4.1856,4.1856,4.1856,23286999,0.00%,58358435,62214934935,97470.07,0
2018-12-13,4.1856,4.1856,4.1856,4.1856,20488500,0.00%,37869935,62214934935,85756.67,0
2018-12-14,4.1856,4.1856,4.1856,4.1856,24708000,0.00%,13161935,62214934935,103417.8,0
2018-12-17,4.1856,4.1898,4.1898,4.1856,19995500,0.10%,211136073,62432904573,83777.15,217969638
2018-12-18,4.1898,4.1898,4.1898,4.1898,27216500,0.00%,183919573,62432904573,114031.69,0
2018-12-19,4.1898,4.1898,4.1898,4.1898,21271500,0.00%,162648073,62432904573,89123.33,0
2018-12-20,4.1898,4.1898,4.1898,4.1898,23620500,0.00%,139027573,62432904573,98965.17,0
2018-12-21,4.1898,4.1898,4.1898,4.1898,60363500,0.00%,78664073,62432904573,252910.99,0
2018-12-24,4.1898,4.1898,4.1898,4.1898,21141000,0.00%,57523073,62432904573,88576.56,0
2018-12-27,4.1898,4.1898,4.1898,4.1898,25592500,0.00%,31930573,62432904573,107227.46,0
2018-12-28,4.1898,4.1898,4.1898,4.1898,16733000,0.00%,15197573,62432904573,70107.92,0
2018-12-31,4.1898,4.1898,4.1898,4.1898,14340500,0.00%,857073,62432904573,60083.83,0
2019-01-02,4.1898,4.1939,4.1939,4.1898,23580000,0.10%,195870069,62651497569,98892.16,218592995
2019-01-03,4.1939,4.1939,4.1939,4.1939,24630000,0.00%,171240069,62651497569,103295.76,0
2019-01-04,4.1939,4.1939,4.1939,4.1939,28995000,0.00%,142245069,62651497569,121602.13,0
2019-01-07,4.1939,4.1939,4.1939,4.1939,37335000,0.00%,104910069,62651497569,156579.26,0
2019-01-08,4.1939,4.1939,4.1939,4.1939,24390000,0.00%,80520069,62651497569,102289.22,0
2019-01-09,4.1939,4.1939,4.1939,4.1939,47820000,0.00%,32700069,62651497569,200552.3,0
2019-01-10,4.1939,4.1981,4.1981,4.1939,37365000,0.10%,215130114,62871292614,156862.01,219795045
2019-01-11,4.1981,4.1981,4.1981,4.1981,30225000,0.00%,184905114,62871292614,126887.57,0
2019-01-14,4.1981,4.1981,4.1981,4.1981,28470000,0.00%,156435114,62871292614,119519.91,0
2019-01-15,4.1981,4.1981,4.1981,4.1981,25425000,0.00%,131010114,62871292614,106736.69,0
2019-01-16,4.1981,4.1981,4.1981,4.1981,24585000,0.00%,106425114,62871292614,103210.29,0
2019-01-17,4.1981,4.1981,4.1981,4.1981,34725000,0.00%,71700114,62871292614,145779.02,0
2019-01-18,4.1981,4.1981,4.1981,4.1981,23490000,0.00%,48210114,62871292614,98613.37,0
2019-01-21,4.1981,4.1981,4.1981,4.1981,28590000,0.00%,19620114,62871292614,120023.68,0
2019-01-22,4.1981,4.2023,4.2023,4.1981,31560000,0.10%,208464257,63091696757,132624.59,220404143
2019-01-23,4.2023,4.2023,4.2023,4.2023,24615000,0.00%,183849257,63091696757,103439.61,0
2019-01-24,4.2023,4.2023,4.2023,4.2023,25665000,0.00%,158184257,63091696757,107852.03,0
2019-01-25,4.2023,4.2023,4.2023,4.2023,47295000,0.00%,110889257,63091696757,198747.78,0
2019-01-28,4.2023,4.2023,4.2023,4.2023,33360000,0.00%,77529257,63091696757,140188.73,0
2019-01-29,4.2023,4.2023,4.2023,4.2023,23700000,0.00%,53829257,63091696757,99594.51,0
2019-01-30,4.2023,4.2023,4.2023,4.2023,19635000,0.00%,34194257,63091696757,82512.16,0
2019-01-31,4.2023,4.2065,4.2065,4.2023,36285000,0.10%,217572736,63311360236,152632.85,219663479
2019-02-01,4.2065,4.2065,4.2065,4.2065,20955000,0.00%,196617736,63311360236,88147.21,0
2019-02-04,4.2065,4.2065,4.2065,4.2065,8790000,0.00%,187827736,63311360236,36975.14,0
2019-02-08,4.2065,4.2065,4.2065,4.2065,22350000,0.00%,165477736,63311360236,94015.28,0
2019-02-11,4.2065,4.2065,4.2065,4.2065,26025000,0.00%,139452736,63311360236,109474.16,0
2019-02-12,4.2065,4.2065,4.2065,4.2065,22515000,0.00%,116937736,63311360236,94709.35,0
2019-02-13,4.2065,4.2065,4.2065,4.2065,34320000,0.00%,82617736,63311360236,144367.08,0
2019-02-14,4.2065,4.2065,4.2065,4.2065,28905000,0.00%,53712736,63311360236,121588.88,0
2019-02-15,4.2065,4.2065,4.2065,4.2065,27840000,0.00%,25872736,63311360236,117108.96,0
2019-02-18,4.2065,4.2065,4.2065,4.2065,18060000,0.00%,7812736,63311360236,75969.39,0
2019-02-19,4.2065,4.2107,4.2107,4.2065,13965000,0.10%,208970574,63526483074,58802.43,215122837
2019-02-20,4.2107,4.2107,4.2107,4.2107,25650000,0.00%,183320574,63526483074,108004.46,0
2019-02-21,4.2107,4.2107,4.2107,4.2107,17700000,0.00%,165620574,63526483074,74529.39,0
2019-02-22,4.2107,4.2107,4.2107,4.2107,20625000,0.00%,144995574,63526483074,86845.69,0
2019-02-25,4.2107,4.2107,4.2107,4.2107,25770000,0.00%,119225574,63526483074,108509.74,0
2019-02-26,4.2107,4.2107,4.2107,4.2107,20745000,0.00%,98480574,63526483074,87350.97,0
2019-02-27,4.2107,4.2107,4.2107,4.2107,23670000,0.00%,74810574,63526483074,99667.27,0
2019-02-28,4.2107,4.2107,4.2107,4.2107,28080000,0.00%,46730574,63526483074,118236.46,0
2019-03-01,4.2107,4.2107,4.2107,4.2107,25515000,0.00%,21215574,63526483074,107436.01,0
2019-03-04,4.2107,4.215,4.215,4.2107,42885000,0.10%,186447901,63734600401,180760.27,208117326
2019-03-05,4.215,4.215,4.215,4.215,54930000,0.00%,131517901,63734600401,231529.95,0
2019-03-06,4.215,4.215,4.215,4.215,44805000,0.00%,86712901,63734600401,188853.08,0
2019-03-07,4.215,4.215,4.215,4.215,25905000,0.00%,60807901,63734600401,109189.57,0
2019-03-08,4.215,4.215,4.215,4.215,38805000,0.00%,22002901,63734600401,163563.08,0
2019-03-11,4.215,4.2192,4.2192,4.215,27585000,0.10%,202808266,63942990766,116386.63,208390365
2019-03-12,4.2192,4.2192,4.2192,4.2192,24569999,0.00%,178238266,63942990766,103665.74,0
2019-03-13,4.2192,4.2192,4.2192,4.2192,18180000,0.00%,160058266,63942990766,76705.06,0
2019-03-14,4.2192,4.2192,4.2192,4.2192,18075000,0.00%,141983266,63942990766,76262.04,0
2019-03-15,4.2192,4.2192,4.2192,4.2192,24105000,0.00%,117878266,63942990766,101703.82,0
2019-03-18,4.2192,4.2192,4.2192,4.2192,29220000,0.00%,88658266,63942990766,123285.02,0
2019-03-19,4.2192,4.2192,4.2192,4.2192,23100000,0.00%,65558266,63942990766,97463.52,0
2019-03-20,4.2192,4.2192,4.2192,4.2192,24240000,0.00%,41318266,63942990766,102273.41,0
2019-03-21,4.2192,4.2192,4.2192,4.2192,31770000,0.00%,9548266,63942990766,134043.98,0
2019-03-22,4.2192,4.2234,4.2234,4.2192,38130000,0.10%,179983615,64151556115,161038.24,208565348
2019-03-25,4.2234,4.2234,4.2234,4.2234,31275000,0.00%,148708615,64151556115,132086.83,0
2019-03-26,4.2234,4.2234,4.2234,4.2234,24345000,0.00%,124363615,64151556115,102818.67,0
2019-03-27,4.2234,4.2234,4.2234,4.2234,20385000,0.00%,103978615,64151556115,86094.01,0
2019-03-28,4.2234,4.2234,4.2234,4.2234,16455000,0.00%,87523615,64151556115,69496.05,0
2019-03-29,4.2234,4.2234,4.2234,4.2234,26400000,0.00%,61123615,64151556115,111497.76,0
2019-04-01,4.2234,4.2234,4.2234,4.2234,22200000,0.00%,38923615,64151556115,93759.48,0
2019-04-02,4.2234,4.2234,4.2234,4.2234,20100000,0.00%,18823615,64151556115,84890.34,0
2019-04-03,4.2234,4.2276,4.2276,4.2234,41490000,0.10%,184900645,64359123145,175403.12,207567030
2019-04-04,4.2276,4.2276,4.2276,4.2276,20550000,0.00%,164350645,64359123145,86877.18,0
2019-04-08,4.2276,4.2276,4.2276,4.2276,24390000,0.00%,139960645,64359123145,103111.16,0
2019-04-09,4.2276,4.2276,4.2276,4.2276,21870000,0.00%,118090645,64359123145,92457.61,0
2019-04-10,4.2276,4.2276,4.2276,4.2276,23325000,0.00%,94765645,64359123145,98608.77,0
2019-04-11,4.2276,4.2276,4.2276,4.2276,50400000,0.00%,44365645,64359123145,213071.04,0
2019-04-12,4.2276,4.2276,4.2276,4.2276,19185000,0.00%,25180645,64359123145,81106.51,0
2019-04-15,4.2276,4.2276,4.2276,4.2276,21000000,0.00%,4180645,64359123145,88779.6,0
2019-04-16,4.2276,4.2318,4.2318,4.2276,19530000,0.10%,191318330,64565790830,82647.05,206667684
2019-04-17,4.2318,4.2318,4.2318,4.2318,19185000,0.00%,172133330,64565790830,81187.08,0
2019-04-18,4.2318,4.2318,4.2318,4.2318,19710000,0.00%,152423330,64565790830,83408.78,0
2019-04-23,4.2318,4.2318,4.2318,4.2318,19965000,0.00%,132458330,64565790830,84487.89,0
2019-04-24,4.2318,4.2318,4.2318,4.2318,22830000,0.00%,109628330,64565790830,96611.99,0
2019-04-25,4.2318,4.2318,4.2318,4.2318,23310000,0.00%,86318330,64565790830,98643.26,0
2019-04-26,4.2318,4.2318,4.2318,4.2318,19335000,0.00%,66983330,64565790830,81821.85,0
2019-04-29,4.2318,4.2318,4.2318,4.2318,20175000,0.00%,46808330,64565790830,85376.57,0
2019-04-30,4.2318,4.2318,4.2318,4.2318,14490000,0.00%,32318330,64565790830,61318.78,0
2019-05-02,4.2318,4.2318,4.2318,4.2318,13575000,0.00%,18743330,64565790830,57446.68,0
2019-05-03,4.2318,4.2318,4.2318,4.2318,14490000,0.00%,4253330,64565790830,61318.78,0
2019-05-06,4.2318,4.2361,4.2361,4.2318,34095000,0.10%,170602696,64766235196,144429.83,200444366
2019-05-07,4.2361,4.2361,4.2361,4.2361,25935000,0.00%,144667696,64766235196,109863.25,0
2019-05-08,4.2361,4.2361,4.2361,4.2361,51330000,0.00%,93337696,64766235196,217439.01,0
2019-05-09,4.2361,4.2361,4.2361,4.2361,29700000,0.00%,63637696,64766235196,125812.17,0
2019-05-10,4.2361,4.2361,4.2361,4.2361,38880000,0.00%,24757696,64766235196,164699.57,0
2019-05-14,4.2361,4.2403,4.2403,4.2361,39735000,0.10%,184639319,64965851819,168488.32,199616623
2019-05-15,4.2403,4.2403,4.2403,4.2403,24510000,0.00%,160129319,64965851819,103929.75,0
2019-05-16,4.2403,4.2403,4.2403,4.2403,34500000,0.00%,125629319,64965851819,146290.35,0
2019-05-17,4.2403,4.2403,4.2403,4.2403,34410000,0.00%,91219319,64965851819,145908.72,0
2019-05-20,4.2403,4.2403,4.2403,4.2403,40305000,0.00%,50914319,64965851819,170905.29,0
2019-05-21,4.2403,4.2403,4.2403,4.2403,34095000,0.00%,16819319,64965851819,144573.03,0
2019-05-22,4.2403,4.2445,4.2445,4.2403,28830000,0.10%,188180967,65166043467,122368.94,200191647
2019-05-23,4.2445,4.2445,4.2445,4.2445,55470000,0.00%,132710967,65166043467,235442.42,0
2019-05-24,4.2445,4.2445,4.2445,4.2445,32100000,0.00%,100610967,65166043467,136248.45,0
2019-05-27,4.2445,4.2445,4.2445,4.2445,29700000,0.00%,70910967,65166043467,126061.65,0
2019-05-28,4.2445,4.2445,4.2445,4.2445,43440000,0.00%,27470967,65166043467,184381.08,0
2019-05-29,4.2445,4.2488,4.2488,4.2445,29955000,0.10%,197825451,65366352951,127272.8,200309484
2019-05-30,4.2488,4.2488,4.2488,4.2488,19485000,0.00%,178340451,65366352951,82787.87,0
2019-05-31,4.2488,4.2488,4.2488,4.2488,28470000,0.00%,149870451,65366352951,120963.34,0
2019-06-03,4.2488,4.2488,4.2488,4.2488,30630000,0.00%,119240451,65366352951,130140.74,0
2019-06-04,4.2488,4.2488,4.2488,4.2488,29505000,0.00%,89735451,65366352951,125360.84,0
2019-06-05,4.2488,4.2488,4.2488,4.2488,27405000,0.00%,62330451,65366352951,116438.36,0
2019-06-06,4.2488,4.2488,4.2488,4.2488,18585000,0.00%,43745451,65366352951,78963.95,0
2019-06-10,4.2488,4.2488,4.2488,4.2488,35835000,0.00%,7910451,65366352951,152255.75,0
2019-06-11,4.2488,4.253,4.253,4.2488,26805000,0.10%,181198877,65566446377,114001.67,200093425
2019-06-12,4.253,4.253,4.253,4.253,26310000,0.00%,154888877,65566446377,111896.43,0
2019-06-13,4.253,4.253,4.253,4.253,30480000,0.00%,124408877,65566446377,129631.44,0
2019-06-14,4.253,4.253,4.253,4.253,21105000,0.00%,103303877,65566446377,89759.57,0
2019-06-17,4.253,4.253,4.253,4.253,15885000,0.00%,87418877,65566446377,67558.9,0
2019-06-18,4.253,4.253,4.253,4.253,17955000,0.00%,69463877,65566446377,76362.62,0
2019-06-19,4.253,4.253,4.253,4.253,35340000,0.00%,34123877,65566446377,150301.02,0
2019-06-20,4.253,4.253,4.253,4.253,28845000,0.00%,5278877,65566446377,122677.79,0
2019-06-21,4.253,4.2573,4.2573,4.253,30165000,0.10%,163461138,65754793638,128421.45,188347260
2019-06-24,4.2573,4.2573,4.2573,4.2573,15975000,0.00%,147486138,65754793638,68010.37,0
2019-06-25,4.2573,4.2573,4.2573,4.2573,17205000,0.00%,130281138,65754793638,73246.85,0
2019-06-26,4.2573,4.2573,4.2573,4.2573,15990000,0.00%,114291138,65754793638,68074.23,0
2019-06-27,4.2573,4.2573,4.2573,4.2573,16935000,0.00%,97356138,65754793638,72097.38,0
2019-06-28,4.2573,4.2573,4.2573,4.2573,19155000,0.00%,78201138,65754793638,81548.58,0
2019-07-02,4.2573,4.2573,4.2573,4.2573,33765000,0.00%,44436138,65754793638,143747.73,0
2019-07-03,4.2573,4.2573,4.2573,4.2573,15540000,0.00%,28896138,65754793638,66158.44,0
2019-07-04,4.2573,4.2573,4.2573,4.2573,10215000,0.00%,18681138,65754793638,43488.32,0
2019-07-05,4.2573,4.2573,4.2573,4.2573,7695000,0.00%,10986138,65754793638,32759.92,0
2019-07-08,4.2573,4.2616,4.2616,4.2573,15030000,0.10%,180440415,65939277915,64051.85,184484277
2019-07-09,4.2616,4.2616,4.2616,4.2616,14490000,0.00%,165950415,65939277915,61750.58,0
2019-07-10,4.2616,4.2616,4.2616,4.2616,19305000,0.00%,146645415,65939277915,82270.19,0
2019-07-11,4.2616,4.2616,4.2616,4.2616,13365000,0.00%,133280415,65939277915,56956.28,0
2019-07-12,4.2616,4.2616,4.2616,4.2616,12434999,0.00%,120845415,65939277915,52993.0,0
2019-07-15,4.2616,4.2616,4.2616,4.2616,17715000,0.00%,103130415,65939277915,75494.24,0
2019-07-16,4.2616,4.2616,4.2616,4.2616,15630000,0.00%,87500415,65939277915,66608.81,0
2019-07-17,4.2616,4.2616,4.2616,4.2616,14475000,0.00%,73025415,65939277915,61686.66,0
2019-07-18,4.2616,4.2616,4.2616,4.2616,15735000,0.00%,57290415,65939277915,67056.28,0
2019-07-19,4.2616,4.2616,4.2616,4.2616,12075000,0.00%,45215415,65939277915,51458.82,0
2019-07-22,4.2616,4.2616,4.2616,4.2616,13005000,0.00%,32210415,65939277915,55422.11,0
2019-07-23,4.2616,4.2616,4.2616,4.2616,13140000,0.00%,19070415,65939277915,55997.42,0
2019-07-24,4.2616,4.2658,4.2658,4.2616,26625000,0.10%,173211753,66120044253,113576.92,180766338
2019-07-25,4.2658,4.2658,4.2658,4.2658,20910000,0.00%,152301753,66120044253,89197.88,0
2019-07-26,4.2658,4.2658,4.2658,4.2658,17475000,0.00%,134826753,66120044253,74544.85,0
2019-07-29,4.2658,4.2658,4.2658,4.2658,16920000,0.00%,117906753,66120044253,72177.34,0
2019-07-30,4.2658,4.2658,4.2658,4.2658,15810000,0.00%,102096753,66120044253,67442.3,0
2019-07-31,4.2658,4.2658,4.2658,4.2658,15750000,0.00%,86346753,66120044253,67186.35,0
2019-08-01,4.2658,4.2658,4.2658,4.2658,18570000,0.00%,67776753,66120044253,79215.91,0
2019-08-02,4.2658,4.2658,4.2658,4.2658,37920000,0.00%,29856753,66120044253,161759.14,0
2019-08-05,4.2658,4.2701,4.2701,4.2658,45840000,0.10%,162881698,66298909198,195741.38,178864944
2019-08-06,4.2701,4.2701,4.2701,4.2701,46890000,0.00%,115991698,66298909198,200224.99,0
2019-08-07,4.2701,4.2701,4.2701,4.2701,22725000,0.00%,93266698,66298909198,97038.02,0
2019-08-08,4.2701,4.2701,4.2701,4.2701,23190000,0.00%,70076698,66298909198,99023.62,0
2019-08-09,4.2701,4.2701,4.2701,4.2701,20610000,0.00%,49466698,66298909198,88006.76,0
2019-08-12,4.2701,4.2701,4.2701,4.2701,18510000,0.00%,30956698,66298909198,79039.55,0
2019-08-13,4.2701,4.2701,4.2701,4.2701,19725000,0.00%,11231698,66298909198,84227.72,0
2019-08-14,4.2701,4.2743,4.2743,4.2701,26220000,0.10%,162261812,66476159312,112072.15,177250114
2019-08-15,4.2743,4.2743,4.2743,4.2743,45015000,0.00%,117246812,66476159312,192407.61,0
2019-08-16,4.2743,4.2743,4.2743,4.2743,35595000,0.00%,81651812,66476159312,152143.71,0
2019-08-19,4.2743,4.2743,4.2743,4.2743,32700000,0.00%,48951812,66476159312,139769.61,0
2019-08-20,4.2743,4.2743,4.2743,4.2743,23280000,0.00%,25671812,66476159312,99505.7,0
2019-08-21,4.2743,4.2743,4.2743,4.2743,15645000,0.00%,10026812,66476159312,66871.42,0
2019-08-22,4.2743,4.2786,4.2786,4.2743,15780000,0.10%,171351423,66653263923,67516.31,177104610
2019-08-23,4.2786,4.2786,4.2786,4.2786,17700000,0.00%,153651423,66653263923,75731.22,0
2019-08-26,4.2786,4.2786,4.2786,4.2786,34140000,0.00%,119511423,66653263923,146071.4,0
2019-08-27,4.2786,4.2786,4.2786,4.2786,26880000,0.00%,92631423,66653263923,115008.77,0
2019-08-28,4.2786,4.2786,4.2786,4.2786,33945000,0.00%,58686423,66653263923,145237.08,0
2019-08-29,4.2786,4.2786,4.2786,4.2786,37545000,0.00%,21141423,66653263923,160640.04,0
2019-08-30,4.2786,4.2829,4.2829,4.2786,29130000,0.10%,169445797,66830698297,124760.88,177434373
2019-09-02,4.2829,4.2829,4.2829,4.2829,25440000,0.00%,144005797,66830698297,108956.98,0
2019-09-03,4.2829,4.2829,4.2829,4.2829,20940000,0.00%,123065797,66830698297,89683.93,0
2019-09-04,4.2829,4.2829,4.2829,4.2829,33510000,0.00%,89555797,66830698297,143519.98,0
2019-09-05,4.2829,4.2829,4.2829,4.2829,27195000,0.00%,62360797,66830698297,116473.47,0
2019-09-06,4.2829,4.2829,4.2829,4.2829,20175000,0.00%,42185797,66830698297,86407.51,0
2019-09-09,4.2829,4.2829,4.2829,4.2829,13215000,0.00%,28970797,66830698297,56598.52,0
2019-09-10,4.2829,4.2829,4.2829,4.2829,16020000,0.00%,12950797,66830698297,68612.06,0
2019-09-11,4.2829,4.2872,4.2872,4.2829,23685000,0.10%,165890864,67007323364,101542.33,176625066
2019-09-12,4.2872,4.2872,4.2872,4.2872,22950000,0.00%,142940864,67007323364,98391.24,0
2019-09-13,4.2872,4.2872,4.2872,4.2872,14910000,0.00%,128030864,67007323364,63922.15,0
2019-09-16,4.2872,4.2872,4.2872,4.2872,35055000,0.00%,92975864,67007323364,150287.8,0
2019-09-17,4.2872,4.2872,4.2872,4.2872,13845000,0.00%,79130864,67007323364,59356.28,0
2019-09-18,4.2872,4.2872,4.2872,4.2872,11010000,0.00%,68120864,67007323364,47202.07,0
2019-09-19,4.2872,4.2872,4.2872,4.2872,14160000,0.00%,53960864,67007323364,60706.75,0
2019-09-20,4.2872,4.2872,4.2872,4.2872,28920000,0.00%,25040864,67007323364,123985.82,0
2019-09-23,4.2872,4.2872,4.2872,4.2872,12465000,0.00%,12575864,67007323364,53439.95,0
2019-09-24,4.2872,4.2915,4.2915,4.2872,16080000,0.10%,171227779,67182055279,69007.32,174731915
2019-09-25,4.2915,4.2915,4.2915,4.2915,26145000,0.00%,145082779,67182055279,112201.27,0
2019-09-26,4.2915,4.2915,4.2915,4.2915,18675000,0.00%,126407779,67182055279,80143.76,0
2019-09-27,4.2915,4.2915,4.2915,4.2915,16230000,0.00%,110177779,67182055279,69651.04,0
2019-09-30,4.2915,4.2915,4.2915,4.2915,22035000,0.00%,88142779,67182055279,94563.2,0
2019-10-02,4.2915,4.2915,4.2915,4.2915,25920000,0.00%,62222779,67182055279,111235.68,0
2019-10-03,4.2915,4.2915,4.2915,4.2915,23745000,0.00%,38477779,67182055279,101901.67,0
2019-10-04,4.2915,4.2915,4.2915,4.2915,18915000,0.00%,19562779,67182055279,81173.72,0
2019-10-08,4.2915,4.2958,4.2958,4.2915,22920000,0.10%,171680986,67357093486,98459.74,175038206
2019-10-09,4.2958,4.2958,4.2958,4.2958,26535000,0.00%,145145986,67357093486,113989.05,0
2019-10-10,4.2958,4.2958,4.2958,4.2958,24734999,0.00%,120410986,67357093486,106256.61,0
2019-10-11,4.2958,4.2958,4.2958,4.2958,29415000,0.00%,90995986,67357093486,126360.96,0
2019-10-14,4.2958,4.2958,4.2958,4.2958,36015000,0.00%,54980986,67357093486,154713.24,0
2019-10-15,4.2958,4.2958,4.2958,4.2958,21300000,0.00%,33680986,67357093486,91500.54,0
2019-10-16,4.2958,4.2958,4.2958,4.2958,20925000,0.00%,12755986,67357093486,89889.62,0
2019-10-17,4.2958,4.3001,4.3001,4.2958,15510000,0.10%,172326305,67532173805,66694.55,175080318
2019-10-18,4.3001,4.3001,4.3001,4.3001,14850000,0.00%,157476305,67532173805,63856.48,0
2019-10-21,4.3001,4.3001,4.3001,4.3001,20925000,0.00%,136551305,67532173805,89979.59,0
2019-10-22,4.3001,4.3001,4.3001,4.3001,15675000,0.00%,120876305,67532173805,67404.07,0
2019-10-23,4.3001,4.3001,4.3001,4.3001,29790000,0.00%,91086305,67532173805,128099.98,0
2019-10-24,4.3001,4.3001,4.3001,4.3001,27705000,0.00%,63381305,67532173805,119134.27,0
2019-10-25,4.3001,4.3001,4.3001,4.3001,23685000,0.00%,39696305,67532173805,101847.87,0
2019-10-28,4.3001,4.3001,4.3001,4.3001,26415000,0.00%,13281305,67532173805,113587.14,0
2019-10-29,4.3001,4.3044,4.3044,4.3001,29895000,0.10%,156377413,67705164913,128680.04,172991108
2019-10-30,4.3044,4.3044,4.3044,4.3044,19785000,0.00%,136592413,67705164913,85162.55,0
2019-10-31,4.3044,4.3044,4.3044,4.3044,24165000,0.00%,112427413,67705164913,104015.83,0
2019-11-01,4.3044,4.3044,4.3044,4.3044,15600000,0.00%,96827413,67705164913,67148.64,0
2019-11-04,4.3044,4.3044,4.3044,4.3044,22170000,0.00%,74657413,67705164913,95428.55,0
2019-11-05,4.3044,4.3044,4.3044,4.3044,34125000,0.00%,40532413,67705164913,146887.65,0
2019-11-06,4.3044,4.3044,4.3044,4.3044,18645000,0.00%,21887413,67705164913,80255.54,0
2019-11-07,4.3044,4.3087,4.3087,4.3044,23295000,0.10%,167918089,67874490589,100371.17,169325676
2019-11-08,4.3087,4.3087,4.3087,4.3087,24990000,0.00%,142928089,67874490589,107674.41,0
2019-11-11,4.3087,4.3087,4.3087,4.3087,22635000,0.00%,120293089,67874490589,97527.42,0
2019-11-12,4.3087,4.3087,4.3087,4.3087,23865000,0.00%,96428089,67874490589,102827.13,0
2019-11-13,4.3087,4.3087,4.3087,4.3087,23895000,0.00%,72533089,67874490589,102956.39,0
2019-11-14,4.3087,4.3087,4.3087,4.3087,38535000,0.00%,33998089,67874490589,166035.75,0
2019-11-15,4.3087,4.3087,4.3087,4.3087,20385000,0.00%,13613089,67874490589,87832.85,0
2019-11-18,4.3087,4.313,4.313,4.3087,38685000,0.10%,144686002,68044248502,166848.4,169757913
2019-11-19,4.313,4.313,4.313,4.313,36960000,0.00%,107726002,68044248502,159408.48,0
2019-11-20,4.313,4.313,4.313,4.313,20610000,0.00%,87116002,68044248502,88890.93,0
2019-11-21,4.313,4.313,4.313,4.313,20010000,0.00%,67106002,68044248502,86303.13,0
2019-11-22,4.313,4.313,4.313,4.313,15990000,0.00%,51116002,68044248502,68964.87,0
2019-11-25,4.313,4.313,4.313,4.313,26895000,0.00%,24221002,68044248502,115998.13,0
2019-11-26,4.313,4.3173,4.3173,4.313,44160000,0.10%,148418656,68212606156,190651.97,168357653
2019-11-27,4.3173,4.3173,4.3173,4.3173,16815000,0.00%,131603656,68212606156,72595.4,0
2019-11-28,4.3173,4.3173,4.3173,4.3173,27285000,0.00%,104318656,68212606156,117797.53,0
2019-11-29,4.3173,4.3173,4.3173,4.3173,20715000,0.00%,83603656,68212606156,89432.87,0
2019-12-02,4.3173,4.3173,4.3173,4.3173,15300000,0.00%,68303656,68212606156,66054.69,0
2019-12-03,4.3173,4.3173,4.3173,4.3173,19110000,0.00%,49193656,68212606156,82503.6,0
2019-12-04,4.3173,4.3173,4.3173,4.3173,18390000,0.00%,30803656,68212606156,79395.15,0
2019-12-05,4.3173,4.3173,4.3173,4.3173,17550000,0.00%,13253656,68212606156,75768.62,0
2019-12-06,4.3173,4.3216,4.3216,4.3173,23460000,0.10%,155689031,68378501531,101384.74,165895374
2019-12-09,4.3216,4.3216,4.3216,4.3216,14760000,0.00%,140929031,68378501531,63786.82,0
2019-12-10,4.3216,4.3216,4.3216,4.3216,15705000,0.00%,125224031,68378501531,67870.73,0
2019-12-11,4.3216,4.3216,4.3216,4.3216,18810000,0.00%,106414031,68378501531,81289.3,0
2019-12-12,4.3216,4.3216,4.3216,4.3216,49920000,0.00%,56494031,68378501531,215734.27,0
2019-12-13,4.3216,4.3216,4.3216,4.3216,49185000,0.00%,7309031,68378501531,212557.9,0
2019-12-16,4.3216,4.3259,4.3259,4.3216,28860000,0.10%,144718219,68544770719,124845.47,166269188
2019-12-17,4.3259,4.3259,4.3259,4.3259,48840000,0.00%,95878219,68544770719,211276.96,0
2019-12-18,4.3259,4.3259,4.3259,4.3259,47340000,0.00%,48538219,68544770719,204788.11,0
2019-12-19,4.3259,4.3259,4.3259,4.3259,27660000,0.00%,20878219,68544770719,119654.39,0
2019-12-20,4.3259,4.3302,4.3302,4.3259,32490000,0.10%,156277081,68712659581,140688.2,167888861
2019-12-23,4.3302,4.3302,4.3302,4.3302,17505000,0.00%,138772081,68712659581,75800.15,0
2019-12-24,4.3302,4.3302,4.3302,4.3302,9540000,0.00%,129232081,68712659581,41310.11,0
2019-12-27,4.3302,4.3302,4.3302,4.3302,28770000,0.00%,100462081,68712659581,124579.85,0
2019-12-30,4.3302,4.3302,4.3302,4.3302,21495000,0.00%,78967081,68712659581,93077.65,0
2019-12-31,4.3302,4.3302,4.3302,4.3302,15570000,0.00%,63397081,68712659581,67421.21,0
2020-01-02,4.3302,4.3302,4.3302,4.3302,21684500,0.00%,41712581,68712659581,93898.22,0
2020-01-03,4.3302,4.3302,4.3302,4.3302,23730500,0.00%,17982081,68712659581,102757.81,0
2020-01-06,4.3302,4.3346,4.3346,4.3302,18786000,0.10%,162884363,68876347863,81429.8,163688281
2020-01-07,4.3346,4.3346,4.3346,4.3346,27419500,0.00%,135464863,68876347863,118852.56,0
2020-01-08,4.3346,4.3346,4.3346,4.3346,24071500,0.00%,111393363,68876347863,104340.32,0
2020-01-09,4.3346,4.3346,4.3346,4.3346,24722500,0.00%,86670863,68876347863,107162.15,0
2020-01-10,4.3346,4.3346,4.3346,4.3346,39199500,0.00%,47471363,68876347863,169914.15,0
2020-01-13,4.3346,4.3346,4.3346,4.3346,42733500,0.00%,4737863,68876347863,185232.63,0
2020-01-14,4.3346,4.3389,4.3389,4.3346,41586500,0.10%,126763102,69039959602,180439.66,163611739
2020-01-15,4.3389,4.3389,4.3389,4.3389,24707000,0.00%,102056102,69039959602,107201.2,0
2020-01-16,4.3389,4.3389,4.3389,4.3389,21343500,0.00%,80712602,69039959602,92607.31,0
2020-01-17,4.3389,4.3389,4.3389,4.3389,21188500,0.00%,59524102,69039959602,91934.78,0
2020-01-20,4.3389,4.3389,4.3389,4.3389,20584000,0.00%,38940102,69039959602,89311.92,0
2020-01-21,4.3389,4.3389,4.3389,4.3389,37463500,0.00%,1476602,69039959602,162550.38,0
2020-01-22,4.3389,4.3433,4.3433,4.3389,28954000,0.10%,133473278,69200910278,125755.91,160950675
2020-01-23,4.3433,4.3433,4.3433,4.3433,28861000,0.00%,104612278,69200910278,125351.98,0
2020-01-24,4.3433,4.3433,4.3433,4.3433,12477500,0.00%,92134778,69200910278,54193.53,0
2020-01-29,4.3433,4.3433,4.3433,4.3433,49228000,0.00%,42906778,69200910278,213811.97,0
2020-01-30,4.3433,4.3433,4.3433,4.3433,38672500,0.00%,4234278,69200910278,167966.27,0
2020-01-31,4.3433,4.3476,4.3476,4.3433,31465000,0.10%,133697809,69361838809,136797.23,160928531
2020-02-03,4.3476,4.3476,4.3476,4.3476,44454000,0.00%,89243809,69361838809,193268.21,0
2020-02-04,4.3476,4.3476,4.3476,4.3476,44066500,0.00%,45177309,69361838809,191583.52,0
2020-02-05,4.3476,4.3476,4.3476,4.3476,34720000,0.00%,10457309,69361838809,150948.67,0
2020-02-06,4.3476,4.3519,4.3519,4.3476,27574500,0.10%,143809944,69522765944,120001.47,160927134
2020-02-07,4.3519,4.3519,4.3519,4.3519,23095000,0.00%,120714944,69522765944,100507.13,0
2020-02-10,4.3519,4.3519,4.3519,4.3519,25513000,0.00%,95201944,69522765944,111030.02,0
2020-02-11,4.3519,4.3519,4.3519,4.3519,35929000,0.00%,59272944,69522765944,156359.42,0
2020-02-12,4.3519,4.3519,4.3519,4.3519,27435000,0.00%,31837944,69522765944,119394.38,0
2020-02-13,4.3519,4.3519,4.3519,4.3519,27683000,0.00%,4154944,69522765944,120473.65,0
2020-02-14,4.3519,4.3563,4.3563,4.3519,21529500,0.10%,144131017,69684271517,93788.96,161505573
2020-02-17,4.3563,4.3563,4.3563,4.3563,16554000,0.00%,127577017,69684271517,72114.19,0
2020-02-18,4.3563,4.3563,4.3563,4.3563,20196500,0.00%,107380517,69684271517,87982.01,0
2020-02-19,4.3563,4.3563,4.3563,4.3563,19375000,0.00%,88005517,69684271517,84403.31,0
2020-02-20,4.3563,4.3563,4.3563,4.3563,25698999,0.00%,62306517,69684271517,111952.55,0
2020-02-21,4.3563,4.3563,4.3563,4.3563,27047500,0.00%,35259017,69684271517,117827.02,0
2020-02-24,4.3563,4.3607,4.3607,4.3563,35929000,0.10%,159381288,69844322788,156675.59,160051270
2020-02-25,4.3607,4.3607,4.3607,4.3607,37324000,0.00%,122057288,69844322788,162758.77,0
2020-02-26,4.3607,4.3607,4.3607,4.3607,28411500,0.00%,93645788,69844322788,123894.03,0
2020-02-27,4.3607,4.3607,4.3607,4.3607,29729000,0.00%,63916788,69844322788,129639.25,0
2020-02-28,4.3607,4.3607,4.3607,4.3607,49476000,0.00%,14440788,69844322788,215749.99,0
2020-03-02,4.3607,4.365,4.365,4.3607,35789500,0.10%,139221656,70004893156,156221.17,160570367
2020-03-03,4.365,4.365,4.365,4.365,33805500,0.00%,105416156,70004893156,147561.01,0
2020-03-04,4.365,4.365,4.365,4.365,30318000,0.00%,75098156,70004893156,132338.07,0
2020-03-05,4.365,4.365,4.365,4.365,41927500,0.00%,33170656,70004893156,183013.54,0
2020-03-06,4.365,4.3694,4.3694,4.365,47104500,0.10%,148568030,70167395030,205818.4,162501874
2020-03-09,4.3694,4.3694,4.3694,4.3694,55986000,0.00%,92582030,70167395030,244625.23,0
2020-03-10,4.3694,4.3694,4.3694,4.3694,49445000,0.00%,43137030,70167395030,216044.98,0
2020-03-11,4.3694,4.3694,4.3694,4.3694,31697500,0.00%,11439530,70167395030,138499.06,0
2020-03-12,4.3694,4.3737,4.3737,4.3694,58962000,0.10%,117807114,70332724614,257882.1,165329584
2020-03-13,4.3737,4.3737,4.3737,4.3737,88954500,0.00%,28852614,70332724614,389060.3,0
2020-03-16,4.3737,4.3781,4.3781,4.3737,77050500,0.10%,119548894,70500471394,337334.79,167746779
2020-03-17,4.3781,4.3781,4.3781,4.3781,65332500,0.00%,54216394,70500471394,286032.22,0
2020-03-18,4.3781,4.3825,4.3825,4.3781,68820000,0.10%,155702698,70670777698,301603.65,170306304
2020-03-19,4.3825,4.3825,4.3825,4.3825,92612500,0.00%,63090198,70670777698,405874.28,0
2020-03-20,4.3825,4.3869,4.3869,4.3825,81065000,0.10%,155791830,70844544330,355624.05,173766631
2020-03-23,4.3869,4.3869,4.3869,4.3869,59969500,0.00%,95822330,70844544330,263080.2,0
2020-03-24,4.3869,4.3869,4.3869,4.3869,56745500,0.00%,39076830,70844544330,248936.83,0
2020-03-25,4.3869,4.3913,4.3913,4.3869,56156500,0.10%,159010858,71020634858,246600.04,176090527
2020-03-26,4.3913,4.3913,4.3913,4.3913,45446000,0.00%,113564858,71020634858,199567.02,0
2020-03-27,4.3913,4.3913,4.3913,4.3913,44547000,0.00%,69017858,71020634858,195619.24,0
2020-03-30,4.3913,4.3913,4.3913,4.3913,33852000,0.00%,35165858,71020634858,148654.29,0
2020-03-31,4.3913,4.3913,4.3913,4.3913,34410000,0.00%,755858,71020634858,151104.63,0
2020-04-01,4.3913,4.3957,4.3957,4.3913,36611000,0.10%,141392753,71197882753,160930.97,177247895
2020-04-02,4.3957,4.3957,4.3957,4.3957,18801500,0.00%,122591253,71197882753,82645.75,0
2020-04-03,4.3957,4.3957,4.3957,4.3957,22118500,0.00%,100472753,71197882753,97226.29,0
2020-04-06,4.3957,4.3957,4.3957,4.3957,21498500,0.00%,78974253,71197882753,94500.96,0
2020-04-07,4.3957,4.3957,4.3957,4.3957,29326000,0.00%,49648253,71197882753,128908.3,0
2020-04-08,4.3957,4.3957,4.3957,4.3957,23529000,0.00%,26119253,71197882753,103426.43,0
2020-04-09,4.3957,4.3957,4.3957,4.3957,24335000,0.00%,1784253,71197882753,106969.36,0
2020-04-14,4.3957,4.4001,4.4001,4.3957,40610000,0.10%,138749230,71375457730,178688.06,177574976
2020-04-15,4.4001,4.4001,4.4001,4.4001,31790500,0.00%,106958730,71375457730,139881.38,0
2020-04-16,4.4001,4.4001,4.4001,4.4001,44717500,0.00%,62241230,71375457730,196761.47,0
2020-04-17,4.4001,4.4001,4.4001,4.4001,45926500,0.00%,16314730,71375457730,202081.19,0
2020-04-20,4.4001,4.4045,4.4045,4.4001,23777000,0.10%,171048312,71553968312,104725.8,178510581
2020-04-21,4.4045,4.4045,4.4045,4.4045,32286500,0.00%,138761812,71553968312,142205.89,0
2020-04-22,4.4045,4.4045,4.4045,4.4045,26582500,0.00%,112179312,71553968312,117082.62,0
2020-04-23,4.4045,4.4045,4.4045,4.4045,27605500,0.00%,84573812,71553968312,121588.42,0
2020-04-24,4.4045,4.4045,4.4045,4.4045,19375000,0.00%,65198812,71553968312,85337.19,0
2020-04-27,4.4045,4.4045,4.4045,4.4045,24288500,0.00%,40910312,71553968312,106978.7,0
2020-04-28,4.4045,4.4045,4.4045,4.4045,20320500,0.00%,20589812,71553968312,89501.64,0
2020-04-29,4.4045,4.4045,4.4045,4.4045,20568500,0.00%,21312,71553968312,90593.96,0
2020-05-04,4.4045,4.4089,4.4089,4.4045,38192000,0.10%,141316981,71733455981,168384.71,179487669
2020-05-05,4.4089,4.4089,4.4089,4.4089,19499000,0.00%,121817981,71733455981,85969.14,0
2020-05-06,4.4089,4.4089,4.4089,4.4089,30690000,0.00%,91127981,71733455981,135309.14,0
2020-05-07,4.4089,4.4089,4.4089,4.4089,19065000,0.00%,72062981,71733455981,84055.68,0
2020-05-08,4.4089,4.4089,4.4089,4.4089,34131000,0.00%,37931981,71733455981,150480.17,0
2020-05-11,4.4089,4.4133,4.4133,4.4089,51863000,0.10%,167005598,71914392598,228886.98,180936617
2020-05-12,4.4133,4.4133,4.4133,4.4133,34162000,0.00%,132843598,71914392598,150767.15,0
2020-05-13,4.4133,4.4133,4.4133,4.4133,37634000,0.00%,95209598,71914392598,166090.13,0
2020-05-14,4.4133,4.4133,4.4133,4.4133,51041500,0.00%,44168098,71914392598,225261.45,0
2020-05-15,4.4133,4.4133,4.4133,4.4133,38114500,0.00%,6053598,71914392598,168210.72,0
2020-05-18,4.4133,4.4177,4.4177,4.4133,31914500,0.10%,157442272,72097695772,140988.69,183303173
2020-05-19,4.4177,4.4177,4.4177,4.4177,30752000,0.00%,126690272,72097695772,135853.11,0
2020-05-20,4.4177,4.4177,4.4177,4.4177,32937500,0.00%,93752772,72097695772,145507.99,0
2020-05-21,4.4177,4.4177,4.4177,4.4177,29109000,0.00%,64643772,72097695772,128594.83,0
2020-05-22,4.4177,4.4177,4.4177,4.4177,58698500,0.00%,5945272,72097695772,259312.36,0
2020-05-25,4.4177,4.4221,4.4221,4.4177,30922500,0.10%,158588357,72281261357,136742.39,183565585
2020-05-26,4.4221,4.4221,4.4221,4.4221,24800000,0.00%,133788357,72281261357,109668.08,0
2020-05-27,4.4221,4.4221,4.4221,4.4221,32286500,0.00%,101501857,72281261357,142774.13,0
2020-05-28,4.4221,4.4221,4.4221,4.4221,44857000,0.00%,56644857,72281261357,198362.14,0
2020-05-29,4.4221,4.4221,4.4221,4.4221,45384000,0.00%,11260857,72281261357,200692.59,0
2020-06-01,4.4221,4.4265,4.4265,4.4221,35634500,0.10%,160773636,72466408636,157736.11,185147278
2020-06-02,4.4265,4.4265,4.4265,4.4265,27667500,0.00%,133106136,72466408636,122470.19,0
2020-06-03,4.4265,4.4265,4.4265,4.4265,31046500,0.00%,102059636,72466408636,137427.33,0
2020-06-04,4.4265,4.4265,4.4265,4.4265,28628500,0.00%,73431136,72466408636,126724.06,0
2020-06-05,4.4265,4.4265,4.4265,4.4265,41121500,0.00%,32309636,72466408636,182024.32,0
2020-06-08,4.4265,4.4265,4.4265,4.4265,30566000,0.00%,1743636,72466408636,135300.4,0
2020-06-09,4.4265,4.4309,4.4309,4.4265,28675000,0.10%,159559595,72652899595,127056.06,186490959
2020-06-10,4.4309,4.4309,4.4309,4.4309,52607000,0.00%,106952595,72652899595,233096.36,0
2020-06-11,4.4309,4.4309,4.4309,4.4309,41741500,0.00%,65211095,72652899595,184952.41,0
2020-06-12,4.4309,4.4309,4.4309,4.4309,27063000,0.00%,38148095,72652899595,119913.45,0
2020-06-15,4.4309,4.4309,4.4309,4.4309,24815500,0.00%,13332595,72652899595,109955.0,0
2020-06-16,4.4309,4.4354,4.4354,4.4309,34797500,0.10%,166647669,72841012169,154340.83,188112573
2020-06-17,4.4354,4.4354,4.4354,4.4354,21824000,0.00%,144823669,72841012169,96798.17,0
2020-06-18,4.4354,4.4354,4.4354,4.4354,28876500,0.00%,115947169,72841012169,128078.83,0
2020-06-19,4.4354,4.4354,4.4354,4.4354,39261500,0.00%,76685669,72841012169,174140.46,0
2020-06-22,4.4354,4.4354,4.4354,4.4354,40238000,0.00%,36447669,72841012169,178471.63,0
2020-06-23,4.4354,4.4398,4.4398,4.4354,48561500,0.10%,177559585,73030685585,215603.35,189673416
2020-06-24,4.4398,4.4398,4.4398,4.4398,35743000,0.00%,141816585,73030685585,158691.77,0
2020-06-26,4.4398,4.4398,4.4398,4.4398,27714000,0.00%,114102585,73030685585,123044.62,0
2020-06-29,4.4398,4.4398,4.4398,4.4398,34224000,0.00%,79878585,73030685585,151947.72,0
2020-06-30,4.4398,4.4398,4.4398,4.4398,34317000,0.00%,45561585,73030685585,152360.62,0
2020-07-02,4.4398,4.4443,4.4443,4.4398,49259000,0.10%,187400077,73221783077,218921.77,191097491
2020-07-03,4.4443,4.4443,4.4443,4.4443,32550000,0.00%,154850077,73221783077,144661.96,0
2020-07-06,4.4443,4.4443,4.4443,4.4443,36053000,0.00%,118797077,73221783077,160230.35,0
2020-07-07,4.4443,4.4443,4.4443,4.4443,39091000,0.00%,79706077,73221783077,173732.13,0
2020-07-08,4.4443,4.4443,4.4443,4.4443,42795500,0.00%,36910577,73221783077,190196.04,0
2020-07-09,4.4443,4.4487,4.4487,4.4443,40408500,0.10%,190087382,73415368382,179765.29,193585304
2020-07-10,4.4487,4.4487,4.4487,4.4487,36363000,0.00%,153724382,73415368382,161768.08,0
2020-07-13,4.4487,4.4487,4.4487,4.4487,31062000,0.00%,122662382,73415368382,138185.52,0
2020-07-14,4.4487,4.4487,4.4487,4.4487,40052000,0.00%,82610382,73415368382,178179.33,0
2020-07-15,4.4487,4.4487,4.4487,4.4487,34363500,0.00%,48246882,73415368382,152872.9,0
2020-07-16,4.4487,4.4487,4.4487,4.4487,41927500,0.00%,6319382,73415368382,186522.87,0
2020-07-17,4.4487,4.4531,4.4531,4.4487,27218000,0.10%,175283644,73611550644,121204.48,196182262
2020-07-20,4.4531,4.4531,4.4531,4.4531,20134500,0.00%,155149144,73611550644,89660.94,0
2020-07-21,4.4531,4.4531,4.4531,4.4531,45105000,0.00%,110044144,73611550644,200857.08,0
2020-07-22,4.4531,4.4531,4.4531,4.4531,32441500,0.00%,77602644,73611550644,144465.24,0
2020-07-23,4.4531,4.4531,4.4531,4.4531,29589500,0.00%,48013144,73611550644,131765.0,0
2020-07-24,4.4531,4.4531,4.4531,4.4531,43617000,0.00%,4396144,73611550644,194230.86,0
2020-07-27,4.4531,4.4576,4.4576,4.4531,28969500,0.10%,172187468,73808311468,129134.44,196760823
2020-07-28,4.4576,4.4576,4.4576,4.4576,33371500,0.00%,138815968,73808311468,148756.8,0
2020-07-29,4.4576,4.4576,4.4576,4.4576,19344000,0.00%,119471968,73808311468,86227.81,0
2020-07-30,4.4576,4.4576,4.4576,4.4576,21235000,0.00%,98236968,73808311468,94657.14,0
2020-07-31,4.4576,4.4576,4.4576,4.4576,24226500,0.00%,74010468,73808311468,107992.05,0
2020-08-03,4.4576,4.4576,4.4576,4.4576,28024000,0.00%,45986468,73808311468,124919.78,0
2020-08-04,4.4576,4.4576,4.4576,4.4576,31279000,0.00%,14707468,73808311468,139429.27,0
2020-08-05,4.4576,4.4621,4.4621,4.4576,24614000,0.10%,186128046,74004346046,109830.13,196034577
2020-08-06,4.4621,4.4621,4.4621,4.4621,31883500,0.00%,154244546,74004346046,142267.37,0
2020-08-07,4.4621,4.4621,4.4621,4.4621,96286000,0.00%,57958546,74004346046,429637.76,0
2020-08-10,4.4621,4.4665,4.4665,4.4621,75299000,0.10%,181053051,74202739551,336322.98,198393505
2020-08-11,4.4665,4.4665,4.4665,4.4665,39525000,0.00%,141528051,74202739551,176538.41,0
2020-08-12,4.4665,4.4665,4.4665,4.4665,29357000,0.00%,112171051,74202739551,131123.04,0
2020-08-13,4.4665,4.4665,4.4665,4.4665,42237500,0.00%,69933551,74202739551,188653.79,0
2020-08-14,4.4665,4.4665,4.4665,4.4665,27884500,0.00%,42049051,74202739551,124546.12,0
2020-08-17,4.4665,4.4665,4.4665,4.4665,22924500,0.00%,19124551,74202739551,102392.28,0
2020-08-18,4.4665,4.471,4.471,4.4665,20754500,0.10%,197241635,74401611135,92793.37,198871584
2020-08-19,4.471,4.471,4.471,4.471,17205000,0.00%,180036635,74401611135,76923.56,0
2020-08-20,4.471,4.471,4.471,4.471,22289000,0.00%,157747635,74401611135,99654.12,0
2020-08-21,4.471,4.471,4.471,4.471,28287500,0.00%,129460135,74401611135,126473.41,0
2020-08-24,4.471,4.471,4.471,4.471,42485500,0.00%,86974635,74401611135,189952.67,0
2020-08-25,4.471,4.471,4.471,4.471,27915500,0.00%,59059135,74401611135,124810.2,0
2020-08-26,4.471,4.471,4.471,4.471,24226500,0.00%,34832635,74401611135,108316.68,0
2020-08-27,4.471,4.471,4.471,4.471,26396500,0.00%,8436135,74401611135,118018.75,0
2020-08-28,4.471,4.4755,4.4755,4.471,34937000,0.10%,173291696,74601403696,156360.54,199792561
2020-08-31,4.4755,4.4755,4.4755,4.4755,33495500,0.00%,139796196,74601403696,149909.11,0
2020-09-01,4.4755,4.4755,4.4755,4.4755,30643500,0.00%,109152696,74601403696,137144.98,0
2020-09-02,4.4755,4.4755,4.4755,4.4755,22583500,0.00%,86569196,74601403696,101072.45,0
2020-09-03,4.4755,4.4755,4.4755,4.4755,26474000,0.00%,60095196,74601403696,118484.39,0
2020-09-04,4.4755,4.4755,4.4755,4.4755,51258500,0.00%,8836696,74601403696,229407.42,0
2020-09-07,4.4755,4.4799,4.4799,4.4755,27962000,0.10%,182148767,74802677767,125266.96,201274070
2020-09-08,4.4799,4.4799,4.4799,4.4799,28706000,0.00%,153442767,74802677767,128600.01,0
2020-09-09,4.4799,4.4799,4.4799,4.4799,27528000,0.00%,125914767,74802677767,123322.69,0
2020-09-10,4.4799,4.4799,4.4799,4.4799,21204000,0.00%,104710767,74802677767,94991.8,0
2020-09-11,4.4799,4.4799,4.4799,4.4799,19747000,0.00%,84963767,74802677767,88464.59,0
2020-09-14,4.4799,4.4799,4.4799,4.4799,29884000,0.00%,55079767,74802677767,133877.33,0
2020-09-15,4.4799,4.4799,4.4799,4.4799,17546000,0.00%,37533767,74802677767,78604.33,0
2020-09-16,4.4799,4.4799,4.4799,4.4799,15794500,0.00%,21739267,74802677767,70757.78,0
2020-09-17,4.4799,4.4799,4.4799,4.4799,18243500,0.00%,3495767,74802677767,81729.06,0
2020-09-18,4.4799,4.4844,4.4844,4.4799,33635000,0.10%,172973057,75005790057,150832.79,203112289
2020-09-21,4.4844,4.4844,4.4844,4.4844,16290500,0.00%,156682557,75005790057,73053.12,0
2020-09-22,4.4844,4.4844,4.4844,4.4844,19452500,0.00%,137230057,75005790057,87232.79,0
2020-09-23,4.4844,4.4844,4.4844,4.4844,19406000,0.00%,117824057,75005790057,87024.27,0
2020-09-24,4.4844,4.4844,4.4844,4.4844,22242500,0.00%,95581557,75005790057,99744.27,0
2020-09-25,4.4844,4.4844,4.4844,4.4844,20506500,0.00%,75075057,75005790057,91959.35,0
2020-09-28,4.4844,4.4844,4.4844,4.4844,16957000,0.00%,58118057,75005790057,76041.97,0
2020-09-29,4.4844,4.4844,4.4844,4.4844,17716500,0.00%,40401557,75005790057,79447.87,0
2020-09-30,4.4844,4.4844,4.4844,4.4844,15887500,0.00%,24514057,75005790057,71245.9,0
2020-10-05,4.4844,4.4889,4.4889,4.4844,28272000,0.10%,200727150,75210275150,126910.18,204485093
2020-10-06,4.4889,4.4889,4.4889,4.4889,12167500,0.00%,188559650,75210275150,54618.69,0
2020-10-07,4.4889,4.4889,4.4889,4.4889,17856000,0.00%,170703650,75210275150,80153.8,0
2020-10-08,4.4889,4.4889,4.4889,4.4889,12601500,0.00%,158102150,75210275150,56566.87,0
2020-10-09,4.4889,4.4889,4.4889,4.4889,23544500,0.00%,134557650,75210275150,105688.91,0
2020-10-12,4.4889,4.4889,4.4889,4.4889,29295000,0.00%,105262650,75210275150,131502.33,0
2020-10-14,4.4889,4.4889,4.4889,4.4889,40145000,0.00%,65117650,75210275150,180206.89,0
2020-10-15,4.4889,4.4889,4.4889,4.4889,24056000,0.00%,41061650,75210275150,107984.98,0
2020-10-16,4.4889,4.4889,4.4889,4.4889,15996000,0.00%,25065650,75210275150,71804.44,0
2020-10-19,4.4889,4.4889,4.4889,4.4889,15143500,0.00%,9922150,75210275150,67977.66,0
2020-10-20,4.4889,4.4934,4.4934,4.4889,15422500,0.10%,198891927,75414667427,69299.46,204392276
2020-10-21,4.4934,4.4934,4.4934,4.4934,18925500,0.00%,179966427,75414667427,85039.84,0
2020-10-22,4.4934,4.4934,4.4934,4.4934,19607500,0.00%,160358927,75414667427,88104.34,0
2020-10-23,4.4934,4.4934,4.4934,4.4934,11702500,0.00%,148656427,75414667427,52584.01,0
2020-10-27,4.4934,4.4934,4.4934,4.4934,43586000,0.00%,105070427,75414667427,195849.33,0
2020-10-28,4.4934,4.4934,4.4934,4.4934,38626000,0.00%,66444427,75414667427,173562.07,0
2020-10-29,4.4934,4.4934,4.4934,4.4934,35727500,0.00%,30716927,75414667427,160537.95,0
2020-10-30,4.4934,4.4979,4.4979,4.4934,38579500,0.10%,197590042,75620120042,173526.73,205452614
2020-11-02,4.4979,4.4979,4.4979,4.4979,24040500,0.00%,173549542,75620120042,108131.76,0
2020-11-03,4.4979,4.4979,4.4979,4.4979,26319000,0.00%,147230542,75620120042,118380.23,0
2020-11-04,4.4979,4.4979,4.4979,4.4979,44113000,0.00%,103117542,75620120042,198415.86,0
2020-11-05,4.4979,4.4979,4.4979,4.4979,40238000,0.00%,62879542,75620120042,180986.5,0
2020-11-06,4.4979,4.4979,4.4979,4.4979,33092500,0.00%,29787042,75620120042,148846.76,0
2020-11-09,4.4979,4.4979,4.4979,4.4979,26877000,0.00%,2910042,75620120042,120890.06,0
2020-11-10,4.4979,4.5024,4.5024,4.4979,55986000,0.10%,154235355,75827431355,252071.37,207311312
2020-11-11,4.5024,4.5024,4.5024,4.5024,102408499,0.00%,51826855,75827431355,461084.03,0
2020-11-12,4.5024,4.5024,4.5024,4.5024,50080500,0.00%,1746355,75827431355,225482.44,0
2020-11-13,4.5024,4.5069,4.5069,4.5024,44113000,0.10%,167609417,76037407417,198812.88,209976061
2020-11-16,4.5069,4.5069,4.5069,4.5069,30054500,0.00%,137554917,76037407417,135452.63,0
2020-11-17,4.5069,4.5069,4.5069,4.5069,30023500,0.00%,107531417,76037407417,135312.91,0
2020-11-18,4.5069,4.5069,4.5069,4.5069,20894000,0.00%,86637417,76037407417,94167.17,0
2020-11-19,4.5069,4.5069,4.5069,4.5069,24350500,0.00%,62286917,76037407417,109745.27,0
2020-11-20,4.5069,4.5069,4.5069,4.5069,25683500,0.00%,36603417,76037407417,115752.97,0
2020-11-23,4.5069,4.5069,4.5069,4.5069,32395000,0.00%,4208417,76037407417,146001.03,0
2020-11-24,4.5069,4.5114,4.5114,4.5069,24645000,0.10%,189779504,76247623504,111183.45,210216087
2020-11-25,4.5114,4.5114,4.5114,4.5114,31930000,0.00%,157849504,76247623504,144049.0,0
2020-11-26,4.5114,4.5114,4.5114,4.5114,17267000,0.00%,140582504,76247623504,77898.34,0
2020-11-27,4.5114,4.5114,4.5114,4.5114,17329000,0.00%,123253504,76247623504,78178.05,0
2020-11-30,4.5114,4.5114,4.5114,4.5114,50855500,0.00%,72398004,76247623504,229429.5,0
2020-12-01,4.5114,4.5114,4.5114,4.5114,34441000,0.00%,37957004,76247623504,155377.13,0
2020-12-02,4.5114,4.5114,4.5114,4.5114,20894000,0.00%,17063004,76247623504,94261.19,0
2020-12-03,4.5114,4.5159,4.5159,4.5114,24118000,0.10%,204816416,76459494916,108914.48,211871411
2020-12-04,4.5159,4.5159,4.5159,4.5159,22258000,0.00%,182558416,76459494916,100514.9,0
2020-12-07,4.5159,4.5159,4.5159,4.5159,18801500,0.00%,163756916,76459494916,84905.69,0
2020-12-08,4.5159,4.5159,4.5159,4.5159,15128000,0.00%,148628916,76459494916,68316.54,0
2020-12-09,4.5159,4.5159,4.5159,4.5159,15329500,0.00%,133299416,76459494916,69226.49,0
2020-12-10,4.5159,4.5159,4.5159,4.5159,15856500,0.00%,117442916,76459494916,71606.37,0
2020-12-11,4.5159,4.5159,4.5159,4.5159,18662000,0.00%,98780916,76459494916,84275.73,0
2020-12-14,4.5159,4.5159,4.5159,4.5159,32829000,0.00%,65951916,76459494916,148252.48,0
2020-12-15,4.5159,4.5159,4.5159,4.5159,36146000,0.00%,29805916,76459494916,163231.72,0
2020-12-16,4.5159,4.5159,4.5159,4.5159,26846000,0.00%,2959916,76459494916,121233.85,0
2020-12-17,4.5159,4.5204,4.5204,4.5159,21452000,0.10%,194451890,76672438890,96971.62,212943974
2020-12-18,4.5204,4.5204,4.5204,4.5204,29775500,0.00%,164676390,76672438890,134597.17,0
2020-12-21,4.5204,4.5204,4.5204,4.5204,20398000,0.00%,144278390,76672438890,92207.12,0
2020-12-22,4.5204,4.5204,4.5204,4.5204,15918500,0.00%,128359890,76672438890,71957.99,0
2020-12-23,4.5204,4.5204,4.5204,4.5204,17654500,0.00%,110705390,76672438890,79805.4,0
2020-12-24,4.5204,4.5204,4.5204,4.5204,21297000,0.00%,89408390,76672438890,96270.96,0
2020-12-28,4.5204,4.5249,4.5249,4.5204,93868000,0.10%,210023340,76886921840,424743.31,214482949
2020-12-29,4.5249,4.5249,4.5249,4.5249,56187500,0.00%,153835840,76886921840,254242.82,0
2020-12-30,4.5249,4.5249,4.5249,4.5249,45229000,0.00%,108606840,76886921840,204656.7,0
2020-12-31,4.5249,4.5249,4.5249,4.5249,20460000,0.00%,88146840,76886921840,92579.45,0
2021-01-04,4.5249,4.5249,4.5249,4.5249,33248000,0.00%,54898840,76886921840,150443.88,0
2021-01-05,4.5249,4.5249,4.5249,4.5249,29872000,0.00%,25026840,76886921840,135167.81,0
2021-01-06,4.5249,4.5295,4.5295,4.5249,41136000,0.10%,200892335,77103923335,186325.51,217001495
2021-01-07,4.5295,4.5295,4.5295,4.5295,63808000,0.00%,137084335,77103923335,289018.34,0
2021-01-08,4.5295,4.5295,4.5295,4.5295,36576000,0.00%,100508335,77103923335,165670.99,0
2021-01-11,4.5295,4.5295,4.5295,4.5295,61440000,0.00%,39068335,77103923335,278292.48,0
2021-01-12,4.5295,4.5295,4.5295,4.5295,32272000,0.00%,6796335,77103923335,146176.02,0
2021-01-13,4.5295,4.534,4.534,4.5295,36176000,0.10%,190353914,77323656914,164021.98,219733578
2021-01-14,4.534,4.534,4.534,4.534,58576000,0.00%,131777914,77323656914,265583.58,0
2021-01-15,4.534,4.534,4.534,4.534,49056000,0.00%,82721914,77323656914,222419.9,0
2021-01-18,4.534,4.534,4.534,4.534,53600000,0.00%,29121914,77323656914,243022.4,0
2021-01-19,4.534,4.5385,4.5385,4.534,48512000,0.10%,203351934,77546398934,220171.71,222742019
2021-01-20,4.5385,4.5385,4.5385,4.5385,57936000,0.00%,145415934,77546398934,262942.54,0
2021-01-21,4.5385,4.5385,4.5385,4.5385,44400000,0.00%,101015934,77546398934,201509.4,0
2021-01-22,4.5385,4.5385,4.5385,4.5385,48528000,0.00%,52487934,77546398934,220244.33,0
2021-01-25,4.5385,4.5431,4.5431,4.5385,75136000,0.10%,203243320,77772290320,341350.36,225891385
2021-01-26,4.5431,4.5431,4.5431,4.5431,79952000,0.00%,123291320,77772290320,363229.93,0
2021-01-27,4.5431,4.5431,4.5431,4.5431,59824000,0.00%,63467320,77772290320,271786.41,0
2021-01-28,4.5431,4.5431,4.5431,4.5431,59664000,0.00%,3803320,77772290320,271059.52,0
2021-01-29,4.5431,4.5476,4.5476,4.5431,54352000,0.10%,179154819,78001993819,247171.16,229703498
2021-02-01,4.5476,4.5476,4.5476,4.5476,45824000,0.00%,133330819,78001993819,208389.22,0
2021-02-02,4.5476,4.5476,4.5476,4.5476,42128000,0.00%,91202819,78001993819,191581.29,0
2021-02-03,4.5476,4.5476,4.5476,4.5476,27168000,0.00%,64034819,78001993819,123549.2,0
2021-02-04,4.5476,4.5476,4.5476,4.5476,37824000,0.00%,26210819,78001993819,172008.42,0
2021-02-05,4.5476,4.5522,4.5522,4.5476,29856000,0.10%,226869146,78232508146,135910.48,230514326
2021-02-08,4.5522,4.5522,4.5522,4.5522,23712000,0.00%,203157146,78232508146,107941.77,0
2021-02-09,4.5522,4.5522,4.5522,4.5522,17040000,0.00%,186117146,78232508146,77569.49,0
2021-02-10,4.5522,4.5522,4.5522,4.5522,27072000,0.00%,159045146,78232508146,123237.16,0
2021-02-11,4.5522,4.5522,4.5522,4.5522,16416000,0.00%,142629146,78232508146,74728.92,0
2021-02-16,4.5522,4.5522,4.5522,4.5522,37728000,0.00%,104901146,78232508146,171745.4,0
2021-02-17,4.5522,4.5522,4.5522,4.5522,25664000,0.00%,79237146,78232508146,116827.66,0
2021-02-18,4.5522,4.5522,4.5522,4.5522,38784000,0.00%,40453146,78232508146,176552.52,0
2021-02-19,4.5522,4.5522,4.5522,4.5522,36144000,0.00%,4309146,78232508146,164534.72,0
2021-02-22,4.5522,4.5567,4.5567,4.5522,43680000,0.10%,192685494,78464564494,199036.66,232056348
2021-02-23,4.5567,4.5567,4.5567,4.5567,43088000,0.00%,149597494,78464564494,196339.09,0
2021-02-24,4.5567,4.5567,4.5567,4.5567,66544000,0.00%,83053494,78464564494,303221.04,0
2021-02-25,4.5567,4.5567,4.5567,4.5567,38416000,0.00%,44637494,78464564494,175050.19,0
2021-02-26,4.5567,4.5613,4.5613,4.5567,59328000,0.10%,220557961,78699812961,270612.81,235248467
2021-03-01,4.5613,4.5613,4.5613,4.5613,43328000,0.00%,177229961,78699812961,197632.01,0
2021-03-02,4.5613,4.5613,4.5613,4.5613,36928000,0.00%,140301961,78699812961,168439.69,0
2021-03-03,4.5613,4.5613,4.5613,4.5613,29264000,0.00%,111037961,78699812961,133481.88,0
2021-03-04,4.5613,4.5613,4.5613,4.5613,39200000,0.00%,71837961,78699812961,178802.96,0
2021-03-05,4.5613,4.5613,4.5613,4.5613,43424000,0.00%,28413961,78699812961,198069.89,0
2021-03-08,4.5613,4.5658,4.5658,4.5613,57968000,0.10%,206710374,78936077374,264670.29,236264412
2021-03-09,4.5658,4.5658,4.5658,4.5658,62096000,0.00%,144614374,78936077374,283517.92,0
2021-03-10,4.5658,4.5658,4.5658,4.5658,37216000,0.00%,107398374,78936077374,169920.81,0
2021-03-11,4.5658,4.5658,4.5658,4.5658,33552000,0.00%,73846374,78936077374,153191.72,0
2021-03-12,4.5658,4.5658,4.5658,4.5658,41584000,0.00%,32262374,78936077374,189864.23,0
2021-03-15,4.5658,4.5704,4.5704,4.5658,56016000,0.10%,214819827,79174650827,256015.53,238573453
2021-03-16,4.5704,4.5704,4.5704,4.5704,31264000,0.00%,183555827,79174650827,142888.99,0
2021-03-17,4.5704,4.5704,4.5704,4.5704,30560000,0.00%,152995827,79174650827,139671.42,0
2021-03-18,4.5704,4.5704,4.5704,4.5704,35776000,0.00%,117219827,79174650827,163510.63,0
2021-03-19,4.5704,4.5704,4.5704,4.5704,36064000,0.00%,81155827,79174650827,164826.91,0
2021-03-22,4.5704,4.5704,4.5704,4.5704,22416000,0.00%,58739827,79174650827,102450.09,0
2021-03-23,4.5704,4.5704,4.5704,4.5704,23376000,0.00%,35363827,79174650827,106837.67,0
2021-03-24,4.5704,4.5704,4.5704,4.5704,28880000,0.00%,6483827,79174650827,131993.15,0
2021-03-25,4.5704,4.575,4.575,4.5704,70864000,0.10%,176519769,79415550769,324202.8,240899941
2021-03-26,4.575,4.575,4.575,4.575,39184000,0.00%,137335769,79415550769,179266.8,0
2021-03-29,4.575,4.575,4.575,4.575,46416000,0.00%,90919769,79415550769,212353.2,0
2021-03-30,4.575,4.575,4.575,4.575,32896000,0.00%,58023769,79415550769,150499.2,0
2021-03-31,4.575,4.575,4.575,4.575,25504000,0.00%,32519769,79415550769,116680.8,0
2021-04-01,4.575,4.5795,4.5795,4.575,52640000,0.10%,221402471,79657073471,241064.88,241522702
2021-04-07,4.5795,4.5795,4.5795,4.5795,43488000,0.00%,177914471,79657073471,199153.3,0
2021-04-08,4.5795,4.5841,4.5841,4.5795,395824000,0.10%,32717782,79907700782,1814496.8,250627310
2021-04-09,4.5841,4.5887,4.5887,4.5841,35936000,0.10%,247716551,80158635551,164899.52,250934769
2021-04-12,4.5887,4.5887,4.5887,4.5887,44768000,0.00%,202948551,80158635551,205426.92,0
2021-04-13,4.5887,4.5887,4.5887,4.5887,29504000,0.00%,173444551,80158635551,135385.0,0
2021-04-14,4.5887,4.5887,4.5887,4.5887,28800000,0.00%,144644551,80158635551,132154.56,0
2021-04-15,4.5887,4.5887,4.5887,4.5887,23280000,0.00%,121364551,80158635551,106824.94,0
2021-04-16,4.5887,4.5887,4.5887,4.5887,33216000,0.00%,88148551,80158635551,152418.26,0
2021-04-19,4.5887,4.5887,4.5887,4.5887,32384000,0.00%,55764551,80158635551,148600.46,0
2021-04-20,4.5887,4.5887,4.5887,4.5887,24368000,0.00%,31396551,80158635551,111817.44,0
2021-04-21,4.5887,4.5933,4.5933,4.5887,33056000,0.10%,248737059,80409032059,151836.12,250396508
2021-04-22,4.5933,4.5933,4.5933,4.5933,24608000,0.00%,224129059,80409032059,113031.93,0
2021-04-23,4.5933,4.5933,4.5933,4.5933,26080000,0.00%,198049059,80409032059,119793.26,0
2021-04-26,4.5933,4.5933,4.5933,4.5933,22720000,0.00%,175329059,80409032059,104359.78,0
2021-04-27,4.5933,4.5933,4.5933,4.5933,22128000,0.00%,153201059,80409032059,101640.54,0
2021-04-28,4.5933,4.5933,4.5933,4.5933,17920000,0.00%,135281059,80409032059,82311.94,0
2021-04-29,4.5933,4.5933,4.5933,4.5933,19952000,0.00%,115329059,80409032059,91645.52,0
2021-04-30,4.5933,4.5933,4.5933,4.5933,19184000,0.00%,96145059,80409032059,88117.87,0
2021-05-03,4.5933,4.5933,4.5933,4.5933,12704000,0.00%,83441059,80409032059,58353.28,0
2021-05-04,4.5933,4.5933,4.5933,4.5933,10128000,0.00%,73313059,80409032059,46520.94,0
2021-05-05,4.5933,4.5933,4.5933,4.5933,18608000,0.00%,54705059,80409032059,85472.13,0
2021-05-06,4.5933,4.5933,4.5933,4.5933,34256000,0.00%,20449059,80409032059,157348.08,0
2021-05-07,4.5933,4.5979,4.5979,4.5933,27936000,0.10%,241363963,80657882963,128446.93,248850903
2021-05-10,4.5979,4.5979,4.5979,4.5979,32864000,0.00%,208499963,80657882963,151105.39,0
2021-05-11,4.5979,4.5979,4.5979,4.5979,55392000,0.00%,153107963,80657882963,254686.88,0
2021-05-12,4.5979,4.5979,4.5979,4.5979,36640000,0.00%,116467963,80657882963,168467.06,0
2021-05-13,4.5979,4.5979,4.5979,4.5979,28768000,0.00%,87699963,80657882963,132272.39,0
2021-05-14,4.5979,4.5979,4.5979,4.5979,25616000,0.00%,62083963,80657882963,117779.81,0
2021-05-17,4.5979,4.5979,4.5979,4.5979,30672000,0.00%,31411963,80657882963,141026.79,0
2021-05-18,4.5979,4.5979,4.5979,4.5979,19504000,0.00%,11907963,80657882963,89677.44,0
2021-05-20,4.5979,4.6025,4.6025,4.5979,25008000,0.10%,235434013,80906417013,115099.32,248534049
2021-05-21,4.6025,4.6025,4.6025,4.6025,64544000,0.00%,170890013,80906417013,297063.76,0
2021-05-24,4.6025,4.6025,4.6025,4.6025,26576000,0.00%,144314013,80906417013,122316.04,0
2021-05-25,4.6025,4.6025,4.6025,4.6025,43264000,0.00%,101050013,80906417013,199122.56,0
2021-05-26,4.6025,4.6025,4.6025,4.6025,29968000,0.00%,71082013,80906417013,137927.72,0
2021-05-27,4.6025,4.6025,4.6025,4.6025,41184000,0.00%,29898013,80906417013,189549.36,0
2021-05-28,4.6025,4.6025,4.6025,4.6025,24288000,0.00%,5610013,80906417013,111785.52,0
2021-05-31,4.6025,4.6071,4.6071,4.6025,24832000,0.10%,228541467,81154180467,114403.51,247763454
2021-06-01,4.6071,4.6071,4.6071,4.6071,28864000,0.00%,199677467,81154180467,132979.33,0
2021-06-02,4.6071,4.6071,4.6071,4.6071,26128000,0.00%,173549467,81154180467,120374.31,0
2021-06-03,4.6071,4.6071,4.6071,4.6071,19696000,0.00%,153853467,81154180467,90741.44,0
2021-06-04,4.6071,4.6071,4.6071,4.6071,30304000,0.00%,123549467,81154180467,139613.56,0
2021-06-07,4.6071,4.6071,4.6071,4.6071,31632000,0.00%,91917467,81154180467,145731.79,0
2021-06-08,4.6071,4.6071,4.6071,4.6071,16512000,0.00%,75405467,81154180467,76072.44,0
2021-06-09,4.6071,4.6071,4.6071,4.6071,12432000,0.00%,62973467,81154180467,57275.47,0
2021-06-10,4.6071,4.6071,4.6071,4.6071,18768000,0.00%,44205467,81154180467,86466.05,0
2021-06-11,4.6071,4.6071,4.6071,4.6071,23200000,0.00%,21005467,81154180467,106884.72,0
2021-06-15,4.6071,4.6071,4.6071,4.6071,18448000,0.00%,2557467,81154180467,84991.78,0
2021-06-16,4.6071,4.6117,4.6117,4.6071,15632000,0.10%,223168701,81390423701,72090.09,236243233
2021-06-17,4.6117,4.6117,4.6117,4.6117,22032000,0.00%,201136701,81390423701,101604.97,0
2021-06-18,4.6117,4.6117,4.6117,4.6117,19680000,0.00%,181456701,81390423701,90758.26,0
2021-06-21,4.6117,4.6117,4.6117,4.6117,37616000,0.00%,143840701,81390423701,173473.71,0
2021-06-22,4.6117,4.6117,4.6117,4.6117,49392000,0.00%,94448701,81390423701,227781.09,0
2021-06-23,4.6117,4.6117,4.6117,4.6117,29424000,0.00%,65024701,81390423701,135694.66,0
2021-06-24,4.6117,4.6117,4.6117,4.6117,17520000,0.00%,47504701,81390423701,80796.98,0
2021-06-25,4.6117,4.6117,4.6117,4.6117,30800000,0.00%,16704701,81390423701,142040.36,0
2021-06-28,4.6117,4.6163,4.6163,4.6117,18384000,0.10%,234428534,81626531534,84866.06,236107833
2021-06-29,4.6163,4.6163,4.6163,4.6163,23536000,0.00%,210892534,81626531534,108649.24,0
2021-06-30,4.6163,4.6163,4.6163,4.6163,21792000,0.00%,189100534,81626531534,100598.41,0
2021-07-02,4.6163,4.6163,4.6163,4.6163,39904000,0.00%,149196534,81626531534,184208.84,0
2021-07-05,4.6163,4.6163,4.6163,4.6163,69344000,0.00%,79852534,81626531534,320112.71,0
2021-07-06,4.6163,4.6163,4.6163,4.6163,31152000,0.00%,48700534,81626531534,143806.98,0
2021-07-07,4.6163,4.6209,4.6209,4.6163,48832000,0.10%,236761796,81863424796,225647.79,236893261
2021-07-08,4.6209,4.6209,4.6209,4.6209,73104000,0.00%,163657796,81863424796,337806.27,0
2021-07-09,4.6209,4.6209,4.6209,4.6209,68672000,0.00%,94985796,81863424796,317326.44,0
2021-07-12,4.6209,4.6209,4.6209,4.6209,49024000,0.00%,45961796,81863424796,226535.0,0
2021-07-13,4.6209,4.6255,4.6255,4.6209,53008000,0.10%,233137704,82103608704,245188.5,240183908
2021-07-14,4.6255,4.6255,4.6255,4.6255,31856000,0.00%,201281704,82103608704,147349.93,0
2021-07-15,4.6255,4.6255,4.6255,4.6255,32288000,0.00%,168993704,82103608704,149348.14,0
2021-07-16,4.6255,4.6255,4.6255,4.6255,23616000,0.00%,145377704,82103608704,109235.81,0
2021-07-19,4.6255,4.6255,4.6255,4.6255,27056000,0.00%,118321704,82103608704,125147.53,0
2021-07-20,4.6255,4.6255,4.6255,4.6255,31696000,0.00%,86625704,82103608704,146609.85,0
2021-07-21,4.6255,4.6255,4.6255,4.6255,32480000,0.00%,54145704,82103608704,150236.24,0
2021-07-22,4.6255,4.6255,4.6255,4.6255,25104000,0.00%,29041704,82103608704,116118.55,0
2021-07-23,4.6255,4.6255,4.6255,4.6255,26816000,0.00%,2225704,82103608704,124037.41,0
2021-07-26,4.6255,4.6302,4.6302,4.6255,131664000,0.10%,114069531,82347116531,609630.65,243507826
2021-07-27,4.6302,4.6348,4.6348,4.6302,172848000,0.10%,187665970,82593560970,801115.91,246444438
2021-07-28,4.6348,4.6348,4.6348,4.6348,180576000,0.00%,7089970,82593560970,836933.64,0
2021-07-29,4.6348,4.6394,4.6394,4.6348,116640000,0.10%,142187927,82845298927,541139.62,251737957
2021-07-30,4.6394,4.6394,4.6394,4.6394,64736000,0.00%,77451927,82845298927,300336.2,0
2021-08-02,4.6394,4.6394,4.6394,4.6394,47120000,0.00%,30331927,82845298927,218608.53,0
2021-08-03,4.6394,4.6441,4.6441,4.6394,188496000,0.10%,97747896,83101210896,875394.27,255911968
2021-08-04,4.6441,4.6441,4.6441,4.6441,73760000,0.00%,23987896,83101210896,342548.82,0
2021-08-05,4.6441,4.6487,4.6487,4.6441,93808000,0.10%,188491151,83359522151,436085.25,258311255
2021-08-06,4.6487,4.6487,4.6487,4.6487,68720000,0.00%,119771151,83359522151,319458.66,0
2021-08-09,4.6487,4.6487,4.6487,4.6487,65536000,0.00%,54235151,83359522151,304657.2,0
2021-08-10,4.6487,4.6534,4.6534,4.6487,65408000,0.10%,248988467,83619683467,304369.59,260161315
2021-08-11,4.6534,4.6534,4.6534,4.6534,32240000,0.00%,216748467,83619683467,150025.62,0
2021-08-12,4.6534,4.6534,4.6534,4.6534,26160000,0.00%,190588467,83619683467,121732.94,0
2021-08-13,4.6534,4.6534,4.6534,4.6534,42272000,0.00%,148316467,83619683467,196708.52,0
2021-08-16,4.6534,4.6534,4.6534,4.6534,46432000,0.00%,101884467,83619683467,216066.67,0
2021-08-17,4.6534,4.6534,4.6534,4.6534,69024000,0.00%,32860467,83619683467,321196.28,0
2021-08-18,4.6534,4.658,4.658,4.6534,42560000,0.10%,251543952,83880926952,198244.48,261243485
2021-08-19,4.658,4.658,4.658,4.658,81760000,0.00%,169783952,83880926952,380838.08,0
2021-08-20,4.658,4.658,4.658,4.658,83424000,0.00%,86359952,83880926952,388588.99,0
2021-08-23,4.658,4.658,4.658,4.658,71392000,0.00%,14967952,83880926952,332543.94,0
2021-08-24,4.658,4.6627,4.6627,4.658,79232000,0.10%,201175075,84146366075,369435.05,265439122
2021-08-25,4.6627,4.6627,4.6627,4.6627,65968000,0.00%,135207075,84146366075,307588.99,0
2021-08-26,4.6627,4.6627,4.6627,4.6627,27680000,0.00%,107527075,84146366075,129063.54,0
2021-08-27,4.6627,4.6627,4.6627,4.6627,37536000,0.00%,69991075,84146366075,175019.11,0
2021-08-30,4.6627,4.6627,4.6627,4.6627,29568000,0.00%,40423075,84146366075,137866.71,0
2021-08-31,4.6627,4.6673,4.6673,4.6627,83488000,0.10%,223884847,84413315847,389663.54,266949772
2021-09-01,4.6673,4.6673,4.6673,4.6673,56480000,0.00%,167404847,84413315847,263609.1,0
2021-09-02,4.6673,4.6673,4.6673,4.6673,64752000,0.00%,102652847,84413315847,302217.01,0
2021-09-03,4.6673,4.6673,4.6673,4.6673,43424000,0.00%,59228847,84413315847,202672.84,0
2021-09-06,4.6673,4.6673,4.6673,4.6673,42832000,0.00%,16396847,84413315847,199909.79,0
2021-09-07,4.6673,4.672,4.672,4.6673,39936000,0.10%,245209118,84682064118,186580.99,268748271
2021-09-08,4.672,4.672,4.672,4.672,52800000,0.00%,192409118,84682064118,246681.6,0
2021-09-09,4.672,4.672,4.672,4.672,86544000,0.00%,105865118,84682064118,404333.57,0
2021-09-10,4.672,4.672,4.672,4.672,57072000,0.00%,48793118,84682064118,266640.38,0
2021-09-13,4.672,4.672,4.672,4.672,44512000,0.00%,4281118,84682064118,207960.06,0
2021-09-14,4.672,4.6767,4.6767,4.672,31856000,0.10%,243179705,84952818705,148980.96,270754587
2021-09-15,4.6767,4.6767,4.6767,4.6767,57872000,0.00%,185307705,84952818705,270649.98,0
2021-09-16,4.6767,4.6767,4.6767,4.6767,39232000,0.00%,146075705,84952818705,183476.29,0
2021-09-17,4.6767,4.6767,4.6767,4.6767,38368000,0.00%,107707705,84952818705,179435.63,0
2021-09-20,4.6767,4.6767,4.6767,4.6767,24816000,0.00%,82891705,84952818705,116056.99,0
2021-09-21,4.6767,4.6767,4.6767,4.6767,26496000,0.00%,56395705,84952818705,123913.84,0
2021-09-23,4.6767,4.6767,4.6767,4.6767,35536000,0.00%,20859705,84952818705,166191.21,0
2021-09-24,4.6767,4.6813,4.6813,4.6767,26656000,0.10%,264211151,85222826151,124784.73,270007445
2021-09-27,4.6813,4.6813,4.6813,4.6813,28752000,0.00%,235459151,85222826151,134596.74,0
2021-09-28,4.6813,4.6813,4.6813,4.6813,33520000,0.00%,201939151,85222826151,156917.18,0
2021-09-29,4.6813,4.6813,4.6813,4.6813,29200000,0.00%,172739151,85222826151,136693.96,0
2021-09-30,4.6813,4.6813,4.6813,4.6813,27744000,0.00%,144995151,85222826151,129877.99,0
2021-10-04,4.6813,4.6813,4.6813,4.6813,18752000,0.00%,126243151,85222826151,87783.74,0
2021-10-05,4.6813,4.6813,4.6813,4.6813,19008000,0.00%,107235151,85222826151,88982.15,0
2021-10-06,4.6813,4.6813,4.6813,4.6813,17360000,0.00%,89875151,85222826151,81267.37,0
2021-10-07,4.6813,4.6813,4.6813,4.6813,23280000,0.00%,66595151,85222826151,108980.66,0
2021-10-08,4.6813,4.6813,4.6813,4.6813,47696000,0.00%,18899151,85222826151,223279.28,0
2021-10-11,4.6813,4.686,4.686,4.6813,41920000,0.10%,245564549,85491411549,196437.12,268585398
2021-10-12,4.686,4.686,4.686,4.686,26320000,0.00%,219244549,85491411549,123335.52,0
2021-10-15,4.686,4.686,4.686,4.686,46608000,0.00%,172636549,85491411549,218405.09,0
2021-10-18,4.686,4.686,4.686,4.686,33168000,0.00%,139468549,85491411549,155425.25,0
2021-10-19,4.686,4.686,4.686,4.686,24688000,0.00%,114780549,85491411549,115687.97,0
2021-10-20,4.686,4.686,4.686,4.686,52352000,0.00%,62428549,85491411549,245321.47,0
2021-10-21,4.686,4.686,4.686,4.686,26688000,0.00%,35740549,85491411549,125059.97,0
2021-10-22,4.686,4.686,4.686,4.686,20384000,0.00%,15356549,85491411549,95519.42,0
2021-10-25,4.686,4.6907,4.6907,4.686,19616000,0.10%,265154536,85760825536,92012.77,269413986
2021-10-26,4.6907,4.6907,4.6907,4.6907,24496000,0.00%,240658536,85760825536,114903.39,0
2021-10-27,4.6907,4.6907,4.6907,4.6907,29952000,0.00%,210706536,85760825536,140495.85,0
2021-10-28,4.6907,4.6907,4.6907,4.6907,21872000,0.00%,188834536,85760825536,102594.99,0
2021-10-29,4.6907,4.6907,4.6907,4.6907,26304000,0.00%,162530536,85760825536,123384.17,0
2021-11-01,4.6907,4.6907,4.6907,4.6907,36240000,0.00%,126290536,85760825536,169990.97,0
2021-11-02,4.6907,4.6907,4.6907,4.6907,52816000,0.00%,73474536,85760825536,247744.01,0
2021-11-03,4.6907,4.6907,4.6907,4.6907,30976000,0.00%,42498536,85760825536,145299.12,0
2021-11-04,4.6907,4.6907,4.6907,4.6907,26304000,0.00%,16194536,85760825536,123384.17,0
2021-11-05,4.6907,4.6954,4.6954,4.6907,32032000,0.10%,251122498,86027785498,150403.05,266959961
2021-11-08,4.6954,4.6954,4.6954,4.6954,35744000,0.00%,215378498,86027785498,167832.38,0
2021-11-09,4.6954,4.6954,4.6954,4.6954,21776000,0.00%,193602498,86027785498,102247.03,0
2021-11-10,4.6954,4.6954,4.6954,4.6954,48992000,0.00%,144610498,86027785498,230037.04,0
2021-11-11,4.6954,4.6954,4.6954,4.6954,57664000,0.00%,86946498,86027785498,270755.55,0
2021-11-12,4.6954,4.6954,4.6954,4.6954,38128000,0.00%,48818498,86027785498,179026.21,0
2021-11-15,4.6954,4.6954,4.6954,4.6954,31024000,0.00%,17794498,86027785498,145670.09,0
2021-11-16,4.6954,4.7001,4.7001,4.6954,45216000,0.10%,241581638,86296788638,212519.72,269003139
2021-11-17,4.7001,4.7001,4.7001,4.7001,34304000,0.00%,207277638,86296788638,161232.23,0
2021-11-18,4.7001,4.7001,4.7001,4.7001,30912000,0.00%,176365638,86296788638,145289.49,0
2021-11-19,4.7001,4.7001,4.7001,4.7001,24336000,0.00%,152029638,86296788638,114381.63,0
2021-11-22,4.7001,4.7001,4.7001,4.7001,23504000,0.00%,128525638,86296788638,110471.15,0
2021-11-23,4.7001,4.7001,4.7001,4.7001,29968000,0.00%,98557638,86296788638,140852.6,0
2021-11-24,4.7001,4.7001,4.7001,4.7001,41632000,0.00%,56925638,86296788638,195674.56,0
2021-11-25,4.7001,4.7001,4.7001,4.7001,27104000,0.00%,29821638,86296788638,127391.51,0
2021-11-26,4.7001,4.7048,4.7048,4.7001,52624000,0.10%,246368134,86565959134,247585.4,269170496
2021-11-29,4.7048,4.7048,4.7048,4.7048,31216000,0.00%,215152134,86565959134,146865.04,0
2021-11-30,4.7048,4.7048,4.7048,4.7048,56944000,0.00%,158208134,86565959134,267910.13,0
2021-12-01,4.7048,4.7048,4.7048,4.7048,32544000,0.00%,125664134,86565959134,153113.01,0
2021-12-02,4.7048,4.7048,4.7048,4.7048,28352000,0.00%,97312134,86565959134,133390.49,0
2021-12-03,4.7048,4.7048,4.7048,4.7048,36000000,0.00%,61312134,86565959134,169372.8,0
2021-12-06,4.7048,4.7048,4.7048,4.7048,49536000,0.00%,11776134,86565959134,233056.97,0
2021-12-07,4.7048,4.7095,4.7095,4.7048,37184000,0.10%,246529108,86837896108,175118.05,271936973
2021-12-08,4.7095,4.7095,4.7095,4.7095,24272000,0.00%,222257108,86837896108,114308.98,0
2021-12-09,4.7095,4.7095,4.7095,4.7095,21360000,0.00%,200897108,86837896108,100594.92,0
2021-12-10,4.7095,4.7095,4.7095,4.7095,24368000,0.00%,176529108,86837896108,114761.1,0
2021-12-13,4.7095,4.7095,4.7095,4.7095,35584000,0.00%,140945108,86837896108,167582.85,0
2021-12-14,4.7095,4.7095,4.7095,4.7095,21840000,0.00%,119105108,86837896108,102855.48,0
2021-12-15,4.7095,4.7095,4.7095,4.7095,21392000,0.00%,97713108,86837896108,100745.62,0
2021-12-16,4.7095,4.7095,4.7095,4.7095,33648000,0.00%,64065108,86837896108,158465.26,0
2021-12-17,4.7095,4.7095,4.7095,4.7095,45248000,0.00%,18817108,86837896108,213095.46,0
2021-12-20,4.7095,4.7142,4.7142,4.7095,32656000,0.10%,259840878,87111575878,153946.92,273679769
2021-12-21,4.7142,4.7142,4.7142,4.7142,27568000,0.00%,232272878,87111575878,129961.07,0
2021-12-22,4.7142,4.7142,4.7142,4.7142,22144000,0.00%,210128878,87111575878,104391.24,0
2021-12-23,4.7142,4.7142,4.7142,4.7142,52720000,0.00%,157408878,87111575878,248532.62,0
2021-12-24,4.7142,4.7142,4.7142,4.7142,15216000,0.00%,142192878,87111575878,71731.27,0
2021-12-28,4.7142,4.7142,4.7142,4.7142,30320000,0.00%,111872878,87111575878,142934.54,0
2021-12-29,4.7142,4.7142,4.7142,4.7142,15344000,0.00%,96528878,87111575878,72334.68,0
2021-12-30,4.7142,4.7142,4.7142,4.7142,12256000,0.00%,84272878,87111575878,57777.24,0
2021-12-31,4.7142,4.7142,4.7142,4.7142,15808000,0.00%,68464878,87111575878,74522.07,0
2022-01-03,4.7142,4.7142,4.7142,4.7142,9933000,0.00%,58531878,87111575878,46826.15,0
2022-01-04,4.7142,4.7142,4.7142,4.7142,22374000,0.00%,36157878,87111575878,105475.51,0
2022-01-05,4.7142,4.7189,4.7189,4.7142,52684500,0.10%,258051612,87386154112,248612.89,274578234
2022-01-06,4.7189,4.7189,4.7189,4.7189,36943500,0.00%,221108112,87386154112,174332.68,0
2022-01-07,4.7189,4.7189,4.7189,4.7189,34336500,0.00%,186771612,87386154112,162030.51,0
2022-01-10,4.7189,4.7189,4.7189,4.7189,32274000,0.00%,154497612,87386154112,152297.78,0
2022-01-11,4.7189,4.7189,4.7189,4.7189,27076500,0.00%,127421112,87386154112,127771.3,0
2022-01-12,4.7189,4.7189,4.7189,4.7189,46645500,0.00%,80775612,87386154112,220115.45,0
2022-01-13,4.7189,4.7189,4.7189,4.7189,30211500,0.00%,50564112,87386154112,142565.05,0
2022-01-14,4.7189,4.7189,4.7189,4.7189,22638000,0.00%,27926112,87386154112,106826.46,0
2022-01-17,4.7189,4.7189,4.7189,4.7189,20922000,0.00%,7004112,87386154112,98728.83,0
2022-01-18,4.7189,4.7236,4.7236,4.7189,38841000,0.10%,243431827,87661422827,183469.35,275268714
2022-01-19,4.7236,4.7236,4.7236,4.7236,28858500,0.00%,214573327,87661422827,136316.01,0
2022-01-20,4.7236,4.7236,4.7236,4.7236,48741000,0.00%,165832327,87661422827,230232.99,0
2022-01-21,4.7236,4.7236,4.7236,4.7236,44253000,0.00%,121579327,87661422827,209033.47,0
2022-01-24,4.7236,4.7236,4.7236,4.7236,24222000,0.00%,97357327,87661422827,114415.04,0
2022-01-25,4.7236,4.7236,4.7236,4.7236,41250000,0.00%,56107327,87661422827,194848.5,0
2022-01-26,4.7236,4.7236,4.7236,4.7236,35673000,0.00%,20434327,87661422827,168504.98,0
2022-01-27,4.7236,4.7284,4.7284,4.7236,33841500,0.10%,259621064,87934451064,160016.15,273028237
2022-01-28,4.7284,4.7284,4.7284,4.7284,24799500,0.00%,234821564,87934451064,117261.96,0
2022-01-31,4.7284,4.7284,4.7284,4.7284,18859500,0.00%,215962064,87934451064,89175.26,0
2022-02-04,4.7284,4.7284,4.7284,4.7284,26284500,0.00%,189677564,87934451064,124283.63,0
2022-02-07,4.7284,4.7284,4.7284,4.7284,25377000,0.00%,164300564,87934451064,119992.61,0
2022-02-08,4.7284,4.7284,4.7284,4.7284,30937500,0.00%,133363064,87934451064,146284.88,0
2022-02-09,4.7284,4.7284,4.7284,4.7284,38560500,0.00%,94802564,87934451064,182329.47,0
2022-02-10,4.7284,4.7284,4.7284,4.7284,31036500,0.00%,63766064,87934451064,146752.99,0
2022-02-11,4.7284,4.7284,4.7284,4.7284,25608000,0.00%,38158064,87934451064,121084.87,0
2022-02-14,4.7284,4.7284,4.7284,4.7284,21219000,0.00%,16939064,87934451064,100331.92,0
2022-02-15,4.7284,4.7331,4.7331,4.7284,22918500,0.10%,266684642,88207115142,108475.55,272664077
2022-02-16,4.7331,4.7331,4.7331,4.7331,20146500,0.00%,246538142,88207115142,95355.4,0
2022-02-17,4.7331,4.7331,4.7331,4.7331,21318000,0.00%,225220142,88207115142,100900.23,0
2022-02-18,4.7331,4.7331,4.7331,4.7331,39649500,0.00%,185570642,88207115142,187665.05,0
2022-02-21,4.7331,4.7331,4.7331,4.7331,75966000,0.00%,109604642,88207115142,359554.67,0
2022-02-22,4.7331,4.7331,4.7331,4.7331,50424000,0.00%,59180642,88207115142,238661.83,0
2022-02-23,4.7331,4.7331,4.7331,4.7331,33396000,0.00%,25784642,88207115142,158066.61,0
2022-02-24,4.7331,4.7378,4.7378,4.7331,56050500,0.10%,244878841,88482259841,265556.06,275144699
2022-02-25,4.7378,4.7378,4.7378,4.7378,42124500,0.00%,202754341,88482259841,199577.46,0
2022-02-28,4.7378,4.7378,4.7378,4.7378,44302500,0.00%,158451841,88482259841,209896.38,0
2022-03-01,4.7378,4.7378,4.7378,4.7378,31861500,0.00%,126590341,88482259841,150953.41,0
2022-03-02,4.7378,4.7378,4.7378,4.7378,23116500,0.00%,103473841,88482259841,109521.35,0
2022-03-03,4.7378,4.7378,4.7378,4.7378,32785500,0.00%,70688341,88482259841,155331.14,0
2022-03-04,4.7378,4.7378,4.7378,4.7378,68557500,0.00%,2130841,88482259841,324811.72,0
2022-03-07,4.7378,4.7426,4.7426,4.7378,65802000,0.10%,214828983,88760759983,312072.57,278500142
2022-03-08,4.7426,4.7426,4.7426,4.7426,53228999,0.00%,161599983,88760759983,252443.86,0
2022-03-09,4.7426,4.7426,4.7426,4.7426,54796500,0.00%,106803483,88760759983,259877.88,0
2022-03-10,4.7426,4.7426,4.7426,4.7426,39699000,0.00%,67104483,88760759983,188276.48,0
2022-03-11,4.7426,4.7473,4.7473,4.7426,79926000,0.10%,268820178,89042401678,379432.7,281641695
2022-03-14,4.7473,4.7473,4.7473,4.7473,110401500,0.00%,158418678,89042401678,524109.04,0
2022-03-15,4.7473,4.7521,4.7521,4.7473,195360000,0.10%,250690914,89330033914,928370.26,287632235
2022-03-16,4.7521,4.7521,4.7521,4.7521,177771000,0.00%,72919914,89330033914,844785.57,0
2022-03-17,4.7521,4.7568,4.7568,4.7521,114988500,0.10%,248642369,89620744869,546977.3,290710955
2022-03-18,4.7568,4.7568,4.7568,4.7568,62221500,0.00%,186420869,89620744869,295975.23,0
2022-03-21,4.7568,4.7568,4.7568,4.7568,50655000,0.00%,135765869,89620744869,240955.7,0
2022-03-22,4.7568,4.7568,4.7568,4.7568,51166500,0.00%,84599369,89620744869,243388.81,0
2022-03-23,4.7568,4.7568,4.7568,4.7568,69729000,0.00%,14870369,89620744869,331686.91,0
2022-03-24,4.7568,4.7616,4.7616,4.7568,77434500,0.10%,231154633,89914463633,368712.12,293718763
2022-03-25,4.7616,4.7616,4.7616,4.7616,63195000,0.00%,167959633,89914463633,300909.31,0
2022-03-28,4.7616,4.7616,4.7616,4.7616,44434500,0.00%,123525133,89914463633,211579.32,0
2022-03-29,4.7616,4.7616,4.7616,4.7616,34485000,0.00%,89040133,89914463633,164203.78,0
2022-03-30,4.7616,4.7616,4.7616,4.7616,44467500,0.00%,44572633,89914463633,211736.45,0
2022-03-31,4.7616,4.7616,4.7616,4.7616,24073500,0.00%,20499133,89914463633,114628.38,0
2022-04-01,4.7616,4.7663,4.7663,4.7616,23925000,0.10%,288819189,90206708689,114033.73,292245056
2022-04-04,4.7663,4.7663,4.7663,4.7663,25855500,0.00%,262963689,90206708689,123235.07,0
2022-04-06,4.7663,4.7663,4.7663,4.7663,28264500,0.00%,234699189,90206708689,134717.09,0
2022-04-07,4.7663,4.7663,4.7663,4.7663,26185500,0.00%,208513689,90206708689,124807.95,0
2022-04-08,4.7663,4.7663,4.7663,4.7663,32340000,0.00%,176173689,90206708689,154142.14,0
2022-04-11,4.7663,4.7663,4.7663,4.7663,37603500,0.00%,138570189,90206708689,179229.56,0
2022-04-12,4.7663,4.7663,4.7663,4.7663,43576500,0.00%,94993689,90206708689,207698.67,0
2022-04-13,4.7663,4.7663,4.7663,4.7663,35706000,0.00%,59287689,90206708689,170185.51,0
2022-04-14,4.7663,4.7663,4.7663,4.7663,25014000,0.00%,34273689,90206708689,119224.23,0
2022-04-19,4.7663,4.7663,4.7663,4.7663,29271000,0.00%,5002689,90206708689,139514.37,0
2022-04-20,4.7663,4.7711,4.7711,4.7663,17902500,0.10%,272902846,90492511346,85414.62,285802656
2022-04-21,4.7711,4.7711,4.7711,4.7711,42471000,0.00%,230431846,90492511346,202633.39,0
2022-04-22,4.7711,4.7711,4.7711,4.7711,46249500,0.00%,184182346,90492511346,220660.99,0
2022-04-25,4.7711,4.7711,4.7711,4.7711,42553500,0.00%,141628846,90492511346,203027.0,0
2022-04-26,4.7711,4.7711,4.7711,4.7711,45028500,0.00%,96600346,90492511346,214835.48,0
2022-04-27,4.7711,4.7711,4.7711,4.7711,38626500,0.00%,57973846,90492511346,184290.89,0
2022-04-28,4.7711,4.7711,4.7711,4.7711,35029500,0.00%,22944346,90492511346,167129.25,0
2022-04-29,4.7711,4.7759,4.7759,4.7711,78325500,0.10%,231874803,90779767303,374074.76,287255956
2022-05-03,4.7759,4.7759,4.7759,4.7759,42190500,0.00%,189684303,90779767303,201497.61,0
2022-05-04,4.7759,4.7759,4.7759,4.7759,23265000,0.00%,166419303,90779767303,111111.31,0
2022-05-05,4.7759,4.7759,4.7759,4.7759,35293500,0.00%,131125803,90779767303,168558.23,0
2022-05-06,4.7759,4.7759,4.7759,4.7759,37818000,0.00%,93307803,90779767303,180614.99,0
2022-05-10,4.7759,4.7759,4.7759,4.7759,46860000,0.00%,46447803,90779767303,223798.67,0
2022-05-11,4.7759,4.7759,4.7759,4.7759,40177500,0.00%,6270303,90779767303,191883.72,0
2022-05-12,4.7759,4.7806,4.7806,4.7759,33033000,0.10%,261764193,91068294193,157917.56,288526889
2022-05-13,4.7806,4.7806,4.7806,4.7806,32158500,0.00%,229605693,91068294193,153736.93,0
2022-05-16,4.7806,4.7806,4.7806,4.7806,25674000,0.00%,203931693,91068294193,122737.12,0
2022-05-17,4.7806,4.7806,4.7806,4.7806,49698000,0.00%,154233693,91068294193,237586.26,0
2022-05-18,4.7806,4.7806,4.7806,4.7806,46761000,0.00%,107472693,91068294193,223545.64,0
2022-05-19,4.7806,4.7806,4.7806,4.7806,99247500,0.00%,8225193,91068294193,474462.6,0
2022-05-20,4.7806,4.7854,4.7854,4.7806,46744500,0.10%,250049492,91356862992,223691.13,288568799
2022-05-23,4.7854,4.7854,4.7854,4.7854,28099500,0.00%,221949992,91356862992,134467.35,0
2022-05-24,4.7854,4.7854,4.7854,4.7854,32505000,0.00%,189444992,91356862992,155549.43,0
2022-05-25,4.7854,4.7854,4.7854,4.7854,35557500,0.00%,153887492,91356862992,170156.86,0
2022-05-26,4.7854,4.7854,4.7854,4.7854,30525000,0.00%,123362492,91356862992,146074.33,0
2022-05-27,4.7854,4.7854,4.7854,4.7854,34254000,0.00%,89108492,91356862992,163919.09,0
2022-05-30,4.7854,4.7854,4.7854,4.7854,36795000,0.00%,52313492,91356862992,176078.79,0
2022-05-31,4.7854,4.7902,4.7902,4.7854,106854000,0.10%,233916267,91645319767,511852.03,288456774
2022-06-01,4.7902,4.7902,4.7902,4.7902,44418000,0.00%,189498267,91645319767,212771.1,0
2022-06-02,4.7902,4.7902,4.7902,4.7902,23397000,0.00%,166101267,91645319767,112076.31,0
2022-06-06,4.7902,4.7902,4.7902,4.7902,39435000,0.00%,126666267,91645319767,188901.54,0
2022-06-07,4.7902,4.7902,4.7902,4.7902,44698500,0.00%,81967767,91645319767,214114.75,0
2022-06-08,4.7902,4.7902,4.7902,4.7902,78342000,0.00%,3625767,91645319767,375273.85,0
2022-06-09,4.7902,4.795,4.795,4.7902,64597500,0.10%,228923656,91935215156,309745.01,289895388
2022-06-10,4.795,4.795,4.795,4.795,49104000,0.00%,179819656,91935215156,235453.68,0
2022-06-13,4.795,4.795,4.795,4.795,41151000,0.00%,138668656,91935215156,197319.05,0
2022-06-14,4.795,4.795,4.795,4.795,26911499,0.00%,111757156,91935215156,129040.64,0
2022-06-15,4.795,4.795,4.795,4.795,35046000,0.00%,76711156,91935215156,168045.57,0
2022-06-16,4.795,4.795,4.795,4.795,36531000,0.00%,40180156,91935215156,175166.14,0
2022-06-17,4.795,4.795,4.795,4.795,32142000,0.00%,8038156,91935215156,154120.89,0
2022-06-20,4.795,4.7998,4.7998,4.795,19206000,0.10%,278043054,92224426054,92184.96,289210898
2022-06-21,4.7998,4.7998,4.7998,4.7998,24766500,0.00%,253276554,92224426054,118874.25,0
2022-06-22,4.7998,4.7998,4.7998,4.7998,22621500,0.00%,230655054,92224426054,108578.68,0
2022-06-23,4.7998,4.7998,4.7998,4.7998,20823000,0.00%,209832054,92224426054,99946.24,0
2022-06-24,4.7998,4.7998,4.7998,4.7998,30030000,0.00%,179802054,92224426054,144137.99,0
2022-06-27,4.7998,4.7998,4.7998,4.7998,94710000,0.00%,85092054,92224426054,454589.06,0
2022-06-28,4.7998,4.8046,4.8046,4.7998,96673500,0.10%,270858990,92506866490,464477.5,282440435
2022-06-29,4.8046,4.8046,4.8046,4.8046,57717000,0.00%,213141990,92506866490,277307.1,0
2022-06-30,4.8046,4.8046,4.8046,4.8046,55093500,0.00%,158048490,92506866490,264702.23,0
2022-07-04,4.8046,4.8046,4.8046,4.8046,63459000,0.00%,94589490,92506866490,304895.11,0
2022-07-05,4.8046,4.8046,4.8046,4.8046,32158500,0.00%,62430990,92506866490,154508.73,0
2022-07-06,4.8046,4.8046,4.8046,4.8046,40953000,0.00%,21477990,92506866490,196762.78,0
2022-07-07,4.8046,4.8094,4.8094,4.8046,31333500,0.10%,274671326,92791393326,150695.33,284526836
2022-07-08,4.8094,4.8094,4.8094,4.8094,30937500,0.00%,243733826,92791393326,148790.81,0
2022-07-11,4.8094,4.8094,4.8094,4.8094,33990000,0.00%,209743826,92791393326,163471.51,0
2022-07-12,4.8094,4.8094,4.8094,4.8094,28561500,0.00%,181182326,92791393326,137363.68,0
2022-07-13,4.8094,4.8094,4.8094,4.8094,28264500,0.00%,152917826,92791393326,135935.29,0
2022-07-14,4.8094,4.8094,4.8094,4.8094,27670500,0.00%,125247326,92791393326,133078.5,0
2022-07-15,4.8094,4.8094,4.8094,4.8094,43444500,0.00%,81802826,92791393326,208941.98,0
2022-07-18,4.8094,4.8094,4.8094,4.8094,33610500,0.00%,48192326,92791393326,161646.34,0
2022-07-19,4.8094,4.8094,4.8094,4.8094,20889000,0.00%,27303326,92791393326,100463.56,0
2022-07-20,4.8094,4.8094,4.8094,4.8094,26367000,0.00%,936326,92791393326,126809.45,0
2022-07-21,4.8094,4.8142,4.8142,4.8094,31531500,0.10%,255859087,93077847587,151798.95,286454261
2022-07-22,4.8142,4.8142,4.8142,4.8142,24882000,0.00%,230977087,93077847587,119786.92,0
2022-07-25,4.8142,4.8142,4.8142,4.8142,27802500,0.00%,203174587,93077847587,133846.8,0
2022-07-26,4.8142,4.8142,4.8142,4.8142,22869000,0.00%,180305587,93077847587,110095.94,0
2022-07-27,4.8142,4.8142,4.8142,4.8142,32703000,0.00%,147602587,93077847587,157438.78,0
2022-07-28,4.8142,4.8142,4.8142,4.8142,25327500,0.00%,122275087,93077847587,121931.65,0
2022-07-29,4.8142,4.8142,4.8142,4.8142,61363500,0.00%,60911587,93077847587,295416.16,0
2022-08-01,4.8142,4.819,4.819,4.8142,65983500,0.10%,282444728,93365364228,317974.49,287516641
2022-08-02,4.819,4.819,4.819,4.819,70438500,0.00%,212006228,93365364228,339443.13,0
2022-08-03,4.819,4.819,4.819,4.819,45210000,0.00%,166796228,93365364228,217866.99,0
2022-08-04,4.819,4.819,4.819,4.819,32653500,0.00%,134142728,93365364228,157357.22,0
2022-08-05,4.819,4.819,4.819,4.819,27126000,0.00%,107016728,93365364228,130720.19,0
2022-08-08,4.819,4.819,4.819,4.819,24832500,0.00%,82184228,93365364228,119667.82,0
2022-08-09,4.819,4.819,4.819,4.819,23413500,0.00%,58770728,93365364228,112829.66,0
2022-08-10,4.819,4.819,4.819,4.819,25344000,0.00%,33426728,93365364228,122132.74,0
2022-08-11,4.819,4.819,4.819,4.819,24519000,0.00%,8907728,93365364228,118157.06,0
2022-08-12,4.819,4.8238,4.8238,4.819,18117000,0.10%,278292298,93652865798,87392.78,287501570
2022-08-15,4.8238,4.8238,4.8238,4.8238,19173000,0.00%,259119298,93652865798,92486.72,0
2022-08-16,4.8238,4.8238,4.8238,4.8238,38824500,0.00%,220294798,93652865798,187281.62,0
2022-08-17,4.8238,4.8238,4.8238,4.8238,29073000,0.00%,191221798,93652865798,140242.34,0
2022-08-18,4.8238,4.8238,4.8238,4.8238,53146500,0.00%,138075298,93652865798,256368.09,0
2022-08-19,4.8238,4.8238,4.8238,4.8238,38395500,0.00%,99679798,93652865798,185212.21,0
2022-08-22,4.8238,4.8238,4.8238,4.8238,24387000,0.00%,75292798,93652865798,117638.01,0
2022-08-23,4.8238,4.8238,4.8238,4.8238,22324500,0.00%,52968298,93652865798,107688.92,0
2022-08-24,4.8238,4.8238,4.8238,4.8238,21532500,0.00%,31435798,93652865798,103868.47,0
2022-08-25,4.8238,4.8287,4.8287,4.8238,32076000,0.10%,287716773,93941222773,154885.38,288356975
2022-08-26,4.8287,4.8287,4.8287,4.8287,30657000,0.00%,257059773,93941222773,148033.46,0
2022-08-29,4.8287,4.8287,4.8287,4.8287,20443500,0.00%,236616273,93941222773,98715.53,0
2022-08-30,4.8287,4.8287,4.8287,4.8287,23166000,0.00%,213450273,93941222773,111861.66,0
2022-08-31,4.8287,4.8287,4.8287,4.8287,43246500,0.00%,170203773,93941222773,208824.37,0
2022-09-01,4.8287,4.8287,4.8287,4.8287,39484500,0.00%,130719273,93941222773,190658.81,0
2022-09-02,4.8287,4.8287,4.8287,4.8287,42058500,0.00%,88660773,93941222773,203087.88,0
2022-09-05,4.8287,4.8287,4.8287,4.8287,33610500,0.00%,55050273,93941222773,162295.02,0
2022-09-06,4.8287,4.8287,4.8287,4.8287,26779500,0.00%,28270773,93941222773,129310.17,0
2022-09-07,4.8287,4.8287,4.8287,4.8287,25047000,0.00%,3223773,93941222773,120944.45,0
2022-09-08,4.8287,4.8335,4.8335,4.8287,38890500,0.10%,254482831,94231372331,187977.23,290149557
2022-09-09,4.8335,4.8335,4.8335,4.8335,28314000,0.00%,226168831,94231372331,136855.72,0
2022-09-13,4.8335,4.8335,4.8335,4.8335,28330500,0.00%,197838331,94231372331,136935.47,0
2022-09-14,4.8335,4.8335,4.8335,4.8335,29683500,0.00%,168154831,94231372331,143475.2,0
2022-09-15,4.8335,4.8335,4.8335,4.8335,21978000,0.00%,146176831,94231372331,106230.66,0
2022-09-16,4.8335,4.8335,4.8335,4.8335,41151000,0.00%,105025831,94231372331,198903.36,0
2022-09-19,4.8335,4.8335,4.8335,4.8335,37818000,0.00%,67207831,94231372331,182793.3,0
2022-09-20,4.8335,4.8335,4.8335,4.8335,24981000,0.00%,42226831,94231372331,120745.66,0
2022-09-21,4.8335,4.8335,4.8335,4.8335,26548500,0.00%,15678331,94231372331,128322.17,0
2022-09-22,4.8335,4.8383,4.8383,4.8335,28941000,0.10%,276162662,94520797662,140025.24,289425331
2022-09-23,4.8383,4.8383,4.8383,4.8383,32455500,0.00%,243707162,94520797662,157029.45,0
2022-09-26,4.8383,4.8383,4.8383,4.8383,40672500,0.00%,203034662,94520797662,196785.76,0
2022-09-27,4.8383,4.8383,4.8383,4.8383,37504500,0.00%,165530162,94520797662,181458.02,0
2022-09-28,4.8383,4.8383,4.8383,4.8383,36564000,0.00%,128966162,94520797662,176907.6,0
2022-09-29,4.8383,4.8383,4.8383,4.8383,33264000,0.00%,95702162,94520797662,160941.21,0
2022-09-30,4.8383,4.8383,4.8383,4.8383,37059000,0.00%,58643162,94520797662,179302.56,0
2022-10-03,4.8383,4.8383,4.8383,4.8383,23083500,0.00%,35559662,94520797662,111684.9,0
2022-10-05,4.8383,4.8383,4.8383,4.8383,29931000,0.00%,5628662,94520797662,144815.16,0
2022-10-06,4.8383,4.8432,4.8432,4.8383,17110500,0.10%,275673352,94807952852,82869.57,287155190
2022-10-07,4.8432,4.8432,4.8432,4.8432,16467000,0.00%,259206352,94807952852,79752.97,0
2022-10-10,4.8432,4.8432,4.8432,4.8432,25872000,0.00%,233334352,94807952852,125303.27,0
2022-10-11,4.8432,4.8432,4.8432,4.8432,35178000,0.00%,198156352,94807952852,170374.09,0
2022-10-12,4.8432,4.8432,4.8432,4.8432,52849500,0.00%,145306852,94807952852,255960.7,0
2022-10-13,4.8432,4.8432,4.8432,4.8432,36564000,0.00%,108742852,94807952852,177086.76,0
2022-10-14,4.8432,4.8432,4.8432,4.8432,51909000,0.00%,56833852,94807952852,251405.67,0
2022-10-17,4.8432,4.8432,4.8432,4.8432,43428000,0.00%,13405852,94807952852,210330.49,0
2022-10-18,4.8432,4.848,4.848,4.8432,36514500,0.10%,253886211,95084947711,177022.3,276994858
2022-10-19,4.848,4.848,4.848,4.848,34584000,0.00%,219302211,95084947711,167663.23,0
2022-10-20,4.848,4.848,4.848,4.848,81526500,0.00%,137775711,95084947711,395240.47,0
2022-10-21,4.848,4.848,4.848,4.848,43807500,0.00%,93968211,95084947711,212378.76,0
2022-10-24,4.848,4.8529,4.8529,4.848,140365500,0.10%,228521602,95359866602,681179.73,274918890
2022-10-25,4.8529,4.8529,4.8529,4.8529,120483000,0.00%,108038602,95359866602,584691.95,0
2022-10-26,4.8529,4.8529,4.8529,4.8529,83077500,0.00%,24961102,95359866602,403166.8,0
2022-10-27,4.8529,4.8577,4.8577,4.8529,70488000,0.10%,231386845,95636780345,342409.56,276913743
2022-10-28,4.8577,4.8577,4.8577,4.8577,67369500,0.00%,164017345,95636780345,327260.82,0
2022-10-31,4.8577,4.8577,4.8577,4.8577,81691500,0.00%,82325845,95636780345,396832.8,0
2022-11-01,4.8577,4.8626,4.8626,4.8577,128436000,0.10%,235117932,95918008432,624532.89,281228087
2022-11-02,4.8626,4.8626,4.8626,4.8626,57997500,0.00%,177120432,95918008432,282018.64,0
2022-11-03,4.8626,4.8626,4.8626,4.8626,50539500,0.00%,126580932,95918008432,245753.37,0
2022-11-04,4.8626,4.8626,4.8626,4.8626,110814000,0.00%,15766932,95918008432,538844.16,0
2022-11-07,4.8626,4.8674,4.8674,4.8626,72567000,0.10%,225854707,96200663207,353212.62,282654774
2022-11-08,4.8674,4.8674,4.8674,4.8674,38841000,0.00%,187013707,96200663207,189054.68,0
2022-11-09,4.8674,4.8674,4.8674,4.8674,52239000,0.00%,134774707,96200663207,254268.11,0
2022-11-10,4.8674,4.8674,4.8674,4.8674,38379000,0.00%,96395707,96200663207,186805.94,0
2022-11-11,4.8674,4.8674,4.8674,4.8674,87466500,0.00%,8929207,96200663207,425734.44,0
2022-11-14,4.8674,4.8723,4.8723,4.8674,79860000,0.10%,211247696,96482841696,389101.88,282178488
2022-11-15,4.8723,4.8723,4.8723,4.8723,104115000,0.00%,107132696,96482841696,507279.51,0
2022-11-16,4.8723,4.8723,4.8723,4.8723,101953500,0.00%,5179196,96482841696,496748.04,0
2022-11-17,4.8723,4.8772,4.8772,4.8723,115203000,0.10%,176300331,96769165831,561868.07,286324135
2022-11-18,4.8772,4.8772,4.8772,4.8772,73854000,0.00%,102446331,96769165831,360200.73,0
2022-11-21,4.8772,4.8772,4.8772,4.8772,51661500,0.00%,50784831,96769165831,251963.47,0
2022-11-22,4.8772,4.8772,4.8772,4.8772,46959000,0.00%,3825831,96769165831,229028.43,0
2022-11-23,4.8772,4.882,4.882,4.8772,38577000,0.10%,251855121,97055772121,188332.91,286606290
2022-11-24,4.882,4.882,4.882,4.882,28330500,0.00%,223524621,97055772121,138309.5,0
2022-11-25,4.882,4.882,4.882,4.882,51678000,0.00%,171846621,97055772121,252292.0,0
2022-11-28,4.882,4.882,4.882,4.882,55275000,0.00%,116571621,97055772121,269852.55,0
2022-11-29,4.882,4.882,4.882,4.882,54681000,0.00%,61890621,97055772121,266952.64,0
2022-11-30,4.882,4.8869,4.8869,4.882,76939500,0.10%,271446511,97342267511,375995.64,286495389
2022-12-01,4.8869,4.8869,4.8869,4.8869,75157500,0.00%,196289011,97342267511,367287.19,0
2022-12-02,4.8869,4.8869,4.8869,4.8869,41398500,0.00%,154890511,97342267511,202310.33,0
2022-12-05,4.8869,4.8869,4.8869,4.8869,98719500,0.00%,56171011,97342267511,482432.32,0
2022-12-06,4.8869,4.8869,4.8869,4.8869,47949000,0.00%,8222011,97342267511,234321.97,0
2022-12-07,4.8869,4.8918,4.8918,4.8869,67831500,0.10%,230287640,97632164640,331818.13,289897129
2022-12-08,4.8918,4.8918,4.8918,4.8918,56248500,0.00%,174039140,97632164640,275156.41,0
2022-12-09,4.8918,4.8918,4.8918,4.8918,66660000,0.00%,107379140,97632164640,326087.39,0
2022-12-12,4.8918,4.8918,4.8918,4.8918,33841500,0.00%,73537640,97632164640,165545.85,0
2022-12-13,4.8918,4.8918,4.8918,4.8918,33511500,0.00%,40026140,97632164640,163931.56,0
2022-12-14,4.8918,4.8918,4.8918,4.8918,39996000,0.00%,30140,97632164640,195652.43,0
2022-12-15,4.8918,4.8967,4.8967,4.8918,31284000,0.10%,260693110,97924111610,153188.36,291946969
2022-12-16,4.8967,4.8967,4.8967,4.8967,41464500,0.00%,219228610,97924111610,203039.22,0
2022-12-19,4.8967,4.8967,4.8967,4.8967,41085000,0.00%,178143610,97924111610,201180.92,0
2022-12-20,4.8967,4.8967,4.8967,4.8967,47949000,0.00%,130194610,97924111610,234791.87,0
2022-12-21,4.8967,4.8967,4.8967,4.8967,25278000,0.00%,104916610,97924111610,123778.78,0
2022-12-22,4.8967,4.8967,4.8967,4.8967,40012500,0.00%,64904110,97924111610,195929.21,0
2022-12-23,4.8967,4.8967,4.8967,4.8967,25575000,0.00%,39329110,97924111610,125233.1,0
2022-12-28,4.8967,4.9016,4.9016,4.8967,39913500,0.10%,293032835,98217728835,195640.01,293617225
2022-12-29,4.9016,4.9016,4.9016,4.9016,49648500,0.00%,243384335,98217728835,243357.09,0
2022-12-30,4.9016,4.9016,4.9016,4.9016,44896500,0.00%,198487835,98217728835,220064.68,0
2023-01-03,4.9016,4.9016,4.9016,4.9016,50932000,0.00%,147555835,98217728835,249648.29,0
2023-01-04,4.9016,4.9016,4.9016,4.9016,63631000,0.00%,83924835,98217728835,311893.71,0
2023-01-05,4.9016,4.9016,4.9016,4.9016,69360000,0.00%,14564835,98217728835,339974.98,0
2023-01-06,4.9016,4.9065,4.9065,4.9016,46053000,0.10%,264916420,98514133420,225959.04,296404584
2023-01-09,4.9065,4.9065,4.9065,4.9065,48144000,0.00%,216772420,98514133420,236218.54,0
2023-01-10,4.9065,4.9065,4.9065,4.9065,33745000,0.00%,183027420,98514133420,165569.84,0
2023-01-11,4.9065,4.9065,4.9065,4.9065,60724000,0.00%,122303420,98514133420,297942.31,0
2023-01-12,4.9065,4.9065,4.9065,4.9065,68935000,0.00%,53368420,98514133420,338229.58,0
2023-01-13,4.9065,4.9065,4.9065,4.9065,35649000,0.00%,17719420,98514133420,174911.82,0
2023-01-16,4.9065,4.9114,4.9114,4.9065,33983000,0.10%,283449221,98813846221,166904.11,299712801
2023-01-17,4.9114,4.9114,4.9114,4.9114,27370000,0.00%,256079221,98813846221,134425.02,0
2023-01-18,4.9114,4.9114,4.9114,4.9114,46104000,0.00%,209975221,98813846221,226435.19,0
2023-01-19,4.9114,4.9114,4.9114,4.9114,29495000,0.00%,180480221,98813846221,144861.74,0
2023-01-20,4.9114,4.9114,4.9114,4.9114,28662000,0.00%,151818221,98813846221,140770.55,0
2023-01-26,4.9114,4.9114,4.9114,4.9114,40341000,0.00%,111477221,98813846221,198130.79,0
2023-01-27,4.9114,4.9114,4.9114,4.9114,31671000,0.00%,79806221,98813846221,155548.95,0
2023-01-30,4.9114,4.9163,4.9163,4.9114,91171000,0.10%,289794094,99115005094,448223.99,301158873
2023-01-31,4.9163,4.9163,4.9163,4.9163,94792000,0.00%,195002094,99115005094,466025.91,0
2023-02-01,4.9163,4.9163,4.9163,4.9163,53414000,0.00%,141588094,99115005094,262599.25,0
2023-02-02,4.9163,4.9163,4.9163,4.9163,40392000,0.00%,101196094,99115005094,198579.19,0
2023-02-03,4.9163,4.9163,4.9163,4.9163,44098000,0.00%,57098094,99115005094,216799.0,0
2023-02-06,4.9163,4.9163,4.9163,4.9163,43503000,0.00%,13595094,99115005094,213873.8,0
2023-02-07,4.9163,4.9212,4.9212,4.9163,33660000,0.10%,282431516,99417501516,165647.59,302496421
2023-02-08,4.9212,4.9212,4.9212,4.9212,29359000,0.00%,253072516,99417501516,144481.51,0
2023-02-09,4.9212,4.9212,4.9212,4.9212,45322000,0.00%,207750516,99417501516,223038.63,0
2023-02-10,4.9212,4.9212,4.9212,4.9212,41837000,0.00%,165913516,99417501516,205888.24,0
2023-02-13,4.9212,4.9212,4.9212,4.9212,34612000,0.00%,131301516,99417501516,170332.57,0
2023-02-14,4.9212,4.9212,4.9212,4.9212,30481000,0.00%,100820516,99417501516,150003.1,0
2023-02-15,4.9212,4.9212,4.9212,4.9212,28050000,0.00%,72770516,99417501516,138039.66,0
2023-02-16,4.9212,4.9212,4.9212,4.9212,37247000,0.00%,35523516,99417501516,183299.94,0
2023-02-17,4.9212,4.9212,4.9212,4.9212,30124000,0.00%,5399516,99417501516,148246.23,0
2023-02-20,4.9212,4.9262,4.9262,4.9212,20927000,0.10%,286582520,99719611520,103090.59,302110004
2023-02-21,4.9262,4.9262,4.9262,4.9262,49827000,0.00%,236755520,99719611520,245457.77,0
2023-02-22,4.9262,4.9262,4.9262,4.9262,56355000,0.00%,180400520,99719611520,277616.0,0
2023-02-23,4.9262,4.9262,4.9262,4.9262,33031000,0.00%,147369520,99719611520,162717.31,0
2023-02-24,4.9262,4.9262,4.9262,4.9262,41514000,0.00%,105855520,99719611520,204506.27,0
2023-02-27,4.9262,4.9262,4.9262,4.9262,34816000,0.00%,71039520,99719611520,171510.58,0
2023-02-28,4.9262,4.9262,4.9262,4.9262,44217000,0.00%,26822520,99719611520,217821.79,0
2023-03-01,4.9262,4.9311,4.9311,4.9262,60537000,0.10%,270585706,100023911706,298514.0,304300185
2023-03-02,4.9311,4.9311,4.9311,4.9311,25160000,0.00%,245425706,100023911706,124066.48,0
2023-03-03,4.9311,4.9311,4.9311,4.9311,30226000,0.00%,215199706,100023911706,149047.43,0
2023-03-06,4.9311,4.9311,4.9311,4.9311,21471000,0.00%,193728706,100023911706,105875.65,0
2023-03-07,4.9311,4.9311,4.9311,4.9311,28968000,0.00%,164760706,100023911706,142844.1,0
2023-03-08,4.9311,4.9311,4.9311,4.9311,36057000,0.00%,128703706,100023911706,177800.67,0
2023-03-09,4.9311,4.9311,4.9311,4.9311,29359000,0.00%,99344706,100023911706,144772.16,0
2023-03-10,4.9311,4.9311,4.9311,4.9311,63920000,0.00%,35424706,100023911706,315195.91,0
2023-03-13,4.9311,4.936,4.936,4.9311,46121000,0.10%,294579199,100329187199,227653.26,305275492
2023-03-14,4.936,4.936,4.936,4.936,36244000,0.00%,258335199,100329187199,178900.38,0
2023-03-15,4.936,4.936,4.936,4.936,28169000,0.00%,230166199,100329187199,139042.18,0
2023-03-16,4.936,4.936,4.936,4.936,40341000,0.00%,189825199,100329187199,199123.18,0
2023-03-17,4.936,4.936,4.936,4.936,49351000,0.00%,140474199,100329187199,243596.54,0
2023-03-20,4.936,4.936,4.936,4.936,34748000,0.00%,105726199,100329187199,171516.13,0
2023-03-21,4.936,4.936,4.936,4.936,36176000,0.00%,69550199,100329187199,178564.74,0
2023-03-22,4.936,4.936,4.936,4.936,33405000,0.00%,36145199,100329187199,164887.08,0
2023-03-23,4.936,4.941,4.941,4.936,79645000,0.10%,265631665,100638318665,393525.95,309131465
2023-03-24,4.941,4.941,4.941,4.941,56474000,0.00%,209157665,100638318665,279038.03,0
2023-03-27,4.941,4.941,4.941,4.941,43860000,0.00%,165297665,100638318665,216712.26,0
2023-03-28,4.941,4.941,4.941,4.941,53278000,0.00%,112019665,100638318665,263246.6,0
2023-03-29,4.941,4.941,4.941,4.941,61370000,0.00%,50649665,100638318665,303229.17,0
2023-03-30,4.941,4.941,4.941,4.941,42908000,0.00%,7741665,100638318665,212008.43,0
2023-03-31,4.941,4.9459,4.9459,4.941,44132000,0.10%,274990277,100949699277,218272.46,311380612
2023-04-03,4.9459,4.9459,4.9459,4.9459,31909000,0.00%,243081277,100949699277,157818.72,0
2023-04-04,4.9459,4.9459,4.9459,4.9459,24225000,0.00%,218856277,100949699277,119814.43,0
2023-04-06,4.9459,4.9459,4.9459,4.9459,25415000,0.00%,193441277,100949699277,125700.05,0
2023-04-11,4.9459,4.9459,4.9459,4.9459,37281000,0.00%,156160277,100949699277,184388.1,0
2023-04-12,4.9459,4.9459,4.9459,4.9459,68799000,0.00%,87361277,100949699277,340272.97,0
2023-04-13,4.9459,4.9459,4.9459,4.9459,42432000,0.00%,44929277,100949699277,209864.43,0
2023-04-14,4.9459,4.9459,4.9459,4.9459,21658000,0.00%,23271277,100949699277,107118.3,0
2023-04-17,4.9459,4.9508,4.9508,4.9459,26707000,0.10%,307898189,101261033189,132221.02,311333912
2023-04-18,4.9508,4.9508,4.9508,4.9508,23273000,0.00%,284625189,101261033189,115219.97,0
2023-04-19,4.9508,4.9508,4.9508,4.9508,27676000,0.00%,256949189,101261033189,137018.34,0
2023-04-20,4.9508,4.9508,4.9508,4.9508,17901000,0.00%,239048189,101261033189,88624.27,0
2023-04-21,4.9508,4.9508,4.9508,4.9508,28084000,0.00%,210964189,101261033189,139038.27,0
2023-04-24,4.9508,4.9508,4.9508,4.9508,34799000,0.00%,176165189,101261033189,172282.89,0
2023-04-25,4.9508,4.9508,4.9508,4.9508,35615000,0.00%,140550189,101261033189,176322.74,0
2023-04-26,4.9508,4.9508,4.9508,4.9508,42534000,0.00%,98016189,101261033189,210577.33,0
2023-04-27,4.9508,4.9508,4.9508,4.9508,25092000,0.00%,72924189,101261033189,124225.47,0
2023-04-28,4.9508,4.9508,4.9508,4.9508,26163000,0.00%,46761189,101261033189,129527.78,0
2023-05-02,4.9508,4.9508,4.9508,4.9508,14705000,0.00%,32056189,101261033189,72801.51,0
2023-05-03,4.9508,4.9508,4.9508,4.9508,17935000,0.00%,14121189,101261033189,88792.6,0
2023-05-04,4.9508,4.9558,4.9558,4.9508,29886000,0.10%,294845781,101571643781,148109.04,310610591
2023-05-05,4.9558,4.9558,4.9558,4.9558,25177000,0.00%,269668781,101571643781,124772.18,0
2023-05-08,4.9558,4.9558,4.9558,4.9558,18224000,0.00%,251444781,101571643781,90314.5,0
2023-05-09,4.9558,4.9558,4.9558,4.9558,40018000,0.00%,211426781,101571643781,198321.2,0
2023-05-10,4.9558,4.9558,4.9558,4.9558,26469000,0.00%,184957781,101571643781,131175.07,0
2023-05-11,4.9558,4.9558,4.9558,4.9558,29869000,0.00%,155088781,101571643781,148024.79,0
2023-05-12,4.9558,4.9558,4.9558,4.9558,30583000,0.00%,124505781,101571643781,151563.23,0
2023-05-15,4.9558,4.9558,4.9558,4.9558,40358000,0.00%,84147781,101571643781,200006.18,0
2023-05-16,4.9558,4.9558,4.9558,4.9558,24004000,0.00%,60143781,101571643781,118959.02,0
2023-05-17,4.9558,4.9558,4.9558,4.9558,33252000,0.00%,26891781,101571643781,164790.26,0
2023-05-18,4.9558,4.9608,4.9608,4.9558,58497000,0.10%,277756107,101881005107,290191.92,309361326
2023-05-19,4.9608,4.9608,4.9608,4.9608,38573000,0.00%,239183107,101881005107,191352.94,0
2023-05-22,4.9608,4.9608,4.9608,4.9608,34068000,0.00%,205115107,101881005107,169004.53,0
2023-05-23,4.9608,4.9608,4.9608,4.9608,25534000,0.00%,179581107,101881005107,126669.07,0
2023-05-24,4.9608,4.9608,4.9608,4.9608,23035000,0.00%,156546107,101881005107,114272.03,0
2023-05-25,4.9608,4.9608,4.9608,4.9608,44251000,0.00%,112295107,101881005107,219520.36,0
2023-05-29,4.9608,4.9608,4.9608,4.9608,49028000,0.00%,63267107,101881005107,243218.1,0
2023-05-30,4.9608,4.9608,4.9608,4.9608,36958000,0.00%,26309107,101881005107,183341.25,0
2023-05-31,4.9608,4.9657,4.9657,4.9608,54621000,0.10%,279565367,102188882367,271231.5,307877260
2023-06-01,4.9657,4.9657,4.9657,4.9657,39015000,0.00%,240550367,102188882367,193736.79,0
2023-06-02,4.9657,4.9657,4.9657,4.9657,54502000,0.00%,186048367,102188882367,270640.58,0
2023-06-05,4.9657,4.9657,4.9657,4.9657,33813000,0.00%,152235367,102188882367,167905.21,0
2023-06-06,4.9657,4.9657,4.9657,4.9657,28390000,0.00%,123845367,102188882367,140976.22,0
2023-06-07,4.9657,4.9657,4.9657,4.9657,31025000,0.00%,92820367,102188882367,154060.84,0
2023-06-08,4.9657,4.9657,4.9657,4.9657,22321000,0.00%,70499367,102188882367,110839.39,0
2023-06-09,4.9657,4.9657,4.9657,4.9657,27506000,0.00%,42993367,102188882367,136586.54,0
2023-06-12,4.9657,4.9657,4.9657,4.9657,22933000,0.00%,20060367,102188882367,113878.4,0
2023-06-13,4.9657,4.9707,4.9707,4.9657,39304000,0.10%,275334655,102483460655,195368.39,294578288
2023-06-14,4.9707,4.9707,4.9707,4.9707,37536000,0.00%,237798655,102483460655,186580.2,0
2023-06-15,4.9707,4.9707,4.9707,4.9707,42517000,0.00%,195281655,102483460655,211339.25,0
2023-06-16,4.9707,4.9707,4.9707,4.9707,60945000,0.00%,134336655,102483460655,302939.31,0
2023-06-19,4.9707,4.9707,4.9707,4.9707,34459000,0.00%,99877655,102483460655,171285.35,0
2023-06-20,4.9707,4.9707,4.9707,4.9707,27676000,0.00%,72201655,102483460655,137569.09,0
2023-06-21,4.9707,4.9707,4.9707,4.9707,32810000,0.00%,39391655,102483460655,163088.67,0
2023-06-23,4.9707,4.9707,4.9707,4.9707,23630000,0.00%,15761655,102483460655,117457.64,0
2023-06-26,4.9707,4.9756,4.9756,4.9707,30872000,0.10%,277687270,102776258270,153606.72,292797614
2023-06-27,4.9756,4.9756,4.9756,4.9756,29733000,0.00%,247954270,102776258270,147939.51,0
2023-06-28,4.9756,4.9756,4.9756,4.9756,27013000,0.00%,220941270,102776258270,134405.88,0
2023-06-29,4.9756,4.9756,4.9756,4.9756,22984000,0.00%,197957270,102776258270,114359.19,0
2023-06-30,4.9756,4.9756,4.9756,4.9756,27540000,0.00%,170417270,102776258270,137028.02,0
2023-07-03,4.9756,4.9756,4.9756,4.9756,24140000,0.00%,146277270,102776258270,120110.98,0
2023-07-04,4.9756,4.9756,4.9756,4.9756,16048000,0.00%,130229270,102776258270,79848.43,0
2023-07-05,4.9756,4.9756,4.9756,4.9756,16762000,0.00%,113467270,102776258270,83401.01,0
2023-07-06,4.9756,4.9756,4.9756,4.9756,33626000,0.00%,79841270,102776258270,167309.53,0
2023-07-07,4.9756,4.9756,4.9756,4.9756,36720000,0.00%,43121270,102776258270,182704.03,0
2023-07-10,4.9756,4.9756,4.9756,4.9756,29393000,0.00%,13728270,102776258270,146247.81,0
2023-07-11,4.9756,4.9806,4.9806,4.9756,21012000,0.10%,284504635,103068046635,104652.37,291788365
2023-07-12,4.9806,4.9806,4.9806,4.9806,28645000,0.00%,255859635,103068046635,142669.29,0
2023-07-13,4.9806,4.9806,4.9806,4.9806,46444000,0.00%,209415635,103068046635,231318.99,0
2023-07-14,4.9806,4.9806,4.9806,4.9806,36057000,0.00%,173358635,103068046635,179585.49,0
2023-07-18,4.9806,4.9806,4.9806,4.9806,49555000,0.00%,123803635,103068046635,246813.63,0
2023-07-19,4.9806,4.9806,4.9806,4.9806,37247000,0.00%,86556635,103068046635,185512.41,0
2023-07-20,4.9806,4.9806,4.9806,4.9806,28152000,0.00%,58404635,103068046635,140213.85,0
2023-07-21,4.9806,4.9806,4.9806,4.9806,20128000,0.00%,38276635,103068046635,100249.52,0
2023-07-24,4.9806,4.9806,4.9806,4.9806,29665000,0.00%,8611635,103068046635,147749.5,0
2023-07-25,4.9806,4.9856,4.9856,4.9806,49640000,0.10%,249730587,103358805587,247485.18,290758952
2023-07-26,4.9856,4.9856,4.9856,4.9856,25398000,0.00%,224332587,103358805587,126624.27,0
2023-07-27,4.9856,4.9856,4.9856,4.9856,23205000,0.00%,201127587,103358805587,115690.85,0
2023-07-28,4.9856,4.9856,4.9856,4.9856,37808000,0.00%,163319587,103358805587,188495.56,0
2023-07-31,4.9856,4.9856,4.9856,4.9856,62560000,0.00%,100759587,103358805587,311899.14,0
2023-08-01,4.9856,4.9856,4.9856,4.9856,39848000,0.00%,60911587,103358805587,198666.19,0
2023-08-02,4.9856,4.9856,4.9856,4.9856,35768000,0.00%,25143587,103358805587,178324.94,0
2023-08-03,4.9856,4.9906,4.9906,4.9856,28322000,0.10%,287694452,103649678452,141343.77,290872864
2023-08-04,4.9906,4.9906,4.9906,4.9906,32470000,0.00%,255224452,103649678452,162044.78,0
2023-08-07,4.9906,4.9906,4.9906,4.9906,16116000,0.00%,239108452,103649678452,80428.51,0
2023-08-08,4.9906,4.9906,4.9906,4.9906,26146000,0.00%,212962452,103649678452,130484.23,0
2023-08-09,4.9906,4.9906,4.9906,4.9906,20264000,0.00%,192698452,103649678452,101129.52,0
2023-08-10,4.9906,4.9906,4.9906,4.9906,19023000,0.00%,173675452,103649678452,94936.18,0
2023-08-11,4.9906,4.9906,4.9906,4.9906,20910000,0.00%,152765452,103649678452,104353.45,0
2023-08-14,4.9906,4.9906,4.9906,4.9906,26775000,0.00%,125990452,103649678452,133623.32,0
2023-08-15,4.9906,4.9906,4.9906,4.9906,18343000,0.00%,107647452,103649678452,91542.58,0
2023-08-16,4.9906,4.9906,4.9906,4.9906,28016000,0.00%,79631452,103649678452,139816.65,0
2023-08-17,4.9906,4.9906,4.9906,4.9906,48994000,0.00%,30637452,103649678452,244509.46,0
2023-08-18,4.9906,4.9956,4.9956,4.9906,30787000,0.10%,285254486,103935082486,153799.54,285404034
2023-08-21,4.9956,4.9956,4.9956,4.9956,43690000,0.00%,241564486,103935082486,218257.76,0
2023-08-22,4.9956,4.9956,4.9956,4.9956,41956000,0.00%,199608486,103935082486,209595.39,0
2023-08-23,4.9956,4.9956,4.9956,4.9956,29308000,0.00%,170300486,103935082486,146411.04,0
2023-08-24,4.9956,4.9956,4.9956,4.9956,37978000,0.00%,132322486,103935082486,189722.9,0
2023-08-25,4.9956,4.9956,4.9956,4.9956,21318000,0.00%,111004486,103935082486,106496.2,0
2023-08-28,4.9956,4.9956,4.9956,4.9956,32980000,0.00%,78024486,103935082486,164754.89,0
2023-08-29,4.9956,4.9956,4.9956,4.9956,26146000,0.00%,51878486,103935082486,130614.96,0
2023-08-30,4.9956,4.9956,4.9956,4.9956,25823000,0.00%,26055486,103935082486,129001.38,0
2023-08-31,4.9956,5.0006,5.0006,4.9956,84558000,0.10%,226022982,104219607982,422840.73,284525496
2023-09-04,5.0006,5.0006,5.0006,5.0006,52275000,0.00%,173747982,104219607982,261406.37,0
2023-09-05,5.0006,5.0006,5.0006,5.0006,22525000,0.00%,151222982,104219607982,112638.52,0
2023-09-06,5.0006,5.0006,5.0006,5.0006,28033000,0.00%,123189982,104219607982,140181.82,0
2023-09-07,5.0006,5.0006,5.0006,5.0006,28424000,0.00%,94765982,104219607982,142137.05,0
2023-09-11,5.0006,5.0006,5.0006,5.0006,31977000,0.00%,62788982,104219607982,159904.19,0
2023-09-12,5.0006,5.0006,5.0006,5.0006,17680000,0.00%,45108982,104219607982,88410.61,0
2023-09-13,5.0006,5.0006,5.0006,5.0006,18122000,0.00%,26986982,104219607982,90620.87,0
2023-09-14,5.0006,5.0006,5.0006,5.0006,17255000,0.00%,9731982,104219607982,86285.35,0
2023-09-15,5.0006,5.0056,5.0056,5.0006,32674000,0.10%,259103879,104501653879,163552.97,282045897
2023-09-18,5.0056,5.0056,5.0056,5.0056,25058000,0.00%,234045879,104501653879,125430.32,0
2023-09-19,5.0056,5.0056,5.0056,5.0056,26486000,0.00%,207559879,104501653879,132578.32,0
2023-09-20,5.0056,5.0056,5.0056,5.0056,23222000,0.00%,184337879,104501653879,116240.04,0
2023-09-21,5.0056,5.0056,5.0056,5.0056,32504000,0.00%,151833879,104501653879,162702.02,0
2023-09-22,5.0056,5.0056,5.0056,5.0056,36108000,0.00%,115725879,104501653879,180742.2,0
2023-09-25,5.0056,5.0056,5.0056,5.0056,31127000,0.00%,84598879,104501653879,155809.31,0
2023-09-26,5.0056,5.0056,5.0056,5.0056,27064000,0.00%,57534879,104501653879,135471.56,0
2023-09-27,5.0056,5.0056,5.0056,5.0056,24140000,0.00%,33394879,104501653879,120835.18,0
2023-09-28,5.0056,5.0056,5.0056,5.0056,26520000,0.00%,6874879,104501653879,132748.51,0
2023-09-29,5.0056,5.0106,5.0106,5.0056,19125000,0.10%,267287887,104781191887,95827.73,279538008
2023-10-03,5.0106,5.0106,5.0106,5.0106,25704000,0.00%,241583887,104781191887,128792.46,0
2023-10-04,5.0106,5.0106,5.0106,5.0106,18598000,0.00%,222985887,104781191887,93187.14,0
2023-10-05,5.0106,5.0106,5.0106,5.0106,18360000,0.00%,204625887,104781191887,91994.62,0
2023-10-06,5.0106,5.0106,5.0106,5.0106,18836000,0.00%,185789887,104781191887,94379.66,0
2023-10-09,5.0106,5.0106,5.0106,5.0106,19380000,0.00%,166409887,104781191887,97105.43,0
2023-10-10,5.0106,5.0106,5.0106,5.0106,27965000,0.00%,138444887,104781191887,140121.43,0
2023-10-11,5.0106,5.0106,5.0106,5.0106,27914000,0.00%,110530887,104781191887,139865.89,0
2023-10-12,5.0106,5.0106,5.0106,5.0106,22865000,0.00%,87665887,104781191887,114567.37,0
2023-10-13,5.0106,5.0106,5.0106,5.0106,22729000,0.00%,64936887,104781191887,113885.93,0
2023-10-16,5.0106,5.0106,5.0106,5.0106,21165000,0.00%,43771887,104781191887,106049.35,0
2023-10-17,5.0106,5.0106,5.0106,5.0106,15640000,0.00%,28131887,104781191887,78365.78,0
2023-10-18,5.0106,5.0106,5.0106,5.0106,20400000,0.00%,7731887,104781191887,102216.24,0
2023-10-19,5.0106,5.0156,5.0156,5.0106,29274000,0.10%,254946496,105057680496,146826.67,276488608
2023-10-20,5.0156,5.0156,5.0156,5.0156,32657000,0.00%,222289496,105057680496,163794.45,0
2023-10-24,5.0156,5.0156,5.0156,5.0156,36754000,0.00%,185535496,105057680496,184343.36,0
2023-10-25,5.0156,5.0156,5.0156,5.0156,29767000,0.00%,155768496,105057680496,149299.37,0
2023-10-26,5.0156,5.0156,5.0156,5.0156,19465000,0.00%,136303496,105057680496,97628.65,0
2023-10-27,5.0156,5.0156,5.0156,5.0156,27982000,0.00%,108321496,105057680496,140346.52,0
2023-10-30,5.0156,5.0156,5.0156,5.0156,24412000,0.00%,83909496,105057680496,122440.83,0
2023-10-31,5.0156,5.0156,5.0156,5.0156,23341000,0.00%,60568496,105057680496,117069.12,0
2023-11-01,5.0156,5.0156,5.0156,5.0156,18717000,0.00%,41851496,105057680496,93876.99,0
2023-11-02,5.0156,5.0156,5.0156,5.0156,17816000,0.00%,24035496,105057680496,89357.93,0
2023-11-03,5.0156,5.0206,5.0206,5.0156,36686000,0.10%,263450294,105333781294,184185.73,276100798
2023-11-06,5.0206,5.0206,5.0206,5.0206,45662000,0.00%,217788294,105333781294,229250.64,0
2023-11-07,5.0206,5.0206,5.0206,5.0206,22780000,0.00%,195008294,105333781294,114369.27,0
2023-11-08,5.0206,5.0206,5.0206,5.0206,21896000,0.00%,173112294,105333781294,109931.06,0
2023-11-09,5.0206,5.0206,5.0206,5.0206,17459000,0.00%,155653294,105333781294,87654.66,0
2023-11-10,5.0206,5.0206,5.0206,5.0206,16779000,0.00%,138874294,105333781294,84240.65,0
2023-11-13,5.0206,5.0206,5.0206,5.0206,23103000,0.00%,115771294,105333781294,115990.92,0
2023-11-14,5.0206,5.0206,5.0206,5.0206,21216000,0.00%,94555294,105333781294,106517.05,0
2023-11-15,5.0206,5.0206,5.0206,5.0206,55165000,0.00%,39390294,105333781294,276961.4,0
2023-11-16,5.0206,5.0256,5.0256,5.0206,60010000,0.10%,255966998,105610367998,301586.26,276586703
2023-11-17,5.0256,5.0256,5.0256,5.0256,37349000,0.00%,218617998,105610367998,187701.13,0
2023-11-20,5.0256,5.0256,5.0256,5.0256,47226000,0.00%,171391998,105610367998,237338.99,0
2023-11-21,5.0256,5.0256,5.0256,5.0256,41123000,0.00%,130268998,105610367998,206667.75,0
2023-11-22,5.0256,5.0256,5.0256,5.0256,24089000,0.00%,106179998,105610367998,121061.68,0
2023-11-23,5.0256,5.0256,5.0256,5.0256,24701000,0.00%,81478998,105610367998,124137.35,0
2023-11-24,5.0256,5.0256,5.0256,5.0256,25908000,0.00%,55570998,105610367998,130203.24,0
2023-11-27,5.0256,5.0256,5.0256,5.0256,20791000,0.00%,34779998,105610367998,104487.25,0
2023-11-28,5.0256,5.0256,5.0256,5.0256,25755000,0.00%,9024998,105610367998,129434.33,0
2023-11-29,5.0256,5.0307,5.0307,5.0256,28662000,0.10%,257183912,105887188912,144189.92,276820913
2023-11-30,5.0307,5.0307,5.0307,5.0307,51527000,0.00%,205656912,105887188912,259216.88,0
2023-12-01,5.0307,5.0307,5.0307,5.0307,25755000,0.00%,179901912,105887188912,129565.68,0
2023-12-04,5.0307,5.0307,5.0307,5.0307,25347000,0.00%,154554912,105887188912,127513.15,0
2023-12-05,5.0307,5.0307,5.0307,5.0307,40341000,0.00%,114213912,105887188912,202943.47,0
2023-12-06,5.0307,5.0307,5.0307,5.0307,27030000,0.00%,87183912,105887188912,135979.82,0
2023-12-07,5.0307,5.0307,5.0307,5.0307,23290000,0.00%,63893912,105887188912,117165.0,0
2023-12-08,5.0307,5.0307,5.0307,5.0307,28220000,0.00%,35673912,105887188912,141966.35,0
2023-12-11,5.0307,5.0307,5.0307,5.0307,31280000,0.00%,4393912,105887188912,157360.3,0
2023-12-12,5.0307,5.0357,5.0357,5.0307,22100000,0.10%,259924217,106164819217,111288.97,277630305
2023-12-13,5.0357,5.0357,5.0357,5.0357,24055000,0.00%,235869217,106164819217,121133.76,0
2023-12-14,5.0357,5.0357,5.0357,5.0357,29240000,0.00%,206629217,106164819217,147243.87,0
2023-12-15,5.0357,5.0357,5.0357,5.0357,52564000,0.00%,154065217,106164819217,264696.53,0
2023-12-18,5.0357,5.0357,5.0357,5.0357,20553000,0.00%,133512217,106164819217,103498.74,0
2023-12-19,5.0357,5.0357,5.0357,5.0357,21301000,0.00%,112211217,106164819217,107265.45,0
2023-12-20,5.0357,5.0357,5.0357,5.0357,24123000,0.00%,88088217,106164819217,121476.19,0
2023-12-21,5.0357,5.0357,5.0357,5.0357,17289000,0.00%,70799217,106164819217,87062.22,0
2023-12-22,5.0357,5.0407,5.0407,5.0357,249917000,0.10%,103130064,106447067064,1259756.62,282247847
2023-12-27,5.0407,5.0458,5.0458,5.0407,109599000,0.10%,278563127,106732099127,553014.63,285032062
2023-12-28,5.0458,5.0458,5.0458,5.0458,64328000,0.00%,214235127,106732099127,324586.22,0
2023-12-29,5.0458,5.0458,5.0458,5.0458,33354000,0.00%,180881127,106732099127,168297.61,0
2024-01-02,5.0458,5.0458,5.0458,5.0458,40862500,0.00%,140018627,106732099127,206184.0,0
2024-01-03,5.0458,5.0458,5.0458,5.0458,35682500,0.00%,104336127,106732099127,180046.76,0
2024-01-04,5.0458,5.0458,5.0458,5.0458,35385000,0.00%,68951127,106732099127,178545.63,0
2024-01-05,5.0458,5.0458,5.0458,5.0458,41562500,0.00%,27388627,106732099127,209716.06,0
2024-01-08,5.0458,5.0508,5.0508,5.0458,29259999,0.10%,284163934,107018134434,147786.41,286035307
2024-01-09,5.0508,5.0508,5.0508,5.0508,29627500,0.00%,254536434,107018134434,149642.58,0
2024-01-10,5.0508,5.0508,5.0508,5.0508,33512500,0.00%,221023934,107018134434,169264.93,0
2024-01-11,5.0508,5.0508,5.0508,5.0508,36050000,0.00%,184973934,107018134434,182081.34,0
2024-01-12,5.0508,5.0508,5.0508,5.0508,27597500,0.00%,157376434,107018134434,139389.45,0
2024-01-15,5.0508,5.0508,5.0508,5.0508,28577499,0.00%,128798934,107018134434,144339.24,0
2024-01-16,5.0508,5.0508,5.0508,5.0508,38920000,0.00%,89878934,107018134434,196577.14,0
2024-01-17,5.0508,5.0508,5.0508,5.0508,63192500,0.00%,26686434,107018134434,319172.68,0
2024-01-18,5.0508,5.0559,5.0559,5.0508,43050000,0.10%,262869751,107297367751,217656.49,279233317
2024-01-19,5.0559,5.0559,5.0559,5.0559,47075000,0.00%,215794751,107297367751,238006.49,0
2024-01-22,5.0559,5.0559,5.0559,5.0559,58887500,0.00%,156907251,107297367751,297729.31,0
2024-01-23,5.0559,5.0559,5.0559,5.0559,62317500,0.00%,94589751,107297367751,315071.05,0
2024-01-24,5.0559,5.0559,5.0559,5.0559,59255000,0.00%,35334751,107297367751,299587.35,0
2024-01-25,5.0559,5.0609,5.0609,5.0559,59780000,0.10%,253089703,107574902703,302540.6,277534951
2024-01-26,5.0609,5.0609,5.0609,5.0609,43435000,0.00%,209654703,107574902703,219820.19,0
2024-01-29,5.0609,5.0609,5.0609,5.0609,35280000,0.00%,174374703,107574902703,178548.55,0
2024-01-30,5.0609,5.0609,5.0609,5.0609,37642500,0.00%,136732203,107574902703,190504.93,0
2024-01-31,5.0609,5.0609,5.0609,5.0609,35087500,0.00%,101644703,107574902703,177574.33,0
2024-02-01,5.0609,5.0609,5.0609,5.0609,30327500,0.00%,71317203,107574902703,153484.44,0
2024-02-02,5.0609,5.0609,5.0609,5.0609,54337500,0.00%,16979703,107574902703,274996.65,0
2024-02-05,5.0609,5.066,5.066,5.0609,35805000,0.10%,254416063,107848144063,181388.13,273241359
2024-02-06,5.066,5.066,5.066,5.066,50505000,0.00%,203911063,107848144063,255858.33,0
2024-02-07,5.066,5.066,5.066,5.066,46095000,0.00%,157816063,107848144063,233517.27,0
2024-02-08,5.066,5.066,5.066,5.066,31342500,0.00%,126473563,107848144063,158781.11,0
2024-02-09,5.066,5.066,5.066,5.066,11777500,0.00%,114696063,107848144063,59664.82,0
2024-02-14,5.066,5.066,5.066,5.066,20247500,0.00%,94448563,107848144063,102573.84,0
2024-02-15,5.066,5.066,5.066,5.066,21997500,0.00%,72451063,107848144063,111439.34,0
2024-02-16,5.066,5.066,5.066,5.066,30135000,0.00%,42316063,107848144063,152663.91,0
2024-02-19,5.066,5.066,5.066,5.066,26985000,0.00%,15331063,107848144063,136706.01,0
2024-02-20,5.066,5.071,5.071,5.066,27597500,0.10%,253430239,108113840739,139946.92,265696675
2024-02-21,5.071,5.071,5.071,5.071,41912500,0.00%,211517739,108113840739,212538.29,0
2024-02-22,5.071,5.071,5.071,5.071,21770000,0.00%,189747739,108113840739,110395.67,0
2024-02-23,5.071,5.071,5.071,5.071,23152500,0.00%,166595239,108113840739,117406.33,0
2024-02-26,5.071,5.071,5.071,5.071,21717500,0.00%,144877739,108113840739,110129.44,0
2024-02-27,5.071,5.071,5.071,5.071,41317500,0.00%,103560239,108113840739,209521.04,0
2024-02-28,5.071,5.071,5.071,5.071,45325000,0.00%,58235239,108113840739,229843.08,0
2024-02-29,5.071,5.071,5.071,5.071,52010000,0.00%,6225239,108113840739,263742.71,0
2024-03-01,5.071,5.0761,5.0761,5.071,48912500,0.10%,218490283,108375018283,248284.74,261177544
2024-03-04,5.0761,5.0761,5.0761,5.0761,24202500,0.00%,194287783,108375018283,122854.31,0
2024-03-05,5.0761,5.0761,5.0761,5.0761,45605000,0.00%,148682783,108375018283,231495.54,0
2024-03-06,5.0761,5.0761,5.0761,5.0761,40757500,0.00%,107925283,108375018283,206889.15,0
2024-03-07,5.0761,5.0761,5.0761,5.0761,30030000,0.00%,77895283,108375018283,152435.28,0
2024-03-08,5.0761,5.0761,5.0761,5.0761,21735000,0.00%,56160283,108375018283,110329.03,0
2024-03-11,5.0761,5.0761,5.0761,5.0761,31272500,0.00%,24887783,108375018283,158742.34,0
2024-03-12,5.0761,5.0812,5.0812,5.0761,63927500,0.10%,221894566,108635952566,324828.41,260934282
2024-03-13,5.0812,5.0812,5.0812,5.0812,35122500,0.00%,186772066,108635952566,178464.45,0
2024-03-14,5.0812,5.0812,5.0812,5.0812,24902500,0.00%,161869566,108635952566,126534.58,0
2024-03-15,5.0812,5.0812,5.0812,5.0812,51065000,0.00%,110804566,108635952566,259471.48,0
2024-03-18,5.0812,5.0812,5.0812,5.0812,34352500,0.00%,76452066,108635952566,174551.92,0
2024-03-19,5.0812,5.0812,5.0812,5.0812,27370000,0.00%,49082066,108635952566,139072.44,0
2024-03-20,5.0812,5.0812,5.0812,5.0812,27335000,0.00%,21747066,108635952566,138894.6,0
2024-03-21,5.0812,5.0863,5.0863,5.0812,64522500,0.10%,218901742,108897629742,328180.79,261677176
2024-03-22,5.0863,5.0863,5.0863,5.0863,46252500,0.00%,172649242,108897629742,235254.09,0
2024-03-25,5.0863,5.0863,5.0863,5.0863,36977500,0.00%,135671742,108897629742,188078.66,0
2024-03-26,5.0863,5.0863,5.0863,5.0863,59500000,0.00%,76171742,108897629742,302634.85,0
2024-03-27,5.0863,5.0863,5.0863,5.0863,67812500,0.00%,8359242,108897629742,344914.72,0
2024-03-28,5.0863,5.0914,5.0914,5.0863,52500000,0.10%,218106230,109159876730,267298.5,262246988
2024-04-02,5.0914,5.0914,5.0914,5.0914,46480000,0.00%,171626230,109159876730,236648.27,0
2024-04-03,5.0914,5.0914,5.0914,5.0914,34475000,0.00%,137151230,109159876730,175526.02,0
2024-04-05,5.0914,5.0914,5.0914,5.0914,23765000,0.00%,113386230,109159876730,120997.12,0
2024-04-08,5.0914,5.0914,5.0914,5.0914,37905000,0.00%,75481230,109159876730,192989.52,0
2024-04-09,5.0914,5.0914,5.0914,5.0914,31290000,0.00%,44191230,109159876730,159309.91,0
2024-04-10,5.0914,5.0914,5.0914,5.0914,43277500,0.00%,913730,109159876730,220343.06,0
2024-04-11,5.0914,5.0964,5.0964,5.0914,32952500,0.10%,229643610,109421559110,167939.12,261682379
2024-04-12,5.0964,5.0964,5.0964,5.0964,40302500,0.00%,189341110,109421559110,205397.66,0
2024-04-15,5.0964,5.0964,5.0964,5.0964,32025000,0.00%,157316110,109421559110,163212.21,0
2024-04-16,5.0964,5.0964,5.0964,5.0964,34457500,0.00%,122858610,109421559110,175609.2,0
2024-04-17,5.0964,5.0964,5.0964,5.0964,25217500,0.00%,97641110,109421559110,128518.47,0
2024-04-18,5.0964,5.0964,5.0964,5.0964,33355000,0.00%,64286110,109421559110,169990.42,0
2024-04-19,5.0964,5.0964,5.0964,5.0964,34072500,0.00%,30213610,109421559110,173647.09,0
2024-04-22,5.0964,5.1015,5.1015,5.0964,71977500,0.10%,218567179,109681890179,367193.22,260331069
2024-04-23,5.1015,5.1015,5.1015,5.1015,76685000,0.00%,141882179,109681890179,391208.53,0
2024-04-24,5.1015,5.1015,5.1015,5.1015,72572500,0.00%,69309679,109681890179,370228.61,0
2024-04-25,5.1015,5.1015,5.1015,5.1015,48527500,0.00%,20782179,109681890179,247563.04,0
2024-04-26,5.1015,5.1066,5.1066,5.1015,51800000,0.10%,231864493,109944772493,264521.88,262882313
2024-04-29,5.1066,5.1066,5.1066,5.1066,44485000,0.00%,187379493,109944772493,227167.1,0
2024-04-30,5.1066,5.1066,5.1066,5.1066,27930000,0.00%,159449493,109944772493,142627.34,0
2024-05-02,5.1066,5.1066,5.1066,5.1066,39340000,0.00%,120109493,109944772493,200893.64,0
2024-05-03,5.1066,5.1066,5.1066,5.1066,41282500,0.00%,78826993,109944772493,210813.21,0
2024-05-06,5.1066,5.1066,5.1066,5.1066,45867500,0.00%,32959493,109944772493,234226.98,0
2024-05-07,5.1066,5.1118,5.1118,5.1066,33967500,0.10%,263170601,110208951101,173635.07,264178608
2024-05-08,5.1118,5.1118,5.1118,5.1118,35105000,0.00%,228065601,110208951101,179449.74,0
2024-05-09,5.1118,5.1118,5.1118,5.1118,28052500,0.00%,200013101,110208951101,143398.77,0
2024-05-10,5.1118,5.1118,5.1118,5.1118,27457500,0.00%,172555601,110208951101,140357.25,0
2024-05-13,5.1118,5.1118,5.1118,5.1118,35980000,0.00%,136575601,110208951101,183922.56,0
2024-05-14,5.1118,5.1118,5.1118,5.1118,37800000,0.00%,98775601,110208951101,193226.04,0
2024-05-16,5.1118,5.1169,5.1169,5.1118,102252500,0.10%,262646230,110475074230,523215.82,266123129
2024-05-17,5.1169,5.1169,5.1169,5.1169,48860000,0.00%,213786230,110475074230,250011.73,0
2024-05-20,5.1169,5.1169,5.1169,5.1169,39077500,0.00%,174708730,110475074230,199955.66,0
2024-05-21,5.1169,5.1169,5.1169,5.1169,53690000,0.00%,121018730,110475074230,274726.36,0
2024-05-22,5.1169,5.1169,5.1169,5.1169,39147500,0.00%,81871230,110475074230,200313.84,0
2024-05-23,5.1169,5.1169,5.1169,5.1169,32060000,0.00%,49811230,110475074230,164047.81,0
2024-05-24,5.1169,5.1169,5.1169,5.1169,33495000,0.00%,16316230,110475074230,171390.57,0
2024-05-27,5.1169,5.122,5.122,5.1169,56227500,0.10%,227873663,110742859163,287997.26,267784933
2024-05-28,5.122,5.122,5.122,5.122,29067500,0.00%,198806163,110742859163,148883.74,0
2024-05-29,5.122,5.122,5.122,5.122,47915000,0.00%,150891163,110742859163,245420.63,0
2024-05-30,5.122,5.122,5.122,5.122,38517500,0.00%,112373663,110742859163,197286.64,0
2024-05-31,5.122,5.122,5.122,5.122,70070000,0.00%,42303663,110742859163,358898.54,0
2024-06-03,5.122,5.1271,5.1271,5.122,49227500,0.10%,263060267,111012843267,252394.32,269984103
2024-06-04,5.1271,5.1271,5.1271,5.1271,31570000,0.00%,231490267,111012843267,161862.55,0
2024-06-05,5.1271,5.1271,5.1271,5.1271,35367500,0.00%,196122767,111012843267,181332.71,0
2024-06-06,5.1271,5.1271,5.1271,5.1271,33057500,0.00%,163065267,111012843267,169489.11,0
2024-06-07,5.1271,5.1271,5.1271,5.1271,44187500,0.00%,118877767,111012843267,226553.73,0
2024-06-11,5.1271,5.1271,5.1271,5.1271,46375000,0.00%,72502767,111012843267,237769.26,0
2024-06-12,5.1271,5.1271,5.1271,5.1271,26180000,0.00%,46322767,111012843267,134227.48,0
2024-06-13,5.1271,5.1271,5.1271,5.1271,26845000,0.00%,19477767,111012843267,137637.0,0
2024-06-14,5.1271,5.1322,5.1322,5.1271,36505000,0.10%,253166916,111283037416,187350.96,270194149
2024-06-17,5.1322,5.1322,5.1322,5.1322,26740000,0.00%,226426916,111283037416,137235.03,0
2024-06-18,5.1322,5.1322,5.1322,5.1322,24990000,0.00%,201436916,111283037416,128253.68,0
2024-06-19,5.1322,5.1322,5.1322,5.1322,39042500,0.00%,162394416,111283037416,200373.92,0
2024-06-20,5.1322,5.1322,5.1322,5.1322,24587500,0.00%,137806916,111283037416,126187.97,0
2024-06-21,5.1322,5.1322,5.1322,5.1322,45255000,0.00%,92551916,111283037416,232257.71,0
2024-06-24,5.1322,5.1322,5.1322,5.1322,22610000,0.00%,69941916,111283037416,116039.04,0
2024-06-25,5.1322,5.1322,5.1322,5.1322,22382500,0.00%,47559416,111283037416,114871.47,0
2024-06-26,5.1322,5.1322,5.1322,5.1322,20807500,0.00%,26751916,111283037416,106788.25,0
2024-06-27,5.1322,5.1374,5.1374,5.1322,30642500,0.10%,262613867,111549541867,157422.78,266504451
2024-06-28,5.1374,5.1374,5.1374,5.1374,27230000,0.00%,235383867,111549541867,139891.4,0
2024-07-02,5.1374,5.1374,5.1374,5.1374,47722500,0.00%,187661367,111549541867,245169.57,0
2024-07-03,5.1374,5.1374,5.1374,5.1374,38955000,0.00%,148706367,111549541867,200127.42,0
2024-07-04,5.1374,5.1374,5.1374,5.1374,27020000,0.00%,121686367,111549541867,138812.55,0
2024-07-05,5.1374,5.1374,5.1374,5.1374,18410000,0.00%,103276367,111549541867,94579.53,0
2024-07-08,5.1374,5.1374,5.1374,5.1374,20335000,0.00%,82941367,111549541867,104469.03,0
2024-07-09,5.1374,5.1374,5.1374,5.1374,22785000,0.00%,60156367,111549541867,117055.66,0
2024-07-10,5.1374,5.1374,5.1374,5.1374,27282500,0.00%,32873867,111549541867,140161.12,0
2024-07-11,5.1374,5.1374,5.1374,5.1374,29032500,0.00%,3841367,111549541867,149151.57,0
2024-07-12,5.1374,5.1425,5.1425,5.1374,48160000,0.10%,222738115,111816598615,247662.8,267056747
2024-07-15,5.1425,5.1425,5.1425,5.1425,23940000,0.00%,198798115,111816598615,123111.45,0
2024-07-16,5.1425,5.1425,5.1425,5.1425,33355000,0.00%,165443115,111816598615,171528.09,0
2024-07-17,5.1425,5.1425,5.1425,5.1425,45255000,0.00%,120188115,111816598615,232723.84,0
2024-07-18,5.1425,5.1425,5.1425,5.1425,33145000,0.00%,87043115,111816598615,170448.16,0
2024-07-19,5.1425,5.1425,5.1425,5.1425,40407500,0.00%,46635615,111816598615,207795.57,0
2024-07-22,5.1425,5.1425,5.1425,5.1425,29680000,0.00%,16955615,111816598615,152629.4,0
2024-07-23,5.1425,5.1476,5.1476,5.1425,21175000,0.10%,264453892,112085271892,109000.43,268673276
2024-07-24,5.1476,5.1476,5.1476,5.1476,20650000,0.00%,243803892,112085271892,106297.94,0
2024-07-25,5.1476,5.1476,5.1476,5.1476,45132500,0.00%,198671392,112085271892,232324.06,0
2024-07-26,5.1476,5.1476,5.1476,5.1476,23222500,0.00%,175448892,112085271892,119540.14,0
2024-07-29,5.1476,5.1476,5.1476,5.1476,22522500,0.00%,152926392,112085271892,115936.82,0
2024-07-30,5.1476,5.1476,5.1476,5.1476,17062500,0.00%,135863892,112085271892,87830.93,0
2024-07-31,5.1476,5.1476,5.1476,5.1476,35525000,0.00%,100338892,112085271892,182868.49,0
2024-08-01,5.1476,5.1476,5.1476,5.1476,21717500,0.00%,78621392,112085271892,111793.0,0
2024-08-02,5.1476,5.1476,5.1476,5.1476,30992500,0.00%,47628892,112085271892,159536.99,0
2024-08-05,5.1476,5.1476,5.1476,5.1476,40180000,0.00%,7448892,112085271892,206830.57,0
2024-08-06,5.1476,5.1528,5.1528,5.1476,30922500,0.10%,245800012,112354545512,159337.46,269273619
2024-08-07,5.1528,5.1528,5.1528,5.1528,27720000,0.00%,218080012,112354545512,142835.62,0
2024-08-08,5.1528,5.1528,5.1528,5.1528,32917500,0.00%,185162512,112354545512,169617.29,0
2024-08-09,5.1528,5.1528,5.1528,5.1528,28612500,0.00%,156550012,112354545512,147434.49,0
2024-08-12,5.1528,5.1528,5.1528,5.1528,17885000,0.00%,138665012,112354545512,92157.83,0
2024-08-13,5.1528,5.1528,5.1528,5.1528,23782500,0.00%,114882512,112354545512,122546.47,0
2024-08-14,5.1528,5.1528,5.1528,5.1528,32707500,0.00%,82175012,112354545512,168535.21,0
2024-08-15,5.1528,5.1528,5.1528,5.1528,37520000,0.00%,44655012,112354545512,193333.06,0
2024-08-16,5.1528,5.1528,5.1528,5.1528,28717500,0.00%,15937512,112354545512,147975.53,0
2024-08-19,5.1528,5.1579,5.1579,5.1528,26617500,0.10%,256710150,112621935650,137290.4,267390137
2024-08-20,5.1579,5.1579,5.1579,5.1579,20737500,0.00%,235972650,112621935650,106961.95,0
2024-08-21,5.1579,5.1579,5.1579,5.1579,20387500,0.00%,215585150,112621935650,105156.69,0
2024-08-22,5.1579,5.1579,5.1579,5.1579,29382500,0.00%,186202650,112621935650,151552.0,0
2024-08-23,5.1579,5.1579,5.1579,5.1579,22855000,0.00%,163347650,112621935650,117883.8,0
2024-08-26,5.1579,5.1579,5.1579,5.1579,28437500,0.00%,134910150,112621935650,146677.78,0
2024-08-27,5.1579,5.1579,5.1579,5.1579,23940000,0.00%,110970150,112621935650,123480.13,0
2024-08-28,5.1579,5.1579,5.1579,5.1579,25550000,0.00%,85420150,112621935650,131784.35,0
2024-08-29,5.1579,5.1579,5.1579,5.1579,22557500,0.00%,62862650,112621935650,116349.33,0
2024-08-30,5.1579,5.1579,5.1579,5.1579,54022500,0.00%,8840150,112621935650,278642.65,0
2024-09-02,5.1579,5.1631,5.1631,5.1579,24290000,0.10%,251182822,112888568322,125411.7,266632672
2024-09-03,5.1631,5.1631,5.1631,5.1631,17167500,0.00%,234015322,112888568322,88637.52,0
2024-09-04,5.1631,5.1631,5.1631,5.1631,23240000,0.00%,210775322,112888568322,119990.44,0
2024-09-05,5.1631,5.1631,5.1631,5.1631,16765000,0.00%,194010322,112888568322,86559.37,0
2024-09-09,5.1631,5.1631,5.1631,5.1631,35140000,0.00%,158870322,112888568322,181431.33,0
2024-09-10,5.1631,5.1631,5.1631,5.1631,21525000,0.00%,137345322,112888568322,111135.73,0
2024-09-11,5.1631,5.1631,5.1631,5.1631,21070000,0.00%,116275322,112888568322,108786.52,0
2024-09-12,5.1631,5.1631,5.1631,5.1631,24150000,0.00%,92125322,112888568322,124688.87,0
2024-09-13,5.1631,5.1631,5.1631,5.1631,19267500,0.00%,72857822,112888568322,99480.03,0
2024-09-16,5.1631,5.1631,5.1631,5.1631,13457500,0.00%,59400322,112888568322,69482.42,0
2024-09-17,5.1631,5.1631,5.1631,5.1631,17762500,0.00%,41637822,112888568322,91709.56,0
2024-09-19,5.1631,5.1683,5.1683,5.1631,45150000,0.10%,261317361,113153397861,233348.75,264829539
2024-09-20,5.1683,5.1683,5.1683,5.1683,49717500,0.00%,211599861,113153397861,256954.96,0
2024-09-23,5.1683,5.1683,5.1683,5.1683,26635000,0.00%,184964861,113153397861,137657.67,0
2024-09-24,5.1683,5.1683,5.1683,5.1683,75110000,0.00%,109854861,113153397861,388191.01,0
2024-09-25,5.1683,5.1683,5.1683,5.1683,70192500,0.00%,39662361,113153397861,362775.9,0
2024-09-26,5.1683,5.1734,5.1734,5.1683,87937500,0.10%,222112149,113423785149,454935.86,270387287
2024-09-27,5.1734,5.1734,5.1734,5.1734,100012500,0.00%,122099649,113423785149,517404.67,0
2024-09-30,5.1734,5.1786,5.1786,5.1734,132055000,0.10%,265944649,113699685149,683860.02,275899999
2024-10-02,5.1786,5.1786,5.1786,5.1786,85347500,0.00%,180597149,113699685149,441980.56,0
2024-10-03,5.1786,5.1786,5.1786,5.1786,55300000,0.00%,125297149,113699685149,286376.58,0
2024-10-04,5.1786,5.1786,5.1786,5.1786,43155000,0.00%,82142149,113699685149,223482.48,0
2024-10-07,5.1786,5.1786,5.1786,5.1786,44327500,0.00%,37814649,113699685149,229554.39,0
2024-10-08,5.1786,5.1838,5.1838,5.1786,123322500,0.10%,195149781,113980342781,639279.18,280657632
2024-10-09,5.1838,5.1838,5.1838,5.1838,81147500,0.00%,114002281,113980342781,420652.41,0
2024-10-10,5.1838,5.1838,5.1838,5.1838,57942500,0.00%,56059781,113980342781,300362.33,0
2024-10-14,5.1838,5.1838,5.1838,5.1838,53060000,0.00%,2999781,113980342781,275052.43,0
2024-10-15,5.1838,5.189,5.189,5.1838,58589999,0.10%,229014057,114264947057,304023.51,284604275
2024-10-16,5.189,5.189,5.189,5.189,39357500,0.00%,189656557,114264947057,204226.07,0
2024-10-17,5.189,5.189,5.189,5.189,28840000,0.00%,160816557,114264947057,149650.76,0
2024-10-18,5.189,5.189,5.189,5.189,45430000,0.00%,115386557,114264947057,235736.27,0
2024-10-21,5.189,5.189,5.189,5.189,28577499,0.00%,86809057,114264947057,148288.65,0
2024-10-22,5.189,5.189,5.189,5.189,19302500,0.00%,67506557,114264947057,100160.67,0
2024-10-23,5.189,5.189,5.189,5.189,25655000,0.00%,41851557,114264947057,133123.8,0
2024-10-24,5.189,5.189,5.189,5.189,19600000,0.00%,22251557,114264947057,101704.4,0
2024-10-25,5.189,5.189,5.189,5.189,20912500,0.00%,1339057,114264947057,108514.96,0
2024-10-28,5.189,5.1942,5.1942,5.189,27212500,0.10%,258266297,114549086797,141347.17,284139739
2024-10-29,5.1942,5.1942,5.1942,5.1942,24150000,0.00%,234116297,114549086797,125439.93,0
2024-10-30,5.1942,5.1942,5.1942,5.1942,31325000,0.00%,202791297,114549086797,162708.32,0
2024-10-31,5.1942,5.1942,5.1942,5.1942,39812500,0.00%,162978797,114549086797,206794.09,0
2024-11-01,5.1942,5.1942,5.1942,5.1942,36907500,0.00%,126071297,114549086797,191704.94,0
2024-11-04,5.1942,5.1942,5.1942,5.1942,20492500,0.00%,105578797,114549086797,106442.14,0
2024-11-05,5.1942,5.1942,5.1942,5.1942,26722500,0.00%,78856297,114549086797,138802.01,0
2024-11-06,5.1942,5.1942,5.1942,5.1942,36330000,0.00%,42526297,114549086797,188705.29,0
2024-11-07,5.1942,5.1942,5.1942,5.1942,34860000,0.00%,7666297,114549086797,181069.81,0
2024-11-08,5.1942,5.1994,5.1994,5.1942,33932500,0.10%,259797144,114835150144,176428.64,286063347
2024-11-11,5.1994,5.1994,5.1994,5.1994,40005000,0.00%,219792144,114835150144,208002.0,0
2024-11-12,5.1994,5.1994,5.1994,5.1994,47775000,0.00%,172017144,114835150144,248401.33,0
2024-11-13,5.1994,5.1994,5.1994,5.1994,49542500,0.00%,122474644,114835150144,257591.27,0
2024-11-14,5.1994,5.1994,5.1994,5.1994,61075000,0.00%,61399644,114835150144,317553.35,0
2024-11-15,5.1994,5.1994,5.1994,5.1994,50855000,0.00%,10544644,114835150144,264415.49,0
2024-11-18,5.1994,5.2045,5.2045,5.1994,35857500,0.10%,263511107,115123974107,186620.36,288823963
2024-11-19,5.2045,5.2045,5.2045,5.2045,24290000,0.00%,239221107,115123974107,126417.31,0
2024-11-20,5.2045,5.2045,5.2045,5.2045,26267500,0.00%,212953607,115123974107,136709.2,0
2024-11-21,5.2045,5.2045,5.2045,5.2045,21875000,0.00%,191078607,115123974107,113848.44,0
2024-11-22,5.2045,5.2045,5.2045,5.2045,29662500,0.00%,161416107,115123974107,154378.48,0
2024-11-25,5.2045,5.2045,5.2045,5.2045,48807500,0.00%,112608607,115123974107,254018.63,0
2024-11-26,5.2045,5.2045,5.2045,5.2045,29645000,0.00%,82963607,115123974107,154287.4,0
2024-11-27,5.2045,5.2045,5.2045,5.2045,29207500,0.00%,53756107,115123974107,152010.43,0
2024-11-28,5.2045,5.2045,5.2045,5.2045,22872500,0.00%,30883607,115123974107,119039.93,0
2024-11-29,5.2045,5.2045,5.2045,5.2045,27352500,0.00%,3531107,115123974107,142356.09,0
2024-12-02,5.2045,5.2098,5.2098,5.2045,23327500,0.10%,268382814,115412153314,121531.61,288179207
2024-12-03,5.2098,5.2098,5.2098,5.2098,32130000,0.00%,236252814,115412153314,167390.87,0
2024-12-04,5.2098,5.2098,5.2098,5.2098,24587500,0.00%,211665314,115412153314,128095.96,0
2024-12-05,5.2098,5.2098,5.2098,5.2098,23292500,0.00%,188372814,115412153314,121349.27,0
2024-12-06,5.2098,5.2098,5.2098,5.2098,48492500,0.00%,139880314,115412153314,252636.23,0
2024-12-09,5.2098,5.2098,5.2098,5.2098,39305000,0.00%,100575314,115412153314,204771.19,0
2024-12-10,5.2098,5.2098,5.2098,5.2098,52990000,0.00%,47585314,115412153314,276067.3,0
2024-12-11,5.2098,5.2098,5.2098,5.2098,22925000,0.00%,24660314,115412153314,119434.67,0
2024-12-12,5.2098,5.215,5.215,5.2098,40967500,0.10%,274174314,115702634814,213645.51,290481499
2024-12-13,5.215,5.215,5.215,5.215,28525000,0.00%,245649314,115702634814,148757.88,0
2024-12-16,5.215,5.215,5.215,5.215,24605000,0.00%,221044314,115702634814,128315.07,0
2024-12-17,5.215,5.215,5.215,5.215,29365000,0.00%,191679314,115702634814,153138.48,0
2024-12-18,5.215,5.215,5.215,5.215,26092500,0.00%,165586814,115702634814,136072.39,0
2024-12-19,5.215,5.215,5.215,5.215,60672500,0.00%,104914314,115702634814,316407.09,0
2024-12-20,5.215,5.215,5.215,5.215,78452500,0.00%,26461814,115702634814,409129.79,0
2024-12-23,5.215,5.2202,5.2202,5.215,36505000,0.10%,284414362,115997092362,190563.4,294457548
2024-12-24,5.2202,5.2202,5.2202,5.2202,13772500,0.00%,270641862,115997092362,71895.2,0
2024-12-27,5.2202,5.2202,5.2202,5.2202,23712500,0.00%,246929362,115997092362,123783.99,0
2024-12-30,5.2202,5.2202,5.2202,5.2202,23660000,0.00%,223269362,115997092362,123509.93,0
2024-12-31,5.2202,5.2202,5.2202,5.2202,19022500,0.00%,204246862,115997092362,99301.25,0
2025-01-02,5.2202,5.2202,5.2202,5.2202,37314000,0.00%,166932862,115997092362,194786.54,0
2025-01-03,5.2202,5.2202,5.2202,5.2202,30312000,0.00%,136620862,115997092362,158234.7,0
2025-01-06,5.2202,5.2202,5.2202,5.2202,30366000,0.00%,106254862,115997092362,158516.59,0
2025-01-07,5.2202,5.2254,5.2254,5.2202,257256000,0.10%,150926301,116299019801,1344265.5,301927438
2025-01-08,5.2254,5.2306,5.2306,5.2254,171828000,0.10%,285609954,116605531454,898763.54,306511653
2025-01-09,5.2306,5.2306,5.2306,5.2306,109044000,0.00%,176565954,116605531454,570365.55,0
2025-01-10,5.2306,5.2306,5.2306,5.2306,66690000,0.00%,109875954,116605531454,348828.71,0
2025-01-13,5.2306,5.2306,5.2306,5.2306,62622000,0.00%,47253954,116605531454,327550.63,0
2025-01-14,5.2306,5.2359,5.2359,5.2306,73116000,0.10%,286029390,116917422890,382828.06,311891435
2025-01-15,5.2359,5.2359,5.2359,5.2359,52488000,0.00%,233541390,116917422890,274821.92,0
2025-01-16,5.2359,5.2359,5.2359,5.2359,47052000,0.00%,186489390,116917422890,246359.57,0
2025-01-17,5.2359,5.2359,5.2359,5.2359,30852000,0.00%,155637390,116917422890,161537.99,0
2025-01-20,5.2359,5.2359,5.2359,5.2359,56052000,0.00%,99585390,116917422890,293482.67,0
2025-01-21,5.2359,5.2359,5.2359,5.2359,45450000,0.00%,54135390,116917422890,237971.65,0
2025-01-22,5.2359,5.2359,5.2359,5.2359,32148000,0.00%,21987390,116917422890,168323.71,0
2025-01-23,5.2359,5.2411,5.2411,5.2359,38268000,0.10%,299648420,117233351920,200566.41,315929030
2025-01-24,5.2411,5.2411,5.2411,5.2411,43344000,0.00%,256304420,117233351920,227170.24,0
2025-01-27,5.2411,5.2411,5.2411,5.2411,42498000,0.00%,213806420,117233351920,222736.27,0
2025-01-28,5.2411,5.2411,5.2411,5.2411,25560000,0.00%,188246420,117233351920,133962.52,0
2025-02-03,5.2411,5.2411,5.2411,5.2411,50256000,0.00%,137990420,117233351920,263396.72,0
2025-02-04,5.2411,5.2411,5.2411,5.2411,56304000,0.00%,81686420,117233351920,295094.89,0
2025-02-05,5.2411,5.2411,5.2411,5.2411,57834000,0.00%,23852420,117233351920,303113.78,0
2025-02-06,5.2411,5.2463,5.2463,5.2411,35262000,0.10%,308741652,117553503152,184995.03,320151231
2025-02-07,5.2463,5.2463,5.2463,5.2463,62226000,0.00%,246515652,117553503152,326456.26,0
2025-02-10,5.2463,5.2463,5.2463,5.2463,56538000,0.00%,189977652,117553503152,296615.31,0
2025-02-11,5.2463,5.2463,5.2463,5.2463,55602000,0.00%,134375652,117553503152,291704.77,0
2025-02-12,5.2463,5.2463,5.2463,5.2463,68868000,0.00%,65507652,117553503152,361302.19,0
2025-02-13,5.2463,5.2516,5.2516,5.2463,109782000,0.10%,279267895,117877045395,576531.15,323542243
2025-02-14,5.2516,5.2516,5.2516,5.2516,134136000,0.00%,145131895,117877045395,704428.62,0
2025-02-17,5.2516,5.2568,5.2568,5.2516,227196000,0.10%,250148113,118209257613,1194323.93,332212217
2025-02-18,5.2568,5.2568,5.2568,5.2568,112554000,0.00%,137594113,118209257613,591673.87,0
2025-02-19,5.2568,5.2568,5.2568,5.2568,61434000,0.00%,76160113,118209257613,322946.25,0
2025-02-20,5.2568,5.2568,5.2568,5.2568,62190000,0.00%,13970113,118209257613,326920.39,0
2025-02-21,5.2568,5.2621,5.2621,5.2568,132390000,0.10%,221172299,118548849799,696649.42,339592185
2025-02-24,5.2621,5.2621,5.2621,5.2621,121572000,0.00%,99600299,118548849799,639724.02,0
2025-02-25,5.2621,5.2673,5.2673,5.2621,101718000,0.10%,341549061,118892516561,535779.22,343666762
2025-02-26,5.2673,5.2673,5.2673,5.2673,72882000,0.00%,268667061,118892516561,383891.36,0
2025-02-27,5.2673,5.2673,5.2673,5.2673,70020000,0.00%,198647061,118892516561,368816.35,0
2025-02-28,5.2673,5.2673,5.2673,5.2673,93888000,0.00%,104759061,118892516561,494536.26,0
2025-03-03,5.2673,5.2673,5.2673,5.2673,58950000,0.00%,45809061,118892516561,310507.34,0
2025-03-04,5.2673,5.2726,5.2726,5.2673,56016000,0.10%,339124837,119241848337,295349.96,349331775
2025-03-05,5.2726,5.2726,5.2726,5.2726,63306000,0.00%,275818837,119241848337,333787.22,0
2025-03-06,5.2726,5.2726,5.2726,5.2726,143424000,0.00%,132394837,119241848337,756217.38,0
2025-03-07,5.2726,5.2726,5.2726,5.2726,83682000,0.00%,48712837,119241848337,441221.71,0
2025-03-10,5.2726,5.2779,5.2779,5.2726,61956000,0.10%,342700576,119597792076,326997.57,355943738
2025-03-11,5.2779,5.2779,5.2779,5.2779,60930000,0.00%,281770576,119597792076,321582.45,0
2025-03-12,5.2779,5.2779,5.2779,5.2779,50454000,0.00%,231316576,119597792076,266291.17,0
2025-03-13,5.2779,5.2779,5.2779,5.2779,49194000,0.00%,182122576,119597792076,259641.01,0
2025-03-14,5.2779,5.2779,5.2779,5.2779,55278000,0.00%,126844576,119597792076,291751.76,0
2025-03-17,5.2779,5.2779,5.2779,5.2779,39780000,0.00%,87064576,119597792076,209954.86,0
2025-03-18,5.2779,5.2779,5.2779,5.2779,60552000,0.00%,26512576,119597792076,319587.4,0
2025-03-19,5.2779,5.2832,5.2832,5.2779,56880000,0.10%,322337929,119950497429,300508.42,352705353
2025-03-20,5.2832,5.2832,5.2832,5.2832,89730000,0.00%,232607929,119950497429,474061.54,0
2025-03-21,5.2832,5.2832,5.2832,5.2832,76068000,0.00%,156539929,119950497429,401882.46,0
2025-03-24,5.2832,5.2832,5.2832,5.2832,44280000,0.00%,112259929,119950497429,233940.1,0
2025-03-25,5.2832,5.2832,5.2832,5.2832,49932000,0.00%,62327929,119950497429,263800.74,0
2025-03-26,5.2832,5.2832,5.2832,5.2832,31158000,0.00%,31169929,119950497429,164613.95,0
2025-03-27,5.2832,5.2885,5.2885,5.2832,31680000,0.10%,354169668,120305177168,167539.68,354679738
2025-03-28,5.2885,5.2885,5.2885,5.2885,33462000,0.00%,320707668,120305177168,176963.79,0
2025-03-31,5.2885,5.2885,5.2885,5.2885,50472000,0.00%,270235668,120305177168,266921.17,0
2025-04-01,5.2885,5.2885,5.2885,5.2885,35136000,0.00%,235099668,120305177168,185816.74,0
2025-04-02,5.2885,5.2885,5.2885,5.2885,25650000,0.00%,209449668,120305177168,135650.02,0
2025-04-03,5.2885,5.2885,5.2885,5.2885,52596000,0.00%,156853668,120305177168,278153.95,0
2025-04-07,5.2885,5.2937,5.2937,5.2885,222048000,0.10%,295776209,120666147709,1175455.5,360970541
2025-04-08,5.2937,5.2937,5.2937,5.2937,117216000,0.00%,178560209,120666147709,620506.34,0
2025-04-09,5.2937,5.2937,5.2937,5.2937,119664000,0.00%,58896209,120666147709,633465.32,0
2025-04-10,5.2937,5.299,5.299,5.2937,104040000,0.10%,321003245,121032294745,551307.96,366147036
2025-04-11,5.299,5.299,5.299,5.299,83862000,0.00%,237141245,121032294745,444384.74,0
2025-04-14,5.299,5.299,5.299,5.299,54630000,0.00%,182511245,121032294745,289484.37,0
2025-04-15,5.299,5.299,5.299,5.299,36450000,0.00%,146061245,121032294745,193148.55,0
2025-04-16,5.299,5.299,5.299,5.299,49176000,0.00%,96885245,121032294745,260583.62,0
2025-04-17,5.299,5.299,5.299,5.299,44064000,0.00%,52821245,121032294745,233495.14,0
2025-04-22,5.299,5.299,5.299,5.299,43272000,0.00%,9549245,121032294745,229298.33,0
2025-04-23,5.299,5.3043,5.3043,5.299,48600000,0.10%,326853226,121398198726,257788.98,365903980
2025-04-24,5.3043,5.3043,5.3043,5.3043,34038000,0.00%,292815226,121398198726,180547.76,0
2025-04-25,5.3043,5.3043,5.3043,5.3043,51750000,0.00%,241065226,121398198726,274497.53,0
2025-04-28,5.3043,5.3043,5.3043,5.3043,24858000,0.00%,216207226,121398198726,131854.29,0
2025-04-29,5.3043,5.3043,5.3043,5.3043,29466000,0.00%,186741226,121398198726,156296.5,0
2025-04-30,5.3043,5.3043,5.3043,5.3043,27558000,0.00%,159183226,121398198726,146175.9,0
2025-05-02,5.3043,5.3043,5.3043,5.3043,23832000,0.00%,135351226,121398198726,126412.08,0
2025-05-06,5.3043,5.3043,5.3043,5.3043,35658000,0.00%,99693226,121398198726,189140.73,0
2025-05-07,5.3043,5.3043,5.3043,5.3043,46116000,0.00%,53577226,121398198726,244613.1,0
2025-05-08,5.3043,5.3043,5.3043,5.3043,35676000,0.00%,17901226,121398198726,189236.21,0
2025-05-09,5.3043,5.3096,5.3096,5.3043,24804000,0.10%,358422715,121763524215,131699.32,365325488
2025-05-12,5.3096,5.3096,5.3096,5.3096,64530000,0.00%,293892715,121763524215,342628.49,0
2025-05-13,5.3096,5.3096,5.3096,5.3096,41616000,0.00%,252276715,121763524215,220964.31,0
2025-05-14,5.3096,5.3096,5.3096,5.3096,43722000,0.00%,208554715,121763524215,232146.33,0
2025-05-15,5.3096,5.3096,5.3096,5.3096,59039999,0.00%,149514715,121763524215,313478.78,0
2025-05-16,5.3096,5.3096,5.3096,5.3096,38394000,0.00%,111120715,121763524215,203856.78,0
2025-05-19,5.3096,5.3096,5.3096,5.3096,40428000,0.00%,70692715,121763524215,214656.51,0
2025-05-20,5.3096,5.3096,5.3096,5.3096,28422000,0.00%,42270715,121763524215,150909.45,0
2025-05-21,5.3096,5.3096,5.3096,5.3096,34056000,0.00%,8214715,121763524215,180823.74,0
2025-05-22,5.3096,5.3149,5.3149,5.3096,25704000,0.10%,350965717,122131979217,136614.19,368455001
2025-05-23,5.3149,5.3149,5.3149,5.3149,29268000,0.00%,321697717,122131979217,155556.49,0
2025-05-26,5.3149,5.3149,5.3149,5.3149,31122000,0.00%,290575717,122131979217,165410.32,0
2025-05-27,5.3149,5.3149,5.3149,5.3149,26982000,0.00%,263593717,122131979217,143406.63,0
2025-05-28,5.3149,5.3149,5.3149,5.3149,30258000,0.00%,233335717,122131979217,160818.24,0
2025-05-29,5.3149,5.3149,5.3149,5.3149,34866000,0.00%,198469717,122131979217,185309.3,0
2025-05-30,5.3149,5.3149,5.3149,5.3149,50904000,0.00%,147565717,122131979217,270549.67,0
2025-06-02,5.3149,5.3149,5.3149,5.3149,23562000,0.00%,124003717,122131979217,125229.67,0
2025-06-03,5.3149,5.3149,5.3149,5.3149,26298000,0.00%,97705717,122131979217,139771.24,0
2025-06-04,5.3149,5.3149,5.3149,5.3149,33084000,0.00%,64621717,122131979217,175838.15,0
2025-06-05,5.3149,5.3149,5.3149,5.3149,34794000,0.00%,29827717,122131979217,184926.63,0
2025-06-06,5.3149,5.3149,5.3149,5.3149,23652000,0.00%,6175717,122131979217,125708.01,0
2025-06-09,5.3149,5.3203,5.3203,5.3149,33264000,0.10%,339022962,122498090462,176974.46,366111245
2025-06-10,5.3203,5.3203,5.3203,5.3203,30672000,0.00%,308350962,122498090462,163184.24,0
2025-06-11,5.3203,5.3203,5.3203,5.3203,26604000,0.00%,281746962,122498090462,141541.26,0
2025-06-12,5.3203,5.3203,5.3203,5.3203,24066000,0.00%,257680962,122498090462,128038.34,0
2025-06-13,5.3203,5.3203,5.3203,5.3203,34362000,0.00%,223318962,122498090462,182816.15,0
2025-06-16,5.3203,5.3203,5.3203,5.3203,24804000,0.00%,198514962,122498090462,131964.72,0
2025-06-17,5.3203,5.3203,5.3203,5.3203,20736000,0.00%,177778962,122498090462,110321.74,0
2025-06-18,5.3203,5.3203,5.3203,5.3203,27342000,0.00%,150436962,122498090462,145467.64,0
2025-06-19,5.3203,5.3203,5.3203,5.3203,34902000,0.00%,115534962,122498090462,185689.11,0
2025-06-20,5.3203,5.3203,5.3203,5.3203,37116000,0.00%,78418962,122498090462,197468.25,0
2025-06-23,5.3203,5.3203,5.3203,5.3203,25650000,0.00%,52768962,122498090462,136465.7,0
2025-06-24,5.3203,5.3203,5.3203,5.3203,31986000,0.00%,20782962,122498090462,170175.12,0
2025-06-25,5.3203,5.3256,5.3256,5.3203,31662000,0.10%,349943830,122858913330,168619.15,360822868
2025-06-26,5.3256,5.3256,5.3256,5.3256,27000000,0.00%,322943830,122858913330,143791.2,0
2025-06-27,5.3256,5.3256,5.3256,5.3256,27324000,0.00%,295619830,122858913330,145516.69,0
2025-06-30,5.3256,5.3256,5.3256,5.3256,33228000,0.00%,262391830,122858913330,176959.04,0
2025-07-02,5.3256,5.3256,5.3256,5.3256,32760000,0.00%,229631830,122858913330,174466.66,0
2025-07-03,5.3256,5.3256,5.3256,5.3256,34128000,0.00%,195503830,122858913330,181752.08,0
2025-07-04,5.3256,5.3256,5.3256,5.3256,26388000,0.00%,169115830,122858913330,140531.93,0
2025-07-07,5.3256,5.3256,5.3256,5.3256,20934000,0.00%,148181830,122858913330,111486.11,0
2025-07-08,5.3256,5.3256,5.3256,5.3256,23706000,0.00%,124475830,122858913330,126248.67,0
2025-07-09,5.3256,5.3256,5.3256,5.3256,32076000,0.00%,92399830,122858913330,170823.95,0
2025-07-10,5.3256,5.3256,5.3256,5.3256,25254000,0.00%,67145830,122858913330,134492.7,0
2025-07-11,5.3256,5.3256,5.3256,5.3256,34614000,0.00%,32531830,122858913330,184340.32,0
2025-07-14,5.3256,5.3256,5.3256,5.3256,21060000,0.00%,11471830,122858913330,112157.14,0
2025-07-15,5.3256,5.3309,5.3309,5.3256,49410000,0.10%,319530896,123216382396,263399.77,357469065
2025-07-16,5.3309,5.3309,5.3309,5.3309,41850000,0.00%,277680896,123216382396,223098.17,0
2025-07-17,5.3309,5.3309,5.3309,5.3309,24732000,0.00%,252948896,123216382396,131843.82,0
2025-07-18,5.3309,5.3309,5.3309,5.3309,24804000,0.00%,228144896,123216382396,132227.64,0
2025-07-21,5.3309,5.3309,5.3309,5.3309,23886000,0.00%,204258896,123216382396,127333.88,0
2025-07-22,5.3309,5.3309,5.3309,5.3309,31680000,0.00%,172578896,123216382396,168882.91,0
2025-07-23,5.3309,5.3309,5.3309,5.3309,84132000,0.00%,88446896,123216382396,448499.28,0
2025-07-24,5.3309,5.3309,5.3309,5.3309,43524000,0.00%,44922896,123216382396,232022.09,0
2025-07-25,5.3309,5.3309,5.3309,5.3309,35802000,0.00%,9120896,123216382396,190856.88,0
2025-07-28,5.3309,5.3362,5.3362,5.3309,26388000,0.10%,338515082,123572164582,140811.65,355782185
2025-07-29,5.3362,5.3362,5.3362,5.3362,30330000,0.00%,308185082,123572164582,161846.95,0
2025-07-30,5.3362,5.3362,5.3362,5.3362,34848000,0.00%,273337082,123572164582,185955.9,0
2025-07-31,5.3362,5.3362,5.3362,5.3362,36810000,0.00%,236527082,123572164582,196425.52,0
2025-08-01,5.3362,5.3362,5.3362,5.3362,38160000,0.00%,198367082,123572164582,203629.39,0
2025-08-04,5.3362,5.3362,5.3362,5.3362,31212000,0.00%,167155082,123572164582,166553.47,0
2025-08-05,5.3362,5.3362,5.3362,5.3362,31230000,0.00%,135925082,123572164582,166649.53,0
2025-08-06,5.3362,5.3362,5.3362,5.3362,37332000,0.00%,98593082,123572164582,199211.02,0
2025-08-07,5.3362,5.3362,5.3362,5.3362,30492000,0.00%,68101082,123572164582,162711.41,0
2025-08-08,5.3362,5.3362,5.3362,5.3362,23958000,0.00%,44143082,123572164582,127844.68,0
2025-08-11,5.3362,5.3362,5.3362,5.3362,21222000,0.00%,22921082,123572164582,113244.84,0
2025-08-12,5.3362,5.3416,5.3416,5.3362,24894000,0.10%,350300162,123924437662,132973.79,352273079
2025-08-13,5.3416,5.3416,5.3416,5.3416,67680000,0.00%,282620162,123924437662,361519.49,0
2025-08-14,5.3416,5.3416,5.3416,5.3416,65412000,0.00%,217208162,123924437662,349404.74,0
2025-08-15,5.3416,5.3416,5.3416,5.3416,39924000,0.00%,177284162,123924437662,213258.04,0
2025-08-18,5.3416,5.3416,5.3416,5.3416,31662000,0.00%,145622162,123924437662,169125.74,0
2025-08-19,5.3416,5.3416,5.3416,5.3416,29448000,0.00%,116174162,123924437662,157299.44,0
2025-08-20,5.3416,5.3416,5.3416,5.3416,28710000,0.00%,87464162,123924437662,153357.34,0
2025-08-21,5.3416,5.3416,5.3416,5.3416,25722000,0.00%,61742162,123924437662,137396.64,0
2025-08-22,5.3416,5.3416,5.3416,5.3416,34884000,0.00%,26858162,123924437662,186336.37,0
2025-08-25,5.3416,5.3469,5.3469,5.3416,46242000,0.10%,332556500,124276378000,247251.35,351940338
2025-08-26,5.3469,5.3469,5.3469,5.3469,37188000,0.00%,295368500,124276378000,198840.52,0
2025-08-27,5.3469,5.3469,5.3469,5.3469,38268000,0.00%,257100500,124276378000,204615.17,0
2025-08-28,5.3469,5.3469,5.3469,5.3469,39078000,0.00%,218022500,124276378000,208946.16,0
2025-08-29,5.3469,5.3469,5.3469,5.3469,32814000,0.00%,185208500,124276378000,175453.18,0
2025-09-01,5.3469,5.3469,5.3469,5.3469,28728000,0.00%,156480500,124276378000,153605.74,0
2025-09-02,5.3469,5.3469,5.3469,5.3469,26658000,0.00%,129822500,124276378000,142537.66,0
2025-09-03,5.3469,5.3469,5.3469,5.3469,27936000,0.00%,101886500,124276378000,149371.0,0
2025-09-04,5.3469,5.3469,5.3469,5.3469,32400000,0.00%,69486500,124276378000,173239.56,0
2025-09-05,5.3469,5.3469,5.3469,5.3469,34290000,0.00%,35196500,124276378000,183345.2,0
2025-09-08,5.3469,5.3523,5.3523,5.3469,39276000,0.10%,348341104,124628798604,210216.93,352420603
2025-09-09,5.3523,5.3523,5.3523,5.3523,35766000,0.00%,312575104,124628798604,191430.36,0
2025-09-10,5.3523,5.3523,5.3523,5.3523,34542000,0.00%,278033104,124628798604,184879.15,0
2025-09-11,5.3523,5.3523,5.3523,5.3523,32742000,0.00%,245291104,124628798604,175245.01,0
2025-09-12,5.3523,5.3523,5.3523,5.3523,37404000,0.00%,207887104,124628798604,200197.43,0
2025-09-15,5.3523,5.3523,5.3523,5.3523,29466000,0.00%,178421104,124628798604,157710.87,0
2025-09-16,5.3523,5.3523,5.3523,5.3523,24012000,0.00%,154409104,124628798604,128519.43,0
2025-09-17,5.3523,5.3523,5.3523,5.3523,40230000,0.00%,114179104,124628798604,215323.03,0
2025-09-18,5.3523,5.3523,5.3523,5.3523,53982000,0.00%,60197104,124628798604,288927.86,0
2025-09-19,5.3523,5.3523,5.3523,5.3523,37458000,0.00%,22739104,124628798604,200486.45,0
2025-09-22,5.3523,5.3576,5.3576,5.3523,23220000,0.10%,353482818,124982762318,124403.47,353963713
2025-09-23,5.3576,5.3576,5.3576,5.3576,27522000,0.00%,325960818,124982762318,147451.87,0
2025-09-24,5.3576,5.3576,5.3576,5.3576,33192000,0.00%,292768818,124982762318,177829.46,0
2025-09-25,5.3576,5.3576,5.3576,5.3576,31284000,0.00%,261484818,124982762318,167607.16,0
2025-09-26,5.3576,5.3576,5.3576,5.3576,35100000,0.00%,226384818,124982762318,188051.76,0
2025-09-29,5.3576,5.3576,5.3576,5.3576,36882000,0.00%,189502818,124982762318,197599.0,0
2025-09-30,5.3576,5.3576,5.3576,5.3576,37098000,0.00%,152404818,124982762318,198756.24,0
2025-10-02,5.3576,5.3576,5.3576,5.3576,30852000,0.00%,121552818,124982762318,165292.68,0
2025-10-03,5.3576,5.3576,5.3576,5.3576,12834000,0.00%,108718818,124982762318,68759.44,0
2025-10-06,5.3576,5.3576,5.3576,5.3576,14094000,0.00%,94624818,124982762318,75510.01,0
2025-10-08,5.3576,5.3576,5.3576,5.3576,18972000,0.00%,75652818,124982762318,101644.39,0
2025-10-09,5.3576,5.3576,5.3576,5.3576,26010000,0.00%,49642818,124982762318,139351.18,0
2025-10-10,5.3576,5.3576,5.3576,5.3576,35820000,0.00%,13822818,124982762318,191909.23,0
2025-10-13,5.3576,5.363,5.363,5.3576,68418000,0.10%,299974777,125337332277,366925.73,354569959
2025-10-14,5.363,5.363,5.363,5.363,48240000,0.00%,251734777,125337332277,258711.12,0
2025-10-15,5.363,5.363,5.363,5.363,33084000,0.00%,218650777,125337332277,177429.49,0
2025-10-16,5.363,5.363,5.363,5.363,25722000,0.00%,192928777,125337332277,137947.09,0
2025-10-17,5.363,5.363,5.363,5.363,33570000,0.00%,159358777,125337332277,180035.91,0
2025-10-20,5.363,5.363,5.363,5.363,26928000,0.00%,132430777,125337332277,144414.86,0
2025-10-21,5.363,5.363,5.363,5.363,25506000,0.00%,106924777,125337332277,136788.68,0
2025-10-22,5.363,5.363,5.363,5.363,17964000,0.00%,88960777,125337332277,96340.93,0
2025-10-23,5.363,5.363,5.363,5.363,22356000,0.00%,66604777,125337332277,119895.23,0
2025-10-24,5.363,5.363,5.363,5.363,21600000,0.00%,45004777,125337332277,115840.8,0
2025-10-27,5.363,5.363,5.363,5.363,28872000,0.00%,16132777,125337332277,154840.54,0
2025-10-28,5.363,5.3683,5.3683,5.363,29340000,0.10%,341238301,125691777801,157505.92,354445523
2025-10-30,5.3683,5.3683,5.3683,5.3683,39186000,0.00%,302052301,125691777801,210362.2,0
2025-10-31,5.3683,5.3683,5.3683,5.3683,37044000,0.00%,265008301,125691777801,198863.31,0
2025-11-03,5.3683,5.3683,5.3683,5.3683,20862000,0.00%,244146301,125691777801,111993.47,0
2025-11-04,5.3683,5.3683,5.3683,5.3683,26946000,0.00%,217200301,125691777801,144654.21,0
2025-11-05,5.3683,5.3683,5.3683,5.3683,23958000,0.00%,193242301,125691777801,128613.73,0
2025-11-06,5.3683,5.3683,5.3683,5.3683,23544000,0.00%,169698301,125691777801,126391.26,0
2025-11-07,5.3683,5.3683,5.3683,5.3683,23958000,0.00%,145740301,125691777801,128613.73,0
2025-11-10,5.3683,5.3683,5.3683,5.3683,26118000,0.00%,119622301,125691777801,140209.26,0
2025-11-11,5.3683,5.3683,5.3683,5.3683,23562000,0.00%,96060301,125691777801,126487.88,0
2025-11-12,5.3683,5.3683,5.3683,5.3683,24588000,0.00%,71472301,125691777801,131995.76,0
2025-11-13,5.3683,5.3683,5.3683,5.3683,31140000,0.00%,40332301,125691777801,167168.86,0
2025-11-14,5.3683,5.3683,5.3683,5.3683,35928000,0.00%,4404301,125691777801,192872.28,0
2025-11-17,5.3683,5.3737,5.3737,5.3683,24822000,0.10%,334846939,126047042439,133385.98,355264638
2025-11-18,5.3737,5.3737,5.3737,5.3737,33876000,0.00%,300970939,126047042439,182039.46,0
2025-11-19,5.3737,5.3737,5.3737,5.3737,25128000,0.00%,275842939,126047042439,135030.33,0
2025-11-20,5.3737,5.3737,5.3737,5.3737,25236000,0.00%,250606939,126047042439,135610.69,0
2025-11-21,5.3737,5.3737,5.3737,5.3737,42714000,0.00%,207892939,126047042439,229532.22,0
2025-11-24,5.3737,5.3737,5.3737,5.3737,40284000,0.00%,167608939,126047042439,216474.13,0
2025-11-25,5.3737,5.3737,5.3737,5.3737,26784000,0.00%,140824939,126047042439,143929.18,0
2025-11-26,5.3737,5.3737,5.3737,5.3737,25974000,0.00%,114850939,126047042439,139576.48,0
2025-11-27,5.3737,5.3737,5.3737,5.3737,27882000,0.00%,86968939,126047042439,149829.5,0
2025-11-28,5.3737,5.3737,5.3737,5.3737,23796000,0.00%,63172939,126047042439,127872.57,0
2025-12-01,5.3737,5.3737,5.3737,5.3737,22752000,0.00%,40420939,126047042439,122262.42,0
2025-12-02,5.3737,5.3737,5.3737,5.3737,20628000,0.00%,19792939,126047042439,110848.68,0
2025-12-03,5.3737,5.3791,5.3791,5.3737,19800000,0.10%,356347321,126403396821,106506.18,356354381
2025-12-04,5.3791,5.3791,5.3791,5.3791,27594000,0.00%,328753321,126403396821,148430.89,0
2025-12-05,5.3791,5.3791,5.3791,5.3791,26352000,0.00%,302401321,126403396821,141750.04,0
2025-12-08,5.3791,5.3791,5.3791,5.3791,24156000,0.00%,278245321,126403396821,129937.54,0
2025-12-09,5.3791,5.3791,5.3791,5.3791,31374000,0.00%,246871321,126403396821,168763.88,0
2025-12-10,5.3791,5.3791,5.3791,5.3791,26550000,0.00%,220321321,126403396821,142815.11,0
2025-12-11,5.3791,5.3791,5.3791,5.3791,22464000,0.00%,197857321,126403396821,120836.1,0
2025-12-12,5.3791,5.3791,5.3791,5.3791,32094000,0.00%,165763321,126403396821,172636.84,0
2025-12-15,5.3791,5.3791,5.3791,5.3791,27306000,0.00%,138457321,126403396821,146881.7,0
2025-12-16,5.3791,5.3791,5.3791,5.3791,28782000,0.00%,109675321,126403396821,154821.26,0
2025-12-17,5.3791,5.3791,5.3791,5.3791,26676000,0.00%,82999321,126403396821,143492.87,0
2025-12-18,5.3791,5.3791,5.3791,5.3791,18270000,0.00%,64729321,126403396821,98276.16,0
2025-12-19,5.3791,5.3791,5.3791,5.3791,31986000,0.00%,32743321,126403396821,172055.89,0
2025-12-22,5.3791,5.3791,5.3791,5.3791,24966000,0.00%,7777321,126403396821,134294.61,0
2025-12-23,5.3791,5.3845,5.3845,5.3791,28116000,0.10%,323752111,126747487611,151390.6,344090790
2025-12-24,5.3845,5.3845,5.3845,5.3845,13176000,0.00%,310576111,126747487611,70946.17,0
2025-12-29,5.3845,5.3845,5.3845,5.3845,33300000,0.00%,277276111,126747487611,179303.85,0
2025-12-30,5.3845,5.3845,5.3845,5.3845,24444000,0.00%,252832111,126747487611,131618.72,0
2025-12-31,5.3845,5.3845,5.3845,5.3845,19512000,0.00%,233320111,126747487611,105062.36,0
2026-01-02,5.3845,5.3845,5.3845,5.3845,29970000,0.00%,203350111,126747487611,161373.46,0
2026-01-05,5.3845,5.3845,5.3845,5.3845,36907500,0.00%,166442611,126747487611,198728.43,0
2026-01-06,5.3845,5.3845,5.3845,5.3845,44714500,0.00%,121728111,126747487611,240765.23,0
2026-01-07,5.3845,5.3845,5.3845,5.3845,39553000,0.00%,82175111,126747487611,212973.13,0
2026-01-08,5.3845,5.3845,5.3845,5.3845,34669000,0.00%,47506111,126747487611,186675.23,0
2026-01-09,5.3845,5.3845,5.3845,5.3845,32948500,0.00%,14557611,126747487611,177411.2,0
2026-01-12,5.3845,5.3898,5.3898,5.3845,50930500,0.10%,302792484,127086652984,274505.21,339165372
2026-01-13,5.3898,5.3898,5.3898,5.3898,44788500,0.00%,258003984,127086652984,241401.06,0
2026-01-14,5.3898,5.3898,5.3898,5.3898,53058000,0.00%,204945984,127086652984,285972.01,0
2026-01-15,5.3898,5.3898,5.3898,5.3898,48451500,0.00%,156494484,127086652984,261143.89,0
2026-01-16,5.3898,5.3898,5.3898,5.3898,38147000,0.00%,118347484,127086652984,205604.7,0
2026-01-19,5.3898,5.3898,5.3898,5.3898,24475500,0.00%,93871984,127086652984,131918.05,0
2026-01-20,5.3898,5.3898,5.3898,5.3898,45010500,0.00%,48861484,127086652984,242597.59,0
2026-01-21,5.3898,5.3898,5.3898,5.3898,29600000,0.00%,19261484,127086652984,159538.08,0
2026-01-22,5.3898,5.3952,5.3952,5.3898,50264500,0.10%,311729612,127429385612,271187.03,342732628
2026-01-23,5.3952,5.3952,5.3952,5.3952,35483000,0.00%,276246612,127429385612,191437.88,0
2026-01-26,5.3952,5.3952,5.3952,5.3952,32264000,0.00%,243982612,127429385612,174070.73,0
2026-01-27,5.3952,5.3952,5.3952,5.3952,44196500,0.00%,199786112,127429385612,238448.96,0
2026-01-28,5.3952,5.3952,5.3952,5.3952,47323000,0.00%,152463112,127429385612,255317.05,0
2026-01-29,5.3952,5.3952,5.3952,5.3952,42457500,0.00%,110005612,127429385612,229066.7,0
2026-01-30,5.3952,5.3952,5.3952,5.3952,39738000,0.00%,70267612,127429385612,214394.46,0
2026-02-02,5.3952,5.3952,5.3952,5.3952,51670500,0.00%,18597112,127429385612,278772.68,0
2026-02-03,5.3952,5.4006,5.4006,5.3952,120490499,0.10%,243572679,127774851679,650720.99,345466066
2026-02-04,5.4006,5.4006,5.4006,5.4006,111684500,0.00%,131888179,127774851679,603163.31,0
2026-02-05,5.4006,5.406,5.406,5.4006,146723500,0.10%,335718461,128125405461,793187.24,350553781
2026-02-06,5.406,5.406,5.406,5.406,65490000,0.00%,270228461,128125405461,354038.94,0
2026-02-09,5.406,5.406,5.406,5.406,48803000,0.00%,221425461,128125405461,263829.02,0
2026-02-10,5.406,5.406,5.406,5.406,54038500,0.00%,167386961,128125405461,292132.13,0
2026-02-11,5.406,5.406,5.406,5.406,43956000,0.00%,123430961,128125405461,237626.14,0
2026-02-12,5.406,5.406,5.406,5.406,73611500,0.00%,49819461,128125405461,397943.77,0
2026-02-13,5.406,5.406,5.406,5.406,49765000,0.00%,54461,128125405461,269029.59,0
2026-02-16,5.406,5.4114,5.4114,5.406,13357000,0.10%,341419053,128480127053,72280.07,354721591
2026-02-20,5.4114,5.4114,5.4114,5.4114,39497500,0.00%,301921553,128480127053,213736.77,0
2026-02-23,5.4114,5.4114,5.4114,5.4114,40959000,0.00%,260962553,128480127053,221645.53,0
2026-02-24,5.4114,5.4114,5.4114,5.4114,66840500,0.00%,194122053,128480127053,361700.68,0
2026-02-25,5.4114,5.4114,5.4114,5.4114,42254000,0.00%,151868053,128480127053,228653.3,0
2026-02-26,5.4114,5.4114,5.4114,5.4114,47267500,0.00%,104600553,128480127053,255783.35,0
2026-02-27,5.4114,5.4114,5.4114,5.4114,59625499,0.00%,44975053,128480127053,322657.43,0
2026-03-02,5.4114,5.4168,5.4168,5.4114,57017000,0.10%,347136868,128839305868,308849.69,359178814
2026-03-03,5.4168,5.4168,5.4168,5.4168,50634500,0.00%,296502368,128839305868,274276.96,0
2026-03-04,5.4168,5.4168,5.4168,5.4168,60994500,0.00%,235507868,128839305868,330395.01,0
2026-03-05,5.4168,5.4168,5.4168,5.4168,44326000,0.00%,191181868,128839305868,240105.08,0
2026-03-06,5.4168,5.4168,5.4168,5.4168,56166000,0.00%,135015868,128839305868,304239.99,0
2026-03-09,5.4168,5.4168,5.4168,5.4168,58053000,0.00%,76962868,128839305868,314461.49,0
2026-03-10,5.4168,5.4223,5.4223,5.4168,107041000,0.10%,333960390,129203344390,580408.41,364038522
2026-03-11,5.4223,5.4223,5.4223,5.4223,88097000,0.00%,245863390,129203344390,477688.36,0
2026-03-12,5.4223,5.4223,5.4223,5.4223,36371000,0.00%,209492390,129203344390,197214.47,0
2026-03-13,5.4223,5.4223,5.4223,5.4223,31783000,0.00%,177709390,129203344390,172336.96,0
2026-03-16,5.4223,5.4223,5.4223,5.4223,44807000,0.00%,132902390,129203344390,242957.0,0
2026-03-17,5.4223,5.4223,5.4223,5.4223,42309500,0.00%,90592890,129203344390,229414.8,0
2026-03-18,5.4223,5.4223,5.4223,5.4223,39497500,0.00%,51095390,129203344390,214167.29,0
2026-03-19,5.4223,5.4277,5.4277,5.4223,109945500,0.10%,308821183,129571015683,596751.19,367671292
2026-03-20,5.4277,5.4277,5.4277,5.4277,46102000,0.00%,262719183,129571015683,250227.83,0
2026-03-23,5.4277,5.4277,5.4277,5.4277,64972000,0.00%,197747183,129571015683,352648.52,0
2026-03-24,5.4277,5.4277,5.4277,5.4277,54316000,0.00%,143431183,129571015683,294810.95,0
2026-03-25,5.4277,5.4277,5.4277,5.4277,69097500,0.00%,74333683,129571015683,375040.5,0
2026-03-26,5.4277,5.4277,5.4277,5.4277,41847000,0.00%,32486683,129571015683,227132.96,0
2026-03-27,5.4277,5.4331,5.4331,5.4277,37647500,0.10%,360487117,129936663617,204542.63,365647934
2026-03-30,5.4331,5.4331,5.4331,5.4331,52558500,0.00%,307928617,129936663617,285555.59,0
2026-03-31,5.4331,5.4331,5.4331,5.4331,47730000,0.00%,260198617,129936663617,259321.86,0
2026-04-01,5.4331,5.4331,5.4331,5.4331,39368000,0.00%,220830617,129936663617,213890.28,0
2026-04-02,5.4331,5.4331,5.4331,5.4331,31505500,0.00%,189325117,129936663617,171172.53,0
2026-04-08,5.4331,5.4331,5.4331,5.4331,60791000,0.00%,128534117,129936663617,330283.58,0
2026-04-09,5.4331,5.4331,5.4331,5.4331,38332000,0.00%,90202117,129936663617,208261.59,0
2026-04-10,5.4331,5.4331,5.4331,5.4331,38239500,0.00%,51962617,129936663617,207759.03,0
2026-04-13,5.4331,5.4331,5.4331,5.4331,39109000,0.00%,12853617,129936663617,212483.11,0
2026-04-14,5.4331,5.4385,5.4385,5.4331,32985500,0.10%,337987145,130294782645,179391.64,358119027
2026-04-15,5.4385,5.4385,5.4385,5.4385,37536500,0.00%,300450645,130294782645,204142.26,0
2026-04-16,5.4385,5.4385,5.4385,5.4385,41736000,0.00%,258714645,130294782645,226981.24,0
2026-04-17,5.4385,5.4385,5.4385,5.4385,25437500,0.00%,233277145,130294782645,138341.84,0
2026-04-20,5.4385,5.4385,5.4385,5.4385,43345500,0.00%,189931645,130294782645,235734.5,0
2026-04-21,5.4385,5.4385,5.4385,5.4385,24253500,0.00%,165678145,130294782645,131902.66,0
2026-04-22,5.4385,5.4385,5.4385,5.4385,42864500,0.00%,122813645,130294782645,233118.58,0
2026-04-23,5.4385,5.4385,5.4385,5.4385,43475000,0.00%,79338645,130294782645,236438.79,0
2026-04-24,5.4385,5.4385,5.4385,5.4385,34354500,0.00%,44984145,130294782645,186836.95,0
2026-04-27,5.4385,5.444,5.444,5.4385,83342500,0.10%,319744727,130652885727,453716.57,358103082
2026-04-28,5.444,5.444,5.444,5.444,47711500,0.00%,272033227,130652885727,259741.41,0
2026-04-29,5.444,5.444,5.444,5.444,35742000,0.00%,236291227,130652885727,194579.45,0
2026-04-30,5.444,5.444,5.444,5.444,71058500,0.00%,165232727,130652885727,386842.47,0
2026-05-04,5.444,5.444,5.444,5.444,43956000,0.00%,121276727,130652885727,239296.46,0
2026-05-05,5.444,5.444,5.444,5.444,24050000,0.00%,97226727,130652885727,130928.2,0
2026-05-06,5.444,5.444,5.444,5.444,82084500,0.00%,15142227,130652885727,446868.02,0
2026-05-07,5.444,5.4494,5.4494,5.444,75831500,0.10%,293978600,131007553600,413236.18,354667872
2026-05-08,5.4494,5.4494,5.4494,5.4494,46638500,0.00%,247340100,131007553600,254151.84,0
2026-05-11,5.4494,5.4494,5.4494,5.4494,51448500,0.00%,195891600,131007553600,280363.46,0
2026-05-12,5.4494,5.4494,5.4494,5.4494,60069500,0.00%,135822100,131007553600,327342.73,0
2026-05-13,5.4494,5.4494,5.4494,5.4494,49247000,0.00%,86575100,131007553600,268366.6,0
2026-05-14,5.4494,5.4494,5.4494,5.4494,72779000,0.00%,13796100,131007553600,396601.88,0
2026-05-15,5.4494,5.4549,5.4549,5.4494,48932500,0.10%,309467244,131352157244,266921.89,344603644
2026-05-18,5.4549,5.4549,5.4549,5.4549,54575000,0.00%,254892244,131352157244,297701.17,0
2026-05-19,5.4549,5.4549,5.4549,5.4549,62419000,0.00%,192473244,131352157244,340489.4,0
2026-05-20,5.4549,5.4549,5.4549,5.4549,35020500,0.00%,157452744,131352157244,191033.33,0
2026-05-21,5.4549,5.4549,5.4549,5.4549,73352500,0.00%,84100244,131352157244,400130.55,0
2026-05-22,5.4549,5.4549,5.4549,5.4549,44400000,0.00%,39700244,131352157244,242197.56,0
2026-05-26,5.4549,5.4603,5.4603,5.4549,60679999,0.10%,320879859,131694016859,331331.0,341859614
2026-05-27,5.4603,5.4603,5.4603,5.4603,45991000,0.00%,274888859,131694016859,251124.66,0
2026-05-28,5.4603,5.4603,5.4603,5.4603,78070000,0.00%,196818859,131694016859,426285.62,0
2026-05-29,5.4603,5.4603,5.4603,5.4603,88818500,0.00%,108000359,131694016859,484975.66,0
2026-06-01,5.4603,5.4603,5.4603,5.4603,65046000,0.00%,42954359,131694016859,355170.67,0
2026-06-02,5.4603,5.4658,5.4658,5.4603,188459500,0.10%,198440066,132037962066,1030081.94,343945206
2026-06-03,5.4658,5.4658,5.4658,5.4658,90835000,0.00%,107605066,132037962066,496485.94,0
2026-06-04,5.4658,5.4658,5.4658,5.4658,53742500,0.00%,53862566,132037962066,293745.76,0
2026-06-05,5.4658,5.4713,5.4713,5.4658,58552500,0.10%,341195971,132383847971,320358.29,345885905
2026-06-08,5.4713,5.4713,5.4713,5.4713,53687000,0.00%,287508971,132383847971,293737.68,0
2026-06-09,5.4713,5.4713,5.4713,5.4713,69171500,0.00%,218337471,132383847971,378458.03,0
2026-06-10,5.4713,5.4713,5.4713,5.4713,66211500,0.00%,152125971,132383847971,362262.98,0
2026-06-11,5.4713,5.4713,5.4713,5.4713,52873000,0.00%,99252971,132383847971,289284.04,0
2026-06-12,5.4713,5.4713,5.4713,5.4713,41310500,0.00%,57942471,132383847971,226022.14,0
2026-06-15,5.4713,5.4713,5.4713,5.4713,36537500,0.00%,21404971,132383847971,199907.62,0
2026-06-16,5.4713,5.4767,5.4767,5.4713,44992000,0.10%,321479343,132728914343,246407.69,345066371
2026-06-17,5.4767,5.4767,5.4767,5.4767,31376000,0.00%,290103343,132728914343,171836.94,0
2026-06-18,5.4767,5.4767,5.4767,5.4767,55722000,0.00%,234381343,132728914343,305172.68,0
2026-06-22,5.4767,5.4767,5.4767,5.4767,58386000,0.00%,175995343,132728914343,319762.61,0
2026-06-23,5.4767,5.4767,5.4767,5.4767,80364000,0.00%,95631343,132728914343,440129.52,0
2026-06-24,5.4767,5.4767,5.4767,5.4767,73926000,0.00%,21705343,132728914343,404870.52,0
2026-06-25,5.4767,5.4822,5.4822,5.4767,54519500,0.10%,316901343,133078629843,298886.8,349715500
2026-06-26,5.4822,5.4822,5.4822,5.4822,58959500,0.00%,257941843,133078629843,323227.77,0
2026-06-29,5.4822,5.4822,5.4822,5.4822,61179500,0.00%,196762343,133078629843,335398.25,0
2026-06-30,5.4822,5.4822,5.4822,5.4822,72131500,0.00%,124630843,133078629843,395439.31,0
2026-07-02,5.4822,5.4822,5.4822,5.4822,75683500,0.00%,48947343,133078629843,414912.08,0
2026-07-03,5.4822,5.4822,5.4822,5.4822,46176000,0.00%,2771343,133078629843,253146.07,0
2026-07-06,5.4822,5.4877,5.4877,5.4822,76775000,0.10%,267840436,133420473936,421318.17,341844092
2026-07-07,5.4877,5.4877,5.4877,5.4877,102527000,0.00%,165313436,133420473936,562637.42,0
2026-07-08,5.4877,5.4877,5.4877,5.4877,104118000,0.00%,61195436,133420473936,571368.35,0
2026-07-09,5.4877,5.4932,5.4932,5.4877,78440000,0.10%,329266734,133766985234,430886.61,346511298
2026-07-10,5.4932,5.4932,5.4932,5.4932,74814000,0.00%,254452734,133766985234,410968.26,0
2026-07-13,5.4932,5.4932,5.4932,5.4932,56684000,0.00%,197768734,133766985234,311376.55,0
2026-07-14,5.4932,5.4932,5.4932,5.4932,61290500,0.00%,136478234,133766985234,336680.97,0
2026-07-15,5.4932,5.4932,5.4932,5.4932,36833500,0.00%,99644734,133766985234,202333.78,0
2026-07-16,5.4932,5.4932,5.4932,5.4932,37333000,0.00%,62311734,133766985234,205077.64,0
2026-07-17,5.4932,5.4932,5.4932,5.4932,27306000,0.00%,35005734,133766985234,149997.32,0
2026-07-20,5.4932,5.4932,5.4932,5.4932,31283500,0.00%,3722234,133766985234,171846.52,0
2026-07-21,5.4932,5.4987,5.4987,5.4932,36648500,0.10%,315842396,134115753896,201519.11,348768662
2026-07-22,5.4987,5.4987,5.4987,5.4987,37555000,0.00%,278287396,134115753896,206503.68,0
2026-07-23,5.4987,5.4987,5.4987,5.4987,29026500,0.00%,249260896,134115753896,159608.02,0
2026-07-24,5.4987,5.4987,5.4987,5.4987,31006000,0.00%,218254896,134115753896,170492.69,0
2026-07-27,5.4987,5.4987,5.4987,5.4987,152236500,0.00%,66018396,134115753896,837102.84,0
2026-07-28,5.4987,5.5042,5.5042,5.4987,199855500,0.10%,223380722,134472971722,1100044.64,357217826
2026-07-29,5.5042,5.5042,5.5042,5.5042,208791000,0.00%,14589722,134472971722,1149227.42,0
2026-07-30,5.5042,5.5097,5.5097,5.5042,134865000,0.10%,244041318,134837288318,743065.69,364316596
2026-07-31,5.5097,5.5097,5.5097,5.5097,74851000,0.00%,169190318,134837288318,412406.55,0
2026-08-03,5.5097,5.5097,5.5097,5.5097,54482500,0.00%,114707818,134837288318,300182.23,0
2026-08-04,5.5097,5.5152,5.5152,5.5097,217948500,0.10%,267238936,135207767936,1202029.57,370479618
2026-08-05,5.5152,5.5152,5.5152,5.5152,85285000,0.00%,181953936,135207767936,470363.83,0
2026-08-06,5.5152,5.5152,5.5152,5.5152,108465500,0.00%,73488436,135207767936,598208.93,0
2026-08-07,5.5152,5.5207,5.5207,5.5152,79457500,0.10%,369621507,135583358507,438661.02,375590570
2026-08-10,5.5207,5.5207,5.5207,5.5207,75776000,0.00%,293845507,135583358507,418336.56,0
2026-08-11,5.5207,5.5207,5.5207,5.5207,75628000,0.00%,218217507,135583358507,417519.5,0
2026-08-12,5.5207,5.5207,5.5207,5.5207,37277500,0.00%,180940007,135583358507,205797.89,0
2026-08-13,5.5207,5.5207,5.5207,5.5207,30247500,0.00%,150692507,135583358507,166987.37,0
2026-08-14,5.5207,5.5207,5.5207,5.5207,48877000,0.00%,101815507,135583358507,269835.25,0
2026-08-17,5.5207,5.5207,5.5207,5.5207,53687000,0.00%,48128507,135583358507,296389.82,0
2026-08-18,5.5207,5.5262,5.5262,5.5207,79809000,0.10%,349023870,135964062870,441040.5,380704363
2026-08-19,5.5262,5.5262,5.5262,5.5262,49210000,0.00%,299813870,135964062870,271944.3,0
2026-08-20,5.5262,5.5262,5.5262,5.5262,94535000,0.00%,205278870,135964062870,522419.32,0
2026-08-21,5.5262,5.5262,5.5262,5.5262,96459000,0.00%,108819870,135964062870,533051.73,0
2026-08-24,5.5262,5.5262,5.5262,5.5262,82547000,0.00%,26272870,135964062870,456171.23,0
2026-08-25,5.5262,5.5317,5.5317,5.5262,91612000,0.10%,323222310,136352624310,506770.1,388561440
2026-08-26,5.5317,5.5317,5.5317,5.5317,76275500,0.00%,246946810,136352624310,421933.18,0
2026-08-27,5.5317,5.5317,5.5317,5.5317,32005000,0.00%,214941810,136352624310,177042.06,0
2026-08-28,5.5317,5.5317,5.5317,5.5317,43401000,0.00%,171540810,136352624310,240081.31,0
2026-08-31,5.5317,5.5317,5.5317,5.5317,34188000,0.00%,137352810,136352624310,189117.76,0
2026-09-01,5.5317,5.5317,5.5317,5.5317,96533000,0.00%,40819810,136352624310,533991.6,0
2026-09-02,5.5317,5.5373,5.5373,5.5317,65305000,0.10%,369095206,136746204706,361613.38,393580396
2026-09-03,5.5373,5.5373,5.5373,5.5373,74869500,0.00%,294225706,136746204706,414574.88,0
2026-09-04,5.5373,5.5373,5.5373,5.5373,50209000,0.00%,244016706,136746204706,278022.3,0
2026-09-07,5.5373,5.5373,5.5373,5.5373,49524500,0.00%,194492206,136746204706,274232.01,0
2026-09-08,5.5373,5.5373,5.5373,5.5373,46176000,0.00%,148316206,136746204706,255690.36,0
2026-09-09,5.5373,5.5373,5.5373,5.5373,61050000,0.00%,87266206,136746204706,338052.16,0
2026-09-10,5.5373,5.5428,5.5428,5.5373,100066500,0.10%,386583929,137145588929,554648.6,399384222
2026-09-11,5.5428,5.5428,5.5428,5.5428,65989500,0.00%,320594429,137145588929,365766.6,0
2026-09-14,5.5428,5.5428,5.5428,5.5428,51467000,0.00%,269127429,137145588929,285271.29,0
2026-09-15,5.5428,5.5428,5.5428,5.5428,36833500,0.00%,232293929,137145588929,204160.72,0
2026-09-16,5.5428,5.5428,5.5428,5.5428,66914500,0.00%,165379429,137145588929,370893.69,0
2026-09-17,5.5428,5.5428,5.5428,5.5428,45362000,0.00%,120017429,137145588929,251432.49,0
2026-09-18,5.5428,5.5428,5.5428,5.5428,44363000,0.00%,75654429,137145588929,245895.24,0
2026-09-21,5.5428,5.5428,5.5428,5.5428,28693500,0.00%,46960929,137145588929,159042.33,0
2026-09-22,5.5428,5.5428,5.5428,5.5428,30635999,0.00%,16324929,137145588929,169809.22,0
2026-09-24,5.5428,5.5484,5.5484,5.5428,41088500,0.10%,378970947,137549323447,227975.43,403734518
2026-09-25,5.5484,5.5484,5.5484,5.5484,30821000,0.00%,348149947,137549323447,171007.24,0
2026-09-28,5.5484,5.5484,5.5484,5.5484,33244500,0.00%,314905447,137549323447,184453.78,0
2026-09-29,5.5484,5.5484,5.5484,5.5484,38757500,0.00%,276147947,137549323447,215042.11,0
2026-09-30,5.5484,5.5484,5.5484,5.5484,33762500,0.00%,242385447,137549323447,187327.86,0
2026-10-01,5.5484,5.5484,5.5484,5.5484,32079000,0.00%,210306447,137549323447,177987.12,0
2026-10-05,5.5484,5.5484,5.5484,5.5484,21682000,0.00%,188624447,137549323447,120300.41,0
2026-10-06,5.5484,5.5484,5.5484,5.5484,21978000,0.00%,166646447,137549323447,121942.74,0
2026-10-07,5.5484,5.5484,5.5484,5.5484,20072500,0.00%,146573947,137549323447,111370.26,0
2026-10-08,5.5484,5.5484,5.5484,5.5484,26917500,0.00%,119656447,137549323447,149349.06,0
2026-10-09,5.5484,5.5484,5.5484,5.5484,55148500,0.00%,64507947,137549323447,305985.94,0
2026-10-12,5.5484,5.5484,5.5484,5.5484,48470000,0.00%,16037947,137549323447,268930.95,0
2026-10-13,5.5484,5.5539,5.5539,5.5484,30432500,0.10%,388149984,137951867984,169019.06,402544536
2026-10-16,5.5539,5.5539,5.5539,5.5539,53890500,0.00%,334259484,137951867984,299302.45,0
2026-10-19,5.5539,5.5539,5.5539,5.5539,38350500,0.00%,295908984,137951867984,212994.84,0
2026-10-20,5.5539,5.5539,5.5539,5.5539,28545500,0.00%,267363484,137951867984,158538.85,0
2026-10-21,5.5539,5.5539,5.5539,5.5539,60532000,0.00%,206831484,137951867984,336188.67,0
2026-10-22,5.5539,5.5539,5.5539,5.5539,30858000,0.00%,175973484,137951867984,171382.25,0
2026-10-23,5.5539,5.5539,5.5539,5.5539,23569000,0.00%,152404484,137951867984,130899.87,0
2026-10-26,5.5539,5.5539,5.5539,5.5539,22681000,0.00%,129723484,137951867984,125968.01,0
2026-10-27,5.5539,5.5539,5.5539,5.5539,28323500,0.00%,101399984,137951867984,157305.89,0
2026-10-28,5.5539,5.5539,5.5539,5.5539,34632000,0.00%,66767984,137951867984,192342.66,0
2026-10-29,5.5539,5.5539,5.5539,5.5539,25289500,0.00%,41478484,137951867984,140455.35,0
2026-10-30,5.5539,5.5539,5.5539,5.5539,30414000,0.00%,11064484,137951867984,168916.31,0
2026-11-02,5.5539,5.5595,5.5595,5.5539,41902500,0.10%,372907872,138355613872,232956.95,403745887
2026-11-03,5.5595,5.5595,5.5595,5.5595,61068499,0.00%,311839372,138355613872,339510.33,0
2026-11-04,5.5595,5.5595,5.5595,5.5595,35816000,0.00%,276023372,138355613872,199119.05,0
2026-11-05,5.5595,5.5595,5.5595,5.5595,30414000,0.00%,245609372,138355613872,169086.63,0
2026-11-06,5.5595,5.5595,5.5595,5.5595,37037000,0.00%,208572372,138355613872,205907.2,0
2026-11-09,5.5595,5.5595,5.5595,5.5595,41329000,0.00%,167243372,138355613872,229768.58,0
2026-11-10,5.5595,5.5595,5.5595,5.5595,25178500,0.00%,142064872,138355613872,139979.87,0
2026-11-11,5.5595,5.5595,5.5595,5.5595,56647000,0.00%,85417872,138355613872,314929.0,0
2026-11-12,5.5595,5.5595,5.5595,5.5595,66674000,0.00%,18743872,138355613872,370674.1,0
2026-11-13,5.5595,5.565,5.565,5.5595,44085500,0.10%,379847226,138760802726,245335.81,405188854
2026-11-16,5.565,5.565,5.565,5.565,35871500,0.00%,343975726,138760802726,199624.9,0
2026-11-17,5.565,5.565,5.565,5.565,52281000,0.00%,291694726,138760802726,290943.77,0
2026-11-18,5.565,5.565,5.565,5.565,39664000,0.00%,252030726,138760802726,220730.16,0
2026-11-19,5.565,5.565,5.565,5.565,35742000,0.00%,216288726,138760802726,198904.23,0
2026-11-20,5.565,5.565,5.565,5.565,28138500,0.00%,188150226,138760802726,156590.75,0
2026-11-23,5.565,5.565,5.565,5.565,27176500,0.00%,160973726,138760802726,151237.22,0
2026-11-24,5.565,5.565,5.565,5.565,34650500,0.00%,126323226,138760802726,192830.03,0
2026-11-25,5.565,5.565,5.565,5.565,48137000,0.00%,78186226,138760802726,267882.41,0
2026-11-26,5.565,5.565,5.565,5.565,31339000,0.00%,46847226,138760802726,174401.54,0
2026-11-27,5.565,5.5706,5.5706,5.565,60846500,0.10%,392638000,139167440000,338951.51,406637273
2026-11-30,5.5706,5.5706,5.5706,5.5706,36093500,0.00%,356544500,139167440000,201062.45,0
2026-12-01,5.5706,5.5706,5.5706,5.5706,65841500,0.00%,290703000,139167440000,366776.66,0
2026-12-02,5.5706,5.5706,5.5706,5.5706,37629000,0.00%,253074000,139167440000,209616.11,0
2026-12-03,5.5706,5.5706,5.5706,5.5706,32782000,0.00%,220292000,139167440000,182615.41,0
2026-12-04,5.5706,5.5706,5.5706,5.5706,41625000,0.00%,178667000,139167440000,231876.23,0
2026-12-07,5.5706,5.5706,5.5706,5.5706,57276000,0.00%,121391000,139167440000,319061.69,0
2026-12-08,5.5706,5.5706,5.5706,5.5706,42994000,0.00%,78397000,139167440000,239502.38,0
2026-12-09,5.5706,5.5706,5.5706,5.5706,28064500,0.00%,50332500,139167440000,156336.1,0
2026-12-10,5.5706,5.5706,5.5706,5.5706,24697500,0.00%,25635000,139167440000,137579.89,0
2026-12-11,5.5706,5.5762,5.5762,5.5706,28175500,0.10%,404987466,139574967966,157112.22,407527965
2026-12-14,5.5762,5.5762,5.5762,5.5762,41144000,0.00%,363843466,139574967966,229427.17,0
2026-12-15,5.5762,5.5762,5.5762,5.5762,25252500,0.00%,338590966,139574967966,140812.99,0
2026-12-16,5.5762,5.5762,5.5762,5.5762,24734500,0.00%,313856466,139574967966,137924.52,0
2026-12-17,5.5762,5.5762,5.5762,5.5762,38905500,0.00%,274950966,139574967966,216944.85,0
2026-12-18,5.5762,5.5762,5.5762,5.5762,52318000,0.00%,222632966,139574967966,291735.63,0
2026-12-21,5.5762,5.5762,5.5762,5.5762,37758500,0.00%,184874466,139574967966,210548.95,0
2026-12-22,5.5762,5.5762,5.5762,5.5762,31875500,0.00%,152998966,139574967966,177744.16,0
2026-12-23,5.5762,5.5762,5.5762,5.5762,25604000,0.00%,127394966,139574967966,142773.02,0
2026-12-24,5.5762,5.5762,5.5762,5.5762,60957500,0.00%,66437466,139574967966,339911.21,0
2026-12-25,5.5762,5.5762,5.5762,5.5762,17593500,0.00%,48843966,139574967966,98104.87,0
2026-12-29,5.5762,5.5762,5.5762,5.5762,35057500,0.00%,13786466,139574967966,195487.63,0
2026-12-30,5.5762,5.5817,5.5817,5.5762,17741500,0.10%,405901078,139984824078,99027.73,409856112
2026-12-31,5.5817,5.5817,5.5817,5.5817,14171000,0.00%,391730078,139984824078,79098.27,0
2027-01-01,5.5817,5.5817,5.5817,5.5817,18772000,0.00%,372958078,139984824078,104779.67,0
2027-01-04,5.5817,5.5817,5.5817,5.5817,11438000,0.00%,361520078,139984824078,63843.48,0
2027-01-05,5.5817,5.5817,5.5817,5.5817,25764000,0.00%,335756078,139984824078,143806.92,0
2027-01-06,5.5817,5.5817,5.5817,5.5817,60667000,0.00%,275089078,139984824078,338624.99,0
2027-01-07,5.5817,5.5817,5.5817,5.5817,42541000,0.00%,232548078,139984824078,237451.1,0
2027-01-08,5.5817,5.5817,5.5817,5.5817,39539000,0.00%,193009078,139984824078,220694.84,0
2027-01-11,5.5817,5.5817,5.5817,5.5817,37164000,0.00%,155845078,139984824078,207438.3,0
2027-01-12,5.5817,5.5817,5.5817,5.5817,31179000,0.00%,124666078,139984824078,174031.82,0
2027-01-13,5.5817,5.5817,5.5817,5.5817,53713000,0.00%,70953078,139984824078,299809.85,0
2027-01-14,5.5817,5.5817,5.5817,5.5817,34789000,0.00%,36164078,139984824078,194181.76,0
2027-01-15,5.5817,5.5817,5.5817,5.5817,26068000,0.00%,10096078,139984824078,145503.76,0
2027-01-18,5.5817,5.5873,5.5873,5.5817,24092000,0.10%,395965581,140394785581,134609.23,409961502
2027-01-19,5.5873,5.5873,5.5873,5.5873,44726000,0.00%,351239581,140394785581,249897.58,0
2027-01-20,5.5873,5.5873,5.5873,5.5873,33231000,0.00%,318008581,140394785581,185671.57,0
2027-01-21,5.5873,5.5873,5.5873,5.5873,56126000,0.00%,261882581,140394785581,313592.8,0
2027-01-22,5.5873,5.5873,5.5873,5.5873,50958000,0.00%,210924581,140394785581,284717.63,0
2027-01-25,5.5873,5.5873,5.5873,5.5873,27892000,0.00%,183032581,140394785581,155840.97,0
2027-01-26,5.5873,5.5873,5.5873,5.5873,47500000,0.00%,135532581,140394785581,265396.75,0
2027-01-27,5.5873,5.5873,5.5873,5.5873,41078000,0.00%,94454581,140394785581,229515.11,0
2027-01-28,5.5873,5.5873,5.5873,5.5873,38969000,0.00%,55485581,140394785581,217731.49,0
2027-01-29,5.5873,5.5873,5.5873,5.5873,28557000,0.00%,26928581,140394785581,159556.53,0
2027-02-01,5.5873,5.5873,5.5873,5.5873,21717000,0.00%,5211581,140394785581,121339.39,0
2027-02-05,5.5873,5.5929,5.5929,5.5873,30267000,0.10%,388296422,140808137422,169280.3,413351840
2027-02-08,5.5929,5.5929,5.5929,5.5929,29222000,0.00%,359074422,140808137422,163435.72,0
2027-02-09,5.5929,5.5929,5.5929,5.5929,35625000,0.00%,323449422,140808137422,199247.06,0
2027-02-10,5.5929,5.5929,5.5929,5.5929,44403000,0.00%,279046422,140808137422,248341.54,0
2027-02-11,5.5929,5.5929,5.5929,5.5929,35739000,0.00%,243307422,140808137422,199884.65,0
2027-02-12,5.5929,5.5929,5.5929,5.5929,29488000,0.00%,213819422,140808137422,164923.44,0
2027-02-15,5.5929,5.5929,5.5929,5.5929,24434000,0.00%,189385422,140808137422,136656.92,0
2027-02-16,5.5929,5.5929,5.5929,5.5929,26391000,0.00%,162994422,140808137422,147602.22,0
2027-02-17,5.5929,5.5929,5.5929,5.5929,23199000,0.00%,139795422,140808137422,129749.69,0
2027-02-18,5.5929,5.5929,5.5929,5.5929,24548000,0.00%,115247422,140808137422,137294.51,0
2027-02-19,5.5929,5.5929,5.5929,5.5929,45657000,0.00%,69590422,140808137422,255355.04,0
2027-02-22,5.5929,5.5985,5.5985,5.5929,87476000,0.10%,397535974,141223558974,489734.39,415421552
2027-02-23,5.5985,5.5985,5.5985,5.5985,58064000,0.00%,339471974,141223558974,325071.3,0
2027-02-24,5.5985,5.5985,5.5985,5.5985,38456000,0.00%,301015974,141223558974,215295.92,0
2027-02-25,5.5985,5.5985,5.5985,5.5985,64543000,0.00%,236472974,141223558974,361343.99,0
2027-02-26,5.5985,5.5985,5.5985,5.5985,48507000,0.00%,187965974,141223558974,271566.44,0
2027-03-01,5.5985,5.5985,5.5985,5.5985,51015000,0.00%,136950974,141223558974,285607.48,0
2027-03-02,5.5985,5.5985,5.5985,5.5985,36689000,0.00%,100261974,141223558974,205403.37,0
2027-03-03,5.5985,5.5985,5.5985,5.5985,26619000,0.00%,73642974,141223558974,149026.47,0
2027-03-04,5.5985,5.5985,5.5985,5.5985,37753000,0.00%,35889974,141223558974,211360.17,0
2027-03-05,5.5985,5.6041,5.6041,5.5985,78945000,0.10%,378457206,141645071206,442415.67,421512231
2027-03-08,5.6041,5.6041,5.6041,5.6041,75772000,0.00%,302685206,141645071206,424633.87,0
2027-03-09,5.6041,5.6041,5.6041,5.6041,61293999,0.00%,241391206,141645071206,343497.71,0
2027-03-10,5.6041,5.6041,5.6041,5.6041,63099000,0.00%,178292206,141645071206,353613.11,0
2027-03-11,5.6041,5.6041,5.6041,5.6041,45714000,0.00%,132578206,141645071206,256185.83,0
2027-03-12,5.6041,5.6041,5.6041,5.6041,92036000,0.00%,40542206,141645071206,515778.95,0
2027-03-15,5.6041,5.6097,5.6097,5.6041,127129000,0.10%,343191844,142074849844,713155.55,429778638
2027-03-16,5.6097,5.6097,5.6097,5.6097,224960000,0.00%,118231844,142074849844,1261958.11,0
2027-03-17,5.6097,5.6153,5.6153,5.6097,204706000,0.10%,353586760,142514910760,1149485.6,440060916
2027-03-18,5.6153,5.6153,5.6153,5.6153,132411000,0.00%,221175760,142514910760,743527.49,0
2027-03-19,5.6153,5.6153,5.6153,5.6153,71649000,0.00%,149526760,142514910760,402330.63,0
2027-03-22,5.6153,5.6153,5.6153,5.6153,58330000,0.00%,91196760,142514910760,327540.45,0
2027-03-23,5.6153,5.6153,5.6153,5.6153,58919000,0.00%,32277760,142514910760,330847.86,0
2027-03-24,5.6153,5.6209,5.6209,5.6153,80294000,0.10%,399526927,142962453927,451324.54,447543167
2027-03-25,5.6209,5.6209,5.6209,5.6209,89167000,0.00%,310359927,142962453927,501198.79,0
2027-03-26,5.6209,5.6209,5.6209,5.6209,72770000,0.00%,237589927,142962453927,409032.89,0
2027-03-29,5.6209,5.6209,5.6209,5.6209,51167000,0.00%,186422927,142962453927,287604.59,0
2027-03-30,5.6209,5.6209,5.6209,5.6209,39710000,0.00%,146712927,142962453927,223205.94,0
2027-03-31,5.6209,5.6209,5.6209,5.6209,51205000,0.00%,95507927,142962453927,287818.18,0
2027-04-01,5.6209,5.6209,5.6209,5.6209,27721000,0.00%,67786927,142962453927,155816.97,0
2027-04-02,5.6209,5.6209,5.6209,5.6209,27550000,0.00%,40236927,142962453927,154855.8,0
2027-04-05,5.6209,5.6209,5.6209,5.6209,29773000,0.00%,10463927,142962453927,167351.06,0
2027-04-07,5.6209,5.6265,5.6265,5.6209,32547000,0.10%,426023198,143410560198,183125.7,448106270
2027-04-08,5.6265,5.6265,5.6265,5.6265,30153000,0.00%,395870198,143410560198,169655.85,0
2027-04-09,5.6265,5.6265,5.6265,5.6265,37240000,0.00%,358630198,143410560198,209530.86,0
2027-04-12,5.6265,5.6265,5.6265,5.6265,43301000,0.00%,315329198,143410560198,243633.08,0
2027-04-13,5.6265,5.6265,5.6265,5.6265,50179000,0.00%,265150198,143410560198,282332.14,0
2027-04-14,5.6265,5.6265,5.6265,5.6265,41116000,0.00%,224034198,143410560198,231339.17,0
2027-04-15,5.6265,5.6265,5.6265,5.6265,28804000,0.00%,195230198,143410560198,162065.71,0
2027-04-20,5.6265,5.6265,5.6265,5.6265,33706000,0.00%,161524198,143410560198,189646.81,0
2027-04-21,5.6265,5.6265,5.6265,5.6265,20615000,0.00%,140909198,143410560198,115990.3,0
2027-04-22,5.6265,5.6265,5.6265,5.6265,48906000,0.00%,92003198,143410560198,275169.61,0
2027-04-23,5.6265,5.6265,5.6265,5.6265,53257000,0.00%,38746198,143410560198,299650.51,0
2027-04-26,5.6265,5.6322,5.6322,5.6265,49001000,0.10%,437645228,143858460228,275983.43,447900030
2027-04-27,5.6322,5.6322,5.6322,5.6322,51851000,0.00%,385794228,143858460228,292035.2,0
2027-04-28,5.6322,5.6322,5.6322,5.6322,44479000,0.00%,341315228,143858460228,250514.62,0
2027-04-29,5.6322,5.6322,5.6322,5.6322,40337000,0.00%,300978228,143858460228,227186.05,0
2027-04-30,5.6322,5.6322,5.6322,5.6322,90193000,0.00%,210785228,143858460228,507985.01,0
2027-05-04,5.6322,5.6322,5.6322,5.6322,48583000,0.00%,162202228,143858460228,273629.17,0
2027-05-05,5.6322,5.6322,5.6322,5.6322,26790000,0.00%,135412228,143858460228,150886.64,0
2027-05-06,5.6322,5.6322,5.6322,5.6322,40641000,0.00%,94771228,143858460228,228898.24,0
2027-05-07,5.6322,5.6322,5.6322,5.6322,43548000,0.00%,51223228,143858460228,245271.05,0
2027-05-11,5.6322,5.6378,5.6378,5.6322,53960000,0.10%,437140915,144298337915,304215.69,439877686
2027-05-12,5.6378,5.6378,5.6378,5.6378,46265000,0.00%,390875915,144298337915,260832.82,0
2027-05-13,5.6378,5.6378,5.6378,5.6378,38038000,0.00%,352837915,144298337915,214450.64,0
2027-05-14,5.6378,5.6378,5.6378,5.6378,37031000,0.00%,315806915,144298337915,208773.37,0
2027-05-17,5.6378,5.6378,5.6378,5.6378,29564000,0.00%,286242915,144298337915,166675.92,0
2027-05-18,5.6378,5.6378,5.6378,5.6378,57228000,0.00%,229014915,144298337915,322640.02,0
2027-05-19,5.6378,5.6378,5.6378,5.6378,53846000,0.00%,175168915,144298337915,303572.98,0
2027-05-20,5.6378,5.6378,5.6378,5.6378,114285000,0.00%,60883915,144298337915,644315.97,0
2027-05-21,5.6378,5.6378,5.6378,5.6378,53827000,0.00%,7056915,144298337915,303465.86,0
2027-05-24,5.6378,5.6434,5.6434,5.6378,32357000,0.10%,415619825,144739257825,182603.49,440919910
2027-05-25,5.6434,5.6434,5.6434,5.6434,37430000,0.00%,378189825,144739257825,211232.46,0
2027-05-26,5.6434,5.6434,5.6434,5.6434,40945000,0.00%,337244825,144739257825,231069.01,0
2027-05-27,5.6434,5.6434,5.6434,5.6434,35150000,0.00%,302094825,144739257825,198365.51,0
2027-05-28,5.6434,5.6434,5.6434,5.6434,39444000,0.00%,262650825,144739257825,222598.27,0
2027-05-31,5.6434,5.6434,5.6434,5.6434,42370000,0.00%,220280825,144739257825,239110.86,0
2027-06-01,5.6434,5.6434,5.6434,5.6434,123044000,0.00%,97236825,144739257825,694386.51,0
2027-06-02,5.6434,5.6434,5.6434,5.6434,51148000,0.00%,46088825,144739257825,288648.62,0
2027-06-03,5.6434,5.6434,5.6434,5.6434,26942000,0.00%,19146825,144739257825,152044.48,0
2027-06-07,5.6434,5.6491,5.6491,5.6434,45410000,0.10%,411903520,145177424520,256525.63,438166694
2027-06-08,5.6491,5.6491,5.6491,5.6491,51471000,0.00%,360432520,145177424520,290764.83,0
2027-06-09,5.6491,5.6491,5.6491,5.6491,90212000,0.00%,270220520,145177424520,509616.61,0
2027-06-10,5.6491,5.6491,5.6491,5.6491,74385000,0.00%,195835520,145177424520,420208.3,0
2027-06-11,5.6491,5.6491,5.6491,5.6491,56544000,0.00%,139291520,145177424520,319422.71,0
2027-06-14,5.6491,5.6491,5.6491,5.6491,47386000,0.00%,91905520,145177424520,267688.25,0
2027-06-15,5.6491,5.6491,5.6491,5.6491,30988999,0.00%,60916520,145177424520,175059.96,0
2027-06-16,5.6491,5.6491,5.6491,5.6491,40356000,0.00%,20560520,145177424520,227975.08,0
2027-06-17,5.6491,5.6547,5.6547,5.6491,42066000,0.10%,415465353,145614395353,237870.61,436970832
2027-06-18,5.6547,5.6547,5.6547,5.6547,37012000,0.00%,378453353,145614395353,209291.76,0
2027-06-21,5.6547,5.6547,5.6547,5.6547,22116000,0.00%,356337353,145614395353,125059.35,0
2027-06-22,5.6547,5.6547,5.6547,5.6547,28519000,0.00%,327818353,145614395353,161266.39,0
2027-06-23,5.6547,5.6547,5.6547,5.6547,26049000,0.00%,301769353,145614395353,147299.28,0
2027-06-24,5.6547,5.6547,5.6547,5.6547,23978000,0.00%,277791353,145614395353,135588.4,0
2027-06-25,5.6547,5.6547,5.6547,5.6547,34580000,0.00%,243211353,145614395353,195539.53,0
2027-06-28,5.6547,5.6547,5.6547,5.6547,109060000,0.00%,134151353,145614395353,616701.58,0
2027-06-29,5.6547,5.6547,5.6547,5.6547,111321000,0.00%,22830353,145614395353,629486.86,0
2027-06-30,5.6547,5.6604,5.6604,5.6547,66462000,0.10%,395187185,146053214185,376201.5,438818832
2027-07-01,5.6604,5.6604,5.6604,5.6604,63441000,0.00%,331746185,146053214185,359101.44,0
2027-07-05,5.6604,5.6604,5.6604,5.6604,73074000,0.00%,258672185,146053214185,413628.07,0
2027-07-06,5.6604,5.6604,5.6604,5.6604,37031000,0.00%,221641185,146053214185,209610.27,0
2027-07-07,5.6604,5.6604,5.6604,5.6604,47158000,0.00%,174483185,146053214185,266933.14,0
2027-07-08,5.6604,5.6604,5.6604,5.6604,36081000,0.00%,138402185,146053214185,204232.89,0
2027-07-09,5.6604,5.6604,5.6604,5.6604,35625000,0.00%,102777185,146053214185,201651.75,0
2027-07-12,5.6604,5.6604,5.6604,5.6604,39140000,0.00%,63637185,146053214185,221548.06,0
2027-07-13,5.6604,5.6604,5.6604,5.6604,32889000,0.00%,30748185,146053214185,186164.9,0
2027-07-14,5.6604,5.666,5.666,5.6604,32547000,0.10%,438725688,146493738688,184411.3,440524503
2027-07-15,5.666,5.666,5.666,5.666,31863000,0.00%,406862688,146493738688,180535.76,0
2027-07-16,5.666,5.666,5.666,5.666,50027000,0.00%,356835688,146493738688,283452.98,0
2027-07-19,5.666,5.666,5.666,5.666,38703000,0.00%,318132688,146493738688,219291.2,0
2027-07-20,5.666,5.666,5.666,5.666,24054000,0.00%,294078688,146493738688,136289.96,0
2027-07-21,5.666,5.666,5.666,5.666,30362000,0.00%,263716688,146493738688,172031.09,0
2027-07-22,5.666,5.666,5.666,5.666,36309000,0.00%,227407688,146493738688,205726.79,0
2027-07-23,5.666,5.666,5.666,5.666,28652000,0.00%,198755688,146493738688,162342.23,0
2027-07-26,5.666,5.666,5.666,5.666,32015000,0.00%,166740688,146493738688,181396.99,0
2027-07-27,5.666,5.666,5.666,5.666,26334000,0.00%,140406688,146493738688,149208.44,0
2027-07-28,5.666,5.666,5.666,5.666,37658000,0.00%,102748688,146493738688,213370.23,0
2027-07-29,5.666,5.666,5.666,5.666,29165000,0.00%,73583688,146493738688,165248.89,0
2027-07-30,5.666,5.666,5.666,5.666,70661000,0.00%,2922688,146493738688,400365.23,0
2027-08-02,5.666,5.6717,5.6717,5.666,75981000,0.10%,361985965,146928782965,430941.44,435044277
2027-08-03,5.6717,5.6717,5.6717,5.6717,81111000,0.00%,280874965,146928782965,460037.26,0
2027-08-04,5.6717,5.6717,5.6717,5.6717,52060000,0.00%,228814965,146928782965,295268.7,0
2027-08-05,5.6717,5.6717,5.6717,5.6717,37601000,0.00%,191213965,146928782965,213261.59,0
2027-08-06,5.6717,5.6717,5.6717,5.6717,31236000,0.00%,159977965,146928782965,177161.22,0
2027-08-09,5.6717,5.6717,5.6717,5.6717,28595000,0.00%,131382965,146928782965,162182.26,0
2027-08-10,5.6717,5.6717,5.6717,5.6717,26961000,0.00%,104421965,146928782965,152914.7,0
2027-08-11,5.6717,5.6717,5.6717,5.6717,29184000,0.00%,75237965,146928782965,165522.89,0
2027-08-12,5.6717,5.6717,5.6717,5.6717,28234000,0.00%,47003965,146928782965,160134.78,0
2027-08-13,5.6717,5.6717,5.6717,5.6717,20862000,0.00%,26141965,146928782965,118323.01,0
2027-08-16,5.6717,5.6717,5.6717,5.6717,22078000,0.00%,4063965,146928782965,125219.79,0
2027-08-17,5.6717,5.6774,5.6774,5.6717,44707000,0.10%,387130713,147356556713,253819.52,427773747
2027-08-18,5.6774,5.6774,5.6774,5.6774,33478000,0.00%,353652713,147356556713,190068.0,0
2027-08-19,5.6774,5.6774,5.6774,5.6774,61199000,0.00%,292453713,147356556713,347451.2,0
2027-08-20,5.6774,5.6774,5.6774,5.6774,44213000,0.00%,248240713,147356556713,251014.89,0
2027-08-23,5.6774,5.6774,5.6774,5.6774,28082000,0.00%,220158713,147356556713,159432.75,0
2027-08-24,5.6774,5.6774,5.6774,5.6774,25707000,0.00%,194451713,147356556713,145948.92,0
2027-08-25,5.6774,5.6774,5.6774,5.6774,24795000,0.00%,169656713,147356556713,140771.13,0
2027-08-26,5.6774,5.6774,5.6774,5.6774,36936000,0.00%,132720713,147356556713,209700.45,0
2027-08-27,5.6774,5.6774,5.6774,5.6774,35302000,0.00%,97418713,147356556713,200423.57,0
2027-08-30,5.6774,5.6774,5.6774,5.6774,23541000,0.00%,73877713,147356556713,133651.67,0
2027-08-31,5.6774,5.6774,5.6774,5.6774,26676000,0.00%,47201713,147356556713,151450.32,0
2027-09-01,5.6774,5.6831,5.6831,5.6774,49799000,0.10%,414599032,147773753032,283012.7,417196319
2027-09-02,5.6831,5.6831,5.6831,5.6831,45467000,0.00%,369132032,147773753032,258393.51,0
2027-09-03,5.6831,5.6831,5.6831,5.6831,48431000,0.00%,320701032,147773753032,275238.22,0
2027-09-06,5.6831,5.6831,5.6831,5.6831,38703000,0.00%,281998032,147773753032,219953.02,0
2027-09-07,5.6831,5.6831,5.6831,5.6831,30837000,0.00%,251161032,147773753032,175249.75,0
2027-09-08,5.6831,5.6831,5.6831,5.6831,28842000,0.00%,222319032,147773753032,163911.97,0
2027-09-09,5.6831,5.6831,5.6831,5.6831,44783000,0.00%,177536032,147773753032,254506.27,0
2027-09-10,5.6831,5.6831,5.6831,5.6831,32604000,0.00%,144932032,147773753032,185291.79,0
2027-09-14,5.6831,5.6831,5.6831,5.6831,32623000,0.00%,112309032,147773753032,185399.77,0
2027-09-15,5.6831,5.6831,5.6831,5.6831,34181000,0.00%,78128032,147773753032,194254.04,0
2027-09-16,5.6831,5.6831,5.6831,5.6831,25308000,0.00%,52820032,147773753032,143827.89,0
2027-09-17,5.6831,5.6831,5.6831,5.6831,47386000,0.00%,5434032,147773753032,269299.38,0
2027-09-20,5.6831,5.6887,5.6887,5.6831,43548000,0.10%,372147898,148184014898,247731.51,410261865
2027-09-21,5.6887,5.6887,5.6887,5.6887,28766000,0.00%,343381898,148184014898,163641.14,0
2027-09-22,5.6887,5.6887,5.6887,5.6887,30571000,0.00%,312810898,148184014898,173909.25,0
2027-09-23,5.6887,5.6887,5.6887,5.6887,33326000,0.00%,279484898,148184014898,189581.62,0
2027-09-24,5.6887,5.6887,5.6887,5.6887,37373000,0.00%,242111898,148184014898,212603.79,0
2027-09-27,5.6887,5.6887,5.6887,5.6887,46835000,0.00%,195276898,148184014898,266430.26,0
2027-09-28,5.6887,5.6887,5.6887,5.6887,43187000,0.00%,152089898,148184014898,245677.89,0
2027-09-29,5.6887,5.6887,5.6887,5.6887,42104000,0.00%,109985898,148184014898,239517.02,0
2027-09-30,5.6887,5.6887,5.6887,5.6887,38304000,0.00%,71681898,148184014898,217899.96,0
2027-10-01,5.6887,5.6887,5.6887,5.6887,42674000,0.00%,29007898,148184014898,242759.58,0
2027-10-04,5.6887,5.6887,5.6887,5.6887,26581000,0.00%,2426898,148184014898,151211.33,0
2027-10-06,5.6887,5.6944,5.6944,5.6887,34466000,0.10%,370768165,148586822165,196263.19,402807267
2027-10-07,5.6944,5.6944,5.6944,5.6944,19703000,0.00%,351065165,148586822165,112196.76,0
2027-10-08,5.6944,5.6944,5.6944,5.6944,18962000,0.00%,332103165,148586822165,107977.21,0
2027-10-11,5.6944,5.6944,5.6944,5.6944,29792000,0.00%,302311165,148586822165,169647.56,0
2027-10-12,5.6944,5.6944,5.6944,5.6944,40508000,0.00%,261803165,148586822165,230668.76,0
2027-10-13,5.6944,5.6944,5.6944,5.6944,60857000,0.00%,200946165,148586822165,346544.1,0
2027-10-14,5.6944,5.6944,5.6944,5.6944,42104000,0.00%,158842165,148586822165,239757.02,0
2027-10-15,5.6944,5.6944,5.6944,5.6944,59774000,0.00%,99068165,148586822165,340377.07,0
2027-10-18,5.6944,5.6944,5.6944,5.6944,50008000,0.00%,49060165,148586822165,284765.56,0
2027-10-19,5.6944,5.6944,5.6944,5.6944,42047000,0.00%,7013165,148586822165,239432.44,0
2027-10-20,5.6944,5.7001,5.7001,5.6944,39824000,0.10%,355095072,148974728072,227000.78,387905906
2027-10-21,5.7001,5.7001,5.7001,5.7001,93879000,0.00%,261216072,148974728072,535119.69,0
2027-10-22,5.7001,5.7001,5.7001,5.7001,50445000,0.00%,210771072,148974728072,287541.54,0
2027-10-25,5.7001,5.7001,5.7001,5.7001,161633000,0.00%,49138072,148974728072,921324.26,0
2027-10-26,5.7001,5.7058,5.7058,5.7001,138738000,0.10%,297700918,149362028918,791611.28,387300845
2027-10-27,5.7058,5.7058,5.7058,5.7058,95665000,0.00%,202035918,149362028918,545845.36,0
2027-10-28,5.7058,5.7058,5.7058,5.7058,81168000,0.00%,120867918,149362028918,463128.37,0
2027-10-29,5.7058,5.7058,5.7058,5.7058,77577000,0.00%,43290918,149362028918,442638.85,0
2027-11-01,5.7058,5.7115,5.7115,5.7058,94069000,0.10%,340825783,149753632783,537275.09,391603864
2027-11-02,5.7115,5.7115,5.7115,5.7115,147896000,0.00%,192929783,149753632783,844708.0,0
2027-11-03,5.7115,5.7115,5.7115,5.7115,66785000,0.00%,126144783,149753632783,381442.53,0
2027-11-04,5.7115,5.7115,5.7115,5.7115,58197000,0.00%,67947783,149753632783,332392.17,0
2027-11-05,5.7115,5.7172,5.7172,5.7115,127604000,0.10%,337313506,150150602506,729537.59,396969723
2027-11-08,5.7172,5.7172,5.7172,5.7172,83562000,0.00%,253751506,150150602506,477740.67,0
2027-11-09,5.7172,5.7172,5.7172,5.7172,44726000,0.00%,209025506,150150602506,255707.49,0
2027-11-10,5.7172,5.7172,5.7172,5.7172,60154000,0.00%,148871506,150150602506,343912.45,0
2027-11-11,5.7172,5.7172,5.7172,5.7172,44194000,0.00%,104677506,150150602506,252665.94,0
2027-11-12,5.7172,5.7172,5.7172,5.7172,100719000,0.00%,3958506,150150602506,575830.67,0
2027-11-15,5.7172,5.723,5.723,5.7172,91960000,0.10%,308237165,150546841165,526287.08,396238658
2027-11-16,5.723,5.723,5.723,5.723,119890000,0.00%,188347165,150546841165,686130.47,0
2027-11-17,5.723,5.723,5.723,5.723,117401000,0.00%,70946165,150546841165,671885.92,0
2027-11-18,5.723,5.7287,5.7287,5.723,132658000,0.10%,340628187,150949181187,759957.88,402340021
2027-11-19,5.7287,5.7287,5.7287,5.7287,85044000,0.00%,255584187,150949181187,487191.56,0
2027-11-22,5.7287,5.7287,5.7287,5.7287,59489000,0.00%,196095187,150949181187,340794.63,0
2027-11-23,5.7287,5.7287,5.7287,5.7287,54074000,0.00%,142021187,150949181187,309773.72,0
2027-11-24,5.7287,5.7287,5.7287,5.7287,44422000,0.00%,97599187,150949181187,254480.31,0
2027-11-25,5.7287,5.7287,5.7287,5.7287,32623000,0.00%,64976187,150949181187,186887.38,0
2027-11-26,5.7287,5.7287,5.7287,5.7287,59508000,0.00%,5468187,150949181187,340903.48,0
2027-11-29,5.7287,5.7344,5.7344,5.7287,63650000,0.10%,343374409,151350737409,364994.56,401556222
2027-11-30,5.7344,5.7344,5.7344,5.7344,62966000,0.00%,280408409,151350737409,361072.23,0
2027-12-01,5.7344,5.7344,5.7344,5.7344,88597000,0.00%,191811409,151350737409,508050.64,0
2027-12-02,5.7344,5.7344,5.7344,5.7344,86545000,0.00%,105266409,151350737409,496283.65,0
2027-12-03,5.7344,5.7344,5.7344,5.7344,47671000,0.00%,57595409,151350737409,273364.58,0
2027-12-06,5.7344,5.7401,5.7401,5.7344,113677000,0.10%,349789166,151756608166,652517.35,405870756
2027-12-07,5.7401,5.7401,5.7401,5.7401,55214000,0.00%,294575166,151756608166,316933.88,0
2027-12-08,5.7401,5.7401,5.7401,5.7401,78109000,0.00%,216466166,151756608166,448353.47,0
2027-12-09,5.7401,5.7401,5.7401,5.7401,64771000,0.00%,151695166,151756608166,371792.02,0
2027-12-10,5.7401,5.7401,5.7401,5.7401,76760000,0.00%,74935166,151756608166,440610.08,0
2027-12-13,5.7401,5.7401,5.7401,5.7401,38969000,0.00%,35966166,151756608166,223685.96,0
2027-12-14,5.7401,5.7459,5.7459,5.7401,38589000,0.10%,407826665,152167057665,221728.54,410449499
2027-12-15,5.7459,5.7459,5.7459,5.7459,46056000,0.00%,361770665,152167057665,264633.17,0
2027-12-16,5.7459,5.7459,5.7459,5.7459,36024000,0.00%,325746665,152167057665,206990.3,0
2027-12-17,5.7459,5.7459,5.7459,5.7459,47747000,0.00%,277999665,152167057665,274349.49,0
2027-12-20,5.7459,5.7459,5.7459,5.7459,47310000,0.00%,230689665,152167057665,271838.53,0
2027-12-21,5.7459,5.7459,5.7459,5.7459,55214000,0.00%,175475665,152167057665,317254.12,0
2027-12-22,5.7459,5.7459,5.7459,5.7459,29108000,0.00%,146367665,152167057665,167251.66,0
2027-12-23,5.7459,5.7459,5.7459,5.7459,46075000,0.00%,100292665,152167057665,264742.34,0
2027-12-24,5.7459,5.7459,5.7459,5.7459,29450000,0.00%,70842665,152167057665,169216.76,0
2027-12-29,5.7459,5.7459,5.7459,5.7459,45961000,0.00%,24881665,152167057665,264087.31,0
2027-12-30,5.7459,5.7516,5.7516,5.7459,57171000,0.10%,381779963,152581126963,328824.72,414069297
2027-12-31,5.7516,5.7516,5.7516,5.7516,51699000,0.00%,330080963,152581126963,297351.97,0
2028-01-04,5.7516,5.7516,5.7516,5.7516,58422000,0.00%,271658963,152581126963,336019.98,0
2028-01-05,5.7516,5.7516,5.7516,5.7516,72988500,0.00%,198670463,152581126963,419800.66,0
2028-01-06,5.7516,5.7516,5.7516,5.7516,79560000,0.00%,119110463,152581126963,457597.3,0
2028-01-07,5.7516,5.7516,5.7516,5.7516,52825500,0.00%,66284963,152581126963,303831.15,0
2028-01-10,5.7516,5.7516,5.7516,5.7516,55224000,0.00%,11060963,152581126963,317626.36,0
2028-01-11,5.7516,5.7574,5.7574,5.7516,38707500,0.10%,391143736,152999917236,222854.56,418790272
2028-01-12,5.7574,5.7574,5.7574,5.7574,69654000,0.00%,321489736,152999917236,401025.94,0
2028-01-13,5.7574,5.7574,5.7574,5.7574,79072500,0.00%,242417236,152999917236,455252.01,0
2028-01-14,5.7574,5.7574,5.7574,5.7574,40891500,0.00%,201525736,152999917236,235428.72,0
2028-01-17,5.7574,5.7574,5.7574,5.7574,38980500,0.00%,162545236,152999917236,224426.33,0
2028-01-18,5.7574,5.7574,5.7574,5.7574,31395000,0.00%,131150236,152999917236,180753.57,0
2028-01-19,5.7574,5.7574,5.7574,5.7574,52884000,0.00%,78266236,152999917236,304474.34,0
2028-01-20,5.7574,5.7574,5.7574,5.7574,33832500,0.00%,44433736,152999917236,194787.24,0
2028-01-21,5.7574,5.7574,5.7574,5.7574,32877000,0.00%,11556736,152999917236,189286.04,0
2028-01-27,5.7574,5.7631,5.7631,5.7574,46273500,0.10%,387343571,153421977571,266678.81,422060334
2028-01-28,5.7631,5.7631,5.7631,5.7631,36328500,0.00%,351015071,153421977571,209364.78,0
2028-01-31,5.7631,5.7631,5.7631,5.7631,104578500,0.00%,246436571,153421977571,602696.35,0
2028-02-01,5.7631,5.7631,5.7631,5.7631,108732000,0.00%,137704571,153421977571,626633.39,0
2028-02-02,5.7631,5.7631,5.7631,5.7631,61269000,0.00%,76435571,153421977571,353099.37,0
2028-02-03,5.7631,5.7631,5.7631,5.7631,46332000,0.00%,30103571,153421977571,267015.95,0
2028-02-04,5.7631,5.7689,5.7689,5.7631,50583000,0.10%,405870038,153848327038,291808.27,426349466
2028-02-07,5.7689,5.7689,5.7689,5.7689,49900500,0.00%,355969538,153848327038,287870.99,0
2028-02-08,5.7689,5.7689,5.7689,5.7689,38610000,0.00%,317359538,153848327038,222737.23,0
2028-02-09,5.7689,5.7689,5.7689,5.7689,33676500,0.00%,283683038,153848327038,194276.36,0
2028-02-10,5.7689,5.7689,5.7689,5.7689,51987000,0.00%,231696038,153848327038,299907.8,0
2028-02-11,5.7689,5.7689,5.7689,5.7689,47989500,0.00%,183706538,153848327038,276846.63,0
2028-02-14,5.7689,5.7689,5.7689,5.7689,39702000,0.00%,144004538,153848327038,229036.87,0
2028-02-15,5.7689,5.7689,5.7689,5.7689,34963500,0.00%,109041038,153848327038,201700.94,0
2028-02-16,5.7689,5.7689,5.7689,5.7689,32175000,0.00%,76866038,153848327038,185614.36,0
2028-02-17,5.7689,5.7689,5.7689,5.7689,42724500,0.00%,34141538,153848327038,246473.37,0
2028-02-18,5.7689,5.7747,5.7747,5.7689,34554000,0.10%,426639446,154275378946,199538.98,427051908
2028-02-21,5.7747,5.7747,5.7747,5.7747,24004500,0.00%,402634946,154275378946,138618.79,0
2028-02-22,5.7747,5.7747,5.7747,5.7747,57154500,0.00%,345480446,154275378946,330050.09,0
2028-02-23,5.7747,5.7747,5.7747,5.7747,64642500,0.00%,280837946,154275378946,373291.04,0
2028-02-24,5.7747,5.7747,5.7747,5.7747,37888500,0.00%,242949446,154275378946,218794.72,0
2028-02-25,5.7747,5.7747,5.7747,5.7747,47619000,0.00%,195330446,154275378946,274985.44,0
2028-02-28,5.7747,5.7747,5.7747,5.7747,39936000,0.00%,155394446,154275378946,230618.42,0
2028-02-29,5.7747,5.7747,5.7747,5.7747,50719500,0.00%,104674946,154275378946,292889.9,0
2028-03-01,5.7747,5.7747,5.7747,5.7747,69439500,0.00%,35235446,154275378946,400992.28,0
2028-03-02,5.7747,5.7747,5.7747,5.7747,28860000,0.00%,6375446,154275378946,166657.84,0
2028-03-03,5.7747,5.7804,5.7804,5.7747,34671000,0.10%,400664425,154704338925,200412.25,428959979
2028-03-06,5.7804,5.7804,5.7804,5.7804,24628500,0.00%,376035925,154704338925,142362.58,0
2028-03-07,5.7804,5.7804,5.7804,5.7804,33228000,0.00%,342807925,154704338925,192071.13,0
2028-03-08,5.7804,5.7804,5.7804,5.7804,41359500,0.00%,301448425,154704338925,239074.45,0
2028-03-09,5.7804,5.7804,5.7804,5.7804,33676500,0.00%,267771925,154704338925,194663.64,0
2028-03-10,5.7804,5.7804,5.7804,5.7804,73320000,0.00%,194451925,154704338925,423818.93,0
2028-03-13,5.7804,5.7804,5.7804,5.7804,52903500,0.00%,141548425,154704338925,305803.39,0
2028-03-14,5.7804,5.7804,5.7804,5.7804,41574000,0.00%,99974425,154704338925,240314.35,0
2028-03-15,5.7804,5.7804,5.7804,5.7804,32311500,0.00%,67662925,154704338925,186773.39,0
2028-03-16,5.7804,5.7804,5.7804,5.7804,46273500,0.00%,21389425,154704338925,267479.34,0
2028-03-17,5.7804,5.7862,5.7862,5.7804,56608500,0.10%,396519264,155136077264,327548.1,431738338
2028-03-20,5.7862,5.7862,5.7862,5.7862,39858000,0.00%,356661264,155136077264,230626.36,0
2028-03-21,5.7862,5.7862,5.7862,5.7862,41496000,0.00%,315165264,155136077264,240104.16,0
2028-03-22,5.7862,5.7862,5.7862,5.7862,38317500,0.00%,276847764,155136077264,221712.72,0
2028-03-23,5.7862,5.7862,5.7862,5.7862,91357500,0.00%,185490264,155136077264,528612.77,0
2028-03-24,5.7862,5.7862,5.7862,5.7862,64779000,0.00%,120711264,155136077264,374824.25,0
2028-03-27,5.7862,5.7862,5.7862,5.7862,50310000,0.00%,70401264,155136077264,291103.72,0
2028-03-28,5.7862,5.7862,5.7862,5.7862,61113000,0.00%,9288264,155136077264,353612.04,0
2028-03-29,5.7862,5.792,5.792,5.7862,70395000,0.10%,377380695,155574564695,407727.84,438487430
2028-03-30,5.792,5.792,5.792,5.792,49218000,0.00%,328162695,155574564695,285070.66,0
2028-03-31,5.792,5.792,5.792,5.792,50622000,0.00%,277540695,155574564695,293202.62,0
2028-04-03,5.792,5.792,5.792,5.792,36601500,0.00%,240939195,155574564695,211995.89,0
2028-04-04,5.792,5.792,5.792,5.792,27787500,0.00%,213151695,155574564695,160945.2,0
2028-04-06,5.792,5.792,5.792,5.792,29152500,0.00%,183999195,155574564695,168851.28,0
2028-04-11,5.792,5.792,5.792,5.792,42763500,0.00%,141235695,155574564695,247686.19,0
2028-04-12,5.792,5.792,5.792,5.792,78916500,0.00%,62319195,155574564695,457084.37,0
2028-04-13,5.792,5.792,5.792,5.792,48672000,0.00%,13647195,155574564695,281908.22,0
2028-04-14,5.792,5.7978,5.7978,5.792,24843000,0.10%,428890910,156014651410,144034.75,440086715
2028-04-17,5.7978,5.7978,5.7978,5.7978,30634500,0.00%,398256410,156014651410,177612.7,0
2028-04-18,5.7978,5.7978,5.7978,5.7978,26695500,0.00%,371560910,156014651410,154775.17,0
2028-04-19,5.7978,5.7978,5.7978,5.7978,31746000,0.00%,339814910,156014651410,184056.96,0
2028-04-20,5.7978,5.7978,5.7978,5.7978,20533500,0.00%,319281410,156014651410,119049.13,0
2028-04-21,5.7978,5.7978,5.7978,5.7978,32214000,0.00%,287067410,156014651410,186770.33,0
2028-04-24,5.7978,5.7978,5.7978,5.7978,39916500,0.00%,247150910,156014651410,231427.88,0
2028-04-25,5.7978,5.7978,5.7978,5.7978,40852500,0.00%,206298410,156014651410,236854.62,0
2028-04-26,5.7978,5.7978,5.7978,5.7978,48789000,0.00%,157509410,156014651410,282868.86,0
2028-04-27,5.7978,5.7978,5.7978,5.7978,28782000,0.00%,128727410,156014651410,166872.28,0
2028-04-28,5.7978,5.7978,5.7978,5.7978,30010500,0.00%,98716910,156014651410,173994.88,0
2028-05-02,5.7978,5.7978,5.7978,5.7978,16867500,0.00%,81849410,156014651410,97794.39,0
2028-05-03,5.7978,5.7978,5.7978,5.7978,20572500,0.00%,61276910,156014651410,119275.24,0
2028-05-04,5.7978,5.7978,5.7978,5.7978,34281000,0.00%,26995910,156014651410,198754.38,0
2028-05-05,5.7978,5.8036,5.8036,5.7978,28879500,0.10%,436895242,156453430242,167605.07,438778831
2028-05-08,5.8036,5.8036,5.8036,5.8036,20904000,0.00%,415991242,156453430242,121318.45,0
2028-05-09,5.8036,5.8036,5.8036,5.8036,45903000,0.00%,370088242,156453430242,266402.65,0
2028-05-10,5.8036,5.8036,5.8036,5.8036,30361500,0.00%,339726742,156453430242,176206.0,0
2028-05-11,5.8036,5.8036,5.8036,5.8036,34261500,0.00%,305465242,156453430242,198840.04,0
2028-05-12,5.8036,5.8036,5.8036,5.8036,35080500,0.00%,270384742,156453430242,203593.19,0
2028-05-15,5.8036,5.8036,5.8036,5.8036,46293000,0.00%,224091742,156453430242,268666.05,0
2028-05-16,5.8036,5.8036,5.8036,5.8036,27534000,0.00%,196557742,156453430242,159796.32,0
2028-05-17,5.8036,5.8036,5.8036,5.8036,38142000,0.00%,158415742,156453430242,221360.91,0
2028-05-18,5.8036,5.8036,5.8036,5.8036,67099500,0.00%,91316242,156453430242,389418.66,0
2028-05-19,5.8036,5.8036,5.8036,5.8036,44245500,0.00%,47070742,156453430242,256783.18,0
2028-05-22,5.8036,5.8036,5.8036,5.8036,39078000,0.00%,7992742,156453430242,226793.08,0
2028-05-23,5.8036,5.8094,5.8094,5.8036,29289000,0.10%,415701836,156890428336,170151.52,436998093
2028-05-24,5.8094,5.8094,5.8094,5.8094,26422500,0.00%,389279336,156890428336,153498.87,0
2028-05-25,5.8094,5.8094,5.8094,5.8094,50758500,0.00%,338520836,156890428336,294876.43,0
2028-05-29,5.8094,5.8094,5.8094,5.8094,56238000,0.00%,282282836,156890428336,326709.04,0
2028-05-30,5.8094,5.8094,5.8094,5.8094,42393000,0.00%,239889836,156890428336,246277.89,0
2028-05-31,5.8094,5.8094,5.8094,5.8094,62653500,0.00%,177236336,156890428336,363979.24,0
2028-06-01,5.8094,5.8094,5.8094,5.8094,44752500,0.00%,132483836,156890428336,259985.17,0
2028-06-02,5.8094,5.8094,5.8094,5.8094,62517000,0.00%,69966836,156890428336,363186.26,0
2028-06-05,5.8094,5.8094,5.8094,5.8094,38785500,0.00%,31181336,156890428336,225320.48,0
2028-06-06,5.8094,5.8152,5.8152,5.8094,32565000,0.10%,424898891,157316710891,189371.99,426282555
2028-06-07,5.8152,5.8152,5.8152,5.8152,35587500,0.00%,389311391,157316710891,206948.43,0
2028-06-08,5.8152,5.8152,5.8152,5.8152,25603500,0.00%,363707891,157316710891,148889.47,0
2028-06-09,5.8152,5.8152,5.8152,5.8152,31551000,0.00%,332156891,157316710891,183475.38,0
2028-06-12,5.8152,5.8152,5.8152,5.8152,26305500,0.00%,305851391,157316710891,152971.74,0
2028-06-13,5.8152,5.8152,5.8152,5.8152,45084000,0.00%,260767391,157316710891,262172.48,0
2028-06-14,5.8152,5.8152,5.8152,5.8152,43056000,0.00%,217711391,157316710891,250379.25,0
2028-06-15,5.8152,5.8152,5.8152,5.8152,48769500,0.00%,168941891,157316710891,283604.4,0
2028-06-16,5.8152,5.8152,5.8152,5.8152,69907500,0.00%,99034391,157316710891,406526.09,0
2028-06-19,5.8152,5.8152,5.8152,5.8152,39526500,0.00%,59507891,157316710891,229854.5,0
2028-06-20,5.8152,5.8152,5.8152,5.8152,31746000,0.00%,27761891,157316710891,184609.34,0
2028-06-21,5.8152,5.821,5.821,5.8152,37635000,0.10%,403399682,157729983682,219073.33,413272790
2028-06-23,5.821,5.821,5.821,5.821,27105000,0.00%,376294682,157729983682,157778.21,0
2028-06-26,5.821,5.821,5.821,5.821,35412000,0.00%,340882682,157729983682,206133.25,0
2028-06-27,5.821,5.821,5.821,5.821,34105500,0.00%,306777182,157729983682,198528.12,0
2028-06-28,5.821,5.821,5.821,5.821,30985500,0.00%,275791682,157729983682,180366.6,0
2028-06-29,5.821,5.821,5.821,5.821,26364000,0.00%,249427682,157729983682,153464.84,0
2028-06-30,5.821,5.821,5.821,5.821,31590000,0.00%,217837682,157729983682,183885.39,0
2028-07-03,5.821,5.821,5.821,5.821,27690000,0.00%,190147682,157729983682,161183.49,0
2028-07-04,5.821,5.821,5.821,5.821,18408000,0.00%,171739682,157729983682,107152.97,0
2028-07-05,5.821,5.821,5.821,5.821,19227000,0.00%,152512682,157729983682,111920.37,0
2028-07-06,5.821,5.821,5.821,5.821,38571000,0.00%,113941682,157729983682,224521.79,0
2028-07-07,5.821,5.821,5.821,5.821,42120000,0.00%,71821682,157729983682,245180.52,0
2028-07-10,5.821,5.821,5.821,5.821,33715500,0.00%,38106182,157729983682,196257.93,0
2028-07-11,5.821,5.821,5.821,5.821,24102000,0.00%,14004182,157729983682,140297.74,0
2028-07-12,5.821,5.8269,5.8269,5.821,32857500,0.10%,392729195,158141566195,191457.37,411582512
2028-07-13,5.8269,5.8269,5.8269,5.8269,53274000,0.00%,339455195,158141566195,310422.27,0
2028-07-14,5.8269,5.8269,5.8269,5.8269,41359500,0.00%,298095695,158141566195,240997.67,0
2028-07-18,5.8269,5.8269,5.8269,5.8269,56842500,0.00%,241253195,158141566195,331215.56,0
2028-07-19,5.8269,5.8269,5.8269,5.8269,42724500,0.00%,198528695,158141566195,248951.39,0
2028-07-20,5.8269,5.8269,5.8269,5.8269,32292000,0.00%,166236695,158141566195,188162.25,0
2028-07-21,5.8269,5.8269,5.8269,5.8269,23088000,0.00%,143148695,158141566195,134531.47,0
2028-07-24,5.8269,5.8269,5.8269,5.8269,34027500,0.00%,109121195,158141566195,198274.84,0
2028-07-25,5.8269,5.8269,5.8269,5.8269,56940000,0.00%,52181195,158141566195,331783.69,0
2028-07-26,5.8269,5.8269,5.8269,5.8269,29133000,0.00%,23048195,158141566195,169755.08,0
2028-07-27,5.8269,5.8327,5.8327,5.8269,26617500,0.10%,406052915,158551188415,155251.89,409622220
2028-07-28,5.8327,5.8327,5.8327,5.8327,43368000,0.00%,362684915,158551188415,252952.53,0
2028-07-31,5.8327,5.8327,5.8327,5.8327,71760000,0.00%,290924915,158551188415,418554.55,0
2028-08-01,5.8327,5.8327,5.8327,5.8327,45708000,0.00%,245216915,158551188415,266601.05,0
2028-08-02,5.8327,5.8327,5.8327,5.8327,41028000,0.00%,204188915,158551188415,239304.02,0
2028-08-03,5.8327,5.8327,5.8327,5.8327,32487000,0.00%,171701915,158551188415,189486.92,0
2028-08-04,5.8327,5.8327,5.8327,5.8327,37245000,0.00%,134456915,158551188415,217238.91,0
2028-08-07,5.8327,5.8327,5.8327,5.8327,18486000,0.00%,115970915,158551188415,107823.29,0
2028-08-08,5.8327,5.8327,5.8327,5.8327,29991000,0.00%,85979915,158551188415,174928.51,0
2028-08-09,5.8327,5.8327,5.8327,5.8327,23244000,0.00%,62735915,158551188415,135575.28,0
2028-08-10,5.8327,5.8327,5.8327,5.8327,21820500,0.00%,40915415,158551188415,127272.43,0
2028-08-11,5.8327,5.8327,5.8327,5.8327,23985000,0.00%,16930415,158551188415,139897.31,0
2028-08-14,5.8327,5.8385,5.8385,5.8327,30712500,0.10%,392111623,158957082123,179314.93,405893708
2028-08-15,5.8385,5.8385,5.8385,5.8385,21040500,0.00%,371071123,158957082123,122844.96,0
2028-08-16,5.8385,5.8385,5.8385,5.8385,32136000,0.00%,338935123,158957082123,187626.04,0
2028-08-17,5.8385,5.8385,5.8385,5.8385,56199000,0.00%,282736123,158957082123,328117.86,0
2028-08-18,5.8385,5.8385,5.8385,5.8385,35314500,0.00%,247421623,158957082123,206183.71,0
2028-08-21,5.8385,5.8385,5.8385,5.8385,50115000,0.00%,197306623,158957082123,292596.43,0
2028-08-22,5.8385,5.8385,5.8385,5.8385,48126000,0.00%,149180623,158957082123,280983.65,0
2028-08-23,5.8385,5.8385,5.8385,5.8385,33618000,0.00%,115562623,158957082123,196278.69,0
2028-08-24,5.8385,5.8385,5.8385,5.8385,43563000,0.00%,71999623,158957082123,254342.58,0
2028-08-25,5.8385,5.8385,5.8385,5.8385,24453000,0.00%,47546623,158957082123,142768.84,0
2028-08-28,5.8385,5.8385,5.8385,5.8385,37830000,0.00%,9716623,158957082123,220870.46,0
2028-08-29,5.8385,5.8443,5.8443,5.8385,29991000,0.10%,379654600,159357011100,175276.4,399928977
2028-08-30,5.8443,5.8443,5.8443,5.8443,29620500,0.00%,350034100,159357011100,173111.09,0
2028-08-31,5.8443,5.8443,5.8443,5.8443,96993000,0.00%,253041100,159357011100,566856.19,0
2028-09-04,5.8443,5.8443,5.8443,5.8443,59962500,0.00%,193078600,159357011100,350438.84,0
2028-09-05,5.8443,5.8443,5.8443,5.8443,25837500,0.00%,167241100,159357011100,151002.1,0
2028-09-06,5.8443,5.8443,5.8443,5.8443,32155500,0.00%,135085600,159357011100,187926.39,0
2028-09-07,5.8443,5.8443,5.8443,5.8443,32604000,0.00%,102481600,159357011100,190547.56,0
2028-09-11,5.8443,5.8443,5.8443,5.8443,36679500,0.00%,65802100,159357011100,214366.0,0
2028-09-12,5.8443,5.8443,5.8443,5.8443,20280000,0.00%,45522100,159357011100,118522.4,0
2028-09-13,5.8443,5.8443,5.8443,5.8443,20787000,0.00%,24735100,159357011100,121485.46,0
2028-09-14,5.8443,5.8443,5.8443,5.8443,19792500,0.00%,4942600,159357011100,115673.31,0
2028-09-15,5.8443,5.8502,5.8502,5.8443,37479000,0.10%,365558796,159755106296,219259.65,398095195
2028-09-18,5.8502,5.8502,5.8502,5.8502,28743000,0.00%,336815796,159755106296,168152.3,0
2028-09-19,5.8502,5.8502,5.8502,5.8502,30381000,0.00%,306434796,159755106296,177734.93,0
2028-09-20,5.8502,5.8502,5.8502,5.8502,26637000,0.00%,279797796,159755106296,155831.78,0
2028-09-21,5.8502,5.8502,5.8502,5.8502,37284000,0.00%,242513796,159755106296,218118.86,0
2028-09-22,5.8502,5.8502,5.8502,5.8502,41418000,0.00%,201095796,159755106296,242303.58,0
2028-09-25,5.8502,5.8502,5.8502,5.8502,35704500,0.00%,165391296,159755106296,208878.47,0
2028-09-26,5.8502,5.8502,5.8502,5.8502,31044000,0.00%,134347296,159755106296,181613.61,0
2028-09-27,5.8502,5.8502,5.8502,5.8502,27690000,0.00%,106657296,159755106296,161992.04,0
2028-09-28,5.8502,5.8502,5.8502,5.8502,30420000,0.00%,76237296,159755106296,177963.08,0
2028-09-29,5.8502,5.8502,5.8502,5.8502,21937500,0.00%,54299796,159755106296,128338.76,0
2028-10-03,5.8502,5.8502,5.8502,5.8502,29484000,0.00%,24815796,159755106296,172487.3,0
2028-10-04,5.8502,5.8502,5.8502,5.8502,21333000,0.00%,3482796,159755106296,124802.32,0
2028-10-05,5.8502,5.856,5.856,5.8502,21060000,0.10%,375635426,160148318926,123327.36,393212629
2028-10-06,5.856,5.856,5.856,5.856,21606000,0.00%,354029426,160148318926,126524.74,0
2028-10-09,5.856,5.856,5.856,5.856,22230000,0.00%,331799426,160148318926,130178.88,0
2028-10-10,5.856,5.856,5.856,5.856,32077500,0.00%,299721926,160148318926,187845.84,0
2028-10-11,5.856,5.856,5.856,5.856,32019000,0.00%,267702926,160148318926,187503.26,0
2028-10-12,5.856,5.856,5.856,5.856,26227500,0.00%,241475426,160148318926,153588.24,0
2028-10-13,5.856,5.856,5.856,5.856,26071500,0.00%,215403926,160148318926,152674.7,0
2028-10-16,5.856,5.856,5.856,5.856,24277500,0.00%,191126426,160148318926,142169.04,0
2028-10-17,5.856,5.856,5.856,5.856,17940000,0.00%,173186426,160148318926,105056.64,0
2028-10-18,5.856,5.856,5.856,5.856,23400000,0.00%,149786426,160148318926,137030.4,0
2028-10-19,5.856,5.856,5.856,5.856,33579000,0.00%,116207426,160148318926,196638.62,0
2028-10-20,5.856,5.856,5.856,5.856,37459500,0.00%,78747926,160148318926,219362.83,0
2028-10-24,5.856,5.856,5.856,5.856,42159000,0.00%,36588926,160148318926,246883.1,0
2028-10-25,5.856,5.856,5.856,5.856,34144500,0.00%,2444426,160148318926,199950.19,0
2028-10-26,5.856,5.8619,5.8619,5.856,22327500,0.10%,368586013,160536788013,130881.57,388469086
2028-10-27,5.8619,5.8619,5.8619,5.8619,32097000,0.00%,336489013,160536788013,188149.4,0
2028-10-30,5.8619,5.8619,5.8619,5.8619,28002000,0.00%,308487013,160536788013,164144.92,0
2028-10-31,5.8619,5.8619,5.8619,5.8619,26773500,0.00%,281713513,160536788013,156943.58,0
2028-11-01,5.8619,5.8619,5.8619,5.8619,21469500,0.00%,260244013,160536788013,125852.06,0
2028-11-02,5.8619,5.8619,5.8619,5.8619,20436000,0.00%,239808013,160536788013,119793.79,0
2028-11-03,5.8619,5.8619,5.8619,5.8619,42081000,0.00%,197727013,160536788013,246674.61,0
2028-11-06,5.8619,5.8619,5.8619,5.8619,52377000,0.00%,145350013,160536788013,307028.74,0
2028-11-07,5.8619,5.8619,5.8619,5.8619,26130000,0.00%,119220013,160536788013,153171.45,0
2028-11-08,5.8619,5.8619,5.8619,5.8619,25116000,0.00%,94104013,160536788013,147227.48,0
2028-11-09,5.8619,5.8619,5.8619,5.8619,20026500,0.00%,74077513,160536788013,117393.34,0
2028-11-10,5.8619,5.8619,5.8619,5.8619,19246500,0.00%,54831013,160536788013,112821.06,0
2028-11-13,5.8619,5.8619,5.8619,5.8619,26500500,0.00%,28330513,160536788013,155343.28,0
2028-11-14,5.8619,5.8619,5.8619,5.8619,24336000,0.00%,3994513,160536788013,142655.2,0
2028-11-15,5.8619,5.8678,5.8678,5.8619,63277500,0.10%,329402287,160925473287,371299.71,388685274
2028-11-16,5.8678,5.8678,5.8678,5.8678,68835000,0.00%,260567287,160925473287,403910.01,0
2028-11-17,5.8678,5.8678,5.8678,5.8678,42841500,0.00%,217725787,160925473287,251385.35,0
2028-11-20,5.8678,5.8678,5.8678,5.8678,54171000,0.00%,163554787,160925473287,317864.59,0
2028-11-21,5.8678,5.8678,5.8678,5.8678,47170500,0.00%,116384287,160925473287,276787.06,0
2028-11-22,5.8678,5.8678,5.8678,5.8678,27631500,0.00%,88752787,160925473287,162136.12,0
2028-11-23,5.8678,5.8678,5.8678,5.8678,28333500,0.00%,60419287,160925473287,166255.31,0
2028-11-24,5.8678,5.8678,5.8678,5.8678,29718000,0.00%,30701287,160925473287,174379.28,0
2028-11-27,5.8678,5.8678,5.8678,5.8678,23848500,0.00%,6852787,160925473287,139938.23,0
2028-11-28,5.8678,5.8736,5.8736,5.8678,29542500,0.10%,367709467,161315872467,173520.83,390399180
2028-11-29,5.8736,5.8736,5.8736,5.8736,32877000,0.00%,334832467,161315872467,193106.35,0
2028-11-30,5.8736,5.8736,5.8736,5.8736,59104500,0.00%,275727967,161315872467,347156.19,0
2028-12-01,5.8736,5.8736,5.8736,5.8736,29542500,0.00%,246185467,161315872467,173520.83,0
2028-12-04,5.8736,5.8736,5.8736,5.8736,29074500,0.00%,217110967,161315872467,170771.98,0
2028-12-05,5.8736,5.8736,5.8736,5.8736,46273500,0.00%,170837467,161315872467,271792.03,0
2028-12-06,5.8736,5.8736,5.8736,5.8736,31005000,0.00%,139832467,161315872467,182110.97,0
2028-12-07,5.8736,5.8736,5.8736,5.8736,26715000,0.00%,113117467,161315872467,156913.22,0
2028-12-08,5.8736,5.8736,5.8736,5.8736,32370000,0.00%,80747467,161315872467,190128.43,0
2028-12-11,5.8736,5.8736,5.8736,5.8736,35880000,0.00%,44867467,161315872467,210744.77,0
2028-12-12,5.8736,5.8736,5.8736,5.8736,25350000,0.00%,19517467,161315872467,148895.76,0
2028-12-13,5.8736,5.8795,5.8795,5.8736,27592500,0.10%,382895217,161706842717,162230.1,390970249
2028-12-14,5.8795,5.8795,5.8795,5.8795,33540000,0.00%,349355217,161706842717,197198.43,0
2028-12-15,5.8795,5.8795,5.8795,5.8795,60294000,0.00%,289061217,161706842717,354498.57,0
2028-12-18,5.8795,5.8795,5.8795,5.8795,23575500,0.00%,265485717,161706842717,138612.15,0
2028-12-19,5.8795,5.8795,5.8795,5.8795,24433500,0.00%,241052217,161706842717,143656.76,0
2028-12-20,5.8795,5.8795,5.8795,5.8795,27670500,0.00%,213381717,161706842717,162688.7,0
2028-12-21,5.8795,5.8795,5.8795,5.8795,19831500,0.00%,193550217,161706842717,116599.3,0
2028-12-22,5.8795,5.8854,5.8854,5.8795,286669500,0.10%,304717807,162104679807,1687164.68,397837090
2028-12-27,5.8854,5.8854,5.8854,5.8854,125716500,0.00%,179001307,162104679807,739891.89,0
2028-12-28,5.8854,5.8854,5.8854,5.8854,73788000,0.00%,105213307,162104679807,434271.9,0
2028-12-29,5.8854,5.8854,5.8854,5.8854,38259000,0.00%,66954307,162104679807,225169.52,0
2029-01-02,5.8854,5.8854,5.8854,5.8854,46700000,0.00%,20254307,162104679807,274848.18,0
2029-01-03,5.8854,5.8913,5.8913,5.8854,40780000,0.10%,382778170,162507983670,240247.21,403303863
2029-01-04,5.8913,5.8913,5.8913,5.8913,40440000,0.00%,342338170,162507983670,238244.17,0
2029-01-05,5.8913,5.8913,5.8913,5.8913,47500000,0.00%,294838170,162507983670,279836.75,0
2029-01-08,5.8913,5.8913,5.8913,5.8913,33439999,0.00%,261398170,162507983670,197005.07,0
2029-01-09,5.8913,5.8913,5.8913,5.8913,33860000,0.00%,227538170,162507983670,199479.42,0
2029-01-10,5.8913,5.8913,5.8913,5.8913,38300000,0.00%,189238170,162507983670,225636.79,0
2029-01-11,5.8913,5.8913,5.8913,5.8913,41200000,0.00%,148038170,162507983670,242721.56,0
2029-01-12,5.8913,5.8913,5.8913,5.8913,31540000,0.00%,116498170,162507983670,185811.6,0
2029-01-15,5.8913,5.8913,5.8913,5.8913,32659999,0.00%,83838170,162507983670,192409.86,0
2029-01-16,5.8913,5.8913,5.8913,5.8913,44480000,0.00%,39358170,162507983670,262045.02,0
2029-01-17,5.8913,5.8972,5.8972,5.8913,72220000,0.10%,360864911,162901710411,425895.78,393726741
2029-01-18,5.8972,5.8972,5.8972,5.8972,49200000,0.00%,311664911,162901710411,290142.24,0
2029-01-19,5.8972,5.8972,5.8972,5.8972,53800000,0.00%,257864911,162901710411,317269.36,0
2029-01-22,5.8972,5.8972,5.8972,5.8972,67300000,0.00%,190564911,162901710411,396881.56,0
2029-01-23,5.8972,5.8972,5.8972,5.8972,71220000,0.00%,119344911,162901710411,419998.58,0
2029-01-24,5.8972,5.8972,5.8972,5.8972,67720000,0.00%,51624911,162901710411,399358.38,0
2029-01-25,5.8972,5.9031,5.9031,5.8972,68320000,0.10%,373693135,163292098635,403299.79,390388223
2029-01-26,5.9031,5.9031,5.9031,5.9031,49640000,0.00%,324053135,163292098635,293029.88,0
2029-01-29,5.9031,5.9031,5.9031,5.9031,40320000,0.00%,283733135,163292098635,238012.99,0
2029-01-30,5.9031,5.9031,5.9031,5.9031,43020000,0.00%,240713135,163292098635,253951.36,0
2029-01-31,5.9031,5.9031,5.9031,5.9031,40100000,0.00%,200613135,163292098635,236714.31,0
2029-02-01,5.9031,5.9031,5.9031,5.9031,34660000,0.00%,165953135,163292098635,204601.45,0
2029-02-02,5.9031,5.9031,5.9031,5.9031,62100000,0.00%,103853135,163292098635,366582.51,0
2029-02-05,5.9031,5.9031,5.9031,5.9031,40920000,0.00%,62933135,163292098635,241554.85,0
2029-02-06,5.9031,5.9031,5.9031,5.9031,57720000,0.00%,5213135,163292098635,340726.93,0
2029-02-07,5.9031,5.909,5.909,5.9031,52680000,0.10%,333127383,163672692883,311286.12,380594248
2029-02-08,5.909,5.909,5.909,5.909,35820000,0.00%,297307383,163672692883,211660.38,0
2029-02-09,5.909,5.909,5.909,5.909,13460000,0.00%,283847383,163672692883,79535.14,0
2029-02-14,5.909,5.909,5.909,5.909,23140000,0.00%,260707383,163672692883,136734.26,0
2029-02-15,5.909,5.909,5.909,5.909,25140000,0.00%,235567383,163672692883,148552.26,0
2029-02-16,5.909,5.909,5.909,5.909,34440000,0.00%,201127383,163672692883,203505.96,0
2029-02-19,5.909,5.909,5.909,5.909,30840000,0.00%,170287383,163672692883,182233.56,0
2029-02-20,5.909,5.909,5.909,5.909,31540000,0.00%,138747383,163672692883,186369.86,0
2029-02-21,5.909,5.909,5.909,5.909,47900000,0.00%,90847383,163672692883,283041.1,0
2029-02-22,5.909,5.909,5.909,5.909,24880000,0.00%,65967383,163672692883,147015.92,0
2029-02-23,5.909,5.909,5.909,5.909,26460000,0.00%,39507383,163672692883,156352.14,0
2029-02-26,5.909,5.909,5.909,5.909,24820000,0.00%,14687383,163672692883,146661.38,0
2029-02-27,5.909,5.9149,5.9149,5.909,47220000,0.10%,335903924,164041129424,279301.58,368436541
2029-02-28,5.9149,5.9149,5.9149,5.9149,51800000,0.00%,284103924,164041129424,306391.82,0
2029-03-01,5.9149,5.9149,5.9149,5.9149,59440000,0.00%,224663924,164041129424,351581.66,0
2029-03-02,5.9149,5.9149,5.9149,5.9149,55900000,0.00%,168763924,164041129424,330642.91,0
2029-03-05,5.9149,5.9149,5.9149,5.9149,27660000,0.00%,141103924,164041129424,163606.13,0
2029-03-06,5.9149,5.9149,5.9149,5.9149,52120000,0.00%,88983924,164041129424,308284.59,0
2029-03-07,5.9149,5.9149,5.9149,5.9149,46580000,0.00%,42403924,164041129424,275516.04,0
2029-03-08,5.9149,5.9149,5.9149,5.9149,34320000,0.00%,8083924,164041129424,202999.37,0
2029-03-09,5.9149,5.9208,5.9208,5.9149,24840000,0.10%,348217644,164406103144,147072.67,364973719
2029-03-12,5.9208,5.9208,5.9208,5.9208,35740000,0.00%,312477644,164406103144,211609.39,0
2029-03-13,5.9208,5.9208,5.9208,5.9208,73060000,0.00%,239417644,164406103144,432573.65,0
2029-03-14,5.9208,5.9208,5.9208,5.9208,40140000,0.00%,199277644,164406103144,237660.91,0
2029-03-15,5.9208,5.9208,5.9208,5.9208,28460000,0.00%,170817644,164406103144,168505.97,0
2029-03-16,5.9208,5.9208,5.9208,5.9208,58360000,0.00%,112457644,164406103144,345537.89,0
2029-03-19,5.9208,5.9208,5.9208,5.9208,39260000,0.00%,73197644,164406103144,232450.61,0
2029-03-20,5.9208,5.9208,5.9208,5.9208,31280000,0.00%,41917644,164406103144,185202.62,0
2029-03-21,5.9208,5.9208,5.9208,5.9208,31240000,0.00%,10677644,164406103144,184965.79,0
2029-03-22,5.9208,5.9267,5.9267,5.9208,73740000,0.10%,303703801,164772869301,437034.86,366766157
2029-03-23,5.9267,5.9267,5.9267,5.9267,52860000,0.00%,250843801,164772869301,313285.36,0
2029-03-26,5.9267,5.9267,5.9267,5.9267,42260000,0.00%,208583801,164772869301,250462.34,0
2029-03-27,5.9267,5.9267,5.9267,5.9267,68000000,0.00%,140583801,164772869301,403015.6,0
2029-03-28,5.9267,5.9267,5.9267,5.9267,77500000,0.00%,63083801,164772869301,459319.25,0
2029-03-29,5.9267,5.9267,5.9267,5.9267,60000000,0.00%,3083801,164772869301,355602.0,0
2029-04-03,5.9267,5.9326,5.9326,5.9267,53120000,0.10%,317497331,165140402831,315139.71,367533529
2029-04-04,5.9326,5.9326,5.9326,5.9326,39400000,0.00%,278097331,165140402831,233744.44,0
2029-04-06,5.9326,5.9326,5.9326,5.9326,27160000,0.00%,250937331,165140402831,161129.42,0
2029-04-09,5.9326,5.9326,5.9326,5.9326,43320000,0.00%,207617331,165140402831,257000.23,0
2029-04-10,5.9326,5.9326,5.9326,5.9326,35760000,0.00%,171857331,165140402831,212149.78,0
2029-04-11,5.9326,5.9326,5.9326,5.9326,49460000,0.00%,122397331,165140402831,293426.4,0
2029-04-12,5.9326,5.9326,5.9326,5.9326,37660000,0.00%,84737331,165140402831,223421.72,0
2029-04-13,5.9326,5.9326,5.9326,5.9326,46060000,0.00%,38677331,165140402831,273255.56,0
2029-04-16,5.9326,5.9326,5.9326,5.9326,36600000,0.00%,2077331,165140402831,217133.16,0
2029-04-17,5.9326,5.9386,5.9386,5.9326,39380000,0.10%,329606618,165507312118,233862.07,366909286
2029-04-18,5.9386,5.9386,5.9386,5.9386,28820000,0.00%,300786618,165507312118,171150.45,0
2029-04-19,5.9386,5.9386,5.9386,5.9386,38120000,0.00%,262666618,165507312118,226379.43,0
2029-04-20,5.9386,5.9386,5.9386,5.9386,38940000,0.00%,223726618,165507312118,231249.08,0
2029-04-23,5.9386,5.9386,5.9386,5.9386,82260000,0.00%,141466618,165507312118,488509.24,0
2029-04-24,5.9386,5.9386,5.9386,5.9386,87640000,0.00%,53826618,165507312118,520458.9,0
2029-04-25,5.9386,5.9445,5.9445,5.9386,82940000,0.10%,337735270,165874160770,493036.83,366848652
2029-04-26,5.9445,5.9445,5.9445,5.9445,55460000,0.00%,282275270,165874160770,329681.97,0
2029-04-27,5.9445,5.9445,5.9445,5.9445,59200000,0.00%,223075270,165874160770,351914.4,0
2029-04-30,5.9445,5.9445,5.9445,5.9445,50840000,0.00%,172235270,165874160770,302218.38,0
2029-05-01,5.9445,5.9445,5.9445,5.9445,31920000,0.00%,140315270,165874160770,189748.44,0
2029-05-03,5.9445,5.9445,5.9445,5.9445,44960000,0.00%,95355270,165874160770,267264.72,0
2029-05-04,5.9445,5.9445,5.9445,5.9445,47180000,0.00%,48175270,165874160770,280461.51,0
2029-05-07,5.9445,5.9504,5.9504,5.9445,52420000,0.10%,364778574,166243184074,311919.97,369023304
2029-05-08,5.9504,5.9504,5.9504,5.9504,38820000,0.00%,325958574,166243184074,230994.53,0
2029-05-09,5.9504,5.9504,5.9504,5.9504,40120000,0.00%,285838574,166243184074,238730.05,0
2029-05-10,5.9504,5.9504,5.9504,5.9504,32060000,0.00%,253778574,166243184074,190769.82,0
2029-05-11,5.9504,5.9504,5.9504,5.9504,31380000,0.00%,222398574,166243184074,186723.55,0
2029-05-14,5.9504,5.9504,5.9504,5.9504,41120000,0.00%,181278574,166243184074,244680.45,0
2029-05-15,5.9504,5.9504,5.9504,5.9504,43200000,0.00%,138078574,166243184074,257057.28,0
2029-05-17,5.9504,5.9504,5.9504,5.9504,116860000,0.00%,21218574,166243184074,695363.74,0
2029-05-18,5.9504,5.9564,5.9564,5.9504,55840000,0.10%,337827145,166615632645,332605.38,372448571
2029-05-21,5.9564,5.9564,5.9564,5.9564,44660000,0.00%,293167145,166615632645,266012.82,0
2029-05-22,5.9564,5.9564,5.9564,5.9564,61360000,0.00%,231807145,166615632645,365484.7,0
2029-05-23,5.9564,5.9564,5.9564,5.9564,44740000,0.00%,187067145,166615632645,266489.34,0
2029-05-24,5.9564,5.9564,5.9564,5.9564,36640000,0.00%,150427145,166615632645,218242.5,0
2029-05-25,5.9564,5.9564,5.9564,5.9564,38280000,0.00%,112147145,166615632645,228010.99,0
2029-05-28,5.9564,5.9564,5.9564,5.9564,64260000,0.00%,47887145,166615632645,382758.26,0
2029-05-29,5.9564,5.9564,5.9564,5.9564,33220000,0.00%,14667145,166615632645,197871.61,0
2029-05-30,5.9564,5.9624,5.9624,5.9564,54760000,0.10%,335085203,166990810703,326501.02,375178058
2029-05-31,5.9624,5.9624,5.9624,5.9624,44020000,0.00%,291065203,166990810703,262464.85,0
2029-06-01,5.9624,5.9624,5.9624,5.9624,80080000,0.00%,210985203,166990810703,477468.99,0
2029-06-04,5.9624,5.9624,5.9624,5.9624,56260000,0.00%,154725203,166990810703,335444.62,0
2029-06-05,5.9624,5.9624,5.9624,5.9624,36080000,0.00%,118645203,166990810703,215123.39,0
2029-06-06,5.9624,5.9624,5.9624,5.9624,40420000,0.00%,78225203,166990810703,241000.21,0
2029-06-07,5.9624,5.9624,5.9624,5.9624,37780000,0.00%,40445203,166990810703,225259.47,0
2029-06-08,5.9624,5.9683,5.9683,5.9624,50500000,0.10%,367078173,167367943673,301399.15,377132969
2029-06-12,5.9683,5.9683,5.9683,5.9683,53000000,0.00%,314078173,167367943673,316319.9,0
2029-06-13,5.9683,5.9683,5.9683,5.9683,29920000,0.00%,284158173,167367943673,178571.54,0
2029-06-14,5.9683,5.9683,5.9683,5.9683,30680000,0.00%,253478173,167367943673,183107.44,0
2029-06-15,5.9683,5.9683,5.9683,5.9683,41720000,0.00%,211758173,167367943673,248997.48,0
2029-06-18,5.9683,5.9683,5.9683,5.9683,30560000,0.00%,181198173,167367943673,182391.25,0
2029-06-19,5.9683,5.9683,5.9683,5.9683,28560000,0.00%,152638173,167367943673,170454.65,0
2029-06-20,5.9683,5.9683,5.9683,5.9683,44620000,0.00%,108018173,167367943673,266305.55,0
2029-06-21,5.9683,5.9683,5.9683,5.9683,28100000,0.00%,79918173,167367943673,167709.23,0
2029-06-22,5.9683,5.9683,5.9683,5.9683,51720000,0.00%,28198173,167367943673,308680.48,0
2029-06-25,5.9683,5.9683,5.9683,5.9683,25840000,0.00%,2358173,167367943673,154220.87,0
2029-06-26,5.9683,5.9743,5.9743,5.9683,25580000,0.10%,348315807,167739481307,152822.59,371537634
2029-06-27,5.9743,5.9743,5.9743,5.9743,23780000,0.00%,324535807,167739481307,142068.85,0
2029-06-28,5.9743,5.9743,5.9743,5.9743,35020000,0.00%,289515807,167739481307,209219.99,0
2029-06-29,5.9743,5.9743,5.9743,5.9743,31120000,0.00%,258395807,167739481307,185920.22,0
2029-07-03,5.9743,5.9743,5.9743,5.9743,54540000,0.00%,203855807,167739481307,325838.32,0
2029-07-04,5.9743,5.9743,5.9743,5.9743,44520000,0.00%,159335807,167739481307,265975.84,0
2029-07-05,5.9743,5.9743,5.9743,5.9743,30880000,0.00%,128455807,167739481307,184486.38,0
2029-07-06,5.9743,5.9743,5.9743,5.9743,21040000,0.00%,107415807,167739481307,125699.27,0
2029-07-09,5.9743,5.9743,5.9743,5.9743,23240000,0.00%,84175807,167739481307,138842.73,0
2029-07-10,5.9743,5.9743,5.9743,5.9743,26040000,0.00%,58135807,167739481307,155570.77,0
2029-07-11,5.9743,5.9743,5.9743,5.9743,31180000,0.00%,26955807,167739481307,186278.67,0
2029-07-12,5.9743,5.9803,5.9803,5.9743,33180000,0.10%,365249199,168110954699,198426.35,371473391
2029-07-13,5.9803,5.9803,5.9803,5.9803,55040000,0.00%,310209199,168110954699,329155.71,0
2029-07-16,5.9803,5.9803,5.9803,5.9803,27360000,0.00%,282849199,168110954699,163621.01,0
2029-07-17,5.9803,5.9803,5.9803,5.9803,38120000,0.00%,244729199,168110954699,227969.04,0
2029-07-18,5.9803,5.9803,5.9803,5.9803,51720000,0.00%,193009199,168110954699,309301.12,0
2029-07-19,5.9803,5.9803,5.9803,5.9803,37880000,0.00%,155129199,168110954699,226533.76,0
2029-07-20,5.9803,5.9803,5.9803,5.9803,46180000,0.00%,108949199,168110954699,276170.25,0
2029-07-23,5.9803,5.9803,5.9803,5.9803,33920000,0.00%,75029199,168110954699,202851.78,0
2029-07-24,5.9803,5.9803,5.9803,5.9803,24200000,0.00%,50829199,168110954699,144723.26,0
2029-07-25,5.9803,5.9803,5.9803,5.9803,23600000,0.00%,27229199,168110954699,141135.08,0
2029-07-26,5.9803,5.9862,5.9862,5.9803,51580000,0.10%,350503295,168485808795,308768.2,374854095
2029-07-27,5.9862,5.9862,5.9862,5.9862,26540000,0.00%,323963295,168485808795,158873.75,0
2029-07-30,5.9862,5.9862,5.9862,5.9862,25740000,0.00%,298223295,168485808795,154084.79,0
2029-07-31,5.9862,5.9862,5.9862,5.9862,19500000,0.00%,278723295,168485808795,116730.9,0
2029-08-01,5.9862,5.9862,5.9862,5.9862,40600000,0.00%,238123295,168485808795,243039.72,0
2029-08-02,5.9862,5.9862,5.9862,5.9862,24820000,0.00%,213303295,168485808795,148577.48,0
2029-08-03,5.9862,5.9862,5.9862,5.9862,35420000,0.00%,177883295,168485808795,212031.2,0
2029-08-06,5.9862,5.9862,5.9862,5.9862,45920000,0.00%,131963295,168485808795,274886.3,0
2029-08-07,5.9862,5.9862,5.9862,5.9862,35340000,0.00%,96623295,168485808795,211552.31,0
2029-08-08,5.9862,5.9862,5.9862,5.9862,31680000,0.00%,64943295,168485808795,189642.82,0
2029-08-09,5.9862,5.9862,5.9862,5.9862,37620000,0.00%,27323295,168485808795,225200.84,0
2029-08-10,5.9862,5.9922,5.9922,5.9862,32700000,0.10%,368487737,168859673237,195944.94,373864441
2029-08-13,5.9922,5.9922,5.9922,5.9922,20440000,0.00%,348047737,168859673237,122480.57,0
2029-08-14,5.9922,5.9922,5.9922,5.9922,27180000,0.00%,320867737,168859673237,162868.0,0
2029-08-15,5.9922,5.9922,5.9922,5.9922,37380000,0.00%,283487737,168859673237,223988.44,0
2029-08-16,5.9922,5.9922,5.9922,5.9922,42880000,0.00%,240607737,168859673237,256945.54,0
2029-08-17,5.9922,5.9922,5.9922,5.9922,32820000,0.00%,207787737,168859673237,196664.0,0
2029-08-20,5.9922,5.9922,5.9922,5.9922,30420000,0.00%,177367737,168859673237,182282.72,0
2029-08-21,5.9922,5.9922,5.9922,5.9922,23700000,0.00%,153667737,168859673237,142015.14,0
2029-08-22,5.9922,5.9922,5.9922,5.9922,23300000,0.00%,130367737,168859673237,139618.26,0
2029-08-23,5.9922,5.9922,5.9922,5.9922,33580000,0.00%,96787737,168859673237,201218.08,0
2029-08-24,5.9922,5.9922,5.9922,5.9922,26120000,0.00%,70667737,168859673237,156516.26,0
2029-08-27,5.9922,5.9922,5.9922,5.9922,32500000,0.00%,38167737,168859673237,194746.5,0
2029-08-28,5.9922,5.9922,5.9922,5.9922,27360000,0.00%,10807737,168859673237,163946.59,0
2029-08-29,5.9922,5.9982,5.9982,5.9922,29200000,0.10%,352040936,169230106436,175147.44,370433199
2029-08-30,5.9982,5.9982,5.9982,5.9982,25780000,0.00%,326260936,169230106436,154633.6,0
2029-08-31,5.9982,5.9982,5.9982,5.9982,61740000,0.00%,264520936,169230106436,370328.87,0
2029-09-03,5.9982,5.9982,5.9982,5.9982,27760000,0.00%,236760936,169230106436,166510.03,0
2029-09-04,5.9982,5.9982,5.9982,5.9982,19620000,0.00%,217140936,169230106436,117684.68,0
2029-09-05,5.9982,5.9982,5.9982,5.9982,26560000,0.00%,190580936,169230106436,159312.19,0
2029-09-06,5.9982,5.9982,5.9982,5.9982,19160000,0.00%,171420936,169230106436,114925.51,0
2029-09-10,5.9982,5.9982,5.9982,5.9982,40160000,0.00%,131260936,169230106436,240887.71,0
2029-09-11,5.9982,5.9982,5.9982,5.9982,24600000,0.00%,106660936,169230106436,147555.72,0
2029-09-12,5.9982,5.9982,5.9982,5.9982,24080000,0.00%,82580936,169230106436,144436.66,0
2029-09-13,5.9982,5.9982,5.9982,5.9982,27600000,0.00%,54980936,169230106436,165550.32,0
2029-09-14,5.9982,5.9982,5.9982,5.9982,22020000,0.00%,32960936,169230106436,132080.36,0
2029-09-17,5.9982,5.9982,5.9982,5.9982,15380000,0.00%,17580936,169230106436,92252.32,0
2029-09-18,5.9982,6.0042,6.0042,5.9982,20300000,0.10%,364639456,169597464956,121885.26,367358519
2029-09-20,6.0042,6.0042,6.0042,6.0042,51600000,0.00%,313039456,169597464956,309816.72,0
2029-09-21,6.0042,6.0042,6.0042,6.0042,56820000,0.00%,256219456,169597464956,341158.64,0
2029-09-24,6.0042,6.0042,6.0042,6.0042,30440000,0.00%,225779456,169597464956,182767.85,0
2029-09-25,6.0042,6.0042,6.0042,6.0042,85840000,0.00%,139939456,169597464956,515400.53,0
2029-09-26,6.0042,6.0042,6.0042,6.0042,80220000,0.00%,59719456,169597464956,481656.92,0
2029-09-27,6.0042,6.0102,6.0102,6.0042,100500000,0.10%,334999528,169973245028,604025.1,375780071
2029-09-28,6.0102,6.0102,6.0102,6.0102,114300000,0.00%,220699528,169973245028,686965.86,0
2029-10-01,6.0102,6.0102,6.0102,6.0102,150920000,0.00%,69779528,169973245028,907059.38,0
2029-10-03,6.0102,6.0162,6.0162,6.0102,97540000,0.10%,357785990,170358791490,586820.15,385546461
2029-10-04,6.0162,6.0162,6.0162,6.0162,63200000,0.00%,294585990,170358791490,380223.84,0
2029-10-05,6.0162,6.0162,6.0162,6.0162,49320000,0.00%,245265990,170358791490,296718.98,0
2029-10-08,6.0162,6.0162,6.0162,6.0162,50660000,0.00%,194605990,170358791490,304780.69,0
2029-10-09,6.0162,6.0162,6.0162,6.0162,140940000,0.00%,53665990,170358791490,847923.23,0
2029-10-10,6.0162,6.0222,6.0222,6.0162,92740000,0.10%,353003078,170750868578,558498.83,392077088
2029-10-11,6.0222,6.0222,6.0222,6.0222,66220000,0.00%,286783078,170750868578,398790.08,0
2029-10-15,6.0222,6.0222,6.0222,6.0222,60640000,0.00%,226143078,170750868578,365186.21,0
2029-10-16,6.0222,6.0222,6.0222,6.0222,66959999,0.00%,159183078,170750868578,403246.51,0
2029-10-17,6.0222,6.0222,6.0222,6.0222,44980000,0.00%,114203078,170750868578,270878.56,0
2029-10-18,6.0222,6.0222,6.0222,6.0222,32960000,0.00%,81243078,170750868578,198491.71,0
2029-10-19,6.0222,6.0222,6.0222,6.0222,51920000,0.00%,29323078,170750868578,312672.62,0
2029-10-22,6.0222,6.0283,6.0283,6.0222,32659999,0.10%,392126389,171146331889,196884.28,395463311
2029-10-23,6.0283,6.0283,6.0283,6.0283,22060000,0.00%,370066389,171146331889,132984.3,0
2029-10-24,6.0283,6.0283,6.0283,6.0283,29320000,0.00%,340746389,171146331889,176749.76,0
2029-10-25,6.0283,6.0283,6.0283,6.0283,22400000,0.00%,318346389,171146331889,135033.92,0
2029-10-26,6.0283,6.0283,6.0283,6.0283,23900000,0.00%,294446389,171146331889,144076.37,0
2029-10-29,6.0283,6.0283,6.0283,6.0283,31100000,0.00%,263346389,171146331889,187480.13,0
2029-10-30,6.0283,6.0283,6.0283,6.0283,27600000,0.00%,235746389,171146331889,166381.08,0
2029-10-31,6.0283,6.0283,6.0283,6.0283,35800000,0.00%,199946389,171146331889,215813.14,0
2029-11-01,6.0283,6.0283,6.0283,6.0283,45500000,0.00%,154446389,171146331889,274287.65,0
2029-11-02,6.0283,6.0283,6.0283,6.0283,42180000,0.00%,112266389,171146331889,254273.69,0
2029-11-05,6.0283,6.0283,6.0283,6.0283,23420000,0.00%,88846389,171146331889,141182.79,0
2029-11-06,6.0283,6.0283,6.0283,6.0283,30540000,0.00%,58306389,171146331889,184104.28,0
2029-11-07,6.0283,6.0283,6.0283,6.0283,41520000,0.00%,16786389,171146331889,250295.02,0
2029-11-08,6.0283,6.0343,6.0343,6.0283,39840000,0.10%,373563488,171542948988,240406.51,396617099
2029-11-09,6.0343,6.0343,6.0343,6.0343,38780000,0.00%,334783488,171542948988,234010.15,0
2029-11-12,6.0343,6.0343,6.0343,6.0343,45720000,0.00%,289063488,171542948988,275888.2,0
2029-11-13,6.0343,6.0343,6.0343,6.0343,54600000,0.00%,234463488,171542948988,329472.78,0
2029-11-14,6.0343,6.0343,6.0343,6.0343,56620000,0.00%,177843488,171542948988,341662.07,0
2029-11-15,6.0343,6.0343,6.0343,6.0343,69800000,0.00%,108043488,171542948988,421194.14,0
2029-11-16,6.0343,6.0343,6.0343,6.0343,58120000,0.00%,49923488,171542948988,350713.52,0
2029-11-19,6.0343,6.0343,6.0343,6.0343,40980000,0.00%,8943488,171542948988,247285.61,0
2029-11-20,6.0343,6.0403,6.0403,6.0343,27760000,0.10%,381739582,171943505082,167678.73,400556094
2029-11-21,6.0403,6.0403,6.0403,6.0403,30020000,0.00%,351719582,171943505082,181329.81,0
2029-11-22,6.0403,6.0403,6.0403,6.0403,25000000,0.00%,326719582,171943505082,151007.5,0
2029-11-23,6.0403,6.0403,6.0403,6.0403,33900000,0.00%,292819582,171943505082,204766.17,0
2029-11-26,6.0403,6.0403,6.0403,6.0403,55780000,0.00%,237039582,171943505082,336927.93,0
2029-11-27,6.0403,6.0403,6.0403,6.0403,33880000,0.00%,203159582,171943505082,204645.36,0
2029-11-28,6.0403,6.0403,6.0403,6.0403,33380000,0.00%,169779582,171943505082,201625.21,0
2029-11-29,6.0403,6.0403,6.0403,6.0403,26140000,0.00%,143639582,171943505082,157893.44,0
2029-11-30,6.0403,6.0403,6.0403,6.0403,31260000,0.00%,112379582,171943505082,188819.78,0
2029-12-03,6.0403,6.0403,6.0403,6.0403,26660000,0.00%,85719582,171943505082,161034.4,0
2029-12-04,6.0403,6.0403,6.0403,6.0403,36720000,0.00%,48999582,171943505082,221799.82,0
2029-12-05,6.0403,6.0403,6.0403,6.0403,28100000,0.00%,20899582,171943505082,169732.43,0
2029-12-06,6.0403,6.0464,6.0464,6.0403,26620000,0.10%,394228004,172343453504,160955.17,399948421
2029-12-07,6.0464,6.0464,6.0464,6.0464,55420000,0.00%,338808004,172343453504,335091.49,0
2029-12-10,6.0464,6.0464,6.0464,6.0464,44920000,0.00%,293888004,172343453504,271604.29,0
2029-12-11,6.0464,6.0464,6.0464,6.0464,60560000,0.00%,233328004,172343453504,366169.98,0
2029-12-12,6.0464,6.0464,6.0464,6.0464,26200000,0.00%,207128004,172343453504,158415.68,0
2029-12-13,6.0464,6.0464,6.0464,6.0464,46820000,0.00%,160308004,172343453504,283092.45,0
2029-12-14,6.0464,6.0464,6.0464,6.0464,32600000,0.00%,127708004,172343453504,197112.64,0
2029-12-17,6.0464,6.0464,6.0464,6.0464,28120000,0.00%,99588004,172343453504,170024.77,0
2029-12-18,6.0464,6.0464,6.0464,6.0464,33560000,0.00%,66028004,172343453504,202917.18,0
2029-12-19,6.0464,6.0464,6.0464,6.0464,29820000,0.00%,36208004,172343453504,180303.65,0
2029-12-20,6.0464,6.0524,6.0524,6.0464,69340000,0.10%,371580315,172748165815,419673.42,404712311
2029-12-21,6.0524,6.0524,6.0524,6.0524,89660000,0.00%,281920315,172748165815,542658.18,0
2029-12-24,6.0524,6.0524,6.0524,6.0524,41720000,0.00%,240200315,172748165815,252506.13,0
2029-12-25,6.0524,6.0524,6.0524,6.0524,15740000,0.00%,224460315,172748165815,95264.78,0
2029-12-28,6.0524,6.0524,6.0524,6.0524,27100000,0.00%,197360315,172748165815,164020.04,0
2029-12-31,6.0524,6.0524,6.0524,6.0524,27040000,0.00%,170320315,172748165815,163656.9,0
2030-01-01,6.0524,6.0524,6.0524,6.0524,22283499,0.00%,148036815,172748165815,134868.66,0
2030-01-03,6.0524,6.0524,6.0524,6.0524,42496500,0.00%,105540315,172748165815,257205.82,0
2030-01-04,6.0524,6.0524,6.0524,6.0524,34522000,0.00%,71018315,172748165815,208940.95,0
2030-01-07,6.0524,6.0524,6.0524,6.0524,34583500,0.00%,36434815,172748165815,209313.18,0
2030-01-08,6.0524,6.0585,6.0585,6.0524,292986000,0.10%,161430476,173166147476,1775055.68,417981660
2030-01-09,6.0585,6.0645,6.0645,6.0585,195692999,0.10%,390156850,173590566850,1186780.2,424419374
2030-01-10,6.0645,6.0645,6.0645,6.0645,124188999,0.00%,265967850,173590566850,753144.19,0
2030-01-11,6.0645,6.0645,6.0645,6.0645,75952500,0.00%,190015350,173590566850,460613.94,0
2030-01-14,6.0645,6.0645,6.0645,6.0645,71319500,0.00%,118695850,173590566850,432517.11,0
2030-01-15,6.0645,6.0645,6.0645,6.0645,83271000,0.00%,35424850,173590566850,504996.98,0
2030-01-16,6.0645,6.0706,6.0706,6.0645,59777999,0.10%,408777967,174023697967,362888.33,433131116
2030-01-17,6.0706,6.0706,6.0706,6.0706,53586999,0.00%,355190967,174023697967,325305.24,0
2030-01-18,6.0706,6.0706,6.0706,6.0706,35137000,0.00%,320053967,174023697967,213302.67,0
2030-01-21,6.0706,6.0706,6.0706,6.0706,63836999,0.00%,256216967,174023697967,387528.89,0
2030-01-22,6.0706,6.0706,6.0706,6.0706,51762499,0.00%,204454467,174023697967,314229.43,0
2030-01-23,6.0706,6.0706,6.0706,6.0706,36613000,0.00%,167841467,174023697967,222262.88,0
2030-01-24,6.0706,6.0706,6.0706,6.0706,43582999,0.00%,124258467,174023697967,264574.96,0
2030-01-25,6.0706,6.0706,6.0706,6.0706,49363999,0.00%,74894467,174023697967,299669.1,0
2030-01-28,6.0706,6.0706,6.0706,6.0706,48400499,0.00%,26493967,174023697967,293820.08,0
2030-01-29,6.0706,6.0767,6.0767,6.0706,29109999,0.10%,435697820,174462011820,176892.74,438313853
2030-02-04,6.0767,6.0767,6.0767,6.0767,57235999,0.00%,378461820,174462011820,347806.0,0
2030-02-05,6.0767,6.0767,6.0767,6.0767,64123999,0.00%,314337820,174462011820,389662.31,0
2030-02-06,6.0767,6.0767,6.0767,6.0767,65866500,0.00%,248471320,174462011820,400250.96,0
2030-02-07,6.0767,6.0767,6.0767,6.0767,40159500,0.00%,208311820,174462011820,244037.23,0
2030-02-08,6.0767,6.0767,6.0767,6.0767,70868500,0.00%,137443320,174462011820,430646.61,0
2030-02-11,6.0767,6.0767,6.0767,6.0767,64390499,0.00%,73052820,174462011820,391281.75,0
2030-02-12,6.0767,6.0767,6.0767,6.0767,63324499,0.00%,9728320,174462011820,384803.99,0
2030-02-13,6.0767,6.0827,6.0827,6.0767,78433000,0.10%,376301436,174907017936,477084.41,445006115
2030-02-14,6.0827,6.0827,6.0827,6.0827,125029499,0.00%,251271936,174907017936,760516.94,0
2030-02-15,6.0827,6.0827,6.0827,6.0827,152766000,0.00%,98505936,174907017936,929229.75,0
2030-02-18,6.0827,6.0888,6.0888,6.0827,258750999,0.10%,299378403,175366641403,1575483.09,459623467
2030-02-19,6.0888,6.0888,6.0888,6.0888,128186499,0.00%,171191903,175366641403,780501.96,0
2030-02-20,6.0888,6.0888,6.0888,6.0888,69966500,0.00%,101225403,175366641403,426012.03,0
2030-02-21,6.0888,6.0888,6.0888,6.0888,70827500,0.00%,30397903,175366641403,431254.48,0
2030-02-22,6.0888,6.0949,6.0949,6.0888,150777500,0.10%,349539675,175836560675,918973.78,469919271
2030-02-25,6.0949,6.0949,6.0949,6.0949,138457000,0.00%,211082675,175836560675,843881.57,0
2030-02-26,6.0949,6.0949,6.0949,6.0949,115845499,0.00%,95237175,175836560675,706066.74,0
2030-02-27,6.0949,6.0949,6.0949,6.0949,83004500,0.00%,12232675,175836560675,505904.13,0
2030-02-28,6.0949,6.101,6.101,6.0949,79745000,0.10%,410960233,176315033233,486524.24,478472557
2030-03-01,6.101,6.101,6.101,6.101,106927999,0.00%,304032233,176315033233,652367.73,0
2030-03-04,6.101,6.101,6.101,6.101,67137500,0.00%,236894733,176315033233,409605.89,0
2030-03-05,6.101,6.101,6.101,6.101,63795999,0.00%,173098733,176315033233,389219.4,0
2030-03-06,6.101,6.101,6.101,6.101,72098500,0.00%,101000233,176315033233,439872.95,0
2030-03-07,6.101,6.1071,6.1071,6.101,163344000,0.10%,426811699,176804188699,997558.14,489155465
2030-03-08,6.1071,6.1071,6.1071,6.1071,95304499,0.00%,331507199,176804188699,582034.11,0
2030-03-11,6.1071,6.1071,6.1071,6.1071,70561000,0.00%,260946199,176804188699,430923.08,0
2030-03-12,6.1071,6.1071,6.1071,6.1071,69392500,0.00%,191553699,176804188699,423786.94,0
2030-03-13,6.1071,6.1071,6.1071,6.1071,57461499,0.00%,134092199,176804188699,350923.13,0
2030-03-14,6.1071,6.1071,6.1071,6.1071,56026499,0.00%,78065699,176804188699,342159.44,0
2030-03-15,6.1071,6.1071,6.1071,6.1071,62955499,0.00%,15110199,176804188699,384475.53,0
2030-03-18,6.1071,6.1132,6.1132,6.1071,45304999,0.10%,466875853,177301259353,276958.53,497070653
2030-03-19,6.1132,6.1132,6.1132,6.1132,68962000,0.00%,397913853,177301259353,421578.5,0
2030-03-20,6.1132,6.1132,6.1132,6.1132,64779999,0.00%,333133853,177301259353,396013.1,0
2030-03-21,6.1132,6.1132,6.1132,6.1132,102192499,0.00%,230941353,177301259353,624723.19,0
2030-03-22,6.1132,6.1132,6.1132,6.1132,86632999,0.00%,144308353,177301259353,529604.86,0
2030-03-25,6.1132,6.1132,6.1132,6.1132,50429999,0.00%,93878353,177301259353,308288.68,0
2030-03-26,6.1132,6.1132,6.1132,6.1132,56866999,0.00%,37011353,177301259353,347639.34,0
2030-03-27,6.1132,6.1132,6.1132,6.1132,35485500,0.00%,1525853,177301259353,216929.96,0
2030-03-28,6.1132,6.1193,6.1193,6.1132,36080000,0.10%,456196463,177792009963,220784.34,490750610
2030-03-29,6.1193,6.1193,6.1193,6.1193,38109500,0.00%,418086963,177792009963,233203.46,0
2030-04-01,6.1193,6.1193,6.1193,6.1193,57481999,0.00%,360604963,177792009963,351749.6,0
2030-04-02,6.1193,6.1193,6.1193,6.1193,40016000,0.00%,320588963,177792009963,244869.91,0
2030-04-03,6.1193,6.1193,6.1193,6.1193,29212499,0.00%,291376463,177792009963,178760.05,0
2030-04-04,6.1193,6.1193,6.1193,6.1193,59900999,0.00%,231475463,177792009963,366552.19,0
2030-04-08,6.1193,6.1254,6.1254,6.1193,252887999,0.10%,478129898,178291552398,1549040.16,499542435
2030-04-09,6.1254,6.1254,6.1254,6.1254,133496000,0.00%,344633898,178291552398,817716.4,0
2030-04-10,6.1254,6.1254,6.1254,6.1254,136284000,0.00%,208349898,178291552398,834794.01,0
2030-04-11,6.1254,6.1254,6.1254,6.1254,118489999,0.00%,89859898,178291552398,725798.65,0
2030-04-12,6.1254,6.1316,6.1316,6.1254,95509499,0.10%,502498426,178799700426,585626.05,508148028
2030-04-15,6.1316,6.1316,6.1316,6.1316,62217499,0.00%,440280926,178799700426,381492.82,0
2030-04-16,6.1316,6.1316,6.1316,6.1316,41512500,0.00%,398768426,178799700426,254538.05,0
2030-04-17,6.1316,6.1316,6.1316,6.1316,56005999,0.00%,342762426,178799700426,343406.39,0
2030-04-18,6.1316,6.1316,6.1316,6.1316,50183999,0.00%,292578426,178799700426,307708.21,0
2030-04-23,6.1316,6.1316,6.1316,6.1316,49281999,0.00%,243296426,178799700426,302177.51,0
2030-04-24,6.1316,6.1316,6.1316,6.1316,55349999,0.00%,187946426,178799700426,339384.06,0
2030-04-25,6.1316,6.1316,6.1316,6.1316,38765500,0.00%,149180926,178799700426,237694.54,0
2030-04-26,6.1316,6.1316,6.1316,6.1316,58937499,0.00%,90243426,178799700426,361381.17,0
2030-04-29,6.1316,6.1316,6.1316,6.1316,28310499,0.00%,61932926,178799700426,173588.66,0
2030-04-30,6.1316,6.1316,6.1316,6.1316,33558500,0.00%,28374426,178799700426,205767.3,0
2030-05-01,6.1316,6.1377,6.1377,6.1316,31385499,0.10%,502539294,179305250794,192634.78,505550367
2030-05-03,6.1377,6.1377,6.1377,6.1377,27141999,0.00%,475397294,179305250794,166589.45,0
2030-05-07,6.1377,6.1377,6.1377,6.1377,40610500,0.00%,434786794,179305250794,249255.07,0
2030-05-08,6.1377,6.1377,6.1377,6.1377,52520999,0.00%,382265794,179305250794,322358.14,0
2030-05-09,6.1377,6.1377,6.1377,6.1377,40631000,0.00%,341634794,179305250794,249380.89,0
2030-05-10,6.1377,6.1377,6.1377,6.1377,28248999,0.00%,313385794,179305250794,173383.89,0
2030-05-13,6.1377,6.1377,6.1377,6.1377,73492500,0.00%,239893294,179305250794,451074.92,0
2030-05-14,6.1377,6.1377,6.1377,6.1377,47395999,0.00%,192497294,179305250794,290902.43,0
2030-05-15,6.1377,6.1377,6.1377,6.1377,49794499,0.00%,142702794,179305250794,305623.7,0
2030-05-16,6.1377,6.1377,6.1377,6.1377,67239999,0.00%,75462794,179305250794,412698.95,0
2030-05-17,6.1377,6.1377,6.1377,6.1377,43726499,0.00%,31736294,179305250794,268380.14,0
2030-05-20,6.1377,6.1438,6.1438,6.1377,46042999,0.10%,495776211,179815333711,282878.98,510082916
2030-05-21,6.1438,6.1438,6.1438,6.1438,32369499,0.00%,463406711,179815333711,198871.73,0
2030-05-22,6.1438,6.1438,6.1438,6.1438,38786000,0.00%,424620711,179815333711,238293.43,0
2030-05-23,6.1438,6.1438,6.1438,6.1438,29273999,0.00%,395346711,179815333711,179853.6,0
2030-05-24,6.1438,6.1438,6.1438,6.1438,33333000,0.00%,362013711,179815333711,204791.29,0
2030-05-27,6.1438,6.1438,6.1438,6.1438,35444500,0.00%,326569211,179815333711,217763.92,0
2030-05-28,6.1438,6.1438,6.1438,6.1438,30729499,0.00%,295839711,179815333711,188795.9,0
2030-05-29,6.1438,6.1438,6.1438,6.1438,34460500,0.00%,261379211,179815333711,211718.42,0
2030-05-30,6.1438,6.1438,6.1438,6.1438,39708500,0.00%,221670711,179815333711,243961.08,0
2030-05-31,6.1438,6.1438,6.1438,6.1438,57973999,0.00%,163696711,179815333711,356180.66,0
2030-06-03,6.1438,6.1438,6.1438,6.1438,26834499,0.00%,136862211,179815333711,164865.8,0
2030-06-04,6.1438,6.1438,6.1438,6.1438,29950499,0.00%,106911711,179815333711,184009.88,0
2030-06-05,6.1438,6.1438,6.1438,6.1438,37679000,0.00%,69232711,179815333711,231492.24,0
2030-06-06,6.1438,6.1438,6.1438,6.1438,39626500,0.00%,29606211,179815333711,243457.29,0
2030-06-07,6.1438,6.1438,6.1438,6.1438,26936999,0.00%,2669211,179815333711,165495.54,0
2030-06-10,6.1438,6.15,6.15,6.1438,37884000,0.10%,471711210,180322259710,232986.6,506925999
2030-06-11,6.15,6.15,6.15,6.15,34932000,0.00%,436779210,180322259710,214831.8,0
2030-06-12,6.15,6.15,6.15,6.15,30298999,0.00%,406480210,180322259710,186338.85,0
2030-06-13,6.15,6.15,6.15,6.15,27408499,0.00%,379071710,180322259710,168562.27,0
2030-06-14,6.15,6.15,6.15,6.15,39134500,0.00%,339937210,180322259710,240677.18,0
2030-06-17,6.15,6.15,6.15,6.15,28248999,0.00%,311688210,180322259710,173731.35,0
2030-06-18,6.15,6.15,6.15,6.15,23615999,0.00%,288072210,180322259710,145238.4,0
2030-06-19,6.15,6.15,6.15,6.15,31139499,0.00%,256932710,180322259710,191507.93,0
2030-06-20,6.15,6.15,6.15,6.15,39749500,0.00%,217183210,180322259710,244459.43,0
2030-06-21,6.15,6.15,6.15,6.15,42271000,0.00%,174912210,180322259710,259966.65,0
2030-06-24,6.15,6.15,6.15,6.15,29212499,0.00%,145699710,180322259710,179656.88,0
2030-06-25,6.15,6.15,6.15,6.15,36428500,0.00%,109271210,180322259710,224035.27,0
2030-06-26,6.15,6.15,6.15,6.15,36059500,0.00%,73211710,180322259710,221765.93,0
2030-06-27,6.15,6.15,6.15,6.15,30749999,0.00%,42461710,180322259710,189112.5,0
2030-06-28,6.15,6.15,6.15,6.15,31118999,0.00%,11342710,180322259710,191381.85,0
2030-07-01,6.15,6.1561,6.1561,6.15,37843000,0.10%,472898946,180821658946,232965.29,499399235
2030-07-03,6.1561,6.1561,6.1561,6.1561,37310000,0.00%,435588946,180821658946,229684.09,0
2030-07-04,6.1561,6.1561,6.1561,6.1561,38868000,0.00%,396720946,180821658946,239275.29,0
2030-07-05,6.1561,6.1561,6.1561,6.1561,30052999,0.00%,366667946,180821658946,185009.27,0
2030-07-08,6.1561,6.1561,6.1561,6.1561,23841499,0.00%,342826446,180821658946,146770.66,0
2030-07-09,6.1561,6.1561,6.1561,6.1561,26998499,0.00%,315827946,180821658946,166205.47,0
2030-07-10,6.1561,6.1561,6.1561,6.1561,36531000,0.00%,279296946,180821658946,224888.49,0
2030-07-11,6.1561,6.1561,6.1561,6.1561,28761499,0.00%,250535446,180821658946,177058.67,0
2030-07-12,6.1561,6.1561,6.1561,6.1561,39421500,0.00%,211113946,180821658946,242682.7,0
2030-07-15,6.1561,6.1561,6.1561,6.1561,23984999,0.00%,187128946,180821658946,147654.06,0
2030-07-16,6.1561,6.1561,6.1561,6.1561,56272499,0.00%,130856446,180821658946,346419.14,0
2030-07-17,6.1561,6.1561,6.1561,6.1561,47662499,0.00%,83193946,180821658946,293415.12,0
2030-07-18,6.1561,6.1561,6.1561,6.1561,28166999,0.00%,55026946,180821658946,173398.87,0
2030-07-19,6.1561,6.1561,6.1561,6.1561,28248999,0.00%,26777946,180821658946,173903.67,0
2030-07-22,6.1561,6.1623,6.1623,6.1561,27203499,0.10%,490764660,181312849160,167636.13,491190214
2030-07-23,6.1623,6.1623,6.1623,6.1623,36080000,0.00%,454684660,181312849160,222335.78,0
2030-07-24,6.1623,6.1623,6.1623,6.1623,95816999,0.00%,358867660,181312849160,590453.1,0
2030-07-25,6.1623,6.1623,6.1623,6.1623,49568999,0.00%,309298660,181312849160,305459.05,0
2030-07-26,6.1623,6.1623,6.1623,6.1623,40774500,0.00%,268524160,181312849160,251264.7,0
2030-07-29,6.1623,6.1623,6.1623,6.1623,30052999,0.00%,238471160,181312849160,185195.6,0
2030-07-30,6.1623,6.1623,6.1623,6.1623,34542500,0.00%,203928660,181312849160,212861.25,0
2030-07-31,6.1623,6.1623,6.1623,6.1623,39688000,0.00%,164240660,181312849160,244569.36,0
2030-08-01,6.1623,6.1623,6.1623,6.1623,41922500,0.00%,122318160,181312849160,258339.02,0
2030-08-02,6.1623,6.1623,6.1623,6.1623,43459999,0.00%,78858160,181312849160,267813.56,0
2030-08-05,6.1623,6.1623,6.1623,6.1623,35547000,0.00%,43311160,181312849160,219051.28,0
2030-08-06,6.1623,6.1623,6.1623,6.1623,35567500,0.00%,7743660,181312849160,219177.61,0
2030-08-07,6.1623,6.1685,6.1685,6.1623,42517000,0.10%,455109784,181802732284,262266.11,489883123
2030-08-08,6.1685,6.1685,6.1685,6.1685,34727000,0.00%,420382784,181802732284,214213.5,0
2030-08-09,6.1685,6.1685,6.1685,6.1685,27285499,0.00%,393097284,181802732284,168310.61,0
2030-08-12,6.1685,6.1685,6.1685,6.1685,24169499,0.00%,368927784,181802732284,149089.56,0
2030-08-13,6.1685,6.1685,6.1685,6.1685,28351499,0.00%,340576284,181802732284,174886.23,0
2030-08-14,6.1685,6.1685,6.1685,6.1685,77080000,0.00%,263496284,181802732284,475467.98,0
2030-08-15,6.1685,6.1685,6.1685,6.1685,74497000,0.00%,188999284,181802732284,459534.74,0
2030-08-16,6.1685,6.1685,6.1685,6.1685,45468999,0.00%,143530284,181802732284,280475.53,0
2030-08-19,6.1685,6.1685,6.1685,6.1685,36059500,0.00%,107470784,181802732284,222433.03,0
2030-08-20,6.1685,6.1685,6.1685,6.1685,33537999,0.00%,73932784,181802732284,206879.15,0
2030-08-21,6.1685,6.1685,6.1685,6.1685,32697499,0.00%,41235284,181802732284,201694.53,0
2030-08-22,6.1685,6.1685,6.1685,6.1685,29294499,0.00%,11940784,181802732284,180703.12,0
2030-08-23,6.1685,6.1746,6.1746,6.1685,39729000,0.10%,458845627,182289366127,245310.68,486633843
2030-08-26,6.1746,6.1746,6.1746,6.1746,52664499,0.00%,406181127,182289366127,325182.22,0
2030-08-27,6.1746,6.1746,6.1746,6.1746,42353000,0.00%,363828127,182289366127,261512.83,0
2030-08-28,6.1746,6.1746,6.1746,6.1746,43582999,0.00%,320245127,182289366127,269107.59,0
2030-08-29,6.1746,6.1746,6.1746,6.1746,44505499,0.00%,275739627,182289366127,274803.66,0
2030-08-30,6.1746,6.1746,6.1746,6.1746,37371500,0.00%,238368127,182289366127,230754.06,0
2030-09-02,6.1746,6.1746,6.1746,6.1746,32717999,0.00%,205650127,182289366127,202020.56,0
2030-09-03,6.1746,6.1746,6.1746,6.1746,30360499,0.00%,175289627,182289366127,187463.94,0
2030-09-04,6.1746,6.1746,6.1746,6.1746,31815999,0.00%,143473627,182289366127,196451.07,0
2030-09-05,6.1746,6.1746,6.1746,6.1746,36900000,0.00%,106573627,182289366127,227842.74,0
2030-09-06,6.1746,6.1746,6.1746,6.1746,39052500,0.00%,67521127,182289366127,241133.57,0
2030-09-09,6.1746,6.1746,6.1746,6.1746,44730999,0.00%,22790127,182289366127,276196.03,0
2030-09-10,6.1746,6.1808,6.1808,6.1746,40733500,0.10%,469403073,182776712573,251765.62,487346446
2030-09-11,6.1808,6.1808,6.1808,6.1808,39339500,0.00%,430063573,182776712573,243149.58,0
2030-09-12,6.1808,6.1808,6.1808,6.1808,37289500,0.00%,392774073,182776712573,230478.94,0
2030-09-13,6.1808,6.1808,6.1808,6.1808,42599000,0.00%,350175073,182776712573,263295.9,0
2030-09-16,6.1808,6.1808,6.1808,6.1808,33558500,0.00%,316616573,182776712573,207418.38,0
2030-09-17,6.1808,6.1808,6.1808,6.1808,27346999,0.00%,289269573,182776712573,169026.34,0
2030-09-18,6.1808,6.1808,6.1808,6.1808,45817499,0.00%,243452073,182776712573,283188.8,0
2030-09-19,6.1808,6.1808,6.1808,6.1808,61479499,0.00%,181972573,182776712573,379992.49,0
2030-09-20,6.1808,6.1808,6.1808,6.1808,42660500,0.00%,139312073,182776712573,263676.02,0
2030-09-23,6.1808,6.1808,6.1808,6.1808,26444999,0.00%,112867073,182776712573,163451.26,0
2030-09-24,6.1808,6.1808,6.1808,6.1808,31344499,0.00%,81522573,182776712573,193734.09,0
2030-09-25,6.1808,6.1808,6.1808,6.1808,37802000,0.00%,43720573,182776712573,233646.6,0
2030-09-26,6.1808,6.1808,6.1808,6.1808,35629000,0.00%,8091573,182776712573,220215.72,0
2030-09-27,6.1808,6.187,6.187,6.1808,39975000,0.10%,458972335,183267568335,247325.33,490855761
2030-09-30,6.187,6.187,6.187,6.187,42004500,0.00%,416967835,183267568335,259881.84,0
2030-10-01,6.187,6.187,6.187,6.187,42250500,0.00%,374717335,183267568335,261403.84,0
2030-10-03,6.187,6.187,6.187,6.187,35137000,0.00%,339580335,183267568335,217392.62,0
2030-10-04,6.187,6.187,6.187,6.187,14616499,0.00%,324963835,183267568335,90432.29,0
2030-10-07,6.187,6.187,6.187,6.187,16051499,0.00%,308912335,183267568335,99310.63,0
2030-10-09,6.187,6.187,6.187,6.187,21606999,0.00%,287305335,183267568335,133682.51,0
2030-10-10,6.187,6.187,6.187,6.187,29622499,0.00%,257682835,183267568335,183274.41,0
2030-10-11,6.187,6.187,6.187,6.187,40795000,0.00%,216887835,183267568335,252398.67,0
2030-10-14,6.187,6.187,6.187,6.187,77920500,0.00%,138967335,183267568335,482094.13,0
2030-10-15,6.187,6.187,6.187,6.187,54939999,0.00%,84027335,183267568335,339913.78,0
2030-10-16,6.187,6.187,6.187,6.187,37679000,0.00%,46348335,183267568335,233119.97,0
2030-10-17,6.187,6.187,6.187,6.187,29294499,0.00%,17053835,183267568335,181245.07,0
2030-10-18,6.187,6.1932,6.1932,6.187,38232500,0.10%,470678019,183759425019,236781.52,491856684
2030-10-21,6.1932,6.1932,6.1932,6.1932,30667999,0.00%,440010019,183759425019,189933.06,0
2030-10-22,6.1932,6.1932,6.1932,6.1932,29048499,0.00%,410961519,183759425019,179903.17,0
2030-10-23,6.1932,6.1932,6.1932,6.1932,20459000,0.00%,390502519,183759425019,126706.68,0
2030-10-24,6.1932,6.1932,6.1932,6.1932,25460999,0.00%,365041519,183759425019,157685.07,0
2030-10-25,6.1932,6.1932,6.1932,6.1932,24599999,0.00%,340441519,183759425019,152352.72,0
2030-10-28,6.1932,6.1932,6.1932,6.1932,32881999,0.00%,307559519,183759425019,203644.8,0
2030-10-29,6.1932,6.1932,6.1932,6.1932,33414999,0.00%,274144519,183759425019,206945.78,0
2030-10-31,6.1932,6.1932,6.1932,6.1932,44628499,0.00%,229516019,183759425019,276393.23,0
2030-11-01,6.1932,6.1932,6.1932,6.1932,42189000,0.00%,187327019,183759425019,261284.91,0
2030-11-04,6.1932,6.1932,6.1932,6.1932,23759499,0.00%,163567519,183759425019,147147.34,0
2030-11-05,6.1932,6.1932,6.1932,6.1932,30688499,0.00%,132879019,183759425019,190060.02,0
2030-11-06,6.1932,6.1932,6.1932,6.1932,27285499,0.00%,105593519,183759425019,168984.56,0
2030-11-07,6.1932,6.1932,6.1932,6.1932,26813999,0.00%,78779519,183759425019,166064.46,0
2030-11-08,6.1932,6.1932,6.1932,6.1932,27285499,0.00%,51494019,183759425019,168984.56,0
2030-11-11,6.1932,6.1932,6.1932,6.1932,29745499,0.00%,21748519,183759425019,184219.83,0
2030-11-12,6.1932,6.1994,6.1994,6.1932,26834499,0.10%,485659916,184250170916,166357.8,490745896
2030-11-13,6.1994,6.1994,6.1994,6.1994,28002999,0.00%,457656916,184250170916,173601.8,0
2030-11-14,6.1994,6.1994,6.1994,6.1994,35465000,0.00%,422191916,184250170916,219861.72,0
2030-11-15,6.1994,6.1994,6.1994,6.1994,40918000,0.00%,381273916,184250170916,253667.05,0
2030-11-18,6.1994,6.1994,6.1994,6.1994,28269499,0.00%,353004416,184250170916,175253.94,0
2030-11-19,6.1994,6.1994,6.1994,6.1994,38581000,0.00%,314423416,184250170916,239179.05,0
2030-11-20,6.1994,6.1994,6.1994,6.1994,28617999,0.00%,285805416,184250170916,177414.43,0
2030-11-21,6.1994,6.1994,6.1994,6.1994,28740999,0.00%,257064416,184250170916,178176.96,0
2030-11-22,6.1994,6.1994,6.1994,6.1994,48646499,0.00%,208417916,184250170916,301579.11,0
2030-11-25,6.1994,6.1994,6.1994,6.1994,45878999,0.00%,162538916,184250170916,284422.27,0
2030-11-26,6.1994,6.1994,6.1994,6.1994,30503999,0.00%,132034916,184250170916,189106.5,0
2030-11-27,6.1994,6.1994,6.1994,6.1994,29581499,0.00%,102453416,184250170916,183387.55,0
2030-11-28,6.1994,6.1994,6.1994,6.1994,31754499,0.00%,70698916,184250170916,196858.85,0
2030-11-29,6.1994,6.1994,6.1994,6.1994,27100999,0.00%,43597916,184250170916,168009.94,0
2030-12-02,6.1994,6.1994,6.1994,6.1994,25911999,0.00%,17685916,184250170916,160638.85,0
2030-12-03,6.1994,6.2056,6.2056,6.1994,23492999,0.10%,486848636,184742826636,145788.16,492655720
2030-12-04,6.2056,6.2056,6.2056,6.2056,22549999,0.00%,464298636,184742826636,139936.28,0
2030-12-05,6.2056,6.2056,6.2056,6.2056,31426499,0.00%,432872136,184742826636,195020.29,0
2030-12-06,6.2056,6.2056,6.2056,6.2056,30011999,0.00%,402860136,184742826636,186242.47,0
2030-12-09,6.2056,6.2056,6.2056,6.2056,27510999,0.00%,375349136,184742826636,170722.26,0
2030-12-10,6.2056,6.2056,6.2056,6.2056,35731500,0.00%,339617636,184742826636,221735.4,0
2030-12-11,6.2056,6.2056,6.2056,6.2056,30237499,0.00%,309380136,184742826636,187641.83,0
2030-12-12,6.2056,6.2056,6.2056,6.2056,25583999,0.00%,283796136,184742826636,158764.07,0
2030-12-13,6.2056,6.2056,6.2056,6.2056,36551500,0.00%,247244636,184742826636,226823.99,0
2030-12-16,6.2056,6.2056,6.2056,6.2056,31098499,0.00%,216146136,184742826636,192984.85,0
2030-12-17,6.2056,6.2056,6.2056,6.2056,32779499,0.00%,183366636,184742826636,203416.47,0
2030-12-18,6.2056,6.2056,6.2056,6.2056,30380999,0.00%,152985636,184742826636,188532.33,0
2030-12-19,6.2056,6.2056,6.2056,6.2056,20807500,0.00%,132178136,184742826636,129123.02,0
2030-12-20,6.2056,6.2056,6.2056,6.2056,36428500,0.00%,95749636,184742826636,226060.7,0
2030-12-23,6.2056,6.2056,6.2056,6.2056,28433499,0.00%,67316136,184742826636,176446.93,0
2030-12-24,6.2056,6.2056,6.2056,6.2056,32020999,0.00%,35295136,184742826636,198709.52,0
2030-12-25,6.2056,6.2056,6.2056,6.2056,15005999,0.00%,20289136,184742826636,93121.23,0
2030-12-30,6.2056,6.2118,6.2118,6.2056,37925000,0.10%,452098503,185212561003,235582.52,469734367
2030-12-31,6.2118,6.2118,6.2118,6.2118,27838999,0.00%,424259503,185212561003,172930.3,0
2031-01-01,6.2118,6.2118,6.2118,6.2118,22764000,0.00%,401495503,185212561003,141405.42,0
2031-01-03,6.2118,6.2118,6.2118,6.2118,34020000,0.00%,367475503,185212561003,211325.44,0
2031-01-06,6.2118,6.2118,6.2118,6.2118,41895000,0.00%,325580503,185212561003,260243.36,0
2031-01-07,6.2118,6.2118,6.2118,6.2118,50757000,0.00%,274823503,185212561003,315292.33,0
2031-01-08,6.2118,6.2118,6.2118,6.2118,44898000,0.00%,229925503,185212561003,278897.4,0
2031-01-09,6.2118,6.2118,6.2118,6.2118,39354000,0.00%,190571503,185212561003,244459.18,0
2031-01-10,6.2118,6.2118,6.2118,6.2118,37401000,0.00%,153170503,185212561003,232327.53,0
2031-01-13,6.2118,6.2118,6.2118,6.2118,57813000,0.00%,95357503,185212561003,359122.79,0
2031-01-14,6.2118,6.2118,6.2118,6.2118,50841000,0.00%,44516503,185212561003,315814.12,0
2031-01-15,6.2118,6.218,6.218,6.2118,60228000,0.10%,455191425,185683463925,374497.7,470902921
2031-01-16,6.218,6.218,6.218,6.218,54999000,0.00%,400192425,185683463925,341983.78,0
2031-01-17,6.218,6.218,6.218,6.218,43302000,0.00%,356890425,185683463925,269251.84,0
2031-01-20,6.218,6.218,6.218,6.218,27783000,0.00%,329107425,185683463925,172754.69,0
2031-01-21,6.218,6.218,6.218,6.218,51093000,0.00%,278014425,185683463925,317696.27,0
2031-01-22,6.218,6.218,6.218,6.218,33600000,0.00%,244414425,185683463925,208924.8,0
2031-01-23,6.218,6.218,6.218,6.218,57057000,0.00%,187357425,185683463925,354780.43,0
2031-01-24,6.218,6.218,6.218,6.218,40278000,0.00%,147079425,185683463925,250448.6,0
2031-01-27,6.218,6.218,6.218,6.218,36624000,0.00%,110455425,185683463925,227728.03,0
2031-01-28,6.218,6.218,6.218,6.218,50169000,0.00%,60286425,185683463925,311950.84,0
2031-01-29,6.218,6.218,6.218,6.218,53718000,0.00%,6568425,185683463925,334018.52,0
2031-01-30,6.218,6.2242,6.2242,6.218,48195000,0.10%,433086353,186158176853,299975.32,474712928
2031-01-31,6.2242,6.2242,6.2242,6.2242,45108000,0.00%,387978353,186158176853,280761.21,0
2031-02-03,6.2242,6.2242,6.2242,6.2242,58653000,0.00%,329325353,186158176853,365068.0,0
2031-02-04,6.2242,6.2242,6.2242,6.2242,136773000,0.00%,192552353,186158176853,851302.51,0
2031-02-05,6.2242,6.2242,6.2242,6.2242,126777000,0.00%,65775353,186158176853,789085.4,0
2031-02-06,6.2242,6.2304,6.2304,6.2242,166551000,0.10%,382908092,186641860592,1037679.35,483683738
2031-02-07,6.2304,6.2304,6.2304,6.2304,74340000,0.00%,308568092,186641860592,463167.94,0
2031-02-10,6.2304,6.2304,6.2304,6.2304,55398000,0.00%,253170092,186641860592,345151.7,0
2031-02-11,6.2304,6.2304,6.2304,6.2304,61341000,0.00%,191829092,186641860592,382178.97,0
2031-02-12,6.2304,6.2304,6.2304,6.2304,49896000,0.00%,141933092,186641860592,310872.04,0
2031-02-13,6.2304,6.2304,6.2304,6.2304,83559000,0.00%,58374092,186641860592,520605.99,0
2031-02-14,6.2304,6.2304,6.2304,6.2304,56490000,0.00%,1884092,186641860592,351955.3,0
2031-02-17,6.2304,6.2366,6.2366,6.2304,15162000,0.10%,476112760,187131251260,94559.33,489390667
2031-02-21,6.2366,6.2366,6.2366,6.2366,44835000,0.00%,431277760,187131251260,279617.96,0
2031-02-24,6.2366,6.2366,6.2366,6.2366,46494000,0.00%,384783760,187131251260,289964.48,0
2031-02-25,6.2366,6.2366,6.2366,6.2366,75873000,0.00%,308910760,187131251260,473189.55,0
2031-02-26,6.2366,6.2366,6.2366,6.2366,47964000,0.00%,260946760,187131251260,299132.28,0
2031-02-27,6.2366,6.2366,6.2366,6.2366,53655000,0.00%,207291760,187131251260,334624.77,0
2031-02-28,6.2366,6.2366,6.2366,6.2366,67683000,0.00%,139608760,187131251260,422111.8,0
2031-03-03,6.2366,6.2366,6.2366,6.2366,64722000,0.00%,74886760,187131251260,403645.23,0
2031-03-04,6.2366,6.2366,6.2366,6.2366,57477000,0.00%,17409760,187131251260,358461.06,0
2031-03-05,6.2366,6.2429,6.2429,6.2366,69237000,0.10%,444367565,187627446065,432239.67,496194805
2031-03-06,6.2429,6.2429,6.2429,6.2429,50316000,0.00%,394051565,187627446065,314117.76,0
2031-03-07,6.2429,6.2429,6.2429,6.2429,63756000,0.00%,330295565,187627446065,398022.33,0
2031-03-10,6.2429,6.2429,6.2429,6.2429,65898000,0.00%,264397565,187627446065,411394.62,0
2031-03-11,6.2429,6.2429,6.2429,6.2429,121506000,0.00%,142891565,187627446065,758549.81,0
2031-03-12,6.2429,6.2429,6.2429,6.2429,100002000,0.00%,42889565,187627446065,624302.49,0
2031-03-13,6.2429,6.2429,6.2429,6.2429,41286000,0.00%,1603565,187627446065,257744.37,0
2031-03-14,6.2429,6.2491,6.2491,6.2429,36078000,0.10%,469142119,188131062619,225455.03,503616553
2031-03-17,6.2491,6.2491,6.2491,6.2491,50862000,0.00%,418280119,188131062619,317841.72,0
2031-03-18,6.2491,6.2491,6.2491,6.2491,48027000,0.00%,370253119,188131062619,300125.53,0
2031-03-19,6.2491,6.2491,6.2491,6.2491,44835000,0.00%,325418119,188131062619,280178.4,0
2031-03-20,6.2491,6.2491,6.2491,6.2491,124803000,0.00%,200615119,188131062619,779906.43,0
2031-03-21,6.2491,6.2491,6.2491,6.2491,52332000,0.00%,148283119,188131062619,327027.9,0
2031-03-24,6.2491,6.2491,6.2491,6.2491,73752000,0.00%,74531119,188131062619,460883.62,0
2031-03-25,6.2491,6.2491,6.2491,6.2491,61656000,0.00%,12875119,188131062619,385294.51,0
2031-03-26,6.2491,6.2554,6.2554,6.2491,78435000,0.10%,446116637,188642739137,490642.3,511676518
2031-03-27,6.2554,6.2554,6.2554,6.2554,47502000,0.00%,398614637,188642739137,297144.01,0
2031-03-28,6.2554,6.2554,6.2554,6.2554,42735000,0.00%,355879637,188642739137,267324.52,0
2031-03-31,6.2554,6.2554,6.2554,6.2554,59661000,0.00%,296218637,188642739137,373203.42,0
2031-04-01,6.2554,6.2554,6.2554,6.2554,54180000,0.00%,242038637,188642739137,338917.57,0
2031-04-02,6.2554,6.2554,6.2554,6.2554,44688000,0.00%,197350637,188642739137,279541.32,0
2031-04-03,6.2554,6.2554,6.2554,6.2554,35763000,0.00%,161587637,188642739137,223711.87,0
2031-04-09,6.2554,6.2554,6.2554,6.2554,69006000,0.00%,92581637,188642739137,431660.13,0
2031-04-10,6.2554,6.2554,6.2554,6.2554,43512000,0.00%,49069637,188642739137,272184.96,0
2031-04-11,6.2554,6.2554,6.2554,6.2554,43407000,0.00%,5662637,188642739137,271528.15,0
2031-04-14,6.2554,6.2616,6.2616,6.2554,44394000,0.10%,455476578,189136947078,277977.47,494207940
2031-04-15,6.2616,6.2616,6.2616,6.2616,37443000,0.00%,418033578,189136947078,234453.09,0
2031-04-16,6.2616,6.2616,6.2616,6.2616,42609000,0.00%,375424578,189136947078,266800.51,0
2031-04-17,6.2616,6.2616,6.2616,6.2616,47376000,0.00%,328048578,189136947078,296649.56,0
2031-04-18,6.2616,6.2616,6.2616,6.2616,28875000,0.00%,299173578,189136947078,180803.7,0
2031-04-21,6.2616,6.2616,6.2616,6.2616,49203000,0.00%,249970578,189136947078,308089.5,0
2031-04-22,6.2616,6.2616,6.2616,6.2616,27531000,0.00%,222439578,189136947078,172388.11,0
2031-04-23,6.2616,6.2616,6.2616,6.2616,48657000,0.00%,173782578,189136947078,304670.67,0
2031-04-24,6.2616,6.2616,6.2616,6.2616,49350000,0.00%,124432578,189136947078,309009.96,0
2031-04-25,6.2616,6.2616,6.2616,6.2616,38997000,0.00%,85435578,189136947078,244183.62,0
2031-04-28,6.2616,6.2679,6.2679,6.2616,94605000,0.10%,484094746,189630211246,592974.68,493264167
2031-04-29,6.2679,6.2679,6.2679,6.2679,54159000,0.00%,429935746,189630211246,339463.2,0
2031-04-30,6.2679,6.2679,6.2679,6.2679,40572000,0.00%,389363746,189630211246,254301.24,0
2031-05-01,6.2679,6.2679,6.2679,6.2679,80661000,0.00%,308702746,189630211246,505575.08,0
2031-05-05,6.2679,6.2679,6.2679,6.2679,49896000,0.00%,258806746,189630211246,312743.14,0
2031-05-06,6.2679,6.2679,6.2679,6.2679,27300000,0.00%,231506746,189630211246,171113.67,0
2031-05-07,6.2679,6.2679,6.2679,6.2679,93177000,0.00%,138329746,189630211246,584024.12,0
2031-05-08,6.2679,6.2679,6.2679,6.2679,86079000,0.00%,52250746,189630211246,539534.56,0
2031-05-09,6.2679,6.2742,6.2742,6.2679,52941000,0.10%,481016288,190111917788,332162.42,481706541
2031-05-12,6.2742,6.2742,6.2742,6.2742,58401000,0.00%,422615288,190111917788,366419.55,0
2031-05-13,6.2742,6.2742,6.2742,6.2742,68187000,0.00%,354428288,190111917788,427818.88,0
2031-05-14,6.2742,6.2742,6.2742,6.2742,55902000,0.00%,298526288,190111917788,350740.33,0
2031-05-15,6.2742,6.2742,6.2742,6.2742,82614000,0.00%,215912288,190111917788,518336.76,0
2031-05-16,6.2742,6.2742,6.2742,6.2742,55545000,0.00%,160367288,190111917788,348500.44,0
2031-05-19,6.2742,6.2742,6.2742,6.2742,61950000,0.00%,98417288,190111917788,388686.69,0
2031-05-20,6.2742,6.2742,6.2742,6.2742,70854000,0.00%,27563288,190111917788,444552.17,0
2031-05-21,6.2742,6.2804,6.2804,6.2742,39753000,0.10%,458929816,190583037316,249664.74,471119528
2031-05-22,6.2804,6.2804,6.2804,6.2804,83265000,0.00%,375664816,190583037316,522937.51,0
2031-05-23,6.2804,6.2804,6.2804,6.2804,50400000,0.00%,325264816,190583037316,316532.16,0
2031-05-27,6.2804,6.2804,6.2804,6.2804,68880000,0.00%,256384816,190583037316,432593.95,0
2031-05-28,6.2804,6.2804,6.2804,6.2804,52206000,0.00%,204178816,190583037316,327874.56,0
2031-05-29,6.2804,6.2804,6.2804,6.2804,88620000,0.00%,115558816,190583037316,556569.05,0
2031-05-30,6.2804,6.2804,6.2804,6.2804,100821000,0.00%,14737816,190583037316,633196.21,0
2031-06-02,6.2804,6.2867,6.2867,6.2804,73836000,0.10%,408884810,191051020310,464184.78,467982993
2031-06-03,6.2867,6.2867,6.2867,6.2867,213927000,0.00%,194957810,191051020310,1344894.87,0
2031-06-04,6.2867,6.2867,6.2867,6.2867,103110000,0.00%,91847810,191051020310,648221.64,0
2031-06-05,6.2867,6.2867,6.2867,6.2867,61005000,0.00%,30842810,191051020310,383520.13,0
2031-06-06,6.2867,6.293,6.293,6.2867,66465000,0.10%,439830926,191526473426,418264.24,475453115
2031-06-09,6.293,6.293,6.293,6.293,60942000,0.00%,378888926,191526473426,383508.01,0
2031-06-10,6.293,6.293,6.293,6.293,78519000,0.00%,300369926,191526473426,494120.07,0
2031-06-11,6.293,6.293,6.293,6.293,75159000,0.00%,225210926,191526473426,472975.59,0
2031-06-12,6.293,6.293,6.293,6.293,60018000,0.00%,165192926,191526473426,377693.27,0
2031-06-13,6.293,6.293,6.293,6.293,46893000,0.00%,118299926,191526473426,295097.65,0
2031-06-16,6.293,6.293,6.293,6.293,41475000,0.00%,76824926,191526473426,261002.18,0
2031-06-17,6.293,6.293,6.293,6.293,51072000,0.00%,25752926,191526473426,321396.1,0
2031-06-18,6.293,6.2993,6.2993,6.293,35616000,0.10%,464406213,192000742713,224355.87,474269287
2031-06-19,6.2993,6.2993,6.2993,6.2993,63252000,0.00%,401154213,192000742713,398443.32,0
2031-06-23,6.2993,6.2993,6.2993,6.2993,66276000,0.00%,334878213,192000742713,417492.41,0
2031-06-24,6.2993,6.2993,6.2993,6.2993,91224000,0.00%,243654213,192000742713,574647.34,0
2031-06-25,6.2993,6.2993,6.2993,6.2993,83916000,0.00%,159738213,192000742713,528612.06,0
2031-06-26,6.2993,6.2993,6.2993,6.2993,61887000,0.00%,97851213,192000742713,389844.78,0
2031-06-27,6.2993,6.2993,6.2993,6.2993,66927000,0.00%,30924213,192000742713,421593.25,0
2031-06-30,6.2993,6.3056,6.3056,6.2993,69447000,0.10%,436249389,192475514889,437905.0,474772176
2031-07-01,6.3056,6.3056,6.3056,6.3056,81879000,0.00%,354370389,192475514889,516296.22,0
2031-07-03,6.3056,6.3056,6.3056,6.3056,85911000,0.00%,268459389,192475514889,541720.4,0
2031-07-04,6.3056,6.3056,6.3056,6.3056,52416000,0.00%,216043389,192475514889,330514.33,0
2031-07-07,6.3056,6.3056,6.3056,6.3056,87150000,0.00%,128893389,192475514889,549533.04,0
2031-07-08,6.3056,6.3056,6.3056,6.3056,116382000,0.00%,12511389,192475514889,733858.34,0
2031-07-09,6.3056,6.3119,6.3119,6.3056,118188000,0.10%,368447345,192949638845,745990.84,474123955
2031-07-10,6.3119,6.3119,6.3119,6.3119,89040000,0.00%,279407345,192949638845,562011.58,0
2031-07-11,6.3119,6.3119,6.3119,6.3119,84924000,0.00%,194483345,192949638845,536031.8,0
2031-07-14,6.3119,6.3119,6.3119,6.3119,64344000,0.00%,130139345,192949638845,406132.89,0
2031-07-15,6.3119,6.3119,6.3119,6.3119,69573000,0.00%,60566345,192949638845,439137.82,0
2031-07-16,6.3119,6.3119,6.3119,6.3119,41811000,0.00%,18755345,192949638845,263906.85,0
2031-07-17,6.3119,6.3182,6.3182,6.3119,42378000,0.10%,454167656,193427429156,267752.68,477790311
2031-07-18,6.3182,6.3182,6.3182,6.3182,30996000,0.00%,423171656,193427429156,195838.93,0
2031-07-21,6.3182,6.3182,6.3182,6.3182,35511000,0.00%,387660656,193427429156,224365.6,0
2031-07-22,6.3182,6.3182,6.3182,6.3182,41601000,0.00%,346059656,193427429156,262843.44,0
2031-07-23,6.3182,6.3182,6.3182,6.3182,42630000,0.00%,303429656,193427429156,269344.87,0
2031-07-24,6.3182,6.3182,6.3182,6.3182,32949000,0.00%,270480656,193427429156,208178.37,0
2031-07-25,6.3182,6.3182,6.3182,6.3182,35196000,0.00%,235284656,193427429156,222375.37,0
2031-07-28,6.3182,6.3182,6.3182,6.3182,172809000,0.00%,62475656,193427429156,1091841.82,0
2031-07-29,6.3182,6.3245,6.3245,6.3182,226863000,0.10%,325469022,193917285522,1434795.04,489856365
2031-07-30,6.3245,6.3245,6.3245,6.3245,237006000,0.00%,88463022,193917285522,1498944.45,0
2031-07-31,6.3245,6.3309,6.3309,6.3245,153090000,0.10%,434951025,194416863525,969197.48,499578003
2031-08-01,6.3309,6.3309,6.3309,6.3309,84966000,0.00%,349985025,194416863525,537911.25,0
2031-08-04,6.3309,6.3309,6.3309,6.3309,61845000,0.00%,288140025,194416863525,391534.51,0
2031-08-05,6.3309,6.3309,6.3309,6.3309,247401000,0.00%,40739025,194416863525,1566270.99,0
2031-08-06,6.3309,6.3372,6.3372,6.3309,96810000,0.10%,453639466,194926573966,613504.33,509710441
2031-08-07,6.3372,6.3372,6.3372,6.3372,123123000,0.00%,330516466,194926573966,780255.08,0
2031-08-08,6.3372,6.3372,6.3372,6.3372,90195000,0.00%,240321466,194926573966,571583.75,0
2031-08-11,6.3372,6.3372,6.3372,6.3372,86016000,0.00%,154305466,194926573966,545100.6,0
2031-08-12,6.3372,6.3372,6.3372,6.3372,85848000,0.00%,68457466,194926573966,544035.95,0
2031-08-13,6.3372,6.3372,6.3372,6.3372,42315000,0.00%,26142466,194926573966,268158.62,0
2031-08-14,6.3372,6.3435,6.3435,6.3372,34335000,0.10%,510801912,195445568412,217804.07,518994445
2031-08-15,6.3435,6.3435,6.3435,6.3435,55482000,0.00%,455319912,195445568412,351950.07,0
2031-08-18,6.3435,6.3435,6.3435,6.3435,60942000,0.00%,394377912,195445568412,386585.58,0
2031-08-19,6.3435,6.3435,6.3435,6.3435,90594000,0.00%,303783912,195445568412,574683.04,0
2031-08-20,6.3435,6.3435,6.3435,6.3435,55860000,0.00%,247923912,195445568412,354347.91,0
2031-08-21,6.3435,6.3435,6.3435,6.3435,107310000,0.00%,140613912,195445568412,680720.98,0
2031-08-22,6.3435,6.3435,6.3435,6.3435,109494000,0.00%,31119912,195445568412,694575.19,0
2031-08-25,6.3435,6.3499,6.3499,6.3435,93702000,0.10%,467116189,195975266689,594998.33,529698276
2031-08-26,6.3499,6.3499,6.3499,6.3499,103992000,0.00%,363124189,195975266689,660338.8,0
2031-08-27,6.3499,6.3499,6.3499,6.3499,86583000,0.00%,276541189,195975266689,549793.39,0
2031-08-28,6.3499,6.3499,6.3499,6.3499,36330000,0.00%,240211189,195975266689,230691.87,0
2031-08-29,6.3499,6.3499,6.3499,6.3499,49266000,0.00%,190945189,195975266689,312834.17,0
2031-09-01,6.3499,6.3499,6.3499,6.3499,38808000,0.00%,152137189,195975266689,246426.92,0
2031-09-02,6.3499,6.3499,6.3499,6.3499,109578000,0.00%,42559189,195975266689,695809.34,0
2031-09-03,6.3499,6.3562,6.3562,6.3499,74130000,0.10%,507595299,196514432799,471185.11,539166109
2031-09-04,6.3562,6.3562,6.3562,6.3562,84987000,0.00%,422608299,196514432799,540194.37,0
2031-09-05,6.3562,6.3562,6.3562,6.3562,56994000,0.00%,365614299,196514432799,362265.26,0
2031-09-08,6.3562,6.3562,6.3562,6.3562,56217000,0.00%,309397299,196514432799,357326.5,0
2031-09-09,6.3562,6.3562,6.3562,6.3562,52416000,0.00%,256981299,196514432799,333166.58,0
2031-09-10,6.3562,6.3562,6.3562,6.3562,69300000,0.00%,187681299,196514432799,440484.66,0
2031-09-11,6.3562,6.3562,6.3562,6.3562,113589000,0.00%,74092299,196514432799,721994.4,0
2031-09-12,6.3562,6.3626,6.3626,6.3562,74907000,0.10%,547579623,197062827123,476603.28,548394324
2031-09-15,6.3626,6.3626,6.3626,6.3626,58422000,0.00%,489157623,197062827123,371715.82,0
2031-09-16,6.3626,6.3626,6.3626,6.3626,41811000,0.00%,447346623,197062827123,266026.67,0
2031-09-17,6.3626,6.3626,6.3626,6.3626,75957000,0.00%,371389623,197062827123,483284.01,0
2031-09-18,6.3626,6.3626,6.3626,6.3626,51492000,0.00%,319897623,197062827123,327623.0,0
2031-09-19,6.3626,6.3626,6.3626,6.3626,50358000,0.00%,269539623,197062827123,320407.81,0
2031-09-22,6.3626,6.3626,6.3626,6.3626,32571000,0.00%,236968623,197062827123,207236.24,0
2031-09-23,6.3626,6.3626,6.3626,6.3626,34776000,0.00%,202192623,197062827123,221265.78,0
2031-09-25,6.3626,6.3626,6.3626,6.3626,46641000,0.00%,155551623,197062827123,296758.03,0
2031-09-26,6.3626,6.3626,6.3626,6.3626,34986000,0.00%,120565623,197062827123,222601.92,0
2031-09-29,6.3626,6.3626,6.3626,6.3626,37737000,0.00%,82828623,197062827123,240105.44,0
2031-09-30,6.3626,6.3626,6.3626,6.3626,43995000,0.00%,38833623,197062827123,279922.59,0
2031-10-01,6.3626,6.3626,6.3626,6.3626,38325000,0.00%,508623,197062827123,243846.64,0
2031-10-02,6.3626,6.3689,6.3689,6.3626,36414000,0.10%,517308448,197616040948,231917.12,553213824
2031-10-06,6.3689,6.3689,6.3689,6.3689,24612000,0.00%,492696448,197616040948,156751.37,0
2031-10-07,6.3689,6.3689,6.3689,6.3689,24948000,0.00%,467748448,197616040948,158891.32,0
2031-10-08,6.3689,6.3689,6.3689,6.3689,22785000,0.00%,444963448,197616040948,145115.39,0
2031-10-09,6.3689,6.3689,6.3689,6.3689,30555000,0.00%,414408448,197616040948,194601.74,0
2031-10-10,6.3689,6.3689,6.3689,6.3689,62601000,0.00%,351807448,197616040948,398699.51,0
2031-10-13,6.3689,6.3689,6.3689,6.3689,55020000,0.00%,296787448,197616040948,350416.88,0
2031-10-14,6.3689,6.3689,6.3689,6.3689,34545000,0.00%,262242448,197616040948,220013.65,0
2031-10-17,6.3689,6.3689,6.3689,6.3689,61173000,0.00%,201069448,197616040948,389604.72,0
2031-10-20,6.3689,6.3689,6.3689,6.3689,43533000,0.00%,157536448,197616040948,277257.32,0
2031-10-21,6.3689,6.3689,6.3689,6.3689,32403000,0.00%,125133448,197616040948,206371.47,0
2031-10-22,6.3689,6.3689,6.3689,6.3689,68712000,0.00%,56421448,197616040948,437619.86,0
2031-10-23,6.3689,6.3689,6.3689,6.3689,35028000,0.00%,21393448,197616040948,223089.83,0
2031-10-24,6.3689,6.3753,6.3753,6.3689,26754000,0.10%,547183969,198168585469,170564.78,552544520
2031-10-27,6.3753,6.3753,6.3753,6.3753,25746000,0.00%,521437969,198168585469,164138.47,0
2031-10-28,6.3753,6.3753,6.3753,6.3753,32151000,0.00%,489286969,198168585469,204972.27,0
2031-10-29,6.3753,6.3753,6.3753,6.3753,39312000,0.00%,449974969,198168585469,250625.79,0
2031-10-30,6.3753,6.3753,6.3753,6.3753,28707000,0.00%,421267969,198168585469,183015.74,0
2031-10-31,6.3753,6.3753,6.3753,6.3753,34524000,0.00%,386743969,198168585469,220100.86,0
2031-11-03,6.3753,6.3753,6.3753,6.3753,47565000,0.00%,339178969,198168585469,303241.14,0
2031-11-04,6.3753,6.3753,6.3753,6.3753,69321000,0.00%,269857969,198168585469,441942.17,0
2031-11-05,6.3753,6.3753,6.3753,6.3753,40656000,0.00%,229201969,198168585469,259194.2,0
2031-11-06,6.3753,6.3753,6.3753,6.3753,34524000,0.00%,194677969,198168585469,220100.86,0
2031-11-07,6.3753,6.3753,6.3753,6.3753,42042000,0.00%,152635969,198168585469,268030.36,0
2031-11-10,6.3753,6.3753,6.3753,6.3753,46914000,0.00%,105721969,198168585469,299090.82,0
2031-11-11,6.3753,6.3753,6.3753,6.3753,28581000,0.00%,77140969,198168585469,182212.45,0
2031-11-12,6.3753,6.3753,6.3753,6.3753,64302000,0.00%,12838969,198168585469,409944.54,0
2031-11-13,6.3753,6.3817,6.3817,6.3753,75684000,0.10%,491535880,198722966380,482992.58,554380911
2031-11-14,6.3817,6.3817,6.3817,6.3817,50043000,0.00%,441492880,198722966380,319359.41,0
2031-11-17,6.3817,6.3817,6.3817,6.3817,40719000,0.00%,400773880,198722966380,259856.44,0
2031-11-18,6.3817,6.3817,6.3817,6.3817,59346000,0.00%,341427880,198722966380,378728.37,0
2031-11-19,6.3817,6.3817,6.3817,6.3817,45024000,0.00%,296403880,198722966380,287329.66,0
2031-11-20,6.3817,6.3817,6.3817,6.3817,40572000,0.00%,255831880,198722966380,258918.33,0
2031-11-21,6.3817,6.3817,6.3817,6.3817,31941000,0.00%,223890880,198722966380,203837.88,0
2031-11-24,6.3817,6.3817,6.3817,6.3817,30849000,0.00%,193041880,198722966380,196869.06,0
2031-11-25,6.3817,6.3817,6.3817,6.3817,39333000,0.00%,153708880,198722966380,251011.41,0
2031-11-26,6.3817,6.3817,6.3817,6.3817,54642000,0.00%,99066880,198722966380,348708.85,0
2031-11-27,6.3817,6.3817,6.3817,6.3817,35574000,0.00%,63492880,198722966380,227022.6,0
2031-11-28,6.3817,6.3881,6.3881,6.3817,69069000,0.10%,551067369,199279609869,441219.68,556643489
2031-12-01,6.3881,6.3881,6.3881,6.3881,40971000,0.00%,510096369,199279609869,261726.85,0
2031-12-02,6.3881,6.3881,6.3881,6.3881,74739000,0.00%,435357369,199279609869,477440.21,0
2031-12-03,6.3881,6.3881,6.3881,6.3881,42714000,0.00%,392643369,199279609869,272861.3,0
2031-12-04,6.3881,6.3881,6.3881,6.3881,37212000,0.00%,355431369,199279609869,237713.98,0
2031-12-05,6.3881,6.3881,6.3881,6.3881,47250000,0.00%,308181369,199279609869,301837.73,0
2031-12-08,6.3881,6.3881,6.3881,6.3881,65016000,0.00%,243165369,199279609869,415328.71,0
2031-12-09,6.3881,6.3881,6.3881,6.3881,48804000,0.00%,194361369,199279609869,311764.83,0
2031-12-10,6.3881,6.3881,6.3881,6.3881,31857000,0.00%,162504369,199279609869,203505.7,0
2031-12-11,6.3881,6.3881,6.3881,6.3881,28035000,0.00%,134469369,199279609869,179090.38,0
2031-12-12,6.3881,6.3881,6.3881,6.3881,31983000,0.00%,102486369,199279609869,204310.6,0
2031-12-15,6.3881,6.3881,6.3881,6.3881,46704000,0.00%,55782369,199279609869,298349.82,0
2031-12-16,6.3881,6.3881,6.3881,6.3881,28665000,0.00%,27117369,199279609869,183114.89,0
2031-12-17,6.3881,6.3944,6.3944,6.3881,28077000,0.10%,557091607,199837661107,179535.57,558051237
2031-12-18,6.3944,6.3944,6.3944,6.3944,44163000,0.00%,512928607,199837661107,282395.89,0
2031-12-19,6.3944,6.3944,6.3944,6.3944,59388000,0.00%,453540607,199837661107,379750.63,0
2031-12-22,6.3944,6.3944,6.3944,6.3944,42861000,0.00%,410679607,199837661107,274070.38,0
2031-12-23,6.3944,6.3944,6.3944,6.3944,36183000,0.00%,374496607,199837661107,231368.58,0
2031-12-24,6.3944,6.3944,6.3944,6.3944,29064000,0.00%,345432607,199837661107,185846.84,0
2031-12-25,6.3944,6.3944,6.3944,6.3944,69195000,0.00%,276237607,199837661107,442460.51,0
2031-12-26,6.3944,6.3944,6.3944,6.3944,19971000,0.00%,256266607,199837661107,127702.56,0
2031-12-30,6.3944,6.3944,6.3944,6.3944,39795000,0.00%,216471607,199837661107,254465.15,0
2031-12-31,6.3944,6.3944,6.3944,6.3944,20139000,0.00%,196332607,199837661107,128776.82,0
2032-01-01,6.3944,6.3944,6.3944,6.3944,16469000,0.00%,179863607,199837661107,105309.37,0
2032-01-02,6.3944,6.3944,6.3944,6.3944,21242000,0.00%,158621607,199837661107,135829.84,0
2032-01-05,6.3944,6.3944,6.3944,6.3944,12943000,0.00%,145678607,199837661107,82762.72,0
2032-01-06,6.3944,6.3944,6.3944,6.3944,29154000,0.00%,116524607,199837661107,186422.34,0
2032-01-07,6.3944,6.3944,6.3944,6.3944,68649500,0.00%,47875107,199837661107,438972.36,0
2032-01-08,6.3944,6.4008,6.4008,6.3944,48138500,0.10%,557880212,200395804712,308124.91,558143604
2032-01-09,6.4008,6.4008,6.4008,6.4008,44741500,0.00%,513138712,200395804712,286381.39,0
2032-01-12,6.4008,6.4008,6.4008,6.4008,42054000,0.00%,471084712,200395804712,269179.24,0
2032-01-13,6.4008,6.4008,6.4008,6.4008,35281500,0.00%,435803212,200395804712,225829.83,0
2032-01-14,6.4008,6.4008,6.4008,6.4008,60780500,0.00%,375022712,200395804712,389043.82,0
2032-01-15,6.4008,6.4008,6.4008,6.4008,39366500,0.00%,335656212,200395804712,251977.09,0
2032-01-16,6.4008,6.4008,6.4008,6.4008,29498000,0.00%,306158212,200395804712,188810.8,0
2032-01-19,6.4008,6.4008,6.4008,6.4008,27262000,0.00%,278896212,200395804712,174498.61,0
2032-01-20,6.4008,6.4008,6.4008,6.4008,50611000,0.00%,228285212,200395804712,323950.89,0
2032-01-21,6.4008,6.4008,6.4008,6.4008,37603500,0.00%,190681712,200395804712,240692.48,0
2032-01-22,6.4008,6.4008,6.4008,6.4008,63511000,0.00%,127170712,200395804712,406521.21,0
2032-01-23,6.4008,6.4008,6.4008,6.4008,57663000,0.00%,69507712,200395804712,369089.33,0
2032-01-26,6.4008,6.4008,6.4008,6.4008,31562000,0.00%,37945712,200395804712,202022.05,0
2032-01-27,6.4008,6.4072,6.4072,6.4008,53750000,0.10%,548498051,200960107051,344387.0,564302339
2032-01-28,6.4072,6.4072,6.4072,6.4072,46483000,0.00%,502015051,200960107051,297825.88,0
2032-01-29,6.4072,6.4072,6.4072,6.4072,44096500,0.00%,457918551,200960107051,282535.09,0
2032-01-30,6.4072,6.4072,6.4072,6.4072,32314500,0.00%,425604051,200960107051,207045.46,0
2032-02-02,6.4072,6.4072,6.4072,6.4072,24574500,0.00%,401029551,200960107051,157453.74,0
2032-02-06,6.4072,6.4072,6.4072,6.4072,34249500,0.00%,366780051,200960107051,219443.4,0
2032-02-09,6.4072,6.4072,6.4072,6.4072,33067000,0.00%,333713051,200960107051,211866.88,0
2032-02-10,6.4072,6.4072,6.4072,6.4072,40312500,0.00%,293400551,200960107051,258290.25,0
2032-02-11,6.4072,6.4072,6.4072,6.4072,50245500,0.00%,243155051,200960107051,321932.97,0
2032-02-12,6.4072,6.4072,6.4072,6.4072,40441500,0.00%,202713551,200960107051,259116.78,0
2032-02-13,6.4072,6.4072,6.4072,6.4072,33368000,0.00%,169345551,200960107051,213795.45,0
2032-02-16,6.4072,6.4072,6.4072,6.4072,27649000,0.00%,141696551,200960107051,177152.67,0
2032-02-17,6.4072,6.4072,6.4072,6.4072,29863500,0.00%,111833051,200960107051,191341.42,0
2032-02-18,6.4072,6.4072,6.4072,6.4072,26251500,0.00%,85581551,200960107051,168198.61,0
2032-02-19,6.4072,6.4072,6.4072,6.4072,27778000,0.00%,57803551,200960107051,177979.2,0
2032-02-20,6.4072,6.4072,6.4072,6.4072,51664500,0.00%,6139051,200960107051,331024.78,0
2032-02-23,6.4072,6.4137,6.4137,6.4072,98986000,0.10%,475320141,201528274141,634866.51,568167089
2032-02-24,6.4137,6.4137,6.4137,6.4137,65704000,0.00%,409616141,201528274141,421405.74,0
2032-02-25,6.4137,6.4137,6.4137,6.4137,43516000,0.00%,366100141,201528274141,279098.57,0
2032-02-26,6.4137,6.4137,6.4137,6.4137,73035500,0.00%,293064641,201528274141,468427.79,0
2032-02-27,6.4137,6.4137,6.4137,6.4137,54889500,0.00%,238175141,201528274141,352044.79,0
2032-03-01,6.4137,6.4137,6.4137,6.4137,57727500,0.00%,180447641,201528274141,370246.87,0
2032-03-02,6.4137,6.4137,6.4137,6.4137,41516500,0.00%,138931141,201528274141,266274.38,0
2032-03-03,6.4137,6.4137,6.4137,6.4137,30121500,0.00%,108809641,201528274141,193190.26,0
2032-03-04,6.4137,6.4137,6.4137,6.4137,42720500,0.00%,66089141,201528274141,273996.47,0
2032-03-05,6.4137,6.4201,6.4201,6.4137,89332500,0.10%,553138563,202104656063,573523.58,576381922
2032-03-08,6.4201,6.4201,6.4201,6.4201,85742000,0.00%,467396563,202104656063,550472.21,0
2032-03-09,6.4201,6.4201,6.4201,6.4201,69359000,0.00%,398037563,202104656063,445291.72,0
2032-03-10,6.4201,6.4201,6.4201,6.4201,71401500,0.00%,326636063,202104656063,458404.77,0
2032-03-11,6.4201,6.4201,6.4201,6.4201,51729000,0.00%,274907063,202104656063,332105.35,0
2032-03-12,6.4201,6.4201,6.4201,6.4201,104146000,0.00%,170761063,202104656063,668627.73,0
2032-03-15,6.4201,6.4201,6.4201,6.4201,143856500,0.00%,26904563,202104656063,923573.12,0
2032-03-16,6.4201,6.4265,6.4265,6.4201,254560000,0.10%,367511901,202699823401,1635929.84,595167337
2032-03-17,6.4265,6.4265,6.4265,6.4265,231641000,0.00%,135870901,202699823401,1488640.89,0
2032-03-18,6.4265,6.4329,6.4329,6.4265,149833500,0.10%,592005192,203305791192,963863.92,605967791
2032-03-19,6.4329,6.4329,6.4329,6.4329,81076500,0.00%,510928692,203305791192,521557.02,0
2032-03-22,6.4329,6.4329,6.4329,6.4329,66005000,0.00%,444923692,203305791192,424603.56,0
2032-03-23,6.4329,6.4329,6.4329,6.4329,66671500,0.00%,378252192,203305791192,428891.09,0
2032-03-24,6.4329,6.4329,6.4329,6.4329,90859000,0.00%,287393192,203305791192,584486.86,0
2032-03-25,6.4329,6.4329,6.4329,6.4329,100899500,0.00%,186493692,203305791192,649076.39,0
2032-03-26,6.4329,6.4329,6.4329,6.4329,82345000,0.00%,104148692,203305791192,529717.15,0
2032-03-29,6.4329,6.4329,6.4329,6.4329,57899500,0.00%,46249192,203305791192,372461.69,0
2032-03-30,6.4329,6.4329,6.4329,6.4329,44935000,0.00%,1314192,203305791192,289062.36,0
2032-03-31,6.4329,6.4393,6.4393,6.4329,57942500,0.10%,559223365,203921642865,373109.14,615851672
2032-04-01,6.4393,6.4393,6.4393,6.4393,31368500,0.00%,527854865,203921642865,201991.18,0
2032-04-02,6.4393,6.4393,6.4393,6.4393,31175000,0.00%,496679865,203921642865,200745.18,0
2032-04-05,6.4393,6.4393,6.4393,6.4393,33690500,0.00%,462989365,203921642865,216943.24,0
2032-04-07,6.4393,6.4393,6.4393,6.4393,36829500,0.00%,426159865,203921642865,237156.2,0
2032-04-08,6.4393,6.4393,6.4393,6.4393,34120500,0.00%,392039365,203921642865,219712.14,0
2032-04-09,6.4393,6.4393,6.4393,6.4393,42140000,0.00%,349899365,203921642865,271352.1,0
2032-04-12,6.4393,6.4393,6.4393,6.4393,48998500,0.00%,300900865,203921642865,315516.04,0
2032-04-13,6.4393,6.4393,6.4393,6.4393,56781500,0.00%,244119365,203921642865,365633.11,0
2032-04-14,6.4393,6.4393,6.4393,6.4393,46526000,0.00%,197593365,203921642865,299594.87,0
2032-04-15,6.4393,6.4393,6.4393,6.4393,32594000,0.00%,164999365,203921642865,209882.54,0
2032-04-20,6.4393,6.4393,6.4393,6.4393,38141000,0.00%,126858365,203921642865,245601.34,0
2032-04-21,6.4393,6.4393,6.4393,6.4393,23327500,0.00%,103530865,203921642865,150212.77,0
2032-04-22,6.4393,6.4393,6.4393,6.4393,55341000,0.00%,48189865,203921642865,356357.3,0
2032-04-23,6.4393,6.4458,6.4458,6.4393,60264500,0.10%,599929298,204533646798,388452.91,612003932
2032-04-26,6.4458,6.4458,6.4458,6.4458,55448500,0.00%,544480798,204533646798,357409.94,0
2032-04-27,6.4458,6.4458,6.4458,6.4458,58673500,0.00%,485807298,204533646798,378197.65,0
2032-04-28,6.4458,6.4458,6.4458,6.4458,50331500,0.00%,435475798,204533646798,324426.78,0
2032-04-29,6.4458,6.4458,6.4458,6.4458,45644500,0.00%,389831298,204533646798,294215.32,0
2032-04-30,6.4458,6.4458,6.4458,6.4458,102060500,0.00%,287770798,204533646798,657861.57,0
2032-05-04,6.4458,6.4458,6.4458,6.4458,54975500,0.00%,232795298,204533646798,354361.08,0
2032-05-05,6.4458,6.4458,6.4458,6.4458,30315000,0.00%,202480298,204533646798,195404.43,0
2032-05-06,6.4458,6.4458,6.4458,6.4458,45988500,0.00%,156491798,204533646798,296432.67,0
2032-05-07,6.4458,6.4458,6.4458,6.4458,49278000,0.00%,107213798,204533646798,317636.13,0
2032-05-11,6.4458,6.4458,6.4458,6.4458,61060000,0.00%,46153798,204533646798,393580.55,0
2032-05-12,6.4458,6.4522,6.4522,6.4458,52352500,0.10%,594894880,205134740380,337788.8,601093581
2032-05-13,6.4522,6.4522,6.4522,6.4522,43043000,0.00%,551851880,205134740380,277722.04,0
2032-05-14,6.4522,6.4522,6.4522,6.4522,41903500,0.00%,509948380,205134740380,270369.76,0
2032-05-17,6.4522,6.4522,6.4522,6.4522,33454000,0.00%,476494380,205134740380,215851.9,0
2032-05-18,6.4522,6.4522,6.4522,6.4522,64758000,0.00%,411736380,205134740380,417831.57,0
2032-05-19,6.4522,6.4522,6.4522,6.4522,60931000,0.00%,350805380,205134740380,393139.0,0
2032-05-20,6.4522,6.4522,6.4522,6.4522,129322500,0.00%,221482880,205134740380,834414.63,0
2032-05-21,6.4522,6.4522,6.4522,6.4522,60909500,0.00%,160573380,205134740380,393000.28,0
2032-05-24,6.4522,6.4522,6.4522,6.4522,36614500,0.00%,123958880,205134740380,236244.08,0
2032-05-25,6.4522,6.4522,6.4522,6.4522,42355000,0.00%,81603880,205134740380,273282.93,0
2032-05-26,6.4522,6.4522,6.4522,6.4522,46332500,0.00%,35271380,205134740380,298946.56,0
2032-05-27,6.4522,6.4587,6.4587,6.4522,39775000,0.10%,596404664,205735648664,256894.79,600908284
2032-05-28,6.4587,6.4587,6.4587,6.4587,44634000,0.00%,551770664,205735648664,288277.62,0
2032-05-31,6.4587,6.4587,6.4587,6.4587,47945000,0.00%,503825664,205735648664,309662.37,0
2032-06-01,6.4587,6.4587,6.4587,6.4587,139234000,0.00%,364591664,205735648664,899270.64,0
2032-06-02,6.4587,6.4587,6.4587,6.4587,57878000,0.00%,306713664,205735648664,373816.64,0
2032-06-03,6.4587,6.4587,6.4587,6.4587,30487000,0.00%,276226664,205735648664,196906.39,0
2032-06-07,6.4587,6.4587,6.4587,6.4587,51385000,0.00%,224841664,205735648664,331880.3,0
2032-06-08,6.4587,6.4587,6.4587,6.4587,58243500,0.00%,166598164,205735648664,376177.29,0
2032-06-09,6.4587,6.4587,6.4587,6.4587,102082000,0.00%,64516164,205735648664,659317.01,0
2032-06-10,6.4587,6.4651,6.4651,6.4587,84172500,0.10%,582360518,206337665518,544183.63,602016853
2032-06-11,6.4651,6.4651,6.4651,6.4651,63984000,0.00%,518376518,206337665518,413662.96,0
2032-06-14,6.4651,6.4651,6.4651,6.4651,53621000,0.00%,464755518,206337665518,346665.13,0
2032-06-15,6.4651,6.4651,6.4651,6.4651,35066500,0.00%,429689018,206337665518,226708.43,0
2032-06-16,6.4651,6.4651,6.4651,6.4651,45666000,0.00%,384023018,206337665518,295235.26,0
2032-06-17,6.4651,6.4651,6.4651,6.4651,47601000,0.00%,336422018,206337665518,307745.23,0
2032-06-18,6.4651,6.4651,6.4651,6.4651,41882000,0.00%,294540018,206337665518,270771.32,0
2032-06-21,6.4651,6.4651,6.4651,6.4651,25026000,0.00%,269514018,206337665518,161795.59,0
2032-06-22,6.4651,6.4651,6.4651,6.4651,32271500,0.00%,237242518,206337665518,208638.47,0
2032-06-23,6.4651,6.4651,6.4651,6.4651,29476500,0.00%,207766018,206337665518,190568.52,0
2032-06-24,6.4651,6.4651,6.4651,6.4651,27133000,0.00%,180633018,206337665518,175417.56,0
2032-06-25,6.4651,6.4651,6.4651,6.4651,39130000,0.00%,141503018,206337665518,252979.36,0
2032-06-28,6.4651,6.4651,6.4651,6.4651,123410000,0.00%,18093018,206337665518,797857.99,0
2032-06-29,6.4651,6.4716,6.4716,6.4651,125968500,0.10%,490537013,206936078013,815217.74,598412495
2032-06-30,6.4716,6.4716,6.4716,6.4716,75207000,0.00%,415330013,206936078013,486709.62,0
2032-07-01,6.4716,6.4716,6.4716,6.4716,71788500,0.00%,343541513,206936078013,464586.46,0
2032-07-05,6.4716,6.4716,6.4716,6.4716,82689000,0.00%,260852513,206936078013,535130.13,0
2032-07-06,6.4716,6.4716,6.4716,6.4716,41903500,0.00%,218949013,206936078013,271182.69,0
2032-07-07,6.4716,6.4716,6.4716,6.4716,53363000,0.00%,165586013,206936078013,345343.99,0
2032-07-08,6.4716,6.4716,6.4716,6.4716,40828500,0.00%,124757513,206936078013,264225.72,0
2032-07-09,6.4716,6.4716,6.4716,6.4716,40312500,0.00%,84445013,206936078013,260886.38,0
2032-07-12,6.4716,6.4716,6.4716,6.4716,44290000,0.00%,40155013,206936078013,286627.16,0
2032-07-13,6.4716,6.4716,6.4716,6.4716,37216500,0.00%,2938513,206936078013,240850.3,0
2032-07-14,6.4716,6.4781,6.4781,6.4716,36829500,0.10%,567783417,207537752417,238585.18,601674403
2032-07-15,6.4781,6.4781,6.4781,6.4781,36055500,0.00%,531727917,207537752417,233571.13,0
2032-07-16,6.4781,6.4781,6.4781,6.4781,56609500,0.00%,475118417,207537752417,366722.0,0
2032-07-19,6.4781,6.4781,6.4781,6.4781,43795500,0.00%,431322917,207537752417,283711.63,0
2032-07-20,6.4781,6.4781,6.4781,6.4781,27219000,0.00%,404103917,207537752417,176327.4,0
2032-07-21,6.4781,6.4781,6.4781,6.4781,34357000,0.00%,369746917,207537752417,222568.08,0
2032-07-22,6.4781,6.4781,6.4781,6.4781,41086500,0.00%,328660417,207537752417,266162.46,0
2032-07-23,6.4781,6.4781,6.4781,6.4781,32422000,0.00%,296238417,207537752417,210032.96,0
2032-07-26,6.4781,6.4781,6.4781,6.4781,36227500,0.00%,260010917,207537752417,234685.37,0
2032-07-27,6.4781,6.4781,6.4781,6.4781,29799000,0.00%,230211917,207537752417,193040.9,0
2032-07-28,6.4781,6.4781,6.4781,6.4781,42613000,0.00%,187598917,207537752417,276051.28,0
2032-07-29,6.4781,6.4781,6.4781,6.4781,33002500,0.00%,154596417,207537752417,213793.5,0
2032-07-30,6.4781,6.4781,6.4781,6.4781,79958500,0.00%,74637917,207537752417,517979.16,0
2032-08-02,6.4781,6.4846,6.4846,6.4781,85978500,0.10%,582662706,208131755706,557536.18,594003288
2032-08-03,6.4846,6.4846,6.4846,6.4846,91783500,0.00%,490879206,208131755706,595179.28,0
2032-08-04,6.4846,6.4846,6.4846,6.4846,58910000,0.00%,431969206,208131755706,382007.79,0
2032-08-05,6.4846,6.4846,6.4846,6.4846,42548500,0.00%,389420706,208131755706,275910.0,0
2032-08-06,6.4846,6.4846,6.4846,6.4846,35346000,0.00%,354074706,208131755706,229204.67,0
2032-08-09,6.4846,6.4846,6.4846,6.4846,32357500,0.00%,321717206,208131755706,209825.44,0
2032-08-10,6.4846,6.4846,6.4846,6.4846,30508500,0.00%,291208706,208131755706,197835.42,0
2032-08-11,6.4846,6.4846,6.4846,6.4846,33024000,0.00%,258184706,208131755706,214147.43,0
2032-08-12,6.4846,6.4846,6.4846,6.4846,31949000,0.00%,226235706,208131755706,207176.49,0
2032-08-13,6.4846,6.4846,6.4846,6.4846,23607000,0.00%,202628706,208131755706,153081.95,0
2032-08-16,6.4846,6.4846,6.4846,6.4846,24983000,0.00%,177645706,208131755706,162004.76,0
2032-08-17,6.4846,6.4846,6.4846,6.4846,50589500,0.00%,127056206,208131755706,328052.67,0
2032-08-18,6.4846,6.4846,6.4846,6.4846,37883000,0.00%,89173206,208131755706,245656.1,0
2032-08-19,6.4846,6.4846,6.4846,6.4846,69251500,0.00%,19921706,208131755706,449068.28,0
2032-08-20,6.4846,6.491,6.491,6.4846,50030500,0.10%,546001172,208707865672,324747.98,576109966
2032-08-23,6.491,6.491,6.491,6.491,31777000,0.00%,514224172,208707865672,206264.51,0
2032-08-24,6.491,6.491,6.491,6.491,29089500,0.00%,485134672,208707865672,188819.94,0
2032-08-25,6.491,6.491,6.491,6.491,28057500,0.00%,457077172,208707865672,182121.23,0
2032-08-26,6.491,6.491,6.491,6.491,41796000,0.00%,415281172,208707865672,271297.84,0
2032-08-27,6.491,6.491,6.491,6.491,39947000,0.00%,375334172,208707865672,259295.98,0
2032-08-30,6.491,6.491,6.491,6.491,26638500,0.00%,348695672,208707865672,172910.5,0
2032-08-31,6.491,6.491,6.491,6.491,30186000,0.00%,318509672,208707865672,195937.33,0
2032-09-01,6.491,6.491,6.491,6.491,56351500,0.00%,262158172,208707865672,365777.59,0
2032-09-02,6.491,6.491,6.491,6.491,51449500,0.00%,210708672,208707865672,333958.7,0
2032-09-03,6.491,6.491,6.491,6.491,54803500,0.00%,155905172,208707865672,355729.52,0
2032-09-06,6.491,6.491,6.491,6.491,43795500,0.00%,112109672,208707865672,284276.59,0
2032-09-07,6.491,6.491,6.491,6.491,34894500,0.00%,77215172,208707865672,226500.2,0
2032-09-08,6.491,6.491,6.491,6.491,32637000,0.00%,44578172,208707865672,211846.77,0
2032-09-09,6.491,6.4975,6.4975,6.491,50675500,0.10%,559176810,209273139810,329264.06,565274138
2032-09-10,6.4975,6.4975,6.4975,6.4975,36894000,0.00%,522282810,209273139810,239718.77,0
2032-09-14,6.4975,6.4975,6.4975,6.4975,36915500,0.00%,485367310,209273139810,239858.46,0
2032-09-15,6.4975,6.4975,6.4975,6.4975,38678500,0.00%,446688810,209273139810,251313.55,0
2032-09-16,6.4975,6.4975,6.4975,6.4975,28638000,0.00%,418050810,209273139810,186075.4,0
2032-09-17,6.4975,6.4975,6.4975,6.4975,53621000,0.00%,364429810,209273139810,348402.45,0
2032-09-20,6.4975,6.4975,6.4975,6.4975,49278000,0.00%,315151810,209273139810,320183.8,0
2032-09-21,6.4975,6.4975,6.4975,6.4975,32551000,0.00%,282600810,209273139810,211500.12,0
2032-09-22,6.4975,6.4975,6.4975,6.4975,34593500,0.00%,248007310,209273139810,224771.27,0
2032-09-23,6.4975,6.4975,6.4975,6.4975,37711000,0.00%,210296310,209273139810,245027.22,0
2032-09-24,6.4975,6.4975,6.4975,6.4975,42290500,0.00%,168005810,209273139810,274782.52,0
2032-09-27,6.4975,6.4975,6.4975,6.4975,52997500,0.00%,115008310,209273139810,344351.26,0
2032-09-28,6.4975,6.4975,6.4975,6.4975,48869500,0.00%,66138810,209273139810,317529.58,0
2032-09-29,6.4975,6.4975,6.4975,6.4975,47644000,0.00%,18494810,209273139810,309566.89,0
2032-09-30,6.4975,6.504,6.504,6.4975,43344000,0.10%,523883079,209821872079,281909.38,548732269
2032-10-01,6.504,6.504,6.504,6.504,48289000,0.00%,475594079,209821872079,314071.66,0
2032-10-04,6.504,6.504,6.504,6.504,30078500,0.00%,445515579,209821872079,195630.56,0
2032-10-06,6.504,6.504,6.504,6.504,39001000,0.00%,406514579,209821872079,253662.5,0
2032-10-07,6.504,6.504,6.504,6.504,22295500,0.00%,384219079,209821872079,145009.93,0
2032-10-08,6.504,6.504,6.504,6.504,21457000,0.00%,362762079,209821872079,139556.33,0
2032-10-11,6.504,6.504,6.504,6.504,33712000,0.00%,329050079,209821872079,219262.85,0
2032-10-12,6.504,6.504,6.504,6.504,45838000,0.00%,283212079,209821872079,298130.35,0
2032-10-13,6.504,6.504,6.504,6.504,68864500,0.00%,214347579,209821872079,447894.71,0
2032-10-14,6.504,6.504,6.504,6.504,47644000,0.00%,166703579,209821872079,309876.58,0
2032-10-15,6.504,6.504,6.504,6.504,67639000,0.00%,99064579,209821872079,439924.06,0
2032-10-18,6.504,6.504,6.504,6.504,56588000,0.00%,42476579,209821872079,368048.35,0
2032-10-19,6.504,6.5105,6.5105,6.504,47579500,0.10%,523931060,210350906060,309766.33,529033980
2032-10-20,6.5105,6.5105,6.5105,6.5105,45064000,0.00%,478867060,210350906060,293389.17,0
2032-10-21,6.5105,6.5105,6.5105,6.5105,106231500,0.00%,372635560,210350906060,691620.18,0
2032-10-22,6.5105,6.5105,6.5105,6.5105,57082500,0.00%,315553060,210350906060,371635.62,0
2032-10-25,6.5105,6.5105,6.5105,6.5105,182900500,0.00%,132652560,210350906060,1190773.71,0
2032-10-26,6.5105,6.517,6.517,6.5105,156993000,0.10%,503135637,210878382137,1023123.38,527476076
2032-10-27,6.517,6.517,6.517,6.517,108252500,0.00%,394883137,210878382137,705481.54,0
2032-10-28,6.517,6.517,6.517,6.517,91848000,0.00%,303035137,210878382137,598573.42,0
2032-10-29,6.517,6.517,6.517,6.517,87784500,0.00%,215250637,210878382137,572091.59,0
2032-11-01,6.517,6.517,6.517,6.517,106446500,0.00%,108804137,210878382137,693711.84,0
2032-11-02,6.517,6.5236,6.5236,6.517,167356000,0.10%,478404354,211415338354,1091763.6,536956217
2032-11-03,6.5236,6.5236,6.5236,6.5236,75572500,0.00%,402831854,211415338354,493004.76,0
2032-11-04,6.5236,6.5236,6.5236,6.5236,65854500,0.00%,336977354,211415338354,429608.42,0
2032-11-05,6.5236,6.5236,6.5236,6.5236,144394000,0.00%,192583354,211415338354,941968.7,0
2032-11-08,6.5236,6.5236,6.5236,6.5236,94557000,0.00%,98026354,211415338354,616852.05,0
2032-11-09,6.5236,6.5236,6.5236,6.5236,50611000,0.00%,47415354,211415338354,330165.92,0
2032-11-10,6.5236,6.5301,6.5301,6.5236,68069000,0.10%,516425754,211952417754,444497.38,537079399
2032-11-11,6.5301,6.5301,6.5301,6.5301,50009000,0.00%,466416754,211952417754,326563.77,0
2032-11-12,6.5301,6.5301,6.5301,6.5301,113971500,0.00%,352445254,211952417754,744245.29,0
2032-11-15,6.5301,6.5301,6.5301,6.5301,104060000,0.00%,248385254,211952417754,679522.21,0
2032-11-16,6.5301,6.5301,6.5301,6.5301,135665000,0.00%,112720254,211952417754,885906.02,0
2032-11-17,6.5301,6.5366,6.5366,6.5301,132848500,0.10%,525160565,212497706565,868377.51,545288811
2032-11-18,6.5366,6.5366,6.5366,6.5366,150113000,0.00%,375047565,212497706565,981228.64,0
2032-11-19,6.5366,6.5366,6.5366,6.5366,96234000,0.00%,278813565,212497706565,629043.16,0
2032-11-22,6.5366,6.5366,6.5366,6.5366,67316500,0.00%,211497065,212497706565,440021.03,0
2032-11-23,6.5366,6.5366,6.5366,6.5366,61189000,0.00%,150308065,212497706565,399968.02,0
2032-11-24,6.5366,6.5366,6.5366,6.5366,50267000,0.00%,100041065,212497706565,328575.27,0
2032-11-25,6.5366,6.5366,6.5366,6.5366,36915500,0.00%,63125565,212497706565,241301.86,0
2032-11-26,6.5366,6.5432,6.5432,6.5366,67338000,0.10%,542627887,213044546887,440606.0,546840322
2032-11-29,6.5432,6.5432,6.5432,6.5432,72025000,0.00%,470602887,213044546887,471273.98,0
2032-11-30,6.5432,6.5432,6.5432,6.5432,71251000,0.00%,399351887,213044546887,466209.54,0
2032-12-01,6.5432,6.5432,6.5432,6.5432,100254500,0.00%,299097387,213044546887,655985.24,0
2032-12-02,6.5432,6.5432,6.5432,6.5432,97932500,0.00%,201164887,213044546887,640791.93,0
2032-12-03,6.5432,6.5432,6.5432,6.5432,53943500,0.00%,147221387,213044546887,352963.11,0
2032-12-06,6.5432,6.5432,6.5432,6.5432,128634500,0.00%,18586887,213044546887,841681.26,0
2032-12-07,6.5432,6.5497,6.5497,6.5432,62479000,0.10%,507670533,213596109533,409218.71,551562645
2032-12-08,6.5497,6.5497,6.5497,6.5497,88386500,0.00%,419284033,213596109533,578905.06,0
2032-12-09,6.5497,6.5497,6.5497,6.5497,73293500,0.00%,345990533,213596109533,480050.44,0
2032-12-10,6.5497,6.5497,6.5497,6.5497,86860000,0.00%,259130533,213596109533,568906.94,0
2032-12-13,6.5497,6.5497,6.5497,6.5497,44096500,0.00%,215034033,213596109533,288818.85,0
2032-12-14,6.5497,6.5497,6.5497,6.5497,43666500,0.00%,171367533,213596109533,286002.48,0
2032-12-15,6.5497,6.5497,6.5497,6.5497,52116000,0.00%,119251533,213596109533,341344.17,0
2032-12-16,6.5497,6.5497,6.5497,6.5497,40764000,0.00%,78487533,213596109533,266991.97,0
2032-12-17,6.5497,6.5497,6.5497,6.5497,54029500,0.00%,24458033,213596109533,353877.02,0
2032-12-20,6.5497,6.5562,6.5562,6.5497,53535000,0.10%,530093458,214155279958,350986.17,559170425
2032-12-21,6.5562,6.5562,6.5562,6.5562,62479000,0.00%,467614458,214155279958,409624.82,0
2032-12-22,6.5562,6.5562,6.5562,6.5562,32938000,0.00%,434676458,214155279958,215948.12,0
2032-12-23,6.5562,6.5562,6.5562,6.5562,52137500,0.00%,382538958,214155279958,341823.88,0
2032-12-24,6.5562,6.5562,6.5562,6.5562,33325000,0.00%,349213958,214155279958,218485.36,0
2032-12-29,6.5562,6.5562,6.5562,6.5562,52008500,0.00%,297205458,214155279958,340978.13,0
2032-12-30,6.5562,6.5562,6.5562,6.5562,64693500,0.00%,232511958,214155279958,424143.52,0
2032-12-31,6.5562,6.5562,6.5562,6.5562,58501500,0.00%,174010458,214155279958,383547.53,0
2033-01-04,6.5562,6.5562,6.5562,6.5562,65912000,0.00%,108098458,214155279958,432132.25,0
2033-01-05,6.5562,6.5562,6.5562,6.5562,82346000,0.00%,25752458,214155279958,539876.85,0
2033-01-06,6.5562,6.5628,6.5628,6.5562,89760000,0.10%,501050833,214720338333,589076.93,565058374
2033-01-07,6.5628,6.5628,6.5628,6.5628,59598000,0.00%,441452833,214720338333,391129.75,0
2033-01-10,6.5628,6.5628,6.5628,6.5628,62304000,0.00%,379148833,214720338333,408888.69,0
2033-01-11,6.5628,6.5628,6.5628,6.5628,43670000,0.00%,335478833,214720338333,286597.48,0
2033-01-12,6.5628,6.5628,6.5628,6.5628,78584000,0.00%,256894833,214720338333,515731.08,0
2033-01-13,6.5628,6.5628,6.5628,6.5628,89210000,0.00%,167684833,214720338333,585467.39,0
2033-01-14,6.5628,6.5628,6.5628,6.5628,46134000,0.00%,121550833,214720338333,302768.22,0
2033-01-17,6.5628,6.5628,6.5628,6.5628,43978000,0.00%,77572833,214720338333,288618.82,0
2033-01-18,6.5628,6.5628,6.5628,6.5628,35420000,0.00%,42152833,214720338333,232454.38,0
2033-01-19,6.5628,6.5694,6.5694,6.5628,59664000,0.10%,554112946,215291962446,391956.68,571624112
2033-01-20,6.5694,6.5694,6.5694,6.5694,38170000,0.00%,515942946,215291962446,250754.0,0
2033-01-21,6.5694,6.5694,6.5694,6.5694,37092000,0.00%,478850946,215291962446,243672.18,0
2033-01-27,6.5694,6.5694,6.5694,6.5694,52206000,0.00%,426644946,215291962446,342962.1,0
2033-01-28,6.5694,6.5694,6.5694,6.5694,40986000,0.00%,385658946,215291962446,269253.43,0
2033-01-31,6.5694,6.5694,6.5694,6.5694,117986000,0.00%,267672946,215291962446,775097.23,0
2033-02-01,6.5694,6.5694,6.5694,6.5694,122672000,0.00%,145000946,215291962446,805881.44,0
2033-02-02,6.5694,6.5694,6.5694,6.5694,69124000,0.00%,75876946,215291962446,454103.21,0
2033-02-03,6.5694,6.5694,6.5694,6.5694,52272000,0.00%,23604946,215291962446,343395.68,0
2033-02-04,6.5694,6.5759,6.5759,6.5694,57068000,0.10%,544146153,215869571653,375273.46,577609207
2033-02-07,6.5759,6.5759,6.5759,6.5759,56298000,0.00%,487848153,215869571653,370210.02,0
2033-02-08,6.5759,6.5759,6.5759,6.5759,43560000,0.00%,444288153,215869571653,286446.2,0
2033-02-09,6.5759,6.5759,6.5759,6.5759,37994000,0.00%,406294153,215869571653,249844.74,0
2033-02-10,6.5759,6.5759,6.5759,6.5759,58652000,0.00%,347642153,215869571653,385689.69,0
2033-02-11,6.5759,6.5759,6.5759,6.5759,54142000,0.00%,293500153,215869571653,356032.38,0
2033-02-14,6.5759,6.5759,6.5759,6.5759,44792000,0.00%,248708153,215869571653,294547.71,0
2033-02-15,6.5759,6.5759,6.5759,6.5759,39446000,0.00%,209262153,215869571653,259392.95,0
2033-02-16,6.5759,6.5759,6.5759,6.5759,36300000,0.00%,172962153,215869571653,238705.17,0
2033-02-17,6.5759,6.5759,6.5759,6.5759,48202000,0.00%,124760153,215869571653,316971.53,0
2033-02-18,6.5759,6.5759,6.5759,6.5759,38984000,0.00%,85776153,215869571653,256354.89,0
2033-02-21,6.5759,6.5759,6.5759,6.5759,27082000,0.00%,58694153,215869571653,178088.52,0
2033-02-22,6.5759,6.5825,6.5825,6.5759,64482000,0.10%,571698820,216447058320,424452.77,577486666
2033-02-23,6.5825,6.5825,6.5825,6.5825,72930000,0.00%,498768820,216447058320,480061.72,0
2033-02-24,6.5825,6.5825,6.5825,6.5825,42746000,0.00%,456022820,216447058320,281375.54,0
2033-02-25,6.5825,6.5825,6.5825,6.5825,53724000,0.00%,402298820,216447058320,353638.23,0
2033-02-28,6.5825,6.5825,6.5825,6.5825,45056000,0.00%,357242820,216447058320,296581.12,0
2033-03-01,6.5825,6.5825,6.5825,6.5825,57222000,0.00%,300020820,216447058320,376663.82,0
2033-03-02,6.5825,6.5825,6.5825,6.5825,78342000,0.00%,221678820,216447058320,515686.21,0
2033-03-03,6.5825,6.5825,6.5825,6.5825,32560000,0.00%,189118820,216447058320,214326.2,0
2033-03-04,6.5825,6.5825,6.5825,6.5825,39116000,0.00%,150002820,216447058320,257481.07,0
2033-03-07,6.5825,6.5825,6.5825,6.5825,27786000,0.00%,122216820,216447058320,182901.35,0
2033-03-08,6.5825,6.5825,6.5825,6.5825,37488000,0.00%,84728820,216447058320,246764.76,0
2033-03-09,6.5825,6.5825,6.5825,6.5825,46662000,0.00%,38066820,216447058320,307152.61,0
2033-03-10,6.5825,6.5825,6.5825,6.5825,37994000,0.00%,72820,216447058320,250095.5,0
2033-03-11,6.5825,6.5891,6.5891,6.5825,82720000,0.10%,499109716,217028815216,545050.35,581756896
2033-03-14,6.5891,6.5891,6.5891,6.5891,59686000,0.00%,439423716,217028815216,393277.02,0
2033-03-15,6.5891,6.5891,6.5891,6.5891,46904000,0.00%,392519716,217028815216,309055.15,0
2033-03-16,6.5891,6.5891,6.5891,6.5891,36454000,0.00%,356065716,217028815216,240199.05,0
2033-03-17,6.5891,6.5891,6.5891,6.5891,52206000,0.00%,303859716,217028815216,343990.55,0
2033-03-18,6.5891,6.5891,6.5891,6.5891,63866000,0.00%,239993716,217028815216,420819.46,0
2033-03-21,6.5891,6.5891,6.5891,6.5891,44968000,0.00%,195025716,217028815216,296298.65,0
2033-03-22,6.5891,6.5891,6.5891,6.5891,46816000,0.00%,148209716,217028815216,308475.31,0
2033-03-23,6.5891,6.5891,6.5891,6.5891,43230000,0.00%,104979716,217028815216,284846.79,0
2033-03-24,6.5891,6.5891,6.5891,6.5891,103070000,0.00%,1909716,217028815216,679138.54,0
2033-03-25,6.5891,6.5957,6.5957,6.5891,73084000,0.10%,520297041,217620286541,482040.14,591471325
2033-03-28,6.5957,6.5957,6.5957,6.5957,56760000,0.00%,463537041,217620286541,374371.93,0
2033-03-29,6.5957,6.5957,6.5957,6.5957,68948000,0.00%,394589041,217620286541,454760.32,0
2033-03-30,6.5957,6.5957,6.5957,6.5957,79420000,0.00%,315169041,217620286541,523830.49,0
2033-03-31,6.5957,6.5957,6.5957,6.5957,55528000,0.00%,259641041,217620286541,366246.03,0
2033-04-01,6.5957,6.5957,6.5957,6.5957,57112000,0.00%,202529041,217620286541,376693.62,0
2033-04-04,6.5957,6.5957,6.5957,6.5957,41294000,0.00%,161235041,217620286541,272362.84,0
2033-04-05,6.5957,6.5957,6.5957,6.5957,31350000,0.00%,129885041,217620286541,206775.2,0
2033-04-07,6.5957,6.5957,6.5957,6.5957,32890000,0.00%,96995041,217620286541,216932.57,0
2033-04-12,6.5957,6.5957,6.5957,6.5957,48246000,0.00%,48749041,217620286541,318216.14,0
2033-04-13,6.5957,6.6023,6.6023,6.5957,89034000,0.10%,555307531,218215879031,587829.18,595592489
2033-04-14,6.6023,6.6023,6.6023,6.6023,54912000,0.00%,500395531,218215879031,362545.5,0
2033-04-15,6.6023,6.6023,6.6023,6.6023,28028000,0.00%,472367531,218215879031,185049.26,0
2033-04-18,6.6023,6.6023,6.6023,6.6023,34562000,0.00%,437805531,218215879031,228188.69,0
2033-04-19,6.6023,6.6023,6.6023,6.6023,30118000,0.00%,407687531,218215879031,198848.07,0
2033-04-20,6.6023,6.6023,6.6023,6.6023,35816000,0.00%,371871531,218215879031,236467.98,0
2033-04-21,6.6023,6.6023,6.6023,6.6023,23166000,0.00%,348705531,218215879031,152948.88,0
2033-04-22,6.6023,6.6023,6.6023,6.6023,36344000,0.00%,312361531,218215879031,239953.99,0
2033-04-25,6.6023,6.6023,6.6023,6.6023,45034000,0.00%,267327531,218215879031,297327.98,0
2033-04-26,6.6023,6.6023,6.6023,6.6023,46090000,0.00%,221237531,218215879031,304300.01,0
2033-04-27,6.6023,6.6023,6.6023,6.6023,55044000,0.00%,166193531,218215879031,363417.0,0
2033-04-28,6.6023,6.6023,6.6023,6.6023,32472000,0.00%,133721531,218215879031,214389.89,0
2033-04-29,6.6023,6.6023,6.6023,6.6023,33858000,0.00%,99863531,218215879031,223540.67,0
2033-05-03,6.6023,6.6023,6.6023,6.6023,19030000,0.00%,80833531,218215879031,125641.77,0
2033-05-04,6.6023,6.6023,6.6023,6.6023,23210000,0.00%,57623531,218215879031,153239.38,0
2033-05-05,6.6023,6.6023,6.6023,6.6023,38676000,0.00%,18947531,218215879031,255350.55,0
2033-05-06,6.6023,6.6089,6.6089,6.6023,32582000,0.10%,579398286,218808911786,215331.18,593032754
2033-05-09,6.6089,6.6089,6.6089,6.6089,23584000,0.00%,555814286,218808911786,155864.3,0
2033-05-10,6.6089,6.6089,6.6089,6.6089,51788000,0.00%,504026286,218808911786,342261.71,0
2033-05-11,6.6089,6.6089,6.6089,6.6089,34254000,0.00%,469772286,218808911786,226381.26,0
2033-05-12,6.6089,6.6089,6.6089,6.6089,38654000,0.00%,431118286,218808911786,255460.42,0
2033-05-13,6.6089,6.6089,6.6089,6.6089,39578000,0.00%,391540286,218808911786,261567.04,0
2033-05-16,6.6089,6.6089,6.6089,6.6089,52228000,0.00%,339312286,218808911786,345169.63,0
2033-05-17,6.6089,6.6089,6.6089,6.6089,31064000,0.00%,308248286,218808911786,205298.87,0
2033-05-18,6.6089,6.6089,6.6089,6.6089,43032000,0.00%,265216286,218808911786,284394.18,0
2033-05-19,6.6089,6.6089,6.6089,6.6089,75702000,0.00%,189514286,218808911786,500306.95,0
2033-05-20,6.6089,6.6089,6.6089,6.6089,49918000,0.00%,139596286,218808911786,329903.07,0
2033-05-23,6.6089,6.6089,6.6089,6.6089,44088000,0.00%,95508286,218808911786,291373.18,0
2033-05-24,6.6089,6.6089,6.6089,6.6089,33044000,0.00%,62464286,218808911786,218384.49,0
2033-05-25,6.6089,6.6089,6.6089,6.6089,29810000,0.00%,32654286,218808911786,197011.31,0
2033-05-26,6.6089,6.6155,6.6155,6.6089,57266000,0.10%,564319460,219397842960,378843.22,588931173
2033-05-30,6.6155,6.6155,6.6155,6.6155,63448000,0.00%,500871460,219397842960,419740.24,0
2033-05-31,6.6155,6.6155,6.6155,6.6155,47828000,0.00%,453043460,219397842960,316406.13,0
2033-06-01,6.6155,6.6155,6.6155,6.6155,70686000,0.00%,382357460,219397842960,467623.23,0
2033-06-02,6.6155,6.6155,6.6155,6.6155,50490000,0.00%,331867460,219397842960,334016.6,0
2033-06-03,6.6155,6.6155,6.6155,6.6155,70532000,0.00%,261335460,219397842960,466604.45,0
2033-06-06,6.6155,6.6155,6.6155,6.6155,43758000,0.00%,217577460,219397842960,289481.05,0
2033-06-07,6.6155,6.6155,6.6155,6.6155,36740000,0.00%,180837460,219397842960,243053.47,0
2033-06-08,6.6155,6.6155,6.6155,6.6155,40150000,0.00%,140687460,219397842960,265612.33,0
2033-06-09,6.6155,6.6155,6.6155,6.6155,28886000,0.00%,111801460,219397842960,191095.33,0
2033-06-10,6.6155,6.6155,6.6155,6.6155,35596000,0.00%,76205460,219397842960,235485.34,0
2033-06-13,6.6155,6.6155,6.6155,6.6155,29678000,0.00%,46527460,219397842960,196334.81,0
2033-06-14,6.6155,6.6221,6.6221,6.6155,50864000,0.10%,557558183,219959737683,336826.49,561894723
2033-06-15,6.6221,6.6221,6.6221,6.6221,48576000,0.00%,508982183,219959737683,321675.13,0
2033-06-16,6.6221,6.6221,6.6221,6.6221,55022000,0.00%,453960183,219959737683,364361.19,0
2033-06-17,6.6221,6.6221,6.6221,6.6221,78870000,0.00%,375090183,219959737683,522285.03,0
2033-06-20,6.6221,6.6221,6.6221,6.6221,44594000,0.00%,330496183,219959737683,295305.93,0
2033-06-21,6.6221,6.6221,6.6221,6.6221,35816000,0.00%,294680183,219959737683,237177.13,0
2033-06-22,6.6221,6.6221,6.6221,6.6221,42460000,0.00%,252220183,219959737683,281174.37,0
2033-06-24,6.6221,6.6221,6.6221,6.6221,30580000,0.00%,221640183,219959737683,202503.82,0
2033-06-27,6.6221,6.6221,6.6221,6.6221,39952000,0.00%,181688183,219959737683,264566.14,0
2033-06-28,6.6221,6.6221,6.6221,6.6221,38478000,0.00%,143210183,219959737683,254805.16,0
2033-06-29,6.6221,6.6221,6.6221,6.6221,34958000,0.00%,108252183,219959737683,231495.37,0
2033-06-30,6.6221,6.6221,6.6221,6.6221,29744000,0.00%,78508183,219959737683,196967.74,0
2033-07-01,6.6221,6.6221,6.6221,6.6221,35640000,0.00%,42868183,219959737683,236011.64,0
2033-07-04,6.6221,6.6221,6.6221,6.6221,31240000,0.00%,11628183,219959737683,206874.4,0
2033-07-05,6.6221,6.6287,6.6287,6.6221,20768000,0.10%,547249114,220516126614,137664.84,556388931
2033-07-06,6.6287,6.6287,6.6287,6.6287,21692000,0.00%,525557114,220516126614,143789.76,0
2033-07-07,6.6287,6.6287,6.6287,6.6287,43516000,0.00%,482041114,220516126614,288454.51,0
2033-07-08,6.6287,6.6287,6.6287,6.6287,47520000,0.00%,434521114,220516126614,314995.82,0
2033-07-11,6.6287,6.6287,6.6287,6.6287,38038000,0.00%,396483114,220516126614,252142.49,0
2033-07-12,6.6287,6.6287,6.6287,6.6287,27192000,0.00%,369291114,220516126614,180247.61,0
2033-07-13,6.6287,6.6287,6.6287,6.6287,37070000,0.00%,332221114,220516126614,245725.91,0
2033-07-14,6.6287,6.6287,6.6287,6.6287,60104000,0.00%,272117114,220516126614,398411.38,0
2033-07-15,6.6287,6.6287,6.6287,6.6287,46662000,0.00%,225455114,220516126614,309308.4,0
2033-07-19,6.6287,6.6287,6.6287,6.6287,64130000,0.00%,161325114,220516126614,425098.53,0
2033-07-20,6.6287,6.6287,6.6287,6.6287,48202000,0.00%,113123114,220516126614,319516.6,0
2033-07-21,6.6287,6.6287,6.6287,6.6287,36432000,0.00%,76691114,220516126614,241496.8,0
2033-07-22,6.6287,6.6287,6.6287,6.6287,26048000,0.00%,50643114,220516126614,172664.38,0
2033-07-25,6.6287,6.6287,6.6287,6.6287,38390000,0.00%,12253114,220516126614,254475.79,0
2033-07-26,6.6287,6.6354,6.6354,6.6287,64240000,0.10%,501789518,221069903018,426258.1,553776404
2033-07-27,6.6354,6.6354,6.6354,6.6354,32868000,0.00%,468921518,221069903018,218092.33,0
2033-07-28,6.6354,6.6354,6.6354,6.6354,30030000,0.00%,438891518,221069903018,199261.06,0
2033-07-29,6.6354,6.6354,6.6354,6.6354,48928000,0.00%,389963518,221069903018,324656.85,0
2033-08-01,6.6354,6.6354,6.6354,6.6354,80960000,0.00%,309003518,221069903018,537201.98,0
2033-08-02,6.6354,6.6354,6.6354,6.6354,51568000,0.00%,257435518,221069903018,342174.31,0
2033-08-03,6.6354,6.6354,6.6354,6.6354,46288000,0.00%,211147518,221069903018,307139.4,0
2033-08-04,6.6354,6.6354,6.6354,6.6354,36652000,0.00%,174495518,221069903018,243200.68,0
2033-08-05,6.6354,6.6354,6.6354,6.6354,42020000,0.00%,132475518,221069903018,278819.51,0
2033-08-08,6.6354,6.6354,6.6354,6.6354,20856000,0.00%,111619518,221069903018,138387.9,0
2033-08-09,6.6354,6.6354,6.6354,6.6354,33836000,0.00%,77783518,221069903018,224515.39,0
2033-08-10,6.6354,6.6354,6.6354,6.6354,26224000,0.00%,51559518,221069903018,174006.73,0
2033-08-11,6.6354,6.6354,6.6354,6.6354,24618000,0.00%,26941518,221069903018,163350.28,0
2033-08-12,6.6354,6.642,6.642,6.6354,27060000,0.10%,546997720,221617019220,179732.52,547116201
2033-08-15,6.642,6.642,6.642,6.642,34650000,0.00%,512347720,221617019220,230145.3,0
2033-08-16,6.642,6.642,6.642,6.642,23738000,0.00%,488609720,221617019220,157667.8,0
2033-08-17,6.642,6.642,6.642,6.642,36256000,0.00%,452353720,221617019220,240812.35,0
2033-08-18,6.642,6.642,6.642,6.642,63404000,0.00%,388949720,221617019220,421129.37,0
2033-08-19,6.642,6.642,6.642,6.642,39842000,0.00%,349107720,221617019220,264630.56,0
2033-08-22,6.642,6.642,6.642,6.642,56540000,0.00%,292567720,221617019220,375538.68,0
2033-08-23,6.642,6.642,6.642,6.642,54296000,0.00%,238271720,221617019220,360634.03,0
2033-08-24,6.642,6.642,6.642,6.642,37928000,0.00%,200343720,221617019220,251917.78,0
2033-08-25,6.642,6.642,6.642,6.642,49148000,0.00%,151195720,221617019220,326441.02,0
2033-08-26,6.642,6.642,6.642,6.642,27588000,0.00%,123607720,221617019220,183239.5,0
2033-08-29,6.642,6.642,6.642,6.642,42680000,0.00%,80927720,221617019220,283480.56,0
2033-08-30,6.642,6.642,6.642,6.642,33836000,0.00%,47091720,221617019220,224738.71,0
2033-08-31,6.642,6.642,6.642,6.642,33418000,0.00%,13673720,221617019220,221962.36,0
2033-09-01,6.642,6.6486,6.6486,6.642,109428000,0.10%,445086763,222157860263,727543.0,540841042
2033-09-05,6.6486,6.6486,6.6486,6.6486,67650000,0.00%,377436763,222157860263,449777.79,0
2033-09-06,6.6486,6.6486,6.6486,6.6486,29150000,0.00%,348286763,222157860263,193806.69,0
2033-09-07,6.6486,6.6486,6.6486,6.6486,36278000,0.00%,312008763,222157860263,241197.91,0
2033-09-08,6.6486,6.6486,6.6486,6.6486,36784000,0.00%,275224763,222157860263,244562.1,0
2033-09-12,6.6486,6.6486,6.6486,6.6486,41382000,0.00%,233842763,222157860263,275132.37,0
2033-09-13,6.6486,6.6486,6.6486,6.6486,22880000,0.00%,210962763,222157860263,152119.97,0
2033-09-14,6.6486,6.6486,6.6486,6.6486,23452000,0.00%,187510763,222157860263,155922.97,0
2033-09-15,6.6486,6.6486,6.6486,6.6486,22330000,0.00%,165180763,222157860263,148463.24,0
2033-09-16,6.6486,6.6486,6.6486,6.6486,42284000,0.00%,122896763,222157860263,281129.4,0
2033-09-19,6.6486,6.6486,6.6486,6.6486,32428000,0.00%,90468763,222157860263,215600.8,0
2033-09-20,6.6486,6.6486,6.6486,6.6486,34276000,0.00%,56192763,222157860263,227887.41,0
2033-09-21,6.6486,6.6486,6.6486,6.6486,30052000,0.00%,26140763,222157860263,199803.73,0
2033-09-22,6.6486,6.6553,6.6553,6.6486,42064000,0.10%,515599070,222689382570,279948.54,531522306
2033-09-23,6.6553,6.6553,6.6553,6.6553,46728000,0.00%,468871070,222689382570,310988.86,0
2033-09-26,6.6553,6.6553,6.6553,6.6553,40282000,0.00%,428589070,222689382570,268088.79,0
2033-09-27,6.6553,6.6553,6.6553,6.6553,35024000,0.00%,393565070,222689382570,233095.23,0
2033-09-28,6.6553,6.6553,6.6553,6.6553,31240000,0.00%,362325070,222689382570,207911.57,0
2033-09-29,6.6553,6.6553,6.6553,6.6553,34320000,0.00%,328005070,222689382570,228409.9,0
2033-09-30,6.6553,6.6553,6.6553,6.6553,24750000,0.00%,303255070,222689382570,164718.68,0
2033-10-04,6.6553,6.6553,6.6553,6.6553,33264000,0.00%,269991070,222689382570,221381.9,0
2033-10-05,6.6553,6.6553,6.6553,6.6553,24068000,0.00%,245923070,222689382570,160179.76,0
2033-10-06,6.6553,6.6553,6.6553,6.6553,23760000,0.00%,222163070,222689382570,158129.93,0
2033-10-07,6.6553,6.6553,6.6553,6.6553,24376000,0.00%,197787070,222689382570,162229.59,0
2033-10-10,6.6553,6.6553,6.6553,6.6553,25080000,0.00%,172707070,222689382570,166914.92,0
2033-10-11,6.6553,6.6553,6.6553,6.6553,36190000,0.00%,136517070,222689382570,240855.31,0
2033-10-12,6.6553,6.6553,6.6553,6.6553,36124000,0.00%,100393070,222689382570,240416.06,0
2033-10-13,6.6553,6.6553,6.6553,6.6553,29590000,0.00%,70803070,222689382570,196930.33,0
2033-10-14,6.6553,6.6553,6.6553,6.6553,29414000,0.00%,41389070,222689382570,195758.99,0
2033-10-17,6.6553,6.6553,6.6553,6.6553,27390000,0.00%,13999070,222689382570,182288.67,0
2033-10-18,6.6553,6.6619,6.6619,6.6553,20240000,0.10%,521477074,223217100574,134836.86,527718004
2033-10-19,6.6619,6.6619,6.6619,6.6619,26400000,0.00%,495077074,223217100574,175874.16,0
2033-10-20,6.6619,6.6619,6.6619,6.6619,37884000,0.00%,457193074,223217100574,252379.42,0
2033-10-21,6.6619,6.6619,6.6619,6.6619,42262000,0.00%,414931074,223217100574,281545.22,0
2033-10-25,6.6619,6.6619,6.6619,6.6619,47564000,0.00%,367367074,223217100574,316866.61,0
2033-10-26,6.6619,6.6619,6.6619,6.6619,38522000,0.00%,328845074,223217100574,256629.71,0
2033-10-27,6.6619,6.6619,6.6619,6.6619,25190000,0.00%,303655074,223217100574,167813.26,0
2033-10-28,6.6619,6.6619,6.6619,6.6619,36212000,0.00%,267443074,223217100574,241240.72,0
2033-10-31,6.6619,6.6619,6.6619,6.6619,31592000,0.00%,235851074,223217100574,210462.74,0
2033-11-01,6.6619,6.6619,6.6619,6.6619,30206000,0.00%,205645074,223217100574,201229.35,0
2033-11-02,6.6619,6.6619,6.6619,6.6619,24222000,0.00%,181423074,223217100574,161364.54,0
2033-11-03,6.6619,6.6619,6.6619,6.6619,23056000,0.00%,158367074,223217100574,153596.77,0
2033-11-04,6.6619,6.6619,6.6619,6.6619,47476000,0.00%,110891074,223217100574,316280.36,0
2033-11-07,6.6619,6.6619,6.6619,6.6619,59092000,0.00%,51799074,223217100574,393664.99,0
2033-11-08,6.6619,6.6619,6.6619,6.6619,29480000,0.00%,22319074,223217100574,196392.81,0
2033-11-09,6.6619,6.6686,6.6686,6.6619,28336000,0.10%,515979150,223739096650,188961.45,521996075
2033-11-10,6.6686,6.6686,6.6686,6.6686,22594000,0.00%,493385150,223739096650,150670.35,0
2033-11-11,6.6686,6.6686,6.6686,6.6686,21714000,0.00%,471671150,223739096650,144801.98,0
2033-11-14,6.6686,6.6686,6.6686,6.6686,29898000,0.00%,441773150,223739096650,199377.8,0
2033-11-15,6.6686,6.6686,6.6686,6.6686,27456000,0.00%,414317150,223739096650,183093.08,0
2033-11-16,6.6686,6.6686,6.6686,6.6686,71390000,0.00%,342927150,223739096650,476071.35,0
2033-11-17,6.6686,6.6686,6.6686,6.6686,77660000,0.00%,265267150,223739096650,517883.48,0
2033-11-18,6.6686,6.6686,6.6686,6.6686,48334000,0.00%,216933150,223739096650,322320.11,0
2033-11-21,6.6686,6.6686,6.6686,6.6686,61116000,0.00%,155817150,223739096650,407558.16,0
2033-11-22,6.6686,6.6686,6.6686,6.6686,53218000,0.00%,102599150,223739096650,354889.55,0
2033-11-23,6.6686,6.6686,6.6686,6.6686,31174000,0.00%,71425150,223739096650,207886.94,0
2033-11-24,6.6686,6.6686,6.6686,6.6686,31966000,0.00%,39459150,223739096650,213168.47,0
2033-11-25,6.6686,6.6686,6.6686,6.6686,33528000,0.00%,5931150,223739096650,223584.82,0
2033-11-28,6.6686,6.6753,6.6753,6.6686,26906000,0.10%,502902119,224262973619,179605.62,523876969
2033-11-29,6.6753,6.6753,6.6753,6.6753,33330000,0.00%,469572119,224262973619,222487.75,0
2033-11-30,6.6753,6.6753,6.6753,6.6753,37092000,0.00%,432480119,224262973619,247600.23,0
2033-12-01,6.6753,6.6753,6.6753,6.6753,66682000,0.00%,365798119,224262973619,445122.35,0
2033-12-02,6.6753,6.6753,6.6753,6.6753,33330000,0.00%,332468119,224262973619,222487.75,0
2033-12-05,6.6753,6.6753,6.6753,6.6753,32802000,0.00%,299666119,224262973619,218963.19,0
2033-12-06,6.6753,6.6753,6.6753,6.6753,52206000,0.00%,247460119,224262973619,348490.71,0
2033-12-07,6.6753,6.6753,6.6753,6.6753,34980000,0.00%,212480119,224262973619,233501.99,0
2033-12-08,6.6753,6.6753,6.6753,6.6753,30140000,0.00%,182340119,224262973619,201193.54,0
2033-12-09,6.6753,6.6753,6.6753,6.6753,36520000,0.00%,145820119,224262973619,243781.96,0
2033-12-12,6.6753,6.6753,6.6753,6.6753,40480000,0.00%,105340119,224262973619,270216.14,0
2033-12-13,6.6753,6.6753,6.6753,6.6753,28600000,0.00%,76740119,224262973619,190913.58,0
2033-12-14,6.6753,6.6753,6.6753,6.6753,31130000,0.00%,45610119,224262973619,207802.09,0
2033-12-15,6.6753,6.6753,6.6753,6.6753,37840000,0.00%,7770119,224262973619,252593.35,0
2033-12-16,6.6753,6.6819,6.6819,6.6753,68024000,0.10%,464416206,224787643706,454529.57,524670087
2033-12-19,6.6819,6.6819,6.6819,6.6819,26598000,0.00%,437818206,224787643706,177725.18,0
2033-12-20,6.6819,6.6819,6.6819,6.6819,27566000,0.00%,410252206,224787643706,184193.26,0
2033-12-21,6.6819,6.6819,6.6819,6.6819,31218000,0.00%,379034206,224787643706,208595.55,0
2033-12-22,6.6819,6.6819,6.6819,6.6819,22374000,0.00%,356660206,224787643706,149500.83,0
2033-12-23,6.6819,6.6819,6.6819,6.6819,323422000,0.00%,33238206,224787643706,2161073.46,0
2033-12-28,6.6819,6.6886,6.6886,6.6819,141834000,0.10%,429169029,225325408529,948670.89,537764822
2033-12-29,6.6886,6.6886,6.6886,6.6886,83248000,0.00%,345921029,225325408529,556812.57,0
2033-12-30,6.6886,6.6886,6.6886,6.6886,43164000,0.00%,302757029,225325408529,288706.73,0
2034-01-03,6.6886,6.6886,6.6886,6.6886,52537500,0.00%,250219529,225325408529,351402.32,0
2034-01-04,6.6886,6.6886,6.6886,6.6886,45877500,0.00%,204342029,225325408529,306856.25,0
2034-01-05,6.6886,6.6886,6.6886,6.6886,45495000,0.00%,158847029,225325408529,304297.86,0
2034-01-06,6.6886,6.6886,6.6886,6.6886,53437500,0.00%,105409529,225325408529,357422.06,0
2034-01-09,6.6886,6.6886,6.6886,6.6886,37619999,0.00%,67789529,225325408529,251625.13,0
2034-01-10,6.6886,6.6886,6.6886,6.6886,38092500,0.00%,29697029,225325408529,254785.5,0
2034-01-11,6.6886,6.6953,6.6953,6.6886,43087500,0.10%,525786429,225864585429,288483.74,539176900
2034-01-12,6.6953,6.6953,6.6953,6.6953,46350000,0.00%,479436429,225864585429,310327.16,0
2034-01-13,6.6953,6.6953,6.6953,6.6953,35482500,0.00%,443953929,225864585429,237565.98,0
2034-01-16,6.6953,6.6953,6.6953,6.6953,36742499,0.00%,407211429,225864585429,246002.06,0
2034-01-17,6.6953,6.6953,6.6953,6.6953,50040000,0.00%,357171429,225864585429,335032.81,0
2034-01-18,6.6953,6.6953,6.6953,6.6953,81247500,0.00%,275923929,225864585429,543976.39,0
2034-01-19,6.6953,6.6953,6.6953,6.6953,55350000,0.00%,220573929,225864585429,370584.85,0
2034-01-20,6.6953,6.6953,6.6953,6.6953,60525000,0.00%,160048929,225864585429,405233.03,0
2034-01-23,6.6953,6.6953,6.6953,6.6953,75712500,0.00%,84336429,225864585429,506917.9,0
2034-01-24,6.6953,6.6953,6.6953,6.6953,80122500,0.00%,4213929,225864585429,536444.17,0
2034-01-25,6.6953,6.702,6.702,6.6953,76185000,0.10%,449478655,226386035155,510591.87,521449725
2034-01-26,6.702,6.702,6.702,6.702,76860000,0.00%,372618655,226386035155,515115.72,0
2034-01-27,6.702,6.702,6.702,6.702,55845000,0.00%,316773655,226386035155,374273.19,0
2034-01-30,6.702,6.702,6.702,6.702,45360000,0.00%,271413655,226386035155,304002.72,0
2034-01-31,6.702,6.702,6.702,6.702,48397500,0.00%,223016155,226386035155,324360.04,0
2034-02-01,6.702,6.702,6.702,6.702,45112500,0.00%,177903655,226386035155,302343.98,0
2034-02-02,6.702,6.702,6.702,6.702,38992500,0.00%,138911155,226386035155,261327.74,0
2034-02-03,6.702,6.702,6.702,6.702,69862500,0.00%,69048655,226386035155,468218.48,0
2034-02-06,6.702,6.702,6.702,6.702,46035000,0.00%,23013655,226386035155,308526.57,0
2034-02-07,6.702,6.7087,6.7087,6.702,64935000,0.10%,469150093,226897106593,435629.43,511071437
2034-02-08,6.7087,6.7087,6.7087,6.7087,59265000,0.00%,409885093,226897106593,397591.11,0
2034-02-09,6.7087,6.7087,6.7087,6.7087,40297500,0.00%,369587593,226897106593,270343.84,0
2034-02-10,6.7087,6.7087,6.7087,6.7087,15142500,0.00%,354445093,226897106593,101586.49,0
2034-02-15,6.7087,6.7087,6.7087,6.7087,26032500,0.00%,328412593,226897106593,174644.23,0
2034-02-16,6.7087,6.7087,6.7087,6.7087,28282500,0.00%,300130093,226897106593,189738.81,0
2034-02-17,6.7087,6.7087,6.7087,6.7087,38745000,0.00%,261385093,226897106593,259928.58,0
2034-02-20,6.7087,6.7087,6.7087,6.7087,34695000,0.00%,226690093,226897106593,232758.35,0
2034-02-21,6.7087,6.7087,6.7087,6.7087,35482500,0.00%,191207593,226897106593,238041.45,0
2034-02-22,6.7087,6.7087,6.7087,6.7087,53887500,0.00%,137320093,226897106593,361515.07,0
2034-02-23,6.7087,6.7087,6.7087,6.7087,27990000,0.00%,109330093,226897106593,187776.51,0
2034-02-24,6.7087,6.7087,6.7087,6.7087,29767500,0.00%,79562593,226897106593,199701.23,0
2034-02-27,6.7087,6.7087,6.7087,6.7087,27922500,0.00%,51640093,226897106593,187323.68,0
2034-02-28,6.7087,6.7154,6.7154,6.7087,53122500,0.10%,490511715,227389100715,356738.84,491994121
2034-03-01,6.7154,6.7154,6.7154,6.7154,58275000,0.00%,432236715,227389100715,391339.93,0
2034-03-02,6.7154,6.7154,6.7154,6.7154,66870000,0.00%,365366715,227389100715,449058.8,0
2034-03-03,6.7154,6.7154,6.7154,6.7154,62887500,0.00%,302479215,227389100715,422314.72,0
2034-03-06,6.7154,6.7154,6.7154,6.7154,31117500,0.00%,271361715,227389100715,208966.46,0
2034-03-07,6.7154,6.7154,6.7154,6.7154,58635000,0.00%,212726715,227389100715,393757.48,0
2034-03-08,6.7154,6.7154,6.7154,6.7154,52402500,0.00%,160324215,227389100715,351903.75,0
2034-03-09,6.7154,6.7154,6.7154,6.7154,38610000,0.00%,121714215,227389100715,259281.59,0
2034-03-10,6.7154,6.7154,6.7154,6.7154,27945000,0.00%,93769215,227389100715,187661.85,0
2034-03-13,6.7154,6.7154,6.7154,6.7154,40207500,0.00%,53561715,227389100715,270009.45,0
2034-03-14,6.7154,6.7221,6.7221,6.7154,82192500,0.10%,459522668,227877254168,552506.2,488153453
2034-03-15,6.7221,6.7221,6.7221,6.7221,45157500,0.00%,414365168,227877254168,303553.23,0
2034-03-16,6.7221,6.7221,6.7221,6.7221,32017500,0.00%,382347668,227877254168,215224.84,0
2034-03-17,6.7221,6.7221,6.7221,6.7221,65655000,0.00%,316692668,227877254168,441339.48,0
2034-03-20,6.7221,6.7221,6.7221,6.7221,44167500,0.00%,272525168,227877254168,296898.35,0
2034-03-21,6.7221,6.7221,6.7221,6.7221,35190000,0.00%,237335168,227877254168,236550.7,0
2034-03-22,6.7221,6.7221,6.7221,6.7221,35145000,0.00%,202190168,227877254168,236248.2,0
2034-03-23,6.7221,6.7221,6.7221,6.7221,82957500,0.00%,119232668,227877254168,557648.61,0
2034-03-24,6.7221,6.7221,6.7221,6.7221,59467500,0.00%,59765168,227877254168,399746.48,0
2034-03-27,6.7221,6.7221,6.7221,6.7221,47542500,0.00%,12222668,227877254168,319585.44,0
2034-03-28,6.7221,6.7289,6.7289,6.7221,76500000,0.10%,424312661,228365844161,514760.85,488589993
2034-03-29,6.7289,6.7289,6.7289,6.7289,87187500,0.00%,337125161,228365844161,586675.97,0
2034-03-30,6.7289,6.7289,6.7289,6.7289,67500000,0.00%,269625161,228365844161,454200.75,0
2034-04-04,6.7289,6.7289,6.7289,6.7289,59760000,0.00%,209865161,228365844161,402119.06,0
2034-04-05,6.7289,6.7289,6.7289,6.7289,44325000,0.00%,165540161,228365844161,298258.49,0
2034-04-07,6.7289,6.7289,6.7289,6.7289,30555000,0.00%,134985161,228365844161,205601.54,0
2034-04-10,6.7289,6.7289,6.7289,6.7289,48735000,0.00%,86250161,228365844161,327932.94,0
2034-04-11,6.7289,6.7289,6.7289,6.7289,40230000,0.00%,46020161,228365844161,270703.65,0
2034-04-12,6.7289,6.7356,6.7356,6.7289,55642500,0.10%,477807641,228853274141,374785.62,487429979
2034-04-13,6.7356,6.7356,6.7356,6.7356,42367500,0.00%,435440141,228853274141,285370.53,0
2034-04-14,6.7356,6.7356,6.7356,6.7356,51817500,0.00%,383622641,228853274141,349021.95,0
2034-04-17,6.7356,6.7356,6.7356,6.7356,41175000,0.00%,342447641,228853274141,277338.33,0
2034-04-18,6.7356,6.7356,6.7356,6.7356,44302500,0.00%,298145141,228853274141,298403.92,0
2034-04-19,6.7356,6.7356,6.7356,6.7356,32422500,0.00%,265722641,228853274141,218384.99,0
2034-04-20,6.7356,6.7356,6.7356,6.7356,42885000,0.00%,222837641,228853274141,288856.21,0
2034-04-21,6.7356,6.7356,6.7356,6.7356,43807500,0.00%,179030141,228853274141,295069.8,0
2034-04-24,6.7356,6.7356,6.7356,6.7356,92542500,0.00%,86487641,228853274141,623329.26,0
2034-04-25,6.7356,6.7423,6.7423,6.7356,98595000,0.10%,474023373,229339404873,664757.07,486130732
2034-04-26,6.7423,6.7423,6.7423,6.7423,93307500,0.00%,380715873,229339404873,629107.16,0
2034-04-27,6.7423,6.7423,6.7423,6.7423,62392500,0.00%,318323373,229339404873,420668.95,0
2034-04-28,6.7423,6.7423,6.7423,6.7423,66600000,0.00%,251723373,229339404873,449037.18,0
2034-05-01,6.7423,6.7423,6.7423,6.7423,57195000,0.00%,194528373,229339404873,385625.85,0
2034-05-02,6.7423,6.7423,6.7423,6.7423,35910000,0.00%,158618373,229339404873,242115.99,0
2034-05-04,6.7423,6.7423,6.7423,6.7423,50580000,0.00%,108038373,229339404873,341025.53,0
2034-05-05,6.7423,6.7423,6.7423,6.7423,53077500,0.00%,54960873,229339404873,357864.43,0
2034-05-08,6.7423,6.7491,6.7491,6.7423,58972500,0.10%,486390350,229829806850,398011.3,490401976
2034-05-09,6.7491,6.7491,6.7491,6.7491,43672500,0.00%,442717850,229829806850,294750.07,0
2034-05-10,6.7491,6.7491,6.7491,6.7491,45135000,0.00%,397582850,229829806850,304620.63,0
2034-05-11,6.7491,6.7491,6.7491,6.7491,36067500,0.00%,361515350,229829806850,243423.16,0
2034-05-12,6.7491,6.7491,6.7491,6.7491,35302500,0.00%,326212850,229829806850,238260.1,0
2034-05-15,6.7491,6.7491,6.7491,6.7491,46260000,0.00%,279952850,229829806850,312213.37,0
2034-05-16,6.7491,6.7491,6.7491,6.7491,48600000,0.00%,231352850,229829806850,328006.26,0
2034-05-18,6.7491,6.7491,6.7491,6.7491,131467500,0.00%,99885350,229829806850,887287.3,0
2034-05-19,6.7491,6.7491,6.7491,6.7491,62820000,0.00%,37065350,229829806850,423978.46,0
2034-05-22,6.7491,6.7558,6.7558,6.7491,50242500,0.10%,481563376,230324547376,339428.28,494740526
2034-05-23,6.7558,6.7558,6.7558,6.7558,69030000,0.00%,412533376,230324547376,466352.87,0
2034-05-24,6.7558,6.7558,6.7558,6.7558,50332500,0.00%,362200876,230324547376,340036.3,0
2034-05-25,6.7558,6.7558,6.7558,6.7558,41220000,0.00%,320980876,230324547376,278474.08,0
2034-05-26,6.7558,6.7558,6.7558,6.7558,43065000,0.00%,277915876,230324547376,290938.53,0
2034-05-29,6.7558,6.7558,6.7558,6.7558,72292500,0.00%,205623376,230324547376,488393.67,0
2034-05-30,6.7558,6.7558,6.7558,6.7558,37372500,0.00%,168250876,230324547376,252481.14,0
2034-05-31,6.7558,6.7558,6.7558,6.7558,61605000,0.00%,106645876,230324547376,416191.06,0
2034-06-01,6.7558,6.7558,6.7558,6.7558,49522500,0.00%,57123376,230324547376,334564.11,0
2034-06-02,6.7558,6.7626,6.7626,6.7558,90090000,0.10%,467402676,230824916676,609242.63,500369299
2034-06-05,6.7626,6.7626,6.7626,6.7626,63292500,0.00%,404110176,230824916676,428021.86,0
2034-06-06,6.7626,6.7626,6.7626,6.7626,40590000,0.00%,363520176,230824916676,274493.93,0
2034-06-07,6.7626,6.7626,6.7626,6.7626,45472500,0.00%,318047676,230824916676,307512.33,0
2034-06-08,6.7626,6.7626,6.7626,6.7626,42502500,0.00%,275545176,230824916676,287427.41,0
2034-06-09,6.7626,6.7626,6.7626,6.7626,56812500,0.00%,218732676,230824916676,384200.21,0
2034-06-13,6.7626,6.7626,6.7626,6.7626,59625000,0.00%,159107676,230824916676,403220.03,0
2034-06-14,6.7626,6.7626,6.7626,6.7626,33660000,0.00%,125447676,230824916676,227629.12,0
2034-06-15,6.7626,6.7626,6.7626,6.7626,34515000,0.00%,90932676,230824916676,233411.14,0
2034-06-16,6.7626,6.7626,6.7626,6.7626,46935000,0.00%,43997676,230824916676,317402.63,0
2034-06-19,6.7626,6.7626,6.7626,6.7626,34380000,0.00%,9617676,230824916676,232498.19,0
2034-06-20,6.7626,6.7693,6.7693,6.7626,32130000,0.10%,473581153,231321010153,217497.61,496093477
2034-06-21,6.7693,6.7693,6.7693,6.7693,50197500,0.00%,423383653,231321010153,339801.94,0
2034-06-22,6.7693,6.7693,6.7693,6.7693,31612500,0.00%,391771153,231321010153,213994.5,0
2034-06-23,6.7693,6.7693,6.7693,6.7693,58185000,0.00%,333586153,231321010153,393871.72,0
2034-06-26,6.7693,6.7693,6.7693,6.7693,29070000,0.00%,304516153,231321010153,196783.55,0
2034-06-27,6.7693,6.7693,6.7693,6.7693,28777500,0.00%,275738653,231321010153,194803.53,0
2034-06-28,6.7693,6.7693,6.7693,6.7693,26752500,0.00%,248986153,231321010153,181095.7,0
2034-06-29,6.7693,6.7693,6.7693,6.7693,39397500,0.00%,209588653,231321010153,266693.5,0
2034-06-30,6.7693,6.7693,6.7693,6.7693,35010000,0.00%,174578653,231321010153,236993.19,0
2034-07-04,6.7693,6.7693,6.7693,6.7693,61357500,0.00%,113221153,231321010153,415347.32,0
2034-07-05,6.7693,6.7693,6.7693,6.7693,50085000,0.00%,63136153,231321010153,339040.39,0
2034-07-06,6.7693,6.7693,6.7693,6.7693,34740000,0.00%,28396153,231321010153,235165.48,0
2034-07-07,6.7693,6.7693,6.7693,6.7693,23670000,0.00%,4726153,231321010153,160229.33,0
2034-07-10,6.7693,6.7761,6.7761,6.7693,26145000,0.10%,469702348,231812131348,177161.13,491121195
2034-07-11,6.7761,6.7761,6.7761,6.7761,29295000,0.00%,440407348,231812131348,198505.85,0
2034-07-12,6.7761,6.7761,6.7761,6.7761,35077500,0.00%,405329848,231812131348,237688.65,0
2034-07-13,6.7761,6.7761,6.7761,6.7761,37327500,0.00%,368002348,231812131348,252934.87,0
2034-07-14,6.7761,6.7761,6.7761,6.7761,61920000,0.00%,306082348,231812131348,419576.11,0
2034-07-17,6.7761,6.7761,6.7761,6.7761,30780000,0.00%,275302348,231812131348,208568.36,0
2034-07-18,6.7761,6.7761,6.7761,6.7761,42885000,0.00%,232417348,231812131348,290593.05,0
2034-07-19,6.7761,6.7761,6.7761,6.7761,58185000,0.00%,174232348,231812131348,394267.38,0
2034-07-20,6.7761,6.7761,6.7761,6.7761,42615000,0.00%,131617348,231812131348,288763.5,0
2034-07-21,6.7761,6.7761,6.7761,6.7761,51952500,0.00%,79664848,231812131348,352035.34,0
2034-07-24,6.7761,6.7761,6.7761,6.7761,38160000,0.00%,41504848,231812131348,258575.98,0
2034-07-25,6.7761,6.7761,6.7761,6.7761,27225000,0.00%,14279848,231812131348,184479.32,0
2034-07-26,6.7761,6.7829,6.7829,6.7761,26550000,0.10%,482792352,232307193852,180085.99,495062503
2034-07-27,6.7829,6.7829,6.7829,6.7829,58027500,0.00%,424764852,232307193852,393594.73,0
2034-07-28,6.7829,6.7829,6.7829,6.7829,29857500,0.00%,394907352,232307193852,202520.44,0
2034-07-31,6.7829,6.7829,6.7829,6.7829,28957500,0.00%,365949852,232307193852,196415.83,0
2034-08-01,6.7829,6.7829,6.7829,6.7829,21937500,0.00%,344012352,232307193852,148799.87,0
2034-08-02,6.7829,6.7829,6.7829,6.7829,45675000,0.00%,298337352,232307193852,309808.96,0
2034-08-03,6.7829,6.7829,6.7829,6.7829,27922500,0.00%,270414852,232307193852,189395.53,0
2034-08-04,6.7829,6.7829,6.7829,6.7829,39847500,0.00%,230567352,232307193852,270281.61,0
2034-08-07,6.7829,6.7829,6.7829,6.7829,51660000,0.00%,178907352,232307193852,350404.61,0
2034-08-08,6.7829,6.7829,6.7829,6.7829,39757500,0.00%,139149852,232307193852,269671.15,0
2034-08-09,6.7829,6.7829,6.7829,6.7829,35640000,0.00%,103509852,232307193852,241742.56,0
2034-08-10,6.7829,6.7829,6.7829,6.7829,42322500,0.00%,61187352,232307193852,287069.29,0
2034-08-11,6.7829,6.7829,6.7829,6.7829,36787500,0.00%,24399852,232307193852,249525.93,0
2034-08-14,6.7829,6.7829,6.7829,6.7829,22995000,0.00%,1404852,232307193852,155972.79,0
2034-08-15,6.7829,6.7897,6.7897,6.7829,30577500,0.10%,465086859,232801453359,207612.05,494259506
2034-08-16,6.7897,6.7897,6.7897,6.7897,42052500,0.00%,423034359,232801453359,285523.86,0
2034-08-17,6.7897,6.7897,6.7897,6.7897,48240000,0.00%,374794359,232801453359,327535.13,0
2034-08-18,6.7897,6.7897,6.7897,6.7897,36922500,0.00%,337871859,232801453359,250692.7,0
2034-08-21,6.7897,6.7897,6.7897,6.7897,34222500,0.00%,303649359,232801453359,232360.51,0
2034-08-22,6.7897,6.7897,6.7897,6.7897,26662500,0.00%,276986859,232801453359,181030.38,0
2034-08-23,6.7897,6.7897,6.7897,6.7897,26212500,0.00%,250774359,232801453359,177975.01,0
2034-08-24,6.7897,6.7897,6.7897,6.7897,37777500,0.00%,212996859,232801453359,256497.89,0
2034-08-25,6.7897,6.7897,6.7897,6.7897,29385000,0.00%,183611859,232801453359,199515.33,0
2034-08-28,6.7897,6.7897,6.7897,6.7897,36562500,0.00%,147049359,232801453359,248248.41,0
2034-08-29,6.7897,6.7897,6.7897,6.7897,30780000,0.00%,116269359,232801453359,208986.97,0
2034-08-30,6.7897,6.7897,6.7897,6.7897,32850000,0.00%,83419359,232801453359,223041.65,0
2034-08-31,6.7897,6.7897,6.7897,6.7897,29002500,0.00%,54416859,232801453359,196918.27,0
2034-09-01,6.7897,6.7964,6.7964,6.7897,69457500,0.10%,475569462,233292063462,472060.95,490610103
2034-09-04,6.7964,6.7964,6.7964,6.7964,31230000,0.00%,444339462,233292063462,212251.57,0
2034-09-05,6.7964,6.7964,6.7964,6.7964,22072500,0.00%,422266962,233292063462,150013.54,0
2034-09-06,6.7964,6.7964,6.7964,6.7964,29880000,0.00%,392386962,233292063462,203076.43,0
2034-09-07,6.7964,6.7964,6.7964,6.7964,21555000,0.00%,370831962,233292063462,146496.4,0
2034-09-11,6.7964,6.7964,6.7964,6.7964,45180000,0.00%,325651962,233292063462,307061.35,0
2034-09-12,6.7964,6.7964,6.7964,6.7964,27675000,0.00%,297976962,233292063462,188090.37,0
2034-09-13,6.7964,6.7964,6.7964,6.7964,27090000,0.00%,270886962,233292063462,184114.48,0
2034-09-14,6.7964,6.7964,6.7964,6.7964,31050000,0.00%,239836962,233292063462,211028.22,0
2034-09-15,6.7964,6.7964,6.7964,6.7964,24772500,0.00%,215064462,233292063462,168363.82,0
2034-09-18,6.7964,6.7964,6.7964,6.7964,17302500,0.00%,197761962,233292063462,117594.71,0
2034-09-19,6.7964,6.7964,6.7964,6.7964,22837500,0.00%,174924462,233292063462,155212.79,0
2034-09-21,6.7964,6.7964,6.7964,6.7964,58050000,0.00%,116874462,233292063462,394531.02,0
2034-09-22,6.7964,6.7964,6.7964,6.7964,63922500,0.00%,52951962,233292063462,434442.88,0
2034-09-25,6.7964,6.7964,6.7964,6.7964,34245000,0.00%,18706962,233292063462,232742.72,0
2034-09-26,6.7964,6.8032,6.8032,6.7964,96570000,0.10%,413157026,233783083526,656985.02,491020063
2034-09-27,6.8032,6.8032,6.8032,6.8032,90247500,0.00%,322909526,233783083526,613971.79,0
2034-09-28,6.8032,6.8032,6.8032,6.8032,113062500,0.00%,209847026,233783083526,769186.8,0
2034-09-29,6.8032,6.8032,6.8032,6.8032,128587500,0.00%,81259526,233783083526,874806.48,0
2034-10-02,6.8032,6.81,6.81,6.8032,169785000,0.10%,416825273,234288434273,1156235.85,505350747
2034-10-04,6.81,6.81,6.81,6.81,109732500,0.00%,307092773,234288434273,747278.33,0
2034-10-05,6.81,6.81,6.81,6.81,71100000,0.00%,235992773,234288434273,484191.0,0
2034-10-06,6.81,6.81,6.81,6.81,55485000,0.00%,180507773,234288434273,377852.85,0
2034-10-09,6.81,6.81,6.81,6.81,56992500,0.00%,123515273,234288434273,388118.92,0
2034-10-10,6.81,6.8169,6.8169,6.81,158557500,0.10%,479072978,234802549478,1080870.62,514115204
2034-10-11,6.8169,6.8169,6.8169,6.8169,104332500,0.00%,374740478,234802549478,711224.22,0
2034-10-12,6.8169,6.8169,6.8169,6.8169,74497500,0.00%,300242978,234802549478,507842.01,0
2034-10-16,6.8169,6.8169,6.8169,6.8169,68220000,0.00%,232022978,234802549478,465048.92,0
2034-10-17,6.8169,6.8169,6.8169,6.8169,75329999,0.00%,156692978,234802549478,513517.08,0
2034-10-18,6.8169,6.8169,6.8169,6.8169,50602500,0.00%,106090478,234802549478,344952.18,0
2034-10-19,6.8169,6.8169,6.8169,6.8169,37080000,0.00%,69010478,234802549478,252770.65,0
2034-10-20,6.8169,6.8169,6.8169,6.8169,58410000,0.00%,10600478,234802549478,398175.13,0
2034-10-23,6.8169,6.8237,6.8237,6.8169,36742499,0.10%,494910003,235323601503,250719.8,521052025
2034-10-24,6.8237,6.8237,6.8237,6.8237,24817500,0.00%,470092503,235323601503,169347.17,0
2034-10-25,6.8237,6.8237,6.8237,6.8237,32985000,0.00%,437107503,235323601503,225079.74,0
2034-10-26,6.8237,6.8237,6.8237,6.8237,25200000,0.00%,411907503,235323601503,171957.24,0
2034-10-27,6.8237,6.8237,6.8237,6.8237,26887500,0.00%,385020003,235323601503,183472.23,0
2034-10-30,6.8237,6.8237,6.8237,6.8237,34987500,0.00%,350032503,235323601503,238744.2,0
2034-10-31,6.8237,6.8237,6.8237,6.8237,31050000,0.00%,318982503,235323601503,211875.89,0
2034-11-01,6.8237,6.8237,6.8237,6.8237,40275000,0.00%,278707503,235323601503,274824.52,0
2034-11-02,6.8237,6.8237,6.8237,6.8237,51187500,0.00%,227520003,235323601503,349288.14,0
2034-11-03,6.8237,6.8237,6.8237,6.8237,47452500,0.00%,180067503,235323601503,323801.62,0
2034-11-06,6.8237,6.8237,6.8237,6.8237,26347500,0.00%,153720003,235323601503,179787.44,0
2034-11-07,6.8237,6.8237,6.8237,6.8237,34357500,0.00%,119362503,235323601503,234445.27,0
2034-11-08,6.8237,6.8237,6.8237,6.8237,46710000,0.00%,72652503,235323601503,318735.03,0
2034-11-09,6.8237,6.8237,6.8237,6.8237,44820000,0.00%,27832503,235323601503,305838.23,0
2034-11-10,6.8237,6.8305,6.8305,6.8237,43627500,0.10%,506852015,235846248515,297997.64,522647011
2034-11-13,6.8305,6.8305,6.8305,6.8305,51435000,0.00%,455417015,235846248515,351326.77,0
2034-11-14,6.8305,6.8305,6.8305,6.8305,61425000,0.00%,393992015,235846248515,419563.46,0
2034-11-15,6.8305,6.8305,6.8305,6.8305,63697500,0.00%,330294515,235846248515,435085.77,0
2034-11-16,6.8305,6.8305,6.8305,6.8305,78525000,0.00%,251769515,235846248515,536365.01,0
2034-11-17,6.8305,6.8305,6.8305,6.8305,65385000,0.00%,186384515,235846248515,446612.24,0
2034-11-20,6.8305,6.8305,6.8305,6.8305,46102500,0.00%,140282015,235846248515,314903.13,0
2034-11-21,6.8305,6.8305,6.8305,6.8305,31230000,0.00%,109052015,235846248515,213316.52,0
2034-11-22,6.8305,6.8305,6.8305,6.8305,33772500,0.00%,75279515,235846248515,230683.06,0
2034-11-23,6.8305,6.8305,6.8305,6.8305,28125000,0.00%,47154515,235846248515,192107.81,0
2034-11-24,6.8305,6.8305,6.8305,6.8305,38137500,0.00%,9017015,235846248515,260498.19,0
2034-11-27,6.8305,6.8373,6.8373,6.8305,62752500,0.10%,471065337,236371049337,429057.67,524800821
2034-11-28,6.8373,6.8373,6.8373,6.8373,38115000,0.00%,432950337,236371049337,260603.69,0
2034-11-29,6.8373,6.8373,6.8373,6.8373,37552500,0.00%,395397837,236371049337,256757.71,0
2034-11-30,6.8373,6.8373,6.8373,6.8373,29407500,0.00%,365990337,236371049337,201067.9,0
2034-12-01,6.8373,6.8373,6.8373,6.8373,35167500,0.00%,330822837,236371049337,240450.75,0
2034-12-04,6.8373,6.8373,6.8373,6.8373,29992500,0.00%,300830337,236371049337,205067.72,0
2034-12-05,6.8373,6.8373,6.8373,6.8373,41310000,0.00%,259520337,236371049337,282448.86,0
2034-12-06,6.8373,6.8373,6.8373,6.8373,31612500,0.00%,227907837,236371049337,216144.15,0
2034-12-07,6.8373,6.8373,6.8373,6.8373,29947500,0.00%,197960337,236371049337,204760.04,0
2034-12-08,6.8373,6.8373,6.8373,6.8373,62347500,0.00%,135612837,236371049337,426288.56,0
2034-12-11,6.8373,6.8373,6.8373,6.8373,50535000,0.00%,85077837,236371049337,345522.96,0
2034-12-12,6.8373,6.8373,6.8373,6.8373,68130000,0.00%,16947837,236371049337,465825.25,0
2034-12-13,6.8373,6.8442,6.8442,6.8373,29475000,0.10%,516413941,236899990441,201732.8,528941104
2034-12-14,6.8442,6.8442,6.8442,6.8442,52672500,0.00%,463741441,236899990441,360501.12,0
2034-12-15,6.8442,6.8442,6.8442,6.8442,36675000,0.00%,427066441,236899990441,251011.04,0
2034-12-18,6.8442,6.8442,6.8442,6.8442,31635000,0.00%,395431441,236899990441,216516.27,0
2034-12-19,6.8442,6.8442,6.8442,6.8442,37755000,0.00%,357676441,236899990441,258402.77,0
2034-12-20,6.8442,6.8442,6.8442,6.8442,33547500,0.00%,324128941,236899990441,229605.8,0
2034-12-21,6.8442,6.8442,6.8442,6.8442,78007500,0.00%,246121441,236899990441,533898.93,0
2034-12-22,6.8442,6.8442,6.8442,6.8442,100867500,0.00%,145253941,236899990441,690357.34,0
2034-12-25,6.8442,6.8442,6.8442,6.8442,46935000,0.00%,98318941,236899990441,321232.53,0
2034-12-26,6.8442,6.8442,6.8442,6.8442,17707500,0.00%,80611441,236899990441,121193.67,0
2034-12-29,6.8442,6.8442,6.8442,6.8442,30487500,0.00%,50123941,236899990441,208662.55,0
2035-01-01,6.8442,6.8442,6.8442,6.8442,31095999,0.00%,19027941,236899990441,212827.24,0
2035-01-02,6.8442,6.851,6.851,6.8442,25000999,0.10%,530112188,237436075688,171281.85,536085246
2035-01-04,6.851,6.851,6.851,6.851,47679000,0.00%,482433188,237436075688,326648.83,0
2035-01-05,6.851,6.851,6.851,6.851,38732000,0.00%,443701188,237436075688,265352.93,0
2035-01-08,6.851,6.851,6.851,6.851,38801000,0.00%,404900188,237436075688,265825.65,0
2035-01-09,6.851,6.851,6.851,6.851,328716000,0.00%,76184188,237436075688,2252033.32,0
2035-01-10,6.851,6.8579,6.8579,6.851,219557999,0.10%,414242085,237993691585,1505706.81,557615897
2035-01-11,6.8579,6.8579,6.8579,6.8579,139334000,0.00%,274908085,237993691585,955538.64,0
2035-01-12,6.8579,6.8579,6.8579,6.8579,85215000,0.00%,189693085,237993691585,584395.95,0
2035-01-15,6.8579,6.8579,6.8579,6.8579,80017000,0.00%,109676085,237993691585,548748.58,0
2035-01-16,6.8579,6.8579,6.8579,6.8579,93426000,0.00%,16250085,237993691585,640706.17,0
2035-01-17,6.8579,6.8647,6.8647,6.8579,67067999,0.10%,518186038,238562695538,460401.7,569003952
2035-01-18,6.8647,6.8647,6.8647,6.8647,60121999,0.00%,458064038,238562695538,412719.49,0
2035-01-19,6.8647,6.8647,6.8647,6.8647,39422000,0.00%,418642038,238562695538,270620.2,0
2035-01-22,6.8647,6.8647,6.8647,6.8647,71622000,0.00%,347020038,238562695538,491663.54,0
2035-01-23,6.8647,6.8647,6.8647,6.8647,58074999,0.00%,288945038,238562695538,398667.45,0
2035-01-24,6.8647,6.8647,6.8647,6.8647,41078000,0.00%,247867038,238562695538,281988.15,0
2035-01-25,6.8647,6.8647,6.8647,6.8647,48897999,0.00%,198969038,238562695538,335670.1,0
2035-01-26,6.8647,6.8647,6.8647,6.8647,55383999,0.00%,143585038,238562695538,380194.54,0
2035-01-29,6.8647,6.8647,6.8647,6.8647,54302999,0.00%,89282038,238562695538,372773.8,0
2035-01-30,6.8647,6.8647,6.8647,6.8647,32659999,0.00%,56622038,238562695538,224201.1,0
2035-02-05,6.8647,6.8716,6.8716,6.8647,64215999,0.10%,569705627,239139995127,441266.67,577299589
2035-02-06,6.8716,6.8716,6.8716,6.8716,71944000,0.00%,497761627,239139995127,494370.39,0
2035-02-07,6.8716,6.8716,6.8716,6.8716,73899000,0.00%,423862627,239139995127,507804.37,0
2035-02-08,6.8716,6.8716,6.8716,6.8716,45057000,0.00%,378805627,239139995127,309613.68,0
2035-02-09,6.8716,6.8716,6.8716,6.8716,79511000,0.00%,299294627,239139995127,546367.79,0
2035-02-12,6.8716,6.8716,6.8716,6.8716,72243000,0.00%,227051627,239139995127,496425.0,0
2035-02-13,6.8716,6.8716,6.8716,6.8716,71047000,0.00%,156004627,239139995127,488206.57,0
2035-02-14,6.8716,6.8716,6.8716,6.8716,87998000,0.00%,68006627,239139995127,604687.06,0
2035-02-15,6.8716,6.8785,6.8785,6.8716,140277000,0.10%,515424459,239727689959,964895.34,587694831
2035-02-16,6.8785,6.8785,6.8785,6.8785,171396000,0.00%,344028459,239727689959,1178947.39,0
2035-02-19,6.8785,6.8785,6.8785,6.8785,290306000,0.00%,53722459,239727689959,1996869.82,0
2035-02-20,6.8785,6.8853,6.8853,6.8785,143819000,0.10%,517590445,240335376945,990236.96,607686986
2035-02-21,6.8853,6.8853,6.8853,6.8853,78499000,0.00%,439091445,240335376945,540489.16,0
2035-02-22,6.8853,6.8853,6.8853,6.8853,79465000,0.00%,359626445,240335376945,547140.36,0
2035-02-23,6.8853,6.8853,6.8853,6.8853,169165000,0.00%,190461445,240335376945,1164751.77,0
2035-02-26,6.8853,6.8853,6.8853,6.8853,155342000,0.00%,35119445,240335376945,1069576.27,0
2035-02-27,6.8853,6.8922,6.8922,6.8853,129972999,0.10%,529093899,240959324399,895799.91,623947454
2035-02-28,6.8922,6.8922,6.8922,6.8922,93127000,0.00%,435966899,240959324399,641849.91,0
2035-03-01,6.8922,6.8922,6.8922,6.8922,89470000,0.00%,346496899,240959324399,616645.13,0
2035-03-02,6.8922,6.8922,6.8922,6.8922,119967999,0.00%,226528899,240959324399,826843.45,0
2035-03-05,6.8922,6.8922,6.8922,6.8922,75325000,0.00%,151203899,240959324399,519154.97,0
2035-03-06,6.8922,6.8922,6.8922,6.8922,71576000,0.00%,79627899,240959324399,493316.11,0
2035-03-07,6.8922,6.8991,6.8991,6.8922,80891000,0.10%,634554408,241595141908,558075.1,635817509
2035-03-08,6.8991,6.8991,6.8991,6.8991,183264000,0.00%,451290408,241595141908,1264356.66,0
2035-03-09,6.8991,6.8991,6.8991,6.8991,106926999,0.00%,344363408,241595141908,737700.07,0
2035-03-12,6.8991,6.8991,6.8991,6.8991,79166000,0.00%,265197408,241595141908,546174.15,0
2035-03-13,6.8991,6.8991,6.8991,6.8991,77855000,0.00%,187342408,241595141908,537129.43,0
2035-03-14,6.8991,6.8991,6.8991,6.8991,64468999,0.00%,122873408,241595141908,444778.08,0
2035-03-15,6.8991,6.8991,6.8991,6.8991,62858999,0.00%,60014408,241595141908,433670.53,0
2035-03-16,6.8991,6.906,6.906,6.8991,70633000,0.10%,640365413,242246125913,487791.5,650984004
2035-03-19,6.906,6.906,6.906,6.906,50829999,0.00%,589535413,242246125913,351031.98,0
2035-03-20,6.906,6.906,6.906,6.906,77372000,0.00%,512163413,242246125913,534331.03,0
2035-03-21,6.906,6.906,6.906,6.906,72680000,0.00%,439483413,242246125913,501928.08,0
2035-03-22,6.906,6.906,6.906,6.906,114654999,0.00%,324828413,242246125913,791807.43,0
2035-03-23,6.906,6.906,6.906,6.906,97197999,0.00%,227630413,242246125913,671249.39,0
2035-03-26,6.906,6.906,6.906,6.906,56579999,0.00%,171050413,242246125913,390741.48,0
2035-03-27,6.906,6.906,6.906,6.906,63801999,0.00%,107248413,242246125913,440616.61,0
2035-03-28,6.906,6.906,6.906,6.906,39813000,0.00%,67435413,242246125913,274948.58,0
2035-03-29,6.906,6.906,6.906,6.906,40480000,0.00%,26955413,242246125913,279554.88,0
2035-03-30,6.906,6.9129,6.9129,6.906,42757000,0.10%,628041133,242889968633,295574.87,643842720
2035-04-02,6.9129,6.9129,6.9129,6.9129,64491999,0.00%,563549133,242889968633,445826.75,0
2035-04-03,6.9129,6.9129,6.9129,6.9129,44896000,0.00%,518653133,242889968633,310361.56,0
2035-04-04,6.9129,6.9129,6.9129,6.9129,32774999,0.00%,485878133,242889968633,226570.3,0
2035-04-05,6.9129,6.9129,6.9129,6.9129,67206000,0.00%,418672133,242889968633,464588.36,0
2035-04-09,6.9129,6.9129,6.9129,6.9129,283728000,0.00%,134944133,242889968633,1961383.29,0
2035-04-10,6.9129,6.9198,6.9198,6.9129,149776000,0.10%,644080796,243548881296,1036419.96,658912662
2035-04-11,6.9198,6.9198,6.9198,6.9198,152904000,0.00%,491176796,243548881296,1058065.1,0
2035-04-12,6.9198,6.9198,6.9198,6.9198,132939999,0.00%,358236796,243548881296,919918.21,0
2035-04-13,6.9198,6.9198,6.9198,6.9198,107156999,0.00%,251079796,243548881296,741505.01,0
2035-04-16,6.9198,6.9198,6.9198,6.9198,69805000,0.00%,181274796,243548881296,483036.64,0
2035-04-17,6.9198,6.9198,6.9198,6.9198,46575000,0.00%,134699796,243548881296,322289.68,0
2035-04-18,6.9198,6.9198,6.9198,6.9198,62835999,0.00%,71863796,243548881296,434812.55,0
2035-04-19,6.9198,6.9198,6.9198,6.9198,56303999,0.00%,15559796,243548881296,389612.42,0
2035-04-24,6.9198,6.9267,6.9267,6.9198,55291999,0.10%,623841713,244212455213,382991.1,663573917
2035-04-25,6.9267,6.9267,6.9267,6.9267,62099999,0.00%,561741713,244212455213,430148.07,0
2035-04-26,6.9267,6.9267,6.9267,6.9267,43493000,0.00%,518248713,244212455213,301262.96,0
2035-04-27,6.9267,6.9267,6.9267,6.9267,66124999,0.00%,452123713,244212455213,458028.04,0
2035-04-30,6.9267,6.9267,6.9267,6.9267,31762999,0.00%,420360713,244212455213,220012.77,0
2035-05-01,6.9267,6.9267,6.9267,6.9267,37651000,0.00%,382709713,244212455213,260797.18,0
2035-05-02,6.9267,6.9267,6.9267,6.9267,35213000,0.00%,347496713,244212455213,243909.89,0
2035-05-04,6.9267,6.9267,6.9267,6.9267,30451999,0.00%,317044713,244212455213,210931.87,0
2035-05-08,6.9267,6.9267,6.9267,6.9267,45563000,0.00%,271481713,244212455213,315601.23,0
2035-05-09,6.9267,6.9267,6.9267,6.9267,58925999,0.00%,212555713,244212455213,408162.72,0
2035-05-10,6.9267,6.9267,6.9267,6.9267,45586000,0.00%,166969713,244212455213,315760.55,0
2035-05-11,6.9267,6.9267,6.9267,6.9267,31693999,0.00%,135275713,244212455213,219534.83,0
2035-05-14,6.9267,6.9267,6.9267,6.9267,82455000,0.00%,52820713,244212455213,571141.05,0
2035-05-15,6.9267,6.9337,6.9337,6.9267,53175999,0.10%,665416793,244878227293,368706.43,665772079
2035-05-16,6.9337,6.9337,6.9337,6.9337,55866999,0.00%,609549793,244878227293,387365.02,0
2035-05-17,6.9337,6.9337,6.9337,6.9337,75439999,0.00%,534109793,244878227293,523078.33,0
2035-05-18,6.9337,6.9337,6.9337,6.9337,49058999,0.00%,485050793,244878227293,340160.39,0
2035-05-21,6.9337,6.9337,6.9337,6.9337,51657999,0.00%,433392793,244878227293,358181.07,0
2035-05-22,6.9337,6.9337,6.9337,6.9337,36317000,0.00%,397075793,244878227293,251811.18,0
2035-05-23,6.9337,6.9337,6.9337,6.9337,43516000,0.00%,353559793,244878227293,301726.89,0
2035-05-24,6.9337,6.9337,6.9337,6.9337,32843999,0.00%,320715793,244878227293,227730.44,0
2035-05-25,6.9337,6.9337,6.9337,6.9337,37398000,0.00%,283317793,244878227293,259306.51,0
2035-05-28,6.9337,6.9337,6.9337,6.9337,39767000,0.00%,243550793,244878227293,275732.45,0
2035-05-29,6.9337,6.9337,6.9337,6.9337,34477000,0.00%,209073793,244878227293,239053.17,0
2035-05-30,6.9337,6.9337,6.9337,6.9337,38663000,0.00%,170410793,244878227293,268077.64,0
2035-05-31,6.9337,6.9337,6.9337,6.9337,44551000,0.00%,125859793,244878227293,308903.27,0
2035-06-01,6.9337,6.9337,6.9337,6.9337,65043999,0.00%,60815793,244878227293,450995.58,0
2035-06-04,6.9337,6.9337,6.9337,6.9337,30106999,0.00%,30708793,244878227293,208752.91,0
2035-06-05,6.9337,6.9406,6.9406,6.9337,33603000,0.10%,663221400,245544342900,233224.98,666115607
2035-06-06,6.9406,6.9406,6.9406,6.9406,42274000,0.00%,620947400,245544342900,293406.92,0
2035-06-07,6.9406,6.9406,6.9406,6.9406,44459000,0.00%,576488400,245544342900,308572.14,0
2035-06-08,6.9406,6.9406,6.9406,6.9406,30221999,0.00%,546266400,245544342900,209758.81,0
2035-06-11,6.9406,6.9406,6.9406,6.9406,42504000,0.00%,503762400,245544342900,295003.26,0
2035-06-12,6.9406,6.9406,6.9406,6.9406,39192000,0.00%,464570400,245544342900,272016.0,0
2035-06-13,6.9406,6.9406,6.9406,6.9406,33994000,0.00%,430576400,245544342900,235938.76,0
2035-06-14,6.9406,6.9406,6.9406,6.9406,30750999,0.00%,399825400,245544342900,213430.39,0
2035-06-15,6.9406,6.9406,6.9406,6.9406,43907000,0.00%,355918400,245544342900,304740.92,0
2035-06-18,6.9406,6.9406,6.9406,6.9406,31693999,0.00%,324224400,245544342900,219975.38,0
2035-06-19,6.9406,6.9406,6.9406,6.9406,26495999,0.00%,297728400,245544342900,183898.14,0
2035-06-20,6.9406,6.9406,6.9406,6.9406,34937000,0.00%,262791400,245544342900,242483.74,0
2035-06-21,6.9406,6.9406,6.9406,6.9406,44597000,0.00%,218194400,245544342900,309529.94,0
2035-06-22,6.9406,6.9406,6.9406,6.9406,47426000,0.00%,170768400,245544342900,329164.9,0
2035-06-25,6.9406,6.9406,6.9406,6.9406,32774999,0.00%,137993400,245544342900,227478.16,0
2035-06-26,6.9406,6.9406,6.9406,6.9406,40871000,0.00%,97122400,245544342900,283669.26,0
2035-06-27,6.9406,6.9406,6.9406,6.9406,40457000,0.00%,56665400,245544342900,280795.85,0
2035-06-28,6.9406,6.9406,6.9406,6.9406,34500000,0.00%,22165400,245544342900,239450.7,0
2035-06-29,6.9406,6.9475,6.9475,6.9406,34914000,0.10%,641778094,246198869594,242565.02,654526694
2035-07-02,6.9475,6.9475,6.9475,6.9475,42458000,0.00%,599320094,246198869594,294976.96,0
2035-07-04,6.9475,6.9475,6.9475,6.9475,41860000,0.00%,557460094,246198869594,290822.35,0
2035-07-05,6.9475,6.9475,6.9475,6.9475,43608000,0.00%,513852094,246198869594,302966.58,0
2035-07-06,6.9475,6.9475,6.9475,6.9475,33718000,0.00%,480134094,246198869594,234255.8,0
2035-07-09,6.9475,6.9475,6.9475,6.9475,26748999,0.00%,453385094,246198869594,185838.68,0
2035-07-10,6.9475,6.9475,6.9475,6.9475,30290999,0.00%,423094094,246198869594,210446.72,0
2035-07-11,6.9475,6.9475,6.9475,6.9475,40986000,0.00%,382108094,246198869594,284750.23,0
2035-07-12,6.9475,6.9475,6.9475,6.9475,32268999,0.00%,349839094,246198869594,224188.88,0
2035-07-13,6.9475,6.9475,6.9475,6.9475,44229000,0.00%,305610094,246198869594,307280.98,0
2035-07-16,6.9475,6.9475,6.9475,6.9475,26909999,0.00%,278700094,246198869594,186957.22,0
2035-07-17,6.9475,6.9475,6.9475,6.9475,63134999,0.00%,215565094,246198869594,438630.41,0
2035-07-18,6.9475,6.9475,6.9475,6.9475,53474999,0.00%,162090094,246198869594,371517.56,0
2035-07-19,6.9475,6.9475,6.9475,6.9475,31601999,0.00%,130488094,246198869594,219554.89,0
2035-07-20,6.9475,6.9475,6.9475,6.9475,31693999,0.00%,98794094,246198869594,220194.06,0
2035-07-23,6.9475,6.9475,6.9475,6.9475,30520999,0.00%,68273094,246198869594,212044.65,0
2035-07-24,6.9475,6.9475,6.9475,6.9475,40480000,0.00%,27793094,246198869594,281234.8,0
2035-07-25,6.9475,6.9545,6.9545,6.9475,107501999,0.10%,566356576,246844935076,747622.66,646065481
2035-07-26,6.9545,6.9545,6.9545,6.9545,55613999,0.00%,510742576,246844935076,386767.56,0
2035-07-27,6.9545,6.9545,6.9545,6.9545,45747000,0.00%,464995576,246844935076,318147.51,0
2035-07-30,6.9545,6.9545,6.9545,6.9545,33718000,0.00%,431277576,246844935076,234491.83,0
2035-07-31,6.9545,6.9545,6.9545,6.9545,38755000,0.00%,392522576,246844935076,269521.65,0
2035-08-01,6.9545,6.9545,6.9545,6.9545,44528000,0.00%,347994576,246844935076,309669.98,0
2035-08-02,6.9545,6.9545,6.9545,6.9545,47035000,0.00%,300959576,246844935076,327104.91,0
2035-08-03,6.9545,6.9545,6.9545,6.9545,48759999,0.00%,252199576,246844935076,339101.42,0
2035-08-06,6.9545,6.9545,6.9545,6.9545,39882000,0.00%,212317576,246844935076,277359.37,0
2035-08-07,6.9545,6.9545,6.9545,6.9545,39905000,0.00%,172412576,246844935076,277519.32,0
2035-08-08,6.9545,6.9545,6.9545,6.9545,47702000,0.00%,124710576,246844935076,331743.56,0
2035-08-09,6.9545,6.9545,6.9545,6.9545,38962000,0.00%,85748576,246844935076,270961.23,0
2035-08-10,6.9545,6.9545,6.9545,6.9545,30612999,0.00%,55135576,246844935076,212898.11,0
2035-08-13,6.9545,6.9545,6.9545,6.9545,27116999,0.00%,28018576,246844935076,188585.18,0
2035-08-14,6.9545,6.9615,6.9615,6.9545,31808999,0.10%,635013181,247483738681,221438.35,638803604
2035-08-15,6.9615,6.9615,6.9615,6.9615,86480000,0.00%,548533181,247483738681,602030.52,0
2035-08-16,6.9615,6.9615,6.9615,6.9615,83582000,0.00%,464951181,247483738681,581856.09,0
2035-08-17,6.9615,6.9615,6.9615,6.9615,51013999,0.00%,413937181,247483738681,355133.96,0
2035-08-20,6.9615,6.9615,6.9615,6.9615,40457000,0.00%,373480181,247483738681,281641.41,0
2035-08-21,6.9615,6.9615,6.9615,6.9615,37628000,0.00%,335852181,247483738681,261947.32,0
2035-08-22,6.9615,6.9615,6.9615,6.9615,36685000,0.00%,299167181,247483738681,255382.63,0
2035-08-23,6.9615,6.9615,6.9615,6.9615,32866999,0.00%,266300181,247483738681,228803.62,0
2035-08-24,6.9615,6.9615,6.9615,6.9615,44574000,0.00%,221726181,247483738681,310301.9,0
2035-08-27,6.9615,6.9615,6.9615,6.9615,59086999,0.00%,162639181,247483738681,411334.15,0
2035-08-28,6.9615,6.9615,6.9615,6.9615,47518000,0.00%,115121181,247483738681,330796.56,0
2035-08-29,6.9615,6.9615,6.9615,6.9615,48897999,0.00%,66223181,247483738681,340403.43,0
2035-08-30,6.9615,6.9615,6.9615,6.9615,49932999,0.00%,16290181,247483738681,347608.58,0
2035-08-31,6.9615,6.9684,6.9684,6.9615,41929000,0.10%,612315549,248121693049,292178.04,637954367
2035-09-03,6.9684,6.9684,6.9684,6.9684,36708000,0.00%,575607549,248121693049,255796.03,0
2035-09-04,6.9684,6.9684,6.9684,6.9684,34063000,0.00%,541544549,248121693049,237364.61,0
2035-09-05,6.9684,6.9684,6.9684,6.9684,35696000,0.00%,505848549,248121693049,248744.01,0
2035-09-06,6.9684,6.9684,6.9684,6.9684,41400000,0.00%,464448549,248121693049,288491.76,0
2035-09-07,6.9684,6.9684,6.9684,6.9684,43815000,0.00%,420633549,248121693049,305320.45,0
2035-09-10,6.9684,6.9684,6.9684,6.9684,50185999,0.00%,370447549,248121693049,349716.12,0
2035-09-11,6.9684,6.9684,6.9684,6.9684,45701000,0.00%,324746549,248121693049,318462.85,0
2035-09-12,6.9684,6.9684,6.9684,6.9684,44137000,0.00%,280609549,248121693049,307564.27,0
2035-09-13,6.9684,6.9684,6.9684,6.9684,41837000,0.00%,238772549,248121693049,291536.95,0
2035-09-14,6.9684,6.9684,6.9684,6.9684,47794000,0.00%,190978549,248121693049,333047.71,0
2035-09-17,6.9684,6.9684,6.9684,6.9684,37651000,0.00%,153327549,248121693049,262367.23,0
2035-09-18,6.9684,6.9684,6.9684,6.9684,30681999,0.00%,122645549,248121693049,213804.45,0
2035-09-19,6.9684,6.9684,6.9684,6.9684,51404999,0.00%,71240549,248121693049,358210.6,0
2035-09-20,6.9684,6.9684,6.9684,6.9684,68977000,0.00%,2263549,248121693049,480659.33,0
2035-09-21,6.9684,6.9754,6.9754,6.9684,47863000,0.10%,595317624,248762610124,333863.57,640917074
2035-09-24,6.9754,6.9754,6.9754,6.9754,29669999,0.00%,565647624,248762610124,206960.12,0
2035-09-25,6.9754,6.9754,6.9754,6.9754,35167000,0.00%,530480624,248762610124,245303.89,0
2035-09-26,6.9754,6.9754,6.9754,6.9754,42412000,0.00%,488068624,248762610124,295840.66,0
2035-09-27,6.9754,6.9754,6.9754,6.9754,39974000,0.00%,448094624,248762610124,278834.64,0
2035-09-28,6.9754,6.9754,6.9754,6.9754,44850000,0.00%,403244624,248762610124,312846.69,0
2035-10-01,6.9754,6.9754,6.9754,6.9754,47127000,0.00%,356117624,248762610124,328729.68,0
2035-10-02,6.9754,6.9754,6.9754,6.9754,47403000,0.00%,308714624,248762610124,330654.89,0
2035-10-04,6.9754,6.9754,6.9754,6.9754,39422000,0.00%,269292624,248762610124,274984.22,0
2035-10-05,6.9754,6.9754,6.9754,6.9754,16398999,0.00%,252893624,248762610124,114389.58,0
2035-10-08,6.9754,6.9754,6.9754,6.9754,18009000,0.00%,234884624,248762610124,125619.98,0
2035-10-10,6.9754,6.9754,6.9754,6.9754,24241999,0.00%,210642624,248762610124,169097.65,0
2035-10-11,6.9754,6.9754,6.9754,6.9754,33234999,0.00%,177407624,248762610124,231827.42,0
2035-10-12,6.9754,6.9754,6.9754,6.9754,45770000,0.00%,131637624,248762610124,319264.06,0
2035-10-15,6.9754,6.9754,6.9754,6.9754,87423000,0.00%,44214624,248762610124,609810.39,0
2035-10-16,6.9754,6.9824,6.9824,6.9754,61639999,0.10%,624855730,249404891230,430395.14,642281106
2035-10-17,6.9824,6.9824,6.9824,6.9824,42274000,0.00%,582581730,249404891230,295173.98,0
2035-10-18,6.9824,6.9824,6.9824,6.9824,32866999,0.00%,549714730,249404891230,229490.54,0
2035-10-19,6.9824,6.9824,6.9824,6.9824,42895000,0.00%,506819730,249404891230,299510.05,0
2035-10-22,6.9824,6.9824,6.9824,6.9824,34408000,0.00%,472411730,249404891230,240250.42,0
2035-10-23,6.9824,6.9824,6.9824,6.9824,32590999,0.00%,439820730,249404891230,227563.4,0
2035-10-24,6.9824,6.9824,6.9824,6.9824,22954000,0.00%,416866730,249404891230,160274.01,0
2035-10-25,6.9824,6.9824,6.9824,6.9824,28565999,0.00%,388300730,249404891230,199459.24,0
2035-10-26,6.9824,6.9824,6.9824,6.9824,27599999,0.00%,360700730,249404891230,192714.24,0
2035-10-29,6.9824,6.9824,6.9824,6.9824,36892000,0.00%,323808730,249404891230,257594.7,0
2035-10-30,6.9824,6.9824,6.9824,6.9824,37490000,0.00%,286318730,249404891230,261770.18,0
2035-11-01,6.9824,6.9824,6.9824,6.9824,50070999,0.00%,236247730,249404891230,349615.75,0
2035-11-02,6.9824,6.9824,6.9824,6.9824,47334000,0.00%,188913730,249404891230,330504.92,0
2035-11-05,6.9824,6.9824,6.9824,6.9824,26656999,0.00%,162256730,249404891230,186129.84,0
2035-11-06,6.9824,6.9824,6.9824,6.9824,34431000,0.00%,127825730,249404891230,240411.01,0
2035-11-07,6.9824,6.9824,6.9824,6.9824,30612999,0.00%,97212730,249404891230,213752.21,0
2035-11-08,6.9824,6.9824,6.9824,6.9824,30083999,0.00%,67128730,249404891230,210058.52,0
2035-11-09,6.9824,6.9824,6.9824,6.9824,30612999,0.00%,36515730,249404891230,213752.21,0
2035-11-12,6.9824,6.9824,6.9824,6.9824,33372999,0.00%,3142730,249404891230,233023.64,0
2035-11-13,6.9824,6.9893,6.9893,6.9824,30106999,0.10%,615194629,250047050129,210426.86,642158898
2035-11-14,6.9893,6.9893,6.9893,6.9893,31417999,0.00%,583776629,250047050129,219589.83,0
2035-11-15,6.9893,6.9893,6.9893,6.9893,39790000,0.00%,543986629,250047050129,278104.25,0
2035-11-16,6.9893,6.9893,6.9893,6.9893,45908000,0.00%,498078629,250047050129,320864.78,0
2035-11-19,6.9893,6.9893,6.9893,6.9893,31716999,0.00%,466361629,250047050129,221679.63,0
2035-11-20,6.9893,6.9893,6.9893,6.9893,43286000,0.00%,423075629,250047050129,302538.84,0
2035-11-21,6.9893,6.9893,6.9893,6.9893,32107999,0.00%,390967629,250047050129,224412.44,0
2035-11-22,6.9893,6.9893,6.9893,6.9893,32245999,0.00%,358721629,250047050129,225376.97,0
2035-11-23,6.9893,6.9893,6.9893,6.9893,54578999,0.00%,304142629,250047050129,381469.0,0
2035-11-26,6.9893,6.9893,6.9893,6.9893,51473999,0.00%,252668629,250047050129,359767.23,0
2035-11-27,6.9893,6.9893,6.9893,6.9893,34224000,0.00%,218444629,250047050129,239201.8,0
2035-11-28,6.9893,6.9893,6.9893,6.9893,33188999,0.00%,185255629,250047050129,231967.88,0
2035-11-29,6.9893,6.9893,6.9893,6.9893,35627000,0.00%,149628629,250047050129,249007.79,0
2035-11-30,6.9893,6.9893,6.9893,6.9893,30405999,0.00%,119222629,250047050129,212516.66,0
2035-12-03,6.9893,6.9893,6.9893,6.9893,29071999,0.00%,90150629,250047050129,203192.93,0
2035-12-04,6.9893,6.9893,6.9893,6.9893,26357999,0.00%,63792629,250047050129,184223.97,0
2035-12-05,6.9893,6.9893,6.9893,6.9893,25299999,0.00%,38492629,250047050129,176829.29,0
2035-12-06,6.9893,6.9893,6.9893,6.9893,35259000,0.00%,3233629,250047050129,246435.73,0
2035-12-07,6.9893,6.9963,6.9963,6.9893,33672000,0.10%,615243004,250692731504,235579.41,645681374
2035-12-10,6.9963,6.9963,6.9963,6.9963,30865999,0.00%,584377004,250692731504,215947.8,0
2035-12-11,6.9963,6.9963,6.9963,6.9963,40089000,0.00%,544288004,250692731504,280474.67,0
2035-12-12,6.9963,6.9963,6.9963,6.9963,33925000,0.00%,510363004,250692731504,237349.48,0
2035-12-13,6.9963,6.9963,6.9963,6.9963,28703999,0.00%,481659004,250692731504,200821.8,0
2035-12-14,6.9963,6.9963,6.9963,6.9963,41009000,0.00%,440650004,250692731504,286911.27,0
2035-12-17,6.9963,6.9963,6.9963,6.9963,34891000,0.00%,405759004,250692731504,244107.9,0
2035-12-18,6.9963,6.9963,6.9963,6.9963,36777000,0.00%,368982004,250692731504,257302.93,0
2035-12-19,6.9963,6.9963,6.9963,6.9963,34086000,0.00%,334896004,250692731504,238475.88,0
2035-12-20,6.9963,6.9963,6.9963,6.9963,23345000,0.00%,311551004,250692731504,163328.62,0
2035-12-21,6.9963,6.9963,6.9963,6.9963,40871000,0.00%,270680004,250692731504,285945.78,0
2035-12-24,6.9963,6.9963,6.9963,6.9963,31900999,0.00%,238779004,250692731504,223188.97,0
2035-12-25,6.9963,6.9963,6.9963,6.9963,35926000,0.00%,202853004,250692731504,251349.07,0
2035-12-26,6.9963,6.9963,6.9963,6.9963,16836000,0.00%,186017004,250692731504,117789.71,0
2035-12-31,6.9963,6.9963,6.9963,6.9963,42550000,0.00%,143467004,250692731504,297692.57,0
2036-01-01,6.9963,6.9963,6.9963,6.9963,31913000,0.00%,111554004,250692731504,223272.92,0
2036-01-02,6.9963,6.9963,6.9963,6.9963,25474000,0.00%,86080004,250692731504,178223.75,0
2036-01-04,6.9963,6.9963,6.9963,6.9963,38070000,0.00%,48010004,250692731504,266349.14,0
2036-01-07,6.9963,6.9963,6.9963,6.9963,46882500,0.00%,1127504,250692731504,328004.03,0
2036-01-08,6.9963,7.0033,7.0033,6.9963,56799500,0.10%,554651865,251303055365,397783.94,610323860
2036-01-09,7.0033,7.0033,7.0033,7.0033,50243000,0.00%,504408865,251303055365,351866.8,0
2036-01-10,7.0033,7.0033,7.0033,7.0033,44039000,0.00%,460369865,251303055365,308418.33,0
2036-01-11,7.0033,7.0033,7.0033,7.0033,41853500,0.00%,418516365,251303055365,293112.62,0
2036-01-14,7.0033,7.0033,7.0033,7.0033,64695500,0.00%,353820865,251303055365,453082.0,0
2036-01-15,7.0033,7.0033,7.0033,7.0033,56893500,0.00%,296927365,251303055365,398442.25,0
2036-01-16,7.0033,7.0033,7.0033,7.0033,67398000,0.00%,229529365,251303055365,472008.41,0
2036-01-17,7.0033,7.0033,7.0033,7.0033,61546500,0.00%,167982865,251303055365,431028.6,0
2036-01-18,7.0033,7.0033,7.0033,7.0033,48457000,0.00%,119525865,251303055365,339358.91,0
2036-01-21,7.0033,7.0033,7.0033,7.0033,31090500,0.00%,88435365,251303055365,217736.1,0
2036-01-22,7.0033,7.0033,7.0033,7.0033,57175500,0.00%,31259865,251303055365,400417.18,0
2036-01-23,7.0033,7.0103,7.0103,7.0033,37600000,0.10%,610667328,251920062828,263587.28,617007463
2036-01-24,7.0103,7.0103,7.0103,7.0103,63849500,0.00%,546817828,251920062828,447604.15,0
2036-01-25,7.0103,7.0103,7.0103,7.0103,45073000,0.00%,501744828,251920062828,315975.25,0
2036-01-28,7.0103,7.0103,7.0103,7.0103,40984000,0.00%,460760828,251920062828,287310.14,0
2036-01-29,7.0103,7.0103,7.0103,7.0103,56141500,0.00%,404619328,251920062828,393568.76,0
2036-01-30,7.0103,7.0103,7.0103,7.0103,60113000,0.00%,344506328,251920062828,421410.16,0
2036-01-31,7.0103,7.0103,7.0103,7.0103,53932500,0.00%,290573828,251920062828,378083.0,0
2036-02-01,7.0103,7.0103,7.0103,7.0103,50478000,0.00%,240095828,251920062828,353865.92,0
2036-02-04,7.0103,7.0103,7.0103,7.0103,65635500,0.00%,174460328,251920062828,460124.55,0
2036-02-05,7.0103,7.0103,7.0103,7.0103,153055500,0.00%,21404828,251920062828,1072964.97,0
2036-02-06,7.0103,7.0173,7.0173,7.0103,141869500,0.10%,505600679,252546128179,995540.84,626065350
2036-02-07,7.0173,7.0173,7.0173,7.0173,186378500,0.00%,319222179,252546128179,1307873.85,0
2036-02-08,7.0173,7.0173,7.0173,7.0173,83190000,0.00%,236032179,252546128179,583769.19,0
2036-02-11,7.0173,7.0173,7.0173,7.0173,61993000,0.00%,174039179,252546128179,435023.48,0
2036-02-12,7.0173,7.0173,7.0173,7.0173,68643500,0.00%,105395679,252546128179,481692.03,0
2036-02-13,7.0173,7.0173,7.0173,7.0173,55836000,0.00%,49559679,252546128179,391817.96,0
2036-02-14,7.0173,7.0244,7.0244,7.0173,93506500,0.10%,594700745,253184775745,656827.06,638647566
2036-02-15,7.0244,7.0244,7.0244,7.0244,63215000,0.00%,531485745,253184775745,444047.45,0
2036-02-18,7.0244,7.0244,7.0244,7.0244,16967000,0.00%,514518745,253184775745,119182.99,0
2036-02-22,7.0244,7.0244,7.0244,7.0244,50172500,0.00%,464346245,253184775745,352431.71,0
2036-02-25,7.0244,7.0244,7.0244,7.0244,52029000,0.00%,412317245,253184775745,365472.51,0
2036-02-26,7.0244,7.0244,7.0244,7.0244,84905500,0.00%,327411745,253184775745,596410.19,0
2036-02-27,7.0244,7.0244,7.0244,7.0244,53674000,0.00%,273737745,253184775745,377027.65,0
2036-02-28,7.0244,7.0244,7.0244,7.0244,60042500,0.00%,213695245,253184775745,421762.54,0
2036-02-29,7.0244,7.0244,7.0244,7.0244,75740500,0.00%,137954745,253184775745,532031.57,0
2036-03-03,7.0244,7.0244,7.0244,7.0244,72427000,0.00%,65527745,253184775745,508756.22,0
2036-03-04,7.0244,7.0244,7.0244,7.0244,64319500,0.00%,1208245,253184775745,451805.9,0
2036-03-05,7.0244,7.0314,7.0314,7.0244,77479500,0.10%,571306104,253832353104,544789.36,647577358
2036-03-06,7.0314,7.0314,7.0314,7.0314,56306000,0.00%,515000104,253832353104,395910.01,0
2036-03-07,7.0314,7.0314,7.0314,7.0314,71346000,0.00%,443654104,253832353104,501662.26,0
2036-03-10,7.0314,7.0314,7.0314,7.0314,73743000,0.00%,369911104,253832353104,518516.53,0
2036-03-11,7.0314,7.0314,7.0314,7.0314,135971000,0.00%,233940104,253832353104,956066.49,0
2036-03-12,7.0314,7.0314,7.0314,7.0314,111907000,0.00%,122033104,253832353104,786862.88,0
2036-03-13,7.0314,7.0314,7.0314,7.0314,46201000,0.00%,75832104,253832353104,324857.71,0
2036-03-14,7.0314,7.0314,7.0314,7.0314,40373000,0.00%,35459104,253832353104,283878.71,0
2036-03-17,7.0314,7.0384,7.0384,7.0314,56917000,0.10%,634020285,254487831285,400604.61,655478180
2036-03-18,7.0384,7.0384,7.0384,7.0384,53744500,0.00%,580275785,254487831285,378275.29,0
2036-03-19,7.0384,7.0384,7.0384,7.0384,50172500,0.00%,530103285,254487831285,353134.12,0
2036-03-20,7.0384,7.0384,7.0384,7.0384,139660500,0.00%,390442785,254487831285,982986.46,0
2036-03-21,7.0384,7.0384,7.0384,7.0384,58562000,0.00%,331880785,254487831285,412182.78,0
2036-03-24,7.0384,7.0384,7.0384,7.0384,82532000,0.00%,249348785,254487831285,580893.23,0
2036-03-25,7.0384,7.0384,7.0384,7.0384,68996000,0.00%,180352785,254487831285,485621.45,0
2036-03-26,7.0384,7.0384,7.0384,7.0384,87772500,0.00%,92580285,254487831285,617777.96,0
2036-03-27,7.0384,7.0384,7.0384,7.0384,53157000,0.00%,39423285,254487831285,374140.23,0
2036-03-28,7.0384,7.0454,7.0454,7.0384,47822500,0.10%,648990420,255145220920,336928.64,657389635
2036-03-31,7.0454,7.0454,7.0454,7.0454,66763500,0.00%,582226920,255145220920,470375.56,0
2036-04-01,7.0454,7.0454,7.0454,7.0454,60630000,0.00%,521596920,255145220920,427162.6,0
2036-04-02,7.0454,7.0454,7.0454,7.0454,50008000,0.00%,471588920,255145220920,352326.36,0
2036-04-03,7.0454,7.0454,7.0454,7.0454,40020500,0.00%,431568420,255145220920,281960.43,0
2036-04-09,7.0454,7.0454,7.0454,7.0454,77221000,0.00%,354347420,255145220920,544052.83,0
2036-04-10,7.0454,7.0454,7.0454,7.0454,48692000,0.00%,305655420,255145220920,343054.62,0
2036-04-11,7.0454,7.0454,7.0454,7.0454,48574500,0.00%,257080920,255145220920,342226.78,0
2036-04-14,7.0454,7.0454,7.0454,7.0454,49679000,0.00%,207401920,255145220920,350008.43,0
2036-04-15,7.0454,7.0454,7.0454,7.0454,41900500,0.00%,165501420,255145220920,295205.78,0
2036-04-16,7.0454,7.0454,7.0454,7.0454,47681500,0.00%,117819920,255145220920,335935.24,0
2036-04-17,7.0454,7.0454,7.0454,7.0454,53016000,0.00%,64803920,255145220920,373518.93,0
2036-04-18,7.0454,7.0454,7.0454,7.0454,32312500,0.00%,32491420,255145220920,227654.49,0
2036-04-21,7.0454,7.0525,7.0525,7.0454,55060500,0.10%,620491005,255788281005,388314.18,643060084
2036-04-22,7.0525,7.0525,7.0525,7.0525,30808500,0.00%,589682505,255788281005,217276.95,0
2036-04-23,7.0525,7.0525,7.0525,7.0525,54449500,0.00%,535233005,255788281005,384005.1,0
2036-04-24,7.0525,7.0525,7.0525,7.0525,55225000,0.00%,480008005,255788281005,389474.31,0
2036-04-25,7.0525,7.0525,7.0525,7.0525,43639500,0.00%,436368505,255788281005,307767.57,0
2036-04-28,7.0525,7.0525,7.0525,7.0525,105867500,0.00%,330501005,255788281005,746630.54,0
2036-04-29,7.0525,7.0525,7.0525,7.0525,60606500,0.00%,269894505,255788281005,427427.34,0
2036-04-30,7.0525,7.0525,7.0525,7.0525,45402000,0.00%,224492505,255788281005,320197.6,0
2036-05-01,7.0525,7.0525,7.0525,7.0525,90263500,0.00%,134229005,255788281005,636583.33,0
2036-05-05,7.0525,7.0525,7.0525,7.0525,55836000,0.00%,78393005,255788281005,393783.39,0
2036-05-06,7.0525,7.0525,7.0525,7.0525,30550000,0.00%,47843005,255788281005,215453.88,0
2036-05-07,7.0525,7.0595,7.0595,7.0525,104269500,0.10%,582874723,256427582223,736090.54,639301218
2036-05-08,7.0595,7.0595,7.0595,7.0595,96326500,0.00%,486548223,256427582223,680016.93,0
2036-05-09,7.0595,7.0595,7.0595,7.0595,59243500,0.00%,427304723,256427582223,418229.49,0
2036-05-12,7.0595,7.0595,7.0595,7.0595,65353500,0.00%,361951223,256427582223,461363.03,0
2036-05-13,7.0595,7.0595,7.0595,7.0595,76304500,0.00%,285646723,256427582223,538671.62,0
2036-05-14,7.0595,7.0595,7.0595,7.0595,62557000,0.00%,223089723,256427582223,441621.14,0
2036-05-15,7.0595,7.0595,7.0595,7.0595,92449000,0.00%,130640723,256427582223,652643.72,0
2036-05-16,7.0595,7.0595,7.0595,7.0595,62157500,0.00%,68483223,256427582223,438800.87,0
2036-05-19,7.0595,7.0666,7.0666,7.0595,69325000,0.10%,614919685,257043343685,489892.04,615761461
2036-05-20,7.0666,7.0666,7.0666,7.0666,79289000,0.00%,535630685,257043343685,560303.65,0
2036-05-21,7.0666,7.0666,7.0666,7.0666,44485500,0.00%,491145185,257043343685,314361.23,0
2036-05-22,7.0666,7.0666,7.0666,7.0666,93177500,0.00%,397967685,257043343685,658448.12,0
2036-05-23,7.0666,7.0666,7.0666,7.0666,56400000,0.00%,341567685,257043343685,398556.24,0
2036-05-27,7.0666,7.0666,7.0666,7.0666,77080000,0.00%,264487685,257043343685,544693.53,0
2036-05-28,7.0666,7.0666,7.0666,7.0666,58421000,0.00%,206066685,257043343685,412837.84,0
2036-05-29,7.0666,7.0666,7.0666,7.0666,99170000,0.00%,106896685,257043343685,700794.72,0
2036-05-30,7.0666,7.0737,7.0737,7.0666,112823500,0.10%,603217287,257652487787,798079.59,609144102
2036-06-02,7.0737,7.0737,7.0737,7.0737,82626000,0.00%,520591287,257652487787,584471.54,0
2036-06-03,7.0737,7.0737,7.0737,7.0737,239394500,0.00%,281196787,257652487787,1693404.87,0
2036-06-04,7.0737,7.0737,7.0737,7.0737,115385000,0.00%,165811787,257652487787,816198.87,0
2036-06-05,7.0737,7.0737,7.0737,7.0737,68267500,0.00%,97544287,257652487787,482903.81,0
2036-06-06,7.0737,7.0737,7.0737,7.0737,74377500,0.00%,23166787,257652487787,526124.12,0
2036-06-09,7.0737,7.0807,7.0807,7.0737,68197000,0.10%,574564945,258272082945,482882.5,619595158
2036-06-10,7.0807,7.0807,7.0807,7.0807,87866500,0.00%,486698445,258272082945,622156.33,0
2036-06-11,7.0807,7.0807,7.0807,7.0807,84106500,0.00%,402591945,258272082945,595532.89,0
2036-06-12,7.0807,7.0807,7.0807,7.0807,67163000,0.00%,335428945,258272082945,475561.05,0
2036-06-13,7.0807,7.0807,7.0807,7.0807,52475500,0.00%,282953445,258272082945,371563.27,0
2036-06-16,7.0807,7.0807,7.0807,7.0807,46412500,0.00%,236540945,258272082945,328632.99,0
2036-06-17,7.0807,7.0807,7.0807,7.0807,57152000,0.00%,179388945,258272082945,404676.17,0
2036-06-18,7.0807,7.0807,7.0807,7.0807,39856000,0.00%,139532945,258272082945,282208.38,0
2036-06-19,7.0807,7.0807,7.0807,7.0807,70782000,0.00%,68750945,258272082945,501186.11,0
2036-06-23,7.0807,7.0878,7.0878,7.0807,74166000,0.10%,614235779,258891733779,525673.77,619650833
2036-06-24,7.0878,7.0878,7.0878,7.0878,102084000,0.00%,512151779,258891733779,723550.98,0
2036-06-25,7.0878,7.0878,7.0878,7.0878,93906000,0.00%,418245779,258891733779,665586.95,0
2036-06-26,7.0878,7.0878,7.0878,7.0878,69254500,0.00%,348991279,258891733779,490862.05,0
2036-06-27,7.0878,7.0878,7.0878,7.0878,74894500,0.00%,274096779,258891733779,530837.24,0
2036-06-30,7.0878,7.0878,7.0878,7.0878,77714500,0.00%,196382279,258891733779,550824.83,0
2036-07-01,7.0878,7.0878,7.0878,7.0878,91626500,0.00%,104755779,258891733779,649430.31,0
2036-07-03,7.0878,7.0878,7.0878,7.0878,96138500,0.00%,8617279,258891733779,681410.46,0
2036-07-04,7.0878,7.0949,7.0949,7.0878,58656000,0.10%,560459791,259502232291,416158.45,610498512
2036-07-07,7.0949,7.0949,7.0949,7.0949,97525000,0.00%,462934791,259502232291,691930.12,0
2036-07-08,7.0949,7.0949,7.0949,7.0949,130237000,0.00%,332697791,259502232291,924018.49,0
2036-07-09,7.0949,7.0949,7.0949,7.0949,132258000,0.00%,200439791,259502232291,938357.28,0
2036-07-10,7.0949,7.0949,7.0949,7.0949,99640000,0.00%,100799791,259502232291,706935.84,0
2036-07-11,7.0949,7.0949,7.0949,7.0949,95034000,0.00%,5765791,259502232291,674256.73,0
2036-07-14,7.0949,7.102,7.102,7.0949,72004000,0.10%,554260589,260122731089,511372.41,620498797
2036-07-15,7.102,7.102,7.102,7.102,77855500,0.00%,476405089,260122731089,552929.76,0
2036-07-16,7.102,7.102,7.102,7.102,46788500,0.00%,429616589,260122731089,332291.93,0
2036-07-17,7.102,7.102,7.102,7.102,47423000,0.00%,382193589,260122731089,336798.15,0
2036-07-18,7.102,7.102,7.102,7.102,34686000,0.00%,347507589,260122731089,246339.97,0
2036-07-21,7.102,7.102,7.102,7.102,39738500,0.00%,307769089,260122731089,282222.83,0
2036-07-22,7.102,7.102,7.102,7.102,46553500,0.00%,261215589,260122731089,330622.96,0
2036-07-23,7.102,7.102,7.102,7.102,47705000,0.00%,213510589,260122731089,338800.91,0
2036-07-24,7.102,7.102,7.102,7.102,36871500,0.00%,176639089,260122731089,261861.39,0
2036-07-25,7.102,7.102,7.102,7.102,39386000,0.00%,137253089,260122731089,279719.37,0
2036-07-28,7.102,7.1091,7.1091,7.102,193381500,0.10%,571380245,260750239745,1374768.42,627508655
2036-07-29,7.1091,7.1091,7.1091,7.1091,253870500,0.00%,317509745,260750239745,1804790.77,0
2036-07-30,7.1091,7.1091,7.1091,7.1091,265221000,0.00%,52288745,260750239745,1885482.61,0
2036-07-31,7.1091,7.1162,7.1162,7.1091,171315000,0.10%,529767474,261399033474,1219111.8,648793729
2036-08-01,7.1162,7.1162,7.1162,7.1162,95081000,0.00%,434686474,261399033474,676615.41,0
2036-08-04,7.1162,7.1162,7.1162,7.1162,69207500,0.00%,365478974,261399033474,492494.41,0
2036-08-05,7.1162,7.1162,7.1162,7.1162,276853500,0.00%,88625474,261399033474,1970144.88,0
2036-08-06,7.1162,7.1233,7.1233,7.1162,108335000,0.10%,642179297,262060922297,771702.71,661888822
2036-08-07,7.1233,7.1233,7.1233,7.1233,137780500,0.00%,504398797,262060922297,981451.84,0
2036-08-08,7.1233,7.1233,7.1233,7.1233,100932500,0.00%,403466297,262060922297,718972.48,0
2036-08-11,7.1233,7.1233,7.1233,7.1233,96256000,0.00%,307210297,262060922297,685660.36,0
2036-08-12,7.1233,7.1233,7.1233,7.1233,96068000,0.00%,211142297,262060922297,684321.18,0
2036-08-13,7.1233,7.1233,7.1233,7.1233,47352500,0.00%,163789797,262060922297,337306.06,0
2036-08-14,7.1233,7.1233,7.1233,7.1233,38422500,0.00%,125367297,262060922297,273694.99,0
2036-08-15,7.1233,7.1233,7.1233,7.1233,62087000,0.00%,63280297,262060922297,442264.33,0
2036-08-18,7.1233,7.1305,7.1305,7.1233,68197000,0.10%,670795669,262736634669,486278.71,675712371
2036-08-19,7.1305,7.1305,7.1305,7.1305,101379000,0.00%,569416669,262736634669,722882.96,0
2036-08-20,7.1305,7.1305,7.1305,7.1305,62510000,0.00%,506906669,262736634669,445727.55,0
2036-08-21,7.1305,7.1305,7.1305,7.1305,120085000,0.00%,386821669,262736634669,856266.09,0
2036-08-22,7.1305,7.1305,7.1305,7.1305,122529000,0.00%,264292669,262736634669,873693.03,0
2036-08-25,7.1305,7.1305,7.1305,7.1305,104857000,0.00%,159435669,262736634669,747682.84,0
2036-08-26,7.1305,7.1305,7.1305,7.1305,116372000,0.00%,43063669,262736634669,829790.55,0
2036-08-27,7.1305,7.1376,7.1376,7.1305,96890500,0.10%,639327622,263429789122,691565.63,693154453
2036-08-28,7.1376,7.1376,7.1376,7.1376,40655000,0.00%,598672622,263429789122,290179.13,0
2036-08-29,7.1376,7.1376,7.1376,7.1376,55131000,0.00%,543541622,263429789122,393503.03,0
2036-09-01,7.1376,7.1376,7.1376,7.1376,43428000,0.00%,500113622,263429789122,309971.69,0
2036-09-02,7.1376,7.1376,7.1376,7.1376,122623000,0.00%,377490622,263429789122,875233.92,0
2036-09-03,7.1376,7.1376,7.1376,7.1376,82955000,0.00%,294535622,263429789122,592099.61,0
2036-09-04,7.1376,7.1376,7.1376,7.1376,95104500,0.00%,199431122,263429789122,678817.88,0
2036-09-05,7.1376,7.1376,7.1376,7.1376,63779000,0.00%,135652122,263429789122,455228.99,0
2036-09-08,7.1376,7.1376,7.1376,7.1376,62909500,0.00%,72742622,263429789122,449022.85,0
2036-09-09,7.1376,7.1376,7.1376,7.1376,58656000,0.00%,14086622,263429789122,418663.07,0
2036-09-10,7.1376,7.1447,7.1447,7.1376,77550000,0.10%,643063112,264136315612,554071.48,706526489
2036-09-11,7.1447,7.1447,7.1447,7.1447,127111500,0.00%,515951612,264136315612,908173.53,0
2036-09-12,7.1447,7.1447,7.1447,7.1447,83824500,0.00%,432127112,264136315612,598900.91,0
2036-09-15,7.1447,7.1447,7.1447,7.1447,65377000,0.00%,366750112,264136315612,467099.05,0
2036-09-16,7.1447,7.1447,7.1447,7.1447,46788500,0.00%,319961612,264136315612,334289.8,0
2036-09-17,7.1447,7.1447,7.1447,7.1447,84999500,0.00%,234962112,264136315612,607295.93,0
2036-09-18,7.1447,7.1447,7.1447,7.1447,57622000,0.00%,177340112,264136315612,411691.9,0
2036-09-19,7.1447,7.1447,7.1447,7.1447,56353000,0.00%,120987112,264136315612,402625.28,0
2036-09-22,7.1447,7.1447,7.1447,7.1447,36448500,0.00%,84538612,264136315612,260413.6,0
2036-09-23,7.1447,7.1447,7.1447,7.1447,38916000,0.00%,45622612,264136315612,278043.15,0
2036-09-25,7.1447,7.1519,7.1519,7.1447,52193500,0.10%,710958167,264853844667,373282.69,717529054
2036-09-26,7.1519,7.1519,7.1519,7.1519,39151000,0.00%,671807167,264853844667,280004.04,0
2036-09-29,7.1519,7.1519,7.1519,7.1519,42229500,0.00%,629577667,264853844667,302021.16,0
2036-09-30,7.1519,7.1519,7.1519,7.1519,49232500,0.00%,580345167,264853844667,352105.92,0
2036-10-01,7.1519,7.1519,7.1519,7.1519,42887500,0.00%,537457667,264853844667,306727.11,0
2036-10-02,7.1519,7.1519,7.1519,7.1519,40749000,0.00%,496708667,264853844667,291432.77,0
2036-10-06,7.1519,7.1519,7.1519,7.1519,27542000,0.00%,469166667,264853844667,196977.63,0
2036-10-07,7.1519,7.1519,7.1519,7.1519,27918000,0.00%,441248667,264853844667,199666.74,0
2036-10-08,7.1519,7.1519,7.1519,7.1519,25497500,0.00%,415751167,264853844667,182355.57,0
2036-10-09,7.1519,7.1519,7.1519,7.1519,34192500,0.00%,381558667,264853844667,244541.34,0
2036-10-10,7.1519,7.1519,7.1519,7.1519,70053500,0.00%,311505167,264853844667,501015.63,0
2036-10-13,7.1519,7.1519,7.1519,7.1519,61570000,0.00%,249935167,264853844667,440342.48,0
2036-10-14,7.1519,7.1519,7.1519,7.1519,38657500,0.00%,211277667,264853844667,276474.57,0
2036-10-17,7.1519,7.1519,7.1519,7.1519,68455500,0.00%,142822167,264853844667,489586.89,0
2036-10-20,7.1519,7.1519,7.1519,7.1519,48715500,0.00%,94106667,264853844667,348408.38,0
2036-10-21,7.1519,7.1519,7.1519,7.1519,36260500,0.00%,57846167,264853844667,259331.47,0
2036-10-22,7.1519,7.159,7.159,7.1519,76892000,0.10%,698797969,265571688469,550469.83,717843801
2036-10-23,7.159,7.159,7.159,7.159,39198000,0.00%,659599969,265571688469,280618.48,0
2036-10-24,7.159,7.159,7.159,7.159,29939000,0.00%,629660969,265571688469,214333.3,0
2036-10-27,7.159,7.159,7.159,7.159,28811000,0.00%,600849969,265571688469,206257.95,0
2036-10-28,7.159,7.159,7.159,7.159,35978500,0.00%,564871469,265571688469,257570.08,0
2036-10-29,7.159,7.159,7.159,7.159,43992000,0.00%,520879469,265571688469,314938.73,0
2036-10-30,7.159,7.159,7.159,7.159,32124500,0.00%,488754969,265571688469,229979.3,0
2036-10-31,7.159,7.159,7.159,7.159,38634000,0.00%,450120969,265571688469,276580.81,0
2036-11-03,7.159,7.159,7.159,7.159,53227500,0.00%,396893469,265571688469,381055.67,0
2036-11-04,7.159,7.159,7.159,7.159,77573500,0.00%,319319969,265571688469,555348.69,0
2036-11-05,7.159,7.159,7.159,7.159,45496000,0.00%,273823969,265571688469,325705.86,0
2036-11-06,7.159,7.159,7.159,7.159,38634000,0.00%,235189969,265571688469,276580.81,0
2036-11-07,7.159,7.159,7.159,7.159,47047000,0.00%,188142969,265571688469,336809.47,0
2036-11-10,7.159,7.159,7.159,7.159,52499000,0.00%,135643969,265571688469,375840.34,0
2036-11-11,7.159,7.159,7.159,7.159,31983500,0.00%,103660469,265571688469,228969.88,0
2036-11-12,7.159,7.159,7.159,7.159,71957000,0.00%,31703469,265571688469,515140.16,0
2036-11-13,7.159,7.1662,7.1662,7.159,84694000,0.10%,666065131,266290744131,606934.14,719055661
2036-11-14,7.1662,7.1662,7.1662,7.1662,56000500,0.00%,610064631,266290744131,401310.78,0
2036-11-17,7.1662,7.1662,7.1662,7.1662,45566500,0.00%,564498131,266290744131,326538.65,0
2036-11-18,7.1662,7.1662,7.1662,7.1662,66411000,0.00%,498087131,266290744131,475914.51,0
2036-11-19,7.1662,7.1662,7.1662,7.1662,50384000,0.00%,447703131,266290744131,361061.82,0
2036-11-20,7.1662,7.1662,7.1662,7.1662,45402000,0.00%,402301131,266290744131,325359.81,0
2036-11-21,7.1662,7.1662,7.1662,7.1662,35743500,0.00%,366557631,266290744131,256145.07,0
2036-11-24,7.1662,7.1662,7.1662,7.1662,34521500,0.00%,332036131,266290744131,247387.97,0
2036-11-25,7.1662,7.1662,7.1662,7.1662,44015500,0.00%,288020631,266290744131,315423.88,0
2036-11-26,7.1662,7.1662,7.1662,7.1662,61147000,0.00%,226873631,266290744131,438191.63,0
2036-11-27,7.1662,7.1662,7.1662,7.1662,39809000,0.00%,187064631,266290744131,285279.26,0
2036-11-28,7.1662,7.1662,7.1662,7.1662,77291500,0.00%,109773131,266290744131,553886.35,0
2036-12-01,7.1662,7.1662,7.1662,7.1662,45848500,0.00%,63924631,266290744131,328559.52,0
2036-12-02,7.1662,7.1734,7.1734,7.1662,83636500,0.10%,703483016,267013939016,599958.07,723194885
2036-12-03,7.1734,7.1734,7.1734,7.1734,47799000,0.00%,655684016,267013939016,342881.35,0
2036-12-04,7.1734,7.1734,7.1734,7.1734,41642000,0.00%,614042016,267013939016,298714.72,0
2036-12-05,7.1734,7.1734,7.1734,7.1734,52875000,0.00%,561167016,267013939016,379293.53,0
2036-12-08,7.1734,7.1734,7.1734,7.1734,72756000,0.00%,488411016,267013939016,521907.89,0
2036-12-09,7.1734,7.1734,7.1734,7.1734,54614000,0.00%,433797016,267013939016,391768.07,0
2036-12-10,7.1734,7.1734,7.1734,7.1734,35649500,0.00%,398147516,267013939016,255728.12,0
2036-12-11,7.1734,7.1734,7.1734,7.1734,31372500,0.00%,366775016,267013939016,225047.49,0
2036-12-12,7.1734,7.1734,7.1734,7.1734,35790500,0.00%,330984516,267013939016,256739.57,0
2036-12-15,7.1734,7.1734,7.1734,7.1734,52264000,0.00%,278720516,267013939016,374910.58,0
2036-12-16,7.1734,7.1734,7.1734,7.1734,32077500,0.00%,246643016,267013939016,230104.74,0
2036-12-17,7.1734,7.1734,7.1734,7.1734,31419500,0.00%,215223516,267013939016,225384.64,0
2036-12-18,7.1734,7.1734,7.1734,7.1734,49420500,0.00%,165803016,267013939016,354513.01,0
2036-12-19,7.1734,7.1734,7.1734,7.1734,66458000,0.00%,99345016,267013939016,476729.82,0
2036-12-22,7.1734,7.1734,7.1734,7.1734,47963500,0.00%,51381516,267013939016,344061.37,0
2036-12-23,7.1734,7.1734,7.1734,7.1734,40490500,0.00%,10891016,267013939016,290454.55,0
2036-12-24,7.1734,7.1805,7.1805,7.1734,32524000,0.10%,702653556,267738225556,233538.58,724286539
2036-12-25,7.1805,7.1805,7.1805,7.1805,77432500,0.00%,625221056,267738225556,556004.07,0
2036-12-26,7.1805,7.1805,7.1805,7.1805,22348500,0.00%,602872556,267738225556,160473.4,0
2036-12-30,7.1805,7.1805,7.1805,7.1805,44532500,0.00%,558340056,267738225556,319765.62,0
2036-12-31,7.1805,7.1805,7.1805,7.1805,22536500,0.00%,535803556,267738225556,161823.34,0
2037-01-01,7.1805,7.1805,7.1805,7.1805,18384000,0.00%,517419556,267738225556,132006.31,0
2037-01-02,7.1805,7.1805,7.1805,7.1805,23712000,0.00%,493707556,267738225556,170264.02,0
2037-01-05,7.1805,7.1805,7.1805,7.1805,14448000,0.00%,479259556,267738225556,103743.86,0
2037-01-06,7.1805,7.1805,7.1805,7.1805,32544000,0.00%,446715556,267738225556,233682.19,0
2037-01-07,7.1805,7.1805,7.1805,7.1805,76632000,0.00%,370083556,267738225556,550256.08,0
2037-01-08,7.1805,7.1805,7.1805,7.1805,53736000,0.00%,316347556,267738225556,385851.35,0
2037-01-09,7.1805,7.1805,7.1805,7.1805,49944000,0.00%,266403556,267738225556,358622.89,0
2037-01-12,7.1805,7.1805,7.1805,7.1805,46944000,0.00%,219459556,267738225556,337081.39,0
2037-01-13,7.1805,7.1805,7.1805,7.1805,39384000,0.00%,180075556,267738225556,282796.81,0
2037-01-14,7.1805,7.1805,7.1805,7.1805,67848000,0.00%,112227556,267738225556,487182.56,0
2037-01-15,7.1805,7.1805,7.1805,7.1805,43944000,0.00%,68283556,267738225556,315539.89,0
2037-01-16,7.1805,7.1805,7.1805,7.1805,32928000,0.00%,35355556,267738225556,236439.5,0
2037-01-19,7.1805,7.1805,7.1805,7.1805,30432000,0.00%,4923556,267738225556,218516.98,0
2037-01-20,7.1805,7.1877,7.1877,7.1805,56496000,0.10%,675769389,268465567389,406076.3,727341832
2037-01-21,7.1877,7.1877,7.1877,7.1877,41976000,0.00%,633793389,268465567389,301710.9,0
2037-01-22,7.1877,7.1877,7.1877,7.1877,70896000,0.00%,562897389,268465567389,509579.18,0
2037-01-23,7.1877,7.1877,7.1877,7.1877,64368000,0.00%,498529389,268465567389,462657.87,0
2037-01-26,7.1877,7.1877,7.1877,7.1877,35232000,0.00%,463297389,268465567389,253237.05,0
2037-01-27,7.1877,7.1877,7.1877,7.1877,60000000,0.00%,403297389,268465567389,431262.0,0
2037-01-28,7.1877,7.1877,7.1877,7.1877,51888000,0.00%,351409389,268465567389,372955.38,0
2037-01-29,7.1877,7.1877,7.1877,7.1877,49224000,0.00%,302185389,268465567389,353807.34,0
2037-01-30,7.1877,7.1877,7.1877,7.1877,36072000,0.00%,266113389,268465567389,259274.71,0
2037-02-02,7.1877,7.1877,7.1877,7.1877,27432000,0.00%,238681389,268465567389,197172.99,0
2037-02-06,7.1877,7.1877,7.1877,7.1877,38232000,0.00%,200449389,268465567389,274800.15,0
2037-02-09,7.1877,7.1877,7.1877,7.1877,36912000,0.00%,163537389,268465567389,265312.38,0
2037-02-10,7.1877,7.1877,7.1877,7.1877,45000000,0.00%,118537389,268465567389,323446.5,0
2037-02-11,7.1877,7.1877,7.1877,7.1877,56088000,0.00%,62449389,268465567389,403143.72,0
2037-02-12,7.1877,7.1877,7.1877,7.1877,45144000,0.00%,17305389,268465567389,324481.53,0
2037-02-13,7.1877,7.1949,7.1949,7.1877,37248000,0.10%,714216544,269199726544,267995.64,734159155
2037-02-16,7.1949,7.1949,7.1949,7.1949,30864000,0.00%,683352544,269199726544,222063.39,0
2037-02-17,7.1949,7.1949,7.1949,7.1949,33336000,0.00%,650016544,269199726544,239849.19,0
2037-02-18,7.1949,7.1949,7.1949,7.1949,29304000,0.00%,620712544,269199726544,210839.35,0
2037-02-19,7.1949,7.1949,7.1949,7.1949,31008000,0.00%,589704544,269199726544,223099.46,0
2037-02-20,7.1949,7.1949,7.1949,7.1949,57672000,0.00%,532032544,269199726544,414944.27,0
2037-02-23,7.1949,7.1949,7.1949,7.1949,110496000,0.00%,421536544,269199726544,795007.67,0
2037-02-24,7.1949,7.1949,7.1949,7.1949,73344000,0.00%,348192544,269199726544,527702.75,0
2037-02-25,7.1949,7.1949,7.1949,7.1949,48576000,0.00%,299616544,269199726544,349499.46,0
2037-02-26,7.1949,7.1949,7.1949,7.1949,81528000,0.00%,218088544,269199726544,586585.81,0
2037-02-27,7.1949,7.1949,7.1949,7.1949,61272000,0.00%,156816544,269199726544,440845.91,0
2037-03-02,7.1949,7.1949,7.1949,7.1949,64440000,0.00%,92376544,269199726544,463639.36,0
2037-03-03,7.1949,7.1949,7.1949,7.1949,46344000,0.00%,46032544,269199726544,333440.45,0
2037-03-04,7.1949,7.1949,7.1949,7.1949,33624000,0.00%,12408544,269199726544,241921.32,0
2037-03-05,7.1949,7.2021,7.2021,7.1949,47688000,0.10%,708714408,269943720408,343453.74,743993863
2037-03-06,7.2021,7.2021,7.2021,7.2021,99720000,0.00%,608994408,269943720408,718193.41,0
2037-03-09,7.2021,7.2021,7.2021,7.2021,95712000,0.00%,513282408,269943720408,689327.4,0
2037-03-10,7.2021,7.2021,7.2021,7.2021,77424000,0.00%,435858408,269943720408,557615.39,0
2037-03-11,7.2021,7.2021,7.2021,7.2021,79704000,0.00%,356154408,269943720408,574036.18,0
2037-03-12,7.2021,7.2021,7.2021,7.2021,57744000,0.00%,298410408,269943720408,415878.06,0
2037-03-13,7.2021,7.2021,7.2021,7.2021,116256000,0.00%,182154408,269943720408,837287.34,0
2037-03-16,7.2021,7.2021,7.2021,7.2021,160584000,0.00%,21570408,269943720408,1156542.03,0
2037-03-17,7.2021,7.2093,7.2093,7.2021,284160000,0.10%,508392902,270714702902,2048594.69,770982494
2037-03-18,7.2093,7.2093,7.2093,7.2093,258576000,0.00%,249816902,270714702902,1864151.96,0
2037-03-19,7.2093,7.2093,7.2093,7.2093,167256000,0.00%,82560902,270714702902,1205798.68,0
2037-03-20,7.2093,7.2165,7.2165,7.2093,90504000,0.10%,778792403,271501438403,653122.12,786735501
2037-03-23,7.2165,7.2165,7.2165,7.2165,73680000,0.00%,705112403,271501438403,531711.72,0
2037-03-24,7.2165,7.2165,7.2165,7.2165,74424000,0.00%,630688403,271501438403,537080.8,0
2037-03-25,7.2165,7.2165,7.2165,7.2165,101424000,0.00%,529264403,271501438403,731926.3,0
2037-03-26,7.2165,7.2165,7.2165,7.2165,112632000,0.00%,416632403,271501438403,812808.83,0
2037-03-27,7.2165,7.2165,7.2165,7.2165,91920000,0.00%,324712403,271501438403,663340.68,0
2037-03-30,7.2165,7.2165,7.2165,7.2165,64632000,0.00%,260080403,271501438403,466416.83,0
2037-03-31,7.2165,7.2165,7.2165,7.2165,50160000,0.00%,209920403,271501438403,361979.64,0
2037-04-01,7.2165,7.2165,7.2165,7.2165,64680000,0.00%,145240403,271501438403,466763.22,0
2037-04-02,7.2165,7.2165,7.2165,7.2165,35016000,0.00%,110224403,271501438403,252692.96,0
2037-04-03,7.2165,7.2165,7.2165,7.2165,34800000,0.00%,75424403,271501438403,251134.2,0
2037-04-06,7.2165,7.2165,7.2165,7.2165,37608000,0.00%,37816403,271501438403,271398.13,0
2037-04-08,7.2165,7.2237,7.2237,7.2165,41112000,0.10%,790233591,272294967591,296980.75,793529187
2037-04-09,7.2237,7.2237,7.2237,7.2237,38088000,0.00%,752145591,272294967591,275136.29,0
2037-04-10,7.2237,7.2237,7.2237,7.2237,47040000,0.00%,705105591,272294967591,339802.85,0
2037-04-13,7.2237,7.2237,7.2237,7.2237,54696000,0.00%,650409591,272294967591,395107.5,0
2037-04-14,7.2237,7.2237,7.2237,7.2237,63384000,0.00%,587025591,272294967591,457867.0,0
2037-04-15,7.2237,7.2237,7.2237,7.2237,51936000,0.00%,535089591,272294967591,375170.08,0
2037-04-16,7.2237,7.2237,7.2237,7.2237,36384000,0.00%,498705591,272294967591,262827.1,0
2037-04-21,7.2237,7.2237,7.2237,7.2237,42576000,0.00%,456129591,272294967591,307556.25,0
2037-04-22,7.2237,7.2237,7.2237,7.2237,26040000,0.00%,430089591,272294967591,188105.15,0
2037-04-23,7.2237,7.2237,7.2237,7.2237,61776000,0.00%,368313591,272294967591,446251.29,0
2037-04-24,7.2237,7.2237,7.2237,7.2237,67272000,0.00%,301041591,272294967591,485952.75,0
2037-04-27,7.2237,7.2237,7.2237,7.2237,61896000,0.00%,239145591,272294967591,447118.14,0
2037-04-28,7.2237,7.2237,7.2237,7.2237,65496000,0.00%,173649591,272294967591,473123.46,0
2037-04-29,7.2237,7.2237,7.2237,7.2237,56184000,0.00%,117465591,272294967591,405856.36,0
2037-04-30,7.2237,7.2237,7.2237,7.2237,50952000,0.00%,66513591,272294967591,368061.96,0
2037-05-01,7.2237,7.2309,7.2309,7.2237,113928000,0.10%,735363316,273077745316,823801.98,782777724
2037-05-05,7.2309,7.2309,7.2309,7.2309,61368000,0.00%,673995316,273077745316,443745.87,0
2037-05-06,7.2309,7.2309,7.2309,7.2309,33840000,0.00%,640155316,273077745316,244693.66,0
2037-05-07,7.2309,7.2309,7.2309,7.2309,51336000,0.00%,588819316,273077745316,371205.48,0
2037-05-08,7.2309,7.2309,7.2309,7.2309,55008000,0.00%,533811316,273077745316,397757.35,0
2037-05-12,7.2309,7.2309,7.2309,7.2309,68160000,0.00%,465651316,273077745316,492858.14,0
2037-05-13,7.2309,7.2309,7.2309,7.2309,58440000,0.00%,407211316,273077745316,422573.8,0
2037-05-14,7.2309,7.2309,7.2309,7.2309,48048000,0.00%,359163316,273077745316,347430.28,0
2037-05-15,7.2309,7.2309,7.2309,7.2309,46776000,0.00%,312387316,273077745316,338232.58,0
2037-05-18,7.2309,7.2309,7.2309,7.2309,37344000,0.00%,275043316,273077745316,270030.73,0
2037-05-19,7.2309,7.2309,7.2309,7.2309,72288000,0.00%,202755316,273077745316,522707.3,0
2037-05-20,7.2309,7.2309,7.2309,7.2309,68016000,0.00%,134739316,273077745316,491816.89,0
2037-05-21,7.2309,7.2382,7.2382,7.2309,144360000,0.10%,772506305,273859872305,1044906.55,782126989
2037-05-22,7.2382,7.2382,7.2382,7.2382,67992000,0.00%,704514305,273859872305,492139.69,0
2037-05-25,7.2382,7.2382,7.2382,7.2382,40872000,0.00%,663642305,273859872305,295839.71,0
2037-05-26,7.2382,7.2382,7.2382,7.2382,47280000,0.00%,616362305,273859872305,342222.1,0
2037-05-27,7.2382,7.2382,7.2382,7.2382,51720000,0.00%,564642305,273859872305,374359.7,0
2037-05-28,7.2382,7.2382,7.2382,7.2382,44400000,0.00%,520242305,273859872305,321376.08,0
2037-05-29,7.2382,7.2382,7.2382,7.2382,49824000,0.00%,470418305,273859872305,360636.08,0
2037-06-01,7.2382,7.2382,7.2382,7.2382,53520000,0.00%,416898305,273859872305,387388.46,0
2037-06-02,7.2382,7.2382,7.2382,7.2382,155424000,0.00%,261474305,273859872305,1124990.0,0
2037-06-03,7.2382,7.2382,7.2382,7.2382,64608000,0.00%,196866305,273859872305,467645.63,0
2037-06-04,7.2382,7.2382,7.2382,7.2382,34032000,0.00%,162834305,273859872305,246330.42,0
2037-06-08,7.2382,7.2382,7.2382,7.2382,57360000,0.00%,105474305,273859872305,415183.15,0
2037-06-09,7.2382,7.2382,7.2382,7.2382,65016000,0.00%,40458305,273859872305,470598.81,0
2037-06-10,7.2382,7.2454,7.2454,7.2382,113952000,0.10%,704497309,274637863309,825627.82,777991003
2037-06-11,7.2454,7.2454,7.2454,7.2454,93960000,0.00%,610537309,274637863309,680777.78,0
2037-06-12,7.2454,7.2454,7.2454,7.2454,71424000,0.00%,539113309,274637863309,517495.45,0
2037-06-15,7.2454,7.2454,7.2454,7.2454,59856000,0.00%,479257309,274637863309,433680.66,0
2037-06-16,7.2454,7.2454,7.2454,7.2454,39144000,0.00%,440113309,274637863309,283613.94,0
2037-06-17,7.2454,7.2454,7.2454,7.2454,50976000,0.00%,389137309,274637863309,369341.51,0
2037-06-18,7.2454,7.2454,7.2454,7.2454,53136000,0.00%,336001309,274637863309,384991.57,0
2037-06-19,7.2454,7.2454,7.2454,7.2454,46752000,0.00%,289249309,274637863309,338736.94,0
2037-06-22,7.2454,7.2454,7.2454,7.2454,27936000,0.00%,261313309,274637863309,202407.49,0
2037-06-23,7.2454,7.2454,7.2454,7.2454,36024000,0.00%,225289309,274637863309,261008.29,0
2037-06-24,7.2454,7.2454,7.2454,7.2454,32904000,0.00%,192385309,274637863309,238402.64,0
2037-06-25,7.2454,7.2454,7.2454,7.2454,30288000,0.00%,162097309,274637863309,219448.68,0
2037-06-26,7.2454,7.2454,7.2454,7.2454,43680000,0.00%,118417309,274637863309,316479.07,0
2037-06-29,7.2454,7.2527,7.2527,7.2454,137760000,0.10%,751948484,275409154484,999131.95,771291175
2037-06-30,7.2527,7.2527,7.2527,7.2527,140616000,0.00%,611332484,275409154484,1019845.66,0
2037-07-01,7.2527,7.2527,7.2527,7.2527,83952000,0.00%,527380484,275409154484,608878.67,0
2037-07-02,7.2527,7.2527,7.2527,7.2527,80136000,0.00%,447244484,275409154484,581202.37,0
2037-07-06,7.2527,7.2527,7.2527,7.2527,92304000,0.00%,354940484,275409154484,669453.22,0
2037-07-07,7.2527,7.2527,7.2527,7.2527,46776000,0.00%,308164484,275409154484,339252.3,0
2037-07-08,7.2527,7.2527,7.2527,7.2527,59568000,0.00%,248596484,275409154484,432028.83,0
2037-07-09,7.2527,7.2527,7.2527,7.2527,45576000,0.00%,203020484,275409154484,330549.06,0
2037-07-10,7.2527,7.2527,7.2527,7.2527,45000000,0.00%,158020484,275409154484,326371.5,0
2037-07-13,7.2527,7.2527,7.2527,7.2527,49440000,0.00%,108580484,275409154484,358573.49,0
2037-07-14,7.2527,7.2527,7.2527,7.2527,41544000,0.00%,67036484,275409154484,301306.17,0
2037-07-15,7.2527,7.2527,7.2527,7.2527,41112000,0.00%,25924484,275409154484,298173.0,0
2037-07-16,7.2527,7.2599,7.2599,7.2527,40248000,0.10%,764508231,276187986231,292196.46,778831747
2037-07-17,7.2599,7.2599,7.2599,7.2599,63192000,0.00%,701316231,276187986231,458767.6,0
2037-07-20,7.2599,7.2599,7.2599,7.2599,48888000,0.00%,652428231,276187986231,354921.99,0
2037-07-21,7.2599,7.2599,7.2599,7.2599,30384000,0.00%,622044231,276187986231,220584.8,0
2037-07-22,7.2599,7.2599,7.2599,7.2599,38352000,0.00%,583692231,276187986231,278431.68,0
2037-07-23,7.2599,7.2599,7.2599,7.2599,45864000,0.00%,537828231,276187986231,332968.05,0
2037-07-24,7.2599,7.2599,7.2599,7.2599,36192000,0.00%,501636231,276187986231,262750.3,0
2037-07-27,7.2599,7.2599,7.2599,7.2599,40440000,0.00%,461196231,276187986231,293590.36,0
2037-07-28,7.2599,7.2599,7.2599,7.2599,33264000,0.00%,427932231,276187986231,241493.31,0
2037-07-29,7.2599,7.2599,7.2599,7.2599,47568000,0.00%,380364231,276187986231,345338.92,0
2037-07-30,7.2599,7.2599,7.2599,7.2599,36840000,0.00%,343524231,276187986231,267454.72,0
2037-07-31,7.2599,7.2599,7.2599,7.2599,89256000,0.00%,254268231,276187986231,647989.63,0
2037-08-03,7.2599,7.2599,7.2599,7.2599,95976000,0.00%,158292231,276187986231,696776.16,0
2037-08-04,7.2599,7.2599,7.2599,7.2599,102456000,0.00%,55836231,276187986231,743820.31,0
2037-08-05,7.2599,7.2672,7.2672,7.2599,65760000,0.10%,759441043,276957351043,477891.07,769364811
2037-08-06,7.2672,7.2672,7.2672,7.2672,47496000,0.00%,711945043,276957351043,345162.93,0
2037-08-07,7.2672,7.2672,7.2672,7.2672,39456000,0.00%,672489043,276957351043,286734.64,0
2037-08-10,7.2672,7.2672,7.2672,7.2672,36120000,0.00%,636369043,276957351043,262491.26,0
2037-08-11,7.2672,7.2672,7.2672,7.2672,34056000,0.00%,602313043,276957351043,247491.76,0
2037-08-12,7.2672,7.2672,7.2672,7.2672,36864000,0.00%,565449043,276957351043,267898.06,0
2037-08-13,7.2672,7.2672,7.2672,7.2672,35664000,0.00%,529785043,276957351043,259177.42,0
2037-08-14,7.2672,7.2672,7.2672,7.2672,26352000,0.00%,503433043,276957351043,191505.25,0
2037-08-17,7.2672,7.2672,7.2672,7.2672,27888000,0.00%,475545043,276957351043,202667.67,0
2037-08-18,7.2672,7.2672,7.2672,7.2672,56472000,0.00%,419073043,276957351043,410393.32,0
2037-08-19,7.2672,7.2672,7.2672,7.2672,42288000,0.00%,376785043,276957351043,307315.35,0
2037-08-20,7.2672,7.2672,7.2672,7.2672,77304000,0.00%,299481043,276957351043,561783.63,0
2037-08-21,7.2672,7.2672,7.2672,7.2672,55848000,0.00%,243633043,276957351043,405858.59,0
2037-08-24,7.2672,7.2672,7.2672,7.2672,35472000,0.00%,208161043,276957351043,257782.12,0
2037-08-25,7.2672,7.2672,7.2672,7.2672,32472000,0.00%,175689043,276957351043,235980.52,0
2037-08-26,7.2672,7.2672,7.2672,7.2672,31320000,0.00%,144369043,276957351043,227608.7,0
2037-08-27,7.2672,7.2672,7.2672,7.2672,46656000,0.00%,97713043,276957351043,339058.48,0
2037-08-28,7.2672,7.2672,7.2672,7.2672,44592000,0.00%,53121043,276957351043,324058.98,0
2037-08-31,7.2672,7.2672,7.2672,7.2672,29736000,0.00%,23385043,276957351043,216097.46,0
2037-09-01,7.2672,7.2744,7.2744,7.2672,33696000,0.10%,725539568,277693201568,245118.18,735850524
2037-09-02,7.2744,7.2744,7.2744,7.2744,62904000,0.00%,662635568,277693201568,457588.86,0
2037-09-03,7.2744,7.2744,7.2744,7.2744,57432000,0.00%,605203568,277693201568,417783.34,0
2037-09-04,7.2744,7.2744,7.2744,7.2744,61176000,0.00%,544027568,277693201568,445018.69,0
2037-09-07,7.2744,7.2744,7.2744,7.2744,48888000,0.00%,495139568,277693201568,355630.87,0
2037-09-08,7.2744,7.2744,7.2744,7.2744,38952000,0.00%,456187568,277693201568,283352.43,0
2037-09-09,7.2744,7.2744,7.2744,7.2744,36432000,0.00%,419755568,277693201568,265020.94,0
2037-09-10,7.2744,7.2744,7.2744,7.2744,56568000,0.00%,363187568,277693201568,411498.26,0
2037-09-11,7.2744,7.2744,7.2744,7.2744,41184000,0.00%,322003568,277693201568,299588.89,0
2037-09-15,7.2744,7.2744,7.2744,7.2744,41208000,0.00%,280795568,277693201568,299763.48,0
2037-09-16,7.2744,7.2744,7.2744,7.2744,43176000,0.00%,237619568,277693201568,314079.49,0
2037-09-17,7.2744,7.2744,7.2744,7.2744,31968000,0.00%,205651568,277693201568,232548.02,0
2037-09-18,7.2744,7.2744,7.2744,7.2744,59856000,0.00%,145795568,277693201568,435416.49,0
2037-09-21,7.2744,7.2744,7.2744,7.2744,55008000,0.00%,90787568,277693201568,400150.2,0
2037-09-22,7.2744,7.2744,7.2744,7.2744,36336000,0.00%,54451568,277693201568,264322.6,0
2037-09-23,7.2744,7.2744,7.2744,7.2744,38616000,0.00%,15835568,277693201568,280908.23,0
2037-09-24,7.2744,7.2817,7.2817,7.2744,42096000,0.10%,688150132,278407612132,306530.44,714410564
2037-09-25,7.2817,7.2817,7.2817,7.2817,47208000,0.00%,640942132,278407612132,343754.49,0
2037-09-28,7.2817,7.2817,7.2817,7.2817,59160000,0.00%,581782132,278407612132,430785.37,0
2037-09-29,7.2817,7.2817,7.2817,7.2817,54552000,0.00%,527230132,278407612132,397231.3,0
2037-09-30,7.2817,7.2817,7.2817,7.2817,53184000,0.00%,474046132,278407612132,387269.93,0
2037-10-01,7.2817,7.2817,7.2817,7.2817,48384000,0.00%,425662132,278407612132,352317.77,0
2037-10-02,7.2817,7.2817,7.2817,7.2817,53904000,0.00%,371758132,278407612132,392512.76,0
2037-10-05,7.2817,7.2817,7.2817,7.2817,33576000,0.00%,338182132,278407612132,244490.36,0
2037-10-07,7.2817,7.2817,7.2817,7.2817,43536000,0.00%,294646132,278407612132,317016.09,0
2037-10-08,7.2817,7.2817,7.2817,7.2817,24888000,0.00%,269758132,278407612132,181226.95,0
2037-10-09,7.2817,7.2817,7.2817,7.2817,23952000,0.00%,245806132,278407612132,174411.28,0
2037-10-12,7.2817,7.2817,7.2817,7.2817,37632000,0.00%,208174132,278407612132,274024.93,0
2037-10-13,7.2817,7.2817,7.2817,7.2817,51168000,0.00%,157006132,278407612132,372590.03,0
2037-10-14,7.2817,7.2817,7.2817,7.2817,76872000,0.00%,80134132,278407612132,559758.84,0
2037-10-15,7.2817,7.2817,7.2817,7.2817,53184000,0.00%,26950132,278407612132,387269.93,0
2037-10-16,7.2817,7.289,7.289,7.2817,75504000,0.10%,640903008,279097069008,550348.66,689456875
2037-10-19,7.289,7.289,7.289,7.289,63168000,0.00%,577735008,279097069008,460431.55,0
2037-10-20,7.289,7.289,7.289,7.289,53112000,0.00%,524623008,279097069008,387133.37,0
2037-10-21,7.289,7.289,7.289,7.289,50304000,0.00%,474319008,279097069008,366665.86,0
2037-10-22,7.289,7.289,7.289,7.289,118584000,0.00%,355735008,279097069008,864358.78,0
2037-10-23,7.289,7.289,7.289,7.289,63720000,0.00%,292015008,279097069008,464455.08,0
2037-10-26,7.289,7.289,7.289,7.289,204168000,0.00%,87847008,279097069008,1488180.55,0
2037-10-27,7.289,7.2963,7.2963,7.289,175248000,0.10%,593978766,279778448766,1278661.98,681379758
2037-10-28,7.2963,7.2963,7.2963,7.2963,120840000,0.00%,473138766,279778448766,881684.89,0
2037-10-29,7.2963,7.2963,7.2963,7.2963,102528000,0.00%,370610766,279778448766,748075.05,0
2037-10-30,7.2963,7.2963,7.2963,7.2963,97992000,0.00%,272618766,279778448766,714979.03,0
2037-11-02,7.2963,7.2963,7.2963,7.2963,118824000,0.00%,153794766,279778448766,866975.55,0
2037-11-03,7.2963,7.3036,7.3036,7.2963,186816000,0.10%,660461500,280471931500,1364429.34,693482734
2037-11-04,7.3036,7.3036,7.3036,7.3036,84360000,0.00%,576101500,280471931500,616131.7,0
2037-11-05,7.3036,7.3036,7.3036,7.3036,73512000,0.00%,502589500,280471931500,536902.24,0
2037-11-06,7.3036,7.3036,7.3036,7.3036,161184000,0.00%,341405500,280471931500,1177223.46,0
2037-11-09,7.3036,7.3036,7.3036,7.3036,105552000,0.00%,235853500,280471931500,770909.59,0
2037-11-10,7.3036,7.3036,7.3036,7.3036,56496000,0.00%,179357500,280471931500,412624.19,0
2037-11-11,7.3036,7.3036,7.3036,7.3036,75984000,0.00%,103373500,280471931500,554956.74,0
2037-11-12,7.3036,7.3036,7.3036,7.3036,55824000,0.00%,47549500,280471931500,407716.17,0
2037-11-13,7.3036,7.3109,7.3109,7.3036,127224000,0.10%,612625176,281164231176,930121.94,692299675
2037-11-16,7.3109,7.3109,7.3109,7.3109,116160000,0.00%,496465176,281164231176,849234.14,0
2037-11-17,7.3109,7.3109,7.3109,7.3109,151440000,0.00%,345025176,281164231176,1107162.7,0
2037-11-18,7.3109,7.3109,7.3109,7.3109,148296000,0.00%,196729176,281164231176,1084177.23,0
2037-11-19,7.3109,7.3109,7.3109,7.3109,167568000,0.00%,29161176,281164231176,1225072.89,0
2037-11-20,7.3109,7.3182,7.3182,7.3109,107424000,0.10%,628381385,281870875385,786150.32,706644208
2037-11-23,7.3182,7.3182,7.3182,7.3182,75144000,0.00%,553237385,281870875385,549918.82,0
2037-11-24,7.3182,7.3182,7.3182,7.3182,68304000,0.00%,484933385,281870875385,499862.33,0
2037-11-25,7.3182,7.3182,7.3182,7.3182,56112000,0.00%,428821385,281870875385,410638.84,0
2037-11-26,7.3182,7.3182,7.3182,7.3182,41208000,0.00%,387613385,281870875385,301568.39,0
2037-11-27,7.3182,7.3182,7.3182,7.3182,75168000,0.00%,312445385,281870875385,550094.46,0
2037-11-30,7.3182,7.3182,7.3182,7.3182,80400000,0.00%,232045385,281870875385,588383.28,0
2037-12-01,7.3182,7.3182,7.3182,7.3182,79536000,0.00%,152509385,281870875385,582060.36,0
2037-12-02,7.3182,7.3182,7.3182,7.3182,111912000,0.00%,40597385,281870875385,818994.4,0
2037-12-03,7.3182,7.3255,7.3255,7.3182,109320000,0.10%,639285134,282578883134,800823.66,708007748
2037-12-04,7.3255,7.3255,7.3255,7.3255,60216000,0.00%,579069134,282578883134,441112.31,0
2037-12-07,7.3255,7.3255,7.3255,7.3255,143592000,0.00%,435477134,282578883134,1051883.2,0
2037-12-08,7.3255,7.3255,7.3255,7.3255,69744000,0.00%,365733134,282578883134,510909.67,0
2037-12-09,7.3255,7.3255,7.3255,7.3255,98664000,0.00%,267069134,282578883134,722763.13,0
2037-12-10,7.3255,7.3255,7.3255,7.3255,81816000,0.00%,185253134,282578883134,599343.11,0
2037-12-11,7.3255,7.3255,7.3255,7.3255,96960000,0.00%,88293134,282578883134,710280.48,0
2037-12-14,7.3255,7.3255,7.3255,7.3255,49224000,0.00%,39069134,282578883134,360590.41,0
2037-12-15,7.3255,7.3328,7.3328,7.3255,48744000,0.10%,708465015,283297023015,357430.0,718139881
2037-12-16,7.3328,7.3328,7.3328,7.3328,58176000,0.00%,650289015,283297023015,426592.97,0
2037-12-17,7.3328,7.3328,7.3328,7.3328,45504000,0.00%,604785015,283297023015,333671.73,0
2037-12-18,7.3328,7.3328,7.3328,7.3328,60312000,0.00%,544473015,283297023015,442255.83,0
2037-12-21,7.3328,7.3328,7.3328,7.3328,59760000,0.00%,484713015,283297023015,438208.13,0
2037-12-22,7.3328,7.3328,7.3328,7.3328,69744000,0.00%,414969015,283297023015,511418.8,0
2037-12-23,7.3328,7.3328,7.3328,7.3328,36768000,0.00%,378201015,283297023015,269612.39,0
2037-12-24,7.3328,7.3328,7.3328,7.3328,58200000,0.00%,320001015,283297023015,426768.96,0
2037-12-25,7.3328,7.3328,7.3328,7.3328,37200000,0.00%,282801015,283297023015,272780.16,0
2037-12-30,7.3328,7.3328,7.3328,7.3328,58056000,0.00%,224745015,283297023015,425713.04,0
2037-12-31,7.3328,7.3328,7.3328,7.3328,72216000,0.00%,152529015,283297023015,529545.48,0
2038-01-01,7.3328,7.3328,7.3328,7.3328,66664500,0.00%,85864515,283297023015,488837.45,0
2038-01-05,7.3328,7.3328,7.3328,7.3328,73402000,0.00%,12462515,283297023015,538242.19,0
2038-01-06,7.3328,7.3402,7.3402,7.3328,91703500,0.10%,647956740,284024220740,673122.03,727197724
2038-01-07,7.3402,7.3402,7.3402,7.3402,99960000,0.00%,547996740,284024220740,733726.39,0
2038-01-08,7.3402,7.3402,7.3402,7.3402,66370500,0.00%,481626240,284024220740,487172.74,0
2038-01-11,7.3402,7.3402,7.3402,7.3402,69384000,0.00%,412242240,284024220740,509292.44,0
2038-01-12,7.3402,7.3402,7.3402,7.3402,48632500,0.00%,363609740,284024220740,356972.28,0
2038-01-13,7.3402,7.3402,7.3402,7.3402,87514000,0.00%,276095740,284024220740,642370.26,0
2038-01-14,7.3402,7.3402,7.3402,7.3402,99347500,0.00%,176748240,284024220740,729230.52,0
2038-01-15,7.3402,7.3402,7.3402,7.3402,51376500,0.00%,125371740,284024220740,377113.79,0
2038-01-18,7.3402,7.3402,7.3402,7.3402,48975500,0.00%,76396240,284024220740,359489.97,0
2038-01-19,7.3402,7.3402,7.3402,7.3402,39445000,0.00%,36951240,284024220740,289534.19,0
2038-01-20,7.3402,7.3475,7.3475,7.3402,66444000,0.10%,706874846,284760588346,488197.29,736367606
2038-01-21,7.3475,7.3475,7.3475,7.3475,42507500,0.00%,664367346,284760588346,312323.86,0
2038-01-22,7.3475,7.3475,7.3475,7.3475,41307000,0.00%,623060346,284760588346,303503.18,0
2038-01-28,7.3475,7.3475,7.3475,7.3475,58138500,0.00%,564921846,284760588346,427172.63,0
2038-01-29,7.3475,7.3475,7.3475,7.3475,45643500,0.00%,519278346,284760588346,335365.62,0
2038-02-01,7.3475,7.3475,7.3475,7.3475,131393500,0.00%,387884846,284760588346,965413.74,0
2038-02-02,7.3475,7.3475,7.3475,7.3475,136612000,0.00%,251272846,284760588346,1003756.67,0
2038-02-03,7.3475,7.3475,7.3475,7.3475,76979000,0.00%,174293846,284760588346,565603.2,0
2038-02-04,7.3475,7.3475,7.3475,7.3475,58212000,0.00%,116081846,284760588346,427712.67,0
2038-02-05,7.3475,7.3475,7.3475,7.3475,63553000,0.00%,52528846,284760588346,466955.67,0
2038-02-08,7.3475,7.3549,7.3549,7.3475,62695500,0.10%,733549803,285504304803,461119.13,743716456
2038-02-09,7.3549,7.3549,7.3549,7.3549,48510000,0.00%,685039803,285504304803,356786.2,0
2038-02-10,7.3549,7.3549,7.3549,7.3549,42311500,0.00%,642728303,285504304803,311196.85,0
2038-02-11,7.3549,7.3549,7.3549,7.3549,65317000,0.00%,577411303,285504304803,480400.0,0
2038-02-12,7.3549,7.3549,7.3549,7.3549,60294500,0.00%,517116803,285504304803,443460.02,0
2038-02-15,7.3549,7.3549,7.3549,7.3549,49882000,0.00%,467234803,285504304803,366877.12,0
2038-02-16,7.3549,7.3549,7.3549,7.3549,43928500,0.00%,423306303,285504304803,323089.72,0
2038-02-17,7.3549,7.3549,7.3549,7.3549,40425000,0.00%,382881303,285504304803,297321.83,0
2038-02-18,7.3549,7.3549,7.3549,7.3549,53679500,0.00%,329201803,285504304803,394807.35,0
2038-02-19,7.3549,7.3549,7.3549,7.3549,43414000,0.00%,285787803,285504304803,319305.63,0
2038-02-22,7.3549,7.3549,7.3549,7.3549,30159500,0.00%,255628303,285504304803,221820.11,0
2038-02-23,7.3549,7.3549,7.3549,7.3549,71809500,0.00%,183818803,285504304803,528151.69,0
2038-02-24,7.3549,7.3549,7.3549,7.3549,81217500,0.00%,102601303,285504304803,597346.59,0
2038-02-25,7.3549,7.3549,7.3549,7.3549,47603500,0.00%,54997803,285504304803,350118.98,0
2038-02-26,7.3549,7.3622,7.3622,7.3549,59829000,0.10%,739477540,286248613540,440473.06,744308736
2038-03-01,7.3622,7.3622,7.3622,7.3622,50176000,0.00%,689301540,286248613540,369405.75,0
2038-03-02,7.3622,7.3622,7.3622,7.3622,63724500,0.00%,625577040,286248613540,469152.51,0
2038-03-03,7.3622,7.3622,7.3622,7.3622,87244500,0.00%,538332540,286248613540,642311.46,0
2038-03-04,7.3622,7.3622,7.3622,7.3622,36260000,0.00%,502072540,286248613540,266953.37,0
2038-03-05,7.3622,7.3622,7.3622,7.3622,43561000,0.00%,458511540,286248613540,320704.79,0
2038-03-08,7.3622,7.3622,7.3622,7.3622,30943500,0.00%,427568040,286248613540,227812.24,0
2038-03-09,7.3622,7.3622,7.3622,7.3622,41748000,0.00%,385820040,286248613540,307357.13,0
2038-03-10,7.3622,7.3622,7.3622,7.3622,51964500,0.00%,333855540,286248613540,382573.04,0
2038-03-11,7.3622,7.3622,7.3622,7.3622,42311500,0.00%,291544040,286248613540,311505.73,0
2038-03-12,7.3622,7.3622,7.3622,7.3622,92120000,0.00%,199424040,286248613540,678205.86,0
2038-03-15,7.3622,7.3622,7.3622,7.3622,66468500,0.00%,132955540,286248613540,489354.39,0
2038-03-16,7.3622,7.3622,7.3622,7.3622,52234000,0.00%,80721540,286248613540,384557.15,0
2038-03-17,7.3622,7.3622,7.3622,7.3622,40596500,0.00%,40125040,286248613540,298879.55,0
2038-03-18,7.3622,7.3696,7.3696,7.3622,58138500,0.10%,732459550,286999086550,428457.49,750473010
2038-03-19,7.3696,7.3696,7.3696,7.3696,71123500,0.00%,661336050,286999086550,524151.75,0
2038-03-22,7.3696,7.3696,7.3696,7.3696,50078000,0.00%,611258050,286999086550,369054.83,0
2038-03-23,7.3696,7.3696,7.3696,7.3696,52136000,0.00%,559122050,286999086550,384221.47,0
2038-03-24,7.3696,7.3696,7.3696,7.3696,48142500,0.00%,510979550,286999086550,354790.97,0
2038-03-25,7.3696,7.3696,7.3696,7.3696,114782500,0.00%,396197050,286999086550,845901.11,0
2038-03-26,7.3696,7.3696,7.3696,7.3696,81389000,0.00%,314808050,286999086550,599804.37,0
2038-03-29,7.3696,7.3696,7.3696,7.3696,63210000,0.00%,251598050,286999086550,465832.42,0
2038-03-30,7.3696,7.3696,7.3696,7.3696,76783000,0.00%,174815050,286999086550,565860.0,0
2038-03-31,7.3696,7.3696,7.3696,7.3696,88445000,0.00%,86370050,286999086550,651804.27,0
2038-04-01,7.3696,7.3696,7.3696,7.3696,61838000,0.00%,24532050,286999086550,455721.32,0
2038-04-02,7.3696,7.3769,7.3769,7.3696,63602000,0.10%,725371961,287763528461,469185.59,764441910
2038-04-05,7.3769,7.3769,7.3769,7.3769,45986500,0.00%,679385461,287763528461,339237.81,0
2038-04-06,7.3769,7.3769,7.3769,7.3769,34912500,0.00%,644472961,287763528461,257546.02,0
2038-04-08,7.3769,7.3769,7.3769,7.3769,36627500,0.00%,607845461,287763528461,270197.4,0
2038-04-13,7.3769,7.3769,7.3769,7.3769,53728500,0.00%,554116961,287763528461,396349.77,0
2038-04-14,7.3769,7.3769,7.3769,7.3769,99151500,0.00%,454965461,287763528461,731430.7,0
2038-04-15,7.3769,7.3769,7.3769,7.3769,61152000,0.00%,393813461,287763528461,451112.19,0
2038-04-16,7.3769,7.3769,7.3769,7.3769,31213000,0.00%,362600461,287763528461,230255.18,0
2038-04-19,7.3769,7.3769,7.3769,7.3769,38489500,0.00%,324110961,287763528461,283933.19,0
2038-04-20,7.3769,7.3769,7.3769,7.3769,33540500,0.00%,290570461,287763528461,247424.91,0
2038-04-21,7.3769,7.3769,7.3769,7.3769,39886000,0.00%,250684461,287763528461,294235.03,0
2038-04-22,7.3769,7.3769,7.3769,7.3769,25798500,0.00%,224885961,287763528461,190312.95,0
2038-04-23,7.3769,7.3769,7.3769,7.3769,40474000,0.00%,184411961,287763528461,298572.65,0
2038-04-26,7.3769,7.3769,7.3769,7.3769,50151500,0.00%,134260461,287763528461,369962.6,0
2038-04-27,7.3769,7.3769,7.3769,7.3769,51327500,0.00%,82932961,287763528461,378637.83,0
2038-04-28,7.3769,7.3769,7.3769,7.3769,61299000,0.00%,21633961,287763528461,452196.59,0
2038-04-29,7.3769,7.3843,7.3843,7.3769,36162000,0.10%,749930015,288527986515,267031.06,764458054
2038-04-30,7.3843,7.3843,7.3843,7.3843,37705500,0.00%,712224515,288527986515,278428.72,0
2038-05-04,7.3843,7.3843,7.3843,7.3843,21192500,0.00%,691032015,288527986515,156491.78,0
2038-05-05,7.3843,7.3843,7.3843,7.3843,25847500,0.00%,665184515,288527986515,190865.69,0
2038-05-06,7.3843,7.3843,7.3843,7.3843,43071000,0.00%,622113515,288527986515,318049.19,0
2038-05-07,7.3843,7.3843,7.3843,7.3843,36284500,0.00%,585829015,288527986515,267935.63,0
2038-05-10,7.3843,7.3843,7.3843,7.3843,26264000,0.00%,559565015,288527986515,193941.26,0
2038-05-11,7.3843,7.3843,7.3843,7.3843,57673000,0.00%,501892015,288527986515,425874.73,0
2038-05-12,7.3843,7.3843,7.3843,7.3843,38146500,0.00%,463745515,288527986515,281685.2,0
2038-05-13,7.3843,7.3843,7.3843,7.3843,43046500,0.00%,420699015,288527986515,317868.27,0
2038-05-14,7.3843,7.3843,7.3843,7.3843,44075500,0.00%,376623515,288527986515,325466.71,0
2038-05-17,7.3843,7.3843,7.3843,7.3843,58163000,0.00%,318460515,288527986515,429493.04,0
2038-05-18,7.3843,7.3843,7.3843,7.3843,34594000,0.00%,283866515,288527986515,255452.47,0
2038-05-19,7.3843,7.3843,7.3843,7.3843,47922000,0.00%,235944515,288527986515,353870.42,0
2038-05-20,7.3843,7.3843,7.3843,7.3843,84304500,0.00%,151640015,288527986515,622529.72,0
2038-05-21,7.3843,7.3843,7.3843,7.3843,55590500,0.00%,96049515,288527986515,410496.93,0
2038-05-24,7.3843,7.3843,7.3843,7.3843,49098000,0.00%,46951515,288527986515,362554.36,0
2038-05-25,7.3843,7.3843,7.3843,7.3843,36799000,0.00%,10152515,288527986515,271734.86,0
2038-05-26,7.3843,7.3917,7.3917,7.3843,33197500,0.10%,735355635,289286387135,245385.96,758400619
2038-05-27,7.3917,7.3917,7.3917,7.3917,63773500,0.00%,671582135,289286387135,471394.58,0
2038-05-31,7.3917,7.3917,7.3917,7.3917,70658000,0.00%,600924135,289286387135,522282.74,0
2038-06-01,7.3917,7.3917,7.3917,7.3917,53263000,0.00%,547661135,289286387135,393704.12,0
2038-06-02,7.3917,7.3917,7.3917,7.3917,78718500,0.00%,468942635,289286387135,581863.54,0
2038-06-03,7.3917,7.3917,7.3917,7.3917,56227500,0.00%,412715135,289286387135,415616.81,0
2038-06-04,7.3917,7.3917,7.3917,7.3917,78547000,0.00%,334168135,289286387135,580595.86,0
2038-06-07,7.3917,7.3917,7.3917,7.3917,48730500,0.00%,285437635,289286387135,360201.24,0
2038-06-08,7.3917,7.3917,7.3917,7.3917,40915000,0.00%,244522635,289286387135,302431.41,0
2038-06-09,7.3917,7.3917,7.3917,7.3917,44712500,0.00%,199810135,289286387135,330501.39,0
2038-06-10,7.3917,7.3917,7.3917,7.3917,32168500,0.00%,167641635,289286387135,237779.9,0
2038-06-11,7.3917,7.3917,7.3917,7.3917,39641000,0.00%,128000635,289286387135,293014.38,0
2038-06-14,7.3917,7.3917,7.3917,7.3917,33050500,0.00%,94950135,289286387135,244299.38,0
2038-06-15,7.3917,7.3917,7.3917,7.3917,56644000,0.00%,38306135,289286387135,418695.45,0
2038-06-16,7.3917,7.3991,7.3991,7.3917,54096000,0.10%,704345134,290006522134,400261.71,720134999
2038-06-17,7.3991,7.3991,7.3991,7.3991,61274500,0.00%,643070634,290006522134,453376.15,0
2038-06-18,7.3991,7.3991,7.3991,7.3991,87832500,0.00%,555238134,290006522134,649881.45,0
2038-06-21,7.3991,7.3991,7.3991,7.3991,49661500,0.00%,505576634,290006522134,367450.4,0
2038-06-22,7.3991,7.3991,7.3991,7.3991,39886000,0.00%,465690634,290006522134,295120.5,0
2038-06-23,7.3991,7.3991,7.3991,7.3991,47285000,0.00%,418405634,290006522134,349866.44,0
2038-06-25,7.3991,7.3991,7.3991,7.3991,34055000,0.00%,384350634,290006522134,251976.35,0
2038-06-28,7.3991,7.3991,7.3991,7.3991,44492000,0.00%,339858634,290006522134,329200.76,0
2038-06-29,7.3991,7.3991,7.3991,7.3991,42850500,0.00%,297008134,290006522134,317055.13,0
2038-06-30,7.3991,7.3991,7.3991,7.3991,38930500,0.00%,258077634,290006522134,288050.66,0
2038-07-01,7.3991,7.3991,7.3991,7.3991,33124000,0.00%,224953634,290006522134,245087.79,0
2038-07-02,7.3991,7.3991,7.3991,7.3991,39690000,0.00%,185263634,290006522134,293670.28,0
2038-07-05,7.3991,7.3991,7.3991,7.3991,34790000,0.00%,150473634,290006522134,257414.69,0
2038-07-06,7.3991,7.3991,7.3991,7.3991,23128000,0.00%,127345634,290006522134,171126.38,0
2038-07-07,7.3991,7.3991,7.3991,7.3991,24157000,0.00%,103188634,290006522134,178740.06,0
2038-07-08,7.3991,7.3991,7.3991,7.3991,48461000,0.00%,54727634,290006522134,358567.79,0
2038-07-09,7.3991,7.3991,7.3991,7.3991,52920000,0.00%,1807634,290006522134,391560.37,0
2038-07-12,7.3991,7.4065,7.4065,7.3991,42360500,0.10%,674622776,290721697776,313743.04,715175642
2038-07-13,7.4065,7.4065,7.4065,7.4065,30282000,0.00%,644340776,290721697776,224283.63,0
2038-07-14,7.4065,7.4065,7.4065,7.4065,41282500,0.00%,603058276,290721697776,305758.84,0
2038-07-15,7.4065,7.4065,7.4065,7.4065,66934000,0.00%,536124276,290721697776,495746.67,0
2038-07-16,7.4065,7.4065,7.4065,7.4065,51964500,0.00%,484159776,290721697776,384875.07,0
2038-07-20,7.4065,7.4065,7.4065,7.4065,71417500,0.00%,412742276,290721697776,528953.71,0
2038-07-21,7.4065,7.4065,7.4065,7.4065,53679500,0.00%,359062776,290721697776,397577.22,0
2038-07-22,7.4065,7.4065,7.4065,7.4065,40572000,0.00%,318490776,290721697776,300496.52,0
2038-07-23,7.4065,7.4065,7.4065,7.4065,29008000,0.00%,289482776,290721697776,214847.75,0
2038-07-26,7.4065,7.4065,7.4065,7.4065,42752500,0.00%,246730276,290721697776,316646.39,0
2038-07-27,7.4065,7.4065,7.4065,7.4065,71540000,0.00%,175190276,290721697776,529861.01,0
2038-07-28,7.4065,7.4065,7.4065,7.4065,36603000,0.00%,138587276,290721697776,271100.12,0
2038-07-29,7.4065,7.4065,7.4065,7.4065,33442500,0.00%,105144776,290721697776,247691.88,0
2038-07-30,7.4065,7.4065,7.4065,7.4065,54488000,0.00%,50656776,290721697776,403565.37,0
2038-08-02,7.4065,7.4139,7.4139,7.4065,90160000,0.10%,671108762,291432309762,668437.22,710611985
2038-08-03,7.4139,7.4139,7.4139,7.4139,57428000,0.00%,613680762,291432309762,425765.45,0
2038-08-04,7.4139,7.4139,7.4139,7.4139,51548000,0.00%,562132762,291432309762,382171.72,0
2038-08-05,7.4139,7.4139,7.4139,7.4139,40817000,0.00%,521315762,291432309762,302613.16,0
2038-08-06,7.4139,7.4139,7.4139,7.4139,46795000,0.00%,474520762,291432309762,346933.45,0
2038-08-09,7.4139,7.4139,7.4139,7.4139,23226000,0.00%,451294762,291432309762,172195.24,0
2038-08-10,7.4139,7.4139,7.4139,7.4139,37681000,0.00%,413613762,291432309762,279363.17,0
2038-08-11,7.4139,7.4139,7.4139,7.4139,29204000,0.00%,384409762,291432309762,216515.54,0
2038-08-12,7.4139,7.4139,7.4139,7.4139,27415500,0.00%,356994262,291432309762,203255.78,0
2038-08-13,7.4139,7.4139,7.4139,7.4139,30135000,0.00%,326859262,291432309762,223417.88,0
2038-08-16,7.4139,7.4139,7.4139,7.4139,38587500,0.00%,288271762,291432309762,286083.87,0
2038-08-17,7.4139,7.4139,7.4139,7.4139,26435500,0.00%,261836262,291432309762,195990.15,0
2038-08-18,7.4139,7.4139,7.4139,7.4139,40376000,0.00%,221460262,291432309762,299343.63,0
2038-08-19,7.4139,7.4139,7.4139,7.4139,70609000,0.00%,150851262,291432309762,523488.07,0
2038-08-20,7.4139,7.4139,7.4139,7.4139,44369500,0.00%,106481762,291432309762,328951.04,0
2038-08-23,7.4139,7.4139,7.4139,7.4139,62965000,0.00%,43516762,291432309762,466816.21,0
2038-08-24,7.4139,7.4213,7.4213,7.4139,60466000,0.10%,680989254,292130248254,448736.33,697938492
2038-08-25,7.4213,7.4213,7.4213,7.4213,42238000,0.00%,638751254,292130248254,313460.87,0
2038-08-26,7.4213,7.4213,7.4213,7.4213,54733000,0.00%,584018254,292130248254,406190.01,0
2038-08-27,7.4213,7.4213,7.4213,7.4213,30723000,0.00%,553295254,292130248254,228004.6,0
2038-08-30,7.4213,7.4213,7.4213,7.4213,47530000,0.00%,505765254,292130248254,352734.39,0
2038-08-31,7.4213,7.4213,7.4213,7.4213,37681000,0.00%,468084254,292130248254,279642.01,0
2038-09-01,7.4213,7.4213,7.4213,7.4213,37215500,0.00%,430868754,292130248254,276187.39,0
2038-09-02,7.4213,7.4213,7.4213,7.4213,121863000,0.00%,309005754,292130248254,904381.88,0
2038-09-06,7.4213,7.4213,7.4213,7.4213,75337500,0.00%,233668254,292130248254,559102.19,0
2038-09-07,7.4213,7.4213,7.4213,7.4213,32462500,0.00%,201205754,292130248254,240913.95,0
2038-09-08,7.4213,7.4213,7.4213,7.4213,40400500,0.00%,160805254,292130248254,299824.23,0
2038-09-09,7.4213,7.4213,7.4213,7.4213,40964000,0.00%,119841254,292130248254,304006.13,0
2038-09-13,7.4213,7.4213,7.4213,7.4213,46084500,0.00%,73756754,292130248254,342006.9,0
2038-09-14,7.4213,7.4213,7.4213,7.4213,25480000,0.00%,48276754,292130248254,189094.72,0
2038-09-15,7.4213,7.4213,7.4213,7.4213,26117000,0.00%,22159754,292130248254,193822.09,0
2038-09-16,7.4213,7.4287,7.4287,7.4213,24867500,0.10%,687759158,292820715158,184733.2,690466903
2038-09-17,7.4287,7.4287,7.4287,7.4287,47089000,0.00%,640670158,292820715158,349810.05,0
2038-09-20,7.4287,7.4287,7.4287,7.4287,36113000,0.00%,604557158,292820715158,268272.64,0
2038-09-21,7.4287,7.4287,7.4287,7.4287,38171000,0.00%,566386158,292820715158,283560.91,0
2038-09-22,7.4287,7.4287,7.4287,7.4287,33467000,0.00%,532919158,292820715158,248616.3,0
2038-09-23,7.4287,7.4287,7.4287,7.4287,46844000,0.00%,486075158,292820715158,347990.02,0
2038-09-24,7.4287,7.4287,7.4287,7.4287,52038000,0.00%,434037158,292820715158,386574.69,0
2038-09-27,7.4287,7.4287,7.4287,7.4287,44859500,0.00%,389177658,292820715158,333247.77,0
2038-09-28,7.4287,7.4287,7.4287,7.4287,39004000,0.00%,350173658,292820715158,289749.01,0
2038-09-29,7.4287,7.4287,7.4287,7.4287,34790000,0.00%,315383658,292820715158,258444.47,0
2038-09-30,7.4287,7.4287,7.4287,7.4287,38220000,0.00%,277163658,292820715158,283924.91,0
2038-10-01,7.4287,7.4287,7.4287,7.4287,27562500,0.00%,249601158,292820715158,204753.54,0
2038-10-05,7.4287,7.4287,7.4287,7.4287,37044000,0.00%,212557158,292820715158,275188.76,0
2038-10-06,7.4287,7.4287,7.4287,7.4287,26803000,0.00%,185754158,292820715158,199111.45,0
2038-10-07,7.4287,7.4287,7.4287,7.4287,26460000,0.00%,159294158,292820715158,196563.4,0
2038-10-08,7.4287,7.4287,7.4287,7.4287,27146000,0.00%,132148158,292820715158,201659.49,0
2038-10-11,7.4287,7.4287,7.4287,7.4287,27930000,0.00%,104218158,292820715158,207483.59,0
2038-10-12,7.4287,7.4287,7.4287,7.4287,40302500,0.00%,63915658,292820715158,299395.18,0
2038-10-13,7.4287,7.4287,7.4287,7.4287,40229000,0.00%,23686658,292820715158,298849.17,0
2038-10-14,7.4287,7.4362,7.4362,7.4287,32952500,0.10%,667765919,293497746919,245041.38,677031760
2038-10-15,7.4362,7.4362,7.4362,7.4362,32756500,0.00%,635009419,293497746919,243583.89,0
2038-10-18,7.4362,7.4362,7.4362,7.4362,30502500,0.00%,604506919,293497746919,226822.69,0
2038-10-19,7.4362,7.4362,7.4362,7.4362,22540000,0.00%,581966919,293497746919,167611.95,0
2038-10-20,7.4362,7.4362,7.4362,7.4362,29400000,0.00%,552566919,293497746919,218624.28,0
2038-10-21,7.4362,7.4362,7.4362,7.4362,42189000,0.00%,510377919,293497746919,313725.84,0
2038-10-22,7.4362,7.4362,7.4362,7.4362,47064500,0.00%,463313419,293497746919,349981.03,0
2038-10-26,7.4362,7.4362,7.4362,7.4362,52969000,0.00%,410344419,293497746919,393888.08,0
2038-10-27,7.4362,7.4362,7.4362,7.4362,42899500,0.00%,367444919,293497746919,319009.26,0
2038-10-28,7.4362,7.4362,7.4362,7.4362,28052500,0.00%,339392419,293497746919,208604.0,0
2038-10-29,7.4362,7.4362,7.4362,7.4362,40327000,0.00%,299065419,293497746919,299879.64,0
2038-11-01,7.4362,7.4362,7.4362,7.4362,35182000,0.00%,263883419,293497746919,261620.39,0
2038-11-02,7.4362,7.4362,7.4362,7.4362,33638500,0.00%,230244919,293497746919,250142.61,0
2038-11-03,7.4362,7.4362,7.4362,7.4362,26974500,0.00%,203270419,293497746919,200587.78,0
2038-11-04,7.4362,7.4362,7.4362,7.4362,25676000,0.00%,177594419,293497746919,190931.87,0
2038-11-05,7.4362,7.4362,7.4362,7.4362,52871000,0.00%,124723419,293497746919,393159.33,0
2038-11-08,7.4362,7.4362,7.4362,7.4362,65807000,0.00%,58916419,293497746919,489354.01,0
2038-11-09,7.4362,7.4362,7.4362,7.4362,32830000,0.00%,26086419,293497746919,244130.45,0
2038-11-10,7.4362,7.4436,7.4436,7.4362,31556000,0.10%,662784735,294166001235,234890.24,668254316
2038-11-11,7.4436,7.4436,7.4436,7.4436,25161500,0.00%,637623235,294166001235,187292.14,0
2038-11-12,7.4436,7.4436,7.4436,7.4436,24181500,0.00%,613441735,294166001235,179997.41,0
2038-11-15,7.4436,7.4436,7.4436,7.4436,33295500,0.00%,580146235,294166001235,247838.38,0
2038-11-16,7.4436,7.4436,7.4436,7.4436,30576000,0.00%,549570235,294166001235,227595.51,0
2038-11-17,7.4436,7.4436,7.4436,7.4436,79502500,0.00%,470067735,294166001235,591784.81,0
2038-11-18,7.4436,7.4436,7.4436,7.4436,86485000,0.00%,383582735,294166001235,643759.75,0
2038-11-19,7.4436,7.4436,7.4436,7.4436,53826500,0.00%,329756235,294166001235,400662.94,0
2038-11-22,7.4436,7.4436,7.4436,7.4436,68061000,0.00%,261695235,294166001235,506618.86,0
2038-11-23,7.4436,7.4436,7.4436,7.4436,59265500,0.00%,202429735,294166001235,441148.68,0
2038-11-24,7.4436,7.4436,7.4436,7.4436,34716500,0.00%,167713235,294166001235,258415.74,0
2038-11-25,7.4436,7.4436,7.4436,7.4436,35598500,0.00%,132114735,294166001235,264980.99,0
2038-11-26,7.4436,7.4436,7.4436,7.4436,37338000,0.00%,94776735,294166001235,277929.14,0
2038-11-29,7.4436,7.4436,7.4436,7.4436,29963500,0.00%,64813235,294166001235,223036.31,0
2038-11-30,7.4436,7.4436,7.4436,7.4436,37117500,0.00%,27695735,294166001235,276287.82,0
2038-12-01,7.4436,7.451,7.451,7.4436,41307000,0.10%,656319834,294835932334,307778.46,669931098
2038-12-02,7.451,7.451,7.451,7.451,74259500,0.00%,582060334,294835932334,553307.53,0
2038-12-03,7.451,7.451,7.451,7.451,37117500,0.00%,544942834,294835932334,276562.49,0
2038-12-06,7.451,7.451,7.451,7.451,36529500,0.00%,508413334,294835932334,272181.3,0
2038-12-07,7.451,7.451,7.451,7.451,58138500,0.00%,450274834,294835932334,433189.96,0
2038-12-08,7.451,7.451,7.451,7.451,38955000,0.00%,411319834,294835932334,290253.71,0
2038-12-09,7.451,7.451,7.451,7.451,33565000,0.00%,377754834,294835932334,250092.82,0
2038-12-10,7.451,7.451,7.451,7.451,40670000,0.00%,337084834,294835932334,303032.17,0
2038-12-13,7.451,7.451,7.451,7.451,45080000,0.00%,292004834,294835932334,335891.08,0
2038-12-14,7.451,7.451,7.451,7.451,31850000,0.00%,260154834,294835932334,237314.35,0
2038-12-15,7.451,7.451,7.451,7.451,34667500,0.00%,225487334,294835932334,258307.54,0
2038-12-16,7.451,7.451,7.451,7.451,42140000,0.00%,183347334,294835932334,313985.14,0
2038-12-17,7.451,7.451,7.451,7.451,75754000,0.00%,107593334,294835932334,564443.05,0
2038-12-20,7.451,7.451,7.451,7.451,29620500,0.00%,77972834,294835932334,220702.35,0
2038-12-21,7.451,7.451,7.451,7.451,30698500,0.00%,47274334,294835932334,228734.52,0
2038-12-22,7.451,7.451,7.451,7.451,34765500,0.00%,12508834,294835932334,259037.74,0
2038-12-23,7.451,7.4585,7.4585,7.451,24916500,0.10%,656224393,295504564393,185839.72,668632058
2038-12-24,7.4585,7.4585,7.4585,7.4585,360174500,0.00%,296049893,295504564393,2686361.51,0
2038-12-29,7.4585,7.4585,7.4585,7.4585,157951500,0.00%,138098393,295504564393,1178081.26,0
2038-12-30,7.4585,7.4585,7.4585,7.4585,92708000,0.00%,45390393,295504564393,691462.62,0
2038-12-31,7.4585,7.466,7.466,7.4585,48069000,0.10%,688514922,296195757922,358883.15,691193529
2039-01-04,7.466,7.466,7.466,7.466,58375000,0.00%,630139922,296195757922,435827.75,0
2039-01-05,7.466,7.466,7.466,7.466,50975000,0.00%,579164922,296195757922,380579.35,0
2039-01-06,7.466,7.466,7.466,7.466,50550000,0.00%,528614922,296195757922,377406.3,0
2039-01-07,7.466,7.466,7.466,7.466,59375000,0.00%,469239922,296195757922,443293.75,0
2039-01-10,7.466,7.466,7.466,7.466,41799999,0.00%,427439922,296195757922,312078.8,0
2039-01-11,7.466,7.466,7.466,7.466,42325000,0.00%,385114922,296195757922,315998.45,0
2039-01-12,7.466,7.466,7.466,7.466,47875000,0.00%,337239922,296195757922,357434.75,0
2039-01-13,7.466,7.466,7.466,7.466,51500000,0.00%,285739922,296195757922,384499.0,0
2039-01-14,7.466,7.466,7.466,7.466,39425000,0.00%,246314922,296195757922,294347.05,0
2039-01-17,7.466,7.466,7.466,7.466,40824999,0.00%,205489922,296195757922,304799.45,0
2039-01-18,7.466,7.466,7.466,7.466,55600000,0.00%,149889922,296195757922,415109.6,0
2039-01-19,7.466,7.466,7.466,7.466,90275000,0.00%,59614922,296195757922,673993.15,0
2039-01-20,7.466,7.4734,7.4734,7.466,61500000,0.10%,669986342,296867629342,459614.1,671871420
2039-01-21,7.4734,7.4734,7.4734,7.4734,67250000,0.00%,602736342,296867629342,502586.15,0
2039-01-24,7.4734,7.4734,7.4734,7.4734,84125000,0.00%,518611342,296867629342,628699.78,0
2039-01-25,7.4734,7.4734,7.4734,7.4734,89025000,0.00%,429586342,296867629342,665319.44,0
2039-01-26,7.4734,7.4734,7.4734,7.4734,84650000,0.00%,344936342,296867629342,632623.31,0
2039-01-27,7.4734,7.4734,7.4734,7.4734,85400000,0.00%,259536342,296867629342,638228.36,0
2039-01-28,7.4734,7.4734,7.4734,7.4734,62050000,0.00%,197486342,296867629342,463724.47,0
2039-01-31,7.4734,7.4734,7.4734,7.4734,50400000,0.00%,147086342,296867629342,376659.36,0
2039-02-01,7.4734,7.4734,7.4734,7.4734,53775000,0.00%,93311342,296867629342,401882.09,0
2039-02-02,7.4734,7.4734,7.4734,7.4734,50125000,0.00%,43186342,296867629342,374604.17,0
2039-02-03,7.4734,7.4809,7.4809,7.4734,43325000,0.10%,659428121,297527196121,324109.99,659566778
2039-02-04,7.4809,7.4809,7.4809,7.4809,77625000,0.00%,581803121,297527196121,580704.86,0
2039-02-07,7.4809,7.4809,7.4809,7.4809,51150000,0.00%,530653121,297527196121,382648.04,0
2039-02-08,7.4809,7.4809,7.4809,7.4809,72150000,0.00%,458503121,297527196121,539746.94,0
2039-02-09,7.4809,7.4809,7.4809,7.4809,65850000,0.00%,392653121,297527196121,492617.27,0
2039-02-10,7.4809,7.4809,7.4809,7.4809,44775000,0.00%,347878121,297527196121,334957.3,0
2039-02-11,7.4809,7.4809,7.4809,7.4809,16825000,0.00%,331053121,297527196121,125866.14,0
2039-02-16,7.4809,7.4809,7.4809,7.4809,28925000,0.00%,302128121,297527196121,216385.03,0
2039-02-17,7.4809,7.4809,7.4809,7.4809,31425000,0.00%,270703121,297527196121,235087.28,0
2039-02-18,7.4809,7.4809,7.4809,7.4809,43050000,0.00%,227653121,297527196121,322052.74,0
2039-02-21,7.4809,7.4809,7.4809,7.4809,38550000,0.00%,189103121,297527196121,288388.7,0
2039-02-22,7.4809,7.4809,7.4809,7.4809,39425000,0.00%,149678121,297527196121,294934.48,0
2039-02-23,7.4809,7.4809,7.4809,7.4809,59875000,0.00%,89803121,297527196121,447918.89,0
2039-02-24,7.4809,7.4809,7.4809,7.4809,31100000,0.00%,58703121,297527196121,232655.99,0
2039-02-25,7.4809,7.4809,7.4809,7.4809,33075000,0.00%,25628121,297527196121,247430.77,0
2039-02-28,7.4809,7.4884,7.4884,7.4809,31025000,0.10%,621788133,298154381133,232327.61,627185012
2039-03-01,7.4884,7.4884,7.4884,7.4884,59025000,0.00%,562763133,298154381133,442002.81,0
2039-03-02,7.4884,7.4884,7.4884,7.4884,64750000,0.00%,498013133,298154381133,484873.9,0
2039-03-03,7.4884,7.4884,7.4884,7.4884,74300000,0.00%,423713133,298154381133,556388.12,0
2039-03-04,7.4884,7.4884,7.4884,7.4884,69875000,0.00%,353838133,298154381133,523251.95,0
2039-03-07,7.4884,7.4884,7.4884,7.4884,34575000,0.00%,319263133,298154381133,258911.43,0
2039-03-08,7.4884,7.4884,7.4884,7.4884,65150000,0.00%,254113133,298154381133,487869.26,0
2039-03-09,7.4884,7.4884,7.4884,7.4884,58225000,0.00%,195888133,298154381133,436012.09,0
2039-03-10,7.4884,7.4884,7.4884,7.4884,42900000,0.00%,152988133,298154381133,321252.36,0
2039-03-11,7.4884,7.4884,7.4884,7.4884,31050000,0.00%,121938133,298154381133,232514.82,0
2039-03-14,7.4884,7.4884,7.4884,7.4884,44675000,0.00%,77263133,298154381133,334544.27,0
2039-03-15,7.4884,7.4959,7.4959,7.4884,91325000,0.10%,607966968,298776409968,684563.07,622028834
2039-03-16,7.4959,7.4959,7.4959,7.4959,50175000,0.00%,557791968,298776409968,376106.78,0
2039-03-17,7.4959,7.4959,7.4959,7.4959,35575000,0.00%,522216968,298776409968,266666.64,0
2039-03-18,7.4959,7.4959,7.4959,7.4959,72950000,0.00%,449266968,298776409968,546825.91,0
2039-03-21,7.4959,7.4959,7.4959,7.4959,49075000,0.00%,400191968,298776409968,367861.29,0
2039-03-22,7.4959,7.4959,7.4959,7.4959,39100000,0.00%,361091968,298776409968,293089.69,0
2039-03-23,7.4959,7.4959,7.4959,7.4959,39050000,0.00%,322041968,298776409968,292714.9,0
2039-03-24,7.4959,7.4959,7.4959,7.4959,92175000,0.00%,229866968,298776409968,690934.58,0
2039-03-25,7.4959,7.4959,7.4959,7.4959,66075000,0.00%,163791968,298776409968,495291.59,0
2039-03-28,7.4959,7.4959,7.4959,7.4959,52825000,0.00%,110966968,298776409968,395970.92,0
2039-03-29,7.4959,7.4959,7.4959,7.4959,85000000,0.00%,25966968,298776409968,637151.5,0
2039-03-30,7.4959,7.5034,7.5034,7.4959,96875000,0.10%,551321572,299398639572,726891.88,622229604
2039-03-31,7.5034,7.5034,7.5034,7.5034,75000000,0.00%,476321572,299398639572,562755.0,0
2039-04-05,7.5034,7.5034,7.5034,7.5034,66400000,0.00%,409921572,299398639572,498225.76,0
2039-04-06,7.5034,7.5034,7.5034,7.5034,49250000,0.00%,360671572,299398639572,369542.45,0
2039-04-08,7.5034,7.5034,7.5034,7.5034,33950000,0.00%,326721572,299398639572,254740.43,0
2039-04-11,7.5034,7.5034,7.5034,7.5034,54150000,0.00%,272571572,299398639572,406309.11,0
2039-04-12,7.5034,7.5034,7.5034,7.5034,44700000,0.00%,227871572,299398639572,335401.98,0
2039-04-13,7.5034,7.5034,7.5034,7.5034,61825000,0.00%,166046572,299398639572,463897.71,0
2039-04-14,7.5034,7.5034,7.5034,7.5034,47075000,0.00%,118971572,299398639572,353222.55,0
2039-04-15,7.5034,7.5034,7.5034,7.5034,57575000,0.00%,61396572,299398639572,432008.26,0
2039-04-18,7.5034,7.5034,7.5034,7.5034,45750000,0.00%,15646572,299398639572,343280.55,0
2039-04-19,7.5034,7.5109,7.5109,7.5034,49225000,0.10%,587575079,300019793079,369724.05,621153506
2039-04-20,7.5109,7.5109,7.5109,7.5109,36025000,0.00%,551550079,300019793079,270580.17,0
2039-04-21,7.5109,7.5109,7.5109,7.5109,47650000,0.00%,503900079,300019793079,357894.39,0
2039-04-22,7.5109,7.5109,7.5109,7.5109,48675000,0.00%,455225079,300019793079,365593.06,0
2039-04-25,7.5109,7.5109,7.5109,7.5109,102825000,0.00%,352400079,300019793079,772308.29,0
2039-04-26,7.5109,7.5109,7.5109,7.5109,109550000,0.00%,242850079,300019793079,822819.09,0
2039-04-27,7.5109,7.5109,7.5109,7.5109,103675000,0.00%,139175079,300019793079,778692.56,0
2039-04-28,7.5109,7.5109,7.5109,7.5109,69325000,0.00%,69850079,300019793079,520693.14,0
2039-04-29,7.5109,7.5184,7.5184,7.5109,74000000,0.10%,617348987,300641291987,556361.6,621498908
2039-05-02,7.5184,7.5184,7.5184,7.5184,63550000,0.00%,553798987,300641291987,477794.32,0
2039-05-03,7.5184,7.5184,7.5184,7.5184,39900000,0.00%,513898987,300641291987,299984.16,0
2039-05-05,7.5184,7.5184,7.5184,7.5184,56200000,0.00%,457698987,300641291987,422534.08,0
2039-05-06,7.5184,7.5184,7.5184,7.5184,58975000,0.00%,398723987,300641291987,443397.64,0
2039-05-09,7.5184,7.5184,7.5184,7.5184,65525000,0.00%,333198987,300641291987,492643.16,0
2039-05-10,7.5184,7.5184,7.5184,7.5184,48525000,0.00%,284673987,300641291987,364830.36,0
2039-05-11,7.5184,7.5184,7.5184,7.5184,50150000,0.00%,234523987,300641291987,377047.76,0
2039-05-12,7.5184,7.5184,7.5184,7.5184,40075000,0.00%,194448987,300641291987,301299.88,0
2039-05-13,7.5184,7.5184,7.5184,7.5184,39225000,0.00%,155223987,300641291987,294909.24,0
2039-05-16,7.5184,7.5184,7.5184,7.5184,51400000,0.00%,103823987,300641291987,386445.76,0
2039-05-17,7.5184,7.5184,7.5184,7.5184,54000000,0.00%,49823987,300641291987,405993.6,0
2039-05-19,7.5184,7.5259,7.5259,7.5184,146075000,0.10%,530643602,301268186602,1099345.84,626894614
2039-05-20,7.5259,7.5259,7.5259,7.5259,69800000,0.00%,460843602,301268186602,525307.82,0
2039-05-23,7.5259,7.5259,7.5259,7.5259,55825000,0.00%,405018602,301268186602,420133.37,0
2039-05-24,7.5259,7.5259,7.5259,7.5259,76700000,0.00%,328318602,301268186602,577236.53,0
2039-05-25,7.5259,7.5259,7.5259,7.5259,55925000,0.00%,272393602,301268186602,420885.96,0
2039-05-26,7.5259,7.5259,7.5259,7.5259,45800000,0.00%,226593602,301268186602,344686.22,0
2039-05-27,7.5259,7.5259,7.5259,7.5259,47850000,0.00%,178743602,301268186602,360114.32,0
2039-05-30,7.5259,7.5259,7.5259,7.5259,80325000,0.00%,98418602,301268186602,604517.92,0
2039-05-31,7.5259,7.5259,7.5259,7.5259,41525000,0.00%,56893602,301268186602,312513.0,0
2039-06-01,7.5259,7.5334,7.5334,7.5259,68450000,0.10%,620646669,301900389669,515661.23,632203066
2039-06-02,7.5334,7.5334,7.5334,7.5334,55025000,0.00%,565621669,301900389669,414525.34,0
2039-06-03,7.5334,7.5334,7.5334,7.5334,100100000,0.00%,465521669,301900389669,754093.34,0
2039-06-06,7.5334,7.5334,7.5334,7.5334,70325000,0.00%,395196669,301900389669,529786.35,0
2039-06-07,7.5334,7.5334,7.5334,7.5334,45100000,0.00%,350096669,301900389669,339756.34,0
2039-06-08,7.5334,7.5334,7.5334,7.5334,50525000,0.00%,299571669,301900389669,380625.04,0
2039-06-09,7.5334,7.5334,7.5334,7.5334,47225000,0.00%,252346669,301900389669,355764.82,0
2039-06-10,7.5334,7.5334,7.5334,7.5334,63125000,0.00%,189221669,301900389669,475545.88,0
2039-06-14,7.5334,7.5334,7.5334,7.5334,66250000,0.00%,122971669,301900389669,499087.75,0
2039-06-15,7.5334,7.5334,7.5334,7.5334,37400000,0.00%,85571669,301900389669,281749.16,0
2039-06-16,7.5334,7.5334,7.5334,7.5334,38350000,0.00%,47221669,301900389669,288905.89,0
2039-06-17,7.5334,7.5409,7.5409,7.5334,52150000,0.10%,629248752,302534566752,393257.93,634177083
2039-06-20,7.5409,7.5409,7.5409,7.5409,38200000,0.00%,591048752,302534566752,288062.38,0
2039-06-21,7.5409,7.5409,7.5409,7.5409,35700000,0.00%,555348752,302534566752,269210.13,0
2039-06-22,7.5409,7.5409,7.5409,7.5409,55775000,0.00%,499573752,302534566752,420593.7,0
2039-06-23,7.5409,7.5409,7.5409,7.5409,35125000,0.00%,464448752,302534566752,264874.11,0
2039-06-24,7.5409,7.5409,7.5409,7.5409,64650000,0.00%,399798752,302534566752,487519.18,0
2039-06-27,7.5409,7.5409,7.5409,7.5409,32300000,0.00%,367498752,302534566752,243571.07,0
2039-06-28,7.5409,7.5409,7.5409,7.5409,31975000,0.00%,335523752,302534566752,241120.28,0
2039-06-29,7.5409,7.5409,7.5409,7.5409,29725000,0.00%,305798752,302534566752,224153.25,0
2039-06-30,7.5409,7.5409,7.5409,7.5409,43775000,0.00%,262023752,302534566752,330102.9,0
2039-07-01,7.5409,7.5409,7.5409,7.5409,38900000,0.00%,223123752,302534566752,293341.01,0
2039-07-05,7.5409,7.5409,7.5409,7.5409,68175000,0.00%,154948752,302534566752,514100.86,0
2039-07-06,7.5409,7.5409,7.5409,7.5409,55650000,0.00%,99298752,302534566752,419651.09,0
2039-07-07,7.5409,7.5409,7.5409,7.5409,38600000,0.00%,60698752,302534566752,291078.74,0
2039-07-08,7.5409,7.5409,7.5409,7.5409,26300000,0.00%,34398752,302534566752,198325.67,0
2039-07-11,7.5409,7.5409,7.5409,7.5409,29050000,0.00%,5348752,302534566752,219063.15,0
2039-07-12,7.5409,7.5485,7.5485,7.5409,32550000,0.10%,595445182,303157213182,245703.68,622646430
2039-07-13,7.5485,7.5485,7.5485,7.5485,38975000,0.00%,556470182,303157213182,294202.79,0
2039-07-14,7.5485,7.5485,7.5485,7.5485,41475000,0.00%,514995182,303157213182,313074.04,0
2039-07-15,7.5485,7.5485,7.5485,7.5485,68800000,0.00%,446195182,303157213182,519336.8,0
2039-07-18,7.5485,7.5485,7.5485,7.5485,34200000,0.00%,411995182,303157213182,258158.7,0
2039-07-19,7.5485,7.5485,7.5485,7.5485,47650000,0.00%,364345182,303157213182,359686.03,0
2039-07-20,7.5485,7.5485,7.5485,7.5485,64650000,0.00%,299695182,303157213182,488010.53,0
2039-07-21,7.5485,7.5485,7.5485,7.5485,47350000,0.00%,252345182,303157213182,357421.48,0
2039-07-22,7.5485,7.5485,7.5485,7.5485,57725000,0.00%,194620182,303157213182,435737.16,0
2039-07-25,7.5485,7.5485,7.5485,7.5485,42400000,0.00%,152220182,303157213182,320056.4,0
2039-07-26,7.5485,7.5485,7.5485,7.5485,30250000,0.00%,121970182,303157213182,228342.12,0
2039-07-27,7.5485,7.5485,7.5485,7.5485,29500000,0.00%,92470182,303157213182,222680.75,0
2039-07-28,7.5485,7.5485,7.5485,7.5485,64475000,0.00%,27995182,303157213182,486689.54,0
2039-07-29,7.5485,7.556,7.556,7.5485,33175000,0.10%,623855932,303786248932,250670.3,629035750
2039-08-01,7.556,7.556,7.556,7.556,32175000,0.00%,591680932,303786248932,243114.3,0
2039-08-02,7.556,7.556,7.556,7.556,24375000,0.00%,567305932,303786248932,184177.5,0
2039-08-03,7.556,7.556,7.556,7.556,50750000,0.00%,516555932,303786248932,383467.0,0
2039-08-04,7.556,7.556,7.556,7.556,31025000,0.00%,485530932,303786248932,234424.9,0
2039-08-05,7.556,7.556,7.556,7.556,44275000,0.00%,441255932,303786248932,334541.9,0
2039-08-08,7.556,7.556,7.556,7.556,57400000,0.00%,383855932,303786248932,433714.4,0
2039-08-09,7.556,7.556,7.556,7.556,44175000,0.00%,339680932,303786248932,333786.3,0
2039-08-10,7.556,7.556,7.556,7.556,39600000,0.00%,300080932,303786248932,299217.6,0
2039-08-11,7.556,7.556,7.556,7.556,47025000,0.00%,253055932,303786248932,355320.9,0
2039-08-12,7.556,7.556,7.556,7.556,40875000,0.00%,212180932,303786248932,308851.5,0
2039-08-15,7.556,7.556,7.556,7.556,25550000,0.00%,186630932,303786248932,193055.8,0
2039-08-16,7.556,7.556,7.556,7.556,33975000,0.00%,152655932,303786248932,256715.1,0
2039-08-17,7.556,7.556,7.556,7.556,46725000,0.00%,105930932,303786248932,353054.1,0
2039-08-18,7.556,7.556,7.556,7.556,53600000,0.00%,52330932,303786248932,405001.6,0
2039-08-19,7.556,7.556,7.556,7.556,41025000,0.00%,11305932,303786248932,309984.9,0
2039-08-22,7.556,7.5636,7.5636,7.556,38025000,0.10%,596127365,304409095365,287605.89,622846433
2039-08-23,7.5636,7.5636,7.5636,7.5636,29625000,0.00%,566502365,304409095365,224071.65,0
2039-08-24,7.5636,7.5636,7.5636,7.5636,29125000,0.00%,537377365,304409095365,220289.85,0
2039-08-25,7.5636,7.5636,7.5636,7.5636,41975000,0.00%,495402365,304409095365,317482.11,0
2039-08-26,7.5636,7.5636,7.5636,7.5636,32650000,0.00%,462752365,304409095365,246951.54,0
2039-08-29,7.5636,7.5636,7.5636,7.5636,40625000,0.00%,422127365,304409095365,307271.25,0
2039-08-30,7.5636,7.5636,7.5636,7.5636,34200000,0.00%,387927365,304409095365,258675.12,0
2039-08-31,7.5636,7.5636,7.5636,7.5636,36500000,0.00%,351427365,304409095365,276071.4,0
2039-09-01,7.5636,7.5636,7.5636,7.5636,32225000,0.00%,319202365,304409095365,243737.01,0
2039-09-02,7.5636,7.5636,7.5636,7.5636,77175000,0.00%,242027365,304409095365,583720.83,0
2039-09-05,7.5636,7.5636,7.5636,7.5636,34700000,0.00%,207327365,304409095365,262456.92,0
2039-09-06,7.5636,7.5636,7.5636,7.5636,24525000,0.00%,182802365,304409095365,185497.29,0
2039-09-07,7.5636,7.5636,7.5636,7.5636,33200000,0.00%,149602365,304409095365,251111.52,0
2039-09-08,7.5636,7.5636,7.5636,7.5636,23950000,0.00%,125652365,304409095365,181148.22,0
2039-09-12,7.5636,7.5636,7.5636,7.5636,50200000,0.00%,75452365,304409095365,379692.72,0
2039-09-13,7.5636,7.5636,7.5636,7.5636,30750000,0.00%,44702365,304409095365,232580.7,0
2039-09-14,7.5636,7.5636,7.5636,7.5636,30100000,0.00%,14602365,304409095365,227664.36,0
2039-09-15,7.5636,7.5712,7.5712,7.5636,34500000,0.10%,595347546,305024340546,261206.4,615245180
2039-09-16,7.5712,7.5712,7.5712,7.5712,27525000,0.00%,567822546,305024340546,208397.28,0
2039-09-19,7.5712,7.5712,7.5712,7.5712,19225000,0.00%,548597546,305024340546,145556.32,0
2039-09-20,7.5712,7.5712,7.5712,7.5712,25375000,0.00%,523222546,305024340546,192119.2,0
2039-09-22,7.5712,7.5712,7.5712,7.5712,64500000,0.00%,458722546,305024340546,488342.4,0
2039-09-23,7.5712,7.5712,7.5712,7.5712,71025000,0.00%,387697546,305024340546,537744.48,0
2039-09-26,7.5712,7.5712,7.5712,7.5712,38050000,0.00%,349647546,305024340546,288084.16,0
2039-09-27,7.5712,7.5712,7.5712,7.5712,107300000,0.00%,242347546,305024340546,812389.76,0
2039-09-28,7.5712,7.5712,7.5712,7.5712,100275000,0.00%,142072546,305024340546,759202.08,0
2039-09-29,7.5712,7.5712,7.5712,7.5712,125625000,0.00%,16447546,305024340546,951132.0,0
2039-09-30,7.5712,7.5787,7.5787,7.5712,142875000,0.10%,505159592,305655927592,1082806.76,631587045
2039-10-03,7.5787,7.5787,7.5787,7.5787,188650000,0.00%,316509592,305655927592,1429721.76,0
2039-10-05,7.5787,7.5787,7.5787,7.5787,121925000,0.00%,194584592,305655927592,924033.0,0
2039-10-06,7.5787,7.5787,7.5787,7.5787,79000000,0.00%,115584592,305655927592,598717.3,0
2039-10-07,7.5787,7.5787,7.5787,7.5787,61650000,0.00%,53934592,305655927592,467226.85,0
2039-10-10,7.5787,7.5863,7.5863,7.5787,63325000,0.10%,634761971,306300079971,480402.45,644152378
2039-10-11,7.5863,7.5863,7.5863,7.5863,176175000,0.00%,458586971,306300079971,1336516.4,0
2039-10-12,7.5863,7.5863,7.5863,7.5863,115925000,0.00%,342661971,306300079971,879441.83,0
2039-10-13,7.5863,7.5863,7.5863,7.5863,82775000,0.00%,259886971,306300079971,627955.98,0
2039-10-17,7.5863,7.5863,7.5863,7.5863,75800000,0.00%,184086971,306300079971,575041.54,0
2039-10-18,7.5863,7.5863,7.5863,7.5863,83699999,0.00%,100386971,306300079971,634973.31,0
2039-10-19,7.5863,7.5863,7.5863,7.5863,56225000,0.00%,44161971,306300079971,426539.72,0
2039-10-20,7.5863,7.5863,7.5863,7.5863,41200000,0.00%,2961971,306300079971,312555.56,0
2039-10-21,7.5863,7.5939,7.5939,7.5863,64900000,0.10%,598148287,306960166287,492844.11,660086316
2039-10-24,7.5939,7.5939,7.5939,7.5939,40824999,0.00%,557323287,306960166287,310020.97,0
2039-10-25,7.5939,7.5939,7.5939,7.5939,27575000,0.00%,529748287,306960166287,209401.79,0
2039-10-26,7.5939,7.5939,7.5939,7.5939,36650000,0.00%,493098287,306960166287,278316.43,0
2039-10-27,7.5939,7.5939,7.5939,7.5939,28000000,0.00%,465098287,306960166287,212629.2,0
2039-10-28,7.5939,7.5939,7.5939,7.5939,29875000,0.00%,435223287,306960166287,226867.76,0
2039-10-31,7.5939,7.5939,7.5939,7.5939,38875000,0.00%,396348287,306960166287,295212.86,0
2039-11-01,7.5939,7.5939,7.5939,7.5939,34500000,0.00%,361848287,306960166287,261989.55,0
2039-11-02,7.5939,7.5939,7.5939,7.5939,44750000,0.00%,317098287,306960166287,339827.03,0
2039-11-03,7.5939,7.5939,7.5939,7.5939,56875000,0.00%,260223287,306960166287,431903.06,0
2039-11-04,7.5939,7.5939,7.5939,7.5939,52725000,0.00%,207498287,306960166287,400388.38,0
2039-11-07,7.5939,7.5939,7.5939,7.5939,29275000,0.00%,178223287,306960166287,222311.42,0
2039-11-08,7.5939,7.5939,7.5939,7.5939,38175000,0.00%,140048287,306960166287,289897.13,0
2039-11-09,7.5939,7.5939,7.5939,7.5939,51900000,0.00%,88148287,306960166287,394123.41,0
2039-11-10,7.5939,7.5939,7.5939,7.5939,49800000,0.00%,38348287,306960166287,378176.22,0
2039-11-11,7.5939,7.6015,7.6015,7.5939,48475000,0.10%,649799435,307620092435,368482.71,659926147
2039-11-14,7.6015,7.6015,7.6015,7.6015,57150000,0.00%,592649435,307620092435,434425.73,0
2039-11-15,7.6015,7.6015,7.6015,7.6015,68250000,0.00%,524399435,307620092435,518802.38,0
2039-11-16,7.6015,7.6015,7.6015,7.6015,70775000,0.00%,453624435,307620092435,537996.16,0
2039-11-17,7.6015,7.6015,7.6015,7.6015,87250000,0.00%,366374435,307620092435,663230.88,0
2039-11-18,7.6015,7.6015,7.6015,7.6015,72650000,0.00%,293724435,307620092435,552248.97,0
2039-11-21,7.6015,7.6015,7.6015,7.6015,51225000,0.00%,242499435,307620092435,389386.84,0
2039-11-22,7.6015,7.6015,7.6015,7.6015,34700000,0.00%,207799435,307620092435,263772.05,0
2039-11-23,7.6015,7.6015,7.6015,7.6015,37525000,0.00%,170274435,307620092435,285246.29,0
2039-11-24,7.6015,7.6015,7.6015,7.6015,31250000,0.00%,139024435,307620092435,237546.88,0
2039-11-25,7.6015,7.6015,7.6015,7.6015,42375000,0.00%,96649435,307620092435,322113.56,0
2039-11-28,7.6015,7.6015,7.6015,7.6015,69725000,0.00%,26924435,307620092435,530014.59,0
2039-11-29,7.6015,7.6091,7.6091,7.6015,42350000,0.10%,647215420,308282733420,322245.39,662640985
2039-11-30,7.6091,7.6091,7.6091,7.6091,41725000,0.00%,605490420,308282733420,317489.7,0
2039-12-01,7.6091,7.6091,7.6091,7.6091,32675000,0.00%,572815420,308282733420,248627.34,0
2039-12-02,7.6091,7.6091,7.6091,7.6091,39075000,0.00%,533740420,308282733420,297325.58,0
2039-12-05,7.6091,7.6091,7.6091,7.6091,33325000,0.00%,500415420,308282733420,253573.26,0
2039-12-06,7.6091,7.6091,7.6091,7.6091,45900000,0.00%,454515420,308282733420,349257.69,0
2039-12-07,7.6091,7.6091,7.6091,7.6091,35125000,0.00%,419390420,308282733420,267269.64,0
2039-12-08,7.6091,7.6091,7.6091,7.6091,33275000,0.00%,386115420,308282733420,253192.8,0
2039-12-09,7.6091,7.6091,7.6091,7.6091,69275000,0.00%,316840420,308282733420,527120.4,0
2039-12-12,7.6091,7.6091,7.6091,7.6091,56150000,0.00%,260690420,308282733420,427250.97,0
2039-12-13,7.6091,7.6091,7.6091,7.6091,75700000,0.00%,184990420,308282733420,576008.87,0
2039-12-14,7.6091,7.6091,7.6091,7.6091,32750000,0.00%,152240420,308282733420,249198.02,0
2039-12-15,7.6091,7.6091,7.6091,7.6091,58525000,0.00%,93715420,308282733420,445322.58,0
2039-12-16,7.6091,7.6091,7.6091,7.6091,40750000,0.00%,52965420,308282733420,310070.83,0
2039-12-19,7.6091,7.6091,7.6091,7.6091,35150000,0.00%,17815420,308282733420,267459.86,0
2039-12-20,7.6091,7.6167,7.6167,7.6091,41950000,0.10%,644403286,308951271286,319520.57,668537865
2039-12-21,7.6167,7.6167,7.6167,7.6167,37275000,0.00%,607128286,308951271286,283912.49,0
2039-12-22,7.6167,7.6167,7.6167,7.6167,86675000,0.00%,520453286,308951271286,660177.47,0
2039-12-23,7.6167,7.6167,7.6167,7.6167,112075000,0.00%,408378286,308951271286,853641.65,0
2039-12-26,7.6167,7.6167,7.6167,7.6167,52150000,0.00%,356228286,308951271286,397210.91,0
2039-12-27,7.6167,7.6167,7.6167,7.6167,19675000,0.00%,336553286,308951271286,149858.57,0
2039-12-30,7.6167,7.6167,7.6167,7.6167,33875000,0.00%,302678286,308951271286,258015.71,0
2040-01-02,7.6167,7.6167,7.6167,7.6167,34476000,0.00%,268202286,308951271286,262593.35,0
2040-01-03,7.6167,7.6167,7.6167,7.6167,27718499,0.00%,240483786,308951271286,211123.5,0
2040-01-05,7.6167,7.6167,7.6167,7.6167,52861500,0.00%,187622286,308951271286,402630.19,0
2040-01-06,7.6167,7.6167,7.6167,7.6167,42942000,0.00%,144680286,308951271286,327076.33,0
2040-01-09,7.6167,7.6167,7.6167,7.6167,43018500,0.00%,101661786,308951271286,327659.01,0
2040-01-10,7.6167,7.6243,7.6243,7.6167,364446000,0.10%,430148212,309644203712,2778645.64,692932426
2040-01-11,7.6243,7.6243,7.6243,7.6243,243422999,0.00%,186725212,309644203712,1855929.98,0
2040-01-12,7.6243,7.6243,7.6243,7.6243,154479000,0.00%,32246212,309644203712,1177794.24,0
2040-01-13,7.6243,7.6319,7.6319,7.6243,94477500,0.10%,648085209,310354520209,721042.83,710316496
2040-01-16,7.6319,7.6319,7.6319,7.6319,88714500,0.00%,559370709,310354520209,677060.19,0
2040-01-17,7.6319,7.6319,7.6319,7.6319,103581000,0.00%,455789709,310354520209,790519.83,0
2040-01-18,7.6319,7.6319,7.6319,7.6319,74358000,0.00%,381431709,310354520209,567492.82,0
2040-01-19,7.6319,7.6319,7.6319,7.6319,66656999,0.00%,314774709,310354520209,508719.56,0
2040-01-20,7.6319,7.6319,7.6319,7.6319,43707000,0.00%,271067709,310354520209,333567.45,0
2040-01-23,7.6319,7.6319,7.6319,7.6319,79407000,0.00%,191660709,310354520209,606026.28,0
2040-01-24,7.6319,7.6319,7.6319,7.6319,64387499,0.00%,127273209,310354520209,491398.96,0
2040-01-25,7.6319,7.6319,7.6319,7.6319,45543000,0.00%,81730209,310354520209,347579.62,0
2040-01-26,7.6319,7.6319,7.6319,7.6319,54212999,0.00%,27517209,310354520209,413748.19,0
2040-01-27,7.6319,7.6396,7.6396,7.6319,61403999,0.10%,689594085,311078001085,469102.0,723480875
2040-01-30,7.6396,7.6396,7.6396,7.6396,60205499,0.00%,629388585,311078001085,459945.94,0
2040-01-31,7.6396,7.6396,7.6396,7.6396,36210000,0.00%,593178585,311078001085,276629.92,0
2040-02-06,7.6396,7.6396,7.6396,7.6396,71196000,0.00%,521982585,311078001085,543908.96,0
2040-02-07,7.6396,7.6396,7.6396,7.6396,79764000,0.00%,442218585,311078001085,609365.05,0
2040-02-08,7.6396,7.6396,7.6396,7.6396,81931500,0.00%,360287085,311078001085,625923.89,0
2040-02-09,7.6396,7.6396,7.6396,7.6396,49954500,0.00%,310332585,311078001085,381632.4,0
2040-02-10,7.6396,7.6396,7.6396,7.6396,88153500,0.00%,222179085,311078001085,673457.48,0
2040-02-13,7.6396,7.6396,7.6396,7.6396,80095500,0.00%,142083585,311078001085,611897.58,0
2040-02-14,7.6396,7.6396,7.6396,7.6396,78769500,0.00%,63314085,311078001085,601767.47,0
2040-02-15,7.6396,7.6472,7.6472,7.6396,97563000,0.10%,701474030,311813724030,746083.77,735722945
2040-02-16,7.6472,7.6472,7.6472,7.6472,155524500,0.00%,545949530,311813724030,1189326.96,0
2040-02-17,7.6472,7.6472,7.6472,7.6472,190026000,0.00%,355923530,311813724030,1453166.83,0
2040-02-20,7.6472,7.6472,7.6472,7.6472,321861000,0.00%,34062530,311813724030,2461335.44,0
2040-02-21,7.6472,7.6549,7.6549,7.6472,159451500,0.10%,639600165,312578713165,1220585.29,764989134
2040-02-22,7.6549,7.6549,7.6549,7.6549,87031500,0.00%,552568665,312578713165,666217.43,0
2040-02-23,7.6549,7.6549,7.6549,7.6549,88102500,0.00%,464466165,312578713165,674415.83,0
2040-02-24,7.6549,7.6549,7.6549,7.6549,187552500,0.00%,276913665,312578713165,1435695.63,0
2040-02-27,7.6549,7.6549,7.6549,7.6549,172227000,0.00%,104686665,312578713165,1318380.46,0
2040-02-28,7.6549,7.6625,7.6625,7.6549,144100500,0.10%,745978764,313364105764,1104170.08,785392599
2040-02-29,7.6625,7.6625,7.6625,7.6625,103249500,0.00%,642729264,313364105764,791149.29,0
2040-03-01,7.6625,7.6625,7.6625,7.6625,99195000,0.00%,543534264,313364105764,760081.69,0
2040-03-02,7.6625,7.6625,7.6625,7.6625,133007999,0.00%,410526264,313364105764,1019173.8,0
2040-03-05,7.6625,7.6625,7.6625,7.6625,83512500,0.00%,327013764,313364105764,639914.53,0
2040-03-06,7.6625,7.6625,7.6625,7.6625,79356000,0.00%,247657764,313364105764,608065.35,0
2040-03-07,7.6625,7.6625,7.6625,7.6625,89683500,0.00%,157974264,313364105764,687199.82,0
2040-03-08,7.6625,7.6702,7.6702,7.6625,203184000,0.10%,762381656,314171697156,1558461.92,807591391
2040-03-09,7.6702,7.6702,7.6702,7.6702,118549499,0.00%,643832156,314171697156,909298.37,0
2040-03-12,7.6702,7.6702,7.6702,7.6702,87771000,0.00%,556061156,314171697156,673221.12,0
2040-03-13,7.6702,7.6702,7.6702,7.6702,86317500,0.00%,469743656,314171697156,662072.49,0
2040-03-14,7.6702,7.6702,7.6702,7.6702,71476500,0.00%,398267156,314171697156,548239.05,0
2040-03-15,7.6702,7.6702,7.6702,7.6702,69691500,0.00%,328575656,314171697156,534547.74,0
2040-03-16,7.6702,7.6702,7.6702,7.6702,78310500,0.00%,250265156,314171697156,600657.2,0
2040-03-19,7.6702,7.6702,7.6702,7.6702,56354999,0.00%,193910156,314171697156,432254.12,0
2040-03-20,7.6702,7.6702,7.6702,7.6702,85782000,0.00%,108128156,314171697156,657965.1,0
2040-03-21,7.6702,7.6702,7.6702,7.6702,80580000,0.00%,27548156,314171697156,618064.72,0
2040-03-22,7.6702,7.6778,7.6778,7.6702,127117499,0.10%,707402500,314978669000,975982.74,806971843
2040-03-23,7.6778,7.6778,7.6778,7.6778,107762999,0.00%,599639500,314978669000,827382.76,0
2040-03-26,7.6778,7.6778,7.6778,7.6778,62729999,0.00%,536909500,314978669000,481628.39,0
2040-03-27,7.6778,7.6778,7.6778,7.6778,70737000,0.00%,466172500,314978669000,543104.54,0
2040-03-28,7.6778,7.6778,7.6778,7.6778,44140500,0.00%,422032000,314978669000,338901.93,0
2040-03-29,7.6778,7.6778,7.6778,7.6778,44880000,0.00%,377152000,314978669000,344579.66,0
2040-03-30,7.6778,7.6778,7.6778,7.6778,47404500,0.00%,329747500,314978669000,363962.27,0
2040-04-02,7.6778,7.6778,7.6778,7.6778,71502000,0.00%,258245500,314978669000,548978.06,0
2040-04-03,7.6778,7.6778,7.6778,7.6778,49776000,0.00%,208469500,314978669000,382170.17,0
2040-04-04,7.6778,7.6778,7.6778,7.6778,36337500,0.00%,172132000,314978669000,278992.06,0
2040-04-05,7.6778,7.6778,7.6778,7.6778,74511000,0.00%,97621000,314978669000,572080.56,0
2040-04-09,7.6778,7.6855,7.6855,7.6778,314568000,0.10%,607171524,315802787524,2417612.36,824118523
2040-04-10,7.6855,7.6855,7.6855,7.6855,166056000,0.00%,441115524,315802787524,1276223.39,0
2040-04-11,7.6855,7.6855,7.6855,7.6855,169524000,0.00%,271591524,315802787524,1302876.7,0
2040-04-12,7.6855,7.6855,7.6855,7.6855,147390000,0.00%,124201524,315802787524,1132765.84,0
2040-04-13,7.6855,7.6855,7.6855,7.6855,118804499,0.00%,5397024,315802787524,913071.98,0
2040-04-16,7.6855,7.6932,7.6932,7.6855,77392500,0.10%,765950377,316640733377,595395.98,837945853
2040-04-17,7.6932,7.6932,7.6932,7.6932,51637500,0.00%,714312877,316640733377,397257.61,0
2040-04-18,7.6932,7.6932,7.6932,7.6932,69666000,0.00%,644646877,316640733377,535954.47,0
2040-04-19,7.6932,7.6932,7.6932,7.6932,62423999,0.00%,582222877,316640733377,480240.32,0
2040-04-24,7.6932,7.6932,7.6932,7.6932,61301999,0.00%,520920877,316640733377,471608.55,0
2040-04-25,7.6932,7.6932,7.6932,7.6932,68850000,0.00%,452070877,316640733377,529676.82,0
2040-04-26,7.6932,7.6932,7.6932,7.6932,48220500,0.00%,403850377,316640733377,370969.95,0
2040-04-27,7.6932,7.6932,7.6932,7.6932,73312500,0.00%,330537877,316640733377,564007.72,0
2040-04-30,7.6932,7.6932,7.6932,7.6932,35215500,0.00%,295322377,316640733377,270919.88,0
2040-05-01,7.6932,7.6932,7.6932,7.6932,41743500,0.00%,253578877,316640733377,321141.09,0
2040-05-02,7.6932,7.6932,7.6932,7.6932,39040500,0.00%,214538377,316640733377,300346.37,0
2040-05-04,7.6932,7.6932,7.6932,7.6932,33762000,0.00%,180776377,316640733377,259737.82,0
2040-05-08,7.6932,7.6932,7.6932,7.6932,50515500,0.00%,130260877,316640733377,388625.84,0
2040-05-09,7.6932,7.6932,7.6932,7.6932,65330999,0.00%,64929877,316640733377,502604.45,0
2040-05-10,7.6932,7.6932,7.6932,7.6932,50541000,0.00%,14388877,316640733377,388822.02,0
2040-05-11,7.6932,7.7009,7.7009,7.6932,35139000,0.10%,813335451,317474818951,270601.93,834085573
2040-05-14,7.7009,7.7009,7.7009,7.7009,91417500,0.00%,721917951,317474818951,703997.03,0
2040-05-15,7.7009,7.7009,7.7009,7.7009,58955999,0.00%,662961951,317474818951,454014.26,0
2040-05-16,7.7009,7.7009,7.7009,7.7009,61939499,0.00%,601022451,317474818951,476989.9,0
2040-05-17,7.7009,7.7009,7.7009,7.7009,83639999,0.00%,517382451,317474818951,644103.28,0
2040-05-18,7.7009,7.7009,7.7009,7.7009,54391499,0.00%,462990951,317474818951,418863.5,0
2040-05-21,7.7009,7.7009,7.7009,7.7009,57272999,0.00%,405717951,317474818951,441053.65,0
2040-05-22,7.7009,7.7009,7.7009,7.7009,40264500,0.00%,365453451,317474818951,310072.89,0
2040-05-23,7.7009,7.7009,7.7009,7.7009,48246000,0.00%,317207451,317474818951,371537.62,0
2040-05-24,7.7009,7.7009,7.7009,7.7009,36414000,0.00%,280793451,317474818951,280420.57,0
2040-05-25,7.7009,7.7009,7.7009,7.7009,41463000,0.00%,239330451,317474818951,319302.42,0
2040-05-28,7.7009,7.7009,7.7009,7.7009,44089500,0.00%,195240951,317474818951,339528.83,0
2040-05-29,7.7009,7.7009,7.7009,7.7009,38224500,0.00%,157016451,317474818951,294363.05,0
2040-05-30,7.7009,7.7009,7.7009,7.7009,42865500,0.00%,114150951,317474818951,330102.93,0
2040-05-31,7.7009,7.7009,7.7009,7.7009,49393500,0.00%,64757451,317474818951,380374.4,0
2040-06-01,7.7009,7.7086,7.7086,7.7009,72114000,0.10%,830507846,318312683346,555897.98,837864395
2040-06-04,7.7086,7.7086,7.7086,7.7086,33379499,0.00%,797128346,318312683346,257309.21,0
2040-06-05,7.7086,7.7086,7.7086,7.7086,37255500,0.00%,759872846,318312683346,287187.75,0
2040-06-06,7.7086,7.7086,7.7086,7.7086,46869000,0.00%,713003846,318312683346,361294.37,0
2040-06-07,7.7086,7.7086,7.7086,7.7086,49291500,0.00%,663712346,318312683346,379968.46,0
2040-06-08,7.7086,7.7086,7.7086,7.7086,33506999,0.00%,630205346,318312683346,258292.06,0
2040-06-11,7.7086,7.7086,7.7086,7.7086,47124000,0.00%,583081346,318312683346,363260.07,0
2040-06-12,7.7086,7.7086,7.7086,7.7086,43452000,0.00%,539629346,318312683346,334954.09,0
2040-06-13,7.7086,7.7086,7.7086,7.7086,37689000,0.00%,501940346,318312683346,290529.43,0
2040-06-14,7.7086,7.7086,7.7086,7.7086,34093500,0.00%,467846846,318312683346,262813.15,0
2040-06-15,7.7086,7.7086,7.7086,7.7086,48679500,0.00%,419167346,318312683346,375250.79,0
2040-06-18,7.7086,7.7086,7.7086,7.7086,35139000,0.00%,384028346,318312683346,270872.5,0
2040-06-19,7.7086,7.7086,7.7086,7.7086,29375999,0.00%,354652346,318312683346,226447.83,0
2040-06-20,7.7086,7.7086,7.7086,7.7086,38734500,0.00%,315917846,318312683346,298588.77,0
2040-06-21,7.7086,7.7086,7.7086,7.7086,49444500,0.00%,266473346,318312683346,381147.87,0
2040-06-22,7.7086,7.7086,7.7086,7.7086,52581000,0.00%,213892346,318312683346,405325.9,0
2040-06-25,7.7086,7.7086,7.7086,7.7086,36337500,0.00%,177554846,318312683346,280111.25,0
2040-06-26,7.7086,7.7086,7.7086,7.7086,45313500,0.00%,132241346,318312683346,349303.65,0
2040-06-27,7.7086,7.7086,7.7086,7.7086,44854500,0.00%,87386846,318312683346,345765.4,0
2040-06-28,7.7086,7.7086,7.7086,7.7086,38250000,0.00%,49136846,318312683346,294853.95,0
2040-06-29,7.7086,7.7086,7.7086,7.7086,38709000,0.00%,10427846,318312683346,298392.2,0
2040-07-02,7.7086,7.7163,7.7163,7.7086,47073000,0.10%,786485460,319135813960,363229.39,823130613
2040-07-04,7.7163,7.7163,7.7163,7.7163,46410000,0.00%,740075460,319135813960,358113.48,0
2040-07-05,7.7163,7.7163,7.7163,7.7163,48348000,0.00%,691727460,319135813960,373067.67,0
2040-07-06,7.7163,7.7163,7.7163,7.7163,37383000,0.00%,654344460,319135813960,288458.44,0
2040-07-09,7.7163,7.7163,7.7163,7.7163,29656499,0.00%,624687960,319135813960,228838.45,0
2040-07-10,7.7163,7.7163,7.7163,7.7163,33583500,0.00%,591104460,319135813960,259140.36,0
2040-07-11,7.7163,7.7163,7.7163,7.7163,45441000,0.00%,545663460,319135813960,350636.39,0
2040-07-12,7.7163,7.7163,7.7163,7.7163,35776500,0.00%,509886960,319135813960,276062.21,0
2040-07-13,7.7163,7.7163,7.7163,7.7163,49036500,0.00%,460850460,319135813960,378380.34,0
2040-07-16,7.7163,7.7163,7.7163,7.7163,29834999,0.00%,431015460,319135813960,230215.81,0
2040-07-17,7.7163,7.7163,7.7163,7.7163,69997500,0.00%,361017960,319135813960,540121.71,0
2040-07-18,7.7163,7.7163,7.7163,7.7163,59287499,0.00%,301730460,319135813960,457480.14,0
2040-07-19,7.7163,7.7163,7.7163,7.7163,35037000,0.00%,266693460,319135813960,270356.0,0
2040-07-20,7.7163,7.7163,7.7163,7.7163,35139000,0.00%,231554460,319135813960,271143.07,0
2040-07-23,7.7163,7.7163,7.7163,7.7163,33838500,0.00%,197715960,319135813960,261108.02,0
2040-07-24,7.7163,7.7163,7.7163,7.7163,44880000,0.00%,152835960,319135813960,346307.54,0
2040-07-25,7.7163,7.7163,7.7163,7.7163,119186999,0.00%,33648960,319135813960,919682.65,0
2040-07-26,7.7163,7.724,7.724,7.7163,61658999,0.10%,784374883,319948198883,476254.12,812384922
2040-07-27,7.724,7.724,7.724,7.724,50719500,0.00%,733655383,319948198883,391757.42,0
2040-07-30,7.724,7.724,7.724,7.724,37383000,0.00%,696272383,319948198883,288746.29,0
2040-07-31,7.724,7.724,7.724,7.724,42967500,0.00%,653304883,319948198883,331880.97,0
2040-08-01,7.724,7.724,7.724,7.724,49368000,0.00%,603936883,319948198883,381318.43,0
2040-08-02,7.724,7.724,7.724,7.724,52147500,0.00%,551789383,319948198883,402787.29,0
2040-08-03,7.724,7.724,7.724,7.724,54059999,0.00%,497729383,319948198883,417559.44,0
2040-08-06,7.724,7.724,7.724,7.724,44217000,0.00%,453512383,319948198883,341532.11,0
2040-08-07,7.724,7.724,7.724,7.724,44242500,0.00%,409269883,319948198883,341729.07,0
2040-08-08,7.724,7.724,7.724,7.724,52887000,0.00%,356382883,319948198883,408499.19,0
2040-08-09,7.724,7.724,7.724,7.724,43197000,0.00%,313185883,319948198883,333653.63,0
2040-08-10,7.724,7.724,7.724,7.724,33940500,0.00%,279245383,319948198883,262156.42,0
2040-08-13,7.724,7.724,7.724,7.724,30064499,0.00%,249180883,319948198883,232218.2,0
2040-08-14,7.724,7.724,7.724,7.724,35266500,0.00%,213914383,319948198883,272398.45,0
2040-08-15,7.724,7.724,7.724,7.724,95880000,0.00%,118034383,319948198883,740577.12,0
2040-08-16,7.724,7.724,7.724,7.724,92667000,0.00%,25367383,319948198883,715759.91,0
2040-08-17,7.724,7.7318,7.7318,7.724,56558999,0.10%,775071912,320754462412,437302.88,806263529
2040-08-20,7.7318,7.7318,7.7318,7.7318,44854500,0.00%,730217412,320754462412,346806.02,0
2040-08-21,7.7318,7.7318,7.7318,7.7318,41718000,0.00%,688499412,320754462412,322555.23,0
2040-08-22,7.7318,7.7318,7.7318,7.7318,40672500,0.00%,647826912,320754462412,314471.64,0
2040-08-23,7.7318,7.7318,7.7318,7.7318,36439500,0.00%,611387412,320754462412,281742.93,0
2040-08-24,7.7318,7.7318,7.7318,7.7318,49419000,0.00%,561968412,320754462412,382097.82,0
2040-08-27,7.7318,7.7318,7.7318,7.7318,65509499,0.00%,496458912,320754462412,506506.35,0
2040-08-28,7.7318,7.7318,7.7318,7.7318,52683000,0.00%,443775912,320754462412,407334.42,0
2040-08-29,7.7318,7.7318,7.7318,7.7318,54212999,0.00%,389562912,320754462412,419164.07,0
2040-08-30,7.7318,7.7318,7.7318,7.7318,55360499,0.00%,334202412,320754462412,428036.31,0
2040-08-31,7.7318,7.7318,7.7318,7.7318,46486500,0.00%,287715912,320754462412,359424.32,0
2040-09-03,7.7318,7.7318,7.7318,7.7318,40698000,0.00%,247017912,320754462412,314668.8,0
2040-09-04,7.7318,7.7318,7.7318,7.7318,37765500,0.00%,209252412,320754462412,291995.29,0
2040-09-05,7.7318,7.7318,7.7318,7.7318,39576000,0.00%,169676412,320754462412,305993.72,0
2040-09-06,7.7318,7.7318,7.7318,7.7318,45900000,0.00%,123776412,320754462412,354889.62,0
2040-09-07,7.7318,7.7318,7.7318,7.7318,48577500,0.00%,75198912,320754462412,375591.51,0
2040-09-10,7.7318,7.7318,7.7318,7.7318,55640999,0.00%,19557912,320754462412,430205.08,0
2040-09-11,7.7318,7.7395,7.7395,7.7318,50668500,0.10%,770669981,321556242981,392148.86,801780569
2040-09-12,7.7395,7.7395,7.7395,7.7395,48934500,0.00%,721735481,321556242981,378728.56,0
2040-09-13,7.7395,7.7395,7.7395,7.7395,46384500,0.00%,675350981,321556242981,358992.84,0
2040-09-14,7.7395,7.7395,7.7395,7.7395,52989000,0.00%,622361981,321556242981,410108.37,0
2040-09-17,7.7395,7.7395,7.7395,7.7395,41743500,0.00%,580618481,321556242981,323073.82,0
2040-09-18,7.7395,7.7395,7.7395,7.7395,34017000,0.00%,546601481,321556242981,263274.57,0
2040-09-19,7.7395,7.7395,7.7395,7.7395,56992499,0.00%,489608981,321556242981,441093.45,0
2040-09-20,7.7395,7.7395,7.7395,7.7395,76474500,0.00%,413134481,321556242981,591874.39,0
2040-09-21,7.7395,7.7395,7.7395,7.7395,53065500,0.00%,360068981,321556242981,410700.44,0
2040-09-24,7.7395,7.7395,7.7395,7.7395,32894999,0.00%,327173981,321556242981,254590.85,0
2040-09-25,7.7395,7.7395,7.7395,7.7395,38989500,0.00%,288184481,321556242981,301759.24,0
2040-09-26,7.7395,7.7395,7.7395,7.7395,47022000,0.00%,241162481,321556242981,363926.77,0
2040-09-27,7.7395,7.7395,7.7395,7.7395,44319000,0.00%,196843481,321556242981,343006.9,0
2040-09-28,7.7395,7.7395,7.7395,7.7395,49725000,0.00%,147118481,321556242981,384846.64,0
2040-10-01,7.7395,7.7395,7.7395,7.7395,52249500,0.00%,94868981,321556242981,404385.01,0
2040-10-02,7.7395,7.7395,7.7395,7.7395,52555500,0.00%,42313481,321556242981,406753.29,0
2040-10-04,7.7395,7.7472,7.7472,7.7395,43707000,0.10%,805895325,322363531825,338606.87,807288844
2040-10-05,7.7472,7.7472,7.7472,7.7472,18181500,0.00%,787713825,322363531825,140855.72,0
2040-10-08,7.7472,7.7472,7.7472,7.7472,19966500,0.00%,767747325,322363531825,154684.47,0
2040-10-10,7.7472,7.7472,7.7472,7.7472,26876999,0.00%,740870325,322363531825,208221.49,0
2040-10-11,7.7472,7.7472,7.7472,7.7472,36847500,0.00%,704022825,322363531825,285464.95,0
2040-10-12,7.7472,7.7472,7.7472,7.7472,50745000,0.00%,653277825,322363531825,393131.66,0
2040-10-15,7.7472,7.7472,7.7472,7.7472,96925500,0.00%,556352325,322363531825,750901.23,0
2040-10-16,7.7472,7.7472,7.7472,7.7472,68340000,0.00%,488012325,322363531825,529443.65,0
2040-10-17,7.7472,7.7472,7.7472,7.7472,46869000,0.00%,441143325,322363531825,363103.52,0
2040-10-18,7.7472,7.7472,7.7472,7.7472,36439500,0.00%,404703825,322363531825,282304.09,0
2040-10-19,7.7472,7.7472,7.7472,7.7472,47557500,0.00%,357146325,322363531825,368437.46,0
2040-10-22,7.7472,7.7472,7.7472,7.7472,38148000,0.00%,318998325,322363531825,295540.19,0
2040-10-23,7.7472,7.7472,7.7472,7.7472,36133500,0.00%,282864825,322363531825,279933.45,0
2040-10-24,7.7472,7.7472,7.7472,7.7472,25449000,0.00%,257415825,322363531825,197158.49,0
2040-10-25,7.7472,7.7472,7.7472,7.7472,31670999,0.00%,225744825,322363531825,245361.57,0
2040-10-26,7.7472,7.7472,7.7472,7.7472,30599999,0.00%,195144825,322363531825,237064.32,0
2040-10-29,7.7472,7.7472,7.7472,7.7472,40902000,0.00%,154242825,322363531825,316875.97,0
2040-10-30,7.7472,7.7472,7.7472,7.7472,41565000,0.00%,112677825,322363531825,322012.37,0
2040-11-01,7.7472,7.7472,7.7472,7.7472,55513499,0.00%,57164325,322363531825,430074.19,0
2040-11-02,7.7472,7.7472,7.7472,7.7472,52479000,0.00%,4685325,322363531825,406565.31,0
2040-11-05,7.7472,7.755,7.755,7.7472,29554499,0.10%,782570546,323170971546,229195.15,807439720
2040-11-06,7.755,7.755,7.755,7.755,38173500,0.00%,744397046,323170971546,296035.49,0
2040-11-07,7.755,7.755,7.755,7.755,33940500,0.00%,710456546,323170971546,263208.58,0
2040-11-08,7.755,7.755,7.755,7.755,33353999,0.00%,677102546,323170971546,258660.27,0
2040-11-09,7.755,7.755,7.755,7.755,33940500,0.00%,643162046,323170971546,263208.58,0
2040-11-12,7.755,7.755,7.755,7.755,37000500,0.00%,606161546,323170971546,286938.88,0
2040-11-13,7.755,7.755,7.755,7.755,33379499,0.00%,572782046,323170971546,258858.02,0
2040-11-14,7.755,7.755,7.755,7.755,34833000,0.00%,537949046,323170971546,270129.91,0
2040-11-15,7.755,7.755,7.755,7.755,44115000,0.00%,493834046,323170971546,342111.83,0
2040-11-16,7.755,7.755,7.755,7.755,50898000,0.00%,442936046,323170971546,394713.99,0
2040-11-19,7.755,7.755,7.755,7.755,35164500,0.00%,407771546,323170971546,272700.7,0
2040-11-20,7.755,7.755,7.755,7.755,47991000,0.00%,359780546,323170971546,372170.21,0
2040-11-21,7.755,7.755,7.755,7.755,35598000,0.00%,324182546,323170971546,276062.49,0
2040-11-22,7.755,7.755,7.755,7.755,35751000,0.00%,288431546,323170971546,277249.01,0
2040-11-23,7.755,7.755,7.755,7.755,60511499,0.00%,227920046,323170971546,469266.68,0
2040-11-26,7.755,7.755,7.755,7.755,57068999,0.00%,170851046,323170971546,442570.09,0
2040-11-27,7.755,7.755,7.755,7.755,37944000,0.00%,132907046,323170971546,294255.72,0
2040-11-28,7.755,7.755,7.755,7.755,36796500,0.00%,96110546,323170971546,285356.86,0
2040-11-29,7.755,7.755,7.755,7.755,39499500,0.00%,56611046,323170971546,306318.62,0
2040-11-30,7.755,7.755,7.755,7.755,33711000,0.00%,22900046,323170971546,261428.8,0
2040-12-03,7.755,7.7627,7.7627,7.755,32231999,0.10%,800040115,323980343615,250207.35,809372069
2040-12-04,7.7627,7.7627,7.7627,7.7627,29222999,0.00%,770817115,323980343615,226849.38,0
2040-12-05,7.7627,7.7627,7.7627,7.7627,28049999,0.00%,742767115,323980343615,217743.73,0
2040-12-06,7.7627,7.7627,7.7627,7.7627,39091500,0.00%,703675615,323980343615,303455.59,0
2040-12-07,7.7627,7.7627,7.7627,7.7627,37332000,0.00%,666343615,323980343615,289797.12,0
2040-12-10,7.7627,7.7627,7.7627,7.7627,34221000,0.00%,632122615,323980343615,265647.36,0
2040-12-11,7.7627,7.7627,7.7627,7.7627,44446500,0.00%,587676115,323980343615,345024.85,0
2040-12-12,7.7627,7.7627,7.7627,7.7627,37612500,0.00%,550063615,323980343615,291974.55,0
2040-12-13,7.7627,7.7627,7.7627,7.7627,31823999,0.00%,518239615,323980343615,247040.16,0
2040-12-14,7.7627,7.7627,7.7627,7.7627,45466500,0.00%,472773115,323980343615,352942.8,0
2040-12-17,7.7627,7.7627,7.7627,7.7627,38683500,0.00%,434089615,323980343615,300288.41,0
2040-12-18,7.7627,7.7627,7.7627,7.7627,40774500,0.00%,393315115,323980343615,316520.21,0
2040-12-19,7.7627,7.7627,7.7627,7.7627,37791000,0.00%,355524115,323980343615,293360.2,0
2040-12-20,7.7627,7.7627,7.7627,7.7627,25882500,0.00%,329641615,323980343615,200918.08,0
2040-12-21,7.7627,7.7627,7.7627,7.7627,45313500,0.00%,284328115,323980343615,351755.11,0
2040-12-24,7.7627,7.7627,7.7627,7.7627,35368500,0.00%,248959615,323980343615,274555.05,0
2040-12-25,7.7627,7.7627,7.7627,7.7627,39831000,0.00%,209128615,323980343615,309196.1,0
2040-12-26,7.7627,7.7627,7.7627,7.7627,18666000,0.00%,190462615,323980343615,144898.56,0
2040-12-31,7.7627,7.7627,7.7627,7.7627,47175000,0.00%,143287615,323980343615,366205.37,0
2041-01-01,7.7627,7.7627,7.7627,7.7627,35308000,0.00%,107979615,323980343615,274085.41,0
2041-01-02,7.7627,7.7627,7.7627,7.7627,28184000,0.00%,79795615,323980343615,218783.94,0
2041-01-04,7.7627,7.7627,7.7627,7.7627,42120000,0.00%,37675615,323980343615,326964.92,0
2041-01-07,7.7627,7.7705,7.7705,7.7627,51870000,0.10%,750796072,324745334072,403055.84,764990457
2041-01-08,7.7705,7.7705,7.7705,7.7705,62842000,0.00%,687954072,324745334072,488313.76,0
2041-01-09,7.7705,7.7705,7.7705,7.7705,55588000,0.00%,632366072,324745334072,431946.55,0
2041-01-10,7.7705,7.7705,7.7705,7.7705,48724000,0.00%,583642072,324745334072,378609.84,0
2041-01-11,7.7705,7.7705,7.7705,7.7705,46306000,0.00%,537336072,324745334072,359820.77,0
2041-01-14,7.7705,7.7705,7.7705,7.7705,71578000,0.00%,465758072,324745334072,556196.85,0
2041-01-15,7.7705,7.7705,7.7705,7.7705,62946000,0.00%,402812072,324745334072,489121.89,0
2041-01-16,7.7705,7.7705,7.7705,7.7705,74568000,0.00%,328244072,324745334072,579430.64,0
2041-01-17,7.7705,7.7705,7.7705,7.7705,68094000,0.00%,260150072,324745334072,529124.43,0
2041-01-18,7.7705,7.7705,7.7705,7.7705,53612000,0.00%,206538072,324745334072,416592.05,0
2041-01-21,7.7705,7.7705,7.7705,7.7705,34398000,0.00%,172140072,324745334072,267289.66,0
2041-01-22,7.7705,7.7705,7.7705,7.7705,63258000,0.00%,108882072,324745334072,491546.29,0
2041-01-23,7.7705,7.7705,7.7705,7.7705,41600000,0.00%,67282072,324745334072,323252.8,0
2041-01-24,7.7705,7.7783,7.7783,7.7705,70642000,0.10%,772605192,325521299192,549474.67,775965120
2041-01-25,7.7783,7.7783,7.7783,7.7783,49868000,0.00%,722737192,325521299192,387888.26,0
2041-01-28,7.7783,7.7783,7.7783,7.7783,45344000,0.00%,677393192,325521299192,352699.24,0
2041-01-29,7.7783,7.7783,7.7783,7.7783,62114000,0.00%,615279192,325521299192,483141.33,0
2041-01-30,7.7783,7.7783,7.7783,7.7783,66508000,0.00%,548771192,325521299192,517319.18,0
2041-01-31,7.7783,7.7783,7.7783,7.7783,59670000,0.00%,489101192,325521299192,464131.16,0
2041-02-01,7.7783,7.7783,7.7783,7.7783,55848000,0.00%,433253192,325521299192,434402.5,0
2041-02-04,7.7783,7.7783,7.7783,7.7783,72618000,0.00%,360635192,325521299192,564844.59,0
2041-02-05,7.7783,7.7783,7.7783,7.7783,169338000,0.00%,191297192,325521299192,1317161.77,0
2041-02-06,7.7783,7.7783,7.7783,7.7783,156962000,0.00%,34335192,325521299192,1220897.52,0
2041-02-07,7.7783,7.786,7.786,7.7783,206206000,0.10%,620175987,326313345987,1605519.92,792046794
2041-02-08,7.786,7.786,7.786,7.786,92040000,0.00%,528135987,326313345987,716623.44,0
2041-02-11,7.786,7.786,7.786,7.786,68588000,0.00%,459547987,326313345987,534026.17,0
2041-02-12,7.786,7.786,7.786,7.786,75946000,0.00%,383601987,326313345987,591315.56,0
2041-02-13,7.786,7.786,7.786,7.786,61776000,0.00%,321825987,326313345987,480987.94,0
2041-02-14,7.786,7.786,7.786,7.786,103454000,0.00%,218371987,326313345987,805492.84,0
2041-02-15,7.786,7.786,7.786,7.786,69940000,0.00%,148431987,326313345987,544552.84,0
2041-02-18,7.786,7.786,7.786,7.786,18772000,0.00%,129659987,326313345987,146158.79,0
2041-02-22,7.786,7.786,7.786,7.786,55510000,0.00%,74149987,326313345987,432200.86,0
2041-02-25,7.786,7.786,7.786,7.786,57564000,0.00%,16585987,326313345987,448193.3,0
2041-02-26,7.786,7.7938,7.7938,7.786,93938000,0.10%,728207823,327118905823,732133.98,805559835
2041-02-27,7.7938,7.7938,7.7938,7.7938,59384000,0.00%,668823823,327118905823,462827.02,0
2041-02-28,7.7938,7.7938,7.7938,7.7938,66430000,0.00%,602393823,327118905823,517742.13,0
2041-03-01,7.7938,7.7938,7.7938,7.7938,83798000,0.00%,518595823,327118905823,653104.85,0
2041-03-04,7.7938,7.7938,7.7938,7.7938,80132000,0.00%,438463823,327118905823,624532.78,0
2041-03-05,7.7938,7.7938,7.7938,7.7938,71162000,0.00%,367301823,327118905823,554622.4,0
2041-03-06,7.7938,7.7938,7.7938,7.7938,85722000,0.00%,281579823,327118905823,668100.12,0
2041-03-07,7.7938,7.7938,7.7938,7.7938,62296000,0.00%,219283823,327118905823,485522.56,0
2041-03-08,7.7938,7.7938,7.7938,7.7938,78936000,0.00%,140347823,327118905823,615211.4,0
2041-03-11,7.7938,7.7938,7.7938,7.7938,81588000,0.00%,58759823,327118905823,635880.55,0
2041-03-12,7.7938,7.8016,7.8016,7.7938,150436000,0.10%,729185695,327939767695,1173641.5,820861871
2041-03-13,7.8016,7.8016,7.8016,7.8016,123812000,0.00%,605373695,327939767695,965931.7,0
2041-03-14,7.8016,7.8016,7.8016,7.8016,51116000,0.00%,554257695,327939767695,398786.59,0
2041-03-15,7.8016,7.8016,7.8016,7.8016,44668000,0.00%,509589695,327939767695,348481.87,0
2041-03-18,7.8016,7.8016,7.8016,7.8016,62972000,0.00%,446617695,327939767695,491282.36,0
2041-03-19,7.8016,7.8016,7.8016,7.8016,59462000,0.00%,387155695,327939767695,463898.74,0
2041-03-20,7.8016,7.8016,7.8016,7.8016,55510000,0.00%,331645695,327939767695,433066.82,0
2041-03-21,7.8016,7.8016,7.8016,7.8016,154518000,0.00%,177127695,327939767695,1205487.63,0
2041-03-22,7.8016,7.8016,7.8016,7.8016,64792000,0.00%,112335695,327939767695,505481.27,0
2041-03-25,7.8016,7.8016,7.8016,7.8016,91312000,0.00%,21023695,327939767695,712379.7,0
2041-03-26,7.8016,7.8094,7.8094,7.8016,76336000,0.10%,778466907,328773546907,596138.36,833779212
2041-03-27,7.8094,7.8094,7.8094,7.8094,97110000,0.00%,681356907,328773546907,758370.83,0
2041-03-28,7.8094,7.8094,7.8094,7.8094,58812000,0.00%,622544907,328773546907,459286.43,0
2041-03-29,7.8094,7.8094,7.8094,7.8094,52910000,0.00%,569634907,328773546907,413195.35,0
2041-04-01,7.8094,7.8094,7.8094,7.8094,73866000,0.00%,495768907,328773546907,576849.14,0
2041-04-02,7.8094,7.8094,7.8094,7.8094,67080000,0.00%,428688907,328773546907,523854.55,0
2041-04-03,7.8094,7.8094,7.8094,7.8094,55328000,0.00%,373360907,328773546907,432078.48,0
2041-04-04,7.8094,7.8094,7.8094,7.8094,44278000,0.00%,329082907,328773546907,345784.61,0
2041-04-10,7.8094,7.8094,7.8094,7.8094,85436000,0.00%,243646907,328773546907,667203.9,0
2041-04-11,7.8094,7.8094,7.8094,7.8094,53872000,0.00%,189774907,328773546907,420708.0,0
2041-04-12,7.8094,7.8094,7.8094,7.8094,53742000,0.00%,136032907,328773546907,419692.77,0
2041-04-15,7.8094,7.8094,7.8094,7.8094,54964000,0.00%,81068907,328773546907,429235.86,0
2041-04-16,7.8094,7.8094,7.8094,7.8094,46358000,0.00%,34710907,328773546907,362028.17,0
2041-04-17,7.8094,7.8172,7.8172,7.8094,52754000,0.10%,787333662,329578923662,412388.57,805376755
2041-04-18,7.8172,7.8172,7.8172,7.8172,58656000,0.00%,728677662,329578923662,458525.68,0
2041-04-19,7.8172,7.8172,7.8172,7.8172,35750000,0.00%,692927662,329578923662,279464.9,0
2041-04-22,7.8172,7.8172,7.8172,7.8172,60918000,0.00%,632009662,329578923662,476208.19,0
2041-04-23,7.8172,7.8172,7.8172,7.8172,34086000,0.00%,597923662,329578923662,266457.08,0
2041-04-24,7.8172,7.8172,7.8172,7.8172,60242000,0.00%,537681662,329578923662,470923.76,0
2041-04-25,7.8172,7.8172,7.8172,7.8172,61100000,0.00%,476581662,329578923662,477630.92,0
2041-04-26,7.8172,7.8172,7.8172,7.8172,48282000,0.00%,428299662,329578923662,377430.05,0
2041-04-29,7.8172,7.8172,7.8172,7.8172,117130000,0.00%,311169662,329578923662,915628.64,0
2041-04-30,7.8172,7.8172,7.8172,7.8172,67054000,0.00%,244115662,329578923662,524174.53,0
2041-05-01,7.8172,7.8172,7.8172,7.8172,50232000,0.00%,193883662,329578923662,392673.59,0
2041-05-02,7.8172,7.8172,7.8172,7.8172,99866000,0.00%,94017662,329578923662,780672.5,0
2041-05-06,7.8172,7.8172,7.8172,7.8172,61776000,0.00%,32241662,329578923662,482915.35,0
2041-05-07,7.8172,7.825,7.825,7.8172,33800000,0.10%,800478807,330380960807,264485.0,802037144
2041-05-08,7.825,7.825,7.825,7.825,115362000,0.00%,685116807,330380960807,902707.65,0
2041-05-09,7.825,7.825,7.825,7.825,106574000,0.00%,578542807,330380960807,833941.55,0
2041-05-10,7.825,7.825,7.825,7.825,65546000,0.00%,512996807,330380960807,512897.45,0
2041-05-13,7.825,7.825,7.825,7.825,72306000,0.00%,440690807,330380960807,565794.45,0
2041-05-14,7.825,7.825,7.825,7.825,84422000,0.00%,356268807,330380960807,660602.15,0
2041-05-15,7.825,7.825,7.825,7.825,69212000,0.00%,287056807,330380960807,541583.9,0
2041-05-16,7.825,7.825,7.825,7.825,102284000,0.00%,184772807,330380960807,800372.3,0
2041-05-17,7.825,7.825,7.825,7.825,68770000,0.00%,116002807,330380960807,538125.25,0
2041-05-20,7.825,7.825,7.825,7.825,76700000,0.00%,39302807,330380960807,600177.5,0
2041-05-21,7.825,7.8329,7.8329,7.825,87724000,0.10%,721570505,331150952505,687133.32,769991697
2041-05-22,7.8329,7.8329,7.8329,7.8329,49218000,0.00%,672352505,331150952505,385519.67,0
2041-05-23,7.8329,7.8329,7.8329,7.8329,103090000,0.00%,569262505,331150952505,807493.66,0
2041-05-24,7.8329,7.8329,7.8329,7.8329,62400000,0.00%,506862505,331150952505,488772.96,0
2041-05-28,7.8329,7.8329,7.8329,7.8329,85280000,0.00%,421582505,331150952505,667989.71,0
2041-05-29,7.8329,7.8329,7.8329,7.8329,64636000,0.00%,356946505,331150952505,506287.32,0
2041-05-30,7.8329,7.8329,7.8329,7.8329,109720000,0.00%,247226505,331150952505,859425.79,0
2041-05-31,7.8329,7.8329,7.8329,7.8329,124826000,0.00%,122400505,331150952505,977749.58,0
2041-06-03,7.8329,7.8329,7.8329,7.8329,91416000,0.00%,30984505,331150952505,716052.39,0
2041-06-04,7.8329,7.8407,7.8407,7.8329,264862000,0.10%,536297486,331921127486,2076703.48,770174981
2041-06-05,7.8407,7.8407,7.8407,7.8407,127660000,0.00%,408637486,331921127486,1000943.76,0
2041-06-06,7.8407,7.8407,7.8407,7.8407,75530000,0.00%,333107486,331921127486,592208.07,0
2041-06-07,7.8407,7.8407,7.8407,7.8407,82290000,0.00%,250817486,331921127486,645211.2,0
2041-06-10,7.8407,7.8407,7.8407,7.8407,75452000,0.00%,175365486,331921127486,591596.5,0
2041-06-11,7.8407,7.8407,7.8407,7.8407,97214000,0.00%,78151486,331921127486,762225.81,0
2041-06-12,7.8407,7.8485,7.8485,7.8407,93054000,0.10%,761299373,332697329373,730334.32,776201886
2041-06-13,7.8485,7.8485,7.8485,7.8485,74308000,0.00%,686991373,332697329373,583206.34,0
2041-06-14,7.8485,7.8485,7.8485,7.8485,58058000,0.00%,628933373,332697329373,455668.21,0
2041-06-17,7.8485,7.8485,7.8485,7.8485,51350000,0.00%,577583373,332697329373,403020.48,0
2041-06-18,7.8485,7.8485,7.8485,7.8485,63232000,0.00%,514351373,332697329373,496276.35,0
2041-06-19,7.8485,7.8485,7.8485,7.8485,44096000,0.00%,470255373,332697329373,346087.46,0
2041-06-20,7.8485,7.8485,7.8485,7.8485,78312000,0.00%,391943373,332697329373,614631.73,0
2041-06-24,7.8485,7.8485,7.8485,7.8485,82056000,0.00%,309887373,332697329373,644016.52,0
2041-06-25,7.8485,7.8485,7.8485,7.8485,112944000,0.00%,196943373,332697329373,886440.98,0
2041-06-26,7.8485,7.8485,7.8485,7.8485,103896000,0.00%,93047373,332697329373,815427.76,0
2041-06-27,7.8485,7.8485,7.8485,7.8485,76622000,0.00%,16425373,332697329373,601367.77,0
2041-06-28,7.8485,7.8564,7.8564,7.8485,82862000,0.10%,714960941,333478726941,650997.02,781397567
2041-07-01,7.8564,7.8564,7.8564,7.8564,85982000,0.00%,628978941,333478726941,675508.98,0
2041-07-02,7.8564,7.8564,7.8564,7.8564,101374000,0.00%,527604941,333478726941,796434.69,0
2041-07-04,7.8564,7.8564,7.8564,7.8564,106366000,0.00%,421238941,333478726941,835653.84,0
2041-07-05,7.8564,7.8564,7.8564,7.8564,64896000,0.00%,356342941,333478726941,509848.93,0
2041-07-08,7.8564,7.8564,7.8564,7.8564,107900000,0.00%,248442941,333478726941,847705.56,0
2041-07-09,7.8564,7.8564,7.8564,7.8564,144092000,0.00%,104350941,333478726941,1132044.39,0
2041-07-10,7.8564,7.8642,7.8642,7.8564,146328000,0.10%,728048879,334248752879,1150752.66,770025937
2041-07-11,7.8642,7.8642,7.8642,7.8642,110240000,0.00%,617808879,334248752879,866949.41,0
2041-07-12,7.8642,7.8642,7.8642,7.8642,105144000,0.00%,512664879,334248752879,826873.44,0
2041-07-15,7.8642,7.8642,7.8642,7.8642,79664000,0.00%,433000879,334248752879,626493.63,0
2041-07-16,7.8642,7.8642,7.8642,7.8642,86138000,0.00%,346862879,334248752879,677406.46,0
2041-07-17,7.8642,7.8642,7.8642,7.8642,51766000,0.00%,295096879,334248752879,407098.18,0
2041-07-18,7.8642,7.8642,7.8642,7.8642,52468000,0.00%,242628879,334248752879,412618.85,0
2041-07-19,7.8642,7.8642,7.8642,7.8642,38376000,0.00%,204252879,334248752879,301796.54,0
2041-07-22,7.8642,7.8642,7.8642,7.8642,43966000,0.00%,160286879,334248752879,345757.42,0
2041-07-23,7.8642,7.8642,7.8642,7.8642,51506000,0.00%,108780879,334248752879,405053.49,0
2041-07-24,7.8642,7.8642,7.8642,7.8642,52780000,0.00%,56000879,334248752879,415072.48,0
2041-07-25,7.8642,7.8642,7.8642,7.8642,40794000,0.00%,15206879,334248752879,320812.17,0
2041-07-26,7.8642,7.8721,7.8721,7.8642,43576000,0.10%,747677760,335024799760,343034.63,776046880
2041-07-29,7.8721,7.8721,7.8721,7.8721,213954000,0.00%,533723760,335024799760,1684267.28,0
2041-07-30,7.8721,7.8721,7.8721,7.8721,280878000,0.00%,252845760,335024799760,2211099.7,0
2041-07-31,7.8721,7.88,7.88,7.8721,293436000,0.10%,763491372,335828881372,2312275.68,804081611
2041-08-01,7.88,7.88,7.88,7.88,189540000,0.00%,573951372,335828881372,1493575.2,0
2041-08-02,7.88,7.88,7.88,7.88,105196000,0.00%,468755372,335828881372,828944.48,0
2041-08-05,7.88,7.88,7.88,7.88,76570000,0.00%,392185372,335828881372,603371.6,0
2041-08-06,7.88,7.88,7.88,7.88,306306000,0.00%,85879372,335828881372,2413691.28,0
2041-08-07,7.88,7.8879,7.8879,7.88,119860000,0.10%,792180352,336655042352,945443.69,826160980
2041-08-08,7.8879,7.8879,7.8879,7.8879,152438000,0.00%,639742352,336655042352,1202415.7,0
2041-08-09,7.8879,7.8879,7.8879,7.8879,111670000,0.00%,528072352,336655042352,880841.79,0
2041-08-12,7.8879,7.8879,7.8879,7.8879,106496000,0.00%,421576352,336655042352,840029.8,0
2041-08-13,7.8879,7.8879,7.8879,7.8879,106288000,0.00%,315288352,336655042352,838389.12,0
2041-08-14,7.8879,7.8879,7.8879,7.8879,52390000,0.00%,262898352,336655042352,413247.08,0
2041-08-15,7.8879,7.8879,7.8879,7.8879,42510000,0.00%,220388352,336655042352,335314.63,0
2041-08-16,7.8879,7.8879,7.8879,7.8879,68692000,0.00%,151696352,336655042352,541835.63,0
2041-08-19,7.8879,7.8879,7.8879,7.8879,75452000,0.00%,76244352,336655042352,595157.83,0
2041-08-20,7.8879,7.8958,7.8958,7.8879,112164000,0.10%,809190812,337500152812,885624.51,845110459
2041-08-21,7.8958,7.8958,7.8958,7.8958,69160000,0.00%,740030812,337500152812,546073.53,0
2041-08-22,7.8958,7.8958,7.8958,7.8958,132860000,0.00%,607170812,337500152812,1049035.99,0
2041-08-23,7.8958,7.8958,7.8958,7.8958,135564000,0.00%,471606812,337500152812,1070386.23,0
2041-08-26,7.8958,7.8958,7.8958,7.8958,116012000,0.00%,355594812,337500152812,916007.55,0
2041-08-27,7.8958,7.8958,7.8958,7.8958,128752000,0.00%,226842812,337500152812,1016600.04,0
2041-08-28,7.8958,7.8958,7.8958,7.8958,107198000,0.00%,119644812,337500152812,846413.97,0
2041-08-29,7.8958,7.8958,7.8958,7.8958,44980000,0.00%,74664812,337500152812,355153.08,0
2041-08-30,7.8958,7.8958,7.8958,7.8958,60996000,0.00%,13668812,337500152812,481612.22,0
2041-09-02,7.8958,7.9036,7.9036,7.8958,48048000,0.10%,832366846,338366898846,379752.17,866746034
2041-09-03,7.9036,7.9036,7.9036,7.9036,135668000,0.00%,696698846,338366898846,1072265.6,0
2041-09-04,7.9036,7.9036,7.9036,7.9036,91780000,0.00%,604918846,338366898846,725392.41,0
2041-09-05,7.9036,7.9036,7.9036,7.9036,105222000,0.00%,499696846,338366898846,831632.6,0
2041-09-06,7.9036,7.9036,7.9036,7.9036,70564000,0.00%,429132846,338366898846,557709.63,0
2041-09-09,7.9036,7.9036,7.9036,7.9036,69602000,0.00%,359530846,338366898846,550106.37,0
2041-09-10,7.9036,7.9036,7.9036,7.9036,64896000,0.00%,294634846,338366898846,512912.03,0
2041-09-11,7.9036,7.9036,7.9036,7.9036,85800000,0.00%,208834846,338366898846,678128.88,0
2041-09-12,7.9036,7.9036,7.9036,7.9036,140634000,0.00%,68200846,338366898846,1111514.88,0
2041-09-13,7.9036,7.9116,7.9116,7.9036,92742000,0.10%,863391586,339254831586,733737.61,887932740
2041-09-16,7.9116,7.9116,7.9116,7.9116,72332000,0.00%,791059586,339254831586,572261.85,0
2041-09-17,7.9116,7.9116,7.9116,7.9116,51766000,0.00%,739293586,339254831586,409551.89,0
2041-09-18,7.9116,7.9116,7.9116,7.9116,94042000,0.00%,645251586,339254831586,744022.69,0
2041-09-19,7.9116,7.9116,7.9116,7.9116,63752000,0.00%,581499586,339254831586,504380.32,0
2041-09-20,7.9116,7.9116,7.9116,7.9116,62348000,0.00%,519151586,339254831586,493272.44,0
2041-09-23,7.9116,7.9116,7.9116,7.9116,40326000,0.00%,478825586,339254831586,319043.18,0
2041-09-24,7.9116,7.9116,7.9116,7.9116,43056000,0.00%,435769586,339254831586,340641.85,0
2041-09-26,7.9116,7.9116,7.9116,7.9116,57746000,0.00%,378023586,339254831586,456863.25,0
2041-09-27,7.9116,7.9116,7.9116,7.9116,43316000,0.00%,334707586,339254831586,342698.87,0
2041-09-30,7.9116,7.9116,7.9116,7.9116,46722000,0.00%,287985586,339254831586,369645.78,0
2041-10-01,7.9116,7.9116,7.9116,7.9116,54470000,0.00%,233515586,339254831586,430944.85,0
2041-10-02,7.9116,7.9116,7.9116,7.9116,47450000,0.00%,186065586,339254831586,375405.42,0
2041-10-03,7.9116,7.9116,7.9116,7.9116,45084000,0.00%,140981586,339254831586,356686.57,0
2041-10-07,7.9116,7.9116,7.9116,7.9116,30472000,0.00%,110509586,339254831586,241082.28,0
2041-10-08,7.9116,7.9116,7.9116,7.9116,30888000,0.00%,79621586,339254831586,244373.5,0
2041-10-09,7.9116,7.9116,7.9116,7.9116,28210000,0.00%,51411586,339254831586,223186.24,0
2041-10-10,7.9116,7.9116,7.9116,7.9116,37830000,0.00%,13581586,339254831586,299295.83,0
2041-10-11,7.9116,7.9195,7.9195,7.9116,77506000,0.10%,831467563,340150223563,613808.77,895391976
2041-10-14,7.9195,7.9195,7.9195,7.9195,68120000,0.00%,763347563,340150223563,539476.34,0
2041-10-15,7.9195,7.9195,7.9195,7.9195,42770000,0.00%,720577563,340150223563,338717.02,0
2041-10-18,7.9195,7.9195,7.9195,7.9195,75738000,0.00%,644839563,340150223563,599807.09,0
2041-10-21,7.9195,7.9195,7.9195,7.9195,53898000,0.00%,590941563,340150223563,426845.21,0
2041-10-22,7.9195,7.9195,7.9195,7.9195,40118000,0.00%,550823563,340150223563,317714.5,0
2041-10-23,7.9195,7.9195,7.9195,7.9195,85072000,0.00%,465751563,340150223563,673727.7,0
2041-10-24,7.9195,7.9195,7.9195,7.9195,43368000,0.00%,422383563,340150223563,343452.88,0
2041-10-25,7.9195,7.9195,7.9195,7.9195,33124000,0.00%,389259563,340150223563,262325.52,0
2041-10-28,7.9195,7.9195,7.9195,7.9195,31876000,0.00%,357383563,340150223563,252441.98,0
2041-10-29,7.9195,7.9195,7.9195,7.9195,39806000,0.00%,317577563,340150223563,315243.62,0
2041-10-30,7.9195,7.9195,7.9195,7.9195,48672000,0.00%,268905563,340150223563,385457.9,0
2041-10-31,7.9195,7.9195,7.9195,7.9195,35542000,0.00%,233363563,340150223563,281474.87,0
2041-11-01,7.9195,7.9195,7.9195,7.9195,42744000,0.00%,190619563,340150223563,338511.11,0
2041-11-04,7.9195,7.9195,7.9195,7.9195,58890000,0.00%,131729563,340150223563,466379.35,0
2041-11-05,7.9195,7.9195,7.9195,7.9195,85826000,0.00%,45903563,340150223563,679699.01,0
2041-11-06,7.9195,7.9274,7.9274,7.9195,50336000,0.10%,890406161,341045062161,399033.61,894838598
2041-11-07,7.9274,7.9274,7.9274,7.9274,42744000,0.00%,847662161,341045062161,338848.79,0
2041-11-08,7.9274,7.9274,7.9274,7.9274,52052000,0.00%,795610161,341045062161,412637.02,0
2041-11-11,7.9274,7.9274,7.9274,7.9274,58084000,0.00%,737526161,341045062161,460455.1,0
2041-11-12,7.9274,7.9274,7.9274,7.9274,35386000,0.00%,702140161,341045062161,280518.98,0
2041-11-13,7.9274,7.9274,7.9274,7.9274,79612000,0.00%,622528161,341045062161,631116.17,0
2041-11-14,7.9274,7.9274,7.9274,7.9274,93704000,0.00%,528824161,341045062161,742829.09,0
2041-11-15,7.9274,7.9274,7.9274,7.9274,61958000,0.00%,466866161,341045062161,491165.85,0
2041-11-18,7.9274,7.9274,7.9274,7.9274,50414000,0.00%,416452161,341045062161,399651.94,0
2041-11-19,7.9274,7.9274,7.9274,7.9274,73476000,0.00%,342976161,341045062161,582473.64,0
2041-11-20,7.9274,7.9274,7.9274,7.9274,55744000,0.00%,287232161,341045062161,441904.99,0
2041-11-21,7.9274,7.9274,7.9274,7.9274,50232000,0.00%,237000161,341045062161,398209.16,0
2041-11-22,7.9274,7.9274,7.9274,7.9274,39546000,0.00%,197454161,341045062161,313496.96,0
2041-11-25,7.9274,7.9274,7.9274,7.9274,38194000,0.00%,159260161,341045062161,302779.12,0
2041-11-26,7.9274,7.9274,7.9274,7.9274,48698000,0.00%,110562161,341045062161,386048.53,0
2041-11-27,7.9274,7.9274,7.9274,7.9274,67652000,0.00%,42910161,341045062161,536304.46,0
2041-11-28,7.9274,7.9353,7.9353,7.9274,44044000,0.10%,897682293,341943878293,349502.35,898816131
2041-11-29,7.9353,7.9353,7.9353,7.9353,85514000,0.00%,812168293,341943878293,678579.24,0
2041-12-02,7.9353,7.9353,7.9353,7.9353,50726000,0.00%,761442293,341943878293,402526.03,0
2041-12-03,7.9353,7.9353,7.9353,7.9353,92534000,0.00%,668908293,341943878293,734285.05,0
2041-12-04,7.9353,7.9353,7.9353,7.9353,52884000,0.00%,616024293,341943878293,419650.41,0
2041-12-05,7.9353,7.9353,7.9353,7.9353,46072000,0.00%,569952293,341943878293,365595.14,0
2041-12-06,7.9353,7.9353,7.9353,7.9353,58500000,0.00%,511452293,341943878293,464215.05,0
2041-12-09,7.9353,7.9353,7.9353,7.9353,80496000,0.00%,430956293,341943878293,638759.91,0
2041-12-10,7.9353,7.9353,7.9353,7.9353,60424000,0.00%,370532293,341943878293,479482.57,0
2041-12-11,7.9353,7.9353,7.9353,7.9353,39442000,0.00%,331090293,341943878293,312984.1,0
2041-12-12,7.9353,7.9353,7.9353,7.9353,34710000,0.00%,296380293,341943878293,275434.26,0
2041-12-13,7.9353,7.9353,7.9353,7.9353,39598000,0.00%,256782293,341943878293,314222.01,0
2041-12-16,7.9353,7.9353,7.9353,7.9353,57824000,0.00%,198958293,341943878293,458850.79,0
2041-12-17,7.9353,7.9353,7.9353,7.9353,35490000,0.00%,163468293,341943878293,281623.8,0
2041-12-18,7.9353,7.9353,7.9353,7.9353,34762000,0.00%,128706293,341943878293,275846.9,0
2041-12-19,7.9353,7.9353,7.9353,7.9353,54678000,0.00%,74028293,341943878293,433886.33,0
2041-12-20,7.9353,7.9353,7.9353,7.9353,73528000,0.00%,500293,341943878293,583466.74,0
2041-12-23,7.9353,7.9432,7.9432,7.9353,53066000,0.10%,851456894,342847900894,421513.85,904022601
2041-12-24,7.9432,7.9432,7.9432,7.9432,44798000,0.00%,806658894,342847900894,355839.47,0
2041-12-25,7.9432,7.9432,7.9432,7.9432,35984000,0.00%,770674894,342847900894,285828.11,0
2041-12-26,7.9432,7.9432,7.9432,7.9432,85670000,0.00%,685004894,342847900894,680493.94,0
2041-12-27,7.9432,7.9432,7.9432,7.9432,24726000,0.00%,660278894,342847900894,196403.56,0
2041-12-31,7.9432,7.9432,7.9432,7.9432,49270000,0.00%,611008894,342847900894,391361.46,0
2042-01-01,7.9432,7.9432,7.9432,7.9432,25413500,0.00%,585595394,342847900894,201864.51,0
2042-01-02,7.9432,7.9432,7.9432,7.9432,20299000,0.00%,565296394,342847900894,161239.02,0
2042-01-03,7.9432,7.9432,7.9432,7.9432,26182000,0.00%,539114394,342847900894,207968.86,0
2042-01-06,7.9432,7.9432,7.9432,7.9432,15953000,0.00%,523161394,342847900894,126717.87,0
2042-01-07,7.9432,7.9432,7.9432,7.9432,35934000,0.00%,487227394,342847900894,285430.95,0
2042-01-08,7.9432,7.9432,7.9432,7.9432,84614500,0.00%,402612894,342847900894,672109.9,0
2042-01-09,7.9432,7.9432,7.9432,7.9432,59333500,0.00%,343279394,342847900894,471297.86,0
2042-01-10,7.9432,7.9432,7.9432,7.9432,55146500,0.00%,288132894,342847900894,438039.68,0
2042-01-13,7.9432,7.9432,7.9432,7.9432,51834000,0.00%,236298894,342847900894,411727.83,0
2042-01-14,7.9432,7.9432,7.9432,7.9432,43486500,0.00%,192812394,342847900894,345421.97,0
2042-01-15,7.9432,7.9432,7.9432,7.9432,74915500,0.00%,117896894,342847900894,595068.8,0
2042-01-16,7.9432,7.9432,7.9432,7.9432,48521500,0.00%,69375394,342847900894,385415.98,0
2042-01-17,7.9432,7.9432,7.9432,7.9432,36358000,0.00%,33017394,342847900894,288798.87,0
2042-01-20,7.9432,7.9512,7.9512,7.9432,33602000,0.10%,906102530,343754588030,267176.22,906687135
2042-01-21,7.9512,7.9512,7.9512,7.9512,62381000,0.00%,843721530,343754588030,496003.81,0
2042-01-22,7.9512,7.9512,7.9512,7.9512,46348500,0.00%,797373030,343754588030,368526.19,0
2042-01-23,7.9512,7.9512,7.9512,7.9512,78281000,0.00%,719092030,343754588030,622427.89,0
2042-01-24,7.9512,7.9512,7.9512,7.9512,71073000,0.00%,648019030,343754588030,565115.64,0
2042-01-27,7.9512,7.9512,7.9512,7.9512,38902000,0.00%,609117030,343754588030,309317.58,0
2042-01-28,7.9512,7.9512,7.9512,7.9512,66250000,0.00%,542867030,343754588030,526767.0,0
2042-01-29,7.9512,7.9512,7.9512,7.9512,57293000,0.00%,485574030,343754588030,455548.1,0
2042-01-30,7.9512,7.9512,7.9512,7.9512,54351500,0.00%,431222530,343754588030,432159.65,0
2042-01-31,7.9512,7.9512,7.9512,7.9512,39829500,0.00%,391393030,343754588030,316692.32,0
2042-02-03,7.9512,7.9512,7.9512,7.9512,30289500,0.00%,361103530,343754588030,240837.87,0
2042-02-07,7.9512,7.9512,7.9512,7.9512,42214500,0.00%,318889030,343754588030,335655.93,0
2042-02-10,7.9512,7.9512,7.9512,7.9512,40757000,0.00%,278132030,343754588030,324067.06,0
2042-02-11,7.9512,7.9512,7.9512,7.9512,49687500,0.00%,228444530,343754588030,395075.25,0
2042-02-12,7.9512,7.9512,7.9512,7.9512,61930500,0.00%,166514030,343754588030,492421.79,0
2042-02-13,7.9512,7.9512,7.9512,7.9512,49846500,0.00%,116667530,343754588030,396339.49,0
2042-02-14,7.9512,7.9512,7.9512,7.9512,41128000,0.00%,75539530,343754588030,327016.95,0
2042-02-17,7.9512,7.9512,7.9512,7.9512,34079000,0.00%,41460530,343754588030,270968.94,0
2042-02-18,7.9512,7.9512,7.9512,7.9512,36808500,0.00%,4652030,343754588030,292671.75,0
2042-02-19,7.9512,7.9591,7.9591,7.9512,32356500,0.10%,885329616,344667622116,257528.62,913034086
2042-02-20,7.9591,7.9591,7.9591,7.9591,34238000,0.00%,851091616,344667622116,272503.67,0
2042-02-21,7.9591,7.9591,7.9591,7.9591,63679500,0.00%,787412116,344667622116,506831.51,0
2042-02-24,7.9591,7.9591,7.9591,7.9591,122006000,0.00%,665406116,344667622116,971057.95,0
2042-02-25,7.9591,7.9591,7.9591,7.9591,80984000,0.00%,584422116,344667622116,644559.75,0
2042-02-26,7.9591,7.9591,7.9591,7.9591,53636000,0.00%,530786116,344667622116,426894.29,0
2042-02-27,7.9591,7.9591,7.9591,7.9591,90020500,0.00%,440765616,344667622116,716482.16,0
2042-02-28,7.9591,7.9591,7.9591,7.9591,67654500,0.00%,373111116,344667622116,538468.93,0
2042-03-03,7.9591,7.9591,7.9591,7.9591,71152500,0.00%,301958616,344667622116,566309.86,0
2042-03-04,7.9591,7.9591,7.9591,7.9591,51171500,0.00%,250787116,344667622116,407279.09,0
2042-03-05,7.9591,7.9591,7.9591,7.9591,37126500,0.00%,213660616,344667622116,295493.53,0
2042-03-06,7.9591,7.9591,7.9591,7.9591,52655500,0.00%,161005116,344667622116,419090.39,0
2042-03-07,7.9591,7.9591,7.9591,7.9591,110107500,0.00%,50897616,344667622116,876356.6,0
2042-03-10,7.9591,7.9671,7.9671,7.9591,105682000,0.10%,878750454,345601156954,841979.06,933534837
2042-03-11,7.9671,7.9671,7.9671,7.9671,85489000,0.00%,793261454,345601156954,681099.41,0
2042-03-12,7.9671,7.9671,7.9671,7.9671,88006500,0.00%,705254954,345601156954,701156.59,0
2042-03-13,7.9671,7.9671,7.9671,7.9671,63759000,0.00%,641495954,345601156954,507974.33,0
2042-03-14,7.9671,7.9671,7.9671,7.9671,128366000,0.00%,513129954,345601156954,1022704.76,0
2042-03-17,7.9671,7.9671,7.9671,7.9671,177311500,0.00%,335818454,345601156954,1412658.45,0
2042-03-18,7.9671,7.9671,7.9671,7.9671,313760000,0.00%,22058454,345601156954,2499757.3,0
2042-03-19,7.9671,7.9751,7.9751,7.9671,285511000,0.10%,708191807,346572801307,2276978.78,971644353
2042-03-20,7.9751,7.9751,7.9751,7.9751,184678500,0.00%,523513307,346572801307,1472829.51,0
2042-03-21,7.9751,7.9751,7.9751,7.9751,99931500,0.00%,423581807,346572801307,796963.71,0
2042-03-24,7.9751,7.9751,7.9751,7.9751,81355000,0.00%,342226807,346572801307,648814.26,0
2042-03-25,7.9751,7.9751,7.9751,7.9751,82176500,0.00%,260050307,346572801307,655365.81,0
2042-03-26,7.9751,7.9751,7.9751,7.9751,111989000,0.00%,148061307,346572801307,893123.47,0
2042-03-27,7.9751,7.9751,7.9751,7.9751,124364500,0.00%,23696807,346572801307,991819.32,0
2042-03-28,7.9751,7.983,7.983,7.9751,101495000,0.10%,914771838,347565371338,810234.59,992570030
2042-03-31,7.983,7.983,7.983,7.983,71364500,0.00%,843407338,347565371338,569702.8,0
2042-04-01,7.983,7.983,7.983,7.983,55385000,0.00%,788022338,347565371338,442138.46,0
2042-04-02,7.983,7.983,7.983,7.983,71417500,0.00%,716604838,347565371338,570125.9,0
2042-04-03,7.983,7.983,7.983,7.983,38663500,0.00%,677941338,347565371338,308650.72,0
2042-04-04,7.983,7.983,7.983,7.983,38425000,0.00%,639516338,347565371338,306746.78,0
2042-04-07,7.983,7.983,7.983,7.983,41525500,0.00%,597990838,347565371338,331498.07,0
2042-04-09,7.983,7.983,7.983,7.983,45394500,0.00%,552596338,347565371338,362384.29,0
2042-04-10,7.983,7.983,7.983,7.983,42055500,0.00%,510540838,347565371338,335729.06,0
2042-04-11,7.983,7.983,7.983,7.983,51940000,0.00%,458600838,347565371338,414637.02,0
2042-04-14,7.983,7.983,7.983,7.983,60393500,0.00%,398207338,347565371338,482121.31,0
2042-04-15,7.983,7.983,7.983,7.983,69986500,0.00%,328220838,347565371338,558702.23,0
2042-04-16,7.983,7.983,7.983,7.983,57346000,0.00%,270874838,347565371338,457793.12,0
2042-04-17,7.983,7.983,7.983,7.983,40174000,0.00%,230700838,347565371338,320709.04,0
2042-04-22,7.983,7.983,7.983,7.983,47011000,0.00%,183689838,347565371338,375288.81,0
2042-04-23,7.983,7.983,7.983,7.983,28752500,0.00%,154937338,347565371338,229531.21,0
2042-04-24,7.983,7.983,7.983,7.983,68211000,0.00%,86726338,347565371338,544528.41,0
2042-04-25,7.983,7.983,7.983,7.983,74279500,0.00%,12446838,347565371338,592973.25,0
2042-04-28,7.983,7.991,7.991,7.983,68343500,0.10%,932783217,348554051217,546132.91,988679878
2042-04-29,7.991,7.991,7.991,7.991,72318500,0.00%,860464717,348554051217,577897.13,0
2042-04-30,7.991,7.991,7.991,7.991,62036500,0.00%,798428217,348554051217,495733.67,0
2042-05-01,7.991,7.991,7.991,7.991,56259500,0.00%,742168717,348554051217,449569.66,0
2042-05-02,7.991,7.991,7.991,7.991,125795500,0.00%,616373217,348554051217,1005231.84,0
2042-05-06,7.991,7.991,7.991,7.991,67760500,0.00%,548612717,348554051217,541474.16,0
2042-05-07,7.991,7.991,7.991,7.991,37365000,0.00%,511247717,348554051217,298583.72,0
2042-05-08,7.991,7.991,7.991,7.991,56683500,0.00%,454564217,348554051217,452957.85,0
2042-05-09,7.991,7.991,7.991,7.991,60738000,0.00%,393826217,348554051217,485357.36,0
2042-05-13,7.991,7.991,7.991,7.991,75260000,0.00%,318566217,348554051217,601402.66,0
2042-05-14,7.991,7.991,7.991,7.991,64527500,0.00%,254038717,348554051217,515639.25,0
2042-05-15,7.991,7.991,7.991,7.991,53053000,0.00%,200985717,348554051217,423946.52,0
2042-05-16,7.991,7.991,7.991,7.991,51648500,0.00%,149337217,348554051217,412723.16,0
2042-05-19,7.991,7.991,7.991,7.991,41234000,0.00%,108103217,348554051217,329500.89,0
2042-05-20,7.991,7.991,7.991,7.991,79818000,0.00%,28285217,348554051217,637825.64,0
2042-05-21,7.991,7.999,7.999,7.991,75101000,0.10%,924002287,349524869287,600732.9,970818070
2042-05-22,7.999,7.999,7.999,7.999,159397500,0.00%,764604787,349524869287,1275020.6,0
2042-05-23,7.999,7.999,7.999,7.999,75074500,0.00%,689530287,349524869287,600520.93,0
2042-05-26,7.999,7.999,7.999,7.999,45129500,0.00%,644400787,349524869287,360990.87,0
2042-05-27,7.999,7.999,7.999,7.999,52205000,0.00%,592195787,349524869287,417587.8,0
2042-05-28,7.999,7.999,7.999,7.999,57107500,0.00%,535088287,349524869287,456802.89,0
2042-05-29,7.999,7.999,7.999,7.999,49025000,0.00%,486063287,349524869287,392150.98,0
2042-05-30,7.999,7.999,7.999,7.999,55014000,0.00%,431049287,349524869287,440056.99,0
2042-06-02,7.999,7.999,7.999,7.999,59095000,0.00%,371954287,349524869287,472700.91,0
2042-06-03,7.999,7.999,7.999,7.999,171614000,0.00%,200340287,349524869287,1372740.39,0
2042-06-04,7.999,7.999,7.999,7.999,71338000,0.00%,129002287,349524869287,570632.66,0
2042-06-05,7.999,7.999,7.999,7.999,37577000,0.00%,91425287,349524869287,300578.42,0
2042-06-09,7.999,7.999,7.999,7.999,63335000,0.00%,28090287,349524869287,506616.67,0
2042-06-10,7.999,8.007,8.007,7.999,71788500,0.10%,923014211,350491581711,574810.52,966712423
2042-06-11,8.007,8.007,8.007,8.007,125822000,0.00%,797192211,350491581711,1007456.75,0
2042-06-12,8.007,8.007,8.007,8.007,103747500,0.00%,693444711,350491581711,830706.23,0
2042-06-13,8.007,8.007,8.007,8.007,78864000,0.00%,614580711,350491581711,631464.05,0
2042-06-16,8.007,8.007,8.007,8.007,66091000,0.00%,548489711,350491581711,529190.64,0
2042-06-17,8.007,8.007,8.007,8.007,43221500,0.00%,505268211,350491581711,346074.55,0
2042-06-18,8.007,8.007,8.007,8.007,56286000,0.00%,448982211,350491581711,450682.0,0
2042-06-19,8.007,8.007,8.007,8.007,58671000,0.00%,390311211,350491581711,469778.7,0
2042-06-20,8.007,8.007,8.007,8.007,51622000,0.00%,338689211,350491581711,413337.35,0
2042-06-23,8.007,8.007,8.007,8.007,30846000,0.00%,307843211,350491581711,246983.92,0
2042-06-24,8.007,8.007,8.007,8.007,39776500,0.00%,268066711,350491581711,318490.44,0
2042-06-25,8.007,8.007,8.007,8.007,36331500,0.00%,231735211,350491581711,290906.32,0
2042-06-26,8.007,8.007,8.007,8.007,33443000,0.00%,198292211,350491581711,267778.1,0
2042-06-27,8.007,8.007,8.007,8.007,48230000,0.00%,150062211,350491581711,386177.61,0
2042-06-30,8.007,8.015,8.015,8.007,152110000,0.10%,959085418,351452714918,1219161.65,961133207
2042-07-01,8.015,8.015,8.015,8.015,155263500,0.00%,803821918,351452714918,1244436.95,0
2042-07-02,8.015,8.015,8.015,8.015,92697000,0.00%,711124918,351452714918,742966.46,0
2042-07-03,8.015,8.015,8.015,8.015,88483500,0.00%,622641418,351452714918,709195.25,0
2042-07-07,8.015,8.015,8.015,8.015,101919000,0.00%,520722418,351452714918,816880.79,0
2042-07-08,8.015,8.015,8.015,8.015,51648500,0.00%,469073918,351452714918,413962.73,0
2042-07-09,8.015,8.015,8.015,8.015,65773000,0.00%,403300918,351452714918,527170.6,0
2042-07-10,8.015,8.015,8.015,8.015,50323500,0.00%,352977418,351452714918,403342.85,0
2042-07-11,8.015,8.015,8.015,8.015,49687500,0.00%,303289918,351452714918,398245.31,0
2042-07-14,8.015,8.015,8.015,8.015,54590000,0.00%,248699918,351452714918,437538.85,0
2042-07-15,8.015,8.015,8.015,8.015,45871500,0.00%,202828418,351452714918,367660.07,0
2042-07-16,8.015,8.015,8.015,8.015,45394500,0.00%,157433918,351452714918,363836.92,0
2042-07-17,8.015,8.015,8.015,8.015,44440500,0.00%,112993418,351452714918,356190.61,0
2042-07-18,8.015,8.015,8.015,8.015,69774500,0.00%,43218918,351452714918,559242.62,0
2042-07-21,8.015,8.023,8.023,8.015,53980500,0.10%,956984716,352420461216,433085.55,967746297
2042-07-22,8.023,8.023,8.023,8.023,33549000,0.00%,923435716,352420461216,269163.63,0
2042-07-23,8.023,8.023,8.023,8.023,42347000,0.00%,881088716,352420461216,339749.98,0
2042-07-24,8.023,8.023,8.023,8.023,50641500,0.00%,830447216,352420461216,406296.75,0
2042-07-25,8.023,8.023,8.023,8.023,39962000,0.00%,790485216,352420461216,320615.13,0
2042-07-28,8.023,8.023,8.023,8.023,44652500,0.00%,745832716,352420461216,358247.01,0
2042-07-29,8.023,8.023,8.023,8.023,36729000,0.00%,709103716,352420461216,294676.77,0
2042-07-30,8.023,8.023,8.023,8.023,52523000,0.00%,656580716,352420461216,421392.03,0
2042-07-31,8.023,8.023,8.023,8.023,40677500,0.00%,615903216,352420461216,326355.58,0
2042-08-01,8.023,8.023,8.023,8.023,98553500,0.00%,517349716,352420461216,790694.73,0
2042-08-04,8.023,8.023,8.023,8.023,105973500,0.00%,411376216,352420461216,850225.39,0
2042-08-05,8.023,8.023,8.023,8.023,113128500,0.00%,298247716,352420461216,907629.96,0
2042-08-06,8.023,8.023,8.023,8.023,72610000,0.00%,225637716,352420461216,582550.03,0
2042-08-07,8.023,8.023,8.023,8.023,52443500,0.00%,173194216,352420461216,420754.2,0
2042-08-08,8.023,8.023,8.023,8.023,43566000,0.00%,129628216,352420461216,349530.02,0
2042-08-11,8.023,8.023,8.023,8.023,39882500,0.00%,89745716,352420461216,319977.3,0
2042-08-12,8.023,8.023,8.023,8.023,37603500,0.00%,52142216,352420461216,301692.88,0
2042-08-13,8.023,8.023,8.023,8.023,40704000,0.00%,11438216,352420461216,326568.19,0
2042-08-14,8.023,8.0311,8.0311,8.023,39379000,0.10%,921319459,353369721459,316256.69,949260243
2042-08-15,8.0311,8.0311,8.0311,8.0311,29097000,0.00%,892222459,353369721459,233680.92,0
2042-08-18,8.0311,8.0311,8.0311,8.0311,30793000,0.00%,861429459,353369721459,247301.66,0
2042-08-19,8.0311,8.0311,8.0311,8.0311,62354500,0.00%,799074959,353369721459,500775.22,0
2042-08-20,8.0311,8.0311,8.0311,8.0311,46693000,0.00%,752381959,353369721459,374996.15,0
2042-08-21,8.0311,8.0311,8.0311,8.0311,85356500,0.00%,667025459,353369721459,685506.59,0
2042-08-22,8.0311,8.0311,8.0311,8.0311,61665500,0.00%,605359959,353369721459,495241.8,0
2042-08-25,8.0311,8.0311,8.0311,8.0311,39167000,0.00%,566192959,353369721459,314554.09,0
2042-08-26,8.0311,8.0311,8.0311,8.0311,35854500,0.00%,530338459,353369721459,287951.07,0
2042-08-27,8.0311,8.0311,8.0311,8.0311,34582500,0.00%,495755959,353369721459,277735.52,0
2042-08-28,8.0311,8.0311,8.0311,8.0311,51516000,0.00%,444239959,353369721459,413730.15,0
2042-08-29,8.0311,8.0311,8.0311,8.0311,49237000,0.00%,395002959,353369721459,395427.27,0
2042-09-01,8.0311,8.0311,8.0311,8.0311,32833500,0.00%,362169459,353369721459,263689.12,0
2042-09-02,8.0311,8.0311,8.0311,8.0311,37206000,0.00%,324963459,353369721459,298805.11,0
2042-09-03,8.0311,8.0311,8.0311,8.0311,69456500,0.00%,255506959,353369721459,557812.1,0
2042-09-04,8.0311,8.0311,8.0311,8.0311,63414500,0.00%,192092459,353369721459,509288.19,0
2042-09-05,8.0311,8.0311,8.0311,8.0311,67548500,0.00%,124543959,353369721459,542488.76,0
2042-09-08,8.0311,8.0311,8.0311,8.0311,53980500,0.00%,70563459,353369721459,433522.79,0
2042-09-09,8.0311,8.0311,8.0311,8.0311,43009500,0.00%,27553959,353369721459,345413.6,0
2042-09-10,8.0311,8.0391,8.0391,8.0311,40227000,0.10%,899815826,354282210326,323388.88,912488866
2042-09-11,8.0391,8.0391,8.0391,8.0391,62460500,0.00%,837355326,354282210326,502126.21,0
2042-09-12,8.0391,8.0391,8.0391,8.0391,45474000,0.00%,791881326,354282210326,365570.03,0
2042-09-16,8.0391,8.0391,8.0391,8.0391,45500500,0.00%,746380826,354282210326,365783.07,0
2042-09-17,8.0391,8.0391,8.0391,8.0391,47673500,0.00%,698707326,354282210326,383252.03,0
2042-09-18,8.0391,8.0391,8.0391,8.0391,35298000,0.00%,663409326,354282210326,283764.15,0
2042-09-19,8.0391,8.0391,8.0391,8.0391,66091000,0.00%,597318326,354282210326,531312.16,0
2042-09-22,8.0391,8.0391,8.0391,8.0391,60738000,0.00%,536580326,354282210326,488278.86,0
2042-09-23,8.0391,8.0391,8.0391,8.0391,40121000,0.00%,496459326,354282210326,322536.73,0
2042-09-24,8.0391,8.0391,8.0391,8.0391,42638500,0.00%,453820826,354282210326,342775.17,0
2042-09-25,8.0391,8.0391,8.0391,8.0391,46481000,0.00%,407339826,354282210326,373665.41,0
2042-09-26,8.0391,8.0391,8.0391,8.0391,52125500,0.00%,355214326,354282210326,419042.11,0
2042-09-29,8.0391,8.0391,8.0391,8.0391,65322500,0.00%,289891826,354282210326,525134.11,0
2042-09-30,8.0391,8.0391,8.0391,8.0391,60234500,0.00%,229657326,354282210326,484231.17,0
2042-10-01,8.0391,8.0391,8.0391,8.0391,58724000,0.00%,170933326,354282210326,472088.11,0
2042-10-02,8.0391,8.0391,8.0391,8.0391,53424000,0.00%,117509326,354282210326,429480.88,0
2042-10-03,8.0391,8.0391,8.0391,8.0391,59519000,0.00%,57990326,354282210326,478479.19,0
2042-10-06,8.0391,8.0391,8.0391,8.0391,37073500,0.00%,20916826,354282210326,298037.57,0
2042-10-08,8.0391,8.0471,8.0471,8.0391,48071000,0.10%,856780626,355166145126,386832.14,883934800
2042-10-09,8.0471,8.0471,8.0471,8.0471,27480500,0.00%,829300126,355166145126,221138.33,0
2042-10-10,8.0471,8.0471,8.0471,8.0471,26447000,0.00%,802853126,355166145126,212821.65,0
2042-10-13,8.0471,8.0471,8.0471,8.0471,41552000,0.00%,761301126,355166145126,334373.1,0
2042-10-14,8.0471,8.0471,8.0471,8.0471,56498000,0.00%,704803126,355166145126,454645.06,0
2042-10-15,8.0471,8.0471,8.0471,8.0471,84879500,0.00%,619923626,355166145126,683033.82,0
2042-10-16,8.0471,8.0471,8.0471,8.0471,58724000,0.00%,561199626,355166145126,472557.9,0
2042-10-17,8.0471,8.0471,8.0471,8.0471,83369000,0.00%,477830626,355166145126,670878.68,0
2042-10-20,8.0471,8.0471,8.0471,8.0471,69748000,0.00%,408082626,355166145126,561269.13,0
2042-10-21,8.0471,8.0471,8.0471,8.0471,58644500,0.00%,349438126,355166145126,471918.16,0
2042-10-22,8.0471,8.0471,8.0471,8.0471,55544000,0.00%,293894126,355166145126,446968.12,0
2042-10-23,8.0471,8.0471,8.0471,8.0471,130936500,0.00%,162957626,355166145126,1053659.11,0
2042-10-24,8.0471,8.0471,8.0471,8.0471,70357500,0.00%,92600126,355166145126,566173.84,0
2042-10-27,8.0471,8.0552,8.0552,8.0471,225435500,0.10%,710895470,356009875970,1815928.04,843730844
2042-10-28,8.0552,8.0552,8.0552,8.0552,193503000,0.00%,517392470,356009875970,1558705.37,0
2042-10-29,8.0552,8.0552,8.0552,8.0552,133427500,0.00%,383964970,356009875970,1074785.2,0
2042-10-30,8.0552,8.0552,8.0552,8.0552,113208000,0.00%,270756970,356009875970,911913.08,0
2042-10-31,8.0552,8.0552,8.0552,8.0552,108199500,0.00%,162557470,356009875970,871568.61,0
2042-11-03,8.0552,8.0552,8.0552,8.0552,131201500,0.00%,31355970,356009875970,1056854.32,0
2042-11-04,8.0552,8.0632,8.0632,8.0552,206276000,0.10%,687348076,356872144076,1663244.64,862268106
2042-11-05,8.0632,8.0632,8.0632,8.0632,93147500,0.00%,594200576,356872144076,751066.92,0
2042-11-06,8.0632,8.0632,8.0632,8.0632,81169500,0.00%,513031076,356872144076,654485.91,0
2042-11-07,8.0632,8.0632,8.0632,8.0632,177974000,0.00%,335057076,356872144076,1435039.96,0
2042-11-10,8.0632,8.0632,8.0632,8.0632,116547000,0.00%,218510076,356872144076,939741.77,0
2042-11-11,8.0632,8.0632,8.0632,8.0632,62381000,0.00%,156129076,356872144076,502990.48,0
2042-11-12,8.0632,8.0632,8.0632,8.0632,83899000,0.00%,72230076,356872144076,676494.42,0
2042-11-13,8.0632,8.0632,8.0632,8.0632,61639000,0.00%,10591076,356872144076,497007.58,0
2042-11-14,8.0632,8.0713,8.0713,8.0632,140476500,0.10%,730738843,357732768343,1133827.97,860624266
2042-11-17,8.0713,8.0713,8.0713,8.0713,128260000,0.00%,602478843,357732768343,1035224.94,0
2042-11-18,8.0713,8.0713,8.0713,8.0713,167215000,0.00%,435263843,357732768343,1349642.43,0
2042-11-19,8.0713,8.0713,8.0713,8.0713,163743500,0.00%,271520343,357732768343,1321622.91,0
2042-11-20,8.0713,8.0713,8.0713,8.0713,185023000,0.00%,86497343,357732768343,1493376.14,0
2042-11-21,8.0713,8.0794,8.0794,8.0713,118614000,0.10%,846216178,358611101178,958329.95,878332835
2042-11-24,8.0794,8.0794,8.0794,8.0794,82971500,0.00%,763244678,358611101178,670359.94,0
2042-11-25,8.0794,8.0794,8.0794,8.0794,75419000,0.00%,687825678,358611101178,609340.27,0
2042-11-26,8.0794,8.0794,8.0794,8.0794,61957000,0.00%,625868678,358611101178,500575.39,0
2042-11-27,8.0794,8.0794,8.0794,8.0794,45500500,0.00%,580368178,358611101178,367616.74,0
2042-11-28,8.0794,8.0794,8.0794,8.0794,82998000,0.00%,497370178,358611101178,670574.04,0
2042-12-01,8.0794,8.0794,8.0794,8.0794,88775000,0.00%,408595178,358611101178,717248.74,0
2042-12-02,8.0794,8.0794,8.0794,8.0794,87821000,0.00%,320774178,358611101178,709540.99,0
2042-12-03,8.0794,8.0794,8.0794,8.0794,123569500,0.00%,197204678,358611101178,998367.42,0
2042-12-04,8.0794,8.0794,8.0794,8.0794,120707500,0.00%,76497178,358611101178,975244.18,0
2042-12-05,8.0794,8.0794,8.0794,8.0794,66488500,0.00%,10008678,358611101178,537187.19,0
2042-12-08,8.0794,8.0874,8.0874,8.0794,158549500,0.10%,734273541,359493915541,1282253.23,882814363
2042-12-09,8.0874,8.0874,8.0874,8.0874,77009000,0.00%,657264541,359493915541,622802.59,0
2042-12-10,8.0874,8.0874,8.0874,8.0874,108941500,0.00%,548323041,359493915541,881053.49,0
2042-12-11,8.0874,8.0874,8.0874,8.0874,90338500,0.00%,457984541,359493915541,730603.58,0
2042-12-12,8.0874,8.0874,8.0874,8.0874,107060000,0.00%,350924541,359493915541,865837.04,0
2042-12-15,8.0874,8.0874,8.0874,8.0874,54351500,0.00%,296573041,359493915541,439562.32,0
2042-12-16,8.0874,8.0874,8.0874,8.0874,53821500,0.00%,242751541,359493915541,435276.0,0
2042-12-17,8.0874,8.0874,8.0874,8.0874,64236000,0.00%,178515541,359493915541,519502.23,0
2042-12-18,8.0874,8.0874,8.0874,8.0874,50244000,0.00%,128271541,359493915541,406343.33,0
2042-12-19,8.0874,8.0874,8.0874,8.0874,66594500,0.00%,61677041,359493915541,538576.36,0
2042-12-22,8.0874,8.0955,8.0955,8.0874,65985000,0.10%,891036514,360389260014,534181.57,895344473
2042-12-23,8.0955,8.0955,8.0955,8.0955,77009000,0.00%,814027514,360389260014,623426.36,0
2042-12-24,8.0955,8.0955,8.0955,8.0955,40598000,0.00%,773429514,360389260014,328661.11,0
2042-12-25,8.0955,8.0955,8.0955,8.0955,64262500,0.00%,709167014,360389260014,520237.07,0
2042-12-26,8.0955,8.0955,8.0955,8.0955,41075000,0.00%,668092014,360389260014,332522.66,0
2042-12-31,8.0955,8.0955,8.0955,8.0955,64103500,0.00%,603988514,360389260014,518949.88,0
2043-01-01,8.0955,8.0955,8.0955,8.0955,81243000,0.00%,522745514,360389260014,657702.71,0
2043-01-02,8.0955,8.0955,8.0955,8.0955,73467000,0.00%,449278514,360389260014,594752.1,0
2043-01-06,8.0955,8.0955,8.0955,8.0955,80892000,0.00%,368386514,360389260014,654861.19,0
2043-01-07,8.0955,8.0955,8.0955,8.0955,101061000,0.00%,267325514,360389260014,818139.33,0
2043-01-08,8.0955,8.0955,8.0955,8.0955,110160000,0.00%,157165514,360389260014,891800.28,0
2043-01-09,8.0955,8.0955,8.0955,8.0955,73143000,0.00%,84022514,360389260014,592129.16,0
2043-01-12,8.0955,8.0955,8.0955,8.0955,76464000,0.00%,7558514,360389260014,619014.31,0
2043-01-13,8.0955,8.1036,8.1036,8.0955,53595000,0.10%,862635180,361297931680,434312.44,908671665
2043-01-14,8.1036,8.1036,8.1036,8.1036,96444000,0.00%,766191180,361297931680,781543.6,0
2043-01-15,8.1036,8.1036,8.1036,8.1036,109485000,0.00%,656706180,361297931680,887222.65,0
2043-01-16,8.1036,8.1036,8.1036,8.1036,56619000,0.00%,600087180,361297931680,458817.73,0
2043-01-19,8.1036,8.1036,8.1036,8.1036,53973000,0.00%,546114180,361297931680,437375.6,0
2043-01-20,8.1036,8.1036,8.1036,8.1036,43470000,0.00%,502644180,361297931680,352263.49,0
2043-01-21,8.1036,8.1036,8.1036,8.1036,73224000,0.00%,429420180,361297931680,593378.01,0
2043-01-22,8.1036,8.1036,8.1036,8.1036,46845000,0.00%,382575180,361297931680,379613.14,0
2043-01-23,8.1036,8.1036,8.1036,8.1036,45522000,0.00%,337053180,361297931680,368892.08,0
2043-01-29,8.1036,8.1036,8.1036,8.1036,64071000,0.00%,272982180,361297931680,519205.76,0
2043-01-30,8.1036,8.1036,8.1036,8.1036,50301000,0.00%,222681180,361297931680,407619.18,0
2043-02-02,8.1036,8.1036,8.1036,8.1036,144801000,0.00%,77880180,361297931680,1173409.38,0
2043-02-03,8.1036,8.1117,8.1117,8.1036,150552000,0.10%,849938931,362220542431,1221232.66,922610750
2043-02-04,8.1117,8.1117,8.1117,8.1117,84834000,0.00%,765104931,362220542431,688147.96,0
2043-02-05,8.1117,8.1117,8.1117,8.1117,64152000,0.00%,700952931,362220542431,520381.78,0
2043-02-06,8.1117,8.1117,8.1117,8.1117,70038000,0.00%,630914931,362220542431,568127.24,0
2043-02-09,8.1117,8.1117,8.1117,8.1117,69093000,0.00%,561821931,362220542431,560461.69,0
2043-02-10,8.1117,8.1117,8.1117,8.1117,53460000,0.00%,508361931,362220542431,433651.48,0
2043-02-11,8.1117,8.1117,8.1117,8.1117,46629000,0.00%,461732931,362220542431,378240.46,0
2043-02-12,8.1117,8.1117,8.1117,8.1117,71982000,0.00%,389750931,362220542431,583896.39,0
2043-02-13,8.1117,8.1117,8.1117,8.1117,66447000,0.00%,323303931,362220542431,538998.13,0
2043-02-16,8.1117,8.1117,8.1117,8.1117,54972000,0.00%,268331931,362220542431,445916.37,0
2043-02-17,8.1117,8.1117,8.1117,8.1117,48411000,0.00%,219920931,362220542431,392695.51,0
2043-02-18,8.1117,8.1117,8.1117,8.1117,44550000,0.00%,175370931,362220542431,361376.24,0
2043-02-19,8.1117,8.1117,8.1117,8.1117,59157000,0.00%,116213931,362220542431,479863.84,0
2043-02-20,8.1117,8.1117,8.1117,8.1117,47844000,0.00%,68369931,362220542431,388096.17,0
2043-02-23,8.1117,8.1117,8.1117,8.1117,33237000,0.00%,35132931,362220542431,269608.57,0
2043-02-24,8.1117,8.1198,8.1198,8.1117,79137000,0.10%,878474631,363143021131,642576.61,922478700
2043-02-25,8.1198,8.1198,8.1198,8.1198,89505000,0.00%,788969631,363143021131,726762.7,0
2043-02-26,8.1198,8.1198,8.1198,8.1198,52461000,0.00%,736508631,363143021131,425972.83,0
2043-02-27,8.1198,8.1198,8.1198,8.1198,65934000,0.00%,670574631,363143021131,535370.89,0
2043-03-02,8.1198,8.1198,8.1198,8.1198,55296000,0.00%,615278631,363143021131,448992.46,0
2043-03-03,8.1198,8.1198,8.1198,8.1198,70227000,0.00%,545051631,363143021131,570229.19,0
2043-03-04,8.1198,8.1198,8.1198,8.1198,96147000,0.00%,448904631,363143021131,780694.41,0
2043-03-05,8.1198,8.1198,8.1198,8.1198,39960000,0.00%,408944631,363143021131,324467.21,0
2043-03-06,8.1198,8.1198,8.1198,8.1198,48006000,0.00%,360938631,363143021131,389799.12,0
2043-03-09,8.1198,8.1198,8.1198,8.1198,34101000,0.00%,326837631,363143021131,276893.3,0
2043-03-10,8.1198,8.1198,8.1198,8.1198,46008000,0.00%,280829631,363143021131,373575.76,0
2043-03-11,8.1198,8.1198,8.1198,8.1198,57267000,0.00%,223562631,363143021131,464996.59,0
2043-03-12,8.1198,8.1198,8.1198,8.1198,46629000,0.00%,176933631,363143021131,378618.15,0
2043-03-13,8.1198,8.1198,8.1198,8.1198,101520000,0.00%,75413631,363143021131,824322.1,0
2043-03-16,8.1198,8.1198,8.1198,8.1198,73251000,0.00%,2162631,363143021131,594783.47,0
2043-03-17,8.1198,8.128,8.128,8.1198,57564000,0.10%,875584349,364074006849,467880.19,930985717
2043-03-18,8.128,8.128,8.128,8.128,44739000,0.00%,830845349,364074006849,363638.59,0
2043-03-19,8.128,8.128,8.128,8.128,64071000,0.00%,766774349,364074006849,520769.09,0
2043-03-20,8.128,8.128,8.128,8.128,78381000,0.00%,688393349,364074006849,637080.77,0
2043-03-23,8.128,8.128,8.128,8.128,55188000,0.00%,633205349,364074006849,448568.06,0
2043-03-24,8.128,8.128,8.128,8.128,57456000,0.00%,575749349,364074006849,467002.37,0
2043-03-25,8.128,8.128,8.128,8.128,53055000,0.00%,522694349,364074006849,431231.04,0
2043-03-26,8.128,8.128,8.128,8.128,126495000,0.00%,396199349,364074006849,1028151.36,0
2043-03-27,8.128,8.128,8.128,8.128,89694000,0.00%,306505349,364074006849,729032.83,0
2043-03-30,8.128,8.128,8.128,8.128,69660000,0.00%,236845349,364074006849,566196.48,0
2043-03-31,8.128,8.128,8.128,8.128,84618000,0.00%,152227349,364074006849,687775.1,0
2043-04-01,8.128,8.128,8.128,8.128,97470000,0.00%,54757349,364074006849,792236.16,0
2043-04-02,8.128,8.1361,8.1361,8.128,68148000,0.10%,933497357,365020894857,554458.94,946888007
2043-04-03,8.1361,8.1361,8.1361,8.1361,70092000,0.00%,863405357,365020894857,570275.52,0
2043-04-06,8.1361,8.1361,8.1361,8.1361,50679000,0.00%,812726357,365020894857,412329.41,0
2043-04-07,8.1361,8.1361,8.1361,8.1361,38475000,0.00%,774251357,365020894857,313036.45,0
2043-04-09,8.1361,8.1361,8.1361,8.1361,40365000,0.00%,733886357,365020894857,328413.68,0
2043-04-14,8.1361,8.1361,8.1361,8.1361,59211000,0.00%,674675357,365020894857,481746.62,0
2043-04-15,8.1361,8.1361,8.1361,8.1361,109269000,0.00%,565406357,365020894857,889023.51,0
2043-04-16,8.1361,8.1361,8.1361,8.1361,67392000,0.00%,498014357,365020894857,548308.05,0
2043-04-17,8.1361,8.1361,8.1361,8.1361,34398000,0.00%,463616357,365020894857,279865.57,0
2043-04-20,8.1361,8.1361,8.1361,8.1361,42417000,0.00%,421199357,365020894857,345108.95,0
2043-04-21,8.1361,8.1361,8.1361,8.1361,36963000,0.00%,384236357,365020894857,300734.66,0
2043-04-22,8.1361,8.1361,8.1361,8.1361,43956000,0.00%,340280357,365020894857,357630.41,0
2043-04-23,8.1361,8.1361,8.1361,8.1361,28431000,0.00%,311849357,365020894857,231317.46,0
2043-04-24,8.1361,8.1361,8.1361,8.1361,44604000,0.00%,267245357,365020894857,362902.6,0
2043-04-27,8.1361,8.1361,8.1361,8.1361,55269000,0.00%,211976357,365020894857,449674.11,0
2043-04-28,8.1361,8.1361,8.1361,8.1361,56565000,0.00%,155411357,365020894857,460218.5,0
2043-04-29,8.1361,8.1361,8.1361,8.1361,67554000,0.00%,87857357,365020894857,549626.1,0
2043-04-30,8.1361,8.1361,8.1361,8.1361,39852000,0.00%,48005357,365020894857,324239.86,0
2043-05-01,8.1361,8.1361,8.1361,8.1361,41553000,0.00%,6452357,365020894857,338079.36,0
2043-05-05,8.1361,8.1442,8.1442,8.1361,23355000,0.10%,928970110,365966767610,190207.79,945872753
2043-05-06,8.1442,8.1442,8.1442,8.1442,28485000,0.00%,900485110,365966767610,231987.54,0
2043-05-07,8.1442,8.1442,8.1442,8.1442,47466000,0.00%,853019110,365966767610,386572.6,0
2043-05-08,8.1442,8.1442,8.1442,8.1442,39987000,0.00%,813032110,365966767610,325662.13,0
2043-05-11,8.1442,8.1442,8.1442,8.1442,28944000,0.00%,784088110,365966767610,235725.72,0
2043-05-12,8.1442,8.1442,8.1442,8.1442,63558000,0.00%,720530110,365966767610,517629.06,0
2043-05-13,8.1442,8.1442,8.1442,8.1442,42039000,0.00%,678491110,365966767610,342374.02,0
2043-05-14,8.1442,8.1442,8.1442,8.1442,47439000,0.00%,631052110,365966767610,386352.7,0
2043-05-15,8.1442,8.1442,8.1442,8.1442,48573000,0.00%,582479110,365966767610,395588.23,0
2043-05-18,8.1442,8.1442,8.1442,8.1442,64098000,0.00%,518381110,365966767610,522026.93,0
2043-05-19,8.1442,8.1442,8.1442,8.1442,38124000,0.00%,480257110,365966767610,310489.48,0
2043-05-20,8.1442,8.1442,8.1442,8.1442,52812000,0.00%,427445110,365966767610,430111.49,0
2043-05-21,8.1442,8.1442,8.1442,8.1442,92907000,0.00%,334538110,365966767610,756653.19,0
2043-05-22,8.1442,8.1442,8.1442,8.1442,61263000,0.00%,273275110,365966767610,498938.12,0
2043-05-25,8.1442,8.1442,8.1442,8.1442,54108000,0.00%,219167110,365966767610,440666.37,0
2043-05-26,8.1442,8.1442,8.1442,8.1442,40554000,0.00%,178613110,365966767610,330279.89,0
2043-05-27,8.1442,8.1442,8.1442,8.1442,36585000,0.00%,142028110,365966767610,297955.56,0
2043-05-28,8.1442,8.1442,8.1442,8.1442,70281000,0.00%,71747110,365966767610,572382.52,0
2043-06-01,8.1442,8.1524,8.1524,8.1442,77868000,0.10%,931171155,366904059655,634811.08,937292044
2043-06-02,8.1524,8.1524,8.1524,8.1524,58698000,0.00%,872473155,366904059655,478529.58,0
2043-06-03,8.1524,8.1524,8.1524,8.1524,86751000,0.00%,785722155,366904059655,707228.85,0
2043-06-04,8.1524,8.1524,8.1524,8.1524,61965000,0.00%,723757155,366904059655,505163.47,0
2043-06-05,8.1524,8.1524,8.1524,8.1524,86562000,0.00%,637195155,366904059655,705688.05,0
2043-06-08,8.1524,8.1524,8.1524,8.1524,53703000,0.00%,583492155,366904059655,437808.34,0
2043-06-09,8.1524,8.1524,8.1524,8.1524,45090000,0.00%,538402155,366904059655,367591.72,0
2043-06-10,8.1524,8.1524,8.1524,8.1524,49275000,0.00%,489127155,366904059655,401709.51,0
2043-06-11,8.1524,8.1524,8.1524,8.1524,35451000,0.00%,453676155,366904059655,289010.73,0
2043-06-12,8.1524,8.1524,8.1524,8.1524,43686000,0.00%,409990155,366904059655,356145.75,0
2043-06-15,8.1524,8.1524,8.1524,8.1524,36423000,0.00%,373567155,366904059655,296934.87,0
2043-06-16,8.1524,8.1524,8.1524,8.1524,62424000,0.00%,311143155,366904059655,508905.42,0
2043-06-17,8.1524,8.1524,8.1524,8.1524,59616000,0.00%,251527155,366904059655,486013.48,0
2043-06-18,8.1524,8.1524,8.1524,8.1524,67527000,0.00%,184000155,366904059655,550507.11,0
2043-06-19,8.1524,8.1524,8.1524,8.1524,96795000,0.00%,87205155,366904059655,789111.56,0
2043-06-22,8.1524,8.1524,8.1524,8.1524,54729000,0.00%,32476155,366904059655,446172.7,0
2043-06-23,8.1524,8.1605,8.1605,8.1524,43956000,0.10%,877222363,367792761863,358702.94,888702207
2043-06-24,8.1605,8.1605,8.1605,8.1605,52110000,0.00%,825112363,367792761863,425243.66,0
2043-06-26,8.1605,8.1605,8.1605,8.1605,37530000,0.00%,787582363,367792761863,306263.57,0
2043-06-29,8.1605,8.1605,8.1605,8.1605,49032000,0.00%,738550363,367792761863,400125.64,0
2043-06-30,8.1605,8.1605,8.1605,8.1605,47223000,0.00%,691327363,367792761863,385363.29,0
2043-07-01,8.1605,8.1605,8.1605,8.1605,42903000,0.00%,648424363,367792761863,350109.93,0
2043-07-02,8.1605,8.1605,8.1605,8.1605,36504000,0.00%,611920363,367792761863,297890.89,0
2043-07-03,8.1605,8.1605,8.1605,8.1605,43740000,0.00%,568180363,367792761863,356940.27,0
2043-07-06,8.1605,8.1605,8.1605,8.1605,38340000,0.00%,529840363,367792761863,312873.57,0
2043-07-07,8.1605,8.1605,8.1605,8.1605,25488000,0.00%,504352363,367792761863,207994.82,0
2043-07-08,8.1605,8.1605,8.1605,8.1605,26622000,0.00%,477730363,367792761863,217248.83,0
2043-07-09,8.1605,8.1605,8.1605,8.1605,53406000,0.00%,424324363,367792761863,435819.66,0
2043-07-10,8.1605,8.1605,8.1605,8.1605,58320000,0.00%,366004363,367792761863,475920.36,0
2043-07-13,8.1605,8.1605,8.1605,8.1605,46683000,0.00%,319321363,367792761863,380956.62,0
2043-07-14,8.1605,8.1605,8.1605,8.1605,33372000,0.00%,285949363,367792761863,272332.21,0
2043-07-15,8.1605,8.1605,8.1605,8.1605,45495000,0.00%,240454363,367792761863,371261.95,0
2043-07-16,8.1605,8.1605,8.1605,8.1605,73764000,0.00%,166690363,367792761863,601951.12,0
2043-07-17,8.1605,8.1605,8.1605,8.1605,57267000,0.00%,109423363,367792761863,467327.35,0
2043-07-21,8.1605,8.1605,8.1605,8.1605,78705000,0.00%,30718363,367792761863,642272.15,0
2043-07-22,8.1605,8.1687,8.1687,8.1605,59157000,0.10%,855571521,368676772021,483235.79,884010158
2043-07-23,8.1687,8.1687,8.1687,8.1687,44712000,0.00%,810859521,368676772021,365238.91,0
2043-07-24,8.1687,8.1687,8.1687,8.1687,31968000,0.00%,778891521,368676772021,261137.0,0
2043-07-27,8.1687,8.1687,8.1687,8.1687,47115000,0.00%,731776521,368676772021,384868.3,0
2043-07-28,8.1687,8.1687,8.1687,8.1687,78840000,0.00%,652936521,368676772021,644020.31,0
2043-07-29,8.1687,8.1687,8.1687,8.1687,40338000,0.00%,612598521,368676772021,329509.02,0
2043-07-30,8.1687,8.1687,8.1687,8.1687,36855000,0.00%,575743521,368676772021,301057.44,0
2043-07-31,8.1687,8.1687,8.1687,8.1687,60048000,0.00%,515695521,368676772021,490514.1,0
2043-08-03,8.1687,8.1687,8.1687,8.1687,99360000,0.00%,416335521,368676772021,811642.03,0
2043-08-04,8.1687,8.1687,8.1687,8.1687,63288000,0.00%,353047521,368676772021,516980.69,0
2043-08-05,8.1687,8.1687,8.1687,8.1687,56808000,0.00%,296239521,368676772021,464047.51,0
2043-08-06,8.1687,8.1687,8.1687,8.1687,44982000,0.00%,251257521,368676772021,367444.46,0
2043-08-07,8.1687,8.1687,8.1687,8.1687,51570000,0.00%,199687521,368676772021,421259.86,0
2043-08-10,8.1687,8.1687,8.1687,8.1687,25596000,0.00%,174091521,368676772021,209086.05,0
2043-08-11,8.1687,8.1687,8.1687,8.1687,41526000,0.00%,132565521,368676772021,339213.44,0
2043-08-12,8.1687,8.1687,8.1687,8.1687,32184000,0.00%,100381521,368676772021,262901.44,0
2043-08-13,8.1687,8.1687,8.1687,8.1687,30213000,0.00%,70168521,368676772021,246800.93,0
2043-08-14,8.1687,8.1687,8.1687,8.1687,33210000,0.00%,36958521,368676772021,271282.53,0
2043-08-17,8.1687,8.1769,8.1769,8.1687,42525000,0.10%,863381674,369545720174,347722.67,868948152
2043-08-18,8.1769,8.1769,8.1769,8.1769,29133000,0.00%,834248674,369545720174,238217.63,0
2043-08-19,8.1769,8.1769,8.1769,8.1769,44496000,0.00%,789752674,369545720174,363839.34,0
2043-08-20,8.1769,8.1769,8.1769,8.1769,77814000,0.00%,711938674,369545720174,636277.3,0
2043-08-21,8.1769,8.1769,8.1769,8.1769,48897000,0.00%,663041674,369545720174,399825.88,0
2043-08-24,8.1769,8.1769,8.1769,8.1769,69390000,0.00%,593651674,369545720174,567395.09,0
2043-08-25,8.1769,8.1769,8.1769,8.1769,66636000,0.00%,527015674,369545720174,544875.91,0
2043-08-26,8.1769,8.1769,8.1769,8.1769,46548000,0.00%,480467674,369545720174,380618.34,0
2043-08-27,8.1769,8.1769,8.1769,8.1769,60318000,0.00%,420149674,369545720174,493214.25,0
2043-08-28,8.1769,8.1769,8.1769,8.1769,33858000,0.00%,386291674,369545720174,276853.48,0
2043-08-31,8.1769,8.1769,8.1769,8.1769,52380000,0.00%,333911674,369545720174,428306.02,0
2043-09-01,8.1769,8.1769,8.1769,8.1769,41526000,0.00%,292385674,369545720174,339553.95,0
2043-09-02,8.1769,8.1769,8.1769,8.1769,41013000,0.00%,251372674,369545720174,335359.2,0
2043-09-03,8.1769,8.1769,8.1769,8.1769,134298000,0.00%,117074674,369545720174,1098141.32,0
2043-09-07,8.1769,8.1769,8.1769,8.1769,83025000,0.00%,34049674,369545720174,678887.12,0
2043-09-08,8.1769,8.185,8.185,8.1769,35775000,0.10%,857492304,370404937804,292818.38,859217630
2043-09-09,8.185,8.185,8.185,8.185,44523000,0.00%,812969304,370404937804,364420.76,0
2043-09-10,8.185,8.185,8.185,8.185,45144000,0.00%,767825304,370404937804,369503.64,0
2043-09-14,8.185,8.185,8.185,8.185,50787000,0.00%,717038304,370404937804,415691.6,0
2043-09-15,8.185,8.185,8.185,8.185,28080000,0.00%,688958304,370404937804,229834.8,0
2043-09-16,8.185,8.185,8.185,8.185,28782000,0.00%,660176304,370404937804,235580.67,0
2043-09-17,8.185,8.185,8.185,8.185,27405000,0.00%,632771304,370404937804,224309.93,0
2043-09-18,8.185,8.185,8.185,8.185,51894000,0.00%,580877304,370404937804,424752.39,0
2043-09-21,8.185,8.185,8.185,8.185,39798000,0.00%,541079304,370404937804,325746.63,0
2043-09-22,8.185,8.185,8.185,8.185,42066000,0.00%,499013304,370404937804,344310.21,0
2043-09-23,8.185,8.185,8.185,8.185,36882000,0.00%,462131304,370404937804,301879.17,0
2043-09-24,8.185,8.185,8.185,8.185,51624000,0.00%,410507304,370404937804,422542.44,0
2043-09-25,8.185,8.185,8.185,8.185,57348000,0.00%,353159304,370404937804,469393.38,0
2043-09-28,8.185,8.185,8.185,8.185,49437000,0.00%,303722304,370404937804,404641.85,0
2043-09-29,8.185,8.185,8.185,8.185,42984000,0.00%,260738304,370404937804,351824.04,0
2043-09-30,8.185,8.185,8.185,8.185,38340000,0.00%,222398304,370404937804,313812.9,0
2043-10-01,8.185,8.185,8.185,8.185,42120000,0.00%,180278304,370404937804,344752.2,0
2043-10-02,8.185,8.185,8.185,8.185,30375000,0.00%,149903304,370404937804,248619.38,0
2043-10-06,8.185,8.185,8.185,8.185,40824000,0.00%,109079304,370404937804,334144.44,0
2043-10-07,8.185,8.185,8.185,8.185,29538000,0.00%,79541304,370404937804,241768.53,0
2043-10-08,8.185,8.185,8.185,8.185,29160000,0.00%,50381304,370404937804,238674.6,0
2043-10-09,8.185,8.185,8.185,8.185,29916000,0.00%,20465304,370404937804,244862.46,0
2043-10-12,8.185,8.1932,8.1932,8.185,30780000,0.10%,827359347,371242611847,252186.7,837674042
2043-10-13,8.1932,8.1932,8.1932,8.1932,44415000,0.00%,782944347,371242611847,363900.98,0
2043-10-14,8.1932,8.1932,8.1932,8.1932,44334000,0.00%,738610347,371242611847,363237.33,0
2043-10-15,8.1932,8.1932,8.1932,8.1932,36315000,0.00%,702295347,371242611847,297536.06,0
2043-10-16,8.1932,8.1932,8.1932,8.1932,36099000,0.00%,666196347,371242611847,295766.33,0
2043-10-19,8.1932,8.1932,8.1932,8.1932,33615000,0.00%,632581347,371242611847,275414.42,0
2043-10-20,8.1932,8.1932,8.1932,8.1932,24840000,0.00%,607741347,371242611847,203519.09,0
2043-10-21,8.1932,8.1932,8.1932,8.1932,32400000,0.00%,575341347,371242611847,265459.68,0
2043-10-22,8.1932,8.1932,8.1932,8.1932,46494000,0.00%,528847347,371242611847,380934.64,0
2043-10-23,8.1932,8.1932,8.1932,8.1932,51867000,0.00%,476980347,371242611847,424956.7,0
2043-10-27,8.1932,8.1932,8.1932,8.1932,58374000,0.00%,418606347,371242611847,478269.86,0
2043-10-28,8.1932,8.1932,8.1932,8.1932,47277000,0.00%,371329347,371242611847,387349.92,0
2043-10-29,8.1932,8.1932,8.1932,8.1932,30915000,0.00%,340414347,371242611847,253292.78,0
2043-10-30,8.1932,8.1932,8.1932,8.1932,44442000,0.00%,295972347,371242611847,364122.19,0
2043-11-02,8.1932,8.1932,8.1932,8.1932,38772000,0.00%,257200347,371242611847,317666.75,0
2043-11-03,8.1932,8.1932,8.1932,8.1932,37071000,0.00%,220129347,371242611847,303730.12,0
2043-11-04,8.1932,8.1932,8.1932,8.1932,29727000,0.00%,190402347,371242611847,243559.26,0
2043-11-05,8.1932,8.1932,8.1932,8.1932,28296000,0.00%,162106347,371242611847,231834.79,0
2043-11-06,8.1932,8.1932,8.1932,8.1932,58266000,0.00%,103840347,371242611847,477384.99,0
2043-11-09,8.1932,8.1932,8.1932,8.1932,72522000,0.00%,31318347,371242611847,594187.25,0
2043-11-10,8.1932,8.2014,8.2014,8.1932,36180000,0.10%,823565872,372071039372,296726.65,828427524
2043-11-11,8.2014,8.2014,8.2014,8.2014,34776000,0.00%,788789872,372071039372,285211.89,0
2043-11-12,8.2014,8.2014,8.2014,8.2014,27729000,0.00%,761060872,372071039372,227416.62,0
2043-11-13,8.2014,8.2014,8.2014,8.2014,26649000,0.00%,734411872,372071039372,218559.11,0
2043-11-16,8.2014,8.2014,8.2014,8.2014,36693000,0.00%,697718872,372071039372,300933.97,0
2043-11-17,8.2014,8.2014,8.2014,8.2014,33696000,0.00%,664022872,372071039372,276354.37,0
2043-11-18,8.2014,8.2014,8.2014,8.2014,87615000,0.00%,576407872,372071039372,718565.66,0
2043-11-19,8.2014,8.2014,8.2014,8.2014,95310000,0.00%,481097872,372071039372,781675.43,0
2043-11-20,8.2014,8.2014,8.2014,8.2014,59319000,0.00%,421778872,372071039372,486498.85,0
2043-11-23,8.2014,8.2014,8.2014,8.2014,75006000,0.00%,346772872,372071039372,615154.21,0
2043-11-24,8.2014,8.2014,8.2014,8.2014,65313000,0.00%,281459872,372071039372,535658.04,0
2043-11-25,8.2014,8.2014,8.2014,8.2014,38259000,0.00%,243200872,372071039372,313777.36,0
2043-11-26,8.2014,8.2014,8.2014,8.2014,39231000,0.00%,203969872,372071039372,321749.12,0
2043-11-27,8.2014,8.2014,8.2014,8.2014,41148000,0.00%,162821872,372071039372,337471.21,0
2043-11-30,8.2014,8.2014,8.2014,8.2014,33021000,0.00%,129800872,372071039372,270818.43,0
2043-12-01,8.2014,8.2014,8.2014,8.2014,40905000,0.00%,88895872,372071039372,335478.27,0
2043-12-02,8.2014,8.2014,8.2014,8.2014,45522000,0.00%,43373872,372071039372,373344.13,0
2043-12-03,8.2014,8.2096,8.2096,8.2014,81837000,0.10%,791230866,372900733366,671849.04,829693994
2043-12-04,8.2096,8.2096,8.2096,8.2096,40905000,0.00%,750325866,372900733366,335813.69,0
2043-12-07,8.2096,8.2096,8.2096,8.2096,40257000,0.00%,710068866,372900733366,330493.87,0
2043-12-08,8.2096,8.2096,8.2096,8.2096,64071000,0.00%,645997866,372900733366,525997.28,0
2043-12-09,8.2096,8.2096,8.2096,8.2096,42930000,0.00%,603067866,372900733366,352438.13,0
2043-12-10,8.2096,8.2096,8.2096,8.2096,36990000,0.00%,566077866,372900733366,303673.1,0
2043-12-11,8.2096,8.2096,8.2096,8.2096,44820000,0.00%,521257866,372900733366,367954.27,0
2043-12-14,8.2096,8.2096,8.2096,8.2096,49680000,0.00%,471577866,372900733366,407852.93,0
2043-12-15,8.2096,8.2096,8.2096,8.2096,35100000,0.00%,436477866,372900733366,288156.96,0
2043-12-16,8.2096,8.2096,8.2096,8.2096,38205000,0.00%,398272866,372900733366,313647.77,0
2043-12-17,8.2096,8.2096,8.2096,8.2096,46440000,0.00%,351832866,372900733366,381253.82,0
2043-12-18,8.2096,8.2096,8.2096,8.2096,83484000,0.00%,268348866,372900733366,685370.25,0
2043-12-21,8.2096,8.2096,8.2096,8.2096,32643000,0.00%,235705866,372900733366,267985.97,0
2043-12-22,8.2096,8.2096,8.2096,8.2096,33831000,0.00%,201874866,372900733366,277738.98,0
2043-12-23,8.2096,8.2096,8.2096,8.2096,38313000,0.00%,163561866,372900733366,314534.4,0
2043-12-24,8.2096,8.2096,8.2096,8.2096,27459000,0.00%,136102866,372900733366,225427.41,0
2043-12-25,8.2096,8.2178,8.2178,8.2096,396927000,0.10%,580994932,373742552432,3261866.7,841819066
2043-12-30,8.2178,8.2178,8.2178,8.2178,174069000,0.00%,406925932,373742552432,1430464.23,0
2043-12-31,8.2178,8.2178,8.2178,8.2178,102168000,0.00%,304757932,373742552432,839596.19,0
2044-01-01,8.2178,8.2178,8.2178,8.2178,53955000,0.00%,250802932,373742552432,443391.4,0
2044-01-05,8.2178,8.2178,8.2178,8.2178,64212500,0.00%,186590432,373742552432,527685.48,0
2044-01-06,8.2178,8.2178,8.2178,8.2178,56072500,0.00%,130517932,373742552432,460792.59,0
2044-01-07,8.2178,8.2178,8.2178,8.2178,55605000,0.00%,74912932,373742552432,456950.77,0
2044-01-08,8.2178,8.2178,8.2178,8.2178,65312500,0.00%,9600432,373742552432,536725.06,0
2044-01-11,8.2178,8.226,8.226,8.2178,45979999,0.10%,814609943,374593541943,378231.48,850989511
2044-01-12,8.226,8.226,8.226,8.226,46557500,0.00%,768052443,374593541943,382982.0,0
2044-01-13,8.226,8.226,8.226,8.226,52662500,0.00%,715389943,374593541943,433201.73,0
2044-01-14,8.226,8.226,8.226,8.226,56650000,0.00%,658739943,374593541943,466002.9,0
2044-01-15,8.226,8.226,8.226,8.226,43367500,0.00%,615372443,374593541943,356741.06,0
2044-01-18,8.226,8.226,8.226,8.226,44907499,0.00%,570464943,374593541943,369409.1,0
2044-01-19,8.226,8.226,8.226,8.226,61160000,0.00%,509304943,374593541943,503102.16,0
2044-01-20,8.226,8.226,8.226,8.226,99302500,0.00%,410002443,374593541943,816862.37,0
2044-01-21,8.226,8.226,8.226,8.226,67650000,0.00%,342352443,374593541943,556488.9,0
2044-01-22,8.226,8.226,8.226,8.226,73975000,0.00%,268377443,374593541943,608518.35,0
2044-01-25,8.226,8.226,8.226,8.226,92537500,0.00%,175839943,374593541943,761213.48,0
2044-01-26,8.226,8.226,8.226,8.226,97927500,0.00%,77912443,374593541943,805551.62,0
2044-01-27,8.226,8.2343,8.2343,8.226,93115000,0.10%,806538014,375415282514,766736.84,821740570
2044-01-28,8.2343,8.2343,8.2343,8.2343,93940000,0.00%,712598014,375415282514,773530.14,0
2044-01-29,8.2343,8.2343,8.2343,8.2343,68255000,0.00%,644343014,375415282514,562032.15,0
2044-02-01,8.2343,8.2343,8.2343,8.2343,55440000,0.00%,588903014,375415282514,456509.59,0
2044-02-02,8.2343,8.2343,8.2343,8.2343,59152500,0.00%,529750514,375415282514,487079.43,0
2044-02-03,8.2343,8.2343,8.2343,8.2343,55137500,0.00%,474613014,375415282514,454018.72,0
2044-02-04,8.2343,8.2343,8.2343,8.2343,47657500,0.00%,426955514,375415282514,392426.15,0
2044-02-05,8.2343,8.2343,8.2343,8.2343,85387500,0.00%,341568014,375415282514,703106.29,0
2044-02-08,8.2343,8.2343,8.2343,8.2343,56265000,0.00%,285303014,375415282514,463302.89,0
2044-02-09,8.2343,8.2343,8.2343,8.2343,79365000,0.00%,205938014,375415282514,653515.22,0
2044-02-10,8.2343,8.2343,8.2343,8.2343,72435000,0.00%,133503014,375415282514,596451.52,0
2044-02-11,8.2343,8.2343,8.2343,8.2343,49252500,0.00%,84250514,375415282514,405559.86,0
2044-02-12,8.2343,8.2343,8.2343,8.2343,18507500,0.00%,65743014,375415282514,152396.31,0
2044-02-17,8.2343,8.2343,8.2343,8.2343,31817500,0.00%,33925514,375415282514,261994.84,0
2044-02-18,8.2343,8.2425,8.2425,8.2343,34567500,0.10%,785462514,376201387014,284922.62,786104499
2044-02-19,8.2425,8.2425,8.2425,8.2425,47355000,0.00%,738107514,376201387014,390323.59,0
2044-02-22,8.2425,8.2425,8.2425,8.2425,42405000,0.00%,695702514,376201387014,349523.21,0
2044-02-23,8.2425,8.2425,8.2425,8.2425,43367500,0.00%,652335014,376201387014,357456.62,0
2044-02-24,8.2425,8.2425,8.2425,8.2425,65862500,0.00%,586472514,376201387014,542871.66,0
2044-02-25,8.2425,8.2425,8.2425,8.2425,34210000,0.00%,552262514,376201387014,281975.92,0
2044-02-26,8.2425,8.2425,8.2425,8.2425,36382500,0.00%,515880014,376201387014,299882.76,0
2044-02-29,8.2425,8.2425,8.2425,8.2425,34127500,0.00%,481752514,376201387014,281295.92,0
2044-03-01,8.2425,8.2425,8.2425,8.2425,64927500,0.00%,416825014,376201387014,535164.92,0
2044-03-02,8.2425,8.2425,8.2425,8.2425,71225000,0.00%,345600014,376201387014,587072.06,0
2044-03-03,8.2425,8.2425,8.2425,8.2425,81730000,0.00%,263870014,376201387014,673659.53,0
2044-03-04,8.2425,8.2425,8.2425,8.2425,76862500,0.00%,187007514,376201387014,633539.16,0
2044-03-07,8.2425,8.2425,8.2425,8.2425,38032500,0.00%,148975014,376201387014,313482.88,0
2044-03-08,8.2425,8.2425,8.2425,8.2425,71665000,0.00%,77310014,376201387014,590698.76,0
2044-03-09,8.2425,8.2425,8.2425,8.2425,64047500,0.00%,13262514,376201387014,527911.52,0
2044-03-10,8.2425,8.2507,8.2507,8.2425,47190000,0.10%,731573264,376966887764,389350.53,765500750
2044-03-11,8.2507,8.2507,8.2507,8.2507,34155000,0.00%,697418264,376966887764,281802.66,0
2044-03-14,8.2507,8.2507,8.2507,8.2507,49142500,0.00%,648275764,376966887764,405460.02,0
2044-03-15,8.2507,8.2507,8.2507,8.2507,100457500,0.00%,547818264,376966887764,828844.7,0
2044-03-16,8.2507,8.2507,8.2507,8.2507,55192500,0.00%,492625764,376966887764,455376.76,0
2044-03-17,8.2507,8.2507,8.2507,8.2507,39132500,0.00%,453493264,376966887764,322870.52,0
2044-03-18,8.2507,8.2507,8.2507,8.2507,80245000,0.00%,373248264,376966887764,662077.42,0
2044-03-21,8.2507,8.2507,8.2507,8.2507,53982500,0.00%,319265764,376966887764,445393.41,0
2044-03-22,8.2507,8.2507,8.2507,8.2507,43010000,0.00%,276255764,376966887764,354862.61,0
2044-03-23,8.2507,8.2507,8.2507,8.2507,42955000,0.00%,233300764,376966887764,354408.82,0
2044-03-24,8.2507,8.2507,8.2507,8.2507,101392500,0.00%,131908264,376966887764,836559.1,0
2044-03-25,8.2507,8.2507,8.2507,8.2507,72682500,0.00%,59225764,376966887764,599681.5,0
2044-03-28,8.2507,8.2507,8.2507,8.2507,58107500,0.00%,1118264,376966887764,479427.55,0
2044-03-29,8.2507,8.259,8.259,8.2507,93500000,0.10%,673417168,377732686668,772216.5,765798904
2044-03-30,8.259,8.259,8.259,8.259,106562500,0.00%,566854668,377732686668,880099.69,0
2044-03-31,8.259,8.259,8.259,8.259,82500000,0.00%,484354668,377732686668,681367.5,0
2044-04-05,8.259,8.259,8.259,8.259,73040000,0.00%,411314668,377732686668,603237.36,0
2044-04-06,8.259,8.259,8.259,8.259,54175000,0.00%,357139668,377732686668,447431.33,0
2044-04-08,8.259,8.259,8.259,8.259,37345000,0.00%,319794668,377732686668,308432.35,0
2044-04-11,8.259,8.259,8.259,8.259,59565000,0.00%,260229668,377732686668,491947.34,0
2044-04-12,8.259,8.259,8.259,8.259,49170000,0.00%,211059668,377732686668,406095.03,0
2044-04-13,8.259,8.259,8.259,8.259,68007500,0.00%,143052168,377732686668,561673.94,0
2044-04-14,8.259,8.259,8.259,8.259,51782500,0.00%,91269668,377732686668,427671.67,0
2044-04-15,8.259,8.259,8.259,8.259,63332500,0.00%,27937168,377732686668,523063.12,0
2044-04-18,8.259,8.2672,8.2672,8.259,50325000,0.10%,741414544,378496489044,416046.84,763802375
2044-04-19,8.2672,8.2672,8.2672,8.2672,54147500,0.00%,687267044,378496489044,447648.21,0
2044-04-20,8.2672,8.2672,8.2672,8.2672,39627500,0.00%,647639544,378496489044,327608.47,0
2044-04-21,8.2672,8.2672,8.2672,8.2672,52415000,0.00%,595224544,378496489044,433325.29,0
2044-04-22,8.2672,8.2672,8.2672,8.2672,53542500,0.00%,541682044,378496489044,442646.56,0
2044-04-25,8.2672,8.2672,8.2672,8.2672,113107500,0.00%,428574544,378496489044,935082.32,0
2044-04-26,8.2672,8.2672,8.2672,8.2672,120505000,0.00%,308069544,378496489044,996238.94,0
2044-04-27,8.2672,8.2672,8.2672,8.2672,114042500,0.00%,194027044,378496489044,942812.16,0
2044-04-28,8.2672,8.2672,8.2672,8.2672,76257500,0.00%,117769544,378496489044,630436.0,0
2044-04-29,8.2672,8.2672,8.2672,8.2672,81400000,0.00%,36369544,378496489044,672950.08,0
2044-05-02,8.2672,8.2755,8.2755,8.2672,69905000,0.10%,731714375,379261738874,578498.83,765249830
2044-05-03,8.2755,8.2755,8.2755,8.2755,43890000,0.00%,687824375,379261738874,363211.69,0
2044-05-05,8.2755,8.2755,8.2755,8.2755,61820000,0.00%,626004375,379261738874,511591.41,0
2044-05-06,8.2755,8.2755,8.2755,8.2755,64872500,0.00%,561131875,379261738874,536852.37,0
2044-05-09,8.2755,8.2755,8.2755,8.2755,72077500,0.00%,489054375,379261738874,596477.35,0
2044-05-10,8.2755,8.2755,8.2755,8.2755,53377500,0.00%,435676875,379261738874,441725.5,0
2044-05-11,8.2755,8.2755,8.2755,8.2755,55165000,0.00%,380511875,379261738874,456517.96,0
2044-05-12,8.2755,8.2755,8.2755,8.2755,44082500,0.00%,336429375,379261738874,364804.73,0
2044-05-13,8.2755,8.2755,8.2755,8.2755,43147500,0.00%,293281875,379261738874,357067.14,0
2044-05-16,8.2755,8.2755,8.2755,8.2755,56540000,0.00%,236741875,379261738874,467896.77,0
2044-05-17,8.2755,8.2755,8.2755,8.2755,59400000,0.00%,177341875,379261738874,491564.7,0
2044-05-19,8.2755,8.2755,8.2755,8.2755,160682500,0.00%,16659375,379261738874,1329728.03,0
2044-05-20,8.2755,8.2838,8.2838,8.2755,76780000,0.10%,711999281,380033858781,636030.16,772119906
2044-05-23,8.2838,8.2838,8.2838,8.2838,61407500,0.00%,650591781,380033858781,508687.45,0
2044-05-24,8.2838,8.2838,8.2838,8.2838,84370000,0.00%,566221781,380033858781,698904.21,0
2044-05-25,8.2838,8.2838,8.2838,8.2838,61517500,0.00%,504704281,380033858781,509598.67,0
2044-05-26,8.2838,8.2838,8.2838,8.2838,50380000,0.00%,454324281,380033858781,417337.84,0
2044-05-27,8.2838,8.2838,8.2838,8.2838,52635000,0.00%,401689281,380033858781,436017.81,0
2044-05-30,8.2838,8.2838,8.2838,8.2838,88357500,0.00%,313331781,380033858781,731935.86,0
2044-05-31,8.2838,8.2838,8.2838,8.2838,45677500,0.00%,267654281,380033858781,378383.27,0
2044-06-01,8.2838,8.2838,8.2838,8.2838,75295000,0.00%,192359281,380033858781,623728.72,0
2044-06-02,8.2838,8.2838,8.2838,8.2838,60527500,0.00%,131831781,380033858781,501397.7,0
2044-06-03,8.2838,8.2838,8.2838,8.2838,110110000,0.00%,21721781,380033858781,912129.22,0
2044-06-06,8.2838,8.2921,8.2921,8.2838,77357500,0.10%,723735078,380813229578,641456.13,779370797
2044-06-07,8.2921,8.2921,8.2921,8.2921,49610000,0.00%,674125078,380813229578,411371.08,0
2044-06-08,8.2921,8.2921,8.2921,8.2921,55577500,0.00%,618547578,380813229578,460854.19,0
2044-06-09,8.2921,8.2921,8.2921,8.2921,51947500,0.00%,566600078,380813229578,430753.86,0
2044-06-10,8.2921,8.2921,8.2921,8.2921,69437500,0.00%,497162578,380813229578,575782.69,0
2044-06-14,8.2921,8.2921,8.2921,8.2921,72875000,0.00%,424287578,380813229578,604286.79,0
2044-06-15,8.2921,8.2921,8.2921,8.2921,41140000,0.00%,383147578,380813229578,341136.99,0
2044-06-16,8.2921,8.2921,8.2921,8.2921,42185000,0.00%,340962578,380813229578,349802.24,0
2044-06-17,8.2921,8.2921,8.2921,8.2921,57365000,0.00%,283597578,380813229578,475676.32,0
2044-06-20,8.2921,8.2921,8.2921,8.2921,42020000,0.00%,241577578,380813229578,348434.04,0
2044-06-21,8.2921,8.2921,8.2921,8.2921,39270000,0.00%,202307578,380813229578,325630.77,0
2044-06-22,8.2921,8.2921,8.2921,8.2921,61352500,0.00%,140955078,380813229578,508741.07,0
2044-06-23,8.2921,8.2921,8.2921,8.2921,38637500,0.00%,102317578,380813229578,320386.01,0
2044-06-24,8.2921,8.2921,8.2921,8.2921,71115000,0.00%,31202578,380813229578,589692.69,0
2044-06-27,8.2921,8.3004,8.3004,8.2921,35530000,0.10%,764040190,381581597190,294913.21,768367611
2044-06-28,8.3004,8.3004,8.3004,8.3004,35172500,0.00%,728867690,381581597190,291945.82,0
2044-06-29,8.3004,8.3004,8.3004,8.3004,32697500,0.00%,696170190,381581597190,271402.33,0
2044-06-30,8.3004,8.3004,8.3004,8.3004,48152500,0.00%,648017690,381581597190,399685.01,0
2044-07-01,8.3004,8.3004,8.3004,8.3004,42790000,0.00%,605227690,381581597190,355174.12,0
2044-07-05,8.3004,8.3004,8.3004,8.3004,74992500,0.00%,530235190,381581597190,622467.75,0
2044-07-06,8.3004,8.3004,8.3004,8.3004,61215000,0.00%,469020190,381581597190,508108.99,0
2044-07-07,8.3004,8.3004,8.3004,8.3004,42460000,0.00%,426560190,381581597190,352434.98,0
2044-07-08,8.3004,8.3004,8.3004,8.3004,28930000,0.00%,397630190,381581597190,240130.57,0
2044-07-11,8.3004,8.3004,8.3004,8.3004,31955000,0.00%,365675190,381581597190,265239.28,0
2044-07-12,8.3004,8.3004,8.3004,8.3004,35805000,0.00%,329870190,381581597190,297195.82,0
2044-07-13,8.3004,8.3004,8.3004,8.3004,42872500,0.00%,286997690,381581597190,355858.9,0
2044-07-14,8.3004,8.3004,8.3004,8.3004,45622500,0.00%,241375190,381581597190,378685.0,0
2044-07-15,8.3004,8.3004,8.3004,8.3004,75680000,0.00%,165695190,381581597190,628174.27,0
2044-07-18,8.3004,8.3004,8.3004,8.3004,37620000,0.00%,128075190,381581597190,312261.05,0
2044-07-19,8.3004,8.3004,8.3004,8.3004,52415000,0.00%,75660190,381581597190,435065.47,0
2044-07-20,8.3004,8.3004,8.3004,8.3004,71115000,0.00%,4545190,381581597190,590282.95,0
2044-07-21,8.3004,8.3087,8.3087,8.3004,52085000,0.10%,719876788,382349013788,432758.64,767416598
2044-07-22,8.3087,8.3087,8.3087,8.3087,63497500,0.00%,656379288,382349013788,527581.68,0
2044-07-25,8.3087,8.3087,8.3087,8.3087,46640000,0.00%,609739288,382349013788,387517.77,0
2044-07-26,8.3087,8.3087,8.3087,8.3087,33275000,0.00%,576464288,382349013788,276471.99,0
2044-07-27,8.3087,8.3087,8.3087,8.3087,32450000,0.00%,544014288,382349013788,269617.32,0
2044-07-28,8.3087,8.3087,8.3087,8.3087,70922500,0.00%,473091788,382349013788,589273.78,0
2044-07-29,8.3087,8.3087,8.3087,8.3087,36492500,0.00%,436599288,382349013788,303205.23,0
2044-08-01,8.3087,8.3087,8.3087,8.3087,35392500,0.00%,401206788,382349013788,294065.66,0
2044-08-02,8.3087,8.3087,8.3087,8.3087,26812500,0.00%,374394288,382349013788,222777.02,0
2044-08-03,8.3087,8.3087,8.3087,8.3087,55825000,0.00%,318569288,382349013788,463833.18,0
2044-08-04,8.3087,8.3087,8.3087,8.3087,34127500,0.00%,284441788,382349013788,283555.16,0
2044-08-05,8.3087,8.3087,8.3087,8.3087,48702500,0.00%,235739288,382349013788,404654.46,0
2044-08-08,8.3087,8.3087,8.3087,8.3087,63140000,0.00%,172599288,382349013788,524611.32,0
2044-08-09,8.3087,8.3087,8.3087,8.3087,48592500,0.00%,124006788,382349013788,403740.5,0
2044-08-10,8.3087,8.3087,8.3087,8.3087,43560000,0.00%,80446788,382349013788,361926.97,0
2044-08-11,8.3087,8.3087,8.3087,8.3087,51727500,0.00%,28719288,382349013788,429788.28,0
2044-08-12,8.3087,8.317,8.317,8.3087,44962500,0.10%,751854366,383117111366,373953.11,768097577
2044-08-15,8.317,8.317,8.317,8.317,28105000,0.00%,723749366,383117111366,233749.29,0
2044-08-16,8.317,8.317,8.317,8.317,37372500,0.00%,686376866,383117111366,310827.08,0
2044-08-17,8.317,8.317,8.317,8.317,51397500,0.00%,634979366,383117111366,427473.01,0
2044-08-18,8.317,8.317,8.317,8.317,58960000,0.00%,576019366,383117111366,490370.32,0
2044-08-19,8.317,8.317,8.317,8.317,45127500,0.00%,530891866,383117111366,375325.42,0
2044-08-22,8.317,8.317,8.317,8.317,41827500,0.00%,489064366,383117111366,347879.32,0
2044-08-23,8.317,8.317,8.317,8.317,32587500,0.00%,456476866,383117111366,271030.24,0
2044-08-24,8.317,8.317,8.317,8.317,32037500,0.00%,424439366,383117111366,266455.89,0
2044-08-25,8.317,8.317,8.317,8.317,46172500,0.00%,378266866,383117111366,384016.68,0
2044-08-26,8.317,8.317,8.317,8.317,35915000,0.00%,342351866,383117111366,298705.05,0
2044-08-29,8.317,8.317,8.317,8.317,44687500,0.00%,297664366,383117111366,371665.94,0
2044-08-30,8.317,8.317,8.317,8.317,37620000,0.00%,260044366,383117111366,312885.54,0
2044-08-31,8.317,8.317,8.317,8.317,40150000,0.00%,219894366,383117111366,333927.55,0
2044-09-01,8.317,8.317,8.317,8.317,35447500,0.00%,184446866,383117111366,294816.86,0
2044-09-02,8.317,8.317,8.317,8.317,84892500,0.00%,99554366,383117111366,706050.92,0
2044-09-05,8.317,8.317,8.317,8.317,38170000,0.00%,61384366,383117111366,317459.89,0
2044-09-06,8.317,8.317,8.317,8.317,26977500,0.00%,34406866,383117111366,224371.87,0
2044-09-07,8.317,8.3253,8.3253,8.317,36520000,0.10%,753883115,383873107615,304039.96,755996248
2044-09-08,8.3253,8.3253,8.3253,8.3253,26345000,0.00%,727538115,383873107615,219330.03,0
2044-09-12,8.3253,8.3253,8.3253,8.3253,55220000,0.00%,672318115,383873107615,459723.07,0
2044-09-13,8.3253,8.3253,8.3253,8.3253,33825000,0.00%,638493115,383873107615,281603.27,0
2044-09-14,8.3253,8.3253,8.3253,8.3253,33110000,0.00%,605383115,383873107615,275650.68,0
2044-09-15,8.3253,8.3253,8.3253,8.3253,37950000,0.00%,567433115,383873107615,315945.14,0
2044-09-16,8.3253,8.3253,8.3253,8.3253,30277500,0.00%,537155615,383873107615,252069.27,0
2044-09-19,8.3253,8.3253,8.3253,8.3253,21147500,0.00%,516008115,383873107615,176059.28,0
2044-09-20,8.3253,8.3253,8.3253,8.3253,27912500,0.00%,488095615,383873107615,232379.94,0
2044-09-22,8.3253,8.3253,8.3253,8.3253,70950000,0.00%,417145615,383873107615,590680.04,0
2044-09-23,8.3253,8.3253,8.3253,8.3253,78127500,0.00%,339018115,383873107615,650434.88,0
2044-09-26,8.3253,8.3253,8.3253,8.3253,41855000,0.00%,297163115,383873107615,348455.43,0
2044-09-27,8.3253,8.3253,8.3253,8.3253,118030000,0.00%,179133115,383873107615,982635.16,0
2044-09-28,8.3253,8.3253,8.3253,8.3253,110302500,0.00%,68830615,383873107615,918301.4,0
2044-09-29,8.3253,8.3336,8.3336,8.3253,138187500,0.10%,699089108,384641553608,1151599.35,768445993
2044-09-30,8.3336,8.3336,8.3336,8.3336,157162500,0.00%,541926608,384641553608,1309729.41,0
2044-10-03,8.3336,8.3336,8.3336,8.3336,207515000,0.00%,334411608,384641553608,1729347.0,0
2044-10-05,8.3336,8.3336,8.3336,8.3336,134117500,0.00%,200294108,384641553608,1117681.6,0
2044-10-06,8.3336,8.3336,8.3336,8.3336,86900000,0.00%,113394108,384641553608,724189.84,0
2044-10-07,8.3336,8.3336,8.3336,8.3336,67815000,0.00%,45579108,384641553608,565143.08,0
2044-10-10,8.3336,8.342,8.342,8.3336,69657500,0.10%,764878956,385430510956,581082.86,788957348
2044-10-11,8.342,8.342,8.342,8.342,193792500,0.00%,571086456,385430510956,1616617.04,0
2044-10-12,8.342,8.342,8.342,8.342,127517500,0.00%,443568956,385430510956,1063750.99,0
2044-10-13,8.342,8.342,8.342,8.342,91052500,0.00%,352516456,385430510956,759559.95,0
2044-10-17,8.342,8.342,8.342,8.342,83380000,0.00%,269136456,385430510956,695555.96,0
2044-10-18,8.342,8.342,8.342,8.342,92069999,0.00%,177066456,385430510956,768047.94,0
2044-10-19,8.342,8.342,8.342,8.342,61847500,0.00%,115218956,385430510956,515931.85,0
2044-10-20,8.342,8.342,8.342,8.342,45320000,0.00%,69898956,385430510956,378059.44,0
2044-10-21,8.342,8.3503,8.3503,8.342,71390000,0.10%,806917843,386238919843,596127.92,808408887
2044-10-24,8.3503,8.3503,8.3503,8.3503,44907499,0.00%,762010343,386238919843,374991.1,0
2044-10-25,8.3503,8.3503,8.3503,8.3503,30332500,0.00%,731677843,386238919843,253285.47,0
2044-10-26,8.3503,8.3503,8.3503,8.3503,40315000,0.00%,691362843,386238919843,336642.34,0
2044-10-27,8.3503,8.3503,8.3503,8.3503,30800000,0.00%,660562843,386238919843,257189.24,0
2044-10-28,8.3503,8.3503,8.3503,8.3503,32862500,0.00%,627700343,386238919843,274411.73,0
2044-10-31,8.3503,8.3503,8.3503,8.3503,42762500,0.00%,584937843,386238919843,357079.7,0
2044-11-01,8.3503,8.3503,8.3503,8.3503,37950000,0.00%,546987843,386238919843,316893.89,0
2044-11-02,8.3503,8.3503,8.3503,8.3503,49225000,0.00%,497762843,386238919843,411043.52,0
2044-11-03,8.3503,8.3503,8.3503,8.3503,62562500,0.00%,435200343,386238919843,522415.64,0
2044-11-04,8.3503,8.3503,8.3503,8.3503,57997500,0.00%,377202843,386238919843,484296.52,0
2044-11-07,8.3503,8.3503,8.3503,8.3503,32202500,0.00%,345000343,386238919843,268900.54,0
2044-11-08,8.3503,8.3503,8.3503,8.3503,41992500,0.00%,303007843,386238919843,350649.97,0
2044-11-09,8.3503,8.3503,8.3503,8.3503,57090000,0.00%,245917843,386238919843,476718.63,0
2044-11-10,8.3503,8.3503,8.3503,8.3503,54780000,0.00%,191137843,386238919843,457429.43,0
2044-11-11,8.3503,8.3503,8.3503,8.3503,53322500,0.00%,137815343,386238919843,445258.87,0
2044-11-14,8.3503,8.3503,8.3503,8.3503,62865000,0.00%,74950343,386238919843,524941.61,0
2044-11-15,8.3503,8.3586,8.3586,8.3503,75075000,0.10%,808084907,387047129407,627521.89,808209563
2044-11-16,8.3586,8.3586,8.3586,8.3586,77852500,0.00%,730232407,387047129407,650737.91,0
2044-11-17,8.3586,8.3586,8.3586,8.3586,95975000,0.00%,634257407,387047129407,802216.63,0
2044-11-18,8.3586,8.3586,8.3586,8.3586,79915000,0.00%,554342407,387047129407,667977.52,0
2044-11-21,8.3586,8.3586,8.3586,8.3586,56347500,0.00%,497994907,387047129407,470986.21,0
2044-11-22,8.3586,8.3586,8.3586,8.3586,38170000,0.00%,459824907,387047129407,319047.76,0
2044-11-23,8.3586,8.3586,8.3586,8.3586,41277500,0.00%,418547407,387047129407,345022.11,0
2044-11-24,8.3586,8.3586,8.3586,8.3586,34375000,0.00%,384172407,387047129407,287326.88,0
2044-11-25,8.3586,8.3586,8.3586,8.3586,46612500,0.00%,337559907,387047129407,389615.24,0
2044-11-28,8.3586,8.3586,8.3586,8.3586,76697500,0.00%,260862407,387047129407,641083.72,0
2044-11-29,8.3586,8.3586,8.3586,8.3586,46585000,0.00%,214277407,387047129407,389385.38,0
2044-11-30,8.3586,8.3586,8.3586,8.3586,45897500,0.00%,168379907,387047129407,383638.84,0
2044-12-01,8.3586,8.3586,8.3586,8.3586,35942500,0.00%,132437407,387047129407,300428.98,0
2044-12-02,8.3586,8.3586,8.3586,8.3586,42982500,0.00%,89454907,387047129407,359273.52,0
2044-12-05,8.3586,8.3586,8.3586,8.3586,36657500,0.00%,52797407,387047129407,306405.38,0
2044-12-06,8.3586,8.3586,8.3586,8.3586,50490000,0.00%,2307407,387047129407,422025.71,0
2044-12-07,8.3586,8.367,8.367,8.3586,38637500,0.10%,775890950,387859350450,323279.96,812221043
2044-12-08,8.367,8.367,8.367,8.367,36602500,0.00%,739288450,387859350450,306253.12,0
2044-12-09,8.367,8.367,8.367,8.367,76202500,0.00%,663085950,387859350450,637586.32,0
2044-12-12,8.367,8.367,8.367,8.367,61765000,0.00%,601320950,387859350450,516787.76,0
2044-12-13,8.367,8.367,8.367,8.367,83270000,0.00%,518050950,387859350450,696720.09,0
2044-12-14,8.367,8.367,8.367,8.367,36025000,0.00%,482025950,387859350450,301421.18,0
2044-12-15,8.367,8.367,8.367,8.367,64377500,0.00%,417648450,387859350450,538646.54,0
2044-12-16,8.367,8.367,8.367,8.367,44825000,0.00%,372823450,387859350450,375050.78,0
2044-12-19,8.367,8.367,8.367,8.367,38665000,0.00%,334158450,387859350450,323510.06,0
2044-12-20,8.367,8.367,8.367,8.367,46145000,0.00%,288013450,387859350450,386095.22,0
2044-12-21,8.367,8.367,8.367,8.367,41002500,0.00%,247010950,387859350450,343067.92,0
2044-12-22,8.367,8.367,8.367,8.367,95342500,0.00%,151668450,387859350450,797730.7,0
2044-12-23,8.367,8.367,8.367,8.367,123282500,0.00%,28385950,387859350450,1031504.68,0
2044-12-26,8.367,8.3754,8.3754,8.367,57365000,0.10%,798297749,388686627249,480454.82,827276798
2044-12-27,8.3754,8.3754,8.3754,8.3754,21642500,0.00%,776655249,388686627249,181264.59,0
2044-12-30,8.3754,8.3754,8.3754,8.3754,37262500,0.00%,739392749,388686627249,312088.34,0
2045-01-02,8.3754,8.3754,8.3754,8.3754,37856000,0.00%,701536749,388686627249,317059.14,0
2045-01-03,8.3754,8.3754,8.3754,8.3754,30435999,0.00%,671100749,388686627249,254913.67,0
2045-01-05,8.3754,8.3754,8.3754,8.3754,58044000,0.00%,613056749,388686627249,486141.72,0
2045-01-06,8.3754,8.3754,8.3754,8.3754,47152000,0.00%,565904749,388686627249,394916.86,0
2045-01-09,8.3754,8.3754,8.3754,8.3754,47236000,0.00%,518668749,388686627249,395620.39,0
2045-01-10,8.3754,8.3754,8.3754,8.3754,400176000,0.00%,118492749,388686627249,3351634.07,0
2045-01-11,8.3754,8.3837,8.3837,8.3754,267287999,0.10%,710411827,389545834327,2240862.41,859207077
2045-01-12,8.3837,8.3837,8.3837,8.3837,169624000,0.00%,540787827,389545834327,1422076.73,0
2045-01-13,8.3837,8.3837,8.3837,8.3837,103740000,0.00%,437047827,389545834327,869725.04,0
2045-01-16,8.3837,8.3837,8.3837,8.3837,97412000,0.00%,339635827,389545834327,816672.98,0
2045-01-17,8.3837,8.3837,8.3837,8.3837,113736000,0.00%,225899827,389545834327,953528.5,0
2045-01-18,8.3837,8.3837,8.3837,8.3837,81648000,0.00%,144251827,389545834327,684512.34,0
2045-01-19,8.3837,8.3837,8.3837,8.3837,73192000,0.00%,71059827,389545834327,613619.77,0
2045-01-20,8.3837,8.3837,8.3837,8.3837,47992000,0.00%,23067827,389545834327,402350.53,0
2045-01-23,8.3837,8.3921,8.3921,8.3837,87192000,0.10%,816624640,390426583140,731723.98,880748813
2045-01-24,8.3921,8.3921,8.3921,8.3921,70700000,0.00%,745924640,390426583140,593321.47,0
2045-01-25,8.3921,8.3921,8.3921,8.3921,50008000,0.00%,695916640,390426583140,419672.14,0
2045-01-26,8.3921,8.3921,8.3921,8.3921,59527999,0.00%,636388640,390426583140,499564.93,0
2045-01-27,8.3921,8.3921,8.3921,8.3921,67424000,0.00%,568964640,390426583140,565828.95,0
2045-01-30,8.3921,8.3921,8.3921,8.3921,66107999,0.00%,502856640,390426583140,554784.95,0
2045-01-31,8.3921,8.3921,8.3921,8.3921,39760000,0.00%,463096640,390426583140,333669.9,0
2045-02-06,8.3921,8.3921,8.3921,8.3921,78176000,0.00%,384920640,390426583140,656060.81,0
2045-02-07,8.3921,8.3921,8.3921,8.3921,87584000,0.00%,297336640,390426583140,735013.69,0
2045-02-08,8.3921,8.3921,8.3921,8.3921,89964000,0.00%,207372640,390426583140,754986.88,0
2045-02-09,8.3921,8.3921,8.3921,8.3921,54852000,0.00%,152520640,390426583140,460323.47,0
2045-02-10,8.3921,8.3921,8.3921,8.3921,96796000,0.00%,55724640,390426583140,812321.71,0
2045-02-13,8.3921,8.4005,8.4005,8.3921,87948000,0.10%,863371078,391322177578,738807.17,895594438
2045-02-14,8.4005,8.4005,8.4005,8.4005,86492000,0.00%,776879078,391322177578,726576.05,0
2045-02-15,8.4005,8.4005,8.4005,8.4005,107128000,0.00%,669751078,391322177578,899928.76,0
2045-02-16,8.4005,8.4005,8.4005,8.4005,170772000,0.00%,498979078,391322177578,1434570.19,0
2045-02-17,8.4005,8.4005,8.4005,8.4005,208656000,0.00%,290323078,391322177578,1752814.73,0
2045-02-20,8.4005,8.4089,8.4089,8.4005,353416000,0.10%,864659904,392249930404,2971839.8,927752826
2045-02-21,8.4089,8.4089,8.4089,8.4089,175084000,0.00%,689575904,392249930404,1472263.85,0
2045-02-22,8.4089,8.4089,8.4089,8.4089,95564000,0.00%,594011904,392249930404,803588.12,0
2045-02-23,8.4089,8.4089,8.4089,8.4089,96740000,0.00%,497271904,392249930404,813476.99,0
2045-02-24,8.4089,8.4089,8.4089,8.4089,205940000,0.00%,291331904,392249930404,1731728.87,0
2045-02-27,8.4089,8.4089,8.4089,8.4089,189112000,0.00%,102219904,392249930404,1590223.9,0
2045-02-28,8.4089,8.4173,8.4173,8.4089,158228000,0.10%,903022478,393208960978,1331852.54,959030573
2045-03-01,8.4173,8.4173,8.4173,8.4173,113372000,0.00%,789650478,393208960978,954286.14,0
2045-03-02,8.4173,8.4173,8.4173,8.4173,108920000,0.00%,680730478,393208960978,916812.32,0
2045-03-03,8.4173,8.4173,8.4173,8.4173,146048000,0.00%,534682478,393208960978,1229329.83,0
2045-03-06,8.4173,8.4173,8.4173,8.4173,91700000,0.00%,442982478,393208960978,771866.41,0
2045-03-07,8.4173,8.4173,8.4173,8.4173,87136000,0.00%,355846478,393208960978,733449.85,0
2045-03-08,8.4173,8.4173,8.4173,8.4173,98476000,0.00%,257370478,393208960978,828902.03,0
2045-03-09,8.4173,8.4173,8.4173,8.4173,223104000,0.00%,34266478,393208960978,1877933.3,0
2045-03-10,8.4173,8.4257,8.4257,8.4173,130171999,0.10%,894519683,394199386183,1096790.22,990425204
2045-03-13,8.4257,8.4257,8.4257,8.4257,96376000,0.00%,798143683,394199386183,812035.26,0
2045-03-14,8.4257,8.4257,8.4257,8.4257,94780000,0.00%,703363683,394199386183,798587.85,0
2045-03-15,8.4257,8.4257,8.4257,8.4257,78484000,0.00%,624879683,394199386183,661282.64,0
2045-03-16,8.4257,8.4257,8.4257,8.4257,76524000,0.00%,548355683,394199386183,644768.27,0
2045-03-17,8.4257,8.4257,8.4257,8.4257,85988000,0.00%,462367683,394199386183,724509.09,0
2045-03-20,8.4257,8.4257,8.4257,8.4257,61879999,0.00%,400487683,394199386183,521382.32,0
2045-03-21,8.4257,8.4257,8.4257,8.4257,94192000,0.00%,306295683,394199386183,793633.53,0
2045-03-22,8.4257,8.4257,8.4257,8.4257,88480000,0.00%,217815683,394199386183,745505.94,0
2045-03-23,8.4257,8.4257,8.4257,8.4257,139580000,0.00%,78235683,394199386183,1176059.21,0
2045-03-24,8.4257,8.4342,8.4342,8.4257,118327999,0.10%,948045441,395187523941,998002.02,988137757
2045-03-27,8.4342,8.4342,8.4342,8.4342,68880000,0.00%,879165441,395187523941,580947.7,0
2045-03-28,8.4342,8.4342,8.4342,8.4342,77672000,0.00%,801493441,395187523941,655101.18,0
2045-03-29,8.4342,8.4342,8.4342,8.4342,48468000,0.00%,753025441,395187523941,408788.81,0
2045-03-30,8.4342,8.4342,8.4342,8.4342,49280000,0.00%,703745441,395187523941,415637.38,0
2045-03-31,8.4342,8.4342,8.4342,8.4342,52052000,0.00%,651693441,395187523941,439016.98,0
2045-04-03,8.4342,8.4342,8.4342,8.4342,78512000,0.00%,573181441,395187523941,662185.91,0
2045-04-04,8.4342,8.4342,8.4342,8.4342,54656000,0.00%,518525441,395187523941,460979.64,0
2045-04-05,8.4342,8.4342,8.4342,8.4342,39900000,0.00%,478625441,395187523941,336524.58,0
2045-04-06,8.4342,8.4342,8.4342,8.4342,81816000,0.00%,396809441,395187523941,690052.51,0
2045-04-10,8.4342,8.4342,8.4342,8.4342,345408000,0.00%,51401441,395187523941,2913240.15,0
2045-04-11,8.4342,8.4426,8.4426,8.4342,182336000,0.10%,880684016,396199142516,1539389.91,1011618574
2045-04-12,8.4426,8.4426,8.4426,8.4426,186144000,0.00%,694540016,396199142516,1571539.33,0
2045-04-13,8.4426,8.4426,8.4426,8.4426,161840000,0.00%,532700016,396199142516,1366350.38,0
2045-04-14,8.4426,8.4426,8.4426,8.4426,130451999,0.00%,402248016,396199142516,1101354.06,0
2045-04-17,8.4426,8.4426,8.4426,8.4426,84980000,0.00%,317268016,396199142516,717452.15,0
2045-04-18,8.4426,8.4426,8.4426,8.4426,56700000,0.00%,260568016,396199142516,478695.42,0
2045-04-19,8.4426,8.4426,8.4426,8.4426,76496000,0.00%,184072016,396199142516,645825.13,0
2045-04-20,8.4426,8.4426,8.4426,8.4426,68544000,0.00%,115528016,396199142516,578689.57,0
2045-04-25,8.4426,8.4426,8.4426,8.4426,67312000,0.00%,48216016,396199142516,568288.29,0
2045-04-26,8.4426,8.4511,8.4511,8.4426,75600000,0.10%,992202234,397218728734,638903.16,1019586217
2045-04-27,8.4511,8.4511,8.4511,8.4511,52948000,0.00%,939254234,397218728734,447468.84,0
2045-04-28,8.4511,8.4511,8.4511,8.4511,80500000,0.00%,858754234,397218728734,680313.55,0
2045-05-01,8.4511,8.4511,8.4511,8.4511,38668000,0.00%,820086234,397218728734,326787.13,0
2045-05-02,8.4511,8.4511,8.4511,8.4511,45836000,0.00%,774250234,397218728734,387364.62,0
2045-05-03,8.4511,8.4511,8.4511,8.4511,42868000,0.00%,731382234,397218728734,362281.75,0
2045-05-05,8.4511,8.4511,8.4511,8.4511,37072000,0.00%,694310234,397218728734,313299.18,0
2045-05-09,8.4511,8.4511,8.4511,8.4511,55468000,0.00%,638842234,397218728734,468765.61,0
2045-05-10,8.4511,8.4511,8.4511,8.4511,71736000,0.00%,567106234,397218728734,606248.11,0
2045-05-11,8.4511,8.4511,8.4511,8.4511,55496000,0.00%,511610234,397218728734,469002.25,0
2045-05-12,8.4511,8.4511,8.4511,8.4511,38584000,0.00%,473026234,397218728734,326077.24,0
2045-05-15,8.4511,8.4511,8.4511,8.4511,100380000,0.00%,372646234,397218728734,848321.42,0
2045-05-16,8.4511,8.4511,8.4511,8.4511,64735999,0.00%,307910234,397218728734,547090.41,0
2045-05-17,8.4511,8.4511,8.4511,8.4511,68012000,0.00%,239898234,397218728734,574776.21,0
2045-05-18,8.4511,8.4511,8.4511,8.4511,91839999,0.00%,148058234,397218728734,776149.02,0
2045-05-19,8.4511,8.4511,8.4511,8.4511,59723999,0.00%,88334234,397218728734,504733.5,0
2045-05-22,8.4511,8.4511,8.4511,8.4511,62887999,0.00%,25446234,397218728734,531472.78,0
2045-05-23,8.4511,8.4595,8.4595,8.4511,44212000,0.10%,1008043640,398245538140,374011.41,1026809406
2045-05-24,8.4595,8.4595,8.4595,8.4595,52976000,0.00%,955067640,398245538140,448150.47,0
2045-05-25,8.4595,8.4595,8.4595,8.4595,39984000,0.00%,915083640,398245538140,338244.65,0
2045-05-26,8.4595,8.4595,8.4595,8.4595,45528000,0.00%,869555640,398245538140,385144.12,0
2045-05-29,8.4595,8.4595,8.4595,8.4595,48412000,0.00%,821143640,398245538140,409541.31,0
2045-05-30,8.4595,8.4595,8.4595,8.4595,41972000,0.00%,779171640,398245538140,355062.13,0
2045-05-31,8.4595,8.4595,8.4595,8.4595,47068000,0.00%,732103640,398245538140,398171.75,0
2045-06-01,8.4595,8.4595,8.4595,8.4595,54236000,0.00%,677867640,398245538140,458809.44,0
2045-06-02,8.4595,8.4595,8.4595,8.4595,79184000,0.00%,598683640,398245538140,669857.05,0
2045-06-05,8.4595,8.4595,8.4595,8.4595,36652000,0.00%,562031640,398245538140,310057.59,0
2045-06-06,8.4595,8.4595,8.4595,8.4595,40908000,0.00%,521123640,398245538140,346061.23,0
2045-06-07,8.4595,8.4595,8.4595,8.4595,51464000,0.00%,469659640,398245538140,435359.71,0
2045-06-08,8.4595,8.4595,8.4595,8.4595,54124000,0.00%,415535640,398245538140,457861.98,0
2045-06-09,8.4595,8.4595,8.4595,8.4595,36792000,0.00%,378743640,398245538140,311241.92,0
2045-06-12,8.4595,8.4595,8.4595,8.4595,51744000,0.00%,326999640,398245538140,437728.37,0
2045-06-13,8.4595,8.4595,8.4595,8.4595,47712000,0.00%,279287640,398245538140,403619.66,0
2045-06-14,8.4595,8.4595,8.4595,8.4595,41384000,0.00%,237903640,398245538140,350087.95,0
2045-06-15,8.4595,8.4595,8.4595,8.4595,37436000,0.00%,200467640,398245538140,316689.84,0
2045-06-16,8.4595,8.4595,8.4595,8.4595,53452000,0.00%,147015640,398245538140,452177.19,0
2045-06-19,8.4595,8.4595,8.4595,8.4595,38584000,0.00%,108431640,398245538140,326401.35,0
2045-06-20,8.4595,8.4595,8.4595,8.4595,32255999,0.00%,76175640,398245538140,272869.63,0
2045-06-21,8.4595,8.4595,8.4595,8.4595,42532000,0.00%,33643640,398245538140,359799.45,0
2045-06-22,8.4595,8.468,8.468,8.4595,54292000,0.10%,989714687,399255901187,459744.66,1010363047
2045-06-23,8.468,8.468,8.468,8.468,57736000,0.00%,931978687,399255901187,488908.45,0
2045-06-26,8.468,8.468,8.468,8.468,39900000,0.00%,892078687,399255901187,337873.2,0
2045-06-27,8.468,8.468,8.468,8.468,49756000,0.00%,842322687,399255901187,421333.81,0
2045-06-28,8.468,8.468,8.468,8.468,49252000,0.00%,793070687,399255901187,417065.94,0
2045-06-29,8.468,8.468,8.468,8.468,42000000,0.00%,751070687,399255901187,355656.0,0
2045-06-30,8.468,8.468,8.468,8.468,42504000,0.00%,708566687,399255901187,359923.87,0
2045-07-03,8.468,8.468,8.468,8.468,51688000,0.00%,656878687,399255901187,437693.98,0
2045-07-05,8.468,8.468,8.468,8.468,50960000,0.00%,605918687,399255901187,431529.28,0
2045-07-06,8.468,8.468,8.468,8.468,53088000,0.00%,552830687,399255901187,449549.18,0
2045-07-07,8.468,8.468,8.468,8.468,41048000,0.00%,511782687,399255901187,347594.46,0
2045-07-10,8.468,8.468,8.468,8.468,32563999,0.00%,479218687,399255901187,275751.95,0
2045-07-11,8.468,8.468,8.468,8.468,36876000,0.00%,442342687,399255901187,312265.97,0
2045-07-12,8.468,8.468,8.468,8.468,49896000,0.00%,392446687,399255901187,422519.33,0
2045-07-13,8.468,8.468,8.468,8.468,39284000,0.00%,353162687,399255901187,332656.91,0
2045-07-14,8.468,8.468,8.468,8.468,53844000,0.00%,299318687,399255901187,455950.99,0
2045-07-17,8.468,8.468,8.468,8.468,32759999,0.00%,266558687,399255901187,277411.68,0
2045-07-18,8.468,8.468,8.468,8.468,76860000,0.00%,189698687,399255901187,650850.48,0
2045-07-19,8.468,8.468,8.468,8.468,65099999,0.00%,124598687,399255901187,551266.8,0
2045-07-20,8.468,8.468,8.468,8.468,38472000,0.00%,86126687,399255901187,325780.9,0
2045-07-21,8.468,8.468,8.468,8.468,38584000,0.00%,47542687,399255901187,326729.31,0
2045-07-24,8.468,8.468,8.468,8.468,37156000,0.00%,10386687,399255901187,314637.01,0
2045-07-25,8.468,8.4764,8.4764,8.468,49280000,0.10%,948588889,400243383389,417716.99,987482201
2045-07-26,8.4764,8.4764,8.4764,8.4764,130871999,0.00%,817716889,400243383389,1109323.42,0
2045-07-27,8.4764,8.4764,8.4764,8.4764,67704000,0.00%,750012889,400243383389,573886.19,0
2045-07-28,8.4764,8.4764,8.4764,8.4764,55692000,0.00%,694320889,400243383389,472067.67,0
2045-07-31,8.4764,8.4764,8.4764,8.4764,41048000,0.00%,653272889,400243383389,347939.27,0
2045-08-01,8.4764,8.4764,8.4764,8.4764,47180000,0.00%,606092889,400243383389,399916.55,0
2045-08-02,8.4764,8.4764,8.4764,8.4764,54208000,0.00%,551884889,400243383389,459488.69,0
2045-08-03,8.4764,8.4764,8.4764,8.4764,57260000,0.00%,494624889,400243383389,485358.66,0
2045-08-04,8.4764,8.4764,8.4764,8.4764,59359999,0.00%,435264889,400243383389,503159.1,0
2045-08-07,8.4764,8.4764,8.4764,8.4764,48552000,0.00%,386712889,400243383389,411546.17,0
2045-08-08,8.4764,8.4764,8.4764,8.4764,48580000,0.00%,338132889,400243383389,411783.51,0
2045-08-09,8.4764,8.4764,8.4764,8.4764,58072000,0.00%,280060889,400243383389,492241.5,0
2045-08-10,8.4764,8.4764,8.4764,8.4764,47432000,0.00%,232628889,400243383389,402052.6,0
2045-08-11,8.4764,8.4764,8.4764,8.4764,37268000,0.00%,195360889,400243383389,315898.48,0
2045-08-14,8.4764,8.4764,8.4764,8.4764,33011999,0.00%,162348889,400243383389,279822.92,0
2045-08-15,8.4764,8.4764,8.4764,8.4764,38724000,0.00%,123624889,400243383389,328240.11,0
2045-08-16,8.4764,8.4764,8.4764,8.4764,105280000,0.00%,18344889,400243383389,892395.39,0
2045-08-17,8.4764,8.4849,8.4849,8.4764,101752000,0.10%,899177258,401225967758,863355.54,982584369
2045-08-18,8.4849,8.4849,8.4849,8.4849,62103999,0.00%,837073258,401225967758,526946.23,0
2045-08-21,8.4849,8.4849,8.4849,8.4849,49252000,0.00%,787821258,401225967758,417898.29,0
2045-08-22,8.4849,8.4849,8.4849,8.4849,45808000,0.00%,742013258,401225967758,388676.3,0
2045-08-23,8.4849,8.4849,8.4849,8.4849,44660000,0.00%,697353258,401225967758,378935.63,0
2045-08-24,8.4849,8.4849,8.4849,8.4849,40012000,0.00%,657341258,401225967758,339497.82,0
2045-08-25,8.4849,8.4849,8.4849,8.4849,54264000,0.00%,603077258,401225967758,460424.61,0
2045-08-28,8.4849,8.4849,8.4849,8.4849,71932000,0.00%,531145258,401225967758,610335.83,0
2045-08-29,8.4849,8.4849,8.4849,8.4849,57848000,0.00%,473297258,401225967758,490834.5,0
2045-08-30,8.4849,8.4849,8.4849,8.4849,59527999,0.00%,413769258,401225967758,505089.13,0
2045-08-31,8.4849,8.4849,8.4849,8.4849,60787999,0.00%,352981258,401225967758,515780.1,0
2045-09-01,8.4849,8.4849,8.4849,8.4849,51044000,0.00%,301937258,401225967758,433103.24,0
2045-09-04,8.4849,8.4849,8.4849,8.4849,44688000,0.00%,257249258,401225967758,379173.21,0
2045-09-05,8.4849,8.4849,8.4849,8.4849,41468000,0.00%,215781258,401225967758,351851.83,0
2045-09-06,8.4849,8.4849,8.4849,8.4849,43456000,0.00%,172325258,401225967758,368719.81,0
2045-09-07,8.4849,8.4849,8.4849,8.4849,50400000,0.00%,121925258,401225967758,427638.96,0
2045-09-08,8.4849,8.4849,8.4849,8.4849,53340000,0.00%,68585258,401225967758,452584.57,0
2045-09-11,8.4849,8.4849,8.4849,8.4849,61095999,0.00%,7489258,401225967758,518393.45,0
2045-09-12,8.4849,8.4934,8.4934,8.4849,55636000,0.10%,929651275,402203765775,472538.8,977798016
2045-09-13,8.4934,8.4934,8.4934,8.4934,53732000,0.00%,875919275,402203765775,456367.37,0
2045-09-14,8.4934,8.4934,8.4934,8.4934,50932000,0.00%,824987275,402203765775,432585.85,0
2045-09-15,8.4934,8.4934,8.4934,8.4934,58184000,0.00%,766803275,402203765775,494179.99,0
2045-09-18,8.4934,8.4934,8.4934,8.4934,45836000,0.00%,720967275,402203765775,389303.48,0
2045-09-19,8.4934,8.4934,8.4934,8.4934,37352000,0.00%,683615275,402203765775,317245.48,0
2045-09-20,8.4934,8.4934,8.4934,8.4934,62579999,0.00%,621035275,402203765775,531516.97,0
2045-09-21,8.4934,8.4934,8.4934,8.4934,83972000,0.00%,537063275,402203765775,713207.78,0
2045-09-22,8.4934,8.4934,8.4934,8.4934,58268000,0.00%,478795275,402203765775,494893.43,0
2045-09-25,8.4934,8.4934,8.4934,8.4934,36120000,0.00%,442675275,402203765775,306781.61,0
2045-09-26,8.4934,8.4934,8.4934,8.4934,42812000,0.00%,399863275,402203765775,363619.44,0
2045-09-27,8.4934,8.4934,8.4934,8.4934,51632000,0.00%,348231275,402203765775,438531.23,0
2045-09-28,8.4934,8.4934,8.4934,8.4934,48664000,0.00%,299567275,402203765775,413322.82,0
2045-09-29,8.4934,8.4934,8.4934,8.4934,54600000,0.00%,244967275,402203765775,463739.64,0
2045-10-02,8.4934,8.4934,8.4934,8.4934,57372000,0.00%,187595275,402203765775,487283.34,0
2045-10-03,8.4934,8.4934,8.4934,8.4934,57708000,0.00%,129887275,402203765775,490137.13,0
2045-10-05,8.4934,8.4934,8.4934,8.4934,47992000,0.00%,81895275,402203765775,407615.25,0
2045-10-06,8.4934,8.4934,8.4934,8.4934,19964000,0.00%,61931275,402203765775,169562.24,0
2045-10-09,8.4934,8.4934,8.4934,8.4934,21924000,0.00%,40007275,402203765775,186209.3,0
2045-10-11,8.4934,8.4934,8.4934,8.4934,29511999,0.00%,10495275,402203765775,250657.22,0
2045-10-12,8.4934,8.5019,8.5019,8.4934,40460000,0.10%,948681773,403182412273,343986.87,978646497
2045-10-13,8.5019,8.5019,8.5019,8.5019,55720000,0.00%,892961773,403182412273,473725.87,0
2045-10-16,8.5019,8.5019,8.5019,8.5019,106428000,0.00%,786533773,403182412273,904840.21,0
2045-10-17,8.5019,8.5019,8.5019,8.5019,75040000,0.00%,711493773,403182412273,637982.58,0
2045-10-18,8.5019,8.5019,8.5019,8.5019,51464000,0.00%,660029773,403182412273,437541.78,0
2045-10-19,8.5019,8.5019,8.5019,8.5019,40012000,0.00%,620017773,403182412273,340178.02,0
2045-10-20,8.5019,8.5019,8.5019,8.5019,52220000,0.00%,567797773,403182412273,443969.22,0
2045-10-23,8.5019,8.5019,8.5019,8.5019,41888000,0.00%,525909773,403182412273,356127.59,0
2045-10-24,8.5019,8.5019,8.5019,8.5019,39676000,0.00%,486233773,403182412273,337321.38,0
2045-10-25,8.5019,8.5019,8.5019,8.5019,27944000,0.00%,458289773,403182412273,237577.09,0
2045-10-26,8.5019,8.5019,8.5019,8.5019,34776000,0.00%,423513773,403182412273,295662.07,0
2045-10-27,8.5019,8.5019,8.5019,8.5019,33600000,0.00%,389913773,403182412273,285663.84,0
2045-10-30,8.5019,8.5019,8.5019,8.5019,44912000,0.00%,345001773,403182412273,381837.33,0
2045-10-31,8.5019,8.5019,8.5019,8.5019,45640000,0.00%,299361773,403182412273,388026.72,0
2045-11-02,8.5019,8.5019,8.5019,8.5019,60955999,0.00%,238405773,403182412273,518241.82,0
2045-11-03,8.5019,8.5019,8.5019,8.5019,57624000,0.00%,180781773,403182412273,489913.49,0
2045-11-06,8.5019,8.5019,8.5019,8.5019,32451999,0.00%,148329773,403182412273,275903.66,0
2045-11-07,8.5019,8.5019,8.5019,8.5019,41916000,0.00%,106413773,403182412273,356365.64,0
2045-11-08,8.5019,8.5019,8.5019,8.5019,37268000,0.00%,69145773,403182412273,316848.81,0
2045-11-09,8.5019,8.5019,8.5019,8.5019,36624000,0.00%,32521773,403182412273,311373.59,0
2045-11-10,8.5019,8.5104,8.5104,8.5019,37268000,0.10%,977734881,404164893381,317165.59,982481108
2045-11-13,8.5104,8.5104,8.5104,8.5104,40628000,0.00%,937106881,404164893381,345760.53,0
2045-11-14,8.5104,8.5104,8.5104,8.5104,36652000,0.00%,900454881,404164893381,311923.18,0
2045-11-15,8.5104,8.5104,8.5104,8.5104,38248000,0.00%,862206881,404164893381,325505.78,0
2045-11-16,8.5104,8.5104,8.5104,8.5104,48440000,0.00%,813766881,404164893381,412243.78,0
2045-11-17,8.5104,8.5104,8.5104,8.5104,55888000,0.00%,757878881,404164893381,475629.24,0
2045-11-20,8.5104,8.5104,8.5104,8.5104,38612000,0.00%,719266881,404164893381,328603.56,0
2045-11-21,8.5104,8.5104,8.5104,8.5104,52696000,0.00%,666570881,404164893381,448464.04,0
2045-11-22,8.5104,8.5104,8.5104,8.5104,39088000,0.00%,627482881,404164893381,332654.52,0
2045-11-23,8.5104,8.5104,8.5104,8.5104,39256000,0.00%,588226881,404164893381,334084.26,0
2045-11-24,8.5104,8.5104,8.5104,8.5104,66443999,0.00%,521782881,404164893381,565465.02,0
2045-11-27,8.5104,8.5104,8.5104,8.5104,62663999,0.00%,459118881,404164893381,533295.71,0
2045-11-28,8.5104,8.5104,8.5104,8.5104,41664000,0.00%,417454881,404164893381,354577.31,0
2045-11-29,8.5104,8.5104,8.5104,8.5104,40404000,0.00%,377050881,404164893381,343854.2,0
2045-11-30,8.5104,8.5104,8.5104,8.5104,43372000,0.00%,333678881,404164893381,369113.07,0
2045-12-01,8.5104,8.5104,8.5104,8.5104,37016000,0.00%,296662881,404164893381,315020.97,0
2045-12-04,8.5104,8.5104,8.5104,8.5104,35392000,0.00%,261270881,404164893381,301200.08,0
2045-12-05,8.5104,8.5104,8.5104,8.5104,32087999,0.00%,229182881,404164893381,273081.72,0
2045-12-06,8.5104,8.5104,8.5104,8.5104,30799999,0.00%,198382881,404164893381,262120.32,0
2045-12-07,8.5104,8.5104,8.5104,8.5104,42924000,0.00%,155458881,404164893381,365300.41,0
2045-12-08,8.5104,8.5104,8.5104,8.5104,40992000,0.00%,114466881,404164893381,348858.32,0
2045-12-11,8.5104,8.5104,8.5104,8.5104,37576000,0.00%,76890881,404164893381,319786.79,0
2045-12-12,8.5104,8.5104,8.5104,8.5104,48804000,0.00%,28086881,404164893381,415341.56,0
2045-12-13,8.5104,8.5189,8.5189,8.5104,41300000,0.10%,972055747,405150162247,351830.57,985268865
2045-12-14,8.5189,8.5189,8.5189,8.5189,34944000,0.00%,937111747,405150162247,297684.44,0
2045-12-15,8.5189,8.5189,8.5189,8.5189,49924000,0.00%,887187747,405150162247,425297.56,0
2045-12-18,8.5189,8.5189,8.5189,8.5189,42476000,0.00%,844711747,405150162247,361848.8,0
2045-12-19,8.5189,8.5189,8.5189,8.5189,44772000,0.00%,799939747,405150162247,381408.19,0
2045-12-20,8.5189,8.5189,8.5189,8.5189,41496000,0.00%,758443747,405150162247,353500.27,0
2045-12-21,8.5189,8.5189,8.5189,8.5189,28420000,0.00%,730023747,405150162247,242107.14,0
2045-12-22,8.5189,8.5189,8.5189,8.5189,49756000,0.00%,680267747,405150162247,423866.39,0
2045-12-25,8.5189,8.5189,8.5189,8.5189,38836000,0.00%,641431747,405150162247,330840.0,0
2045-12-26,8.5189,8.5189,8.5189,8.5189,43736000,0.00%,597695747,405150162247,372582.61,0
2045-12-27,8.5189,8.5189,8.5189,8.5189,20496000,0.00%,577199747,405150162247,174603.37,0
2046-01-01,8.5189,8.5189,8.5189,8.5189,52725000,0.00%,524474747,405150162247,449159.0,0
2046-01-02,8.5189,8.5189,8.5189,8.5189,38703000,0.00%,485771747,405150162247,329706.99,0
2046-01-03,8.5189,8.5189,8.5189,8.5189,30894000,0.00%,454877747,405150162247,263182.9,0
2046-01-05,8.5189,8.5189,8.5189,8.5189,46170000,0.00%,408707747,405150162247,393317.61,0
2046-01-08,8.5189,8.5189,8.5189,8.5189,56857500,0.00%,351850247,405150162247,484363.36,0
2046-01-09,8.5189,8.5189,8.5189,8.5189,68884500,0.00%,282965747,405150162247,586820.17,0
2046-01-10,8.5189,8.5189,8.5189,8.5189,60933000,0.00%,222032747,405150162247,519082.13,0
2046-01-11,8.5189,8.5189,8.5189,8.5189,53409000,0.00%,168623747,405150162247,454985.93,0
2046-01-12,8.5189,8.5189,8.5189,8.5189,50758500,0.00%,117865247,405150162247,432406.59,0
2046-01-15,8.5189,8.5189,8.5189,8.5189,78460500,0.00%,39404747,405150162247,668397.15,0
2046-01-16,8.5189,8.5274,8.5274,8.5189,68998500,0.10%,908654816,406088410816,588377.81,938248569
2046-01-17,8.5274,8.5274,8.5274,8.5274,81738000,0.00%,826916816,406088410816,697012.62,0
2046-01-18,8.5274,8.5274,8.5274,8.5274,74641500,0.00%,752275316,406088410816,636497.93,0
2046-01-19,8.5274,8.5274,8.5274,8.5274,58767000,0.00%,693508316,406088410816,501129.72,0
2046-01-22,8.5274,8.5274,8.5274,8.5274,37705500,0.00%,655802816,406088410816,321529.88,0
2046-01-23,8.5274,8.5274,8.5274,8.5274,69340500,0.00%,586462316,406088410816,591294.18,0
2046-01-24,8.5274,8.5274,8.5274,8.5274,45600000,0.00%,540862316,406088410816,388849.44,0
2046-01-25,8.5274,8.5274,8.5274,8.5274,77434500,0.00%,463427816,406088410816,660314.96,0
2046-01-26,8.5274,8.5274,8.5274,8.5274,54663000,0.00%,408764816,406088410816,466133.27,0
2046-01-29,8.5274,8.5274,8.5274,8.5274,49704000,0.00%,359060816,406088410816,423845.89,0
2046-01-30,8.5274,8.5274,8.5274,8.5274,68086500,0.00%,290974316,406088410816,580600.82,0
2046-01-31,8.5274,8.5274,8.5274,8.5274,72903000,0.00%,218071316,406088410816,621673.04,0
2046-02-01,8.5274,8.5274,8.5274,8.5274,65407500,0.00%,152663816,406088410816,557755.92,0
2046-02-02,8.5274,8.5274,8.5274,8.5274,61218000,0.00%,91445816,406088410816,522030.37,0
2046-02-05,8.5274,8.5274,8.5274,8.5274,79600500,0.00%,11845316,406088410816,678785.3,0
2046-02-06,8.5274,8.5359,8.5359,8.5274,185620499,0.10%,777638976,407039824976,1584438.03,951414159
2046-02-07,8.5359,8.5359,8.5359,8.5359,172054500,0.00%,605584476,407039824976,1468640.01,0
2046-02-08,8.5359,8.5359,8.5359,8.5359,226033500,0.00%,379550976,407039824976,1929399.35,0
2046-02-09,8.5359,8.5359,8.5359,8.5359,100890000,0.00%,278660976,407039824976,861186.95,0
2046-02-12,8.5359,8.5359,8.5359,8.5359,75183000,0.00%,203477976,407039824976,641754.57,0
2046-02-13,8.5359,8.5359,8.5359,8.5359,83248500,0.00%,120229476,407039824976,710600.87,0
2046-02-14,8.5359,8.5359,8.5359,8.5359,67716000,0.00%,52513476,407039824976,578017.0,0
2046-02-15,8.5359,8.5445,8.5445,8.5359,113401500,0.10%,913971124,408014684124,968959.12,974859148
2046-02-16,8.5445,8.5445,8.5445,8.5445,76665000,0.00%,837306124,408014684124,655064.09,0
2046-02-19,8.5445,8.5445,8.5445,8.5445,20577000,0.00%,816729124,408014684124,175820.18,0
2046-02-23,8.5445,8.5445,8.5445,8.5445,60847500,0.00%,755881624,408014684124,519911.46,0
2046-02-26,8.5445,8.5445,8.5445,8.5445,63099000,0.00%,692782624,408014684124,539149.41,0
2046-02-27,8.5445,8.5445,8.5445,8.5445,102970500,0.00%,589812124,408014684124,879831.44,0
2046-02-28,8.5445,8.5445,8.5445,8.5445,65094000,0.00%,524718124,408014684124,556195.68,0
2046-03-01,8.5445,8.5445,8.5445,8.5445,72817500,0.00%,451900624,408014684124,622189.13,0
2046-03-02,8.5445,8.5445,8.5445,8.5445,91855499,0.00%,360045124,408014684124,784859.32,0
2046-03-05,8.5445,8.5445,8.5445,8.5445,87837000,0.00%,272208124,408014684124,750523.25,0
2046-03-06,8.5445,8.5445,8.5445,8.5445,78004500,0.00%,194203624,408014684124,666509.45,0
2046-03-07,8.5445,8.5445,8.5445,8.5445,93964500,0.00%,100239124,408014684124,802879.67,0
2046-03-08,8.5445,8.5445,8.5445,8.5445,68286000,0.00%,31953124,408014684124,583469.73,0
2046-03-09,8.5445,8.553,8.553,8.5445,86526000,0.10%,936219252,409005476252,740056.88,990792127
2046-03-12,8.553,8.553,8.553,8.553,89433000,0.00%,846786252,409005476252,764920.45,0
2046-03-13,8.553,8.553,8.553,8.553,164901000,0.00%,681885252,409005476252,1410398.25,0
2046-03-14,8.553,8.553,8.553,8.553,135717000,0.00%,546168252,409005476252,1160787.5,0
2046-03-15,8.553,8.553,8.553,8.553,56031000,0.00%,490137252,409005476252,479233.14,0
2046-03-16,8.553,8.553,8.553,8.553,48963000,0.00%,441174252,409005476252,418780.54,0
2046-03-19,8.553,8.553,8.553,8.553,69027000,0.00%,372147252,409005476252,590387.93,0
2046-03-20,8.553,8.553,8.553,8.553,65179500,0.00%,306967752,409005476252,557480.26,0
2046-03-21,8.553,8.553,8.553,8.553,60847500,0.00%,246120252,409005476252,520428.67,0
2046-03-22,8.553,8.553,8.553,8.553,169375500,0.00%,76744752,409005476252,1448668.65,0
2046-03-23,8.553,8.553,8.553,8.553,71022000,0.00%,5722752,409005476252,607451.17,0
2046-03-26,8.553,8.5616,8.5616,8.553,100092000,0.10%,919083006,410018928506,856947.67,1013452254
2046-03-27,8.5616,8.5616,8.5616,8.5616,83676000,0.00%,835407006,410018928506,716400.44,0
2046-03-28,8.5616,8.5616,8.5616,8.5616,106447500,0.00%,728959506,410018928506,911360.92,0
2046-03-29,8.5616,8.5616,8.5616,8.5616,64467000,0.00%,664492506,410018928506,551940.67,0
2046-03-30,8.5616,8.5616,8.5616,8.5616,57997500,0.00%,606495006,410018928506,496551.4,0
2046-04-02,8.5616,8.5616,8.5616,8.5616,80968500,0.00%,525526506,410018928506,693219.91,0
2046-04-03,8.5616,8.5616,8.5616,8.5616,73530000,0.00%,451996506,410018928506,629534.45,0
2046-04-04,8.5616,8.5616,8.5616,8.5616,60648000,0.00%,391348506,410018928506,519243.92,0
2046-04-05,8.5616,8.5616,8.5616,8.5616,48535500,0.00%,342813006,410018928506,415541.54,0
2046-04-11,8.5616,8.5616,8.5616,8.5616,93651000,0.00%,249162006,410018928506,801802.4,0
2046-04-12,8.5616,8.5616,8.5616,8.5616,59052000,0.00%,190110006,410018928506,505579.6,0
2046-04-13,8.5616,8.5616,8.5616,8.5616,58909500,0.00%,131200506,410018928506,504359.58,0
2046-04-16,8.5616,8.5616,8.5616,8.5616,60249000,0.00%,70951506,410018928506,515827.84,0
2046-04-17,8.5616,8.5616,8.5616,8.5616,50815500,0.00%,20136006,410018928506,435061.98,0
2046-04-18,8.5616,8.5701,8.5701,8.5616,57826500,0.10%,942306574,410998925574,495578.89,979997067
2046-04-19,8.5701,8.5701,8.5701,8.5701,64296000,0.00%,878010574,410998925574,551023.15,0
2046-04-20,8.5701,8.5701,8.5701,8.5701,39187500,0.00%,838823074,410998925574,335840.79,0
2046-04-23,8.5701,8.5701,8.5701,8.5701,66775500,0.00%,772047574,410998925574,572272.71,0
2046-04-24,8.5701,8.5701,8.5701,8.5701,37363500,0.00%,734684074,410998925574,320208.93,0
2046-04-25,8.5701,8.5701,8.5701,8.5701,66034500,0.00%,668649574,410998925574,565922.27,0
2046-04-26,8.5701,8.5701,8.5701,8.5701,66975000,0.00%,601674574,410998925574,573982.45,0
2046-04-27,8.5701,8.5701,8.5701,8.5701,52924500,0.00%,548750074,410998925574,453568.26,0
2046-04-30,8.5701,8.5701,8.5701,8.5701,128392500,0.00%,420357574,410998925574,1100336.56,0
2046-05-01,8.5701,8.5701,8.5701,8.5701,73501500,0.00%,346856074,410998925574,629915.21,0
2046-05-02,8.5701,8.5701,8.5701,8.5701,55062000,0.00%,291794074,410998925574,471886.85,0
2046-05-03,8.5701,8.5701,8.5701,8.5701,109468500,0.00%,182325574,410998925574,938155.99,0
2046-05-07,8.5701,8.5701,8.5701,8.5701,67716000,0.00%,114609574,410998925574,580332.89,0
2046-05-08,8.5701,8.5701,8.5701,8.5701,37050000,0.00%,77559574,410998925574,317522.21,0
2046-05-09,8.5701,8.5787,8.5787,8.5701,126454500,0.10%,924801252,411972621752,1084815.22,973696178
2046-05-10,8.5787,8.5787,8.5787,8.5787,116821500,0.00%,807979752,411972621752,1002176.6,0
2046-05-11,8.5787,8.5787,8.5787,8.5787,71848500,0.00%,736131252,411972621752,616366.73,0
2046-05-14,8.5787,8.5787,8.5787,8.5787,79258500,0.00%,656872752,411972621752,679934.89,0
2046-05-15,8.5787,8.5787,8.5787,8.5787,92539500,0.00%,564333252,411972621752,793868.61,0
2046-05-16,8.5787,8.5787,8.5787,8.5787,75867000,0.00%,488466252,411972621752,650840.23,0
2046-05-17,8.5787,8.5787,8.5787,8.5787,112119000,0.00%,376347252,411972621752,961835.27,0
2046-05-18,8.5787,8.5787,8.5787,8.5787,75382500,0.00%,300964752,411972621752,646683.85,0
2046-05-21,8.5787,8.5787,8.5787,8.5787,84075000,0.00%,216889752,411972621752,721254.2,0
2046-05-22,8.5787,8.5787,8.5787,8.5787,96159000,0.00%,120730752,411972621752,824919.21,0
2046-05-23,8.5787,8.5787,8.5787,8.5787,53950500,0.00%,66780252,411972621752,462825.15,0
2046-05-24,8.5787,8.5873,8.5873,8.5787,113002500,0.10%,886254220,412905098220,970386.37,932476468
2046-05-25,8.5873,8.5873,8.5873,8.5873,68400000,0.00%,817854220,412905098220,587371.32,0
2046-05-29,8.5873,8.5873,8.5873,8.5873,93479999,0.00%,724374220,412905098220,802740.8,0
2046-05-30,8.5873,8.5873,8.5873,8.5873,70851000,0.00%,653523220,412905098220,608418.79,0
2046-05-31,8.5873,8.5873,8.5873,8.5873,120270000,0.00%,533253220,412905098220,1032794.57,0
2046-06-01,8.5873,8.5873,8.5873,8.5873,136828500,0.00%,396424720,412905098220,1174987.38,0
2046-06-04,8.5873,8.5873,8.5873,8.5873,100206000,0.00%,296218720,412905098220,860498.98,0
2046-06-05,8.5873,8.5873,8.5873,8.5873,290329500,0.00%,5889220,412905098220,2493146.52,0
2046-06-06,8.5873,8.5959,8.5959,8.5873,139935000,0.10%,805767698,413844911698,1202867.27,939813477
2046-06-07,8.5959,8.5959,8.5959,8.5959,82792500,0.00%,722975198,413844911698,711676.05,0
2046-06-08,8.5959,8.5959,8.5959,8.5959,90202500,0.00%,632772698,413844911698,775371.67,0
2046-06-11,8.5959,8.5959,8.5959,8.5959,82707000,0.00%,550065698,413844911698,710941.1,0
2046-06-12,8.5959,8.5959,8.5959,8.5959,106561500,0.00%,443504198,413844911698,915992.0,0
2046-06-13,8.5959,8.5959,8.5959,8.5959,102001500,0.00%,341502698,413844911698,876794.69,0
2046-06-14,8.5959,8.5959,8.5959,8.5959,81453000,0.00%,260049698,413844911698,700161.84,0
2046-06-15,8.5959,8.5959,8.5959,8.5959,63640500,0.00%,196409198,413844911698,547047.37,0
2046-06-18,8.5959,8.5959,8.5959,8.5959,56287500,0.00%,140121698,413844911698,483841.72,0
2046-06-19,8.5959,8.5959,8.5959,8.5959,69312000,0.00%,70809698,413844911698,595799.02,0
2046-06-20,8.5959,8.5959,8.5959,8.5959,48336000,0.00%,22473698,413844911698,415491.42,0
2046-06-21,8.5959,8.6045,8.6045,8.5959,85842000,0.10%,876010092,414784290092,738627.49,939378393
2046-06-25,8.6045,8.6045,8.6045,8.6045,89946000,0.00%,786064092,414784290092,773940.36,0
2046-06-26,8.6045,8.6045,8.6045,8.6045,123804000,0.00%,662260092,414784290092,1065271.52,0
2046-06-27,8.6045,8.6045,8.6045,8.6045,113886000,0.00%,548374092,414784290092,979932.09,0
2046-06-28,8.6045,8.6045,8.6045,8.6045,83989500,0.00%,464384592,414784290092,722687.65,0
2046-06-29,8.6045,8.6045,8.6045,8.6045,90829500,0.00%,373555092,414784290092,781542.43,0
2046-07-02,8.6045,8.6045,8.6045,8.6045,94249500,0.00%,279305592,414784290092,810969.82,0
2046-07-03,8.6045,8.6045,8.6045,8.6045,111121500,0.00%,168184092,414784290092,956144.95,0
2046-07-05,8.6045,8.6045,8.6045,8.6045,116593500,0.00%,51590592,414784290092,1003228.77,0
2046-07-06,8.6045,8.6131,8.6131,8.6045,71136000,0.10%,907496157,415711331657,612701.48,927041564
2046-07-09,8.6131,8.6131,8.6131,8.6131,118275000,0.00%,789221157,415711331657,1018714.4,0
2046-07-10,8.6131,8.6131,8.6131,8.6131,157947000,0.00%,631274157,415711331657,1360413.31,0
2046-07-11,8.6131,8.6131,8.6131,8.6131,160398000,0.00%,470876157,415711331657,1381524.01,0
2046-07-12,8.6131,8.6131,8.6131,8.6131,120840000,0.00%,350036157,415711331657,1040807.0,0
2046-07-13,8.6131,8.6131,8.6131,8.6131,115254000,0.00%,234782157,415711331657,992694.23,0
2046-07-16,8.6131,8.6131,8.6131,8.6131,87324000,0.00%,147458157,415711331657,752130.34,0
2046-07-17,8.6131,8.6131,8.6131,8.6131,94420500,0.00%,53037657,415711331657,813253.21,0
2046-07-18,8.6131,8.6217,8.6217,8.6131,56743500,0.10%,939437643,416654475143,489225.43,943143486
2046-07-19,8.6217,8.6217,8.6217,8.6217,57513000,0.00%,881924643,416654475143,495859.83,0
2046-07-20,8.6217,8.6217,8.6217,8.6217,42066000,0.00%,839858643,416654475143,362680.43,0
2046-07-23,8.6217,8.6217,8.6217,8.6217,48193500,0.00%,791665143,416654475143,415509.9,0
2046-07-24,8.6217,8.6217,8.6217,8.6217,56458500,0.00%,735206643,416654475143,486768.25,0
2046-07-25,8.6217,8.6217,8.6217,8.6217,57855000,0.00%,677351643,416654475143,498808.45,0
2046-07-26,8.6217,8.6217,8.6217,8.6217,44716500,0.00%,632635143,416654475143,385532.25,0
2046-07-27,8.6217,8.6217,8.6217,8.6217,47766000,0.00%,584869143,416654475143,411824.12,0
2046-07-30,8.6217,8.6217,8.6217,8.6217,234526500,0.00%,350342643,416654475143,2022017.13,0
2046-07-31,8.6217,8.6217,8.6217,8.6217,307885500,0.00%,42457143,416654475143,2654496.42,0
2046-08-01,8.6217,8.6303,8.6303,8.6217,321651000,0.10%,697067989,417630736989,2775944.63,976261846
2046-08-02,8.6303,8.6303,8.6303,8.6303,207765000,0.00%,489302989,417630736989,1793074.28,0
2046-08-03,8.6303,8.6303,8.6303,8.6303,115311000,0.00%,373991989,417630736989,995168.52,0
2046-08-06,8.6303,8.6303,8.6303,8.6303,83932500,0.00%,290059489,417630736989,724362.65,0
2046-08-07,8.6303,8.6389,8.6389,8.6303,335758500,0.10%,953978772,418630414772,2900584.11,999677782
2046-08-08,8.6389,8.6389,8.6389,8.6389,131385000,0.00%,822593772,418630414772,1135021.88,0
2046-08-09,8.6389,8.6389,8.6389,8.6389,167095500,0.00%,655498272,418630414772,1443521.31,0
2046-08-10,8.6389,8.6389,8.6389,8.6389,122407500,0.00%,533090772,418630414772,1057466.15,0
2046-08-13,8.6389,8.6389,8.6389,8.6389,116736000,0.00%,416354772,418630414772,1008470.63,0
2046-08-14,8.6389,8.6389,8.6389,8.6389,116508000,0.00%,299846772,418630414772,1006500.96,0
2046-08-15,8.6389,8.6389,8.6389,8.6389,57427500,0.00%,242419272,418630414772,496110.43,0
2046-08-16,8.6389,8.6389,8.6389,8.6389,46597500,0.00%,195821772,418630414772,402551.14,0
2046-08-17,8.6389,8.6389,8.6389,8.6389,75297000,0.00%,120524772,418630414772,650483.25,0
2046-08-20,8.6389,8.6389,8.6389,8.6389,82707000,0.00%,37817772,418630414772,714497.5,0
2046-08-21,8.6389,8.6476,8.6476,8.6389,122949000,0.10%,940846149,419656392149,1063213.77,1025977377
2046-08-22,8.6476,8.6476,8.6476,8.6476,75810000,0.00%,865036149,419656392149,655574.56,0
2046-08-23,8.6476,8.6476,8.6476,8.6476,145635000,0.00%,719401149,419656392149,1259393.23,0
2046-08-24,8.6476,8.6476,8.6476,8.6476,148599000,0.00%,570802149,419656392149,1285024.71,0
2046-08-27,8.6476,8.6476,8.6476,8.6476,127167000,0.00%,443635149,419656392149,1099689.35,0
2046-08-28,8.6476,8.6476,8.6476,8.6476,141132000,0.00%,302503149,419656392149,1220453.08,0
2046-08-29,8.6476,8.6476,8.6476,8.6476,117505500,0.00%,184997649,419656392149,1016140.56,0
2046-08-30,8.6476,8.6476,8.6476,8.6476,49305000,0.00%,135692649,419656392149,426369.92,0
2046-08-31,8.6476,8.6476,8.6476,8.6476,66861000,0.00%,68831649,419656392149,578187.18,0
2046-09-03,8.6476,8.6476,8.6476,8.6476,52668000,0.00%,16163649,419656392149,455451.8,0
2046-09-04,8.6476,8.6562,8.6562,8.6476,148713000,0.10%,924255616,420713197116,1287289.47,1056804967
2046-09-05,8.6562,8.6562,8.6562,8.6562,100605000,0.00%,823650616,420713197116,870857.0,0
2046-09-06,8.6562,8.6562,8.6562,8.6562,115339500,0.00%,708311116,420713197116,998401.78,0
2046-09-07,8.6562,8.6562,8.6562,8.6562,77349000,0.00%,630962116,420713197116,669548.41,0
2046-09-10,8.6562,8.6562,8.6562,8.6562,76294500,0.00%,554667616,420713197116,660420.45,0
2046-09-11,8.6562,8.6562,8.6562,8.6562,71136000,0.00%,483531616,420713197116,615767.44,0
2046-09-12,8.6562,8.6562,8.6562,8.6562,94050000,0.00%,389481616,420713197116,814115.61,0
2046-09-13,8.6562,8.6562,8.6562,8.6562,154156500,0.00%,235325116,420713197116,1334409.5,0
2046-09-14,8.6562,8.6562,8.6562,8.6562,101659500,0.00%,133665616,420713197116,879984.96,0
2046-09-17,8.6562,8.6562,8.6562,8.6562,79287000,0.00%,54378616,420713197116,686324.13,0
2046-09-18,8.6562,8.6649,8.6649,8.6562,56743500,0.10%,1077905620,421793467620,491676.75,1080270504
2046-09-19,8.6649,8.6649,8.6649,8.6649,103084500,0.00%,974821120,421793467620,893216.88,0
2046-09-20,8.6649,8.6649,8.6649,8.6649,69882000,0.00%,904939120,421793467620,605520.54,0
2046-09-21,8.6649,8.6649,8.6649,8.6649,68343000,0.00%,836596120,421793467620,592185.26,0
2046-09-24,8.6649,8.6649,8.6649,8.6649,44203500,0.00%,792392620,421793467620,383018.91,0
2046-09-25,8.6649,8.6649,8.6649,8.6649,47195999,0.00%,745196620,421793467620,408948.62,0
2046-09-27,8.6649,8.6649,8.6649,8.6649,63298500,0.00%,681898120,421793467620,548475.17,0
2046-09-28,8.6649,8.6649,8.6649,8.6649,47481000,0.00%,634417120,421793467620,411418.12,0
2046-10-01,8.6649,8.6649,8.6649,8.6649,51214500,0.00%,583202620,421793467620,443768.52,0
2046-10-02,8.6649,8.6649,8.6649,8.6649,59707500,0.00%,523495120,421793467620,517359.52,0
2046-10-03,8.6649,8.6649,8.6649,8.6649,52012500,0.00%,471482620,421793467620,450683.11,0
2046-10-04,8.6649,8.6649,8.6649,8.6649,49419000,0.00%,422063620,421793467620,428210.69,0
2046-10-08,8.6649,8.6649,8.6649,8.6649,33402000,0.00%,388661620,421793467620,289424.99,0
2046-10-09,8.6649,8.6649,8.6649,8.6649,33858000,0.00%,354803620,421793467620,293376.18,0
2046-10-10,8.6649,8.6649,8.6649,8.6649,30922500,0.00%,323881120,421793467620,267940.37,0
2046-10-11,8.6649,8.6649,8.6649,8.6649,41467500,0.00%,282413620,421793467620,359311.74,0
2046-10-12,8.6649,8.6649,8.6649,8.6649,84958500,0.00%,197455120,421793467620,736156.91,0
2046-10-15,8.6649,8.6649,8.6649,8.6649,74670000,0.00%,122785120,421793467620,647008.08,0
2046-10-16,8.6649,8.6649,8.6649,8.6649,46882500,0.00%,75902620,421793467620,406232.17,0
2046-10-19,8.6649,8.6735,8.6735,8.6649,83020500,0.10%,1077157665,422877743165,720078.31,1084275544
2046-10-22,8.6735,8.6735,8.6735,8.6735,59080500,0.00%,1018077165,422877743165,512434.72,0
2046-10-23,8.6735,8.6735,8.6735,8.6735,43975500,0.00%,974101665,422877743165,381421.5,0
2046-10-24,8.6735,8.6735,8.6735,8.6735,93252000,0.00%,880849665,422877743165,808821.22,0
2046-10-25,8.6735,8.6735,8.6735,8.6735,47538000,0.00%,833311665,422877743165,412320.84,0
2046-10-26,8.6735,8.6735,8.6735,8.6735,36309000,0.00%,797002665,422877743165,314926.11,0
2046-10-29,8.6735,8.6735,8.6735,8.6735,34941000,0.00%,762061665,422877743165,303060.76,0
2046-10-30,8.6735,8.6735,8.6735,8.6735,43633500,0.00%,718428165,422877743165,378455.16,0
2046-10-31,8.6735,8.6735,8.6735,8.6735,53352000,0.00%,665076165,422877743165,462748.57,0
2046-11-01,8.6735,8.6735,8.6735,8.6735,38959500,0.00%,626116665,422877743165,337915.22,0
2046-11-02,8.6735,8.6735,8.6735,8.6735,46854000,0.00%,579262665,422877743165,406388.17,0
2046-11-05,8.6735,8.6735,8.6735,8.6735,64552500,0.00%,514710165,422877743165,559896.11,0
2046-11-06,8.6735,8.6735,8.6735,8.6735,94078499,0.00%,420631665,422877743165,815989.87,0
2046-11-07,8.6735,8.6735,8.6735,8.6735,55176000,0.00%,365455665,422877743165,478569.04,0
2046-11-08,8.6735,8.6735,8.6735,8.6735,46854000,0.00%,318601665,422877743165,406388.17,0
2046-11-09,8.6735,8.6735,8.6735,8.6735,57057000,0.00%,261544665,422877743165,494883.89,0
2046-11-12,8.6735,8.6735,8.6735,8.6735,63669000,0.00%,197875665,422877743165,552233.07,0
2046-11-13,8.6735,8.6735,8.6735,8.6735,38788500,0.00%,159087165,422877743165,336432.05,0
2046-11-14,8.6735,8.6735,8.6735,8.6735,87267000,0.00%,71820165,422877743165,756910.32,0
2046-11-15,8.6735,8.6822,8.6822,8.6735,102714000,0.10%,1057621418,423966258418,891783.49,1088515252
2046-11-16,8.6822,8.6822,8.6822,8.6822,67915500,0.00%,989705918,423966258418,589655.95,0
2046-11-19,8.6822,8.6822,8.6822,8.6822,55261500,0.00%,934444418,423966258418,479791.4,0
2046-11-20,8.6822,8.6822,8.6822,8.6822,80541000,0.00%,853903418,423966258418,699273.07,0
2046-11-21,8.6822,8.6822,8.6822,8.6822,61104000,0.00%,792799418,423966258418,530517.15,0
2046-11-22,8.6822,8.6822,8.6822,8.6822,55062000,0.00%,737737418,423966258418,478059.3,0
2046-11-23,8.6822,8.6822,8.6822,8.6822,43348500,0.00%,694388918,423966258418,376360.35,0
2046-11-26,8.6822,8.6822,8.6822,8.6822,41866500,0.00%,652522418,423966258418,363493.33,0
2046-11-27,8.6822,8.6822,8.6822,8.6822,53380500,0.00%,599141918,423966258418,463460.18,0
2046-11-28,8.6822,8.6822,8.6822,8.6822,74157000,0.00%,524984918,423966258418,643845.91,0
2046-11-29,8.6822,8.6822,8.6822,8.6822,48279000,0.00%,476705918,423966258418,419167.93,0
2046-11-30,8.6822,8.6822,8.6822,8.6822,93736500,0.00%,382969418,423966258418,813839.04,0
2046-12-03,8.6822,8.6822,8.6822,8.6822,55603500,0.00%,327365918,423966258418,482760.71,0
2046-12-04,8.6822,8.6822,8.6822,8.6822,101431500,0.00%,225934418,423966258418,880648.57,0
2046-12-05,8.6822,8.6822,8.6822,8.6822,57969000,0.00%,167965418,423966258418,503298.45,0
2046-12-06,8.6822,8.6822,8.6822,8.6822,50502000,0.00%,117463418,423966258418,438468.46,0
2046-12-07,8.6822,8.6822,8.6822,8.6822,64125000,0.00%,53338418,423966258418,556746.07,0
2046-12-10,8.6822,8.6909,8.6909,8.6822,88236000,0.10%,1062202509,425063358509,766850.25,1097100091
2046-12-11,8.6909,8.6909,8.6909,8.6909,66234000,0.00%,995968509,425063358509,575633.07,0
2046-12-12,8.6909,8.6909,8.6909,8.6909,43234500,0.00%,952734009,425063358509,375746.72,0
2046-12-13,8.6909,8.6909,8.6909,8.6909,38047500,0.00%,914686509,425063358509,330667.02,0
2046-12-14,8.6909,8.6909,8.6909,8.6909,43405500,0.00%,871281009,425063358509,377232.86,0
2046-12-17,8.6909,8.6909,8.6909,8.6909,63384000,0.00%,807897009,425063358509,550864.01,0
2046-12-18,8.6909,8.6909,8.6909,8.6909,38902500,0.00%,768994509,425063358509,338097.74,0
2046-12-19,8.6909,8.6909,8.6909,8.6909,38104500,0.00%,730890009,425063358509,331162.4,0
2046-12-20,8.6909,8.6909,8.6909,8.6909,59935500,0.00%,670954509,425063358509,520893.44,0
2046-12-21,8.6909,8.6909,8.6909,8.6909,80598000,0.00%,590356509,425063358509,700469.16,0
2046-12-24,8.6909,8.6909,8.6909,8.6909,58168500,0.00%,532188009,425063358509,505536.62,0
2046-12-25,8.6909,8.6909,8.6909,8.6909,49105500,0.00%,483082509,425063358509,426770.99,0
2046-12-26,8.6909,8.6909,8.6909,8.6909,39444000,0.00%,443638509,425063358509,342803.86,0
2046-12-27,8.6909,8.6909,8.6909,8.6909,93907500,0.00%,349731009,425063358509,816140.69,0
2046-12-28,8.6909,8.6909,8.6909,8.6909,27103500,0.00%,322627509,425063358509,235553.81,0
2047-01-01,8.6909,8.6909,8.6909,8.6909,54955000,0.00%,267672509,425063358509,477608.41,0
2047-01-02,8.6909,8.6909,8.6909,8.6909,27811000,0.00%,239861509,425063358509,241702.62,0
2047-01-03,8.6909,8.6909,8.6909,8.6909,22214000,0.00%,217647509,425063358509,193059.65,0
2047-01-04,8.6909,8.6909,8.6909,8.6909,28652000,0.00%,188995509,425063358509,249011.67,0
2047-01-07,8.6909,8.6909,8.6909,8.6909,17458000,0.00%,171537509,425063358509,151725.73,0
2047-01-08,8.6909,8.6909,8.6909,8.6909,39324000,0.00%,132213509,425063358509,341760.95,0
2047-01-09,8.6909,8.6909,8.6909,8.6909,92597000,0.00%,39616509,425063358509,804751.27,0
2047-01-10,8.6909,8.6996,8.6996,8.6909,64931000,0.10%,1069470512,426158143512,564873.73,1094785002
2047-01-11,8.6996,8.6996,8.6996,8.6996,60349000,0.00%,1009121512,426158143512,525012.16,0
2047-01-14,8.6996,8.6996,8.6996,8.6996,56724000,0.00%,952397512,426158143512,493476.11,0
2047-01-15,8.6996,8.6996,8.6996,8.6996,47589000,0.00%,904808512,426158143512,414005.26,0
2047-01-16,8.6996,8.6996,8.6996,8.6996,81983000,0.00%,822825512,426158143512,713219.31,0
2047-01-17,8.6996,8.6996,8.6996,8.6996,53099000,0.00%,769726512,426158143512,461940.06,0
2047-01-18,8.6996,8.6996,8.6996,8.6996,39788000,0.00%,729938512,426158143512,346139.68,0
2047-01-21,8.6996,8.6996,8.6996,8.6996,36772000,0.00%,693166512,426158143512,319901.69,0
2047-01-22,8.6996,8.6996,8.6996,8.6996,68266000,0.00%,624900512,426158143512,593886.89,0
2047-01-23,8.6996,8.6996,8.6996,8.6996,50721000,0.00%,574179512,426158143512,441252.41,0
2047-01-24,8.6996,8.6996,8.6996,8.6996,85666000,0.00%,488513512,426158143512,745259.93,0
2047-01-25,8.6996,8.6996,8.6996,8.6996,77778000,0.00%,410735512,426158143512,676637.49,0
2047-01-28,8.6996,8.6996,8.6996,8.6996,42572000,0.00%,368163512,426158143512,370359.37,0
2047-01-29,8.6996,8.6996,8.6996,8.6996,72500000,0.00%,295663512,426158143512,630721.0,0
2047-01-30,8.6996,8.6996,8.6996,8.6996,62698000,0.00%,232965512,426158143512,545447.52,0
2047-01-31,8.6996,8.6996,8.6996,8.6996,59479000,0.00%,173486512,426158143512,517443.51,0
2047-02-01,8.6996,8.6996,8.6996,8.6996,43587000,0.00%,129899512,426158143512,379189.47,0
2047-02-04,8.6996,8.6996,8.6996,8.6996,33147000,0.00%,96752512,426158143512,288365.64,0
2047-02-08,8.6996,8.6996,8.6996,8.6996,46197000,0.00%,50555512,426158143512,401895.42,0
2047-02-11,8.6996,8.6996,8.6996,8.6996,44602000,0.00%,5953512,426158143512,388019.56,0
2047-02-12,8.6996,8.7083,8.7083,8.6996,54375000,0.10%,1060209728,427266774728,473513.81,1108631215
2047-02-13,8.7083,8.7083,8.7083,8.7083,67773000,0.00%,992436728,427266774728,590187.62,0
2047-02-14,8.7083,8.7083,8.7083,8.7083,54549000,0.00%,937887728,427266774728,475029.06,0
2047-02-15,8.7083,8.7083,8.7083,8.7083,45008000,0.00%,892879728,427266774728,391943.17,0
2047-02-18,8.7083,8.7083,8.7083,8.7083,37294000,0.00%,855585728,427266774728,324767.34,0
2047-02-19,8.7083,8.7083,8.7083,8.7083,40281000,0.00%,815304728,427266774728,350779.03,0
2047-02-20,8.7083,8.7083,8.7083,8.7083,35409000,0.00%,779895728,427266774728,308352.19,0
2047-02-21,8.7083,8.7083,8.7083,8.7083,37468000,0.00%,742427728,427266774728,326282.58,0
2047-02-22,8.7083,8.7083,8.7083,8.7083,69687000,0.00%,672740728,427266774728,606855.3,0
2047-02-25,8.7083,8.7083,8.7083,8.7083,133516000,0.00%,539224728,427266774728,1162697.38,0
2047-02-26,8.7083,8.7083,8.7083,8.7083,88624000,0.00%,450600728,427266774728,771764.38,0
2047-02-27,8.7083,8.7083,8.7083,8.7083,58696000,0.00%,391904728,427266774728,511142.38,0
2047-02-28,8.7083,8.7083,8.7083,8.7083,98513000,0.00%,293391728,427266774728,857880.76,0
2047-03-01,8.7083,8.7083,8.7083,8.7083,74037000,0.00%,219354728,427266774728,644736.41,0
2047-03-04,8.7083,8.7083,8.7083,8.7083,77865000,0.00%,141489728,427266774728,678071.78,0
2047-03-05,8.7083,8.7083,8.7083,8.7083,55999000,0.00%,85490728,427266774728,487656.09,0
2047-03-06,8.7083,8.7083,8.7083,8.7083,40629000,0.00%,44861728,427266774728,353809.52,0
2047-03-07,8.7083,8.717,8.717,8.7083,57623000,0.10%,1112158298,428391694298,502299.69,1124919570
2047-03-08,8.717,8.717,8.717,8.717,120495000,0.00%,991663298,428391694298,1050354.92,0
2047-03-11,8.717,8.717,8.717,8.717,115652000,0.00%,876011298,428391694298,1008138.48,0
2047-03-12,8.717,8.717,8.717,8.717,93554000,0.00%,782457298,428391694298,815510.22,0
2047-03-13,8.717,8.717,8.717,8.717,96309000,0.00%,686148298,428391694298,839525.55,0
2047-03-14,8.717,8.717,8.717,8.717,69774000,0.00%,616374298,428391694298,608219.96,0
2047-03-15,8.717,8.717,8.717,8.717,140476000,0.00%,475898298,428391694298,1224529.29,0
2047-03-18,8.717,8.717,8.717,8.717,194039000,0.00%,281859298,428391694298,1691437.96,0
2047-03-19,8.717,8.7257,8.7257,8.717,343360000,0.10%,1103900500,429557095500,2996056.35,1165401201
2047-03-20,8.7257,8.7257,8.7257,8.7257,312446000,0.00%,791454500,429557095500,2726310.06,0
2047-03-21,8.7257,8.7257,8.7257,8.7257,202101000,0.00%,589353500,429557095500,1763472.7,0
2047-03-22,8.7257,8.7257,8.7257,8.7257,109359000,0.00%,479994500,429557095500,954233.83,0
2047-03-25,8.7257,8.7257,8.7257,8.7257,89030000,0.00%,390964500,429557095500,776849.07,0
2047-03-26,8.7257,8.7257,8.7257,8.7257,89929000,0.00%,301035500,429557095500,784693.48,0
2047-03-27,8.7257,8.7257,8.7257,8.7257,122554000,0.00%,178481500,429557095500,1069369.44,0
2047-03-28,8.7257,8.7257,8.7257,8.7257,136097000,0.00%,42384500,429557095500,1187541.59,0
2047-03-29,8.7257,8.7344,8.7344,8.7257,111070000,0.10%,1135184365,430760965365,970129.81,1203869864
2047-04-01,8.7344,8.7344,8.7344,8.7344,78097000,0.00%,1057087365,430760965365,682130.44,0
2047-04-02,8.7344,8.7344,8.7344,8.7344,60610000,0.00%,996477365,430760965365,529391.98,0
2047-04-03,8.7344,8.7344,8.7344,8.7344,78155000,0.00%,918322365,430760965365,682637.03,0
2047-04-04,8.7344,8.7344,8.7344,8.7344,42311000,0.00%,876011365,430760965365,369561.2,0
2047-04-05,8.7344,8.7344,8.7344,8.7344,42050000,0.00%,833961365,430760965365,367281.52,0
2047-04-08,8.7344,8.7344,8.7344,8.7344,45443000,0.00%,788518365,430760965365,396917.34,0
2047-04-10,8.7344,8.7344,8.7344,8.7344,49677000,0.00%,738841365,430760965365,433898.79,0
2047-04-11,8.7344,8.7344,8.7344,8.7344,46023000,0.00%,692818365,430760965365,401983.29,0
2047-04-12,8.7344,8.7344,8.7344,8.7344,56840000,0.00%,635978365,430760965365,496463.3,0
2047-04-15,8.7344,8.7344,8.7344,8.7344,66091000,0.00%,569887365,430760965365,577265.23,0
2047-04-16,8.7344,8.7344,8.7344,8.7344,76589000,0.00%,493298365,430760965365,668958.96,0
2047-04-17,8.7344,8.7344,8.7344,8.7344,62756000,0.00%,430542365,430760965365,548136.01,0
2047-04-18,8.7344,8.7344,8.7344,8.7344,43964000,0.00%,386578365,430760965365,383999.16,0
2047-04-23,8.7344,8.7344,8.7344,8.7344,51446000,0.00%,335132365,430760965365,449349.94,0
2047-04-24,8.7344,8.7344,8.7344,8.7344,31465000,0.00%,303667365,430760965365,274827.9,0
2047-04-25,8.7344,8.7344,8.7344,8.7344,74646000,0.00%,229021365,430760965365,651988.02,0
2047-04-26,8.7344,8.7344,8.7344,8.7344,81287000,0.00%,147734365,430760965365,709993.17,0
2047-04-29,8.7344,8.7344,8.7344,8.7344,74791000,0.00%,72943365,430760965365,653254.51,0
2047-04-30,8.7344,8.7432,8.7432,8.7344,79141000,0.10%,1192787742,431959950742,691945.59,1198985376
2047-05-01,8.7432,8.7432,8.7432,8.7432,67889000,0.00%,1124898742,431959950742,593567.1,0
2047-05-02,8.7432,8.7432,8.7432,8.7432,61567000,0.00%,1063331742,431959950742,538292.59,0
2047-05-03,8.7432,8.7432,8.7432,8.7432,137663000,0.00%,925668742,431959950742,1203615.14,0
2047-05-07,8.7432,8.7432,8.7432,8.7432,74153000,0.00%,851515742,431959950742,648334.51,0
2047-05-08,8.7432,8.7432,8.7432,8.7432,40890000,0.00%,810625742,431959950742,357509.45,0
2047-05-09,8.7432,8.7432,8.7432,8.7432,62031000,0.00%,748594742,431959950742,542349.44,0
2047-05-10,8.7432,8.7432,8.7432,8.7432,66468000,0.00%,682126742,431959950742,581143.02,0
2047-05-14,8.7432,8.7432,8.7432,8.7432,82360000,0.00%,599766742,431959950742,720089.95,0
2047-05-15,8.7432,8.7432,8.7432,8.7432,70615000,0.00%,529151742,431959950742,617401.07,0
2047-05-16,8.7432,8.7432,8.7432,8.7432,58058000,0.00%,471093742,431959950742,507612.71,0
2047-05-17,8.7432,8.7432,8.7432,8.7432,56521000,0.00%,414572742,431959950742,494174.41,0
2047-05-20,8.7432,8.7432,8.7432,8.7432,45124000,0.00%,369448742,431959950742,394528.16,0
2047-05-21,8.7432,8.7432,8.7432,8.7432,87348000,0.00%,282100742,431959950742,763701.03,0
2047-05-22,8.7432,8.7432,8.7432,8.7432,82186000,0.00%,199914742,431959950742,718568.64,0
2047-05-23,8.7432,8.7432,8.7432,8.7432,174435000,0.00%,25479742,431959950742,1525120.09,0
2047-05-24,8.7432,8.7519,8.7519,8.7432,82157000,0.10%,1124957147,433141585147,719029.85,1181634405
2047-05-27,8.7519,8.7519,8.7519,8.7519,49387000,0.00%,1075570147,433141585147,432230.09,0
2047-05-28,8.7519,8.7519,8.7519,8.7519,57130000,0.00%,1018440147,433141585147,499996.05,0
2047-05-29,8.7519,8.7519,8.7519,8.7519,62495000,0.00%,955945147,433141585147,546949.99,0
2047-05-30,8.7519,8.7519,8.7519,8.7519,53650000,0.00%,902295147,433141585147,469539.43,0
2047-05-31,8.7519,8.7519,8.7519,8.7519,60204000,0.00%,842091147,433141585147,526899.39,0
2047-06-03,8.7519,8.7519,8.7519,8.7519,64670000,0.00%,777421147,433141585147,565985.37,0
2047-06-04,8.7519,8.7519,8.7519,8.7519,187804000,0.00%,589617147,433141585147,1643641.83,0
2047-06-05,8.7519,8.7519,8.7519,8.7519,78068000,0.00%,511549147,433141585147,683243.33,0
2047-06-06,8.7519,8.7519,8.7519,8.7519,41122000,0.00%,470427147,433141585147,359895.63,0
2047-06-10,8.7519,8.7519,8.7519,8.7519,69310000,0.00%,401117147,433141585147,606594.19,0
2047-06-11,8.7519,8.7519,8.7519,8.7519,78561000,0.00%,322556147,433141585147,687558.02,0
2047-06-12,8.7519,8.7519,8.7519,8.7519,137692000,0.00%,184864147,433141585147,1205066.61,0
2047-06-13,8.7519,8.7519,8.7519,8.7519,113535000,0.00%,71329147,433141585147,993646.97,0
2047-06-14,8.7519,8.7607,8.7607,8.7519,86304000,0.10%,1159058849,434315618849,756083.45,1174033701
2047-06-17,8.7607,8.7607,8.7607,8.7607,72326000,0.00%,1086732849,434315618849,633626.39,0
2047-06-18,8.7607,8.7607,8.7607,8.7607,47299000,0.00%,1039433849,434315618849,414372.35,0
2047-06-19,8.7607,8.7607,8.7607,8.7607,61596000,0.00%,977837849,434315618849,539624.08,0
2047-06-20,8.7607,8.7607,8.7607,8.7607,64206000,0.00%,913631849,434315618849,562489.5,0
2047-06-21,8.7607,8.7607,8.7607,8.7607,56492000,0.00%,857139849,434315618849,494909.46,0
2047-06-24,8.7607,8.7607,8.7607,8.7607,33756000,0.00%,823383849,434315618849,295726.19,0
2047-06-25,8.7607,8.7607,8.7607,8.7607,43529000,0.00%,779854849,434315618849,381344.51,0
2047-06-26,8.7607,8.7607,8.7607,8.7607,39759000,0.00%,740095849,434315618849,348316.67,0
2047-06-27,8.7607,8.7607,8.7607,8.7607,36598000,0.00%,703497849,434315618849,320624.1,0
2047-06-28,8.7607,8.7607,8.7607,8.7607,52780000,0.00%,650717849,434315618849,462389.75,0
2047-07-01,8.7607,8.7607,8.7607,8.7607,166460000,0.00%,484257849,434315618849,1458306.12,0
2047-07-02,8.7607,8.7607,8.7607,8.7607,169911000,0.00%,314346849,434315618849,1488539.3,0
2047-07-03,8.7607,8.7607,8.7607,8.7607,101442000,0.00%,212904849,434315618849,888702.93,0
2047-07-04,8.7607,8.7607,8.7607,8.7607,96831000,0.00%,116073849,434315618849,848307.34,0
2047-07-08,8.7607,8.7607,8.7607,8.7607,111534000,0.00%,4539849,434315618849,977115.91,0
2047-07-09,8.7607,8.7694,8.7694,8.7607,56521000,0.10%,1125124571,435492724571,495655.26,1177105722
2047-07-10,8.7694,8.7694,8.7694,8.7694,71978000,0.00%,1053146571,435492724571,631203.87,0
2047-07-11,8.7694,8.7694,8.7694,8.7694,55071000,0.00%,998075571,435492724571,482939.63,0
2047-07-12,8.7694,8.7694,8.7694,8.7694,54375000,0.00%,943700571,435492724571,476836.12,0
2047-07-15,8.7694,8.7694,8.7694,8.7694,59740000,0.00%,883960571,435492724571,523883.96,0
2047-07-16,8.7694,8.7694,8.7694,8.7694,50199000,0.00%,833761571,435492724571,440215.11,0
2047-07-17,8.7694,8.7694,8.7694,8.7694,49677000,0.00%,784084571,435492724571,435637.48,0
2047-07-18,8.7694,8.7694,8.7694,8.7694,48633000,0.00%,735451571,435492724571,426482.23,0
2047-07-19,8.7694,8.7694,8.7694,8.7694,76357000,0.00%,659094571,435492724571,669605.08,0
2047-07-22,8.7694,8.7694,8.7694,8.7694,59073000,0.00%,600021571,435492724571,518034.77,0
2047-07-23,8.7694,8.7694,8.7694,8.7694,36714000,0.00%,563307571,435492724571,321959.75,0
2047-07-24,8.7694,8.7694,8.7694,8.7694,46342000,0.00%,516965571,435492724571,406391.53,0
2047-07-25,8.7694,8.7694,8.7694,8.7694,55419000,0.00%,461546571,435492724571,485991.38,0
2047-07-26,8.7694,8.7694,8.7694,8.7694,43732000,0.00%,417814571,435492724571,383503.4,0
2047-07-29,8.7694,8.7694,8.7694,8.7694,48865000,0.00%,368949571,435492724571,428516.73,0
2047-07-30,8.7694,8.7694,8.7694,8.7694,40194000,0.00%,328755571,435492724571,352477.26,0
2047-07-31,8.7694,8.7694,8.7694,8.7694,57478000,0.00%,271277571,435492724571,504047.57,0
2047-08-01,8.7694,8.7694,8.7694,8.7694,44515000,0.00%,226762571,435492724571,390369.84,0
2047-08-02,8.7694,8.7694,8.7694,8.7694,107851000,0.00%,118911571,435492724571,945788.56,0
2047-08-05,8.7694,8.7694,8.7694,8.7694,115971000,0.00%,2940571,435492724571,1016996.09,0
2047-08-06,8.7694,8.7782,8.7782,8.7694,123801000,0.10%,1041132529,436654717529,1086749.94,1161992957
2047-08-07,8.7782,8.7782,8.7782,8.7782,79460000,0.00%,961672529,436654717529,697515.77,0
2047-08-08,8.7782,8.7782,8.7782,8.7782,57391000,0.00%,904281529,436654717529,503789.68,0
2047-08-09,8.7782,8.7782,8.7782,8.7782,47676000,0.00%,856605529,436654717529,418509.46,0
2047-08-12,8.7782,8.7782,8.7782,8.7782,43645000,0.00%,812960529,436654717529,383124.54,0
2047-08-13,8.7782,8.7782,8.7782,8.7782,41151000,0.00%,771809529,436654717529,361231.71,0
2047-08-14,8.7782,8.7782,8.7782,8.7782,44544000,0.00%,727265529,436654717529,391016.14,0
2047-08-15,8.7782,8.7782,8.7782,8.7782,43094000,0.00%,684171529,436654717529,378287.75,0
2047-08-16,8.7782,8.7782,8.7782,8.7782,31842000,0.00%,652329529,436654717529,279515.44,0
2047-08-19,8.7782,8.7782,8.7782,8.7782,33698000,0.00%,618631529,436654717529,295807.78,0
2047-08-20,8.7782,8.7782,8.7782,8.7782,68237000,0.00%,550394529,436654717529,598998.03,0
2047-08-21,8.7782,8.7782,8.7782,8.7782,51098000,0.00%,499296529,436654717529,448548.46,0
2047-08-22,8.7782,8.7782,8.7782,8.7782,93409000,0.00%,405887529,436654717529,819962.88,0
2047-08-23,8.7782,8.7782,8.7782,8.7782,67483000,0.00%,338404529,436654717529,592379.27,0
2047-08-26,8.7782,8.7782,8.7782,8.7782,42862000,0.00%,295542529,436654717529,376251.21,0
2047-08-27,8.7782,8.7782,8.7782,8.7782,39237000,0.00%,256305529,436654717529,344430.23,0
2047-08-28,8.7782,8.7782,8.7782,8.7782,37845000,0.00%,218460529,436654717529,332210.98,0
2047-08-29,8.7782,8.7782,8.7782,8.7782,56376000,0.00%,162084529,436654717529,494879.8,0
2047-08-30,8.7782,8.7782,8.7782,8.7782,53882000,0.00%,108202529,436654717529,472986.97,0
2047-09-02,8.7782,8.7782,8.7782,8.7782,35931000,0.00%,72271529,436654717529,315409.5,0
2047-09-03,8.7782,8.7782,8.7782,8.7782,40716000,0.00%,31555529,436654717529,357413.19,0
2047-09-04,8.7782,8.787,8.787,8.7782,76009000,0.10%,1067546561,437766717561,667891.08,1112000032
2047-09-05,8.787,8.787,8.787,8.787,69397000,0.00%,998149561,437766717561,609791.44,0
2047-09-06,8.787,8.787,8.787,8.787,73921000,0.00%,924228561,437766717561,649543.83,0
2047-09-09,8.787,8.787,8.787,8.787,59073000,0.00%,865155561,437766717561,519074.45,0
2047-09-10,8.787,8.787,8.787,8.787,47067000,0.00%,818088561,437766717561,413577.73,0
2047-09-11,8.787,8.787,8.787,8.787,44022000,0.00%,774066561,437766717561,386821.31,0
2047-09-12,8.787,8.787,8.787,8.787,68353000,0.00%,705713561,437766717561,600617.81,0
2047-09-13,8.787,8.787,8.787,8.787,49764000,0.00%,655949561,437766717561,437276.27,0
2047-09-17,8.787,8.787,8.787,8.787,49793000,0.00%,606156561,437766717561,437531.09,0
2047-09-18,8.787,8.787,8.787,8.787,52171000,0.00%,553985561,437766717561,458426.58,0
2047-09-19,8.787,8.787,8.787,8.787,38628000,0.00%,515357561,437766717561,339424.24,0
2047-09-20,8.787,8.787,8.787,8.787,72326000,0.00%,443031561,437766717561,635528.56,0
2047-09-23,8.787,8.787,8.787,8.787,66468000,0.00%,376563561,437766717561,584054.32,0
2047-09-24,8.787,8.787,8.787,8.787,43906000,0.00%,332657561,437766717561,385802.02,0
2047-09-25,8.787,8.787,8.787,8.787,46661000,0.00%,285996561,437766717561,410010.21,0
2047-09-26,8.787,8.787,8.787,8.787,50866000,0.00%,235130561,437766717561,446959.54,0
2047-09-27,8.787,8.787,8.787,8.787,57043000,0.00%,178087561,437766717561,501236.84,0
2047-09-30,8.787,8.787,8.787,8.787,71485000,0.00%,106602561,437766717561,628138.7,0
2047-10-01,8.787,8.787,8.787,8.787,65917000,0.00%,40685561,437766717561,579212.68,0
2047-10-02,8.787,8.7958,8.7958,8.787,64264000,0.10%,1046940117,438837236117,565253.29,1070518555
2047-10-03,8.7958,8.7958,8.7958,8.7958,58464000,0.00%,988476117,438837236117,514237.65,0
2047-10-04,8.7958,8.7958,8.7958,8.7958,65134000,0.00%,923342117,438837236117,572905.64,0
2047-10-07,8.7958,8.7958,8.7958,8.7958,40571000,0.00%,882771117,438837236117,356854.4,0
2047-10-09,8.7958,8.7958,8.7958,8.7958,52606000,0.00%,830165117,438837236117,462711.85,0
2047-10-10,8.7958,8.7958,8.7958,8.7958,30073000,0.00%,800092117,438837236117,264516.09,0
2047-10-11,8.7958,8.7958,8.7958,8.7958,28942000,0.00%,771150117,438837236117,254568.04,0
2047-10-14,8.7958,8.7958,8.7958,8.7958,45472000,0.00%,725678117,438837236117,399962.62,0
2047-10-15,8.7958,8.7958,8.7958,8.7958,61828000,0.00%,663850117,438837236117,543826.72,0
2047-10-16,8.7958,8.7958,8.7958,8.7958,92887000,0.00%,570963117,438837236117,817015.47,0
2047-10-17,8.7958,8.7958,8.7958,8.7958,64264000,0.00%,506699117,438837236117,565253.29,0
2047-10-18,8.7958,8.7958,8.7958,8.7958,91234000,0.00%,415465117,438837236117,802476.02,0
2047-10-21,8.7958,8.7958,8.7958,8.7958,76328000,0.00%,339137117,438837236117,671365.82,0
2047-10-22,8.7958,8.7958,8.7958,8.7958,64177000,0.00%,274960117,438837236117,564488.06,0
2047-10-23,8.7958,8.7958,8.7958,8.7958,60784000,0.00%,214176117,438837236117,534643.91,0
2047-10-24,8.7958,8.7958,8.7958,8.7958,143289000,0.00%,70887117,438837236117,1260341.39,0
2047-10-25,8.7958,8.8046,8.8046,8.7958,76995000,0.10%,1012192969,439855536969,677910.18,1018300851
2047-10-28,8.8046,8.8046,8.8046,8.8046,246703000,0.00%,765489969,439855536969,2172121.23,0
2047-10-29,8.8046,8.8046,8.8046,8.8046,211758000,0.00%,553731969,439855536969,1864444.49,0
2047-10-30,8.8046,8.8046,8.8046,8.8046,146015000,0.00%,407716969,439855536969,1285603.67,0
2047-10-31,8.8046,8.8046,8.8046,8.8046,123888000,0.00%,283828969,439855536969,1090784.28,0
2047-11-01,8.8046,8.8046,8.8046,8.8046,118407000,0.00%,165421969,439855536969,1042526.27,0
2047-11-04,8.8046,8.8046,8.8046,8.8046,143579000,0.00%,21842969,439855536969,1264155.66,0
2047-11-05,8.8046,8.8134,8.8134,8.8046,225736000,0.10%,840618113,440900048113,1989501.66,1044511144
2047-11-06,8.8134,8.8134,8.8134,8.8134,101935000,0.00%,738683113,440900048113,898393.93,0
2047-11-07,8.8134,8.8134,8.8134,8.8134,88827000,0.00%,649856113,440900048113,782867.88,0
2047-11-08,8.8134,8.8134,8.8134,8.8134,194764000,0.00%,455092113,440900048113,1716533.04,0
2047-11-11,8.8134,8.8134,8.8134,8.8134,127542000,0.00%,327550113,440900048113,1124078.66,0
2047-11-12,8.8134,8.8134,8.8134,8.8134,68266000,0.00%,259284113,440900048113,601655.56,0
2047-11-13,8.8134,8.8134,8.8134,8.8134,91814000,0.00%,167470113,440900048113,809193.51,0
2047-11-14,8.8134,8.8134,8.8134,8.8134,67454000,0.00%,100016113,440900048113,594499.08,0
2047-11-15,8.8134,8.8222,8.8222,8.8134,153729000,0.10%,988634854,441942395854,1356227.98,1042347741
2047-11-18,8.8222,8.8222,8.8222,8.8222,140360000,0.00%,848274854,441942395854,1238283.99,0
2047-11-19,8.8222,8.8222,8.8222,8.8222,182990000,0.00%,665284854,441942395854,1614374.38,0
2047-11-20,8.8222,8.8222,8.8222,8.8222,179191000,0.00%,486093854,441942395854,1580858.84,0
2047-11-21,8.8222,8.8222,8.8222,8.8222,202478000,0.00%,283615854,441942395854,1786301.41,0
2047-11-22,8.8222,8.8222,8.8222,8.8222,129804000,0.00%,153811854,441942395854,1145156.85,0
2047-11-25,8.8222,8.8222,8.8222,8.8222,90799000,0.00%,63012854,441942395854,801046.94,0
2047-11-26,8.8222,8.831,8.831,8.8222,82534000,0.10%,1043211318,443005128318,728857.75,1062732463
2047-11-27,8.831,8.831,8.831,8.831,67802000,0.00%,975409318,443005128318,598759.46,0
2047-11-28,8.831,8.831,8.831,8.831,49793000,0.00%,925616318,443005128318,439721.98,0
2047-11-29,8.831,8.831,8.831,8.831,90828000,0.00%,834788318,443005128318,802102.07,0
2047-12-02,8.831,8.831,8.831,8.831,97150000,0.00%,737638318,443005128318,857931.65,0
2047-12-03,8.831,8.831,8.831,8.831,96106000,0.00%,641532318,443005128318,848712.09,0
2047-12-04,8.831,8.831,8.831,8.831,135227000,0.00%,506305318,443005128318,1194189.64,0
2047-12-05,8.831,8.831,8.831,8.831,132095000,0.00%,374210318,443005128318,1166530.95,0
2047-12-06,8.831,8.831,8.831,8.831,72761000,0.00%,301449318,443005128318,642552.39,0
2047-12-09,8.831,8.831,8.831,8.831,173507000,0.00%,127942318,443005128318,1532240.32,0
2047-12-10,8.831,8.831,8.831,8.831,84274000,0.00%,43668318,443005128318,744223.69,0
2047-12-11,8.831,8.8398,8.8398,8.831,119219000,0.10%,997795751,444078474751,1053872.12,1073346433
2047-12-12,8.8398,8.8398,8.8398,8.8398,98861000,0.00%,898934751,444078474751,873911.47,0
2047-12-13,8.8398,8.8398,8.8398,8.8398,117160000,0.00%,781774751,444078474751,1035670.97,0
2047-12-16,8.8398,8.8398,8.8398,8.8398,59479000,0.00%,722295751,444078474751,525782.46,0
2047-12-17,8.8398,8.8398,8.8398,8.8398,58899000,0.00%,663396751,444078474751,520655.38,0
2047-12-18,8.8398,8.8398,8.8398,8.8398,70296000,0.00%,593100751,444078474751,621402.58,0
2047-12-19,8.8398,8.8398,8.8398,8.8398,54984000,0.00%,538116751,444078474751,486047.56,0
2047-12-20,8.8398,8.8398,8.8398,8.8398,72877000,0.00%,465239751,444078474751,644218.1,0
2047-12-23,8.8398,8.8398,8.8398,8.8398,72210000,0.00%,393029751,444078474751,638321.96,0
2047-12-24,8.8398,8.8398,8.8398,8.8398,84274000,0.00%,308755751,444078474751,744965.31,0
2047-12-25,8.8398,8.8398,8.8398,8.8398,44428000,0.00%,264327751,444078474751,392734.63,0
2047-12-26,8.8398,8.8398,8.8398,8.8398,70325000,0.00%,194002751,444078474751,621658.94,0
2047-12-27,8.8398,8.8398,8.8398,8.8398,44950000,0.00%,149052751,444078474751,397349.01,0
2048-01-01,8.8398,8.8398,8.8398,8.8398,71360500,0.00%,77692251,444078474751,630812.55,0
2048-01-02,8.8398,8.8487,8.8487,8.8398,88765500,0.10%,1077278733,445166826733,785459.28,1088351981
2048-01-03,8.8487,8.8487,8.8487,8.8487,80269500,0.00%,997009233,445166826733,710280.72,0
2048-01-07,8.8487,8.8487,8.8487,8.8487,88382000,0.00%,908627233,445166826733,782065.8,0
2048-01-08,8.8487,8.8487,8.8487,8.8487,110418500,0.00%,798208733,445166826733,977060.18,0
2048-01-09,8.8487,8.8487,8.8487,8.8487,120360000,0.00%,677848733,445166826733,1065029.53,0
2048-01-10,8.8487,8.8487,8.8487,8.8487,79915500,0.00%,597933233,445166826733,707148.28,0
2048-01-13,8.8487,8.8487,8.8487,8.8487,83544000,0.00%,514389233,445166826733,739255.79,0
2048-01-14,8.8487,8.8487,8.8487,8.8487,58557500,0.00%,455831733,445166826733,518157.75,0
2048-01-15,8.8487,8.8487,8.8487,8.8487,105374000,0.00%,350457733,445166826733,932422.91,0
2048-01-16,8.8487,8.8487,8.8487,8.8487,119622500,0.00%,230835233,445166826733,1058503.62,0
2048-01-17,8.8487,8.8487,8.8487,8.8487,61861500,0.00%,168973733,445166826733,547393.86,0
2048-01-20,8.8487,8.8487,8.8487,8.8487,58970500,0.00%,110003233,445166826733,521812.26,0
2048-01-21,8.8487,8.8487,8.8487,8.8487,47495000,0.00%,62508233,445166826733,420269.01,0
2048-01-22,8.8487,8.8575,8.8575,8.8487,80004000,0.10%,1088762842,446273085342,708635.43,1106258609
2048-01-23,8.8575,8.8575,8.8575,8.8575,51182500,0.00%,1037580342,446273085342,453348.99,0
2048-01-24,8.8575,8.8575,8.8575,8.8575,49737000,0.00%,987843342,446273085342,440545.48,0
2048-01-30,8.8575,8.8575,8.8575,8.8575,70003500,0.00%,917839842,446273085342,620056.0,0
2048-01-31,8.8575,8.8575,8.8575,8.8575,54958500,0.00%,862881342,446273085342,486794.91,0
2048-02-03,8.8575,8.8575,8.8575,8.8575,158208500,0.00%,704672842,446273085342,1401331.79,0
2048-02-04,8.8575,8.8575,8.8575,8.8575,164492000,0.00%,540180842,446273085342,1456987.89,0
2048-02-05,8.8575,8.8575,8.8575,8.8575,92689000,0.00%,447491842,446273085342,820992.82,0
2048-02-06,8.8575,8.8575,8.8575,8.8575,70092000,0.00%,377399842,446273085342,620839.89,0
2048-02-07,8.8575,8.8575,8.8575,8.8575,76523000,0.00%,300876842,446273085342,677802.47,0
2048-02-10,8.8575,8.8575,8.8575,8.8575,75490500,0.00%,225386342,446273085342,668657.1,0
2048-02-11,8.8575,8.8575,8.8575,8.8575,58410000,0.00%,166976342,446273085342,517366.58,0
2048-02-12,8.8575,8.8575,8.8575,8.8575,50946500,0.00%,116029842,446273085342,451258.62,0
2048-02-13,8.8575,8.8575,8.8575,8.8575,78647000,0.00%,37382842,446273085342,696615.8,0
2048-02-14,8.8575,8.8664,8.8664,8.8575,72599500,0.10%,1084488799,447392790799,643696.21,1119705456
2048-02-17,8.8664,8.8664,8.8664,8.8664,60062000,0.00%,1024426799,447392790799,532533.72,0
2048-02-18,8.8664,8.8664,8.8664,8.8664,52893500,0.00%,971533299,447392790799,468974.93,0
2048-02-19,8.8664,8.8664,8.8664,8.8664,48675000,0.00%,922858299,447392790799,431572.02,0
2048-02-20,8.8664,8.8664,8.8664,8.8664,64634500,0.00%,858223799,447392790799,573075.33,0
2048-02-21,8.8664,8.8664,8.8664,8.8664,52274000,0.00%,805949799,447392790799,463482.19,0
2048-02-24,8.8664,8.8664,8.8664,8.8664,36314500,0.00%,769635299,447392790799,321978.88,0
2048-02-25,8.8664,8.8664,8.8664,8.8664,86464500,0.00%,683170799,447392790799,766628.84,0
2048-02-26,8.8664,8.8664,8.8664,8.8664,97792500,0.00%,585378299,447392790799,867067.42,0
2048-02-27,8.8664,8.8664,8.8664,8.8664,57318500,0.00%,528059799,447392790799,508208.75,0
2048-02-28,8.8664,8.8664,8.8664,8.8664,72039000,0.00%,456020799,447392790799,638726.59,0
2048-03-02,8.8664,8.8664,8.8664,8.8664,60416000,0.00%,395604799,447392790799,535672.42,0
2048-03-03,8.8664,8.8664,8.8664,8.8664,76729500,0.00%,318875299,447392790799,680314.44,0
2048-03-04,8.8664,8.8664,8.8664,8.8664,105049500,0.00%,213825799,447392790799,931410.89,0
2048-03-05,8.8664,8.8664,8.8664,8.8664,43660000,0.00%,170165799,447392790799,387107.02,0
2048-03-06,8.8664,8.8664,8.8664,8.8664,52451000,0.00%,117714799,447392790799,465051.55,0
2048-03-09,8.8664,8.8664,8.8664,8.8664,37258500,0.00%,80456299,447392790799,330348.76,0
2048-03-10,8.8664,8.8664,8.8664,8.8664,50268000,0.00%,30188299,447392790799,445696.2,0
2048-03-11,8.8664,8.8752,8.8752,8.8664,62569500,0.10%,1089499566,448514671566,555316.83,1121880767
2048-03-12,8.8752,8.8752,8.8752,8.8752,50946500,0.00%,1038553066,448514671566,452160.38,0
2048-03-13,8.8752,8.8752,8.8752,8.8752,110920000,0.00%,927633066,448514671566,984437.18,0
2048-03-16,8.8752,8.8752,8.8752,8.8752,80033500,0.00%,847599566,448514671566,710313.32,0
2048-03-17,8.8752,8.8752,8.8752,8.8752,62894000,0.00%,784705566,448514671566,558196.83,0
2048-03-18,8.8752,8.8752,8.8752,8.8752,48881500,0.00%,735824066,448514671566,433833.09,0
2048-03-19,8.8752,8.8752,8.8752,8.8752,70003500,0.00%,665820566,448514671566,621295.06,0
2048-03-20,8.8752,8.8752,8.8752,8.8752,85638500,0.00%,580182066,448514671566,760058.82,0
2048-03-23,8.8752,8.8752,8.8752,8.8752,60298000,0.00%,519884066,448514671566,535156.81,0
2048-03-24,8.8752,8.8752,8.8752,8.8752,62776000,0.00%,457108066,448514671566,557149.56,0
2048-03-25,8.8752,8.8752,8.8752,8.8752,57967500,0.00%,399140566,448514671566,514473.16,0
2048-03-26,8.8752,8.8752,8.8752,8.8752,138207500,0.00%,260933066,448514671566,1226619.2,0
2048-03-27,8.8752,8.8752,8.8752,8.8752,97999000,0.00%,162934066,448514671566,869760.72,0
2048-03-30,8.8752,8.8752,8.8752,8.8752,76110000,0.00%,86824066,448514671566,675491.47,0
2048-03-31,8.8752,8.8841,8.8841,8.8752,92453000,0.10%,1135960995,449656261495,821361.7,1141589929
2048-04-01,8.8841,8.8841,8.8841,8.8841,106495000,0.00%,1029465995,449656261495,946112.23,0
2048-04-02,8.8841,8.8841,8.8841,8.8841,74458000,0.00%,955007995,449656261495,661492.32,0
2048-04-03,8.8841,8.8841,8.8841,8.8841,76582000,0.00%,878425995,449656261495,680362.15,0
2048-04-06,8.8841,8.8841,8.8841,8.8841,55371500,0.00%,823054495,449656261495,491925.94,0
2048-04-07,8.8841,8.8841,8.8841,8.8841,42037500,0.00%,781016995,449656261495,373465.35,0
2048-04-09,8.8841,8.8841,8.8841,8.8841,44102500,0.00%,736914495,449656261495,391811.02,0
2048-04-14,8.8841,8.8841,8.8841,8.8841,64693500,0.00%,672220995,449656261495,574743.52,0
2048-04-15,8.8841,8.8841,8.8841,8.8841,119386500,0.00%,552834495,449656261495,1060641.6,0
2048-04-16,8.8841,8.8841,8.8841,8.8841,73632000,0.00%,479202495,449656261495,654154.05,0
2048-04-17,8.8841,8.8841,8.8841,8.8841,37583000,0.00%,441619495,449656261495,333891.13,0
2048-04-20,8.8841,8.8841,8.8841,8.8841,46344500,0.00%,395274995,449656261495,411729.17,0
2048-04-21,8.8841,8.8841,8.8841,8.8841,40385500,0.00%,354889495,449656261495,358788.82,0
2048-04-22,8.8841,8.8841,8.8841,8.8841,48026000,0.00%,306863495,449656261495,426667.79,0
2048-04-23,8.8841,8.8841,8.8841,8.8841,31063500,0.00%,275799995,449656261495,275971.24,0
2048-04-24,8.8841,8.8841,8.8841,8.8841,48734000,0.00%,227065995,449656261495,432957.73,0
2048-04-27,8.8841,8.8841,8.8841,8.8841,60386500,0.00%,166679495,449656261495,536479.7,0
2048-04-28,8.8841,8.8841,8.8841,8.8841,61802500,0.00%,104876995,449656261495,549059.59,0
2048-04-29,8.8841,8.8841,8.8841,8.8841,73809000,0.00%,31067995,449656261495,655726.54,0
2048-04-30,8.8841,8.893,8.893,8.8841,43542000,0.10%,1133338664,450802074164,387219.01,1145812668
2048-05-01,8.893,8.893,8.893,8.893,45400500,0.00%,1087938164,450802074164,403746.65,0
2048-05-05,8.893,8.893,8.893,8.893,25517500,0.00%,1062420664,450802074164,226927.13,0
2048-05-06,8.893,8.893,8.893,8.893,31122500,0.00%,1031298164,450802074164,276772.39,0
2048-05-07,8.893,8.893,8.893,8.893,51861000,0.00%,979437164,450802074164,461199.87,0
2048-05-08,8.893,8.893,8.893,8.893,43689500,0.00%,935747664,450802074164,388530.72,0
2048-05-11,8.893,8.893,8.893,8.893,31624000,0.00%,904123664,450802074164,281232.23,0
2048-05-12,8.893,8.893,8.893,8.893,69443000,0.00%,834680664,450802074164,617556.6,0
2048-05-13,8.893,8.893,8.893,8.893,45931500,0.00%,788749164,450802074164,408468.83,0
2048-05-14,8.893,8.893,8.893,8.893,51831500,0.00%,736917664,450802074164,460937.53,0
2048-05-15,8.893,8.893,8.893,8.893,53070500,0.00%,683847164,450802074164,471955.96,0
2048-05-18,8.893,8.893,8.893,8.893,70033000,0.00%,613814164,450802074164,622803.47,0
2048-05-19,8.893,8.893,8.893,8.893,41654000,0.00%,572160164,450802074164,370429.02,0
2048-05-20,8.893,8.893,8.893,8.893,57702000,0.00%,514458164,450802074164,513143.89,0
2048-05-21,8.893,8.893,8.893,8.893,101509500,0.00%,412948664,450802074164,902723.98,0
2048-05-22,8.893,8.893,8.893,8.893,66935500,0.00%,346013164,450802074164,595257.4,0
2048-05-25,8.893,8.893,8.893,8.893,59118000,0.00%,286895164,450802074164,525736.37,0
2048-05-26,8.893,8.893,8.893,8.893,44309000,0.00%,242586164,450802074164,394039.94,0
2048-05-27,8.893,8.893,8.893,8.893,39972500,0.00%,202613664,450802074164,355475.44,0
2048-05-28,8.893,8.893,8.893,8.893,76788500,0.00%,125825164,450802074164,682880.13,0
2048-06-01,8.893,8.893,8.893,8.893,85078000,0.00%,40747164,450802074164,756598.65,0
2048-06-02,8.893,8.9019,8.9019,8.893,64133000,0.10%,1107908964,451933368964,570905.55,1131294800
2048-06-03,8.9019,8.9019,8.9019,8.9019,94783500,0.00%,1013125464,451933368964,843753.24,0
2048-06-04,8.9019,8.9019,8.9019,8.9019,67702500,0.00%,945422964,451933368964,602680.88,0
2048-06-05,8.9019,8.9019,8.9019,8.9019,94577000,0.00%,850845964,451933368964,841915.0,0
2048-06-08,8.9019,8.9019,8.9019,8.9019,58675500,0.00%,792170464,451933368964,522323.43,0
2048-06-09,8.9019,8.9019,8.9019,8.9019,49265000,0.00%,742905464,451933368964,438552.1,0
2048-06-10,8.9019,8.9019,8.9019,8.9019,53837500,0.00%,689067964,451933368964,479256.04,0
2048-06-11,8.9019,8.9019,8.9019,8.9019,38733500,0.00%,650334464,451933368964,344801.74,0
2048-06-12,8.9019,8.9019,8.9019,8.9019,47731000,0.00%,602603464,451933368964,424896.59,0
2048-06-15,8.9019,8.9019,8.9019,8.9019,39795500,0.00%,562807964,451933368964,354255.56,0
2048-06-16,8.9019,8.9019,8.9019,8.9019,68204000,0.00%,494603964,451933368964,607145.19,0
2048-06-17,8.9019,8.9019,8.9019,8.9019,65136000,0.00%,429467964,451933368964,579834.16,0
2048-06-18,8.9019,8.9019,8.9019,8.9019,73779500,0.00%,355688464,451933368964,656777.73,0
2048-06-19,8.9019,8.9019,8.9019,8.9019,105757500,0.00%,249930964,451933368964,941442.69,0
2048-06-22,8.9019,8.9019,8.9019,8.9019,59796500,0.00%,190134464,451933368964,532302.46,0
2048-06-23,8.9019,8.9019,8.9019,8.9019,48026000,0.00%,142108464,451933368964,427522.65,0
2048-06-24,8.9019,8.9019,8.9019,8.9019,56935000,0.00%,85173464,451933368964,506829.68,0
2048-06-26,8.9019,8.9019,8.9019,8.9019,41005000,0.00%,44168464,451933368964,365022.41,0
2048-06-29,8.9019,8.9108,8.9108,8.9019,53572000,0.10%,1063850337,453006622837,477369.38,1073253872
2048-06-30,8.9108,8.9108,8.9108,8.9108,51595500,0.00%,1012254837,453006622837,459757.18,0
2048-07-01,8.9108,8.9108,8.9108,8.9108,46875500,0.00%,965379337,453006622837,417698.21,0
2048-07-02,8.9108,8.9108,8.9108,8.9108,39884000,0.00%,925495337,453006622837,355398.35,0
2048-07-03,8.9108,8.9108,8.9108,8.9108,47790000,0.00%,877705337,453006622837,425847.13,0
2048-07-06,8.9108,8.9108,8.9108,8.9108,41890000,0.00%,835815337,453006622837,373273.41,0
2048-07-07,8.9108,8.9108,8.9108,8.9108,27848000,0.00%,807967337,453006622837,248147.96,0
2048-07-08,8.9108,8.9108,8.9108,8.9108,29087000,0.00%,778880337,453006622837,259188.44,0
2048-07-09,8.9108,8.9108,8.9108,8.9108,58351000,0.00%,720529337,453006622837,519954.09,0
2048-07-10,8.9108,8.9108,8.9108,8.9108,63720000,0.00%,656809337,453006622837,567796.18,0
2048-07-13,8.9108,8.9108,8.9108,8.9108,51005500,0.00%,605803837,453006622837,454499.81,0
2048-07-14,8.9108,8.9108,8.9108,8.9108,36462000,0.00%,569341837,453006622837,324905.59,0
2048-07-15,8.9108,8.9108,8.9108,8.9108,49707500,0.00%,519634337,453006622837,442933.59,0
2048-07-16,8.9108,8.9108,8.9108,8.9108,80594000,0.00%,439040337,453006622837,718157.02,0
2048-07-17,8.9108,8.9108,8.9108,8.9108,62569500,0.00%,376470837,453006622837,557544.3,0
2048-07-21,8.9108,8.9108,8.9108,8.9108,85992500,0.00%,290478337,453006622837,766261.97,0
2048-07-22,8.9108,8.9108,8.9108,8.9108,64634500,0.00%,225843837,453006622837,575945.1,0
2048-07-23,8.9108,8.9108,8.9108,8.9108,48852000,0.00%,176991837,453006622837,435310.4,0
2048-07-24,8.9108,8.9108,8.9108,8.9108,34928000,0.00%,142063837,453006622837,311236.42,0
2048-07-27,8.9108,8.9108,8.9108,8.9108,51477500,0.00%,90586337,453006622837,458705.71,0
2048-07-28,8.9108,8.9108,8.9108,8.9108,86140000,0.00%,4446337,453006622837,767576.31,0
2048-07-29,8.9108,8.9197,8.9197,8.9108,44073000,0.10%,1022685182,454068934682,393117.94,1062311844
2048-07-30,8.9197,8.9197,8.9197,8.9197,40267500,0.00%,982417682,454068934682,359174.02,0
2048-07-31,8.9197,8.9197,8.9197,8.9197,65608000,0.00%,916809682,454068934682,585203.68,0
2048-08-03,8.9197,8.9197,8.9197,8.9197,108560000,0.00%,808249682,454068934682,968322.63,0
2048-08-04,8.9197,8.9197,8.9197,8.9197,69148000,0.00%,739101682,454068934682,616779.42,0
2048-08-05,8.9197,8.9197,8.9197,8.9197,62068000,0.00%,677033682,454068934682,553627.94,0
2048-08-06,8.9197,8.9197,8.9197,8.9197,49147000,0.00%,627886682,454068934682,438376.5,0
2048-08-07,8.9197,8.9197,8.9197,8.9197,56345000,0.00%,571541682,454068934682,502580.5,0
2048-08-10,8.9197,8.9197,8.9197,8.9197,27966000,0.00%,543575682,454068934682,249448.33,0
2048-08-11,8.9197,8.9197,8.9197,8.9197,45371000,0.00%,498204682,454068934682,404695.71,0
2048-08-12,8.9197,8.9197,8.9197,8.9197,35164000,0.00%,463040682,454068934682,313652.33,0
2048-08-13,8.9197,8.9197,8.9197,8.9197,33010500,0.00%,430030182,454068934682,294443.76,0
2048-08-14,8.9197,8.9197,8.9197,8.9197,36285000,0.00%,393745182,454068934682,323651.31,0
2048-08-17,8.9197,8.9197,8.9197,8.9197,46462500,0.00%,347282682,454068934682,414431.56,0
2048-08-18,8.9197,8.9197,8.9197,8.9197,31830500,0.00%,315452182,454068934682,283918.51,0
2048-08-19,8.9197,8.9197,8.9197,8.9197,48616000,0.00%,266836182,454068934682,433640.14,0
2048-08-20,8.9197,8.9197,8.9197,8.9197,85019000,0.00%,181817182,454068934682,758343.97,0
2048-08-21,8.9197,8.9197,8.9197,8.9197,53424500,0.00%,128392682,454068934682,476530.51,0
2048-08-24,8.9197,8.9197,8.9197,8.9197,75815000,0.00%,52577682,454068934682,676247.06,0
2048-08-25,8.9197,8.9286,8.9286,8.9197,72806000,0.10%,1022887629,455112050629,650055.65,1043115946
2048-08-26,8.9286,8.9286,8.9286,8.9286,50858000,0.00%,972029629,455112050629,454090.74,0
2048-08-27,8.9286,8.9286,8.9286,8.9286,65903000,0.00%,906126629,455112050629,588421.53,0
2048-08-28,8.9286,8.9286,8.9286,8.9286,36993000,0.00%,869133629,455112050629,330295.7,0
2048-08-31,8.9286,8.9286,8.9286,8.9286,57230000,0.00%,811903629,455112050629,510983.78,0
2048-09-01,8.9286,8.9286,8.9286,8.9286,45371000,0.00%,766532629,455112050629,405099.51,0
2048-09-02,8.9286,8.9286,8.9286,8.9286,44810500,0.00%,721722129,455112050629,400095.03,0
2048-09-03,8.9286,8.9286,8.9286,8.9286,146733000,0.00%,574989129,455112050629,1310120.26,0
2048-09-07,8.9286,8.9286,8.9286,8.9286,90712500,0.00%,484276629,455112050629,809935.63,0
2048-09-08,8.9286,8.9286,8.9286,8.9286,39087500,0.00%,445189129,455112050629,348996.65,0
2048-09-09,8.9286,8.9286,8.9286,8.9286,48645500,0.00%,396543629,455112050629,434336.21,0
2048-09-10,8.9286,8.9286,8.9286,8.9286,49324000,0.00%,347219629,455112050629,440394.27,0
2048-09-14,8.9286,8.9286,8.9286,8.9286,55489500,0.00%,291730129,455112050629,495443.55,0
2048-09-15,8.9286,8.9286,8.9286,8.9286,30680000,0.00%,261050129,455112050629,273929.45,0
2048-09-16,8.9286,8.9286,8.9286,8.9286,31447000,0.00%,229603129,455112050629,280777.68,0
2048-09-17,8.9286,8.9286,8.9286,8.9286,29942500,0.00%,199660629,455112050629,267344.61,0
2048-09-18,8.9286,8.9286,8.9286,8.9286,56699000,0.00%,142961629,455112050629,506242.69,0
2048-09-21,8.9286,8.9286,8.9286,8.9286,43483000,0.00%,99478629,455112050629,388242.31,0
2048-09-22,8.9286,8.9286,8.9286,8.9286,45961000,0.00%,53517629,455112050629,410367.38,0
2048-09-23,8.9286,8.9286,8.9286,8.9286,40297000,0.00%,13220629,455112050629,359795.79,0
2048-09-24,8.9286,8.9376,8.9376,8.9286,56404000,0.10%,974058855,456129292855,504116.39,1017242226
2048-09-25,8.9376,8.9376,8.9376,8.9376,62658000,0.00%,911400855,456129292855,560012.14,0
2048-09-28,8.9376,8.9376,8.9376,8.9376,54014500,0.00%,857386355,456129292855,482760.0,0
2048-09-29,8.9376,8.9376,8.9376,8.9376,46964000,0.00%,810422355,456129292855,419745.45,0
2048-09-30,8.9376,8.9376,8.9376,8.9376,41890000,0.00%,768532355,456129292855,374396.06,0
2048-10-01,8.9376,8.9376,8.9376,8.9376,46020000,0.00%,722512355,456129292855,411308.35,0
2048-10-02,8.9376,8.9376,8.9376,8.9376,33187500,0.00%,689324855,456129292855,296616.6,0
2048-10-06,8.9376,8.9376,8.9376,8.9376,44604000,0.00%,644720855,456129292855,398652.71,0
2048-10-07,8.9376,8.9376,8.9376,8.9376,32273000,0.00%,612447855,456129292855,288443.16,0
2048-10-08,8.9376,8.9376,8.9376,8.9376,31860000,0.00%,580587855,456129292855,284751.94,0
2048-10-09,8.9376,8.9376,8.9376,8.9376,32686000,0.00%,547901855,456129292855,292134.39,0
2048-10-12,8.9376,8.9376,8.9376,8.9376,33630000,0.00%,514271855,456129292855,300571.49,0
2048-10-13,8.9376,8.9376,8.9376,8.9376,48527500,0.00%,465744355,456129292855,433719.38,0
2048-10-14,8.9376,8.9376,8.9376,8.9376,48439000,0.00%,417305355,456129292855,432928.41,0
2048-10-15,8.9376,8.9376,8.9376,8.9376,39677500,0.00%,377627855,456129292855,354621.62,0
2048-10-16,8.9376,8.9376,8.9376,8.9376,39441500,0.00%,338186355,456129292855,352512.35,0
2048-10-19,8.9376,8.9376,8.9376,8.9376,36727500,0.00%,301458855,456129292855,328255.7,0
2048-10-20,8.9376,8.9376,8.9376,8.9376,27140000,0.00%,274318855,456129292855,242566.46,0
2048-10-21,8.9376,8.9376,8.9376,8.9376,35400000,0.00%,238918855,456129292855,316391.04,0
2048-10-22,8.9376,8.9376,8.9376,8.9376,50799000,0.00%,188119855,456129292855,454021.14,0
2048-10-23,8.9376,8.9376,8.9376,8.9376,56669500,0.00%,131450355,456129292855,506489.32,0
2048-10-27,8.9376,8.9376,8.9376,8.9376,63779000,0.00%,67671355,456129292855,570031.19,0
2048-10-28,8.9376,8.9376,8.9376,8.9376,51654500,0.00%,16016855,456129292855,461667.26,0
2048-10-29,8.9376,8.9465,8.9465,8.9376,33777500,0.10%,979845843,457126899343,302190.4,997606487
2048-10-30,8.9465,8.9465,8.9465,8.9465,48557000,0.00%,931288843,457126899343,434415.2,0
2048-11-02,8.9465,8.9465,8.9465,8.9465,42362000,0.00%,888926843,457126899343,378991.63,0
2048-11-03,8.9465,8.9465,8.9465,8.9465,40503500,0.00%,848423343,457126899343,362364.56,0
2048-11-04,8.9465,8.9465,8.9465,8.9465,32479500,0.00%,815943843,457126899343,290577.85,0
2048-11-05,8.9465,8.9465,8.9465,8.9465,30916000,0.00%,785027843,457126899343,276589.99,0
2048-11-06,8.9465,8.9465,8.9465,8.9465,63661000,0.00%,721366843,457126899343,569543.14,0
2048-11-09,8.9465,8.9465,8.9465,8.9465,79237000,0.00%,642129843,457126899343,708893.82,0
2048-11-10,8.9465,8.9465,8.9465,8.9465,39530000,0.00%,602599843,457126899343,353655.15,0
2048-11-11,8.9465,8.9465,8.9465,8.9465,37996000,0.00%,564603843,457126899343,339931.21,0
2048-11-12,8.9465,8.9465,8.9465,8.9465,30296500,0.00%,534307343,457126899343,271047.64,0
2048-11-13,8.9465,8.9465,8.9465,8.9465,29116500,0.00%,505190843,457126899343,260490.77,0
2048-11-16,8.9465,8.9465,8.9465,8.9465,40090500,0.00%,465100343,457126899343,358669.66,0
2048-11-17,8.9465,8.9465,8.9465,8.9465,36816000,0.00%,428284343,457126899343,329374.34,0
2048-11-18,8.9465,8.9465,8.9465,8.9465,95727500,0.00%,332556843,457126899343,856426.08,0
2048-11-19,8.9465,8.9465,8.9465,8.9465,104135000,0.00%,228421843,457126899343,931643.78,0
2048-11-20,8.9465,8.9465,8.9465,8.9465,64811500,0.00%,163610343,457126899343,579836.08,0
2048-11-23,8.9465,8.9465,8.9465,8.9465,81951000,0.00%,81659343,457126899343,733174.62,0
2048-11-24,8.9465,8.9465,8.9465,8.9465,71360500,0.00%,10298843,457126899343,638426.71,0
2048-11-25,8.9465,8.9554,8.9554,8.9465,41801500,0.10%,970136239,458128538239,374349.15,1001638895
2048-11-26,8.9554,8.9554,8.9554,8.9554,42863500,0.00%,927272739,458128538239,383859.79,0
2048-11-27,8.9554,8.9554,8.9554,8.9554,44958000,0.00%,882314739,458128538239,402616.87,0
2048-11-30,8.9554,8.9554,8.9554,8.9554,36078500,0.00%,846236239,458128538239,323097.4,0
2048-12-01,8.9554,8.9554,8.9554,8.9554,44692500,0.00%,801543739,458128538239,400239.21,0
2048-12-02,8.9554,8.9554,8.9554,8.9554,49737000,0.00%,751806739,458128538239,445414.73,0
2048-12-03,8.9554,8.9554,8.9554,8.9554,89414500,0.00%,662392239,458128538239,800742.61,0
2048-12-04,8.9554,8.9554,8.9554,8.9554,44692500,0.00%,617699739,458128538239,400239.21,0
2048-12-07,8.9554,8.9554,8.9554,8.9554,43984500,0.00%,573715239,458128538239,393898.79,0
2048-12-08,8.9554,8.9554,8.9554,8.9554,70003500,0.00%,503711739,458128538239,626909.34,0
2048-12-09,8.9554,8.9554,8.9554,8.9554,46905000,0.00%,456806739,458128538239,420053.04,0
2048-12-10,8.9554,8.9554,8.9554,8.9554,40415000,0.00%,416391739,458128538239,361932.49,0
2048-12-11,8.9554,8.9554,8.9554,8.9554,48970000,0.00%,367421739,458128538239,438545.94,0
2048-12-14,8.9554,8.9554,8.9554,8.9554,54280000,0.00%,313141739,458128538239,486099.11,0
2048-12-15,8.9554,8.9554,8.9554,8.9554,38350000,0.00%,274791739,458128538239,343439.59,0
2048-12-16,8.9554,8.9554,8.9554,8.9554,41742500,0.00%,233049239,458128538239,373820.78,0
2048-12-17,8.9554,8.9554,8.9554,8.9554,50740000,0.00%,182309239,458128538239,454397.0,0
2048-12-18,8.9554,8.9554,8.9554,8.9554,91214000,0.00%,91095239,458128538239,816857.86,0
2048-12-21,8.9554,8.9554,8.9554,8.9554,35665500,0.00%,55429739,458128538239,319398.82,0
2048-12-22,8.9554,8.9554,8.9554,8.9554,36963500,0.00%,18466239,458128538239,331022.93,0
2048-12-23,8.9554,8.9644,8.9644,8.9554,41860500,0.10%,972803902,459124736402,375254.27,996198163
2048-12-24,8.9644,8.9644,8.9644,8.9644,30001500,0.00%,942802402,459124736402,268945.45,0
2048-12-25,8.9644,8.9644,8.9644,8.9644,433679500,0.00%,509122902,459124736402,3887676.51,0
2048-12-30,8.9644,8.9644,8.9644,8.9644,190186500,0.00%,318936402,459124736402,1704907.86,0
2048-12-31,8.9644,8.9644,8.9644,8.9644,111628000,0.00%,207308402,459124736402,1000678.04,0
2049-01-01,8.9644,8.9644,8.9644,8.9644,58860000,0.00%,148448402,459124736402,527644.58,0
2049-01-05,8.9644,8.9644,8.9644,8.9644,70050000,0.00%,78398402,459124736402,627956.22,0
2049-01-06,8.9644,8.9644,8.9644,8.9644,61170000,0.00%,17228402,459124736402,548352.35,0
2049-01-07,8.9644,8.9734,8.9734,8.9644,60660000,0.10%,984336509,460152504509,544326.44,1027768106
2049-01-08,8.9734,8.9734,8.9734,8.9734,71250000,0.00%,913086509,460152504509,639354.75,0
2049-01-11,8.9734,8.9734,8.9734,8.9734,50159999,0.00%,862926509,460152504509,450105.74,0
2049-01-12,8.9734,8.9734,8.9734,8.9734,50790000,0.00%,812136509,460152504509,455758.99,0
2049-01-13,8.9734,8.9734,8.9734,8.9734,57450000,0.00%,754686509,460152504509,515521.83,0
2049-01-14,8.9734,8.9734,8.9734,8.9734,61800000,0.00%,692886509,460152504509,554556.12,0
2049-01-15,8.9734,8.9734,8.9734,8.9734,47310000,0.00%,645576509,460152504509,424531.55,0
2049-01-18,8.9734,8.9734,8.9734,8.9734,48989999,0.00%,596586509,460152504509,439606.87,0
2049-01-19,8.9734,8.9734,8.9734,8.9734,66720000,0.00%,529866509,460152504509,598705.25,0
2049-01-20,8.9734,8.9734,8.9734,8.9734,108330000,0.00%,421536509,460152504509,972088.42,0
2049-01-21,8.9734,8.9734,8.9734,8.9734,73800000,0.00%,347736509,460152504509,662236.92,0
2049-01-22,8.9734,8.9734,8.9734,8.9734,80700000,0.00%,267036509,460152504509,724153.38,0
2049-01-25,8.9734,8.9734,8.9734,8.9734,100950000,0.00%,166086509,460152504509,905864.73,0
2049-01-26,8.9734,8.9734,8.9734,8.9734,106830000,0.00%,59256509,460152504509,958628.32,0
2049-01-27,8.9734,8.9823,8.9823,8.9734,101580000,0.10%,947606936,461142434936,912422.03,989930426
2049-01-28,8.9823,8.9823,8.9823,8.9823,102480000,0.00%,845126936,461142434936,920506.1,0
2049-01-29,8.9823,8.9823,8.9823,8.9823,74460000,0.00%,770666936,461142434936,668822.06,0
2049-02-01,8.9823,8.9823,8.9823,8.9823,60480000,0.00%,710186936,461142434936,543249.5,0
2049-02-02,8.9823,8.9823,8.9823,8.9823,64530000,0.00%,645656936,461142434936,579627.82,0
2049-02-03,8.9823,8.9823,8.9823,8.9823,60150000,0.00%,585506936,461142434936,540285.34,0
2049-02-04,8.9823,8.9823,8.9823,8.9823,51990000,0.00%,533516936,461142434936,466989.78,0
2049-02-05,8.9823,8.9823,8.9823,8.9823,93150000,0.00%,440366936,461142434936,836701.24,0
2049-02-08,8.9823,8.9823,8.9823,8.9823,61380000,0.00%,378986936,461142434936,551333.57,0
2049-02-09,8.9823,8.9823,8.9823,8.9823,86580000,0.00%,292406936,461142434936,777687.53,0
2049-02-10,8.9823,8.9823,8.9823,8.9823,79020000,0.00%,213386936,461142434936,709781.35,0
2049-02-11,8.9823,8.9823,8.9823,8.9823,53730000,0.00%,159656936,461142434936,482618.98,0
2049-02-12,8.9823,8.9823,8.9823,8.9823,20190000,0.00%,139466936,461142434936,181352.64,0
2049-02-17,8.9823,8.9823,8.9823,8.9823,34710000,0.00%,104756936,461142434936,311775.63,0
2049-02-18,8.9823,8.9823,8.9823,8.9823,37710000,0.00%,67046936,461142434936,338722.53,0
2049-02-19,8.9823,8.9823,8.9823,8.9823,51660000,0.00%,15386936,461142434936,464025.62,0
2049-02-22,8.9823,8.9913,8.9913,8.9823,46260000,0.10%,914846854,462088154854,415937.54,945719917
2049-02-23,8.9913,8.9913,8.9913,8.9913,47310000,0.00%,867536854,462088154854,425378.4,0
2049-02-24,8.9913,8.9913,8.9913,8.9913,71850000,0.00%,795686854,462088154854,646024.91,0
2049-02-25,8.9913,8.9913,8.9913,8.9913,37320000,0.00%,758366854,462088154854,335555.32,0
2049-02-26,8.9913,8.9913,8.9913,8.9913,39690000,0.00%,718676854,462088154854,356864.7,0
2049-03-01,8.9913,8.9913,8.9913,8.9913,37230000,0.00%,681446854,462088154854,334746.1,0
2049-03-02,8.9913,8.9913,8.9913,8.9913,70830000,0.00%,610616854,462088154854,636853.78,0
2049-03-03,8.9913,8.9913,8.9913,8.9913,77700000,0.00%,532916854,462088154854,698624.01,0
2049-03-04,8.9913,8.9913,8.9913,8.9913,89160000,0.00%,443756854,462088154854,801664.31,0
2049-03-05,8.9913,8.9913,8.9913,8.9913,83850000,0.00%,359906854,462088154854,753920.51,0
2049-03-08,8.9913,8.9913,8.9913,8.9913,41490000,0.00%,318416854,462088154854,373049.04,0
2049-03-09,8.9913,8.9913,8.9913,8.9913,78180000,0.00%,240236854,462088154854,702939.83,0
2049-03-10,8.9913,8.9913,8.9913,8.9913,69870000,0.00%,170366854,462088154854,628222.13,0
2049-03-11,8.9913,8.9913,8.9913,8.9913,51480000,0.00%,118886854,462088154854,462872.12,0
2049-03-12,8.9913,8.9913,8.9913,8.9913,37260000,0.00%,81626854,462088154854,335015.84,0
2049-03-15,8.9913,8.9913,8.9913,8.9913,53610000,0.00%,28016854,462088154854,482023.59,0
2049-03-16,8.9913,9.0003,9.0003,8.9913,109590000,0.10%,840148846,463009876846,986342.88,921721992
2049-03-17,9.0003,9.0003,9.0003,9.0003,60210000,0.00%,779938846,463009876846,541908.06,0
2049-03-18,9.0003,9.0003,9.0003,9.0003,42690000,0.00%,737248846,463009876846,384222.81,0
2049-03-19,9.0003,9.0003,9.0003,9.0003,87540000,0.00%,649708846,463009876846,787886.26,0
2049-03-22,9.0003,9.0003,9.0003,9.0003,58890000,0.00%,590818846,463009876846,530027.67,0
2049-03-23,9.0003,9.0003,9.0003,9.0003,46920000,0.00%,543898846,463009876846,422294.08,0
2049-03-24,9.0003,9.0003,9.0003,9.0003,46860000,0.00%,497038846,463009876846,421754.06,0
2049-03-25,9.0003,9.0003,9.0003,9.0003,110610000,0.00%,386428846,463009876846,995523.18,0
2049-03-26,9.0003,9.0003,9.0003,9.0003,79290000,0.00%,307138846,463009876846,713633.79,0
2049-03-29,9.0003,9.0003,9.0003,9.0003,63390000,0.00%,243748846,463009876846,570529.02,0
2049-03-30,9.0003,9.0003,9.0003,9.0003,102000000,0.00%,141748846,463009876846,918030.6,0
2049-03-31,9.0003,9.0003,9.0003,9.0003,116250000,0.00%,25498846,463009876846,1046284.87,0
2049-04-01,9.0003,9.0093,9.0093,9.0003,90000000,0.10%,857502729,463931880729,810837.0,922003883
2049-04-06,9.0093,9.0093,9.0093,9.0093,79680000,0.00%,777822729,463931880729,717861.02,0
2049-04-07,9.0093,9.0093,9.0093,9.0093,59100000,0.00%,718722729,463931880729,532449.63,0
2049-04-09,9.0093,9.0093,9.0093,9.0093,40740000,0.00%,677982729,463931880729,367038.88,0
2049-04-12,9.0093,9.0093,9.0093,9.0093,64980000,0.00%,613002729,463931880729,585424.31,0
2049-04-13,9.0093,9.0093,9.0093,9.0093,53640000,0.00%,559362729,463931880729,483258.85,0
2049-04-14,9.0093,9.0093,9.0093,9.0093,74190000,0.00%,485172729,463931880729,668399.97,0
2049-04-15,9.0093,9.0093,9.0093,9.0093,56490000,0.00%,428682729,463931880729,508935.36,0
2049-04-16,9.0093,9.0093,9.0093,9.0093,69090000,0.00%,359592729,463931880729,622452.54,0
2049-04-19,9.0093,9.0093,9.0093,9.0093,54900000,0.00%,304692729,463931880729,494610.57,0
2049-04-20,9.0093,9.0093,9.0093,9.0093,59070000,0.00%,245622729,463931880729,532179.35,0
2049-04-21,9.0093,9.0093,9.0093,9.0093,43230000,0.00%,202392729,463931880729,389472.04,0
2049-04-22,9.0093,9.0093,9.0093,9.0093,57180000,0.00%,145212729,463931880729,515151.77,0
2049-04-23,9.0093,9.0093,9.0093,9.0093,58410000,0.00%,86802729,463931880729,526233.21,0
2049-04-26,9.0093,9.0183,9.0183,9.0093,123390000,0.10%,874794932,464843262932,1112768.04,911382203
2049-04-27,9.0183,9.0183,9.0183,9.0183,131460000,0.00%,743334932,464843262932,1185545.72,0
2049-04-28,9.0183,9.0183,9.0183,9.0183,124410000,0.00%,618924932,464843262932,1121966.7,0
2049-04-29,9.0183,9.0183,9.0183,9.0183,83190000,0.00%,535734932,464843262932,750232.38,0
2049-04-30,9.0183,9.0183,9.0183,9.0183,88800000,0.00%,446934932,464843262932,800825.04,0
2049-05-03,9.0183,9.0183,9.0183,9.0183,76260000,0.00%,370674932,464843262932,687735.56,0
2049-05-04,9.0183,9.0183,9.0183,9.0183,47880000,0.00%,322794932,464843262932,431796.2,0
2049-05-06,9.0183,9.0183,9.0183,9.0183,67440000,0.00%,255354932,464843262932,608194.15,0
2049-05-07,9.0183,9.0183,9.0183,9.0183,70770000,0.00%,184584932,464843262932,638225.09,0
2049-05-10,9.0183,9.0183,9.0183,9.0183,78630000,0.00%,105954932,464843262932,709108.93,0
2049-05-11,9.0183,9.0183,9.0183,9.0183,58230000,0.00%,47724932,464843262932,525135.61,0
2049-05-12,9.0183,9.0273,9.0273,9.0183,60180000,0.10%,909352243,465765070243,543262.91,921807310
2049-05-13,9.0273,9.0273,9.0273,9.0273,48090000,0.00%,861262243,465765070243,434122.86,0
2049-05-14,9.0273,9.0273,9.0273,9.0273,47070000,0.00%,814192243,465765070243,424915.01,0
2049-05-17,9.0273,9.0273,9.0273,9.0273,61680000,0.00%,752512243,465765070243,556803.86,0
2049-05-18,9.0273,9.0273,9.0273,9.0273,64800000,0.00%,687712243,465765070243,584969.04,0
2049-05-20,9.0273,9.0273,9.0273,9.0273,175290000,0.00%,512422243,465765070243,1582395.42,0
2049-05-21,9.0273,9.0273,9.0273,9.0273,83760000,0.00%,428662243,465765070243,756126.65,0
2049-05-24,9.0273,9.0273,9.0273,9.0273,66990000,0.00%,361672243,465765070243,604738.83,0
2049-05-25,9.0273,9.0273,9.0273,9.0273,92040000,0.00%,269632243,465765070243,830872.69,0
2049-05-26,9.0273,9.0273,9.0273,9.0273,67110000,0.00%,202522243,465765070243,605822.1,0
2049-05-27,9.0273,9.0273,9.0273,9.0273,54960000,0.00%,147562243,465765070243,496140.41,0
2049-05-28,9.0273,9.0273,9.0273,9.0273,57420000,0.00%,90142243,465765070243,518347.57,0
2049-05-31,9.0273,9.0364,9.0364,9.0273,96390000,0.10%,923944006,466695262006,871018.6,930191762
2049-06-01,9.0364,9.0364,9.0364,9.0364,49830000,0.00%,874114006,466695262006,450283.81,0
2049-06-02,9.0364,9.0364,9.0364,9.0364,82140000,0.00%,791974006,466695262006,742249.9,0
2049-06-03,9.0364,9.0364,9.0364,9.0364,66030000,0.00%,725944006,466695262006,596673.49,0
2049-06-04,9.0364,9.0364,9.0364,9.0364,120120000,0.00%,605824006,466695262006,1085452.37,0
2049-06-07,9.0364,9.0364,9.0364,9.0364,84390000,0.00%,521434006,466695262006,762581.8,0
2049-06-08,9.0364,9.0364,9.0364,9.0364,54120000,0.00%,467314006,466695262006,489049.97,0
2049-06-09,9.0364,9.0364,9.0364,9.0364,60630000,0.00%,406684006,466695262006,547876.93,0
2049-06-10,9.0364,9.0364,9.0364,9.0364,56670000,0.00%,350014006,466695262006,512092.79,0
2049-06-11,9.0364,9.0364,9.0364,9.0364,75750000,0.00%,274264006,466695262006,684507.3,0
2049-06-15,9.0364,9.0364,9.0364,9.0364,79500000,0.00%,194764006,466695262006,718393.8,0
2049-06-16,9.0364,9.0364,9.0364,9.0364,44880000,0.00%,149884006,466695262006,405553.63,0
2049-06-17,9.0364,9.0364,9.0364,9.0364,46020000,0.00%,103864006,466695262006,415855.13,0
2049-06-18,9.0364,9.0364,9.0364,9.0364,62580000,0.00%,41284006,466695262006,565497.91,0
2049-06-21,9.0364,9.0454,9.0454,9.0364,45840000,0.10%,925905479,467625723479,414641.14,930461473
2049-06-22,9.0454,9.0454,9.0454,9.0454,42840000,0.00%,883065479,467625723479,387504.94,0
2049-06-23,9.0454,9.0454,9.0454,9.0454,66930000,0.00%,816135479,467625723479,605408.62,0
2049-06-24,9.0454,9.0454,9.0454,9.0454,42150000,0.00%,773985479,467625723479,381263.61,0
2049-06-25,9.0454,9.0454,9.0454,9.0454,77580000,0.00%,696405479,467625723479,701742.13,0
2049-06-28,9.0454,9.0454,9.0454,9.0454,38760000,0.00%,657645479,467625723479,350599.7,0
2049-06-29,9.0454,9.0454,9.0454,9.0454,38370000,0.00%,619275479,467625723479,347072.0,0
2049-06-30,9.0454,9.0454,9.0454,9.0454,35670000,0.00%,583605479,467625723479,322649.42,0
2049-07-01,9.0454,9.0454,9.0454,9.0454,52530000,0.00%,531075479,467625723479,475154.86,0
2049-07-02,9.0454,9.0454,9.0454,9.0454,46680000,0.00%,484395479,467625723479,422239.27,0
2049-07-06,9.0454,9.0454,9.0454,9.0454,81810000,0.00%,402585479,467625723479,740004.17,0
2049-07-07,9.0454,9.0454,9.0454,9.0454,66780000,0.00%,335805479,467625723479,604051.81,0
2049-07-08,9.0454,9.0454,9.0454,9.0454,46320000,0.00%,289485479,467625723479,418982.93,0
2049-07-09,9.0454,9.0454,9.0454,9.0454,31560000,0.00%,257925479,467625723479,285472.82,0
2049-07-12,9.0454,9.0454,9.0454,9.0454,34860000,0.00%,223065479,467625723479,315322.64,0
2049-07-13,9.0454,9.0454,9.0454,9.0454,39060000,0.00%,184005479,467625723479,353313.32,0
2049-07-14,9.0454,9.0454,9.0454,9.0454,46770000,0.00%,137235479,467625723479,423053.36,0
2049-07-15,9.0454,9.0454,9.0454,9.0454,49770000,0.00%,87465479,467625723479,450189.56,0
2049-07-16,9.0454,9.0454,9.0454,9.0454,82560000,0.00%,4905479,467625723479,746788.22,0
2049-07-19,9.0454,9.0545,9.0545,9.0454,41040000,0.10%,883319990,468545177990,371596.68,919454511
2049-07-20,9.0545,9.0545,9.0545,9.0545,57180000,0.00%,826139990,468545177990,517736.31,0
2049-07-21,9.0545,9.0545,9.0545,9.0545,77580000,0.00%,748559990,468545177990,702448.11,0
2049-07-22,9.0545,9.0545,9.0545,9.0545,56820000,0.00%,691739990,468545177990,514476.69,0
2049-07-23,9.0545,9.0545,9.0545,9.0545,69270000,0.00%,622469990,468545177990,627205.22,0
2049-07-26,9.0545,9.0545,9.0545,9.0545,50880000,0.00%,571589990,468545177990,460692.96,0
2049-07-27,9.0545,9.0545,9.0545,9.0545,36300000,0.00%,535289990,468545177990,328678.35,0
2049-07-28,9.0545,9.0545,9.0545,9.0545,35400000,0.00%,499889990,468545177990,320529.3,0
2049-07-29,9.0545,9.0545,9.0545,9.0545,77370000,0.00%,422519990,468545177990,700546.67,0
2049-07-30,9.0545,9.0545,9.0545,9.0545,39810000,0.00%,382709990,468545177990,360459.65,0
2049-08-02,9.0545,9.0545,9.0545,9.0545,38610000,0.00%,344099990,468545177990,349594.25,0
2049-08-03,9.0545,9.0545,9.0545,9.0545,29250000,0.00%,314849990,468545177990,264844.13,0
2049-08-04,9.0545,9.0545,9.0545,9.0545,60900000,0.00%,253949990,468545177990,551419.05,0
2049-08-05,9.0545,9.0545,9.0545,9.0545,37230000,0.00%,216719990,468545177990,337099.04,0
2049-08-06,9.0545,9.0545,9.0545,9.0545,53130000,0.00%,163589990,468545177990,481065.59,0
2049-08-09,9.0545,9.0545,9.0545,9.0545,68880000,0.00%,94709990,468545177990,623673.96,0
2049-08-10,9.0545,9.0545,9.0545,9.0545,53010000,0.00%,41699990,468545177990,479979.05,0
2049-08-11,9.0545,9.0635,9.0635,9.0545,47520000,0.10%,916007566,469467005566,430697.52,921827575
2049-08-12,9.0635,9.0635,9.0635,9.0635,56430000,0.00%,859577566,469467005566,511453.3,0
2049-08-13,9.0635,9.0635,9.0635,9.0635,49050000,0.00%,810527566,469467005566,444564.68,0
2049-08-16,9.0635,9.0635,9.0635,9.0635,30660000,0.00%,779867566,469467005566,277886.91,0
2049-08-17,9.0635,9.0635,9.0635,9.0635,40770000,0.00%,739097566,469467005566,369518.9,0
2049-08-18,9.0635,9.0635,9.0635,9.0635,56070000,0.00%,683027566,469467005566,508190.44,0
2049-08-19,9.0635,9.0635,9.0635,9.0635,64320000,0.00%,618707566,469467005566,582964.32,0
2049-08-20,9.0635,9.0635,9.0635,9.0635,49230000,0.00%,569477566,469467005566,446196.1,0
2049-08-23,9.0635,9.0635,9.0635,9.0635,45630000,0.00%,523847566,469467005566,413567.51,0
2049-08-24,9.0635,9.0635,9.0635,9.0635,35550000,0.00%,488297566,469467005566,322207.42,0
2049-08-25,9.0635,9.0635,9.0635,9.0635,34950000,0.00%,453347566,469467005566,316769.33,0
2049-08-26,9.0635,9.0635,9.0635,9.0635,50370000,0.00%,402977566,469467005566,456528.49,0
2049-08-27,9.0635,9.0635,9.0635,9.0635,39180000,0.00%,363797566,469467005566,355107.93,0
2049-08-30,9.0635,9.0635,9.0635,9.0635,48750000,0.00%,315047566,469467005566,441845.62,0
2049-08-31,9.0635,9.0635,9.0635,9.0635,41040000,0.00%,274007566,469467005566,371966.04,0
2049-09-01,9.0635,9.0635,9.0635,9.0635,43800000,0.00%,230207566,469467005566,396981.3,0
2049-09-02,9.0635,9.0635,9.0635,9.0635,38670000,0.00%,191537566,469467005566,350485.54,0
2049-09-03,9.0635,9.0635,9.0635,9.0635,92610000,0.00%,98927566,469467005566,839370.73,0
2049-09-06,9.0635,9.0635,9.0635,9.0635,41640000,0.00%,57287566,469467005566,377404.14,0
2049-09-07,9.0635,9.0635,9.0635,9.0635,29430000,0.00%,27857566,469467005566,266738.8,0
2049-09-08,9.0635,9.0726,9.0726,9.0635,39840000,0.10%,894145779,470373133779,361452.38,906128213
2049-09-09,9.0726,9.0726,9.0726,9.0726,28740000,0.00%,865405779,470373133779,260746.52,0
2049-09-13,9.0726,9.0726,9.0726,9.0726,60240000,0.00%,805165779,470373133779,546533.42,0
2049-09-14,9.0726,9.0726,9.0726,9.0726,36900000,0.00%,768265779,470373133779,334778.94,0
2049-09-15,9.0726,9.0726,9.0726,9.0726,36120000,0.00%,732145779,470373133779,327702.31,0
2049-09-16,9.0726,9.0726,9.0726,9.0726,41400000,0.00%,690745779,470373133779,375605.64,0
2049-09-17,9.0726,9.0726,9.0726,9.0726,33030000,0.00%,657715779,470373133779,299667.98,0
2049-09-20,9.0726,9.0726,9.0726,9.0726,23070000,0.00%,634645779,470373133779,209304.88,0
2049-09-21,9.0726,9.0726,9.0726,9.0726,30450000,0.00%,604195779,470373133779,276260.67,0
2049-09-23,9.0726,9.0726,9.0726,9.0726,77400000,0.00%,526795779,470373133779,702219.24,0
2049-09-24,9.0726,9.0726,9.0726,9.0726,85230000,0.00%,441565779,470373133779,773257.7,0
2049-09-27,9.0726,9.0726,9.0726,9.0726,45660000,0.00%,395905779,470373133779,414254.92,0
2049-09-28,9.0726,9.0726,9.0726,9.0726,128760000,0.00%,267145779,470373133779,1168187.98,0
2049-09-29,9.0726,9.0726,9.0726,9.0726,120330000,0.00%,146815779,470373133779,1091705.96,0
2049-09-30,9.0726,9.0816,9.0816,9.0726,150750000,0.10%,917012977,471294080977,1369051.2,920947198
2049-10-01,9.0816,9.0816,9.0816,9.0816,171450000,0.00%,745562977,471294080977,1557040.32,0
2049-10-04,9.0816,9.0816,9.0816,9.0816,226380000,0.00%,519182977,471294080977,2055892.61,0
2049-10-06,9.0816,9.0816,9.0816,9.0816,146310000,0.00%,372872977,471294080977,1328728.9,0
2049-10-07,9.0816,9.0816,9.0816,9.0816,94800000,0.00%,278072977,471294080977,860935.68,0
2049-10-08,9.0816,9.0816,9.0816,9.0816,73980000,0.00%,204092977,471294080977,671856.77,0
2049-10-11,9.0816,9.0816,9.0816,9.0816,75990000,0.00%,128102977,471294080977,690110.78,0
2049-10-12,9.0816,9.0907,9.0907,9.0816,211410000,0.10%,869642539,472247030539,1921864.89,952949561
2049-10-13,9.0907,9.0907,9.0907,9.0907,139110000,0.00%,730532539,472247030539,1264607.28,0
2049-10-14,9.0907,9.0907,9.0907,9.0907,99330000,0.00%,631202539,472247030539,902979.23,0
2049-10-18,9.0907,9.0907,9.0907,9.0907,90960000,0.00%,540242539,472247030539,826890.07,0
2049-10-19,9.0907,9.0907,9.0907,9.0907,100439999,0.00%,439802539,472247030539,913069.91,0
2049-10-20,9.0907,9.0907,9.0907,9.0907,67470000,0.00%,372332539,472247030539,613349.53,0
2049-10-21,9.0907,9.0907,9.0907,9.0907,49440000,0.00%,322892539,472247030539,449444.21,0
2049-10-22,9.0907,9.0907,9.0907,9.0907,77880000,0.00%,245012539,472247030539,707983.72,0
2049-10-25,9.0907,9.0907,9.0907,9.0907,48989999,0.00%,196022539,472247030539,445353.39,0
2049-10-26,9.0907,9.0907,9.0907,9.0907,33090000,0.00%,162932539,472247030539,300811.26,0
2049-10-27,9.0907,9.0907,9.0907,9.0907,43980000,0.00%,118952539,472247030539,399808.99,0
2049-10-28,9.0907,9.0907,9.0907,9.0907,33600000,0.00%,85352539,472247030539,305447.52,0
2049-10-29,9.0907,9.0907,9.0907,9.0907,35850000,0.00%,49502539,472247030539,325901.6,0
2049-11-01,9.0907,9.0907,9.0907,9.0907,46650000,0.00%,2852539,472247030539,424081.16,0
2049-11-02,9.0907,9.0998,9.0998,9.0907,41400000,0.10%,923131226,473208709226,376731.72,961678687
2049-11-03,9.0998,9.0998,9.0998,9.0998,53700000,0.00%,869431226,473208709226,488659.26,0
2049-11-04,9.0998,9.0998,9.0998,9.0998,68250000,0.00%,801181226,473208709226,621061.35,0
2049-11-05,9.0998,9.0998,9.0998,9.0998,63270000,0.00%,737911226,473208709226,575744.35,0
2049-11-08,9.0998,9.0998,9.0998,9.0998,35130000,0.00%,702781226,473208709226,319675.97,0
2049-11-09,9.0998,9.0998,9.0998,9.0998,45810000,0.00%,656971226,473208709226,416861.84,0
2049-11-10,9.0998,9.0998,9.0998,9.0998,62280000,0.00%,594691226,473208709226,566735.54,0
2049-11-11,9.0998,9.0998,9.0998,9.0998,59760000,0.00%,534931226,473208709226,543804.05,0
2049-11-12,9.0998,9.0998,9.0998,9.0998,58170000,0.00%,476761226,473208709226,529335.37,0
2049-11-15,9.0998,9.0998,9.0998,9.0998,68580000,0.00%,408181226,473208709226,624064.28,0
2049-11-16,9.0998,9.0998,9.0998,9.0998,81900000,0.00%,326281226,473208709226,745273.62,0
2049-11-17,9.0998,9.0998,9.0998,9.0998,84930000,0.00%,241351226,473208709226,772846.01,0
2049-11-18,9.0998,9.0998,9.0998,9.0998,104700000,0.00%,136651226,473208709226,952749.06,0
2049-11-19,9.0998,9.0998,9.0998,9.0998,87180000,0.00%,49471226,473208709226,793320.56,0
2049-11-22,9.0998,9.1089,9.1089,9.0998,61470000,0.10%,962857791,474183565791,559924.08,974856564
2049-11-23,9.1089,9.1089,9.1089,9.1089,41640000,0.00%,921217791,474183565791,379294.6,0
2049-11-24,9.1089,9.1089,9.1089,9.1089,45030000,0.00%,876187791,474183565791,410173.77,0
2049-11-25,9.1089,9.1089,9.1089,9.1089,37500000,0.00%,838687791,474183565791,341583.75,0
2049-11-26,9.1089,9.1089,9.1089,9.1089,50850000,0.00%,787837791,474183565791,463187.57,0
2049-11-29,9.1089,9.1089,9.1089,9.1089,83670000,0.00%,704167791,474183565791,762141.66,0
2049-11-30,9.1089,9.1089,9.1089,9.1089,50820000,0.00%,653347791,474183565791,462914.3,0
2049-12-01,9.1089,9.1089,9.1089,9.1089,50070000,0.00%,603277791,474183565791,456082.62,0
2049-12-02,9.1089,9.1089,9.1089,9.1089,39210000,0.00%,564067791,474183565791,357159.97,0
2049-12-03,9.1089,9.1089,9.1089,9.1089,46890000,0.00%,517177791,474183565791,427116.32,0
2049-12-06,9.1089,9.1089,9.1089,9.1089,39990000,0.00%,477187791,474183565791,364264.91,0
2049-12-07,9.1089,9.1089,9.1089,9.1089,55080000,0.00%,422107791,474183565791,501718.21,0
2049-12-08,9.1089,9.1089,9.1089,9.1089,42150000,0.00%,379957791,474183565791,383940.14,0
2049-12-09,9.1089,9.1089,9.1089,9.1089,39930000,0.00%,340027791,474183565791,363718.38,0
2049-12-10,9.1089,9.1089,9.1089,9.1089,83130000,0.00%,256897791,474183565791,757222.86,0
2049-12-13,9.1089,9.1089,9.1089,9.1089,67380000,0.00%,189517791,474183565791,613757.68,0
2049-12-14,9.1089,9.1089,9.1089,9.1089,90840000,0.00%,98677791,474183565791,827452.48,0
2049-12-15,9.1089,9.1089,9.1089,9.1089,39300000,0.00%,59377791,474183565791,357979.77,0
2049-12-16,9.1089,9.118,9.118,9.1089,70230000,0.10%,966615427,475161033427,640357.14,977467636
2049-12-17,9.118,9.118,9.118,9.118,48900000,0.00%,917715427,475161033427,445870.2,0
2049-12-20,9.118,9.118,9.118,9.118,42180000,0.00%,875535427,475161033427,384597.24,0
2049-12-21,9.118,9.118,9.118,9.118,50340000,0.00%,825195427,475161033427,459000.12,0
2049-12-22,9.118,9.118,9.118,9.118,44730000,0.00%,780465427,475161033427,407848.14,0
2049-12-23,9.118,9.118,9.118,9.118,104010000,0.00%,676455427,475161033427,948363.18,0
2049-12-24,9.118,9.118,9.118,9.118,134490000,0.00%,541965427,475161033427,1226279.82,0
2049-12-27,9.118,9.118,9.118,9.118,62580000,0.00%,479385427,475161033427,570604.44,0
2049-12-28,9.118,9.118,9.118,9.118,23610000,0.00%,455775427,475161033427,215275.98,0
2049-12-31,9.118,9.118,9.118,9.118,40650000,0.00%,415125427,475161033427,370646.7,0
2050-01-03,9.118,9.118,9.118,9.118,41236000,0.00%,373889427,475161033427,375989.85,0
2050-01-04,9.118,9.118,9.118,9.118,33153500,0.00%,340735927,475161033427,302293.61,0
2050-01-06,9.118,9.118,9.118,9.118,63226500,0.00%,277509427,475161033427,576499.23,0
2050-01-07,9.118,9.118,9.118,9.118,51362000,0.00%,226147427,475161033427,468318.72,0
2050-01-10,9.118,9.118,9.118,9.118,51453500,0.00%,174693927,475161033427,469153.01,0
2050-01-11,9.118,9.1271,9.1271,9.118,435906000,0.10%,752046955,476174292455,3978557.65,1013259027
2050-01-12,9.1271,9.1271,9.1271,9.1271,291153000,0.00%,460893955,476174292455,2657382.55,0
2050-01-13,9.1271,9.1271,9.1271,9.1271,184769000,0.00%,276124955,476174292455,1686405.14,0
2050-01-14,9.1271,9.1271,9.1271,9.1271,113002500,0.00%,163122455,476174292455,1031385.12,0
2050-01-17,9.1271,9.1271,9.1271,9.1271,106109500,0.00%,57012955,476174292455,968472.02,0
2050-01-18,9.1271,9.1363,9.1363,9.1271,123891000,0.10%,977574849,477218745349,1131905.34,1044452894
2050-01-19,9.1363,9.1363,9.1363,9.1363,88938000,0.00%,888636849,477218745349,812564.25,0
2050-01-20,9.1363,9.1363,9.1363,9.1363,79727000,0.00%,808909849,477218745349,728409.79,0
2050-01-21,9.1363,9.1363,9.1363,9.1363,52277000,0.00%,756632849,477218745349,477618.36,0
2050-01-24,9.1363,9.1363,9.1363,9.1363,94977000,0.00%,661655849,477218745349,867738.37,0
2050-01-25,9.1363,9.1363,9.1363,9.1363,77012500,0.00%,584643349,477218745349,703609.3,0
2050-01-26,9.1363,9.1363,9.1363,9.1363,54473000,0.00%,530170349,477218745349,497681.67,0
2050-01-27,9.1363,9.1363,9.1363,9.1363,64843000,0.00%,465327349,477218745349,592425.1,0
2050-01-28,9.1363,9.1363,9.1363,9.1363,73444000,0.00%,391883349,477218745349,671006.42,0
2050-01-31,9.1363,9.1363,9.1363,9.1363,72010500,0.00%,319872849,477218745349,657909.53,0
2050-02-01,9.1363,9.1363,9.1363,9.1363,43310000,0.00%,276562849,477218745349,395693.15,0
2050-02-07,9.1363,9.1363,9.1363,9.1363,85156000,0.00%,191406849,477218745349,778010.76,0
2050-02-08,9.1363,9.1363,9.1363,9.1363,95404000,0.00%,96002849,477218745349,871639.57,0
2050-02-09,9.1363,9.1454,9.1454,9.1363,97996500,0.10%,1066695855,478287434855,896217.19,1068689505
2050-02-10,9.1454,9.1454,9.1454,9.1454,59749500,0.00%,1006946355,478287434855,546433.08,0
2050-02-11,9.1454,9.1454,9.1454,9.1454,105438500,0.00%,901507855,478287434855,964277.26,0
2050-02-14,9.1454,9.1454,9.1454,9.1454,95800500,0.00%,805707355,478287434855,876133.89,0
2050-02-15,9.1454,9.1454,9.1454,9.1454,94214500,0.00%,711492855,478287434855,861629.29,0
2050-02-16,9.1454,9.1454,9.1454,9.1454,116693000,0.00%,594799855,478287434855,1067204.16,0
2050-02-17,9.1454,9.1454,9.1454,9.1454,186019500,0.00%,408780355,478287434855,1701222.74,0
2050-02-18,9.1454,9.1454,9.1454,9.1454,227286000,0.00%,181494355,478287434855,2078621.38,0
2050-02-21,9.1454,9.1545,9.1545,9.1454,384971000,0.10%,904806523,479395718023,3524217.02,1108283167
2050-02-22,9.1545,9.1545,9.1545,9.1545,190716500,0.00%,714090023,479395718023,1745914.2,0
2050-02-23,9.1545,9.1545,9.1545,9.1545,104096500,0.00%,609993523,479395718023,952951.41,0
2050-02-24,9.1545,9.1545,9.1545,9.1545,105377500,0.00%,504616023,479395718023,964678.32,0
2050-02-25,9.1545,9.1545,9.1545,9.1545,224327500,0.00%,280288523,479395718023,2053606.1,0
2050-02-28,9.1545,9.1545,9.1545,9.1545,205997000,0.00%,74291523,479395718023,1885799.54,0
2050-03-01,9.1545,9.1637,9.1637,9.1545,172355500,0.10%,1047488622,480541270622,1579414.1,1145552599
2050-03-02,9.1637,9.1637,9.1637,9.1637,123494500,0.00%,923994122,480541270622,1131666.55,0
2050-03-03,9.1637,9.1637,9.1637,9.1637,118645000,0.00%,805349122,480541270622,1087227.19,0
2050-03-04,9.1637,9.1637,9.1637,9.1637,159088000,0.00%,646261122,480541270622,1457834.71,0
2050-03-07,9.1637,9.1637,9.1637,9.1637,99887500,0.00%,546373622,480541270622,915339.08,0
2050-03-08,9.1637,9.1637,9.1637,9.1637,94916000,0.00%,451457622,480541270622,869781.75,0
2050-03-09,9.1637,9.1637,9.1637,9.1637,107268500,0.00%,344189122,480541270622,982976.35,0
2050-03-10,9.1637,9.1637,9.1637,9.1637,243024000,0.00%,101165122,480541270622,2226999.03,0
2050-03-11,9.1637,9.1729,9.1729,9.1637,141794500,0.10%,1142324712,481724224712,1300666.77,1182954089
2050-03-14,9.1729,9.1729,9.1729,9.1729,104981000,0.00%,1037343712,481724224712,962980.21,0
2050-03-15,9.1729,9.1729,9.1729,9.1729,103242500,0.00%,934101212,481724224712,947033.13,0
2050-03-16,9.1729,9.1729,9.1729,9.1729,85491500,0.00%,848609712,481724224712,784204.98,0
2050-03-17,9.1729,9.1729,9.1729,9.1729,83356500,0.00%,765253212,481724224712,764620.84,0
2050-03-18,9.1729,9.1729,9.1729,9.1729,93665500,0.00%,671587712,481724224712,859184.26,0
2050-03-21,9.1729,9.1729,9.1729,9.1729,67405000,0.00%,604182712,481724224712,618299.32,0
2050-03-22,9.1729,9.1729,9.1729,9.1729,102602000,0.00%,501580712,481724224712,941157.89,0
2050-03-23,9.1729,9.1729,9.1729,9.1729,96380000,0.00%,405200712,481724224712,884084.1,0
2050-03-24,9.1729,9.1729,9.1729,9.1729,152042500,0.00%,253158212,481724224712,1394670.65,0
2050-03-25,9.1729,9.1729,9.1729,9.1729,128893000,0.00%,124265212,481724224712,1182322.6,0
2050-03-28,9.1729,9.1729,9.1729,9.1729,75030000,0.00%,49235212,481724224712,688242.69,0
2050-03-29,9.1729,9.182,9.182,9.1729,84607000,0.10%,1146160321,482905756821,776861.47,1181532109
2050-03-30,9.182,9.182,9.182,9.182,52795500,0.00%,1093364821,482905756821,484768.28,0
2050-03-31,9.182,9.182,9.182,9.182,53680000,0.00%,1039684821,482905756821,492889.76,0
2050-04-01,9.182,9.182,9.182,9.182,56699500,0.00%,982985321,482905756821,520614.81,0
2050-04-04,9.182,9.182,9.182,9.182,85522000,0.00%,897463321,482905756821,785263.0,0
2050-04-05,9.182,9.182,9.182,9.182,59536000,0.00%,837927321,482905756821,546659.55,0
2050-04-06,9.182,9.182,9.182,9.182,43462500,0.00%,794464821,482905756821,399072.68,0
2050-04-07,9.182,9.182,9.182,9.182,89121000,0.00%,705343821,482905756821,818309.02,0
2050-04-11,9.182,9.182,9.182,9.182,376248000,0.00%,329095821,482905756821,3454709.14,0
2050-04-12,9.182,9.182,9.182,9.182,198616000,0.00%,130479821,482905756821,1823692.11,0
2050-04-13,9.182,9.1912,9.1912,9.182,202764000,0.10%,1140635518,484118676518,1863644.48,1212919697
2050-04-14,9.1912,9.1912,9.1912,9.1912,176290000,0.00%,964345518,484118676518,1620316.65,0
2050-04-15,9.1912,9.1912,9.1912,9.1912,142099500,0.00%,822246018,484118676518,1306064.92,0
2050-04-18,9.1912,9.1912,9.1912,9.1912,92567500,0.00%,729678518,484118676518,850806.41,0
2050-04-19,9.1912,9.1912,9.1912,9.1912,61762500,0.00%,667916018,484118676518,567671.49,0
2050-04-20,9.1912,9.1912,9.1912,9.1912,83326000,0.00%,584590018,484118676518,765865.93,0
2050-04-21,9.1912,9.1912,9.1912,9.1912,74664000,0.00%,509926018,484118676518,686251.76,0
2050-04-26,9.1912,9.1912,9.1912,9.1912,73322000,0.00%,436604018,484118676518,673917.17,0
2050-04-27,9.1912,9.1912,9.1912,9.1912,82350000,0.00%,354254018,484118676518,756895.32,0
2050-04-28,9.1912,9.1912,9.1912,9.1912,57675500,0.00%,296578518,484118676518,530107.06,0
2050-04-29,9.1912,9.1912,9.1912,9.1912,87687500,0.00%,208891018,484118676518,805953.35,0
2050-05-02,9.1912,9.1912,9.1912,9.1912,42120500,0.00%,166770518,484118676518,387137.94,0
2050-05-03,9.1912,9.1912,9.1912,9.1912,49928500,0.00%,116842018,484118676518,458902.83,0
2050-05-04,9.1912,9.1912,9.1912,9.1912,46695500,0.00%,70146518,484118676518,429187.68,0
2050-05-06,9.1912,9.1912,9.1912,9.1912,40382000,0.00%,29764518,484118676518,371159.04,0
2050-05-10,9.1912,9.2004,9.2004,9.1912,60420500,0.10%,1180903489,485330235989,555892.77,1211559470
2050-05-11,9.2004,9.2004,9.2004,9.2004,78141000,0.00%,1102762489,485330235989,718928.46,0
2050-05-12,9.2004,9.2004,9.2004,9.2004,60451000,0.00%,1042311489,485330235989,556173.38,0
2050-05-13,9.2004,9.2004,9.2004,9.2004,42029000,0.00%,1000282489,485330235989,386683.61,0
2050-05-16,9.2004,9.2004,9.2004,9.2004,109342500,0.00%,890939989,485330235989,1005994.74,0
2050-05-17,9.2004,9.2004,9.2004,9.2004,70516000,0.00%,820423989,485330235989,648775.41,0
2050-05-18,9.2004,9.2004,9.2004,9.2004,74084500,0.00%,746339489,485330235989,681607.03,0
2050-05-19,9.2004,9.2004,9.2004,9.2004,100040000,0.00%,646299489,485330235989,920408.02,0
2050-05-20,9.2004,9.2004,9.2004,9.2004,65056500,0.00%,581242989,485330235989,598545.82,0
2050-05-23,9.2004,9.2004,9.2004,9.2004,68503000,0.00%,512739989,485330235989,630255.0,0
2050-05-24,9.2004,9.2004,9.2004,9.2004,48159500,0.00%,464580489,485330235989,443086.66,0
2050-05-25,9.2004,9.2004,9.2004,9.2004,57706000,0.00%,406874489,485330235989,530918.28,0
2050-05-26,9.2004,9.2004,9.2004,9.2004,43554000,0.00%,363320489,485330235989,400714.22,0
2050-05-27,9.2004,9.2004,9.2004,9.2004,49593000,0.00%,313727489,485330235989,456275.44,0
2050-05-30,9.2004,9.2004,9.2004,9.2004,52734500,0.00%,260992989,485330235989,485178.49,0
2050-05-31,9.2004,9.2004,9.2004,9.2004,45719500,0.00%,215273489,485330235989,420637.69,0
2050-06-01,9.2004,9.2004,9.2004,9.2004,51270500,0.00%,164002989,485330235989,471709.11,0
2050-06-02,9.2004,9.2004,9.2004,9.2004,59078500,0.00%,104924489,485330235989,543545.83,0
2050-06-03,9.2004,9.2004,9.2004,9.2004,86254000,0.00%,18670489,485330235989,793571.3,0
2050-06-06,9.2004,9.2096,9.2096,9.2004,39924500,0.10%,1198829583,486550319583,367688.68,1220083594
2050-06-07,9.2096,9.2096,9.2096,9.2096,44560500,0.00%,1154269083,486550319583,410384.38,0
2050-06-08,9.2096,9.2096,9.2096,9.2096,56059000,0.00%,1098210083,486550319583,516280.97,0
2050-06-09,9.2096,9.2096,9.2096,9.2096,58956500,0.00%,1039253583,486550319583,542965.78,0
2050-06-10,9.2096,9.2096,9.2096,9.2096,40077000,0.00%,999176583,486550319583,369093.14,0
2050-06-13,9.2096,9.2096,9.2096,9.2096,56364000,0.00%,942812583,486550319583,519089.89,0
2050-06-14,9.2096,9.2096,9.2096,9.2096,51972000,0.00%,890840583,486550319583,478641.33,0
2050-06-15,9.2096,9.2096,9.2096,9.2096,45079000,0.00%,845761583,486550319583,415159.56,0
2050-06-16,9.2096,9.2096,9.2096,9.2096,40778500,0.00%,804983083,486550319583,375553.67,0
2050-06-17,9.2096,9.2096,9.2096,9.2096,58224500,0.00%,746758583,486550319583,536224.36,0
2050-06-20,9.2096,9.2096,9.2096,9.2096,42029000,0.00%,704729583,486550319583,387070.28,0
2050-06-21,9.2096,9.2096,9.2096,9.2096,35136000,0.00%,669593583,486550319583,323588.51,0
2050-06-22,9.2096,9.2096,9.2096,9.2096,46329500,0.00%,623264083,486550319583,426676.16,0
2050-06-23,9.2096,9.2096,9.2096,9.2096,59139500,0.00%,564124583,486550319583,544651.14,0
2050-06-24,9.2096,9.2096,9.2096,9.2096,62891000,0.00%,501233583,486550319583,579200.95,0
2050-06-27,9.2096,9.2096,9.2096,9.2096,43462500,0.00%,457771083,486550319583,400272.24,0
2050-06-28,9.2096,9.2096,9.2096,9.2096,54198500,0.00%,403572583,486550319583,499146.51,0
2050-06-29,9.2096,9.2096,9.2096,9.2096,53649500,0.00%,349923083,486550319583,494090.44,0
2050-06-30,9.2096,9.2096,9.2096,9.2096,45750000,0.00%,304173083,486550319583,421339.2,0
2050-07-01,9.2096,9.2096,9.2096,9.2096,46299000,0.00%,257874083,486550319583,426395.27,0
2050-07-04,9.2096,9.2096,9.2096,9.2096,56303000,0.00%,201571083,486550319583,518528.11,0
2050-07-06,9.2096,9.2096,9.2096,9.2096,55510000,0.00%,146061083,486550319583,511224.9,0
2050-07-07,9.2096,9.2096,9.2096,9.2096,57828000,0.00%,88233083,486550319583,532572.75,0
2050-07-08,9.2096,9.2096,9.2096,9.2096,44713000,0.00%,43520083,486550319583,411788.84,0
2050-07-11,9.2096,9.2096,9.2096,9.2096,35471500,0.00%,8048583,486550319583,326678.33,0
2050-07-12,9.2096,9.2188,9.2188,9.2096,40168500,0.10%,1162682899,487745122399,370305.37,1194802815
2050-07-13,9.2188,9.2188,9.2188,9.2188,54351000,0.00%,1108331899,487745122399,501051.0,0
2050-07-14,9.2188,9.2188,9.2188,9.2188,42791500,0.00%,1065540399,487745122399,394486.28,0
2050-07-15,9.2188,9.2188,9.2188,9.2188,58651500,0.00%,1006888899,487745122399,540696.45,0
2050-07-18,9.2188,9.2188,9.2188,9.2188,35685000,0.00%,971203899,487745122399,328972.88,0
2050-07-19,9.2188,9.2188,9.2188,9.2188,83722500,0.00%,887481399,487745122399,771820.98,0
2050-07-20,9.2188,9.2188,9.2188,9.2188,70912500,0.00%,816568899,487745122399,653728.16,0
2050-07-21,9.2188,9.2188,9.2188,9.2188,41907000,0.00%,774661899,487745122399,386332.25,0
2050-07-22,9.2188,9.2188,9.2188,9.2188,42029000,0.00%,732632899,487745122399,387456.95,0
2050-07-25,9.2188,9.2188,9.2188,9.2188,40473500,0.00%,692159399,487745122399,373117.1,0
2050-07-26,9.2188,9.2188,9.2188,9.2188,53680000,0.00%,638479399,487745122399,494865.18,0
2050-07-27,9.2188,9.2188,9.2188,9.2188,142557000,0.00%,495922399,487745122399,1314204.47,0
2050-07-28,9.2188,9.2188,9.2188,9.2188,73749000,0.00%,422173399,487745122399,679877.28,0
2050-07-29,9.2188,9.2188,9.2188,9.2188,60664500,0.00%,361508899,487745122399,559253.89,0
2050-08-01,9.2188,9.2188,9.2188,9.2188,44713000,0.00%,316795899,487745122399,412200.2,0
2050-08-02,9.2188,9.2188,9.2188,9.2188,51392500,0.00%,265403399,487745122399,473777.18,0
2050-08-03,9.2188,9.2188,9.2188,9.2188,59048000,0.00%,206355399,487745122399,544351.7,0
2050-08-04,9.2188,9.2188,9.2188,9.2188,62372500,0.00%,143982899,487745122399,574999.6,0
2050-08-05,9.2188,9.2188,9.2188,9.2188,64660000,0.00%,79322899,487745122399,596087.61,0
2050-08-08,9.2188,9.2188,9.2188,9.2188,52887000,0.00%,26435899,487745122399,487554.68,0
2050-08-09,9.2188,9.228,9.228,9.2188,52917500,0.10%,1149083239,488920687239,488322.69,1175564840
2050-08-10,9.228,9.228,9.228,9.228,63257000,0.00%,1085826239,488920687239,583735.6,0
2050-08-11,9.228,9.228,9.228,9.228,51667000,0.00%,1034159239,488920687239,476783.08,0
2050-08-12,9.228,9.228,9.228,9.228,40595500,0.00%,993563739,488920687239,374615.27,0
2050-08-15,9.228,9.228,9.228,9.228,35959500,0.00%,957604239,488920687239,331834.27,0
2050-08-16,9.228,9.228,9.228,9.228,42181500,0.00%,915422739,488920687239,389250.88,0
2050-08-17,9.228,9.228,9.228,9.228,114680000,0.00%,800742739,488920687239,1058267.04,0
2050-08-18,9.228,9.228,9.228,9.228,110837000,0.00%,689905739,488920687239,1022803.84,0
2050-08-19,9.228,9.228,9.228,9.228,67649000,0.00%,622256739,488920687239,624264.97,0
2050-08-22,9.228,9.228,9.228,9.228,53649500,0.00%,568607239,488920687239,495077.59,0
2050-08-23,9.228,9.228,9.228,9.228,49898000,0.00%,518709239,488920687239,460458.74,0
2050-08-24,9.228,9.228,9.228,9.228,48647500,0.00%,470061739,488920687239,448919.13,0
2050-08-25,9.228,9.228,9.228,9.228,43584500,0.00%,426477239,488920687239,402197.77,0
2050-08-26,9.228,9.228,9.228,9.228,59109000,0.00%,367368239,488920687239,545457.85,0
2050-08-29,9.228,9.228,9.228,9.228,78354500,0.00%,289013739,488920687239,723055.33,0
2050-08-30,9.228,9.228,9.228,9.228,63013000,0.00%,226000739,488920687239,581483.96,0
2050-08-31,9.228,9.228,9.228,9.228,64843000,0.00%,161157739,488920687239,598371.2,0
2050-09-01,9.228,9.228,9.228,9.228,66215500,0.00%,94942239,488920687239,611036.63,0
2050-09-02,9.228,9.228,9.228,9.228,55601500,0.00%,39340739,488920687239,513090.64,0
2050-09-05,9.228,9.2373,9.2373,9.228,48678000,0.10%,1157524850,490087549350,449653.29,1166862111
2050-09-06,9.2373,9.2373,9.2373,9.2373,45170500,0.00%,1112354350,490087549350,417253.46,0
2050-09-07,9.2373,9.2373,9.2373,9.2373,47336000,0.00%,1065018350,490087549350,437256.83,0
2050-09-08,9.2373,9.2373,9.2373,9.2373,54900000,0.00%,1010118350,490087549350,507127.77,0
2050-09-09,9.2373,9.2373,9.2373,9.2373,58102500,0.00%,952015850,490087549350,536710.22,0
2050-09-12,9.2373,9.2373,9.2373,9.2373,66551000,0.00%,885464850,490087549350,614751.55,0
2050-09-13,9.2373,9.2373,9.2373,9.2373,60603500,0.00%,824861350,490087549350,559812.71,0
2050-09-14,9.2373,9.2373,9.2373,9.2373,58529500,0.00%,766331850,490087549350,540654.55,0
2050-09-15,9.2373,9.2373,9.2373,9.2373,55479500,0.00%,710852350,490087549350,512480.79,0
2050-09-16,9.2373,9.2373,9.2373,9.2373,63379000,0.00%,647473350,490087549350,585450.84,0
2050-09-19,9.2373,9.2373,9.2373,9.2373,49928500,0.00%,597544850,490087549350,461204.53,0
2050-09-20,9.2373,9.2373,9.2373,9.2373,40687000,0.00%,556857850,490087549350,375838.03,0
2050-09-21,9.2373,9.2373,9.2373,9.2373,68167500,0.00%,488690350,490087549350,629683.65,0
2050-09-22,9.2373,9.2373,9.2373,9.2373,91469500,0.00%,397220850,490087549350,844931.21,0
2050-09-23,9.2373,9.2373,9.2373,9.2373,63470500,0.00%,333750350,490087549350,586296.05,0
2050-09-26,9.2373,9.2373,9.2373,9.2373,39345000,0.00%,294405350,490087549350,363441.57,0
2050-09-27,9.2373,9.2373,9.2373,9.2373,46634500,0.00%,247770850,490087549350,430776.87,0
2050-09-28,9.2373,9.2373,9.2373,9.2373,56242000,0.00%,191528850,490087549350,519524.23,0
2050-09-29,9.2373,9.2373,9.2373,9.2373,53009000,0.00%,138519850,490087549350,489660.04,0
2050-09-30,9.2373,9.2373,9.2373,9.2373,59475000,0.00%,79044850,490087549350,549388.42,0
2050-10-03,9.2373,9.2373,9.2373,9.2373,62494500,0.00%,16550350,490087549350,577280.44,0
2050-10-04,9.2373,9.2465,9.2465,9.2373,62860500,0.10%,1128343712,491262203212,581239.61,1174653861
2050-10-06,9.2465,9.2465,9.2465,9.2465,52277000,0.00%,1076066712,491262203212,483379.28,0
2050-10-07,9.2465,9.2465,9.2465,9.2465,21746500,0.00%,1054320212,491262203212,201079.01,0
2050-10-10,9.2465,9.2465,9.2465,9.2465,23881500,0.00%,1030438712,491262203212,220820.29,0
2050-10-12,9.2465,9.2465,9.2465,9.2465,32147000,0.00%,998291712,491262203212,297247.24,0
2050-10-13,9.2465,9.2465,9.2465,9.2465,44072500,0.00%,954219212,491262203212,407516.37,0
2050-10-14,9.2465,9.2465,9.2465,9.2465,60695000,0.00%,893524212,491262203212,561216.32,0
2050-10-17,9.2465,9.2465,9.2465,9.2465,115930500,0.00%,777593712,491262203212,1071951.37,0
2050-10-18,9.2465,9.2465,9.2465,9.2465,81740000,0.00%,695853712,491262203212,755808.91,0
2050-10-19,9.2465,9.2465,9.2465,9.2465,56059000,0.00%,639794712,491262203212,518349.54,0
2050-10-20,9.2465,9.2465,9.2465,9.2465,43584500,0.00%,596210212,491262203212,403004.08,0
2050-10-21,9.2465,9.2465,9.2465,9.2465,56882500,0.00%,539327712,491262203212,525964.04,0
2050-10-24,9.2465,9.2465,9.2465,9.2465,45628000,0.00%,493699712,491262203212,421899.3,0
2050-10-25,9.2465,9.2465,9.2465,9.2465,43218500,0.00%,450481212,491262203212,399619.86,0
2050-10-26,9.2465,9.2465,9.2465,9.2465,30439000,0.00%,420042212,491262203212,281454.21,0
2050-10-27,9.2465,9.2465,9.2465,9.2465,37881000,0.00%,382161212,491262203212,350266.67,0
2050-10-28,9.2465,9.2465,9.2465,9.2465,36600000,0.00%,345561212,491262203212,338421.9,0
2050-10-31,9.2465,9.2465,9.2465,9.2465,48922000,0.00%,296639212,491262203212,452357.27,0
2050-11-01,9.2465,9.2465,9.2465,9.2465,49715000,0.00%,246924212,491262203212,459689.75,0
2050-11-03,9.2465,9.2465,9.2465,9.2465,66398500,0.00%,180525712,491262203212,613953.73,0
2050-11-04,9.2465,9.2465,9.2465,9.2465,62769000,0.00%,117756712,491262203212,580393.56,0
2050-11-07,9.2465,9.2465,9.2465,9.2465,35349500,0.00%,82407212,491262203212,326859.15,0
2050-11-08,9.2465,9.2465,9.2465,9.2465,45658500,0.00%,36748712,491262203212,422181.32,0
2050-11-09,9.2465,9.2558,9.2558,9.2465,40595500,0.10%,1168750673,492434800673,375743.83,1172597461
2050-11-10,9.2558,9.2558,9.2558,9.2558,39894000,0.00%,1128856673,492434800673,369250.89,0
2050-11-11,9.2558,9.2558,9.2558,9.2558,40595500,0.00%,1088261173,492434800673,375743.83,0
2050-11-14,9.2558,9.2558,9.2558,9.2558,44255500,0.00%,1044005673,492434800673,409620.06,0
2050-11-15,9.2558,9.2558,9.2558,9.2558,39924500,0.00%,1004081173,492434800673,369533.19,0
2050-11-16,9.2558,9.2558,9.2558,9.2558,41663000,0.00%,962418173,492434800673,385624.4,0
2050-11-17,9.2558,9.2558,9.2558,9.2558,52765000,0.00%,909653173,492434800673,488382.29,0
2050-11-18,9.2558,9.2558,9.2558,9.2558,60878000,0.00%,848775173,492434800673,563474.59,0
2050-11-21,9.2558,9.2558,9.2558,9.2558,42059500,0.00%,806715673,492434800673,389294.32,0
2050-11-22,9.2558,9.2558,9.2558,9.2558,57401000,0.00%,749314673,492434800673,531292.18,0
2050-11-23,9.2558,9.2558,9.2558,9.2558,42578000,0.00%,706736673,492434800673,394093.45,0
2050-11-24,9.2558,9.2558,9.2558,9.2558,42761000,0.00%,663975673,492434800673,395787.26,0
2050-11-25,9.2558,9.2558,9.2558,9.2558,72376500,0.00%,591599173,492434800673,669902.41,0
2050-11-28,9.2558,9.2558,9.2558,9.2558,68259000,0.00%,523340173,492434800673,631791.65,0
2050-11-29,9.2558,9.2558,9.2558,9.2558,45384000,0.00%,477956173,492434800673,420065.23,0
2050-11-30,9.2558,9.2558,9.2558,9.2558,44011500,0.00%,433944673,492434800673,407361.64,0
2050-12-01,9.2558,9.2558,9.2558,9.2558,47244500,0.00%,386700173,492434800673,437285.64,0
2050-12-02,9.2558,9.2558,9.2558,9.2558,40321000,0.00%,346379173,492434800673,373203.11,0
2050-12-05,9.2558,9.2558,9.2558,9.2558,38552000,0.00%,307827173,492434800673,356829.6,0
2050-12-06,9.2558,9.2558,9.2558,9.2558,34953000,0.00%,272874173,492434800673,323517.98,0
2050-12-07,9.2558,9.2558,9.2558,9.2558,33550000,0.00%,239324173,492434800673,310532.09,0
2050-12-08,9.2558,9.2558,9.2558,9.2558,46756500,0.00%,192567673,492434800673,432768.81,0
2050-12-09,9.2558,9.2558,9.2558,9.2558,44652000,0.00%,147915673,492434800673,413289.98,0
2050-12-12,9.2558,9.2558,9.2558,9.2558,40931000,0.00%,106984673,492434800673,378849.15,0
2050-12-13,9.2558,9.2558,9.2558,9.2558,53161500,0.00%,53823173,492434800673,492052.21,0
2050-12-14,9.2558,9.2558,9.2558,9.2558,44987500,0.00%,8835673,492434800673,416395.3,0
2050-12-15,9.2558,9.265,9.265,9.2558,38064000,0.10%,1141086074,493605115074,352662.96,1170314400
2050-12-16,9.265,9.265,9.265,9.265,54381500,0.00%,1086704574,493605115074,503844.6,0
2050-12-19,9.265,9.265,9.265,9.265,46268500,0.00%,1040436074,493605115074,428677.65,0
2050-12-20,9.265,9.265,9.265,9.265,48769500,0.00%,991666574,493605115074,451849.42,0
2050-12-21,9.265,9.265,9.265,9.265,45201000,0.00%,946465574,493605115074,418787.27,0
2050-12-22,9.265,9.265,9.265,9.265,30957500,0.00%,915508074,493605115074,286821.24,0
2050-12-23,9.265,9.265,9.265,9.265,54198500,0.00%,861309574,493605115074,502149.1,0
2050-12-26,9.265,9.265,9.265,9.265,42303500,0.00%,819006074,493605115074,391941.93,0
2050-12-27,9.265,9.265,9.265,9.265,47641000,0.00%,771365074,493605115074,441393.87,0
2050-12-28,9.265,9.265,9.265,9.265,22326000,0.00%,749039074,493605115074,206850.39,0
