日期,开盘,收盘,高,低,成交量,涨跌幅,流通股本,总股本,交易收入,增发股数
2010-01-04,1.1,1.1033,1.1033,1.1,11823000,0.30%,177000,12000000,13044.32,9000000
2010-01-05,1.1033,1.1133,1.1133,1.1033,25641000,0.91%,1536002,39000002,28546.13,27000002
2010-01-06,1.1133,1.1222,1.1222,1.1133,24444000,0.80%,1092011,63000011,27431.06,24000008
2010-01-07,1.1222,1.1335,1.1335,1.1222,29326500,1.01%,1765532,93000032,33241.59,30000021
2010-01-08,1.1335,1.1414,1.1414,1.1335,20979000,0.70%,1786560,114000060,23945.43,21000027
2010-01-11,1.1414,1.1483,1.1483,1.1414,18658500,0.60%,1128093,132000093,21425.56,18000033
2010-01-12,1.1483,1.1552,1.1552,1.1483,16506000,0.60%,2622137,150000137,19067.73,18000043
2010-01-13,1.1552,1.1668,1.1668,1.1552,32077500,1.00%,544734,180000234,37428.03,30000097
2010-01-14,1.1668,1.175,1.175,1.1668,19887000,0.70%,1657832,201000332,23367.23,21000098
2010-01-15,1.175,1.1833,1.1833,1.175,21441000,0.71%,1216957,222000457,25371.14,21000125
2010-01-18,1.1833,1.1951,1.1951,1.1833,29211000,1.00%,2006189,252000689,34910.07,30000232
2010-01-19,1.1951,1.2205,1.2205,1.1951,64092000,2.13%,914925,315001425,78224.29,63000735
2010-01-20,1.2205,1.2402,1.2402,1.2205,46252499,1.61%,2663398,363002398,57362.35,48000972
2010-01-21,1.2402,1.2652,1.2652,1.2402,60280499,2.02%,2384775,423004275,76266.89,60001877
2010-01-22,1.2652,1.2959,1.2959,1.2652,72743999,2.43%,1644489,495007989,94268.95,72003714
2010-01-25,1.2959,1.3155,1.3155,1.2959,45769500,1.51%,878629,540011629,60209.78,45003639
2010-01-26,1.3155,1.3354,1.3354,1.3155,43112999,1.51%,2770554,585016554,57573.1,45004925
2010-01-27,1.3354,1.3596,1.3596,1.3354,53780999,1.81%,2997556,639024556,73120.65,54008002
2010-01-28,1.3596,1.3829,1.3829,1.3596,53928000,1.71%,79966,690034966,74577.03,51010409
2010-01-29,1.3829,1.3996,1.3996,1.3829,35511000,1.21%,578573,726044573,49701.2,36009607
2010-02-01,1.3996,1.4193,1.4193,1.3996,41496000,1.41%,1096422,768058422,58895.27,42013848
2010-02-02,1.4193,1.435,1.435,1.4193,34082999,1.11%,26814,801071814,48909.1,33013392
2010-02-03,1.435,1.4611,1.4611,1.435,51355499,1.82%,2698464,855098964,75035.52,54027149
2010-02-04,1.4611,1.4699,1.4699,1.4611,20264999,0.60%,444543,873110043,29787.52,18011078
2010-02-05,1.4699,1.4995,1.4995,1.4699,58569000,2.01%,1919244,933153744,87824.22,60043700
2010-02-08,1.4995,1.5176,1.5176,1.4995,36340500,1.21%,1612149,969187149,55150.34,36033405
2010-02-09,1.5176,1.5359,1.5359,1.5176,37359000,1.21%,292639,1005226639,57379.69,36039489
2010-02-10,1.5359,1.5545,1.5545,1.5359,33432000,1.21%,2907192,1041273192,51970.04,36046553
2010-02-11,1.5545,1.5764,1.5764,1.5545,43165499,1.41%,1805825,1083337325,68046.09,42064132
2010-02-12,1.5764,1.5938,1.5938,1.5764,34650000,1.10%,215438,1116396938,55225.17,33059613
2010-02-17,1.5938,1.6098,1.6098,1.5938,27279000,1.00%,2998556,1146459056,43913.73,30062117
2010-02-18,1.6098,1.6179,1.6179,1.6098,15182999,0.50%,2849825,1161493325,24564.58,15034268
2010-02-19,1.6179,1.6276,1.6276,1.6179,19740000,0.60%,1153770,1179537270,32128.82,18043945
2010-02-22,1.6276,1.6407,1.6407,1.6276,24863999,0.80%,353506,1203601006,40794.36,24063736
2010-02-23,1.6407,1.6539,1.6539,1.6407,22994999,0.80%,1428749,1227671249,38031.43,24070242
2010-02-24,1.6539,1.6638,1.6638,1.6539,17671500,0.60%,1814612,1245728612,29401.84,18057363
2010-02-25,1.6638,1.6721,1.6721,1.6638,15603000,0.50%,1262668,1260779668,26089.78,15051055
2010-02-26,1.6721,1.6805,1.6805,1.6721,15718500,0.50%,598320,1275833820,26414.94,15054152
2010-03-01,1.6805,1.6923,1.6923,1.6805,19319999,0.70%,2359405,1296914905,32695.24,21081085
2010-03-02,1.6923,1.7076,1.7076,1.6923,26858999,0.90%,2614152,1324028652,45864.43,27113746
2010-03-03,1.7076,1.7162,1.7162,1.7076,15414000,0.50%,2268921,1339097421,26453.51,15068769
2010-03-04,1.7162,1.7282,1.7282,1.7162,22575000,0.70%,796644,1360200144,39014.12,21102723
2010-03-05,1.7282,1.7456,1.7456,1.7282,30733499,1.01%,223965,1390360965,53648.4,30160820
2010-03-08,1.7456,1.7613,1.7613,1.7456,26166000,0.90%,1218860,1417521860,46086.18,27160894
2010-03-09,1.7613,1.7702,1.7702,1.7613,15623999,0.51%,691691,1432618691,27657.6,15096831
2010-03-10,1.7702,1.7862,1.7862,1.7702,26271000,0.90%,1607652,1459805652,46925.26,27186960
2010-03-11,1.7862,1.7969,1.7969,1.7862,18018000,0.60%,1725008,1477941008,32376.54,18135355
2010-03-12,1.7969,1.8077,1.8077,1.7969,18060000,0.60%,1809137,1496085137,32647.06,18144128
2010-03-15,1.8077,1.824,1.824,1.8077,26827499,0.90%,2214453,1523317953,48933.36,27232816
2010-03-16,1.824,1.8516,1.8516,1.824,46893000,1.51%,756967,1568753467,86827.08,45435514
2010-03-17,1.8516,1.8739,1.8739,1.8516,35269500,1.20%,1888670,1605154670,66091.52,36401202
2010-03-18,1.8739,1.9194,1.9194,1.8739,73447500,2.43%,1385718,1678099218,140975.13,72944548
2010-03-19,1.9194,1.9739,1.9739,1.9194,86278500,2.84%,517061,1763509061,170305.13,85409842
2010-03-22,1.9739,1.9898,1.9898,1.9739,24864000,0.81%,140819,1787996819,49474.39,24487758
2010-03-23,1.9898,2.0057,2.0057,1.9898,23876999,0.80%,788842,1812521842,47890.1,24525023
2010-03-24,2.0057,2.0259,2.0259,2.0057,30092999,1.01%,1406062,1843232062,60965.41,30710219
2010-03-25,2.0259,2.0421,2.0421,2.0259,25934999,0.80%,88118,1867849118,52961.86,24617056
2010-03-26,2.0421,2.0585,2.0585,2.0421,23540999,0.80%,1210237,1892512237,48459.15,24663118
2010-03-29,2.0585,2.0689,2.0689,2.0585,16086000,0.51%,564159,1907952159,33280.33,15439921
2010-03-30,2.0689,2.0875,2.0875,2.0689,26859000,0.90%,1543692,1935790692,56068.16,27838533
2010-03-31,2.0875,2.1001,2.1001,2.0875,18616500,0.60%,1525212,1954388712,39096.51,18598019
2010-04-01,2.1001,2.1212,2.1212,2.1001,30807000,1.00%,1781208,1985451708,65347.81,31062996
2010-04-07,2.1212,2.1597,2.1597,2.1212,55744500,1.82%,2172995,2041587995,120391.4,56136287
2010-04-08,2.1597,2.1749,2.1749,2.1597,23047499,0.70%,1057953,2063520453,50126.01,21932457
2010-04-09,2.1749,2.2011,2.2011,2.1749,38293500,1.20%,485329,2101241329,84287.82,37720876
2010-04-12,2.2011,2.2254,2.2254,2.2011,33263999,1.10%,1955817,2135975817,74025.71,34734487
2010-04-13,2.2254,2.2456,2.2456,2.2254,29694000,0.91%,801162,2164515162,66680.85,28539344
2010-04-14,2.2456,2.2546,2.2546,2.2456,13135500,0.40%,390262,2177239762,29615.3,12724599
2010-04-15,2.2546,2.2658,2.2658,2.2546,14490000,0.50%,1838017,2193177517,32831.44,15937754
2010-04-16,2.2658,2.2795,2.2795,2.2658,18217500,0.60%,2793135,2212350135,41526.79,19172618
2010-04-19,2.2795,2.2955,2.2955,2.2795,22228500,0.70%,3001404,2234786904,51025.52,22436769
2010-04-20,2.2955,2.307,2.307,2.2955,18081000,0.50%,997407,2250863907,41712.87,16077002
2010-04-21,2.307,2.3232,2.3232,2.307,23341500,0.70%,233581,2273441581,54226.97,22577673
2010-04-22,2.3232,2.3372,2.3372,2.3232,17367000,0.60%,2289589,2292864589,40590.15,19423008
2010-04-23,2.3372,2.363,2.363,2.3372,37758000,1.10%,296128,2328629128,89222.15,35764538
2010-04-26,2.363,2.382,2.382,2.363,25504499,0.80%,959186,2354796686,60751.72,26167558
2010-04-27,2.382,2.3939,2.3939,2.382,16537500,0.50%,846751,2371221751,39589.12,16425065
2010-04-28,2.3939,2.4083,2.4083,2.3939,17776499,0.60%,2849126,2391000626,42811.14,19778875
2010-04-29,2.4083,2.4204,2.4204,2.4083,16600500,0.50%,2791334,2407543334,40179.85,16542708
2010-04-30,2.4204,2.4349,2.4349,2.4204,22711499,0.60%,4490,2427467990,55300.23,19924656
2010-05-03,2.4349,2.4545,2.4545,2.4349,24685500,0.80%,2016793,2454165793,60590.56,26697802
2010-05-04,2.4545,2.4742,2.4742,2.4545,26733000,0.80%,2136380,2481018380,66142.79,26852587
2010-05-05,2.4742,2.4915,2.4915,2.4742,25640999,0.70%,129395,2504652395,63884.55,23634015
2010-05-06,2.4915,2.5216,2.5216,2.4915,39102000,1.21%,1834590,2545459590,98599.6,40807194
2010-05-07,2.5216,2.5546,2.5546,2.5216,45843000,1.31%,656537,2590124537,117110.53,44664947
2010-05-10,2.5546,2.5699,2.5699,2.5546,20811000,0.60%,655286,2610934286,53482.19,20809748
2010-05-11,2.5699,2.5984,2.5984,2.5699,36844499,1.11%,2237521,2649361021,95736.75,38426734
2010-05-12,2.5984,2.6323,2.6323,2.5984,46871999,1.30%,1289478,2695284978,123381.17,45923957
2010-05-13,2.6323,2.6775,2.6775,2.6323,60122999,1.72%,2115233,2756233733,160979.33,60948754
2010-05-14,2.6775,2.7098,2.7098,2.6775,45297000,1.21%,555194,2799970694,122745.81,43736961
2010-05-17,2.7098,2.7479,2.7479,2.7098,49990500,1.41%,2343678,2851749678,137368.89,51778983
2010-05-18,2.7479,2.7672,2.7672,2.7479,25294500,0.70%,3295384,2877995884,69994.94,26246206
2010-05-19,2.7672,2.7839,2.7839,2.7672,23656499,0.60%,2318439,2900675439,65857.33,22679554
2010-05-20,2.7839,2.8118,2.8118,2.7839,38535000,1.00%,1937619,2938829619,108352.71,38154179
2010-05-24,2.8118,2.8401,2.8401,2.8118,37190999,1.01%,3399466,2977482466,105626.16,38652847
2010-05-25,2.8401,2.8686,2.8686,2.8401,40152000,1.00%,2412658,3016647658,115180.03,39165191
2010-05-26,2.8686,2.9032,2.9032,2.8686,47502000,1.21%,2607567,3064344567,137907.81,47696909
2010-05-27,2.9032,2.9236,2.9236,2.9032,29830499,0.70%,1011642,3092579142,87212.45,28234574
2010-05-28,2.9236,2.9441,2.9441,2.9236,28948500,0.70%,590797,3121106797,85227.28,28527654
2010-05-31,2.9441,2.9559,2.9559,2.9441,15235500,0.40%,1803332,3137554832,45034.61,16448034
2010-06-01,2.9559,2.9678,2.9678,2.9559,17713499,0.40%,633262,3154098262,52570.13,16543430
2010-06-02,2.9678,2.9826,2.9826,2.9678,19950000,0.50%,1500120,3174915120,59502.87,20816857
2010-06-03,2.9826,3.0006,3.0006,2.9826,22995000,0.60%,3684437,3200094437,68998.8,25179316
2010-06-04,3.0006,3.0126,3.0126,3.0006,19068000,0.40%,1536787,3217014787,57444.26,16920350
2010-06-07,3.0126,3.0307,3.0307,3.0126,24664500,0.60%,2442800,3242585300,74750.7,25570512
2010-06-08,3.0307,3.0765,3.0765,3.0307,62989500,1.51%,4255323,3307387323,193787.2,64802022
2010-06-09,3.0765,3.1544,3.1544,3.0765,114313500,2.53%,1093631,3418539131,360590.5,111151808
2010-06-10,3.1544,3.2634,3.2634,3.1544,156628499,3.46%,2858833,3576932833,511141.45,158393702
2010-06-11,3.2634,3.3193,3.3193,3.2634,81605999,1.71%,4600449,3660280449,270874.8,83347616
2010-06-14,3.3193,3.346,3.346,3.3193,43638000,0.80%,1209458,3700527458,146012.75,40247009
2010-06-15,3.346,3.3897,3.3897,3.346,65950499,1.31%,1789428,3767057928,223552.41,66530469
2010-06-17,3.3897,3.4409,3.4409,3.3897,77500500,1.51%,2936253,3845705253,266671.47,78647325
2010-06-18,3.4409,3.528,3.528,3.4409,136195500,2.53%,1997752,3980962252,480497.72,135256998
2010-06-21,3.528,3.5634,3.5634,3.528,53445000,1.00%,4883775,4037293275,190445.91,56331023
2010-06-22,3.5634,3.6064,3.6064,3.5634,69793500,1.21%,3958593,4106161593,251703.28,68868317
2010-06-23,3.6064,3.6756,3.6756,3.6064,111593999,1.92%,4162961,4217959961,410174.91,111798368
2010-06-24,3.6756,3.6977,3.6977,3.6756,38157000,0.60%,2416336,4254370336,141093.14,36410374
2010-06-25,3.6977,3.7162,3.7162,3.6977,32592000,0.50%,504062,4285050062,121118.39,30679726
2010-06-28,3.7162,3.7348,3.7348,3.7162,26386500,0.50%,5092568,4316025068,98548.3,30975006
2010-06-29,3.7348,3.7535,3.7535,3.7348,32140500,0.50%,4186149,4347259149,120639.37,31234080
2010-06-30,3.7535,3.7723,3.7723,3.7535,29515499,0.50%,6199872,4378788372,111341.32,31529223
2010-07-02,3.7723,3.7912,3.7912,3.7723,31783500,0.50%,6225591,4410597591,120497.61,31809219
2010-07-05,3.7912,3.7988,3.7988,3.7912,17062500,0.20%,1993317,4423427817,64817.03,12830225
2010-07-06,3.7988,3.8179,3.8179,3.7988,33757500,0.50%,484635,4455676635,128882.76,32248818
2010-07-07,3.8179,3.8447,3.8447,3.8179,40036500,0.70%,6054303,4501282803,153928.33,45606168
2010-07-08,3.8447,3.8562,3.8562,3.8447,25609500,0.30%,201088,4521039088,98755.35,19756284
2010-07-09,3.8562,3.8717,3.8717,3.8562,25305000,0.40%,1421200,4547564200,97973.37,26525112
2010-07-12,3.8717,3.8794,3.8794,3.8717,12117000,0.20%,2654389,4560914389,47006.69,13350188
2010-07-13,3.8794,3.8872,3.8872,3.8794,15697499,0.20%,352971,4574310471,61019.32,13396081
2010-07-14,3.8872,3.9027,3.9027,3.8872,21693000,0.40%,5576887,4601227387,84661.27,26916916
2010-07-15,3.9027,3.9145,3.9145,3.9027,23708999,0.30%,2178749,4621538249,92808.88,20310861
2010-07-16,3.9145,3.9262,3.9262,3.9145,17787000,0.30%,4828634,4641975134,69835.32,20436885
2010-07-19,3.9262,3.9341,3.9341,3.9262,18154500,0.20%,363569,4655664569,71421.62,13689434
2010-07-20,3.9341,3.9419,3.9419,3.9341,13702500,0.20%,412881,4669416381,54013.88,13751812
2010-07-21,3.9419,3.9538,3.9538,3.9419,17682000,0.30%,3439174,4690124674,69911.09,20708292
2010-07-22,3.9538,3.9656,3.9656,3.9538,20191500,0.30%,4058038,4710935038,80071.41,20810363
2010-07-23,3.9656,3.9815,3.9815,3.9656,27415500,0.40%,4546379,4738838879,109154.81,27903841
2010-07-26,3.9815,3.9975,3.9975,3.9815,27405000,0.40%,5248732,4766946232,109551.49,28107353
2010-07-27,3.9975,4.0256,4.0256,3.9975,48331500,0.70%,6496136,4816525136,194563.29,49578903
2010-07-28,4.0256,4.0498,4.0498,4.0256,45590999,0.60%,3934425,4859554425,184634.43,43029289
2010-07-29,4.0498,4.0701,4.0701,4.0498,35574000,0.50%,4627350,4895821350,144789.74,36266925
2010-07-30,4.0701,4.0864,4.0864,4.0701,32665499,0.40%,1233275,4925092775,133484.3,29271424
2010-08-02,4.0864,4.0986,4.0986,4.0864,18564000,0.30%,4794724,4947218224,76086.41,22125448
2010-08-03,4.0986,4.1109,4.1109,4.0986,26239500,0.30%,786926,4969449926,107867.96,22231701
2010-08-04,4.1109,4.1233,4.1233,4.1109,19120500,0.30%,4037912,4991821412,78839.56,22371486
2010-08-05,4.1233,4.1315,4.1315,4.1233,11676000,0.20%,7345946,5006805446,48239.39,14984033
2010-08-06,4.1315,4.1357,4.1357,4.1315,13156500,0.10%,1702680,5014318680,54411.34,7513234
2010-08-09,4.1357,4.1439,4.1439,4.1357,11760000,0.20%,5015821,5029391821,48732.26,15073140
2010-08-10,4.1439,4.1605,4.1605,4.1439,28990500,0.40%,6273061,5059639561,120614.98,30247739
2010-08-11,4.1605,4.173,4.173,4.1605,25116000,0.30%,4000140,5082482640,104809.07,22843079
2010-08-12,4.173,4.1981,4.1981,4.173,46861499,0.60%,3120175,5128464175,196729.26,45981534
2010-08-13,4.1981,4.215,4.215,4.1981,31867500,0.40%,2241289,5159452789,134321.51,30988614
2010-08-16,4.215,4.2234,4.2234,4.215,15361500,0.20%,2485467,5175058467,64877.76,15605677
2010-08-17,4.2234,4.2276,4.2276,4.2234,8988000,0.10%,1327185,5182888185,37997.67,7829718
2010-08-18,4.2276,4.2361,4.2361,4.2276,15414000,0.20%,1606885,5198581885,65295.25,15693700
2010-08-19,4.2361,4.253,4.253,4.2361,30145500,0.40%,2970671,5230091171,128208.81,31509285
2010-08-20,4.253,4.2616,4.2616,4.253,14017500,0.20%,4814358,5245952358,59736.98,15861187
2010-08-23,4.2616,4.2658,4.2658,4.2616,7864500,0.10%,4905387,5253907887,33548.38,7955528
2010-08-24,4.2658,4.2786,4.2786,4.2658,23278500,0.30%,5543099,5277824099,99599.39,23916212
2010-08-25,4.2786,4.3001,4.3001,4.2786,41296500,0.50%,4331867,5317909367,177579.08,40085268
2010-08-26,4.3001,4.313,4.313,4.3001,22365000,0.30%,6238000,5342180500,96460.24,24271132
2010-08-27,4.313,4.3173,4.3173,4.313,9009000,0.10%,5358628,5350310128,38894.56,8129628
2010-08-30,4.3173,4.3259,4.3259,4.3173,15876000,0.20%,5776169,5366603669,68677.99,16293541
2010-08-31,4.3259,4.3346,4.3346,4.3259,15960000,0.20%,6167692,5382955192,69180.22,16351523
2010-09-01,4.3346,4.3433,4.3433,4.3346,16149000,0.20%,6428492,5399364992,70139.95,16409799
2010-09-02,4.3433,4.3476,4.3476,4.3433,13660500,0.10%,1001376,5407598376,59390.39,8233384
2010-09-03,4.3476,4.3607,4.3607,4.3476,21630000,0.30%,4147710,5432374710,94321.94,24776334
2010-09-06,4.3607,4.3781,4.3781,4.3607,35763000,0.40%,1584022,5465574022,156573.99,33199311
2010-09-07,4.3781,4.3913,4.3913,4.3781,23194500,0.30%,3480313,5490664813,101854.01,25090791
2010-09-08,4.3913,4.4045,4.4045,4.3913,22795500,0.30%,5903333,5515883333,100402.78,25218519
2010-09-09,4.4045,4.4089,4.4089,4.4045,10962000,0.10%,3387790,5524329790,48330.36,8446456
2010-09-10,4.4089,4.4177,4.4177,4.4089,12180000,0.20%,8141041,5541263041,53807.59,16933251
2010-09-13,4.4177,4.4265,4.4265,4.4177,21735000,0.20%,3385390,5558242390,96209.98,16979348
2010-09-14,4.4265,4.4354,4.4354,4.4265,18532500,0.20%,1909337,5575298837,82199.05,17056446
2010-09-15,4.4354,4.4443,4.4443,4.4354,16821000,0.20%,2211370,5592421870,74757.57,17123033
2010-09-16,4.4443,4.4531,4.4531,4.4443,16327500,0.20%,3067903,5609605903,72707.99,17184033
2010-09-17,4.4531,4.4621,4.4621,4.4531,17797500,0.20%,2513856,5626849356,79414.22,17243452
2010-09-20,4.4621,4.4755,4.4755,4.4621,21262500,0.30%,7215166,5652813166,95160.32,25963810
2010-09-21,4.4755,4.4844,4.4844,4.4755,22890000,0.20%,1711821,5670199821,102647.92,17386655
2010-09-22,4.4844,4.4934,4.4934,4.4844,19162500,0.20%,17154,5687667654,86104.78,17467832
2010-09-24,4.4934,4.5069,4.5069,4.4934,18091500,0.30%,8232530,5713974530,81536.58,26306876
2010-09-27,4.5069,4.534,4.534,4.5069,53791500,0.60%,7273201,5766806701,243890.66,52832170
2010-09-28,4.534,4.5522,4.5522,4.534,37180499,0.40%,5703356,5802417356,169253.07,35610655
2010-09-29,4.5522,4.5658,4.5658,4.5522,25368000,0.30%,7244187,5829326187,115825.21,26908831
2010-09-30,4.5658,4.575,4.575,4.5658,23940000,0.20%,1334815,5847356815,109525.5,18030627
2010-10-04,4.575,4.5887,4.5887,4.575,22049999,0.30%,6460072,5874532072,101180.83,27175256
2010-10-05,4.5887,4.5979,4.5979,4.5887,19719000,0.20%,4937949,5892728949,90665.99,18196877
2010-10-06,4.5979,4.6025,4.6025,4.5979,14017500,0.10%,53917,5901862417,64515.54,9133468
2010-10-07,4.6025,4.6163,4.6163,4.6025,25945500,0.30%,1585726,5929339726,119772.21,27477309
2010-10-08,4.6163,4.6302,4.6302,4.6163,26103000,0.30%,3101188,5956958188,120862.11,27618461
2010-10-11,4.6302,4.6487,4.6487,4.6302,37359000,0.40%,2758149,5993974149,173670.78,37015960
2010-10-12,4.6487,4.672,4.672,4.6487,45580500,0.50%,3788983,6040585483,212952.1,46611334
2010-10-13,4.672,4.6907,4.6907,4.672,39028500,0.40%,2380501,6078205501,183070.98,37620017
2010-10-14,4.6907,4.7095,4.7095,4.6907,33736500,0.40%,6546953,6116108453,158882.05,37902951
2010-10-15,4.7095,4.7236,4.7236,4.7095,27300000,0.30%,7857850,6144719350,128954.28,28610897
2010-10-18,4.7236,4.7331,4.7331,4.7236,19015500,0.20%,8014885,6163891885,90002.26,19172535
2010-10-19,4.7331,4.7426,4.7426,4.7331,21409500,0.20%,5846672,6183133172,101536.69,19241286
2010-10-20,4.7426,4.7521,4.7521,4.7426,20118000,0.20%,5047100,6202451600,95602.75,19318427
2010-10-21,4.7521,4.7616,4.7616,4.7521,23845500,0.20%,592542,6221842542,113542.73,19390942
2010-10-22,4.7616,4.7711,4.7711,4.7616,11707500,0.20%,8361569,6241319069,55857.65,19476526
2010-10-25,4.7711,4.7759,4.7759,4.7711,10668000,0.10%,7452995,6251078495,50949.3,9759426
2010-10-26,4.7759,4.7806,4.7806,4.7759,14658000,0.10%,2573604,6260857104,70074.03,9778609
2010-10-27,4.7806,4.7902,4.7902,4.7806,15277500,0.20%,6905996,6280466996,73182.28,19609892
2010-10-28,4.7902,4.795,4.795,4.7902,16096500,0.10%,641965,6290299465,77182.72,9832468
2010-10-29,4.795,4.8094,4.8094,4.795,25567500,0.30%,4658776,6319883776,122964.33,29584310
2010-11-01,4.8094,4.819,4.819,4.8094,16978500,0.20%,7495480,6339698980,81819.39,19815204
2010-11-02,4.819,4.8287,4.8287,4.819,20233500,0.20%,7138521,6359575521,97701.5,19876541
2010-11-03,4.8287,4.8383,4.8383,4.8287,22260000,0.20%,4828145,6379525145,107700.56,19949623
2010-11-04,4.8383,4.8674,4.8674,4.8383,63535500,0.60%,1384870,6439617370,309252.69,60092225
2010-11-05,4.8674,4.882,4.882,4.8674,31500000,0.30%,278779,6470011279,153783.0,30393908
2010-11-08,4.882,4.9065,4.9065,4.882,42546000,0.50%,8673115,6520951615,208751.95,50940335
2010-11-09,4.9065,4.9212,4.9212,4.9065,33547500,0.30%,5922267,6551748267,165093.96,30796651
2010-11-10,4.9212,4.936,4.936,4.9212,32770500,0.30%,4130861,6582727361,161755.19,30979094
2010-11-11,4.936,4.9558,4.9558,4.936,45622500,0.40%,50536,6624269536,226095.99,41542175
2010-11-12,4.9558,4.9756,4.9756,4.9558,36540000,0.40%,5383720,6666142720,181808.42,41873183
2010-11-15,4.9756,4.9856,4.9856,4.9756,22596000,0.20%,3857119,6687212119,112654.62,21069398
2010-11-16,4.9856,5.0006,5.0006,4.9856,35007000,0.30%,575689,6718937689,175056.0,31725570
2010-11-17,5.0006,5.0206,5.0206,5.0006,34765500,0.40%,8363217,6761490717,174543.67,42553027
2010-11-18,5.0206,5.0307,5.0307,5.0206,23110500,0.20%,6655660,6782893660,116261.99,21402943
2010-11-19,5.0307,5.0357,5.0357,5.0307,15561000,0.10%,1838308,6793637308,78360.53,10743647
2010-11-22,5.0357,5.0458,5.0458,5.0357,18333000,0.20%,5048305,6815180305,92504.65,21542997
2010-11-23,5.0458,5.0609,5.0609,5.0458,27226500,0.30%,10233381,6847591881,137790.59,32411575
2010-11-24,5.0609,5.071,5.071,5.0609,28854000,0.20%,3085768,6869298268,146318.63,21706386
2010-11-25,5.071,5.0812,5.0812,5.071,22974000,0.20%,1923368,6891109868,116735.49,21811600
2010-11-26,5.0812,5.0914,5.0914,5.0812,19362000,0.20%,4455768,6913004268,98579.69,21894399
2010-11-29,5.0914,5.1015,5.1015,5.0914,25273500,0.20%,1145853,6934967853,128932.76,21963585
2010-11-30,5.1015,5.1169,5.1169,5.1015,32896500,0.30%,1330539,6968049039,168328.1,33081185
2010-12-01,5.1169,5.1271,5.1271,5.1169,20433000,0.20%,3071381,6990222881,104762.03,22173841
2010-12-02,5.1271,5.1374,5.1374,5.1271,16768500,0.20%,8549836,7012469836,86146.49,22246954
2010-12-03,5.1374,5.1425,5.1425,5.1374,15351000,0.10%,4352550,7023623550,78942.52,11153714
2010-12-06,5.1425,5.1528,5.1528,5.1425,22092000,0.20%,4622867,7045985867,113835.66,22362316
2010-12-07,5.1528,5.1631,5.1631,5.1528,19362000,0.20%,7702738,7068427738,99967.94,22441871
2010-12-08,5.1631,5.1683,5.1683,5.1631,16537500,0.10%,2421387,7079683887,85470.76,11256149
2010-12-09,5.1683,5.1734,5.1734,5.1683,11749500,0.10%,1958362,7090970362,60784.86,11286474
2010-12-10,5.1734,5.1838,5.1838,5.1734,21000000,0.20%,3572164,7113584164,108859.8,22613801
2010-12-13,5.1838,5.1942,5.1942,5.1838,18049500,0.20%,8211689,7136273189,93752.71,22689025
2010-12-14,5.1942,5.1994,5.1994,5.1942,16485000,0.10%,3103896,7147650396,85712.11,11377206
2010-12-15,5.1994,5.2098,5.2098,5.1994,20328000,0.20%,5589433,7170463933,105904.81,22813536
2010-12-16,5.2098,5.2202,5.2202,5.2098,25063500,0.20%,3412157,7193350157,130836.48,22886224
2010-12-17,5.2202,5.2306,5.2306,5.2202,19687500,0.20%,6701853,7216327353,102977.44,22977195
2010-12-20,5.2306,5.2359,5.2359,5.2306,17776500,0.10%,449799,7227851799,93075.98,11524445
2010-12-21,5.2359,5.2463,5.2463,5.2359,13104000,0.20%,10458662,7250964662,68747.52,23112863
2010-12-22,5.2463,5.2516,5.2516,5.2463,12904500,0.10%,9133657,7262544157,67769.27,11579495
2010-12-23,5.2516,5.2568,5.2568,5.2516,9754500,0.10%,10982115,7274147115,51277.46,11602957
2010-12-24,5.2568,5.2568,5.2568,5.2568,4546500,0.00%,6435615,7274147115,23900.04,0
2010-12-28,5.2568,5.2621,5.2621,5.2568,9009000,0.10%,9055715,7285776215,47406.26,11629100
2010-12-29,5.2621,5.2673,5.2673,5.2621,9282000,0.10%,11418669,7297421169,48891.08,11644953
2010-12-30,5.2673,5.2726,5.2726,5.2673,16128000,0.10%,6952041,7309082541,85036.49,11661372
2010-12-31,5.2726,5.2779,5.2779,5.2726,8673000,0.10%,9970149,7320773649,45775.23,11691107
2011-01-03,5.2779,5.2832,5.2832,5.2779,13618000,0.10%,8058449,7332479949,71946.62,11706299
2011-01-04,5.2832,5.2885,5.2885,5.2832,18304000,0.10%,1485594,7344211094,96800.7,11731144
2011-01-05,5.2885,5.2937,5.2937,5.2885,10417000,0.10%,2833666,7355976166,55144.47,11765072
2011-01-06,5.2937,5.3043,5.3043,5.2937,15708000,0.20%,10690971,7379541471,83319.94,23565304
2011-01-07,5.3043,5.3043,5.3043,5.3043,8811000,0.00%,1879971,7379541471,46736.19,0
2011-01-10,5.3043,5.3096,5.3096,5.3043,11682000,0.10%,2025908,7391369408,62026.75,11827936
2011-01-11,5.3096,5.3149,5.3149,5.3096,11979000,0.10%,1895785,7403218285,63667.19,11848877
2011-01-12,5.3149,5.3362,5.3362,5.3149,42537000,0.40%,6829785,7450689285,226985.94,47470999
2011-01-13,5.3362,5.3576,5.3576,5.3362,45441000,0.40%,9167167,7498467667,243454.7,47778382
2011-01-14,5.3576,5.3845,5.3845,5.3576,59686000,0.50%,9613908,7558600408,321379.27,60132740
2011-01-17,5.3845,5.4006,5.4006,5.3845,35398000,0.30%,10629766,7595014266,191170.44,36413858
2011-01-18,5.4006,5.4114,5.4114,5.4006,26642000,0.20%,8394350,7619420850,144170.52,24406583
2011-01-19,5.4114,5.4168,5.4168,5.4114,19525000,0.10%,1122446,7631673946,105763.02,12253095
2011-01-20,5.4168,5.4331,5.4331,5.4168,30030000,0.30%,7954452,7668535952,163155.99,36862005
2011-01-21,5.4331,5.444,5.444,5.4331,26521000,0.20%,6116861,7693219361,144380.32,24683409
2011-01-24,5.444,5.4549,5.4549,5.444,19811000,0.20%,11086014,7717999514,108067.02,24780152
2011-01-25,5.4549,5.4713,5.4713,5.4549,37202000,0.30%,11155933,7755271433,203543.3,37271918
2011-01-26,5.4713,5.4877,5.4877,5.4713,37686000,0.30%,10945568,7792747068,206809.46,37475634
2011-01-27,5.4877,5.4987,5.4987,5.4877,23694000,0.20%,12375331,7817870831,130286.2,25123763
2011-01-28,5.4987,5.5042,5.5042,5.4987,22539000,0.10%,2442249,7830476749,124059.16,12605918
2011-01-31,5.5042,5.5152,5.5152,5.5042,19756000,0.20%,7980932,7855771432,108958.29,25294683
2011-02-01,5.5152,5.5262,5.5262,5.5152,25883000,0.20%,7461807,7881135307,143034.63,25363874
2011-02-02,5.5262,5.5317,5.5317,5.5262,17512000,0.10%,2680128,7893865628,96871.13,12730321
2011-02-07,5.5317,5.5484,5.5484,5.5317,32769000,0.30%,8191794,7932146294,181815.52,38280665
2011-02-08,5.5484,5.5706,5.5706,5.5484,49830000,0.40%,9631726,7983416226,277583.0,51269932
2011-02-09,5.5706,5.5873,5.5873,5.5706,46420000,0.30%,1941228,8022145728,259362.47,38729502
2011-02-10,5.5873,5.6097,5.6097,5.5873,43329000,0.40%,10590855,8074124355,243062.69,51978626
2011-02-11,5.6097,5.6322,5.6322,5.6097,50061000,0.40%,12818408,8126412908,281953.56,52288552
2011-02-14,5.6322,5.6434,5.6434,5.6322,39072000,0.20%,79414,8152745914,220498.92,26333005
2011-02-15,5.6434,5.6547,5.6547,5.6434,17809000,0.20%,8751239,8179226739,100704.55,26480825
2011-02-16,5.6547,5.6604,5.6604,5.6547,15939000,0.10%,6084377,8192498877,90221.12,13272137
2011-02-17,5.6604,5.6717,5.6717,5.6604,20537000,0.20%,12147327,8219098827,116479.7,26599950
2011-02-18,5.6717,5.6831,5.6831,5.6717,29579000,0.20%,9240037,8245770537,168100.41,26671709
2011-02-21,5.6831,5.6887,5.6887,5.6831,15433000,0.10%,7199104,8259162604,87793.71,13392067
2011-02-22,5.6887,5.7001,5.7001,5.6887,31889000,0.20%,2147766,8286000266,181770.49,26837661
2011-02-23,5.7001,5.7172,5.7172,5.7001,38302000,0.30%,4274595,8326429095,218980.19,40428829
2011-02-24,5.7172,5.7287,5.7287,5.7172,28149000,0.20%,3219946,8353523446,161257.18,27094350
2011-02-25,5.7287,5.7401,5.7401,5.7287,18579000,0.20%,11837931,8380720431,106645.32,27196985
2011-02-28,5.7401,5.7516,5.7516,5.7401,28897000,0.20%,10201051,8407980551,166203.99,27260119
2011-03-01,5.7516,5.7631,5.7631,5.7516,32780000,0.20%,4787435,8435346935,188914.42,27366383
2011-03-02,5.7631,5.7689,5.7689,5.7631,17864000,0.10%,669547,8449093047,103055.63,13746112
2011-03-03,5.7689,5.7804,5.7804,5.7689,19316000,0.20%,8908755,8476648255,111654.21,27555208
2011-03-04,5.7804,5.7978,5.7978,5.7804,39292000,0.30%,11042906,8518074406,227807.16,41426150
2011-03-07,5.7978,5.8036,5.8036,5.7978,19503000,0.10%,5423749,8531958249,113187.61,13883842
2011-03-08,5.8036,5.8152,5.8152,5.8036,21472000,0.20%,11789464,8559795964,124863.97,27837715
2011-03-09,5.8152,5.8269,5.8269,5.8152,32791000,0.20%,6911012,8587708512,191069.88,27912547
2011-03-10,5.8269,5.8327,5.8327,5.8269,16665000,0.10%,4265408,8601727908,97201.95,14019396
2011-03-11,5.8327,5.8443,5.8443,5.8327,30349000,0.20%,2013102,8629824602,177368.66,28096694
2011-03-14,5.8443,5.856,5.856,5.8443,17820000,0.20%,12401377,8658032877,104353.92,28208274
2011-03-15,5.856,5.8736,5.8736,5.856,45177000,0.30%,9619861,8700428361,265351.63,42395484
2011-03-16,5.8736,5.8854,5.8854,5.8736,31658000,0.20%,6396979,8728863479,186319.99,28435118
2011-03-17,5.8854,5.9267,5.9267,5.8854,103994000,0.70%,2273180,8828733680,616341.24,99870200
2011-03-18,5.9267,5.9504,5.9504,5.9267,54087000,0.40%,6039778,8886587278,321839.28,57853598
2011-03-21,5.9504,5.9683,5.9683,5.9504,47773000,0.30%,1928406,8930248906,285123.6,43661628
2011-03-22,5.9683,5.9862,5.9862,5.9683,45639000,0.30%,189116,8974148616,273204.18,43899709
2011-03-23,5.9862,6.0042,6.0042,5.9862,33737000,0.30%,10570308,9018266808,202563.7,44118192
2011-03-24,6.0042,6.0222,6.0222,6.0042,45517999,0.30%,9324009,9062538509,274118.5,44271700
2011-03-25,6.0222,6.0403,6.0403,6.0222,43318000,0.30%,10510927,9107043427,261653.72,44504917
2011-03-28,6.0403,6.0524,6.0524,6.0403,35112000,0.20%,5220907,9136865407,212511.87,29821979
2011-03-29,6.0524,6.0645,6.0645,6.0524,29876000,0.20%,5274309,9166794809,181183.0,29929402
2011-03-30,6.0645,6.0888,6.0888,6.0645,51029000,0.40%,14278111,9226827611,310705.38,60032801
2011-03-31,6.0888,6.1132,6.1132,6.0888,69080000,0.40%,5572957,9287202457,422299.86,60374846
2011-04-01,6.1132,6.1316,6.1316,6.1132,38676000,0.30%,12548297,9332853797,237145.76,45651339
2011-04-04,6.1316,6.1438,6.1438,6.1316,31086000,0.20%,11988527,9363380027,190986.17,30526230
2011-04-06,6.1438,6.1623,6.1623,6.1438,57640000,0.30%,250037,9409281537,355194.97,45901509
2011-04-07,6.1623,6.1746,6.1746,6.1623,29128000,0.20%,1900955,9440060455,179853.75,30778917
2011-04-08,6.1746,6.187,6.187,6.1746,22572000,0.20%,10152637,9470884137,139652.96,30823682
2011-04-11,6.187,6.1994,6.1994,6.187,26037000,0.20%,14980826,9501749326,161413.78,30865189
2011-04-12,6.1994,6.218,6.218,6.1994,57783000,0.30%,3580415,9548131915,359294.69,46382588
2011-04-13,6.218,6.2304,6.2304,6.218,33165000,0.20%,1522805,9579239305,206631.22,31107390
2011-04-14,6.2304,6.2491,6.2491,6.2304,33946000,0.30%,14352383,9626014883,212131.95,46775577
2011-04-15,6.2491,6.2616,6.2616,6.2491,35299000,0.20%,10335979,9657297479,221028.22,31282596
2011-04-18,6.2616,6.2679,6.2679,6.2616,20075000,0.10%,5954754,9672991254,125828.09,15693774
2011-04-19,6.2679,6.2804,6.2804,6.2679,27302000,0.20%,10084995,9704423495,171467.48,31432241
2011-04-20,6.2804,6.3119,6.3119,6.2804,78353000,0.50%,10434176,9783125676,494556.3,78702181
2011-04-21,6.3119,6.3309,6.3309,6.3119,44615999,0.30%,13499268,9830806768,282459.43,47681091
2011-04-26,6.3309,6.3372,6.3372,6.3309,24618000,0.10%,4837642,9846763142,156009.19,15956373
2011-04-27,6.3372,6.3562,6.3562,6.3372,39292000,0.30%,13503335,9894720835,249747.81,47957693
2011-04-28,6.3562,6.3626,6.3626,6.3562,27005000,0.10%,2546285,9910768785,171822.01,16047949
2011-04-29,6.3626,6.3753,6.3753,6.3626,22176000,0.20%,12541503,9942940003,141378.65,32171217
2011-05-03,6.3753,6.3817,6.3817,6.3753,19228000,0.10%,9420664,9959047164,122707.33,16107161
2011-05-04,6.3817,6.3944,6.3944,6.3817,39171000,0.20%,2503413,9991300913,250475.04,32253749
2011-05-05,6.3944,6.4072,6.4072,6.3944,25751000,0.20%,9140613,10023689113,164991.81,32388200
2011-05-06,6.4072,6.4137,6.4137,6.4072,15422000,0.10%,9957970,10039928470,98912.08,16239356
2011-05-09,6.4137,6.4201,6.4201,6.4137,24717000,0.10%,1501032,10056188532,158685.61,16260062
2011-05-11,6.4201,6.4393,6.4393,6.4201,37807000,0.30%,12582294,10105076794,243450.62,48888261
2011-05-12,6.4393,6.4651,6.4651,6.4393,62029000,0.40%,15991851,10170515351,401023.69,65438557
2011-05-13,6.4651,6.4716,6.4716,6.4651,28567000,0.10%,3909026,10186999526,184874.2,16484174
2011-05-16,6.4716,6.4846,6.4846,6.4716,25531000,0.20%,11448787,10220070287,165558.32,33070761
2011-05-17,6.4846,6.4975,6.4975,6.4846,31911000,0.20%,12694539,10253227039,207341.72,33156751
2011-05-18,6.4975,6.504,6.504,6.4975,23936000,0.10%,5393792,10269862292,155679.74,16635253
2011-05-19,6.504,6.517,6.517,6.504,25102000,0.20%,13630237,10303200737,163589.73,33338445
2011-05-20,6.517,6.517,6.517,6.517,13310000,0.00%,320237,10303200737,86741.27,0
2011-05-23,6.517,6.5236,6.5236,6.517,13750000,0.10%,3299719,10319930219,89699.5,16729482
2011-05-24,6.5236,6.5366,6.5366,6.5236,22407000,0.20%,14368171,10353405671,146465.6,33475451
2011-05-25,6.5366,6.5432,6.5432,6.5366,20251000,0.10%,10885947,10370174447,132506.34,16768776
2011-05-26,6.5432,6.5497,6.5497,6.5432,16137000,0.10%,11551645,10386977145,105692.51,16802697
2011-05-27,6.5497,6.5562,6.5562,6.5497,23903000,0.10%,4469186,10403797686,156712.85,16820540
2011-05-30,6.5562,6.5628,6.5628,6.5562,20702000,0.10%,628431,10420658931,135863.09,16861245
2011-05-31,6.5628,6.5759,6.5759,6.5628,26521000,0.20%,7893732,10454445232,174399.44,33786300
2011-06-01,6.5759,6.5825,6.5825,6.5759,21780000,0.10%,3046730,10471378230,143366.85,16932998
2011-06-02,6.5825,6.5957,6.5957,6.5825,20911000,0.20%,16033558,10505276058,137922.68,33897827
2011-06-03,6.5957,6.6023,6.6023,6.5957,27071000,0.10%,5933071,10522246571,178730.86,16970512
2011-06-07,6.6023,6.6155,6.6155,6.6023,29766000,0.20%,10128217,10556207717,196916.97,33961145
2011-06-08,6.6155,6.6221,6.6221,6.6155,15279000,0.10%,11836415,10573194915,101179.07,16987198
2011-06-09,6.6221,6.642,6.642,6.6221,50875000,0.30%,11968635,10624202135,337911.75,51007220
2011-06-10,6.642,6.6553,6.6553,6.642,40348000,0.20%,5821072,10658402572,268528.04,34200437
2011-06-13,6.6553,6.6619,6.6619,6.6553,17380000,0.10%,5611270,10675572770,115783.82,17170197
2011-06-14,6.6619,6.6753,6.6753,6.6619,31790000,0.20%,8200400,10709951900,212207.79,34379129
2011-06-15,6.6753,6.6886,6.6886,6.6753,26653000,0.20%,16034357,10744438857,178271.26,34486957
2011-06-16,6.6886,6.702,6.702,6.6886,37158000,0.20%,13458246,10779020746,249032.92,34581889
2011-06-17,6.702,6.7221,6.7221,6.702,60676000,0.30%,4845497,10831083997,407870.14,52063250
2011-06-20,6.7221,6.7491,6.7491,6.7221,63481000,0.40%,11273226,10900992726,428439.62,69908729
2011-06-21,6.7491,6.7626,6.7626,6.7491,33495000,0.20%,12975212,10936189712,226513.29,35196986
2011-06-22,6.7626,6.7829,6.7829,6.7626,49170000,0.30%,16697811,10989082311,333515.19,52892599
2011-06-23,6.7829,6.7897,6.7897,6.7829,20614000,0.10%,13809968,11006808468,139962.88,17726156
2011-06-24,6.7897,6.7964,6.7964,6.7897,25993000,0.10%,5560548,11024552048,176658.83,17743579
2011-06-27,6.7964,6.8032,6.8032,6.7964,18227000,0.10%,5110899,11042329399,124001.93,17777350
2011-06-28,6.8032,6.81,6.81,6.8032,15895000,0.10%,7011297,11060124797,108244.95,17795398
2011-06-29,6.81,6.8169,6.8169,6.81,17908000,0.10%,6924211,11077945711,122077.05,17820914
2011-06-30,6.8169,6.8373,6.8373,6.8169,52789000,0.30%,7680942,11131491442,360934.23,53545730
2011-07-04,6.8373,6.8442,6.8442,6.8373,23177000,0.10%,2460404,11149447904,158628.02,17956461
2011-07-05,6.8442,6.851,6.851,6.8442,12276000,0.10%,8176220,11167439720,84102.88,17991816
2011-07-06,6.851,6.8579,6.8579,6.851,17138000,0.10%,9042788,11185444288,117530.69,18004568
2011-07-07,6.8579,6.8647,6.8647,6.8579,14916000,0.10%,12151491,11203468991,102393.87,18024702
2011-07-08,6.8647,6.8716,6.8716,6.8647,26015000,0.10%,4180893,11221513393,178764.67,18044401
2011-07-11,6.8716,6.8853,6.8853,6.8716,24431000,0.20%,15895870,11257659370,168214.76,36145976
2011-07-12,6.8853,6.8922,6.8922,6.8853,22539000,0.10%,11464919,11275767419,155343.3,18108049
2011-07-13,6.8922,6.8991,6.8991,6.8922,18964000,0.10%,10647610,11293914110,130834.53,18146690
2011-07-14,6.8991,6.906,6.906,6.8991,22550000,0.10%,6273272,11312089772,155730.3,18175662
2011-07-15,6.906,6.9198,6.9198,6.906,27258000,0.20%,15442040,11348516540,188619.91,36426767
2011-07-18,6.9198,6.9198,6.9198,6.9198,12452000,0.00%,2990040,11348516540,86165.35,0
2011-07-19,6.9198,6.9337,6.9337,6.9198,22066000,0.20%,17455132,11385047632,152999.02,36531092
2011-07-20,6.9337,6.9337,6.9337,6.9337,14641000,0.00%,2814132,11385047632,101516.3,0
2011-07-21,6.9337,6.9475,6.9475,6.9337,23364000,0.20%,16062141,11421659641,162321.39,36612009
2011-07-22,6.9475,6.9545,6.9545,6.9475,17138000,0.10%,17250522,11439986022,119186.22,18326381
2011-07-25,6.9545,6.9615,6.9615,6.9545,18645000,0.10%,16931719,11458312219,129797.17,18326196
2011-07-26,6.9615,6.9684,6.9684,6.9615,18744000,0.10%,16539632,11476664132,130615.69,18351912
2011-07-27,6.9684,6.9754,6.9754,6.9684,22539000,0.10%,12363994,11495027494,157218.54,18363362
2011-07-28,6.9754,6.9824,6.9824,6.9754,24387000,0.10%,6351616,11513402116,170279.79,18374621
2011-07-29,6.9824,6.9893,6.9893,6.9824,18359000,0.10%,6370200,11531779700,128316.56,18377583
2011-08-01,6.9893,6.9963,6.9963,6.9893,24079000,0.10%,670705,11550159205,168463.91,18379505
2011-08-02,6.9963,7.0033,7.0033,6.9963,13398000,0.10%,5663196,11568549696,93830.21,18390490
2011-08-03,7.0033,7.0173,7.0173,7.0033,25971000,0.20%,16491095,11605348595,182246.3,36798898
2011-08-04,7.0173,7.0173,7.0173,7.0173,14575000,0.00%,1916095,11605348595,102277.15,0
2011-08-05,7.0173,7.0384,7.0384,7.0173,55143000,0.30%,2091862,11660667362,388118.49,55318767
2011-08-08,7.0384,7.0525,7.0525,7.0384,38082000,0.20%,1089300,11697746800,268573.3,37079437
2011-08-09,7.0525,7.0807,7.0807,7.0525,72259000,0.40%,3211386,11772127886,511644.3,74381086
2011-08-10,7.0807,7.1091,7.1091,7.0807,62876000,0.40%,15249521,11847042021,446991.77,74914135
2011-08-11,7.1091,7.1447,7.1447,7.1091,98934000,0.50%,10600700,11941327200,706853.75,94285178
2011-08-12,7.1447,7.159,7.159,7.1447,44176000,0.20%,4575313,11979477813,316255.98,38150613
2011-08-15,7.159,7.1734,7.1734,7.159,32659000,0.20%,10253854,12017815354,234276.07,38337540
2011-08-16,7.1734,7.1877,7.1877,7.1734,42482000,0.20%,6233533,12056277033,305347.87,38461679
2011-08-17,7.1877,7.2021,7.2021,7.1877,44330000,0.20%,533432,12094906932,319269.09,38629899
2011-08-18,7.2021,7.2165,7.2165,7.2021,31823000,0.20%,7510739,12133707239,229650.68,38800306
2011-08-19,7.2165,7.2309,7.2309,7.2165,45034000,0.20%,1392885,12172623385,325636.35,38916145
2011-08-22,7.2309,7.2454,7.2454,7.2309,40249000,0.20%,230123,12211709623,291620.1,39086238
2011-08-23,7.2454,7.2599,7.2599,7.2454,28490000,0.20%,10890368,12250859868,206834.55,39150244
2011-08-24,7.2599,7.2744,7.2744,7.2599,32593000,0.20%,17339832,12289902332,237094.52,39042464
2011-08-25,7.2744,7.2744,7.2744,7.2744,16335000,0.00%,1004832,12289902332,118827.32,0
2011-08-26,7.2744,7.2817,7.2817,7.2744,10274000,0.10%,10105621,12309277121,74812.19,19374788
2011-08-29,7.2817,7.289,7.289,7.2817,18964000,0.10%,10494038,12328629538,138228.6,19352416
2011-08-30,7.289,7.2963,7.2963,7.289,17908000,0.10%,11911682,12347955182,130662.14,19325644
2011-08-31,7.2963,7.3036,7.3036,7.2963,17842000,0.10%,13351553,12367237053,130310.83,19281870
2011-09-01,7.3036,7.3182,7.3182,7.3036,38852000,0.20%,12834205,12405571705,284326.71,38334651
2011-09-02,7.3182,7.3255,7.3255,7.3182,22682000,0.10%,9360007,12424779507,166156.99,19207801
2011-09-05,7.3255,7.3328,7.3328,7.3255,18964000,0.10%,9579546,12443963046,139059.22,19183538
2011-09-06,7.3328,7.3402,7.3402,7.3328,27159000,0.10%,1516058,12463058558,199352.49,19095512
2011-09-07,7.3402,7.3549,7.3549,7.3402,28479000,0.20%,11288906,12501310406,209460.2,38251847
2011-09-08,7.3549,7.3622,7.3622,7.3549,17336000,0.10%,13119887,12520477387,127631.1,19166980
2011-09-09,7.3622,7.3622,7.3622,7.3622,12254000,0.00%,865887,12520477387,90216.4,0
2011-09-12,7.3622,7.3696,7.3696,7.3622,15840000,0.10%,4199352,12539650852,116734.46,19173464
2011-09-14,7.3696,7.3843,7.3843,7.3696,29535000,0.20%,13036615,12578023115,218095.3,38372262
2011-09-15,7.3843,7.3917,7.3917,7.3843,23672000,0.10%,8595776,12597254276,174976.32,19231161
2011-09-16,7.3917,7.3991,7.3991,7.3917,21021000,0.10%,6851583,12616531083,155536.48,19276806
2011-09-19,7.3991,7.4065,7.4065,7.3991,18656000,0.10%,7488891,12635824391,138175.66,19293307
2011-09-20,7.4065,7.4139,7.4139,7.4065,24992000,0.10%,1792069,12655119569,185288.19,19295178
2011-09-21,7.4139,7.4287,7.4287,7.4139,31548000,0.20%,8917276,12693792776,234360.63,38673206
2011-09-22,7.4287,7.451,7.451,7.4287,50655000,0.30%,16471394,12752001894,377430.41,58209118
2011-09-23,7.451,7.466,7.466,7.451,44913000,0.20%,10632679,12791076179,335320.46,39074285
2011-09-26,7.466,7.4734,7.4734,7.466,28380000,0.10%,1896244,12810719744,212095.09,19643564
2011-09-27,7.4734,7.4959,7.4959,7.4734,52822000,0.30%,8177447,12869822947,395948.43,59103203
2011-09-28,7.4959,7.5184,7.5184,7.4959,64218000,0.30%,3438776,12929302276,482816.61,59479329
2011-09-30,7.5184,7.556,7.556,7.5184,84931000,0.50%,18482147,13029276647,641738.64,99974370
2011-10-03,7.556,7.5712,7.5712,7.556,55253000,0.20%,3659323,13069706823,418331.51,40430176
2011-10-04,7.5712,7.5939,7.5939,7.5712,53207000,0.30%,11515136,13130769636,404048.64,61062812
2011-10-06,7.5939,7.6091,7.6091,7.5939,51590000,0.20%,889353,13171733853,392553.47,40964217
2011-10-07,7.6091,7.6319,7.6319,7.6091,54373000,0.30%,8319136,13233536636,414969.3,61802782
2011-10-10,7.6319,7.6396,7.6396,7.6319,18414000,0.10%,10620611,13254252111,140675.59,20715475
2011-10-11,7.6396,7.6472,7.6472,7.6396,21714000,0.10%,9636032,13274981532,166051.3,20729420
2011-10-12,7.6472,7.6549,7.6549,7.6472,21241000,0.10%,9117612,13295704112,162597.73,20722580
2011-10-13,7.6549,7.6625,7.6625,7.6549,27148000,0.10%,2687984,13316422484,208021.55,20718372
2011-10-14,7.6625,7.6702,7.6702,7.6625,22088000,0.10%,1344452,13337166952,169419.38,20744467
2011-10-17,7.6702,7.6778,7.6778,7.6702,20361000,0.10%,1744477,13357927977,156327.69,20761024
2011-10-18,7.6778,7.6932,7.6932,7.6778,24684000,0.20%,18651149,13399518649,189898.95,41590671
2011-10-19,7.6932,7.6932,7.6932,7.6932,15488000,0.00%,3163149,13399518649,119152.28,0
2011-10-20,7.6932,7.7086,7.7086,7.6932,24574000,0.20%,20282775,13441212275,189431.14,41693626
2011-10-21,7.7086,7.7086,7.7086,7.7086,13849000,0.00%,6433775,13441212275,106756.4,0
2011-10-24,7.7086,7.7163,7.7163,7.7086,23683000,0.10%,3672232,13462133732,182745.13,20921456
2011-10-25,7.7163,7.724,7.724,7.7163,16489000,0.10%,8155933,13483106433,127361.04,20972701
2011-10-26,7.724,7.7318,7.7318,7.724,17248000,0.10%,11886896,13504085396,133358.09,20978962
2011-10-27,7.7318,7.7472,7.7472,7.7318,34430000,0.20%,19447471,13546075971,266736.1,41990575
2011-10-28,7.7472,7.755,7.755,7.7472,39457000,0.10%,1017119,13567102619,305989.04,21026647
2011-10-31,7.755,7.7627,7.7627,7.755,19118000,0.10%,2990853,13588194353,148407.3,21091734
2011-11-01,7.7627,7.7705,7.7705,7.7627,22396000,0.10%,1720312,13609319812,174028.12,21125458
2011-11-02,7.7705,7.7783,7.7783,7.7705,21670000,0.10%,1228007,13630497507,168555.76,21177694
2011-11-03,7.7783,7.7938,7.7938,7.7783,22539000,0.20%,21129418,13672937918,175664.46,42440411
2011-11-04,7.7938,7.7938,7.7938,7.7938,18150000,0.00%,2979418,13672937918,141457.47,0
2011-11-07,7.7938,7.8094,7.8094,7.7938,33616000,0.20%,11911669,13715486169,262520.79,42548251
2011-11-08,7.8094,7.8407,7.8407,7.8094,78408000,0.40%,18973710,13800956210,614773.61,85470041
2011-11-09,7.8407,7.8485,7.8485,7.8407,32560000,0.10%,7974344,13822516844,255547.16,21560633
2011-11-10,7.8485,7.8721,7.8721,7.8485,59367000,0.30%,13391887,13887301387,467342.96,64784543
2011-11-11,7.8721,7.88,7.88,7.8721,28853000,0.10%,6272234,13909034734,227361.64,21733347
2011-11-14,7.88,7.8958,7.8958,7.88,40689000,0.20%,9191646,13952643146,321272.21,43608411
2011-11-15,7.8958,7.9036,7.9036,7.8958,29029000,0.10%,2060379,13974540879,229433.6,21897733
2011-11-16,7.9036,7.9116,7.9116,7.9036,15884000,0.10%,8133143,13996497643,125667.85,21956763
2011-11-17,7.9116,7.9195,7.9195,7.9116,25047000,0.10%,5064645,14018476145,198359.72,21978502
2011-11-18,7.9195,7.9353,7.9353,7.9195,31790000,0.20%,17336481,14062537981,252263.19,44061836
2011-11-21,7.9353,7.9432,7.9432,7.9353,30382000,0.10%,9044688,14084628188,241330.3,22090206
2011-11-22,7.9432,7.9591,7.9591,7.9432,38192000,0.20%,15099517,14128875017,303973.95,44246829
2011-11-23,7.9591,7.9671,7.9671,7.9591,17358000,0.10%,19940041,14151073541,138292.92,22198523
2011-11-24,7.9671,7.9671,7.9671,7.9671,16445000,0.00%,3495041,14151073541,131018.96,0
2011-11-25,7.9671,7.9751,7.9751,7.9671,17358000,0.10%,8380354,14173316854,138431.79,22243313
2011-11-28,7.9751,7.991,7.991,7.9751,37961000,0.20%,14971915,14217869415,303346.35,44552561
2011-11-29,7.991,8.015,8.015,7.991,64801000,0.30%,17236032,14284934532,519380.02,67065116
2011-11-30,8.015,8.023,8.023,8.015,37235000,0.10%,2515725,14307449225,298736.41,22514692
2011-12-01,8.023,8.0391,8.0391,8.023,42306000,0.20%,5401648,14352641148,340102.16,45191923
2011-12-02,8.0391,8.0471,8.0471,8.0391,25014000,0.10%,3080177,14375333677,201290.16,22692529
2011-12-05,8.0471,8.0552,8.0552,8.0471,17589000,0.10%,8227628,14398070128,141682.91,22736450
2011-12-06,8.0552,8.0632,8.0632,8.0552,18832000,0.10%,12149208,14420823708,151846.18,22753580
2011-12-07,8.0632,8.0713,8.0713,8.0632,22055000,0.10%,12866048,14443595548,178012.52,22771839
2011-12-08,8.0713,8.0794,8.0794,8.0713,18414000,0.10%,17257460,14466400960,148774.07,22805411
2011-12-09,8.0794,8.0874,8.0874,8.0794,25014000,0.10%,15073720,14489231220,202298.22,22830259
2011-12-12,8.0874,8.0955,8.0955,8.0874,15301000,0.10%,22589343,14512047843,123869.25,22816623
2011-12-13,8.0955,8.0955,8.0955,8.0955,21890000,0.00%,699343,14512047843,177210.49,0
2011-12-14,8.0955,8.1117,8.1117,8.0955,30052000,0.20%,16296967,14557697467,243772.81,45649623
2011-12-15,8.1117,8.1198,8.1198,8.1117,22913000,0.10%,16259503,14580573003,186048.98,22875536
2011-12-16,8.1198,8.128,8.128,8.1198,30877000,0.10%,8290190,14603480690,250968.26,22907686
2011-12-19,8.128,8.1361,8.1361,8.128,18865000,0.10%,12391828,14626447328,153487.53,22966637
2011-12-20,8.1361,8.1442,8.1442,8.1361,12958000,0.10%,22433892,14649447392,105532.54,23000064
2011-12-21,8.1442,8.1442,8.1442,8.1442,15235000,0.00%,7198892,14649447392,124076.89,0
2011-12-22,8.1442,8.1524,8.1524,8.1442,11737000,0.10%,18459928,14672445428,95684.72,22998035
2011-12-23,8.1524,8.1524,8.1524,8.1524,11726000,0.00%,6733928,14672445428,95595.04,0
2011-12-28,8.1524,8.1605,8.1605,8.1524,9922000,0.10%,19742883,14695376383,80968.48,22930954
2011-12-29,8.1605,8.1605,8.1605,8.1605,7876000,0.00%,11866883,14695376383,64272.1,0
2011-12-30,8.1605,8.1605,8.1605,8.1605,7139000,0.00%,4727883,14695376383,58257.81,0
2012-01-03,8.1605,8.1687,8.1687,8.1605,13489500,0.10%,14077636,14718215636,110191.68,22839253
2012-01-04,8.1687,8.1687,8.1687,8.1687,10660500,0.00%,3417136,14718215636,87082.43,0
2012-01-05,8.1687,8.1769,8.1769,8.1687,18181500,0.10%,8081324,14741061324,148668.31,22845687
2012-01-06,8.1769,8.185,8.185,8.1769,17445500,0.10%,13505019,14763930519,142791.42,22869195
2012-01-09,8.185,8.1932,8.1932,8.185,16203499,0.10%,20185874,14786814874,132758.52,22884354
2012-01-10,8.1932,8.2014,8.2014,8.1932,32728999,0.10%,10373504,14809731504,268423.62,22916630
2012-01-11,8.2014,8.2178,8.2178,8.2014,37030000,0.20%,19345836,14855733836,304305.13,46002331
2012-01-12,8.2178,8.226,8.226,8.2178,31164999,0.10%,11272380,14878825380,256363.29,23091544
2012-01-13,8.226,8.2343,8.2343,8.226,25403499,0.10%,9029906,14901986406,209180.04,23161025
2012-01-16,8.2343,8.2425,8.2425,8.2343,13811499,0.10%,18430405,14925198405,113841.29,23211999
2012-01-17,8.2425,8.2507,8.2507,8.2425,25518499,0.10%,16124542,14948411042,210545.49,23212636
2012-01-18,8.2507,8.2672,8.2672,8.2507,39939500,0.20%,22714421,14994940421,330187.83,46529379
2012-01-19,8.2672,8.2755,8.2755,8.2672,31199499,0.10%,14868782,15018294282,258191.46,23353860
2012-01-20,8.2755,8.2838,8.2838,8.2755,24644499,0.10%,13635619,15041705619,204150.11,23411336
2012-01-26,8.2838,8.2921,8.2921,8.2838,15076499,0.10%,21936723,15065083223,125015.85,23377604
2012-01-27,8.2921,8.2921,8.2921,8.2921,12971999,0.00%,8964723,15065083223,107565.12,0
2012-01-30,8.2921,8.3087,8.3087,8.2921,33649000,0.20%,21992119,15111759619,279579.45,46676395
2012-01-31,8.3087,8.3253,8.3253,8.3087,48070000,0.20%,20701136,15158538636,400197.17,46779017
2012-02-01,8.3253,8.3336,8.3336,8.3253,32395499,0.10%,11788325,15182021325,269971.14,23482688
2012-02-02,8.3336,8.342,8.342,8.3336,23402500,0.10%,11889190,15205524690,195223.65,23503365
2012-02-03,8.342,8.3503,8.3503,8.342,15156999,0.10%,20245512,15229038012,126565.5,23513321
2012-02-06,8.3503,8.3503,8.3503,8.3503,17871000,0.00%,2374512,15229038012,149228.21,0
2012-02-07,8.3503,8.367,8.367,8.3503,38076500,0.20%,11332700,15276072700,318586.08,47034687
2012-02-08,8.367,8.3754,8.3754,8.367,23621000,0.10%,11289341,15299650341,197835.32,23577641
2012-02-09,8.3754,8.3837,8.3837,8.3754,25253999,0.10%,9647921,15323262921,211721.96,23612580
2012-02-10,8.3837,8.3921,8.3921,8.3837,18526500,0.10%,14787458,15346928958,155476.24,23666036
2012-02-13,8.3921,8.3921,8.3921,8.3921,11362000,0.00%,3425458,15346928958,95351.04,0
2012-02-14,8.3921,8.4005,8.4005,8.3921,10959500,0.10%,16144986,15370607986,92065.28,23679028
2012-02-15,8.4005,8.4089,8.4089,8.4005,27013499,0.10%,12796989,15394273489,227153.82,23665502
2012-02-16,8.4089,8.4257,8.4257,8.4089,47472000,0.20%,12753824,15441702324,399984.83,47428834
2012-02-17,8.4257,8.4342,8.4342,8.4257,33637500,0.10%,2948189,15465534189,283705.4,23831864
2012-02-20,8.4342,8.4426,8.4426,8.4342,20861000,0.10%,5980224,15489427224,176121.08,23893035
2012-02-21,8.4426,8.4511,8.4511,8.4426,17227000,0.10%,12654603,15513328603,145587.1,23901378
2012-02-22,8.4511,8.4595,8.4595,8.4511,19527000,0.10%,17049412,15537250412,165188.66,23921809
2012-02-23,8.4595,8.468,8.468,8.4595,20504500,0.10%,20500991,15561206491,173632.11,23956079
2012-02-24,8.468,8.468,8.468,8.468,13351499,0.00%,7149491,15561206491,113060.5,0
2012-02-27,8.468,8.4764,8.4764,8.468,16456499,0.10%,14688695,15585202195,139491.88,23995703
2012-02-28,8.4764,8.4849,8.4849,8.4764,20700000,0.10%,18004513,15609218013,175637.43,24015817
2012-02-29,8.4849,8.4934,8.4934,8.4849,24586999,0.10%,17471752,15633272252,208827.23,24054239
2012-03-01,8.4934,8.5019,8.5019,8.4934,27024999,0.10%,14560157,15657385657,229763.85,24113405
2012-03-02,8.5019,8.5019,8.5019,8.5019,13834499,0.00%,725657,15657385657,117619.54,0
2012-03-05,8.5019,8.5104,8.5104,8.5019,10844500,0.10%,14052361,15681556861,92291.03,24171204
2012-03-06,8.5104,8.5189,8.5189,8.5104,17422500,0.10%,20809106,15705736106,148420.54,24179244
2012-03-07,8.5189,8.5189,8.5189,8.5189,11500000,0.00%,9309106,15705736106,97967.35,0
2012-03-08,8.5189,8.5274,8.5274,8.5189,16341499,0.10%,17156257,15729924757,139350.51,24188651
2012-03-09,8.5274,8.5274,8.5274,8.5274,14271499,0.00%,2884757,15729924757,121698.79,0
2012-03-12,8.5274,8.5359,8.5359,8.5274,9280500,0.10%,17822438,15754142938,79217.42,24218180
2012-03-13,8.5359,8.553,8.553,8.5359,43401000,0.20%,22884351,15802605851,371208.75,48462913
2012-03-14,8.553,8.5616,8.5616,8.553,26300499,0.10%,20934373,15826956373,225174.36,24350521
2012-03-15,8.5616,8.5787,8.5787,8.5616,54854999,0.20%,14923296,15875800296,470584.59,48843923
2012-03-16,8.5787,8.5959,8.5959,8.5787,46644000,0.20%,17467212,15924988212,400947.16,49187915
2012-03-19,8.5959,8.6131,8.6131,8.5959,43987500,0.20%,22941465,15974449965,378868.74,49461753
2012-03-20,8.6131,8.6217,8.6217,8.6131,42676500,0.10%,5121335,15999306335,367943.98,24856369
2012-03-21,8.6217,8.6303,8.6303,8.6217,18135500,0.10%,11947834,16024268334,156514.81,24961998
2012-03-22,8.6303,8.6389,8.6389,8.6303,33982500,0.10%,2970353,16049273353,293571.42,25005019
2012-03-23,8.6389,8.6476,8.6476,8.6389,22149000,0.10%,5909286,16074361286,191535.69,25087932
2012-03-26,8.6476,8.6562,8.6562,8.6476,15122499,0.10%,15911525,16099486025,130903.38,25124738
2012-03-27,8.6562,8.6562,8.6562,8.6562,14363499,0.00%,1548025,16099486025,124333.33,0
2012-03-28,8.6562,8.6649,8.6649,8.6562,11074500,0.10%,15643033,16124655533,95959.44,25169507
2012-03-29,8.6649,8.6735,8.6735,8.6649,17434000,0.10%,23398926,16149845426,151213.8,25189893
2012-03-30,8.6735,8.6822,8.6822,8.6735,25288499,0.10%,23335286,16175070286,219559.81,25224859
2012-04-02,8.6822,8.6822,8.6822,8.6822,13914999,0.00%,9420286,16175070286,120812.81,0
2012-04-03,8.6822,8.6909,8.6909,8.6822,23218500,0.10%,11447434,16200315934,201789.66,25245648
2012-04-05,8.6909,8.6996,8.6996,8.6909,17526000,0.10%,19155118,16225549618,152469.19,25233683
2012-04-10,8.6996,8.6996,8.6996,8.6996,15260499,0.00%,3894618,16225549618,132760.25,0
2012-04-11,8.6996,8.7083,8.7083,8.6996,16836000,0.10%,12213909,16250704909,146612.94,25155291
2012-04-12,8.7083,8.717,8.717,8.7083,22770000,0.10%,14604725,16275865725,198486.09,25160816
2012-04-13,8.717,8.7257,8.7257,8.717,29485999,0.10%,10317928,16301064928,257285.99,25199202
2012-04-16,8.7257,8.7344,8.7344,8.7257,17767500,0.10%,17788534,16326303034,155188.45,25238106
2012-04-17,8.7344,8.7432,8.7432,8.7344,17836500,0.10%,25198992,16351549992,155948.09,25246957
2012-04-18,8.7432,8.7432,8.7432,8.7432,22356000,0.00%,2842992,16351549992,195462.98,0
2012-04-19,8.7432,8.7519,8.7519,8.7432,19573000,0.10%,8536542,16376816542,171300.94,25266549
2012-04-20,8.7519,8.7607,8.7607,8.7519,15938999,0.10%,17856685,16402075685,139636.8,25259143
2012-04-23,8.7607,8.7607,8.7607,8.7607,16974000,0.00%,882685,16402075685,148704.12,0
2012-04-24,8.7607,8.7694,8.7694,8.7607,19653500,0.10%,6506438,16427352938,172349.4,25277253
2012-04-25,8.7694,8.787,8.787,8.7694,36800000,0.20%,20324891,16477971391,323361.6,50618452
2012-04-26,8.787,8.7958,8.7958,8.787,21792500,0.10%,23916240,16503355240,191682.47,25383848
2012-04-27,8.7958,8.7958,8.7958,8.7958,22218000,0.00%,1698240,16503355240,195425.08,0
2012-04-30,8.7958,8.8046,8.8046,8.7958,20527500,0.10%,6599878,16528784378,180736.43,25429137
2012-05-02,8.8046,8.8134,8.8134,8.8046,21666000,0.10%,10334051,16554184551,190951.12,25400173
2012-05-03,8.8134,8.8222,8.8222,8.8134,16433499,0.10%,19282658,16579566658,144979.62,25382106
2012-05-04,8.8222,8.8222,8.8222,8.8222,16352999,0.00%,2929658,16579566658,144269.44,0
2012-05-07,8.8222,8.8398,8.8398,8.8222,32303499,0.20%,21242449,16630182949,285556.48,50616290
2012-05-08,8.8398,8.8398,8.8398,8.8398,15789499,0.00%,5452949,16630182949,139576.02,0
2012-05-09,8.8398,8.8487,8.8487,8.8398,29865500,0.10%,945867,16655541367,264270.85,25358417
2012-05-10,8.8487,8.8664,8.8664,8.8487,27967999,0.20%,23845798,16706409298,247975.48,50867931
2012-05-11,8.8664,8.8752,8.8752,8.8664,28692499,0.10%,20647404,16731903404,254651.68,25494106
2012-05-14,8.8752,8.8841,8.8841,8.8752,32763499,0.10%,13417640,16757437140,291074.21,25533735
2012-05-15,8.8841,8.893,8.893,8.8841,23713000,0.10%,15320335,16783052835,210879.71,25615695
2012-05-16,8.893,8.9019,8.9019,8.893,34465500,0.10%,6488930,16808686930,306808.43,25634095
2012-05-17,8.9019,8.9197,8.9197,8.9019,47552500,0.20%,10292425,16860042925,424154.03,51355994
2012-05-18,8.9197,8.9286,8.9286,8.9197,34097500,0.10%,1980692,16885828692,304442.94,25785767
2012-05-21,8.9286,8.9465,8.9465,8.9286,33695000,0.20%,20023642,16937566642,301452.32,51737949
2012-05-22,8.9465,8.9554,8.9554,8.9465,43838000,0.10%,2115049,16963496049,392586.83,25929407
2012-05-23,8.9554,8.9734,8.9734,8.9554,46713000,0.20%,7430932,17015524932,419174.43,52028883
2012-05-24,8.9734,8.9823,8.9823,8.9734,26104999,0.10%,7466276,17041665276,234482.94,26140344
2012-05-25,8.9823,8.9913,8.9913,8.9823,22919500,0.10%,10738407,17067856907,206076.1,26191630
2012-05-28,8.9913,9.0003,9.0003,8.9913,11983000,0.10%,24945597,17094047097,107850.59,26190189
2012-05-29,9.0003,9.0003,9.0003,9.0003,16778500,0.00%,8167097,17094047097,151011.53,0
2012-05-30,9.0003,9.0093,9.0093,9.0003,31199499,0.10%,3172218,17120251718,281085.66,26204621
2012-05-31,9.0093,9.0183,9.0183,9.0093,21171500,0.10%,8245218,17146496218,190930.94,26244499
2012-06-01,9.0183,9.0273,9.0273,9.0183,17445500,0.10%,17085455,17172781955,157485.76,26285737
2012-06-04,9.0273,9.0364,9.0364,9.0273,18768000,0.10%,24603013,17199067513,169595.16,26285557
2012-06-05,9.0364,9.0364,9.0364,9.0364,16410499,0.00%,8192513,17199067513,148291.84,0
2012-06-06,9.0364,9.0454,9.0454,9.0364,20895500,0.10%,13571112,17225341612,189008.16,26274098
2012-06-07,9.0454,9.0545,9.0545,9.0454,18388500,0.10%,21465596,17251624596,166498.67,26282984
2012-06-08,9.0545,9.0545,9.0545,9.0545,15616999,0.00%,5848596,17251624596,141404.13,0
2012-06-11,9.0545,9.0635,9.0635,9.0545,20688500,0.10%,11221286,17277685786,187510.22,26061189
2012-06-12,9.0635,9.0726,9.0726,9.0635,16272499,0.10%,20984894,17303721894,147633.88,26036108
2012-06-13,9.0726,9.0726,9.0726,9.0726,12730499,0.00%,8254394,17303721894,115498.73,0
2012-06-14,9.0726,9.0816,9.0816,9.0726,13282499,0.10%,20941461,17329691461,120626.35,25969566
2012-06-15,9.0816,9.0816,9.0816,9.0816,15294999,0.00%,5646461,17329691461,138903.07,0
2012-06-18,9.0816,9.0907,9.0907,9.0816,14995999,0.10%,16531130,17355572130,136324.14,25880669
2012-06-19,9.0907,9.0998,9.0998,9.0907,26242999,0.10%,16154104,17381438104,238806.05,25865973
2012-06-20,9.0998,9.0998,9.0998,9.0998,12592499,0.00%,3561604,17381438104,114589.23,0
2012-06-21,9.0998,9.1089,9.1089,9.0998,26587999,0.10%,2802525,17407267025,242187.43,25828920
2012-06-22,9.1089,9.118,9.118,9.1089,19941000,0.10%,8638769,17433044269,181822.04,25777243
2012-06-25,9.118,9.1271,9.1271,9.118,15018999,0.10%,19391767,17458816267,137079.91,25771998
2012-06-26,9.1271,9.1363,9.1363,9.1271,22022500,0.10%,23136885,17484583885,201204.17,25767617
2012-06-27,9.1363,9.1363,9.1363,9.1363,19435000,0.00%,3701885,17484583885,177563.99,0
2012-06-28,9.1363,9.1454,9.1454,9.1363,23701500,0.10%,5726405,17510309905,216759.7,25726019
2012-06-29,9.1454,9.1545,9.1545,9.1454,26714499,0.10%,4782620,17536080620,244557.89,25770715
2012-07-03,9.1545,9.1637,9.1637,9.1545,20700000,0.10%,9900198,17561898198,189688.59,25817577
2012-07-04,9.1637,9.1729,9.1729,9.1637,16686499,0.10%,18985157,17587669657,153063.6,25771459
2012-07-05,9.1729,9.1729,9.1729,9.1729,8740000,0.00%,10245157,17587669657,80171.15,0
2012-07-06,9.1729,9.1729,9.1729,9.1729,9487500,0.00%,757657,17587669657,87027.89,0
2012-07-09,9.1729,9.182,9.182,9.1729,11810500,0.10%,14617993,17613340493,108444.01,25670835
2012-07-10,9.182,9.182,9.182,9.182,8418000,0.00%,6199993,17613340493,77294.08,0
2012-07-11,9.182,9.1912,9.1912,9.182,19929500,0.10%,11918324,17638988324,183176.02,25647831
2012-07-12,9.1912,9.2004,9.2004,9.1912,25035499,0.10%,12434471,17664539971,230336.61,25551647
2012-07-13,9.2004,9.2004,9.2004,9.2004,10511000,0.00%,1923471,17664539971,96705.4,0
2012-07-16,9.2004,9.2096,9.2096,9.2004,13937999,0.10%,13515658,17690070158,128363.4,25530186
2012-07-17,9.2096,9.2188,9.2188,9.2096,19066999,0.10%,19954131,17715575631,175774.86,25505472
2012-07-18,9.2188,9.228,9.228,9.2188,24724999,0.10%,20756638,17741103138,228162.3,25527507
2012-07-19,9.228,9.2373,9.2373,9.228,27933499,0.10%,18403415,17766683415,258030.12,25580276
2012-07-20,9.2373,9.2465,9.2465,9.2373,18664500,0.10%,25389810,17792334310,172581.3,25650895
2012-07-23,9.2465,9.2465,9.2465,9.2465,20171000,0.00%,5218810,17792334310,186511.15,0
2012-07-24,9.2465,9.2558,9.2558,9.2465,10982500,0.10%,19886560,17817984560,101651.82,25650250
2012-07-25,9.2558,9.2558,9.2558,9.2558,13719499,0.00%,6167060,17817984560,126984.95,0
2012-07-26,9.2558,9.265,9.265,9.2558,17365000,0.10%,14462099,17843644599,160886.73,25660039
2012-07-27,9.265,9.2743,9.2743,9.265,22804500,0.10%,17307726,17869294726,211495.77,25650126
2012-07-30,9.2743,9.2835,9.2835,9.2743,21792500,0.10%,21116035,17894895535,202310.67,25600809
2012-07-31,9.2835,9.2835,9.2835,9.2835,19159000,0.00%,1957035,17894895535,177862.58,0
2012-08-01,9.2835,9.2928,9.2928,9.2835,13730999,0.10%,13859667,17920529167,127599.44,25633631
2012-08-02,9.2928,9.2928,9.2928,9.2928,11017000,0.00%,2842667,17920529167,102378.78,0
2012-08-03,9.2928,9.3021,9.3021,9.2928,10672000,0.10%,17776554,17946135054,99272.01,25605887
2012-08-06,9.3021,9.3021,9.3021,9.3021,11902500,0.00%,5874054,17946135054,110718.25,0
2012-08-07,9.3021,9.3114,9.3114,9.3021,13190499,0.10%,18296682,17971748182,122822.02,25613127
2012-08-08,9.3114,9.3114,9.3114,9.3114,17422500,0.00%,874182,17971748182,162227.87,0
2012-08-09,9.3114,9.3207,9.3207,9.3114,17767500,0.10%,8760525,17997402025,165605.54,25653843
2012-08-10,9.3207,9.3394,9.3394,9.3207,35408500,0.20%,24751718,18048801718,330694.14,51399692
2012-08-13,9.3394,9.3487,9.3487,9.3394,31590499,0.10%,18978963,18074619463,295330.11,25817745
2012-08-14,9.3487,9.3581,9.3581,9.3487,21137000,0.10%,23733557,18100511057,197802.16,25891593
2012-08-15,9.3581,9.3674,9.3674,9.3581,33522499,0.10%,16147498,18126447498,314018.67,25936440
2012-08-16,9.3674,9.3956,9.3956,9.3674,76095500,0.30%,18146938,18204542438,714962.88,78094939
2012-08-17,9.3956,9.405,9.405,9.3956,33096999,0.10%,11339377,18230831877,311277.28,26289439
2012-08-20,9.405,9.4144,9.4144,9.405,17445500,0.10%,20268411,18257206411,164238.92,26374533
2012-08-21,9.4144,9.4144,9.4144,9.4144,11730000,0.00%,8538411,18257206411,110430.91,0
2012-08-22,9.4144,9.4238,9.4238,9.4144,12189999,0.10%,22704321,18283562321,114876.12,26355910
2012-08-23,9.4238,9.4238,9.4238,9.4238,14087499,0.00%,8616821,18283562321,132757.78,0
2012-08-24,9.4238,9.4332,9.4332,9.4238,11155000,0.10%,23765405,18309865905,105227.35,26303583
2012-08-27,9.4332,9.4332,9.4332,9.4332,8475500,0.00%,15289905,18309865905,79951.09,0
2012-08-28,9.4332,9.4332,9.4332,9.4332,12006000,0.00%,3283905,18309865905,113255.0,0
2012-08-29,9.4332,9.4426,9.4426,9.4332,11764500,0.10%,17731072,18336077572,111087.47,26211667
2012-08-30,9.4426,9.4521,9.4521,9.4426,18457500,0.10%,25481486,18362285486,174462.14,26207914
2012-08-31,9.4521,9.4521,9.4521,9.4521,14754499,0.00%,10726986,18362285486,139461.01,0
2012-09-03,9.4521,9.4615,9.4615,9.4521,11419500,0.10%,25407641,18388385641,108045.6,26100155
2012-09-04,9.4615,9.4615,9.4615,9.4615,11281500,0.00%,14126141,18388385641,106739.91,0
2012-09-05,9.4615,9.471,9.471,9.4615,15317999,0.10%,24764756,18414342256,145076.78,25956614
2012-09-06,9.471,9.471,9.471,9.471,11385000,0.00%,13379756,18414342256,107827.34,0
2012-09-07,9.471,9.4805,9.4805,9.471,17618000,0.10%,21659263,18440239763,167027.45,25897506
2012-09-10,9.4805,9.4805,9.4805,9.4805,16594499,0.00%,5064763,18440239763,157324.16,0
2012-09-11,9.4805,9.4899,9.4899,9.4805,20619500,0.10%,10376954,18466171454,195676.99,25931691
2012-09-12,9.4899,9.4994,9.4994,9.4899,17859500,0.10%,18507544,18492161544,169654.53,25990089
2012-09-13,9.4994,9.4994,9.4994,9.4994,14673999,0.00%,3833544,18492161544,139394.2,0
2012-09-14,9.4994,9.5089,9.5089,9.4994,28657999,0.10%,1124498,18518110498,272506.06,25948954
2012-09-17,9.5089,9.5184,9.5184,9.5089,14639499,0.10%,12502877,18544128377,139344.62,26017878
2012-09-18,9.5184,9.528,9.528,9.5184,17618000,0.10%,20949114,18570192614,167864.3,26064237
2012-09-19,9.528,9.528,9.528,9.528,16375999,0.00%,4573114,18570192614,156030.53,0
2012-09-20,9.528,9.5375,9.5375,9.528,16709499,0.10%,13992723,18596321723,159366.86,26129108
2012-09-21,9.5375,9.547,9.547,9.5375,15766499,0.10%,24372897,18622468397,150522.78,26146674
2012-09-24,9.547,9.547,9.547,9.547,13040999,0.00%,11331897,18622468397,124502.43,0
2012-09-25,9.547,9.547,9.547,9.547,10534000,0.00%,797897,18622468397,100568.1,0
2012-09-26,9.547,9.5566,9.5566,9.547,14202499,0.10%,12737050,18648610050,135727.61,26141652
2012-09-27,9.5566,9.5661,9.5661,9.5566,28979999,0.10%,9916450,18674769450,277225.58,26159400
2012-09-28,9.5661,9.5757,9.5757,9.5661,19527000,0.10%,16608323,18700988323,186984.69,26218873
2012-10-03,9.5757,9.5757,9.5757,9.5757,16122999,0.00%,485323,18700988323,154389.01,0
2012-10-04,9.5757,9.5853,9.5853,9.5757,13408999,0.10%,13359727,18727271727,128529.29,26283404
2012-10-05,9.5853,9.5949,9.5949,9.5853,15444499,0.10%,24234097,18753590597,148188.43,26318869
2012-10-08,9.5949,9.5949,9.5949,9.5949,15133999,0.00%,9100097,18753590597,145209.22,0
2012-10-09,9.5949,9.6045,9.6045,9.5949,13822999,0.10%,21625622,18779939122,132763.0,26348524
2012-10-10,9.6045,9.6045,9.6045,9.6045,8786000,0.00%,12839622,18779939122,84385.14,0
2012-10-11,9.6045,9.6141,9.6141,9.6045,13661999,0.10%,25534620,18806296120,131347.83,26356997
2012-10-12,9.6141,9.6141,9.6141,9.6141,7497999,0.00%,18036620,18806296120,72086.52,0
2012-10-15,9.6141,9.6141,9.6141,9.6141,8325999,0.00%,9710620,18806296120,80047.0,0
2012-10-16,9.6141,9.6141,9.6141,9.6141,8049999,0.00%,1660620,18806296120,77393.51,0
2012-10-17,9.6141,9.6237,9.6237,9.6141,12891499,0.10%,15049977,18832576977,124063.93,26280857
2012-10-18,9.6237,9.6237,9.6237,9.6237,14593499,0.00%,456477,18832576977,140443.47,0
2012-10-19,9.6237,9.6333,9.6333,9.6237,12465999,0.10%,14293044,18858879544,120088.72,26302566
2012-10-22,9.6333,9.6333,9.6333,9.6333,11776000,0.00%,2517044,18858879544,113441.74,0
2012-10-24,9.6333,9.6429,9.6429,9.6333,20803500,0.10%,7943209,18885109209,200606.07,26229664
2012-10-25,9.6429,9.6526,9.6526,9.6429,21378500,0.10%,12795180,18911339680,206358.11,26230471
2012-10-26,9.6526,9.6622,9.6622,9.6526,18331000,0.10%,20603840,18937479340,177117.79,26139660
2012-10-29,9.6622,9.6622,9.6622,9.6622,12350999,0.00%,8252840,18937479340,119337.83,0
2012-10-30,9.6622,9.6719,9.6719,9.6622,17698500,0.10%,16390073,18963315073,171178.12,25835733
2012-10-31,9.6719,9.6719,9.6719,9.6719,15524999,0.00%,865073,18963315073,150156.25,0
2012-11-01,9.6719,9.6816,9.6816,9.6719,15352499,0.10%,11290117,18989092617,148636.76,25777544
2012-11-02,9.6816,9.6912,9.6912,9.6816,16836000,0.10%,20202156,19014840656,163161.04,25748038
2012-11-05,9.6912,9.6912,9.6912,9.6912,14639499,0.00%,5562656,19014840656,141874.32,0
2012-11-06,9.6912,9.7009,9.7009,9.6912,13144499,0.10%,18103125,19040525625,127513.48,25684968
2012-11-07,9.7009,9.7009,9.7009,9.7009,14259999,0.00%,3843125,19040525625,138334.83,0
2012-11-08,9.7009,9.7106,9.7106,9.7009,17307500,0.10%,12116164,19066106164,168066.21,25580539
2012-11-09,9.7106,9.7203,9.7203,9.7106,18572499,0.10%,19142500,19091705000,180530.27,25598835
2012-11-12,9.7203,9.7203,9.7203,9.7203,15835499,0.00%,3307000,19091705000,153925.81,0
2012-11-13,9.7203,9.7301,9.7301,9.7203,20090500,0.10%,8840454,19117328954,195482.57,25623953
2012-11-14,9.7301,9.7398,9.7398,9.7301,16870500,0.10%,17674671,19143033671,164315.3,25704716
2012-11-15,9.7398,9.7593,9.7593,9.7398,65354499,0.20%,3849531,19194563031,637814.17,51529360
2012-11-16,9.7593,9.7788,9.7788,9.7593,50887499,0.20%,5020970,19246621970,497618.68,52058938
2012-11-19,9.7788,9.7984,9.7984,9.7788,31325999,0.20%,26169002,19299096002,306944.68,52474032
2012-11-20,9.7984,9.8082,9.8082,9.7984,27484999,0.10%,24975879,19325387879,269578.38,26291876
2012-11-21,9.8082,9.8082,9.8082,9.8082,24759499,0.00%,216379,19325387879,242846.13,0
2012-11-22,9.8082,9.818,9.818,9.8082,16720999,0.10%,9899809,19351792309,164166.78,26404429
2012-11-23,9.818,9.8278,9.8278,9.818,21470500,0.10%,14849777,19378212777,211007.78,26420467
2012-11-26,9.8278,9.8376,9.8376,9.8278,19354500,0.10%,21946458,19404663958,190401.83,26451181
2012-11-27,9.8376,9.8376,9.8376,9.8376,19250999,0.00%,2695458,19404663958,189383.64,0
2012-11-28,9.8376,9.8475,9.8475,9.8376,18561000,0.10%,10680076,19431209576,182779.45,26545617
2012-11-29,9.8475,9.8573,9.8573,9.8475,17204000,0.10%,20077618,19457811118,169584.99,26601542
2012-11-30,9.8573,9.8672,9.8672,9.8573,23713000,0.10%,22976332,19484422832,233980.91,26611713
2012-12-03,9.8672,9.877,9.877,9.8672,30900499,0.10%,18740729,19511087729,305204.24,26664896
2012-12-04,9.877,9.8869,9.8869,9.877,26208499,0.10%,19286380,19537841880,259120.82,26754151
2012-12-05,9.8869,9.8968,9.8968,9.8869,31337499,0.10%,14780462,19564673462,310140.97,26831582
2012-12-06,9.8968,9.9067,9.9067,9.8968,23011500,0.10%,18679269,19591583769,227968.03,26910306
2012-12-07,9.9067,9.9067,9.9067,9.9067,16882000,0.00%,1797269,19591583769,167244.91,0
2012-12-10,9.9067,9.9166,9.9166,9.9067,14535999,0.10%,14113227,19618435727,144147.7,26851958
2012-12-11,9.9166,9.9265,9.9265,9.9166,17399500,0.10%,23518113,19645240113,172716.14,26804386
2012-12-12,9.9265,9.9265,9.9265,9.9265,18859999,0.00%,4658113,19645240113,187213.79,0
2012-12-13,9.9265,9.9365,9.9365,9.9265,16859000,0.10%,14533564,19671974564,167519.45,26734451
2012-12-14,9.9365,9.9365,9.9365,9.9365,12994999,0.00%,1538564,19671974564,129124.82,0
2012-12-17,9.9365,9.9464,9.9464,9.9365,19170500,0.10%,8800048,19698406548,190677.46,26431983
2012-12-18,9.9464,9.9563,9.9563,9.9464,14006999,0.10%,21166247,19724779747,139457.89,26373199
2012-12-19,9.9563,9.9563,9.9563,9.9563,20240000,0.00%,926247,19724779747,201515.51,0
2012-12-20,9.9563,9.9663,9.9663,9.9563,19227999,0.10%,7921229,19751002729,191632.02,26222981
2012-12-21,9.9663,9.9763,9.9763,9.9663,16421999,0.10%,17666803,19777170303,163830.8,26167574
2012-12-24,9.9763,9.9763,9.9763,9.9763,5508500,0.00%,12158303,19777170303,54954.45,0
2012-12-27,9.9763,9.9862,9.9862,9.9763,15984999,0.10%,22340694,19803337694,159629.41,26167390
2012-12-28,9.9862,9.9862,9.9862,9.9862,12787999,0.00%,9552694,19803337694,127703.53,0
2012-12-31,9.9862,9.9862,9.9862,9.9862,7578499,0.00%,1974194,19803337694,75680.42,0
2013-01-02,9.9862,10.0062,10.0062,9.9862,32028000,0.20%,22244779,19855636279,320478.57,52298585
2013-01-03,10.0062,10.0162,10.0162,10.0062,27036000,0.10%,21478814,19881906314,270797.98,26270034
2013-01-04,10.0162,10.0162,10.0162,10.0162,15792000,0.00%,5686814,19881906314,158175.83,0
2013-01-07,10.0162,10.0262,10.0262,10.0162,23736000,0.10%,8305169,19908260669,237981.88,26354355
2013-01-08,10.0262,10.0363,10.0363,10.0262,17820000,0.10%,16894455,19934669955,178846.87,26409286
2013-01-09,10.0363,10.0463,10.0463,10.0363,20352000,0.10%,23016143,19961143643,204462.3,26473687
2013-01-10,10.0463,10.0463,10.0463,10.0463,18636000,0.00%,4380143,19961143643,187222.85,0
2013-01-11,10.0463,10.0563,10.0563,10.0463,18468000,0.10%,12453922,19987685422,185719.75,26541778
2013-01-14,10.0563,10.0664,10.0664,10.0563,25404000,0.10%,13647619,20014283119,255726.83,26597697
2013-01-15,10.0664,10.0765,10.0765,10.0664,20556000,0.10%,19719107,20040910607,207132.53,26627488
2013-01-16,10.0765,10.0865,10.0865,10.0765,43848000,0.10%,2492318,20067531818,442272.85,26621210
2013-01-17,10.0865,10.1067,10.1067,10.0865,47760000,0.20%,8319293,20121118793,482695.99,53586974
2013-01-18,10.1067,10.1168,10.1168,10.1067,29964000,0.10%,5326618,20148090118,303139.8,26971324
2013-01-21,10.1168,10.127,10.127,10.1168,24384000,0.10%,8002292,20175149792,246936.77,27059673
2013-01-22,10.127,10.1371,10.1371,10.127,14880000,0.10%,20243806,20202271306,150840.05,27121514
2013-01-23,10.1371,10.1371,10.1371,10.1371,19620000,0.00%,623806,20202271306,198889.9,0
2013-01-24,10.1371,10.1472,10.1472,10.1371,17364000,0.10%,10391014,20229402514,176195.98,27131207
2013-01-25,10.1472,10.1574,10.1574,10.1472,30972000,0.10%,6400699,20256384199,314594.99,26981685
2013-01-28,10.1574,10.1675,10.1675,10.1574,18024000,0.10%,15416526,20283424026,183259.02,27039826
2013-01-29,10.1675,10.1777,10.1777,10.1675,15816000,0.10%,26555674,20310379174,160970.5,26955147
2013-01-30,10.1777,10.1777,10.1777,10.1777,19332000,0.00%,7223674,20310379174,196755.3,0
2013-01-31,10.1777,10.1879,10.1879,10.1777,17736000,0.10%,16397595,20337289095,180692.59,26909921
2013-02-01,10.1879,10.1879,10.1879,10.1879,10236000,0.00%,6161595,20337289095,104283.34,0
2013-02-04,10.1879,10.1981,10.1981,10.1879,12360000,0.10%,20717078,20364204578,126048.52,26915482
2013-02-05,10.1981,10.1981,10.1981,10.1981,15948000,0.00%,4769078,20364204578,162639.3,0
2013-02-06,10.1981,10.2083,10.2083,10.1981,11388000,0.10%,20263919,20391087419,116252.12,26882841
2013-02-07,10.2083,10.2083,10.2083,10.2083,17592000,0.00%,2671919,20391087419,179584.41,0
2013-02-08,10.2083,10.2185,10.2185,10.2083,19944000,0.10%,9541857,20417901357,203797.76,26813937
2013-02-14,10.2185,10.2287,10.2287,10.2185,14088000,0.10%,22331346,20444778846,144101.93,26877489
2013-02-15,10.2287,10.2287,10.2287,10.2287,16044000,0.00%,6287346,20444778846,164109.26,0
2013-02-18,10.2287,10.2389,10.2389,10.2287,14472000,0.10%,18744984,20471708484,148177.36,26929637
2013-02-19,10.2389,10.2491,10.2491,10.2389,24336000,0.10%,21309178,20498608678,249422.1,26900194
2013-02-20,10.2491,10.2594,10.2594,10.2491,21408000,0.10%,26723949,20525431449,219633.24,26822771
2013-02-21,10.2594,10.2594,10.2594,10.2594,22980000,0.00%,3743949,20525431449,235761.01,0
2013-02-22,10.2594,10.2799,10.2799,10.2594,36840000,0.20%,20506063,20579033563,378711.52,53602113
2013-02-25,10.2799,10.2799,10.2799,10.2799,14124000,0.00%,6382063,20579033563,145193.31,0
2013-02-26,10.2799,10.2902,10.2902,10.2799,21300000,0.10%,12015620,20605967120,219181.26,26933556
2013-02-27,10.2902,10.3005,10.3005,10.2902,20880000,0.10%,18134445,20632965945,215074.44,26998825
2013-02-28,10.3005,10.3108,10.3108,10.3005,25368000,0.10%,19817510,20660017010,261564.37,27051064
2013-03-01,10.3108,10.3108,10.3108,10.3108,19152000,0.00%,665510,20660017010,197472.44,0
2013-03-04,10.3108,10.3314,10.3314,10.3108,31932000,0.20%,23036114,20714319614,329902.26,54302604
2013-03-05,10.3314,10.3418,10.3418,10.3314,28056000,0.10%,22273172,20741612672,290149.54,27293057
2013-03-06,10.3418,10.3521,10.3521,10.3418,39252000,0.10%,10397751,20768989251,406340.63,27376579
2013-03-07,10.3521,10.3625,10.3625,10.3521,18324000,0.10%,19554756,20796470256,189882.45,27481005
2013-03-08,10.3625,10.3728,10.3728,10.3625,28824000,0.10%,18247876,20823987376,298985.59,27517119
2013-03-11,10.3728,10.3832,10.3832,10.3728,20328000,0.10%,25492010,20851559510,211069.69,27572134
2013-03-12,10.3832,10.3832,10.3832,10.3832,17712000,0.00%,7780010,20851559510,183907.24,0
2013-03-13,10.3832,10.3936,10.3936,10.3832,23436000,0.10%,12008747,20879224247,243584.41,27664737
2013-03-14,10.3936,10.404,10.404,10.3936,34920000,0.10%,4838674,20906974174,363307.68,27749926
2013-03-15,10.404,10.4456,10.4456,10.404,105180000,0.40%,11448632,21018764132,1098668.21,111789958
2013-03-18,10.4456,10.4665,10.4665,10.4456,54636000,0.20%,13767749,21075719249,571847.69,56955116
2013-03-19,10.4665,10.4875,10.4875,10.4665,49104000,0.20%,22160695,21133216195,514978.2,57496945
2013-03-20,10.4875,10.498,10.498,10.4875,37920000,0.10%,13226853,21162202353,398084.16,28986158
2013-03-21,10.498,10.54,10.54,10.498,103056000,0.40%,26965549,21278997049,1086210.24,116794696
2013-03-22,10.54,10.5611,10.5611,10.54,74208000,0.20%,12157403,21338396903,783718.11,59399853
2013-03-25,10.5611,10.5823,10.5823,10.5611,60048000,0.20%,12205949,21398493449,635445.95,60096546
2013-03-26,10.5823,10.6034,10.6034,10.5823,45216000,0.20%,27592181,21459095681,479443.33,60602231
2013-03-27,10.6034,10.614,10.614,10.6034,34224000,0.10%,23845101,21489572601,363253.54,30476920
2013-03-28,10.614,10.6246,10.6246,10.614,32604000,0.10%,21836940,21520168440,346404.46,30595838
2013-04-02,10.6246,10.6353,10.6353,10.6246,35160000,0.10%,17324139,21550815639,373937.15,30647198
2013-04-03,10.6353,10.6459,10.6459,10.6353,26196000,0.10%,21822970,21581510470,278880.0,30694830
2013-04-05,10.6459,10.6566,10.6566,10.6459,29904000,0.10%,22640693,21612232193,318674.97,30721722
2013-04-08,10.6566,10.6672,10.6672,10.6566,26304000,0.10%,27123700,21643019200,280590.03,30787006
2013-04-09,10.6672,10.6779,10.6779,10.6672,31560000,0.10%,26441015,21673896515,336994.52,30877315
2013-04-10,10.6779,10.6779,10.6779,10.6779,24600000,0.00%,1841015,21673896515,262676.34,0
2013-04-11,10.6779,10.6886,10.6886,10.6779,28308000,0.10%,4452791,21704816291,302572.89,30919775
2013-04-12,10.6886,10.6992,10.6992,10.6886,26556000,0.10%,8852628,21735772128,284127.96,30955837
2013-04-15,10.6992,10.7099,10.7099,10.6992,16068000,0.10%,23792289,21766779789,172086.67,31007660
2013-04-16,10.7099,10.7207,10.7207,10.7099,27696000,0.10%,27141195,21797824695,296920.51,31044906
2013-04-17,10.7207,10.7314,10.7314,10.7207,42636000,0.10%,15650210,21828969710,457543.97,31145014
2013-04-18,10.7314,10.7421,10.7421,10.7314,18744000,0.10%,28145848,21860209348,201349.92,31239638
2013-04-19,10.7421,10.7528,10.7528,10.7421,28668000,0.10%,30645194,21891376694,308261.27,31167346
2013-04-22,10.7528,10.7528,10.7528,10.7528,18480000,0.00%,12165194,21891376694,198711.74,0
2013-04-23,10.7528,10.7636,10.7636,10.7528,14376000,0.10%,28991596,21922579096,154737.51,31202402
2013-04-24,10.7636,10.7636,10.7636,10.7636,18840000,0.00%,10151596,21922579096,202786.22,0
2013-04-25,10.7636,10.7744,10.7744,10.7636,20844000,0.10%,20562808,21953834308,224581.59,31255211
2013-04-26,10.7744,10.7744,10.7744,10.7744,20316000,0.00%,246808,21953834308,218892.71,0
2013-04-29,10.7744,10.7851,10.7851,10.7744,20508000,0.10%,10978293,21985073793,221180.83,31239485
2013-04-30,10.7851,10.7959,10.7959,10.7851,29640000,0.10%,12599042,22016334542,319990.48,31260749
2013-05-02,10.7959,10.8067,10.8067,10.7959,41160000,0.10%,2789965,22047685465,444803.77,31350923
2013-05-03,10.8067,10.8175,10.8175,10.8067,23904000,0.10%,10408708,22079208208,258581.52,31522742
2013-05-06,10.8175,10.8283,10.8283,10.8175,14532000,0.10%,27489058,22110820558,157356.86,31612350
2013-05-07,10.8283,10.8283,10.8283,10.8283,8532000,0.00%,18957058,22110820558,92387.06,0
2013-05-08,10.8283,10.8283,10.8283,10.8283,10272000,0.00%,8685058,22110820558,111228.3,0
2013-05-09,10.8283,10.8392,10.8392,10.8283,9924000,0.10%,30144613,22142204113,107568.22,31383554
2013-05-10,10.8392,10.8392,10.8392,10.8392,10284000,0.00%,19860613,22142204113,111470.33,0
2013-05-13,10.8392,10.8392,10.8392,10.8392,15408000,0.00%,4452613,22142204113,167010.39,0
2013-05-14,10.8392,10.85,10.85,10.8392,18444000,0.10%,17365065,22173560565,200117.4,31356452
2013-05-15,10.85,10.8609,10.8609,10.85,17388000,0.10%,31363588,22204947088,188849.33,31386523
2013-05-16,10.8609,10.8826,10.8826,10.8609,76404000,0.20%,17855193,22267842693,831474.17,62895604
2013-05-20,10.8826,10.9044,10.9044,10.8826,74928000,0.20%,6510639,22331426139,817044.88,63583446
2013-05-21,10.9044,10.9262,10.9262,10.9044,39959999,0.20%,30768778,22395644278,436610.95,64218138
2013-05-22,10.9262,10.9262,10.9262,10.9262,18948000,0.00%,11820778,22395644278,207029.64,0
2013-05-23,10.9262,10.9371,10.9371,10.9262,32748000,0.10%,11294675,22427866175,358168.15,32221897
2013-05-24,10.9371,10.9481,10.9481,10.9371,27036000,0.10%,16601737,22460209237,295992.83,32343061
2013-05-27,10.9481,10.9481,10.9481,10.9481,13548000,0.00%,3053737,22460209237,148324.86,0
2013-05-28,10.9481,10.959,10.959,10.9481,16680000,0.10%,18820825,22492656325,182796.12,32447087
2013-05-29,10.959,10.97,10.97,10.959,24288000,0.10%,27030366,22525153866,266439.36,32497541
2013-05-30,10.97,10.97,10.97,10.97,21768000,0.00%,5262366,22525153866,238794.96,0
2013-05-31,10.97,10.9809,10.9809,10.97,23640000,0.10%,14241582,22557773082,259588.48,32619215
2013-06-03,10.9809,10.9919,10.9919,10.9809,21048000,0.10%,25905284,22590484784,231357.51,32711702
2013-06-04,10.9919,10.9919,10.9919,10.9919,17580000,0.00%,8325284,22590484784,193237.6,0
2013-06-05,10.9919,11.0029,11.0029,10.9919,14772000,0.10%,26199510,22623131010,162534.84,32646225
2013-06-06,11.0029,11.0029,11.0029,11.0029,20820000,0.00%,5379510,22623131010,229080.38,0
2013-06-07,11.0029,11.0139,11.0139,11.0029,19740000,0.10%,18083313,22655574813,217414.39,32443803
2013-06-10,11.0139,11.0249,11.0249,11.0139,22932000,0.10%,27537444,22687960944,252823.01,32386130
2013-06-11,11.0249,11.0249,11.0249,11.0249,21024000,0.00%,6513444,22687960944,231787.5,0
2013-06-13,11.0249,11.047,11.047,11.0249,40980000,0.20%,30317052,22752744552,452706.06,64783608
2013-06-14,11.047,11.047,11.047,11.047,17784000,0.00%,12533052,22752744552,196459.85,0
2013-06-17,11.047,11.058,11.058,11.047,19620000,0.10%,25402648,22785234148,216957.96,32489596
2013-06-18,11.058,11.058,11.058,11.058,19536000,0.00%,5866648,22785234148,216029.09,0
2013-06-19,11.058,11.0691,11.0691,11.058,27828000,0.10%,10623841,22817819341,308030.91,32585192
2013-06-20,11.0691,11.0802,11.0802,11.0691,37272000,0.10%,6047635,22850515135,412981.21,32695794
2013-06-21,11.0802,11.1023,11.1023,11.0802,52752000,0.20%,18966023,22916185523,585668.53,65670388
2013-06-24,11.1023,11.1134,11.1134,11.1023,33780000,0.10%,18207160,22949206660,375410.65,33021136
2013-06-25,11.1134,11.1245,11.1245,11.1134,41136000,0.10%,10219940,22982355440,457617.43,33148780
2013-06-26,11.1245,11.1357,11.1357,11.1245,30924000,0.10%,12572228,23015631728,344360.39,33276287
2013-06-27,11.1357,11.1468,11.1468,11.1357,30780000,0.10%,15166543,23049006043,343098.5,33374315
2013-06-28,11.1468,11.1579,11.1579,11.1468,30468000,0.10%,18178760,23082486260,339958.9,33480217
2013-07-02,11.1579,11.1691,11.1691,11.1579,24468000,0.10%,27288718,23116064218,273285.54,33577958
2013-07-03,11.1691,11.1803,11.1803,11.1691,28632000,0.10%,32278551,23149686051,320114.35,33621832
2013-07-04,11.1803,11.1803,11.1803,11.1803,17520000,0.00%,14758551,23149686051,195878.86,0
2013-07-05,11.1803,11.1803,11.1803,11.1803,14556000,0.00%,202551,23149686051,162740.45,0
2013-07-08,11.1803,11.1915,11.1915,11.1803,23340000,0.10%,10544319,23183367819,261209.61,33681767
2013-07-09,11.1915,11.2026,11.2026,11.1915,16584000,0.10%,27681827,23217089327,185783.92,33721507
2013-07-10,11.2026,11.2026,11.2026,11.2026,18216000,0.00%,9465827,23217089327,204066.56,0
2013-07-11,11.2026,11.2138,11.2138,11.2026,18864000,0.10%,24369102,23250856602,211537.12,33767275
2013-07-12,11.2138,11.2138,11.2138,11.2138,11256000,0.00%,13113102,23250856602,126222.53,0
2013-07-15,11.2138,11.2251,11.2251,11.2138,31512000,0.10%,15386102,23284641602,353725.35,33785000
2013-07-16,11.2251,11.2363,11.2363,11.2251,35400000,0.10%,13795277,23318450777,397765.02,33809174
2013-07-17,11.2363,11.2475,11.2475,11.2363,28452000,0.10%,19256214,23352363714,320013.87,33912937
2013-07-18,11.2475,11.2588,11.2588,11.2475,19308000,0.10%,33927612,23386343112,217384.91,33979397
2013-07-19,11.2588,11.2588,11.2588,11.2588,30084000,0.00%,3843612,23386343112,338709.74,0
2013-07-22,11.2588,11.27,11.27,11.2588,17796000,0.10%,20120356,23420415856,200560.92,34072743
2013-07-23,11.27,11.2813,11.2813,11.27,21036000,0.10%,33191815,23454523315,237313.43,34107459
2013-07-24,11.2813,11.2813,11.2813,11.2813,14964000,0.00%,18227815,23454523315,168813.37,0
2013-07-25,11.2813,11.2926,11.2926,11.2813,19379999,0.10%,32954277,23488629777,218850.59,34106461
2013-07-26,11.2926,11.3039,11.3039,11.2926,37620000,0.10%,29486781,23522782281,425252.72,34152503
2013-07-29,11.3039,11.3152,11.3152,11.3039,29676000,0.10%,34046337,23557017837,335789.88,34235555
2013-07-30,11.3152,11.3265,11.3265,11.3152,39696000,0.10%,28635529,23591303029,449616.74,34285192
2013-07-31,11.3265,11.3378,11.3378,11.3265,42708000,0.10%,20310881,23625686381,484214.76,34383352
2013-08-01,11.3378,11.3492,11.3492,11.3378,26712000,0.10%,28079135,23660166635,303159.83,34480254
2013-08-02,11.3492,11.3492,11.3492,11.3492,20280000,0.00%,7799135,23660166635,230161.78,0
2013-08-05,11.3492,11.3605,11.3605,11.3492,24048000,0.10%,18247451,23694662951,273197.3,34496315
2013-08-06,11.3605,11.3719,11.3719,11.3605,23664000,0.10%,29020643,23729100143,269104.64,34437191
2013-08-07,11.3719,11.3832,11.3832,11.3719,29304000,0.10%,34148113,23763531613,333573.29,34431470
2013-08-08,11.3832,11.3832,11.3832,11.3832,24156000,0.00%,9992113,23763531613,274972.58,0
2013-08-09,11.3832,11.3946,11.3946,11.3832,13956000,0.10%,30439618,23797935118,159023.04,34403505
2013-08-12,11.3946,11.3946,11.3946,11.3946,19392000,0.00%,11047618,23797935118,220964.08,0
2013-08-13,11.3946,11.406,11.406,11.3946,18348000,0.10%,26990482,23832225982,209277.29,34290863
2013-08-15,11.406,11.4288,11.4288,11.406,71100000,0.20%,24514392,23900849892,812587.68,68623909
2013-08-16,11.4288,11.4403,11.4403,11.4288,29244000,0.10%,29922731,23935502231,334560.13,34652339
2013-08-19,11.4403,11.4403,11.4403,11.4403,13152000,0.00%,16770731,23935502231,150462.83,0
2013-08-20,11.4403,11.4517,11.4517,11.4403,26892000,0.10%,24566120,23970189620,307959.12,34687388
2013-08-21,11.4517,11.4517,11.4517,11.4517,21492000,0.00%,3074120,23970189620,246119.94,0
2013-08-22,11.4517,11.4632,11.4632,11.4517,27000000,0.10%,10866125,24004981625,309506.4,34792005
2013-08-23,11.4632,11.4746,11.4746,11.4632,20063999,0.10%,25668369,24039847869,230226.37,34866243
2013-08-26,11.4746,11.4746,11.4746,11.4746,12780000,0.00%,12888369,24039847869,146645.39,0
2013-08-27,11.4746,11.4861,11.4861,11.4746,17232000,0.10%,30551001,24074742501,197928.48,34894632
2013-08-28,11.4861,11.4861,11.4861,11.4861,16452000,0.00%,14099001,24074742501,188969.32,0
2013-08-29,11.4861,11.4976,11.4976,11.4861,14880000,0.10%,34160163,24109683663,171084.29,34941162
2013-08-30,11.4976,11.4976,11.4976,11.4976,14304000,0.00%,19856163,24109683663,164461.67,0
2013-09-02,11.4976,11.5091,11.5091,11.4976,24096000,0.10%,30712124,24144635624,277323.27,34951960
2013-09-03,11.5091,11.5091,11.5091,11.5091,23220000,0.00%,7492124,24144635624,267241.3,0
2013-09-04,11.5091,11.5206,11.5206,11.5091,21360000,0.10%,21235499,24179738999,246080.02,35103375
2013-09-05,11.5206,11.5321,11.5321,11.5206,27684000,0.10%,28713721,24214901221,319254.66,35162222
2013-09-06,11.5321,11.5321,11.5321,11.5321,21732000,0.00%,6981721,24214901221,250615.6,0
2013-09-09,11.5321,11.5436,11.5436,11.5321,17580000,0.10%,24662619,24250162119,202936.49,35260897
2013-09-10,11.5436,11.5436,11.5436,11.5436,21972000,0.00%,2690619,24250162119,253635.98,0
2013-09-11,11.5436,11.5552,11.5552,11.5436,23352000,0.10%,14654494,24285477994,269837.03,35315875
2013-09-12,11.5552,11.5667,11.5667,11.5552,24156000,0.10%,25863949,24320843449,279405.21,35365455
2013-09-13,11.5667,11.5667,11.5667,11.5667,20640000,0.00%,5223949,24320843449,238736.69,0
2013-09-16,11.5667,11.5783,11.5783,11.5667,22440000,0.10%,18240886,24356300386,259817.05,35456936
2013-09-17,11.5783,11.5899,11.5899,11.5783,29172000,0.10%,24572422,24391803922,338100.56,35503536
2013-09-18,11.5899,11.6015,11.6015,11.5899,38772000,0.10%,21368444,24427371944,449813.36,35568021
2013-09-19,11.6015,11.6131,11.6131,11.6015,39108000,0.10%,17931137,24463042637,454165.11,35670692
2013-09-23,11.6131,11.6247,11.6247,11.6131,21804000,0.10%,31927075,24498842575,253464.96,35799937
2013-09-24,11.6247,11.6247,11.6247,11.6247,25284000,0.00%,6643075,24498842575,293918.91,0
2013-09-25,11.6247,11.6363,11.6363,11.6247,16152000,0.10%,26442231,24534793731,187949.52,35951156
2013-09-26,11.6363,11.6363,11.6363,11.6363,16068000,0.00%,10374231,24534793731,186972.07,0
2013-09-27,11.6363,11.648,11.648,11.6363,19908000,0.10%,26506172,24570833672,231888.38,36039940
2013-09-30,11.648,11.648,11.648,11.648,22140000,0.00%,4366172,24570833672,257886.72,0
2013-10-02,11.648,11.6596,11.6596,11.648,22056000,0.10%,18461338,24606984838,257164.14,36151166
2013-10-03,11.6596,11.6596,11.6596,11.6596,13740000,0.00%,4721338,24606984838,160202.9,0
2013-10-04,11.6596,11.6713,11.6713,11.6596,14832000,0.10%,26087688,24643183188,173108.72,36198349
2013-10-07,11.6713,11.6713,11.6713,11.6713,12168000,0.00%,13919688,24643183188,142016.38,0
2013-10-08,11.6713,11.6829,11.6829,11.6713,20784000,0.10%,29345025,24679392525,242817.39,36209337
2013-10-09,11.6829,11.6946,11.6946,11.6829,30900000,0.10%,34667428,24715614928,361363.14,36222402
2013-10-10,11.6946,11.6946,11.6946,11.6946,22680000,0.00%,11987428,24715614928,265233.53,0
2013-10-11,11.6946,11.7063,11.7063,11.6946,19884000,0.10%,28422170,24751933670,232768.07,36318741
2013-10-15,11.7063,11.7063,11.7063,11.7063,20376000,0.00%,8046170,24751933670,238527.57,0
2013-10-16,11.7063,11.718,11.718,11.7063,10872000,0.10%,33582971,24788342471,127398.1,36408801
2013-10-17,11.718,11.718,11.718,11.718,9720000,0.00%,23862971,24788342471,113898.96,0
2013-10-18,11.718,11.718,11.718,11.718,19668000,0.00%,4194971,24788342471,230469.62,0
2013-10-21,11.718,11.7297,11.7297,11.718,29652000,0.10%,10945121,24824744621,347809.06,36402149
2013-10-22,11.7297,11.7415,11.7415,11.7297,23712000,0.10%,23708362,24861219862,278414.45,36475241
2013-10-23,11.7415,11.7415,11.7415,11.7415,18528000,0.00%,5180362,24861219862,217546.51,0
2013-10-24,11.7415,11.7532,11.7532,11.7415,21108000,0.10%,20641102,24897788602,248086.55,36568739
2013-10-25,11.7532,11.7532,11.7532,11.7532,16344000,0.00%,4297102,24897788602,192094.3,0
2013-10-28,11.7532,11.765,11.765,11.7532,16704000,0.10%,24276946,24934472446,196522.56,36683843
2013-10-29,11.765,11.7767,11.7767,11.765,39959999,0.10%,21045422,24971200922,470596.93,36728476
2013-10-30,11.7767,11.7885,11.7885,11.7767,21264000,0.10%,36674532,25008094032,250670.66,36893109
2013-10-31,11.7885,11.7885,11.7885,11.7885,18636000,0.00%,18038532,25008094032,219690.49,0
2013-11-01,11.7885,11.7885,11.7885,11.7885,15036000,0.00%,3002532,25008094032,177251.89,0
2013-11-04,11.7885,11.8003,11.8003,11.7885,20868000,0.10%,19027023,25044986523,246248.66,36892491
2013-11-05,11.8003,11.8121,11.8121,11.8003,27888000,0.10%,28013951,25081861451,329415.84,36874927
2013-11-06,11.8121,11.8121,11.8121,11.8121,13800000,0.00%,14213951,25081861451,163006.98,0
2013-11-07,11.8121,11.8239,11.8239,11.8121,17604000,0.10%,33481594,25118733094,208147.94,36871643
2013-11-08,11.8239,11.8239,11.8239,11.8239,27708000,0.00%,5773594,25118733094,327616.62,0
2013-11-11,11.8239,11.8357,11.8357,11.8239,23796000,0.10%,18630745,25155386245,281642.32,36653150
2013-11-12,11.8357,11.8476,11.8476,11.8357,25140000,0.10%,30206417,25192101917,297848.66,36715671
2013-11-13,11.8476,11.8594,11.8594,11.8476,43632000,0.10%,23384614,25228912114,517449.34,36810196
2013-11-14,11.8594,11.8713,11.8713,11.8594,58980000,0.10%,1407578,25265915078,700169.27,37002964
2013-11-15,11.8713,11.8831,11.8831,11.8713,28752000,0.10%,9925586,25303185086,341662.89,37270008
2013-11-18,11.8831,11.895,11.895,11.8831,40908000,0.10%,6400870,25340568370,486600.66,37383283
2013-11-19,11.895,11.9069,11.9069,11.895,23784000,0.10%,20190926,25378142426,283193.71,37574056
2013-11-20,11.9069,11.9188,11.9188,11.9069,25176000,0.10%,32669889,25415797389,300067.71,37654963
2013-11-21,11.9188,11.9188,11.9188,11.9188,18444000,0.00%,14225889,25415797389,219830.35,0
2013-11-22,11.9188,11.9307,11.9307,11.9188,16200000,0.10%,35791057,25453562557,193277.34,37765167
2013-11-25,11.9307,11.9427,11.9427,11.9307,38436000,0.10%,35147096,25491354596,459029.62,37792038
2013-11-26,11.9427,11.9427,11.9427,11.9427,22260000,0.00%,12887096,25491354596,265844.5,0
2013-11-27,11.9427,11.9546,11.9546,11.9427,31416000,0.10%,19499586,25529383086,375565.71,38028489
2013-11-28,11.9546,11.9666,11.9666,11.9546,27420000,0.10%,30214493,25567517993,328124.17,38134907
2013-11-29,11.9666,11.9666,11.9666,11.9666,17688000,0.00%,12526493,25567517993,211665.22,0
2013-12-02,11.9666,11.9785,11.9785,11.9666,16992000,0.10%,33791124,25605774624,203538.67,38256631
2013-12-03,11.9785,11.9785,11.9785,11.9785,19308000,0.00%,14483124,25605774624,231280.88,0
2013-12-04,11.9785,11.9905,11.9905,11.9785,21060000,0.10%,31716835,25644068335,252519.93,38293710
2013-12-05,11.9905,11.9905,11.9905,11.9905,21180000,0.00%,10536835,25644068335,253958.79,0
2013-12-06,11.9905,12.0025,12.0025,11.9905,32220000,0.10%,16700859,25682452359,386720.55,38384023
2013-12-09,12.0025,12.0145,12.0145,12.0025,22368000,0.10%,32768693,25720888193,268740.34,38435834
2013-12-10,12.0145,12.0145,12.0145,12.0145,14340000,0.00%,18428693,25720888193,172287.93,0
2013-12-11,12.0145,12.0265,12.0265,12.0145,32628000,0.10%,24297386,25759384886,392400.64,38496693
2013-12-12,12.0265,12.0265,12.0265,12.0265,19487999,0.00%,4809386,25759384886,234372.43,0
2013-12-13,12.0265,12.0385,12.0385,12.0265,20580000,0.10%,22868347,25798023847,247752.33,38638960
2013-12-16,12.0385,12.0385,12.0385,12.0385,16536000,0.00%,6332347,25798023847,199068.64,0
2013-12-17,12.0385,12.0506,12.0506,12.0385,18876000,0.10%,26172701,25836740201,227467.13,38716353
2013-12-18,12.0506,12.0506,12.0506,12.0506,17772000,0.00%,8400701,25836740201,214163.26,0
2013-12-19,12.0506,12.0626,12.0626,12.0506,18948000,0.10%,28261632,25875549132,228562.14,38808931
2013-12-20,12.0626,12.0626,12.0626,12.0626,26784000,0.00%,1477632,25875549132,323084.68,0
2013-12-23,12.0626,12.0747,12.0747,12.0626,17628000,0.10%,22696720,25914396220,212852.81,38847087
2013-12-24,12.0747,12.0747,12.0747,12.0747,13728000,0.00%,8968720,25914396220,165761.48,0
2013-12-27,12.0747,12.0868,12.0868,12.0747,21048000,0.10%,26809954,25953285454,254402.97,38889234
2013-12-30,12.0868,12.0868,12.0868,12.0868,23280000,0.00%,3529954,25953285454,281380.7,0
2013-12-31,12.0868,12.0989,12.0989,12.0868,17784000,0.10%,24744767,25992284267,215166.84,38998812
2014-01-02,12.0989,12.0989,12.0989,12.0989,20125000,0.00%,4619767,25992284267,243490.36,0
2014-01-03,12.0989,12.111,12.111,12.0989,23250000,0.10%,20477234,26031391734,281580.75,39107466
2014-01-06,12.111,12.1231,12.1231,12.111,25475000,0.10%,34175991,26070565491,308835.97,39173757
2014-01-07,12.1231,12.1231,12.1231,12.1231,18775000,0.00%,15400991,26070565491,227611.2,0
2014-01-08,12.1231,12.1352,12.1352,12.1231,23587500,0.10%,31160782,26109912782,286239.03,39347291
2014-01-09,12.1352,12.1352,12.1352,12.1352,28100000,0.00%,3060782,26109912782,340999.12,0
2014-01-10,12.1352,12.1473,12.1473,12.1352,23037500,0.10%,19561938,26149451438,279843.42,39538655
2014-01-13,12.1473,12.1473,12.1473,12.1473,16662500,0.00%,2899438,26149451438,202404.39,0
2014-01-14,12.1473,12.1595,12.1595,12.1473,16925000,0.10%,25609545,26189086545,205799.54,39635107
2014-01-15,12.1595,12.1595,12.1595,12.1595,24875000,0.00%,734545,26189086545,302467.56,0
2014-01-16,12.1595,12.1716,12.1716,12.1595,32862500,0.10%,7590616,26228805116,399989.21,39718570
2014-01-17,12.1716,12.1838,12.1838,12.1716,42175000,0.10%,5217130,26268606630,513851.77,39801514
2014-01-20,12.1838,12.196,12.196,12.1838,29550000,0.10%,15616908,26308556408,360391.8,39949778
2014-01-21,12.196,12.2082,12.2082,12.196,25150000,0.10%,30520190,26348609690,307036.23,40053281
2014-01-22,12.2082,12.2204,12.2204,12.2082,35012500,0.10%,35615838,26388717838,427866.76,40108148
2014-01-23,12.2204,12.2204,12.2204,12.2204,25837500,0.00%,9778338,26388717838,315744.59,0
2014-01-24,12.2204,12.2449,12.2449,12.2204,51600000,0.20%,38778734,26469318234,631836.84,80600396
2014-01-27,12.2449,12.2571,12.2571,12.2449,54612500,0.10%,24668647,26509820647,669390.87,40502412
2014-01-28,12.2571,12.2694,12.2694,12.2571,56337500,0.10%,9065477,26550554977,691227.32,40734330
2014-01-29,12.2694,12.2939,12.2939,12.2694,73562500,0.20%,17451685,26632503685,904370.02,81948707
2014-01-30,12.2939,12.3062,12.3062,12.2939,50812500,0.10%,7944753,26673809253,625308.79,41305568
2014-02-04,12.3062,12.3308,12.3308,12.3062,60887500,0.20%,30038971,26756790971,750791.58,82981717
2014-02-05,12.3308,12.3432,12.3432,12.3308,42587500,0.10%,29178549,26798518049,525666.03,41727077
2014-02-06,12.3432,12.3555,12.3555,12.3432,37050000,0.10%,34007531,26840397031,457771.28,41878982
2014-02-07,12.3555,12.3679,12.3679,12.3555,42612500,0.10%,33374977,26882376977,527027.14,41979946
2014-02-10,12.3679,12.3802,12.3802,12.3679,40962500,0.10%,34538740,26924503240,507123.94,42126262
2014-02-11,12.3802,12.3802,12.3802,12.3802,31450000,0.00%,3088740,26924503240,389357.29,0
2014-02-12,12.3802,12.3926,12.3926,12.3802,34412500,0.10%,10673701,26966500701,426460.35,41997461
2014-02-13,12.3926,12.405,12.405,12.3926,32912500,0.10%,19795335,27008534835,408279.56,42034134
2014-02-14,12.405,12.4174,12.4174,12.405,35462500,0.10%,26412683,27050614683,440352.05,42079847
2014-02-17,12.4174,12.4298,12.4298,12.4174,40350000,0.10%,28215207,27092767207,501542.43,42152524
2014-02-18,12.4298,12.4422,12.4422,12.4298,37000000,0.10%,33503928,27135055928,460361.4,42288720
2014-02-19,12.4422,12.4422,12.4422,12.4422,30862500,0.00%,2641428,27135055928,383997.4,0
2014-02-20,12.4422,12.4671,12.4671,12.4422,53437500,0.20%,34128818,27219980818,666210.66,84924890
2014-02-21,12.4671,12.4796,12.4796,12.4671,37550000,0.10%,39229871,27262631871,468608.98,42651053
2014-02-24,12.4796,12.4796,12.4796,12.4796,19825000,0.00%,19404871,27262631871,247408.07,0
2014-02-25,12.4796,12.4921,12.4921,12.4796,32475000,0.10%,29726255,27305428255,405680.95,42796383
2014-02-26,12.4921,12.5046,12.5046,12.4921,31275000,0.10%,41304935,27348281935,391081.36,42853679
2014-02-27,12.5046,12.5171,12.5171,12.5046,59850000,0.10%,24327075,27391154075,749148.44,42872139
2014-02-28,12.5171,12.5296,12.5296,12.5171,39575000,0.10%,27826412,27434228412,495858.92,43074337
2014-03-03,12.5296,12.5421,12.5421,12.5296,42212500,0.10%,28750984,27477365484,529433.4,43137071
2014-03-04,12.5421,12.5547,12.5547,12.5421,34262500,0.10%,37740731,27520617731,430155.41,43252246
2014-03-05,12.5547,12.5547,12.5547,12.5547,27987500,0.00%,9753231,27520617731,351374.67,0
2014-03-06,12.5547,12.5672,12.5672,12.5547,26812500,0.10%,26383907,27564060907,336958.05,43443176
2014-03-07,12.5672,12.5798,12.5798,12.5672,31675000,0.10%,38203181,27607555181,398465.17,43494274
2014-03-10,12.5798,12.5924,12.5924,12.5798,38687500,0.10%,43082477,27651121977,487168.48,43566795
2014-03-11,12.5924,12.5924,12.5924,12.5924,23575000,0.00%,19507477,27651121977,296865.83,0
2014-03-12,12.5924,12.605,12.605,12.5924,58112500,0.10%,5158975,27694885975,732508.06,43763998
2014-03-13,12.605,12.6176,12.6176,12.605,43687500,0.10%,5455706,27738870206,551231.4,43984230
2014-03-14,12.6176,12.6428,12.6428,12.6176,85487500,0.20%,8228989,27827130989,1080801.36,88260783
2014-03-17,12.6428,12.6681,12.6681,12.6428,64450000,0.20%,32723887,27916075887,816459.05,88944897
2014-03-18,12.6681,12.6808,12.6808,12.6681,60050000,0.10%,17384656,27960786656,761482.04,44710768
2014-03-19,12.6808,12.6935,12.6935,12.6808,44462500,0.10%,17871440,28005735940,564384.74,44949283
2014-03-20,12.6935,12.7062,12.7062,12.6935,56750000,0.10%,6267489,28050881989,721076.85,45146049
2014-03-21,12.7062,12.7189,12.7189,12.7062,47100000,0.10%,4532060,28096246560,599060.19,45364570
2014-03-24,12.7189,12.7316,12.7316,12.7189,38125000,0.10%,11947850,28141787350,485392.25,45540790
2014-03-25,12.7316,12.7443,12.7443,12.7316,50162500,0.10%,7473370,28187475370,639285.95,45688020
2014-03-26,12.7443,12.7571,12.7571,12.7443,40324999,0.10%,12941914,28233268914,514430.06,45793543
2014-03-27,12.7571,12.7954,12.7954,12.7571,105837500,0.30%,44588090,28370752590,1354233.15,137483675
2014-03-28,12.7954,12.7954,12.7954,12.7954,43700000,0.00%,888090,28370752590,559158.98,0
2014-03-31,12.7954,12.8082,12.8082,12.7954,36787500,0.10%,10534195,28417186195,471181.66,46433605
2014-04-01,12.8082,12.821,12.821,12.8082,39062500,0.10%,17994108,28463708608,500820.31,46522412
2014-04-02,12.821,12.8338,12.8338,12.821,32475000,0.10%,32131877,28510321377,416777.66,46612769
2014-04-03,12.8338,12.8466,12.8466,12.8338,34837500,0.10%,43967513,28556994513,447543.43,46673135
2014-04-04,12.8466,12.8595,12.8595,12.8466,59887500,0.10%,30827992,28603742492,770123.31,46747979
2014-04-07,12.8595,12.8723,12.8723,12.8595,71475000,0.10%,6287953,28650677453,920047.64,46934960
2014-04-08,12.8723,12.8852,12.8852,12.8723,52625000,0.10%,871479,28697885979,678083.65,47208525
2014-04-09,12.8852,12.8981,12.8981,12.8852,46150000,0.10%,1989402,28745153902,595247.32,47267923
2014-04-10,12.8981,12.9239,12.9239,12.8981,80337500,0.20%,16153724,28839655724,1038273.82,94501821
2014-04-11,12.9239,12.9498,12.9498,12.9239,70475000,0.20%,40656651,28934633651,912637.16,94977926
2014-04-14,12.9498,12.9498,12.9498,12.9498,39625000,0.00%,1031651,28934633651,513135.83,0
2014-04-15,12.9498,12.9627,12.9627,12.9498,26100000,0.10%,22808280,28982510280,338326.47,47876629
2014-04-16,12.9627,12.9757,12.9757,12.9627,25800000,0.10%,44899000,29030401000,334773.06,47890720
2014-04-17,12.9757,12.9757,12.9757,12.9757,25137500,0.00%,19761500,29030401000,326176.66,0
2014-04-22,12.9757,12.9887,12.9887,12.9757,21012500,0.10%,46668107,29078320107,272925.06,47919106
2014-04-23,12.9887,12.9887,12.9887,12.9887,33587500,0.00%,13080607,29078320107,436257.96,0
2014-04-24,12.9887,13.0016,13.0016,12.9887,19700000,0.10%,41414342,29126353842,256131.52,48033735
2014-04-25,13.0016,13.0016,13.0016,13.0016,20575000,0.00%,20839342,29126353842,267507.92,0
2014-04-28,13.0016,13.0146,13.0146,13.0016,30612500,0.10%,38278547,29174405547,398409.44,48051704
2014-04-29,13.0146,13.0277,13.0277,13.0146,45625000,0.10%,40788865,29222540865,594388.81,48135317
2014-04-30,13.0277,13.0407,13.0407,13.0277,67325000,0.10%,21759031,29270836031,877965.13,48295165
2014-05-02,13.0407,13.0537,13.0537,13.0407,36800000,0.10%,33521068,29319398068,480376.16,48562037
2014-05-05,13.0537,13.0537,13.0537,13.0537,24025000,0.00%,9496068,29319398068,313615.14,0
2014-05-07,13.0537,13.0668,13.0668,13.0537,50925000,0.10%,7302388,29368129388,665426.79,48731319
2014-05-08,13.0668,13.0798,13.0798,13.0668,39912500,0.10%,16273243,29417012743,522047.52,48883355
2014-05-09,13.0798,13.0929,13.0929,13.0798,26525000,0.10%,38746049,29466010549,347289.17,48997806
2014-05-12,13.0929,13.106,13.106,13.0929,53950000,0.10%,33822831,29515037331,707068.7,49026781
2014-05-13,13.106,13.1191,13.1191,13.106,34025000,0.10%,49017848,29564257348,446377.38,49220016
2014-05-14,13.1191,13.1191,13.1191,13.1191,25062500,0.00%,23955348,29564257348,328797.44,0
2014-05-15,13.1191,13.1322,13.1322,13.1191,64612500,0.10%,8644514,29613559014,848504.27,49301666
2014-05-16,13.1322,13.1454,13.1454,13.1322,27262500,0.10%,30898495,29663075495,358376.47,49516480
2014-05-19,13.1454,13.1454,13.1454,13.1454,19537500,0.00%,11360995,29663075495,256828.25,0
2014-05-20,13.1454,13.1585,13.1585,13.1454,39887500,0.10%,20976521,29712578521,524859.67,49503025
2014-05-21,13.1585,13.1717,13.1717,13.1585,29587500,0.10%,40972749,29762162249,389717.67,49583727
2014-05-22,13.1717,13.1717,13.1717,13.1717,33537500,0.00%,7435249,29762162249,441745.89,0
2014-05-23,13.1717,13.1849,13.1849,13.1717,23712500,0.10%,33408387,29811847887,312646.94,49685638
2014-05-26,13.1849,13.1849,13.1849,13.1849,15037500,0.00%,18370887,29811847887,198267.93,0
2014-05-27,13.1849,13.1849,13.1849,13.1849,9837500,0.00%,8533387,29811847887,129706.45,0
2014-05-28,13.1849,13.198,13.198,13.1849,29812500,0.10%,28278012,29861405012,393465.38,49557124
2014-05-29,13.198,13.198,13.198,13.198,20137500,0.00%,8140512,29861405012,265774.72,0
2014-05-30,13.198,13.2112,13.2112,13.198,27737500,0.10%,29938049,29910940049,366445.66,49535037
2014-06-03,13.2112,13.2112,13.2112,13.2112,26162500,0.00%,3775549,29910940049,345638.02,0
2014-06-04,13.2112,13.2244,13.2244,13.2112,16100000,0.10%,37249813,29960514313,212912.84,49574263
2014-06-05,13.2244,13.2244,13.2244,13.2244,19162500,0.00%,18087313,29960514313,253412.57,0
2014-06-06,13.2244,13.2377,13.2377,13.2244,20625000,0.10%,47005891,30010057891,273027.56,49543577
2014-06-09,13.2377,13.2377,13.2377,13.2377,22012500,0.00%,24993391,30010057891,291394.87,0
2014-06-10,13.2377,13.2509,13.2509,13.2377,30987500,0.10%,43116691,30059168691,410612.26,49110800
2014-06-11,13.2509,13.2509,13.2509,13.2509,33737500,0.00%,9379191,30059168691,447052.24,0
2014-06-12,13.2509,13.2642,13.2642,13.2509,35750000,0.10%,22601530,30108141030,474195.15,48972338
2014-06-13,13.2642,13.2642,13.2642,13.2642,14100000,0.00%,8501530,30108141030,187025.22,0
2014-06-16,13.2642,13.2774,13.2774,13.2642,14700000,0.10%,42382622,30156722122,195177.78,48581092
2014-06-17,13.2774,13.2774,13.2774,13.2774,13637500,0.00%,28745122,30156722122,181070.54,0
2014-06-18,13.2774,13.2774,13.2774,13.2774,23887500,0.00%,4857622,30156722122,317163.89,0
2014-06-19,13.2774,13.2907,13.2907,13.2774,17787500,0.10%,35101477,30204753477,236408.33,48031354
2014-06-20,13.2907,13.2907,13.2907,13.2907,18137500,0.00%,16963977,30204753477,241060.07,0
2014-06-23,13.2907,13.304,13.304,13.2907,26400000,0.10%,38471115,30252660615,351225.6,47907137
2014-06-24,13.304,13.304,13.304,13.304,16725000,0.00%,21746115,30252660615,222509.4,0
2014-06-25,13.304,13.304,13.304,13.304,19525000,0.00%,2221115,30252660615,259760.6,0
2014-06-26,13.304,13.3173,13.3173,13.304,34025000,0.10%,16021806,30300486306,453121.13,47825691
2014-06-27,13.3173,13.3306,13.3306,13.3173,19587500,0.10%,44313640,30348365640,261113.13,47879333
2014-06-30,13.3306,13.3306,13.3306,13.3306,24150000,0.00%,20163640,30348365640,321933.99,0
2014-07-02,13.3306,13.3439,13.3439,13.3306,44437500,0.10%,23578187,30396217687,592969.56,47852047
2014-07-03,13.3439,13.3573,13.3573,13.3439,28050000,0.10%,43485778,30444175278,374672.27,47957590
2014-07-04,13.3573,13.3573,13.3573,13.3573,24562500,0.00%,18923278,30444175278,328088.68,0
2014-07-07,13.3573,13.3573,13.3573,13.3573,15275000,0.00%,3648278,30444175278,204032.76,0
2014-07-08,13.3573,13.3706,13.3706,13.3573,19500000,0.10%,32152425,30492179425,260726.7,48004147
2014-07-09,13.3706,13.384,13.384,13.3706,44550000,0.10%,35503261,30540080261,596257.2,47900836
2014-07-10,13.384,13.384,13.384,13.384,17625000,0.00%,17878261,30540080261,235893.0,0
2014-07-11,13.384,13.384,13.384,13.384,16600000,0.00%,1278261,30540080261,222174.4,0
2014-07-14,13.384,13.3974,13.3974,13.384,12850000,0.10%,36460310,30588112310,172156.59,48032049
2014-07-15,13.3974,13.3974,13.3974,13.3974,15525000,0.00%,20935310,30588112310,207994.64,0
2014-07-16,13.3974,13.3974,13.3974,13.3974,16100000,0.00%,4835310,30588112310,215698.14,0
2014-07-17,13.3974,13.4108,13.4108,13.3974,18287500,0.10%,34568154,30636132654,245250.01,48020343
2014-07-18,13.4108,13.4108,13.4108,13.4108,13150000,0.00%,21418154,30636132654,176352.02,0
2014-07-21,13.4108,13.4108,13.4108,13.4108,14550000,0.00%,6868154,30636132654,195127.14,0
2014-07-22,13.4108,13.4242,13.4242,13.4108,29162500,0.10%,25648029,30684075029,391483.23,47942375
2014-07-23,13.4242,13.4242,13.4242,13.4242,16825000,0.00%,8823029,30684075029,225862.17,0
2014-07-24,13.4242,13.4376,13.4376,13.4242,19825000,0.10%,36888656,30731965656,266400.42,47890627
2014-07-25,13.4376,13.4376,13.4376,13.4376,24937500,0.00%,11951156,30731965656,335100.15,0
2014-07-28,13.4376,13.4511,13.4511,13.4376,35775000,0.10%,24203695,30779993195,481213.1,48027538
2014-07-29,13.4511,13.4645,13.4645,13.4511,26937500,0.10%,45437732,30828164732,362699.97,48171537
2014-07-30,13.4645,13.4645,13.4645,13.4645,27650000,0.00%,17787732,30828164732,372293.42,0
2014-07-31,13.4645,13.478,13.478,13.4645,25162500,0.10%,41002378,30876541878,339140.17,48377145
2014-08-01,13.478,13.478,13.478,13.478,22750000,0.00%,18252378,30876541878,306624.5,0
2014-08-04,13.478,13.478,13.478,13.478,16612500,0.00%,1639878,30876541878,223903.27,0
2014-08-05,13.478,13.4915,13.4915,13.478,24637500,0.10%,25497218,30925036718,332396.83,48494840
2014-08-06,13.4915,13.4915,13.4915,13.4915,24462500,0.00%,1034718,30925036718,330035.82,0
2014-08-07,13.4915,13.505,13.505,13.4915,36925000,0.10%,12166561,30973093561,498672.12,48056842
2014-08-08,13.505,13.5185,13.5185,13.505,24887500,0.10%,35351193,31021165693,336441.67,48072131
2014-08-11,13.5185,13.5185,13.5185,13.5185,21912500,0.00%,13438693,31021165693,296224.13,0
2014-08-12,13.5185,13.532,13.532,13.5185,18637500,0.10%,42891561,31069256061,252202.65,48090368
2014-08-13,13.532,13.532,13.532,13.532,28437500,0.00%,14454061,31069256061,384816.25,0
2014-08-14,13.532,13.5455,13.5455,13.532,54350000,0.10%,8266725,31117418725,736197.93,48162664
2014-08-15,13.5455,13.5591,13.5591,13.5455,25562500,0.10%,31093133,31165807633,346604.49,48388907
2014-08-18,13.5591,13.5591,13.5591,13.5591,27550000,0.00%,3543133,31165807633,373553.21,0
2014-08-19,13.5591,13.5726,13.5726,13.5591,21287500,0.10%,30724701,31214276701,288926.72,48469068
2014-08-20,13.5726,13.5726,13.5726,13.5726,21512500,0.00%,9212201,31214276701,291980.56,0
2014-08-21,13.5726,13.5862,13.5862,13.5726,21650000,0.10%,36058064,31262772564,294141.23,48495862
2014-08-22,13.5862,13.5862,13.5862,13.5862,15675000,0.00%,20383064,31262772564,212963.68,0
2014-08-25,13.5862,13.5862,13.5862,13.5862,12350000,0.00%,8033064,31262772564,167789.57,0
2014-08-26,13.5862,13.5998,13.5998,13.5862,15437500,0.10%,41118776,31311295776,209946.91,48523212
2014-08-27,13.5998,13.5998,13.5998,13.5998,17300000,0.00%,23818776,31311295776,235276.54,0
2014-08-28,13.5998,13.5998,13.5998,13.5998,23175000,0.00%,643776,31311295776,315175.36,0
2014-08-29,13.5998,13.6134,13.6134,13.5998,20425000,0.10%,28756351,31359833351,278053.7,48537574
2014-09-01,13.6134,13.6134,13.6134,13.6134,12162500,0.00%,16593851,31359833351,165572.98,0
2014-09-02,13.6134,13.6134,13.6134,13.6134,16087500,0.00%,506351,31359833351,219005.57,0
2014-09-03,13.6134,13.627,13.627,13.6134,29750000,0.10%,19197322,31408274322,405403.25,48440971
2014-09-04,13.627,13.627,13.627,13.627,15562500,0.00%,3634822,31408274322,212070.19,0
2014-09-05,13.627,13.6406,13.6406,13.627,12700000,0.10%,39407569,31456747069,173235.62,48472747
2014-09-08,13.6406,13.6406,13.6406,13.6406,25187500,0.00%,14220069,31456747069,343572.61,0
2014-09-10,13.6406,13.6543,13.6543,13.6406,37875000,0.10%,24604931,31505006931,517156.61,48259862
2014-09-11,13.6543,13.6679,13.6679,13.6543,30962500,0.10%,41958136,31553322636,423192.35,48315704
2014-09-12,13.6679,13.6679,13.6679,13.6679,23237500,0.00%,18720636,31553322636,317607.83,0
2014-09-15,13.6679,13.6679,13.6679,13.6679,18100000,0.00%,620636,31553322636,247388.99,0
2014-09-16,13.6679,13.6816,13.6816,13.6679,20175000,0.10%,28690147,31601567147,276026.28,48244511
2014-09-17,13.6816,13.6816,13.6816,13.6816,25400000,0.00%,3290147,31601567147,347512.64,0
2014-09-18,13.6816,13.6953,13.6953,13.6816,21825000,0.10%,29711200,31649813200,298899.92,48246052
2014-09-19,13.6953,13.709,13.709,13.6953,49925000,0.10%,28021120,31698048120,684421.83,48234920
2014-09-22,13.709,13.7227,13.7227,13.709,33925000,0.10%,42537918,31746489918,465542.6,48441798
2014-09-23,13.7227,13.7227,13.7227,13.7227,33200000,0.00%,9337918,31746489918,455593.64,0
2014-09-24,13.7227,13.7364,13.7364,13.7227,22512500,0.10%,35476390,31795140890,309240.71,48650971
2014-09-25,13.7364,13.7364,13.7364,13.7364,26700000,0.00%,8776390,31795140890,366761.88,0
2014-09-26,13.7364,13.7501,13.7501,13.7364,35125000,0.10%,22420240,31843909740,482972.26,48768849
2014-09-29,13.7501,13.7639,13.7639,13.7501,40800000,0.10%,30500241,31892789741,561567.12,48880000
2014-09-30,13.7639,13.7776,13.7776,13.7639,31350000,0.10%,48210800,31941850300,431927.76,49060559
2014-10-03,13.7776,13.7776,13.7776,13.7776,36050000,0.00%,12160800,31941850300,496682.48,0
2014-10-06,13.7776,13.7914,13.7914,13.7776,27212500,0.10%,34078353,31990980353,375298.47,49130053
2014-10-07,13.7914,13.7914,13.7914,13.7914,21050000,0.00%,13028353,31990980353,290308.97,0
2014-10-08,13.7914,13.8052,13.8052,13.7914,13237500,0.10%,48969638,32040159138,182746.33,49178784
2014-10-09,13.8052,13.8052,13.8052,13.8052,18225000,0.00%,30744638,32040159138,251599.77,0
2014-10-10,13.8052,13.8052,13.8052,13.8052,17000000,0.00%,13744638,32040159138,234688.4,0
2014-10-13,13.8052,13.819,13.819,13.8052,20025000,0.10%,42847083,32089286583,276725.47,49127445
2014-10-14,13.819,13.819,13.819,13.819,23175000,0.00%,19672083,32089286583,320255.33,0
2014-10-15,13.819,13.819,13.819,13.819,18650000,0.00%,1022083,32089286583,257724.35,0
2014-10-16,13.819,13.8328,13.8328,13.819,23075000,0.10%,27088083,32138427583,319191.86,49141000
2014-10-17,13.8328,13.8328,13.8328,13.8328,18837500,0.00%,8250583,32138427583,260575.37,0
2014-10-20,13.8328,13.8467,13.8467,13.8328,14450000,0.10%,42850484,32187477484,200084.82,49049900
2014-10-21,13.8467,13.8467,13.8467,13.8467,15025000,0.00%,27825484,32187477484,208046.67,0
2014-10-22,13.8467,13.8467,13.8467,13.8467,21900000,0.00%,5925484,32187477484,303242.73,0
2014-10-23,13.8467,13.8605,13.8605,13.8467,16300000,0.10%,38543235,32236395235,225926.15,48917751
2014-10-24,13.8605,13.8605,13.8605,13.8605,13675000,0.00%,24868235,32236395235,189542.34,0
2014-10-27,13.8605,13.8605,13.8605,13.8605,15912500,0.00%,8955735,32236395235,220555.21,0
2014-10-28,13.8605,13.8744,13.8744,13.8605,15300000,0.10%,42471683,32285211183,212278.32,48815948
2014-10-29,13.8744,13.8744,13.8744,13.8744,23787500,0.00%,18684183,32285211183,330037.29,0
2014-10-30,13.8744,13.8882,13.8882,13.8744,18887500,0.10%,48660793,32334075293,262313.38,48864110
2014-10-31,13.8882,13.8882,13.8882,13.8882,23037500,0.00%,25623293,32334075293,319949.41,0
2014-11-03,13.8882,13.8882,13.8882,13.8882,16837500,0.00%,8785793,32334075293,233842.57,0
2014-11-04,13.8882,13.9021,13.9021,13.8882,16525000,0.10%,40945610,32382760110,229732.2,48684817
2014-11-05,13.9021,13.9021,13.9021,13.9021,15037500,0.00%,25908110,32382760110,209052.83,0
2014-11-06,13.9021,13.9021,13.9021,13.9021,12587500,0.00%,13320610,32382760110,174992.68,0
2014-11-07,13.9021,13.916,13.916,13.9021,19325000,0.10%,42609023,32431373523,268926.7,48613412
2014-11-10,13.916,13.916,13.916,13.916,26612500,0.00%,15996523,32431373523,370339.55,0
2014-11-11,13.916,13.9299,13.9299,13.916,25750000,0.10%,38901857,32480028857,358694.92,48655334
2014-11-12,13.9299,13.9299,13.9299,13.9299,27450000,0.00%,11451857,32480028857,382375.76,0
2014-11-13,13.9299,13.9578,13.9578,13.9299,66200000,0.20%,42891624,32577668624,924006.36,97639766
2014-11-14,13.9578,13.9578,13.9578,13.9578,38725000,0.00%,4166624,32577668624,540515.81,0
2014-11-17,13.9578,13.9718,13.9718,13.9578,42450000,0.10%,11004713,32626956713,593102.91,49288088
2014-11-18,13.9718,13.9858,13.9858,13.9718,29662500,0.10%,30812493,32676426993,414853.79,49470280
2014-11-19,13.9858,13.9858,13.9858,13.9858,27537500,0.00%,3274993,32676426993,385133.97,0
2014-11-20,13.9858,13.9997,13.9997,13.9858,19587500,0.10%,33311694,32726051194,274219.12,49624201
2014-11-21,13.9997,13.9997,13.9997,13.9997,22387500,0.00%,10924194,32726051194,313418.28,0
2014-11-24,13.9997,14.0137,14.0137,13.9997,31712500,0.10%,28868098,32775707598,444409.46,49656403
2014-11-25,14.0137,14.0278,14.0278,14.0137,29150000,0.10%,49428799,32825418299,408910.37,49710701
2014-11-26,14.0278,14.0278,14.0278,14.0278,23325000,0.00%,26103799,32825418299,327198.43,0
2014-11-27,14.0278,14.0278,14.0278,14.0278,14212500,0.00%,11891299,32825418299,199370.11,0
2014-11-28,14.0278,14.0418,14.0418,14.0278,16287500,0.10%,45412943,32875227443,228705.82,49809143
2014-12-01,14.0418,14.0418,14.0418,14.0418,35100000,0.00%,10312943,32875227443,492867.18,0
2014-12-02,14.0418,14.0558,14.0558,14.0418,37125000,0.10%,23071459,32925110959,521821.58,49883516
2014-12-03,14.0558,14.0699,14.0699,14.0558,38550000,0.10%,34526537,32975116037,542394.65,50005078
2014-12-04,14.0699,14.0699,14.0699,14.0699,34525000,0.00%,1537,32975116037,485763.3,0
2014-12-05,14.0699,14.0839,14.0839,14.0699,36075000,0.10%,14115392,33025304892,508076.69,50188854
2014-12-08,14.0839,14.098,14.098,14.0839,28375000,0.10%,35953468,33075517968,400030.75,50213076
2014-12-09,14.098,14.098,14.098,14.098,32687500,0.00%,3265968,33075517968,460828.38,0
2014-12-10,14.098,14.1121,14.1121,14.098,34037500,0.10%,19506753,33125796253,480340.6,50278284
2014-12-11,14.1121,14.1262,14.1262,14.1121,23937500,0.10%,45927000,33176154000,338145.91,50357746
2014-12-12,14.1262,14.1262,14.1262,14.1262,24375000,0.00%,21552000,33176154000,344326.12,0
2014-12-15,14.1262,14.1262,14.1262,14.1262,20962500,0.00%,589500,33176154000,296120.47,0
2014-12-16,14.1262,14.1545,14.1545,14.1262,51600000,0.20%,50020950,33277185450,730372.2,101031449
2014-12-17,14.1545,14.1687,14.1687,14.1545,55275000,0.10%,45462503,33327902003,783174.89,50716553
2014-12-18,14.1687,14.1828,14.1828,14.1687,60800000,0.10%,35601808,33378841308,862314.24,50939304
2014-12-19,14.1828,14.197,14.197,14.1828,55050000,0.10%,31787351,33430076851,781544.85,51235543
2014-12-22,14.197,14.2112,14.2112,14.197,34750000,0.10%,48526935,33481566435,493839.2,51489583
2014-12-23,14.2112,14.2112,14.2112,14.2112,25862500,0.00%,22664435,33481566435,367537.16,0
2014-12-24,14.2112,14.2112,14.2112,14.2112,8112500,0.00%,14551935,33481566435,115288.36,0
2014-12-29,14.2112,14.2112,14.2112,14.2112,13750000,0.00%,801935,33481566435,195404.0,0
2014-12-30,14.2112,14.2254,14.2254,14.2112,15937500,0.10%,36415507,33533117507,226717.31,51551072
2014-12-31,14.2254,14.2254,14.2254,14.2254,11762500,0.00%,24653007,33533117507,167326.27,0
2015-01-02,14.2254,14.2254,14.2254,14.2254,14118000,0.00%,10535007,33533117507,200834.2,0
2015-01-05,14.2254,14.2396,14.2396,14.2254,28353000,0.10%,33724737,33584660237,403735.38,51542729
2015-01-06,14.2396,14.2539,14.2539,14.2396,56784000,0.10%,28601059,33636320559,809393.46,51660322
2015-01-07,14.2539,14.2681,14.2681,14.2539,53118000,0.10%,27383610,33688221110,757892.94,51900551
2015-01-08,14.2681,14.2824,14.2824,14.2681,46332000,0.10%,33118805,33740288305,661732.16,52067195
2015-01-09,14.2824,14.2967,14.2967,14.2824,41392000,0.10%,43948313,33792509813,591769.01,52221507
2015-01-12,14.2967,14.2967,14.2967,14.2967,23244000,0.00%,20704313,33792509813,332312.49,0
2015-01-13,14.2967,14.311,14.311,14.2967,21892000,0.10%,51219287,33844916787,313296.41,52406973
2015-01-14,14.311,14.311,14.311,14.311,21892000,0.00%,29327287,33844916787,313296.41,0
2015-01-15,14.311,14.311,14.311,14.311,20800000,0.00%,8527287,33844916787,297668.8,0
2015-01-16,14.311,14.3253,14.3253,14.311,32799000,0.10%,28152252,33897340752,469855.51,52423964
2015-01-17,14.3253,14.3253,14.3253,14.3253,0,0.00%,28152252,33897340752,0.0,0
2015-01-19,14.3253,14.3253,14.3253,14.3253,28080000,0.00%,72252,33897340752,402254.42,0
2015-01-20,14.3253,14.3396,14.3396,14.3253,13247000,0.10%,39334703,33949850203,189956.68,52509451
2015-01-21,14.3396,14.354,14.354,14.3396,43927000,0.10%,47883206,34002325706,630528.16,52475502
2015-01-22,14.354,14.3683,14.3683,14.354,50778000,0.10%,49699926,34054920426,729593.54,52594720
2015-01-23,14.3683,14.3683,14.3683,14.3683,38961000,0.00%,10738926,34054920426,559803.34,0
2015-01-26,14.3683,14.3827,14.3827,14.3683,45435000,0.10%,18279724,34107896224,653477.97,52975797
2015-01-27,14.3827,14.3971,14.3971,14.3827,31798000,0.10%,39583603,34160998103,457798.99,53101879
2015-01-28,14.3971,14.3971,14.3971,14.3971,21086000,0.00%,18497603,34160998103,303577.25,0
2015-01-29,14.3971,14.4115,14.4115,14.3971,19032000,0.10%,52631909,34214164409,274279.67,53166306
2015-01-30,14.4115,14.4115,14.4115,14.4115,38194000,0.00%,14437909,34214164409,550432.83,0
2015-02-02,14.4115,14.4259,14.4259,14.4115,22945000,0.10%,44479729,34267151229,331002.28,52986819
2015-02-03,14.4259,14.4259,14.4259,14.4259,18694000,0.00%,25785729,34267151229,269677.77,0
2015-02-04,14.4259,14.4259,14.4259,14.4259,12350000,0.00%,13435729,34267151229,178159.86,0
2015-02-05,14.4259,14.4403,14.4403,14.4259,23413000,0.10%,42858516,34319987016,338090.74,52835787
2015-02-06,14.4403,14.4403,14.4403,14.4403,14183000,0.00%,28675516,34319987016,204806.77,0
2015-02-09,14.4403,14.4403,14.4403,14.4403,16172000,0.00%,12503516,34319987016,233528.53,0
2015-02-10,14.4403,14.4547,14.4547,14.4403,18200000,0.10%,47158835,34372842335,263075.54,52855319
2015-02-11,14.4547,14.4547,14.4547,14.4547,15769000,0.00%,31389835,34372842335,227936.16,0
2015-02-12,14.4547,14.4547,14.4547,14.4547,31239000,0.00%,150835,34372842335,451550.37,0
2015-02-13,14.4547,14.4692,14.4692,14.4547,20111000,0.10%,32821479,34425623979,290990.08,52781644
2015-02-16,14.4692,14.4692,14.4692,14.4692,13221000,0.00%,19600479,34425623979,191297.29,0
2015-02-17,14.4692,14.4692,14.4692,14.4692,10894000,0.00%,8706479,34425623979,157627.46,0
2015-02-18,14.4692,14.4837,14.4837,14.4692,9477000,0.10%,51962208,34478356708,137262.02,52732729
2015-02-23,14.4837,14.4837,14.4837,14.4837,31499000,0.00%,20463208,34478356708,456222.07,0
2015-02-24,14.4837,14.4981,14.4981,14.4837,22386000,0.10%,50852827,34531132327,324554.47,52775619
2015-02-25,14.4981,14.4981,14.4981,14.4981,24622000,0.00%,26230827,34531132327,356972.22,0
2015-02-26,14.4981,14.5126,14.5126,14.4981,28158000,0.10%,50862520,34583922020,408645.79,52789692
2015-02-27,14.5126,14.5126,14.5126,14.5126,23348000,0.00%,27514520,34583922020,338840.18,0
2015-03-02,14.5126,14.5126,14.5126,14.5126,16497000,0.00%,11017520,34583922020,239414.36,0
2015-03-03,14.5126,14.5272,14.5272,14.5126,22906000,0.10%,40963775,34636774275,332760.04,52852254
2015-03-04,14.5272,14.5272,14.5272,14.5272,16094000,0.00%,24869775,34636774275,233800.76,0
2015-03-05,14.5272,14.5272,14.5272,14.5272,16016000,0.00%,8853775,34636774275,232667.64,0
2015-03-06,14.5272,14.5417,14.5417,14.5272,18031000,0.10%,43722742,34689674242,262201.39,52899966
2015-03-09,14.5417,14.5417,14.5417,14.5417,17108000,0.00%,26614742,34689674242,248779.4,0
2015-03-10,14.5417,14.5417,14.5417,14.5417,16926000,0.00%,9688742,34689674242,246132.81,0
2015-03-11,14.5417,14.5562,14.5562,14.5417,18421000,0.10%,44202562,34742609062,268139.76,52934820
2015-03-12,14.5562,14.5562,14.5562,14.5562,22204000,0.00%,21998562,34742609062,323205.86,0
2015-03-13,14.5562,14.5562,14.5562,14.5562,20085000,0.00%,1913562,34742609062,292361.28,0
2015-03-16,14.5562,14.5708,14.5708,14.5562,29523000,0.10%,25401057,34795619557,430173.73,53010495
2015-03-17,14.5708,14.5708,14.5708,14.5708,24934000,0.00%,467057,34795619557,363308.33,0
2015-03-18,14.5708,14.5854,14.5854,14.5708,29809000,0.10%,23776395,34848737895,434776.19,53118337
2015-03-19,14.5854,14.6145,14.6145,14.5854,83317000,0.20%,46876992,34955155492,1217636.3,106417596
2015-03-20,14.6145,14.6292,14.6292,14.6145,92651000,0.10%,7846115,35008775615,1355410.01,53620122
2015-03-23,14.6292,14.6438,14.6438,14.6292,40001000,0.10%,21916310,35062846810,585766.64,54071194
2015-03-24,14.6438,14.6438,14.6438,14.6438,21684000,0.00%,232310,35062846810,317536.16,0
2015-03-25,14.6438,14.6584,14.6584,14.6438,27066000,0.10%,27384759,35117065259,396744.25,54218449
2015-03-26,14.6584,14.6584,14.6584,14.6584,24180000,0.00%,3204759,35117065259,354440.11,0
2015-03-27,14.6584,14.6731,14.6731,14.6584,20566000,0.10%,36900754,35171327254,301766.97,54261995
2015-03-30,14.6731,14.6731,14.6731,14.6731,30576000,0.00%,6324754,35171327254,448644.71,0
2015-03-31,14.6731,14.6878,14.6878,14.6731,31317000,0.10%,29374872,35225694372,459977.83,54367117
2015-04-01,14.6878,14.6878,14.6878,14.6878,22321000,0.00%,7053872,35225694372,327846.38,0
2015-04-02,14.6878,14.7024,14.7024,14.6878,19084000,0.10%,42446703,35280171203,280580.6,54476831
2015-04-08,14.7024,14.7172,14.7172,14.7024,47671000,0.10%,49192861,35334588361,701583.64,54417157
2015-04-09,14.7172,14.7319,14.7319,14.7172,86905000,0.10%,16777051,35389077551,1280275.77,54489190
2015-04-10,14.7319,14.7466,14.7466,14.7319,48230000,0.10%,23418629,35443949129,711228.52,54871578
2015-04-13,14.7466,14.7613,14.7613,14.7466,56836000,0.10%,21614877,35498981377,838973.25,55032247
2015-04-14,14.7613,14.7761,14.7761,14.7613,76687000,0.10%,122885,35554176385,1133134.78,55195008
2015-04-15,14.7761,14.8057,14.8057,14.7761,60216000,0.20%,50949923,35665219423,891540.03,111043037
2015-04-16,14.8057,14.8057,14.8057,14.8057,42276000,0.00%,8673923,35665219423,625925.77,0
2015-04-17,14.8057,14.8205,14.8205,14.8057,28301000,0.10%,35964787,35720811287,419434.97,55591863
2015-04-20,14.8205,14.8353,14.8353,14.8205,36985000,0.10%,54443017,35776274517,548683.57,55463230
2015-04-21,14.8353,14.8353,14.8353,14.8353,30238000,0.00%,24205017,35776274517,448589.8,0
2015-04-22,14.8353,14.8501,14.8501,14.8353,32864000,0.10%,46567727,35831501227,488033.69,55226710
2015-04-23,14.8501,14.8501,14.8501,14.8501,29614000,0.00%,16953727,35831501227,439770.86,0
2015-04-24,14.8501,14.865,14.865,14.8501,24882000,0.10%,47143124,35886572624,369870.93,55071396
2015-04-27,14.865,14.865,14.865,14.865,25948000,0.00%,21195124,35886572624,385717.02,0
2015-04-28,14.865,14.8799,14.8799,14.865,26312000,0.10%,49852284,35941541784,391519.93,54969160
2015-04-29,14.8799,14.8799,14.8799,14.8799,26936000,0.00%,22916284,35941541784,400804.99,0
2015-04-30,14.8799,14.8947,14.8947,14.8799,27859000,0.10%,49979061,35996463561,414951.45,54921776
2015-05-04,14.8947,14.8947,14.8947,14.8947,28990000,0.00%,20989061,35996463561,431797.35,0
2015-05-05,14.8947,14.9096,14.9096,14.8947,25402000,0.10%,50511951,36051388451,378733.66,54924890
2015-05-06,14.9096,14.9096,14.9096,14.9096,25389000,0.00%,25122951,36051388451,378539.83,0
2015-05-07,14.9096,14.9245,14.9245,14.9096,25805000,0.10%,54163648,36106234148,385126.72,54845697
2015-05-08,14.9245,14.9245,14.9245,14.9245,23543000,0.00%,30620648,36106234148,351367.5,0
2015-05-11,14.9245,14.9245,14.9245,14.9245,27040000,0.00%,3580648,36106234148,403558.48,0
2015-05-12,14.9245,14.9395,14.9395,14.9245,28444000,0.10%,29826227,36160923727,424939.14,54689578
2015-05-13,14.9395,14.9395,14.9395,14.9395,25376000,0.00%,4450227,36160923727,379104.75,0
2015-05-14,14.9395,14.9544,14.9544,14.9395,33657000,0.10%,25523046,36215653546,503320.24,54729818
2015-05-15,14.9544,14.9694,14.9694,14.9544,28132000,0.10%,52165604,36270428104,421119.16,54774557
2015-05-18,14.9694,14.9694,14.9694,14.9694,18213000,0.00%,33952604,36270428104,272637.68,0
2015-05-19,14.9694,14.9694,14.9694,14.9694,16354000,0.00%,17598604,36270428104,244809.57,0
2015-05-20,14.9694,14.9843,14.9843,14.9694,21398000,0.10%,50683975,36324911475,320634.05,54483371
2015-05-21,14.9843,14.9843,14.9843,14.9843,23439000,0.00%,27244975,36324911475,351217.01,0
2015-05-22,14.9843,14.9843,14.9843,14.9843,18174000,0.00%,9070975,36324911475,272324.67,0
2015-05-26,14.9843,14.9993,14.9993,14.9843,27183000,0.10%,36223796,36379247296,407725.97,54335820
2015-05-27,14.9993,14.9993,14.9993,14.9993,21294000,0.00%,14929796,36379247296,319395.09,0
2015-05-28,14.9993,15.0143,15.0143,14.9993,31577000,0.10%,37694991,36433589491,474106.55,54342194
2015-05-29,15.0143,15.0143,15.0143,15.0143,32695000,0.00%,4999991,36433589491,490892.54,0
2015-06-01,15.0143,15.0293,15.0293,15.0143,19318000,0.10%,40111388,36488018888,290336.02,54429396
2015-06-02,15.0293,15.0293,15.0293,15.0293,19188000,0.00%,20923388,36488018888,288382.21,0
2015-06-03,15.0293,15.0293,15.0293,15.0293,18135000,0.00%,2788388,36488018888,272556.36,0
2015-06-04,15.0293,15.0444,15.0444,15.0293,27677000,0.10%,28910820,36541818320,416383.86,53799432
2015-06-05,15.0444,15.0444,15.0444,15.0444,19591000,0.00%,9319820,36541818320,294734.84,0
2015-06-08,15.0444,15.0594,15.0594,15.0444,21970000,0.10%,40799723,36595268223,330855.02,53449903
2015-06-09,15.0594,15.0594,15.0594,15.0594,18538000,0.00%,22261723,36595268223,279171.16,0
2015-06-10,15.0594,15.0594,15.0594,15.0594,17524000,0.00%,4737723,36595268223,263900.93,0
2015-06-11,15.0594,15.0745,15.0745,15.0594,17446000,0.10%,40335122,36648311622,262989.73,53043398
2015-06-12,15.0745,15.0745,15.0745,15.0745,16068000,0.00%,24267122,36648311622,242217.07,0
2015-06-15,15.0745,15.0745,15.0745,15.0745,16120000,0.00%,8147122,36648311622,243000.94,0
2015-06-16,15.0745,15.0895,15.0895,15.0745,12532000,0.10%,48307046,36701003546,189101.61,52691924
2015-06-17,15.0895,15.0895,15.0895,15.0895,17173000,0.00%,31134046,36701003546,259131.98,0
2015-06-18,15.0895,15.0895,15.0895,15.0895,11518000,0.00%,19616046,36701003546,173800.86,0
2015-06-19,15.0895,15.0895,15.0895,15.0895,17784000,0.00%,1832046,36701003546,268351.67,0
2015-06-22,15.0895,15.1046,15.1046,15.0895,18629000,0.10%,35078968,36752879468,281383.59,51875921
2015-06-23,15.1046,15.1046,15.1046,15.1046,18109000,0.00%,16969968,36752879468,273529.2,0
2015-06-24,15.1046,15.1197,15.1197,15.1046,28366000,0.10%,40386553,36804662053,428885.41,51782585
2015-06-25,15.1197,15.1197,15.1197,15.1197,17927000,0.00%,22459553,36804662053,271050.86,0
2015-06-26,15.1197,15.1348,15.1348,15.1197,25207000,0.10%,48653944,36856063444,381502.9,51401390
2015-06-29,15.1348,15.1348,15.1348,15.1348,36790000,0.00%,11863944,36856063444,556809.29,0
2015-06-30,15.1348,15.15,15.15,15.1348,25818000,0.10%,37348194,36907365694,391142.7,51302250
2015-07-02,15.15,15.15,15.15,15.15,29432000,0.00%,7916194,36907365694,445894.8,0
2015-07-03,15.15,15.1651,15.1651,15.15,17121000,0.10%,41668172,36958238672,259641.68,50872977
2015-07-06,15.1651,15.1803,15.1803,15.1651,61828000,0.10%,30654032,37009052532,938567.59,50813860
2015-07-07,15.1803,15.1955,15.1955,15.1803,35126000,0.10%,46647715,37060172215,533757.13,51119683
2015-07-08,15.1955,15.2107,15.2107,15.1955,94783000,0.10%,3117207,37111424707,1441715.78,51252491
2015-07-09,15.2107,15.2411,15.2411,15.2107,59072000,0.20%,47641455,37215020955,900322.26,103596248
2015-07-10,15.2411,15.2411,15.2411,15.2411,46891000,0.00%,750455,37215020955,714670.42,0
2015-07-13,15.2411,15.2563,15.2563,15.2411,24518000,0.10%,28483626,37267272126,374053.96,52251170
2015-07-14,15.2563,15.2563,15.2563,15.2563,23478000,0.00%,5005626,37267272126,358187.41,0
2015-07-15,15.2563,15.2716,15.2716,15.2563,20241000,0.10%,37145659,37319653159,309112.46,52381033
2015-07-16,15.2716,15.2716,15.2716,15.2716,16965000,0.00%,20180659,37319653159,259082.69,0
2015-07-17,15.2716,15.2716,15.2716,15.2716,18148000,0.00%,2032659,37319653159,277149.0,0
2015-07-20,15.2716,15.2869,15.2869,15.2716,20956000,0.10%,33058074,37371634574,320352.28,51981414
2015-07-21,15.2869,15.2869,15.2869,15.2869,14092000,0.00%,18966074,37371634574,215422.99,0
2015-07-22,15.2869,15.2869,15.2869,15.2869,13377000,0.00%,5589074,37371634574,204492.86,0
2015-07-23,15.2869,15.3022,15.3022,15.2869,14807000,0.10%,42498934,37423351434,226579.68,51716860
2015-07-24,15.3022,15.3022,15.3022,15.3022,14794000,0.00%,27704934,37423351434,226380.75,0
2015-07-27,15.3022,15.3022,15.3022,15.3022,27638000,0.00%,66934,37423351434,422922.2,0
2015-07-28,15.3022,15.3175,15.3175,15.3022,32695000,0.10%,18834757,37474814257,500805.66,51462822
2015-07-29,15.3175,15.3328,15.3328,15.3175,29497000,0.10%,40873491,37526349991,452271.6,51535733
2015-07-30,15.3328,15.3328,15.3328,15.3328,20332000,0.00%,20541491,37526349991,311746.49,0
2015-07-31,15.3328,15.3328,15.3328,15.3328,18733000,0.00%,1808491,37526349991,287229.34,0
2015-08-03,15.3328,15.3481,15.3481,15.3328,15002000,0.10%,38183185,37577726685,230252.2,51376693
2015-08-04,15.3481,15.3481,15.3481,15.3481,21359000,0.00%,16824185,37577726685,327820.07,0
2015-08-05,15.3481,15.3481,15.3481,15.3481,15288000,0.00%,1536185,37577726685,234641.75,0
2015-08-06,15.3481,15.3635,15.3635,15.3481,18447000,0.10%,34354025,37628991525,283410.48,51264839
2015-08-07,15.3635,15.3635,15.3635,15.3635,14027000,0.00%,20327025,37628991525,215503.81,0
2015-08-10,15.3635,15.3635,15.3635,15.3635,14651000,0.00%,5676025,37628991525,225090.64,0
2015-08-11,15.3635,15.3788,15.3788,15.3635,19968000,0.10%,36926985,37680210485,307083.88,51218960
2015-08-12,15.3788,15.3942,15.3942,15.3788,51506000,0.10%,36770166,37731559666,792893.67,51349181
2015-08-13,15.3942,15.4096,15.4096,15.3942,54249000,0.10%,34096093,37783134593,835955.39,51574926
2015-08-14,15.4096,15.4096,15.4096,15.4096,21112000,0.00%,12984093,37783134593,325327.48,0
2015-08-17,15.4096,15.425,15.425,15.4096,22373000,0.10%,42466723,37834990223,345103.53,51855629
2015-08-18,15.425,15.425,15.425,15.425,16588000,0.00%,25878723,37834990223,255869.9,0
2015-08-19,15.425,15.425,15.425,15.425,21710000,0.00%,4168723,37834990223,334876.75,0
2015-08-20,15.425,15.4404,15.4404,15.425,33696000,0.10%,22432004,37886949504,520279.72,51959281
2015-08-21,15.4404,15.4559,15.4559,15.4404,48841000,0.10%,25707166,37939065666,754881.61,52116161
2015-08-24,15.4559,15.4713,15.4713,15.4559,61958000,0.10%,16115410,37991431910,958570.81,52366243
2015-08-25,15.4713,15.4868,15.4868,15.4713,66183000,0.10%,2584089,38044083589,1024962.88,52651678
2015-08-26,15.4868,15.5023,15.5023,15.4868,41418000,0.10%,14114600,38097032100,642074.26,52948510
2015-08-27,15.5023,15.5178,15.5178,15.5023,55783000,0.10%,11396753,38150097253,865629.44,53065153
2015-08-28,15.5178,15.5333,15.5333,15.5178,44512000,0.10%,20288674,38203501174,691418.25,53403921
2015-08-31,15.5333,15.5488,15.5488,15.5333,25597000,0.10%,48352769,38257162269,398002.63,53661094
2015-09-01,15.5488,15.5488,15.5488,15.5488,26546000,0.00%,21806769,38257162269,412758.44,0
2015-09-02,15.5488,15.5644,15.5644,15.5488,33956000,0.10%,41687421,38310998921,528504.77,53836651
2015-09-04,15.5644,15.5644,15.5644,15.5644,23751000,0.00%,17936421,38310998921,369670.06,0
2015-09-07,15.5644,15.58,15.58,15.5644,27170000,0.10%,44825047,38365057547,423308.6,54058626
2015-09-08,15.58,15.58,15.58,15.58,30745000,0.00%,14080047,38365057547,479007.1,0
2015-09-09,15.58,15.5955,15.5955,15.58,35828000,0.10%,32491200,38419296700,558755.57,54239152
2015-09-10,15.5955,15.5955,15.5955,15.5955,24882000,0.00%,7609200,38419296700,388047.23,0
2015-09-11,15.5955,15.6111,15.6111,15.5955,30706000,0.10%,31280628,38473674128,479354.44,54377428
2015-09-14,15.6111,15.6111,15.6111,15.6111,17056000,0.00%,14224628,38473674128,266262.92,0
2015-09-15,15.6111,15.6267,15.6267,15.6111,25818000,0.10%,42890602,38528158102,403450.14,54483973
2015-09-16,15.6267,15.6267,15.6267,15.6267,32071000,0.00%,10819602,38528158102,501163.9,0
2015-09-17,15.6267,15.6424,15.6424,15.6267,31343000,0.10%,33968094,38582649594,490279.74,54491492
2015-09-18,15.6424,15.6424,15.6424,15.6424,31590000,0.00%,2378094,38582649594,494143.42,0
2015-09-21,15.6424,15.658,15.658,15.6424,21554000,0.10%,35549465,38637374965,337492.53,54725371
2015-09-22,15.658,15.658,15.658,15.658,25337000,0.00%,10212465,38637374965,396726.75,0
2015-09-23,15.658,15.6737,15.6737,15.658,23712000,0.10%,41206279,38692080779,371654.77,54705813
2015-09-24,15.6737,15.6737,15.6737,15.6737,20826000,0.00%,20380279,38692080779,326420.48,0
2015-09-25,15.6737,15.6893,15.6893,15.6737,23114000,0.10%,52112499,38746926999,362642.48,54846220
2015-09-29,15.6893,15.6893,15.6893,15.6893,32565000,0.00%,19547499,38746926999,510922.05,0
2015-09-30,15.6893,15.705,15.705,15.6893,30901000,0.10%,43743850,38802024350,485300.21,55097350
2015-10-02,15.705,15.705,15.705,15.705,37050000,0.00%,6693850,38802024350,581870.25,0
2015-10-05,15.705,15.7207,15.7207,15.705,32162000,0.10%,29928430,38857420930,505609.15,55396579
2015-10-06,15.7207,15.7207,15.7207,15.7207,24765000,0.00%,5163430,38857420930,389323.14,0
2015-10-07,15.7207,15.7365,15.7365,15.7207,27846000,0.10%,32974972,38913078472,438198.58,55657541
2015-10-08,15.7365,15.7365,15.7365,15.7365,22100000,0.00%,10874972,38913078472,347776.65,0
2015-10-09,15.7365,15.7522,15.7522,15.7365,20449000,0.10%,46186853,38968839353,322116.74,55760881
2015-10-12,15.7522,15.7522,15.7522,15.7522,17966000,0.00%,28220853,38968839353,283004.03,0
2015-10-13,15.7522,15.7522,15.7522,15.7522,13494000,0.00%,14726853,38968839353,212560.19,0
2015-10-14,15.7522,15.7522,15.7522,15.7522,14625000,0.00%,101853,38968839353,230375.93,0
2015-10-15,15.7522,15.7679,15.7679,15.7522,19890000,0.10%,35826811,39024454311,313623.53,55614957
2015-10-16,15.7679,15.7679,15.7679,15.7679,20930000,0.00%,14896811,39024454311,330022.15,0
2015-10-19,15.7679,15.7679,15.7679,15.7679,13611000,0.00%,1285811,39024454311,214616.89,0
2015-10-20,15.7679,15.7837,15.7837,15.7679,11609000,0.10%,45252387,39080029887,183232.97,55575576
2015-10-22,15.7837,15.7837,15.7837,15.7837,16224000,0.00%,29028387,39080029887,256074.75,0
2015-10-23,15.7837,15.7837,15.7837,15.7837,24804000,0.00%,4224387,39080029887,391498.89,0
2015-10-26,15.7837,15.7995,15.7995,15.7837,19149000,0.10%,40658530,39135613030,302544.63,55583143
2015-10-27,15.7995,15.7995,15.7995,15.7995,17966000,0.00%,22692530,39135613030,283853.82,0
2015-10-28,15.7995,15.7995,15.7995,15.7995,13689000,0.00%,9003530,39135613030,216279.36,0
2015-10-29,15.7995,15.8153,15.8153,15.7995,14339000,0.10%,50135437,39191083937,226775.59,55470907
2015-10-30,15.8153,15.8153,15.8153,15.8153,17160000,0.00%,32975437,39191083937,271390.55,0
2015-11-02,15.8153,15.8153,15.8153,15.8153,14066000,0.00%,18909437,39191083937,222458.01,0
2015-11-03,15.8153,15.8311,15.8311,15.8153,29224000,0.10%,44902816,39246301316,462648.07,55217378
2015-11-04,15.8311,15.8311,15.8311,15.8311,35945000,0.00%,8957816,39246301316,569048.89,0
2015-11-05,15.8311,15.8469,15.8469,15.8311,20449000,0.10%,43901017,39301693517,324053.26,55392201
2015-11-06,15.8469,15.8469,15.8469,15.8469,14573000,0.00%,29328017,39301693517,230936.87,0
2015-11-09,15.8469,15.8469,15.8469,15.8469,18187000,0.00%,11141017,39301693517,288207.57,0
2015-11-10,15.8469,15.8628,15.8628,15.8469,18122000,0.10%,48433543,39357108043,287465.66,55414526
2015-11-11,15.8628,15.8628,15.8628,15.8628,33228000,0.00%,15205543,39357108043,527089.12,0
2015-11-12,15.8628,15.8787,15.8787,15.8628,30017000,0.10%,40831698,39412751198,476630.94,55643154
2015-11-13,15.8787,15.8787,15.8787,15.8787,16887000,0.00%,23944698,39412751198,268143.61,0
2015-11-16,15.8787,15.8787,15.8787,15.8787,18343000,0.00%,5601698,39412751198,291262.99,0
2015-11-17,15.8787,15.8945,15.8945,15.8787,20215000,0.10%,41187265,39468551765,321307.32,55800567
2015-11-18,15.8945,15.8945,15.8945,15.8945,12454000,0.00%,28733265,39468551765,197950.1,0
2015-11-19,15.8945,15.8945,15.8945,15.8945,17303000,0.00%,11430265,39468551765,275022.53,0
2015-11-20,15.8945,15.9104,15.9104,15.8945,14495000,0.10%,52828845,39524445345,230621.25,55893580
2015-11-23,15.9104,15.9104,15.9104,15.9104,17433000,0.00%,35395845,39524445345,277366.0,0
2015-11-24,15.9104,15.9104,15.9104,15.9104,12883000,0.00%,22512845,39524445345,204973.68,0
2015-11-25,15.9104,15.9104,15.9104,15.9104,17004000,0.00%,5508845,39524445345,270540.44,0
2015-11-26,15.9104,15.9263,15.9263,15.9104,18252000,0.10%,43118218,39580306718,290686.83,55861372
2015-11-27,15.9263,15.9263,15.9263,15.9263,21333000,0.00%,21785218,39580306718,339755.76,0
2015-11-30,15.9263,15.9423,15.9423,15.9263,42471000,0.10%,35073775,39636066275,677085.42,55759557
2015-12-01,15.9423,15.9423,15.9423,15.9423,33774000,0.00%,1299775,39636066275,538435.24,0
2015-12-02,15.9423,15.9582,15.9582,15.9423,26923000,0.10%,30462008,39692151508,429642.62,56085233
2015-12-03,15.9582,15.9742,15.9742,15.9582,36530000,0.10%,50120308,39748339808,583537.53,56188300
2015-12-04,15.9742,15.9901,15.9901,15.9742,64870000,0.10%,41578074,39804667574,1037277.79,56327765
2015-12-07,15.9901,15.9901,15.9901,15.9901,27651000,0.00%,13927074,39804667574,442142.26,0
2015-12-08,15.9901,16.0061,16.0061,15.9901,23127000,0.10%,47382380,39861249880,370173.07,56582306
2015-12-09,16.0061,16.0061,16.0061,16.0061,24479000,0.00%,22903380,39861249880,391813.32,0
2015-12-10,16.0061,16.0061,16.0061,16.0061,17485000,0.00%,5418380,39861249880,279866.66,0
2015-12-11,16.0061,16.0221,16.0221,16.0061,25584000,0.10%,36365299,39917780799,409909.41,56530919
2015-12-14,16.0221,16.0221,16.0221,16.0221,21853000,0.00%,14512299,39917780799,350130.95,0
2015-12-15,16.0221,16.0382,16.0382,16.0221,20956000,0.10%,50080922,39974305422,336096.52,56524623
2015-12-16,16.0382,16.0382,16.0382,16.0382,18746000,0.00%,31334922,39974305422,300652.1,0
2015-12-17,16.0382,16.0382,16.0382,16.0382,20787000,0.00%,10547922,39974305422,333386.06,0
2015-12-18,16.0382,16.0542,16.0542,16.0382,23764000,0.10%,43111360,40030632860,381512.01,56327437
2015-12-21,16.0542,16.0542,16.0542,16.0542,11674000,0.00%,31437360,40030632860,187416.73,0
2015-12-22,16.0542,16.0542,16.0542,16.0542,9022000,0.00%,22415360,40030632860,144840.99,0
2015-12-23,16.0542,16.0542,16.0542,16.0542,9646000,0.00%,12769360,40030632860,154858.81,0
2015-12-24,16.0542,16.0542,16.0542,16.0542,6214000,0.00%,6555360,40030632860,99760.8,0
2015-12-28,16.0542,16.0702,16.0702,16.0542,8723000,0.10%,54033435,40086833935,140180.35,56201075
2015-12-29,16.0702,16.0702,16.0702,16.0702,9581000,0.00%,44452435,40086833935,153968.59,0
2015-12-30,16.0702,16.0702,16.0702,16.0702,9269000,0.00%,35183435,40086833935,148954.68,0
2015-12-31,16.0702,16.0702,16.0702,16.0702,8905000,0.00%,26278435,40086833935,143105.13,0
2016-01-04,16.0702,16.0702,16.0702,16.0702,21667500,0.00%,4610935,40086833935,348201.06,0
2016-01-05,16.0702,16.0863,16.0863,16.0702,21829500,0.10%,38798163,40142850663,351155.89,56016727
2016-01-06,16.0863,16.0863,16.0863,16.0863,21073500,0.00%,17724663,40142850663,338994.64,0
2016-01-07,16.0863,16.1024,16.1024,16.0863,31941000,0.10%,41967146,40199034146,514326.76,56183482
2016-01-08,16.1024,16.1024,16.1024,16.1024,25056000,0.00%,16911146,40199034146,403461.73,0
2016-01-11,16.1024,16.1185,16.1185,16.1024,30186000,0.10%,43122267,40255431267,486553.04,56397120
2016-01-12,16.1185,16.1185,16.1185,16.1185,29808000,0.00%,13314267,40255431267,480460.25,0
2016-01-13,16.1185,16.1346,16.1346,16.1185,32211000,0.10%,37788131,40312116131,519711.6,56684863
2016-01-14,16.1346,16.1346,16.1346,16.1346,35788500,0.00%,1999631,40312116131,577433.13,0
2016-01-15,16.1346,16.1508,16.1508,16.1346,32359500,0.10%,26610082,40369086082,522631.81,56969951
2016-01-18,16.1508,16.1669,16.1669,16.1508,29592000,0.10%,54139615,40426207615,478410.9,57121532
2016-01-19,16.1669,16.1669,16.1669,16.1669,30510000,0.00%,23629615,40426207615,493252.12,0
2016-01-20,16.1669,16.1831,16.1831,16.1669,35694000,0.10%,45278676,40483550676,577639.57,57343060
2016-01-21,16.1831,16.1831,16.1831,16.1831,41229000,0.00%,4049676,40483550676,667213.03,0
2016-01-22,16.1831,16.1993,16.1993,16.1831,33142500,0.10%,28644500,40541288000,536885.3,57737324
2016-01-25,16.1993,16.2155,16.2155,16.1993,42052500,0.10%,44521771,40599217771,681902.31,57929770
2016-01-26,16.2155,16.2155,16.2155,16.2155,34209000,0.00%,10312771,40599217771,554716.04,0
2016-01-27,16.2155,16.2317,16.2317,16.2155,36990000,0.10%,31549640,40657444640,600410.58,58226869
2016-01-28,16.2317,16.2479,16.2479,16.2317,32508000,0.10%,57404128,40715807128,528186.73,58362487
2016-01-29,16.2479,16.2479,16.2479,16.2479,38245500,0.00%,19158628,40715807128,621409.06,0
2016-02-01,16.2479,16.2642,16.2642,16.2479,27621000,0.10%,49856359,40774125859,449233.47,58318730
2016-02-02,16.2642,16.2642,16.2642,16.2642,23233500,0.00%,26622859,40774125859,377874.29,0
2016-02-03,16.2642,16.2804,16.2804,16.2642,30145500,0.10%,54686208,40832334708,490780.8,58208849
2016-02-04,16.2804,16.2804,16.2804,16.2804,22018500,0.00%,32667708,40832334708,358469.99,0
2016-02-05,16.2804,16.2804,16.2804,16.2804,17172000,0.00%,15495708,40832334708,279567.03,0
2016-02-11,16.2804,16.2967,16.2967,16.2804,48870000,0.10%,24888671,40890597671,796419.73,58262963
2016-02-12,16.2967,16.313,16.313,16.2967,33588000,0.10%,49810639,40949107639,547921.04,58509968
2016-02-15,16.313,16.313,16.313,16.313,29295000,0.00%,20515639,40949107639,477889.34,0
2016-02-16,16.313,16.3293,16.3293,16.313,20965500,0.10%,58165976,41007723476,342351.94,58615836
2016-02-17,16.3293,16.3293,16.3293,16.3293,23301000,0.00%,34864976,41007723476,380489.02,0
2016-02-18,16.3293,16.3293,16.3293,16.3293,27594000,0.00%,7270976,41007723476,450590.7,0
2016-02-19,16.3293,16.3456,16.3456,16.3293,16753500,0.10%,49349570,41066555570,273846.01,58832094
2016-02-22,16.3456,16.3456,16.3456,16.3456,13405500,0.00%,35944070,41066555570,219120.94,0
2016-02-23,16.3456,16.3456,16.3456,16.3456,15552000,0.00%,20392070,41066555570,254206.77,0
2016-02-24,16.3456,16.362,16.362,16.3456,20425500,0.10%,58460693,41125049693,334202.03,58494122
2016-02-25,16.362,16.362,16.362,16.362,14728500,0.00%,43732193,41125049693,240987.72,0
2016-02-26,16.362,16.362,16.362,16.362,23436000,0.00%,20296193,41125049693,383459.83,0
2016-02-29,16.362,16.362,16.362,16.362,19278000,0.00%,1018193,41125049693,315426.64,0
2016-03-01,16.362,16.3783,16.3783,16.362,20925000,0.10%,38356355,41183312855,342715.93,58263162
2016-03-02,16.3783,16.3783,16.3783,16.3783,33061500,0.00%,5294855,41183312855,541491.17,0
2016-03-03,16.3783,16.3947,16.3947,16.3783,21546000,0.10%,42075166,41241639166,353240.21,58326311
2016-03-04,16.3947,16.3947,16.3947,16.3947,26608500,0.00%,15466666,41241639166,436238.37,0
2016-03-07,16.3947,16.4111,16.4111,16.3947,18562500,0.10%,55331375,41300066375,304631.04,58427208
2016-03-08,16.4111,16.4111,16.4111,16.4111,15444000,0.00%,39887375,41300066375,253453.03,0
2016-03-09,16.4111,16.4111,16.4111,16.4111,18994500,0.00%,20892875,41300066375,311720.64,0
2016-03-10,16.4111,16.4111,16.4111,16.4111,13635000,0.00%,7257875,41300066375,223765.35,0
2016-03-11,16.4111,16.4275,16.4275,16.4111,23625000,0.10%,41161897,41357595397,388099.69,57529021
2016-03-14,16.4275,16.4275,16.4275,16.4275,40068000,0.00%,1093897,41357595397,658217.07,0
2016-03-15,16.4275,16.444,16.444,16.4275,21883500,0.10%,36865174,41415250174,359852.27,57654777
2016-03-16,16.444,16.444,16.444,16.444,18792000,0.00%,18073174,41415250174,309015.65,0
2016-03-17,16.444,16.4604,16.4604,16.444,18427500,0.10%,57504153,41473108653,303324.02,57858478
2016-03-18,16.4604,16.4769,16.4769,16.4604,70213500,0.10%,45224431,41531042431,1156900.82,57933778
2016-03-21,16.4769,16.4769,16.4769,16.4769,25137000,0.00%,20087431,41531042431,414179.84,0
2016-03-22,16.4769,16.4933,16.4933,16.4769,26932500,0.10%,51674020,41589561520,444205.8,58519088
2016-03-23,16.4933,16.4933,16.4933,16.4933,20844000,0.00%,30830020,41589561520,343786.35,0
2016-03-24,16.4933,16.4933,16.4933,16.4933,24894000,0.00%,5936020,41589561520,410584.21,0
2016-03-29,16.4933,16.5098,16.5098,16.4933,22707000,0.10%,41434240,41647766740,374888.03,58205220
2016-03-30,16.5098,16.5098,16.5098,16.5098,28120500,0.00%,13313740,41647766740,464263.83,0
2016-03-31,16.5098,16.5263,16.5263,16.5098,23652000,0.10%,47718716,41705823716,390880.05,58056975
2016-04-01,16.5263,16.5263,16.5263,16.5263,21654000,0.00%,26064716,41705823716,357860.5,0
2016-04-05,16.5263,16.5263,16.5263,16.5263,19575000,0.00%,6489716,41705823716,323502.32,0
2016-04-06,16.5263,16.5429,16.5429,16.5263,23976000,0.10%,40663735,41763973735,396632.57,58150019
2016-04-07,16.5429,16.5429,16.5429,16.5429,29389500,0.00%,11274235,41763973735,486187.56,0
2016-04-08,16.5429,16.5594,16.5594,16.5429,20466000,0.10%,49052080,41822217580,338904.68,58243844
2016-04-11,16.5594,16.5594,16.5594,16.5594,12690000,0.00%,36362080,41822217580,210138.79,0
2016-04-12,16.5594,16.5594,16.5594,16.5594,16618500,0.00%,19743580,41822217580,275192.39,0
2016-04-13,16.5594,16.576,16.576,16.5594,43929000,0.10%,34205183,41880608183,728167.1,58390602
2016-04-14,16.576,16.576,16.576,16.576,34155000,0.00%,50183,41880608183,566153.28,0
2016-04-15,16.576,16.5925,16.5925,16.576,15403500,0.10%,43048065,41939009565,255582.57,58401381
2016-04-18,16.5925,16.5925,16.5925,16.5925,12312000,0.00%,30736065,41939009565,204286.86,0
2016-04-19,16.5925,16.5925,16.5925,16.5925,18414000,0.00%,12322065,41939009565,305534.29,0
2016-04-20,16.5925,16.6091,16.6091,16.5925,20898000,0.10%,49454564,41997040064,347096.97,58030499
2016-04-21,16.6091,16.6091,16.6091,16.6091,17712000,0.00%,31742564,41997040064,294180.38,0
2016-04-22,16.6091,16.6091,16.6091,16.6091,11907000,0.00%,19835564,41997040064,197764.55,0
2016-04-25,16.6091,16.6091,16.6091,16.6091,14485500,0.00%,5350064,41997040064,240591.12,0
2016-04-26,16.6091,16.6257,16.6257,16.6091,11677500,0.10%,51575350,42054942850,194146.61,57902786
2016-04-27,16.6257,16.6257,16.6257,16.6257,15592500,0.00%,35982850,42054942850,259236.23,0
2016-04-28,16.6257,16.6257,16.6257,16.6257,25191000,0.00%,10791850,42054942850,418818.01,0
2016-04-29,16.6257,16.6424,16.6424,16.6257,14715000,0.10%,54065931,42112931931,244892.92,57989080
2016-05-03,16.6424,16.6424,16.6424,16.6424,20709000,0.00%,33356931,42112931931,344647.46,0
2016-05-04,16.6424,16.6424,16.6424,16.6424,22113000,0.00%,11243931,42112931931,368013.39,0
2016-05-05,16.6424,16.659,16.659,16.6424,18427500,0.10%,50969242,42171084742,306983.72,58152811
2016-05-06,16.659,16.659,16.659,16.659,21438000,0.00%,29531242,42171084742,357135.64,0
2016-05-09,16.659,16.659,16.659,16.659,12717000,0.00%,16814242,42171084742,211852.5,0
2016-05-10,16.659,16.659,16.659,16.659,15997500,0.00%,816742,42171084742,266502.35,0
2016-05-11,16.659,16.6757,16.6757,16.659,15646500,0.10%,43360339,42229274839,260916.34,58190097
2016-05-12,16.6757,16.6757,16.6757,16.6757,17928000,0.00%,25432339,42229274839,298961.95,0
2016-05-13,16.6757,16.6757,16.6757,16.6757,24421500,0.00%,1010839,42229274839,407245.61,0
2016-05-16,16.6757,16.6924,16.6924,16.6757,29133000,0.10%,30213085,42287610085,486299.69,58335245
2016-05-17,16.6924,16.709,16.709,16.6924,30550500,0.10%,58117636,42346065136,510468.3,58455050
2016-05-18,16.709,16.709,16.709,16.709,27891000,0.00%,30226636,42346065136,466030.72,0
2016-05-19,16.709,16.7258,16.7258,16.709,47628000,0.10%,41195660,42404662160,796616.4,58597024
2016-05-20,16.7258,16.7258,16.7258,16.7258,25906500,0.00%,15289160,42404662160,433306.94,0
2016-05-23,16.7258,16.7425,16.7425,16.7258,16497000,0.10%,57732605,42463602605,276201.02,58940444
2016-05-24,16.7425,16.7425,16.7425,16.7425,16645500,0.00%,41087105,42463602605,278687.28,0
2016-05-25,16.7425,16.7425,16.7425,16.7425,29133000,0.00%,11954105,42463602605,487759.25,0
2016-05-26,16.7425,16.7592,16.7592,16.7425,19521000,0.10%,51527682,42522697182,327156.34,59094576
2016-05-27,16.7592,16.776,16.776,16.7592,55714500,0.10%,54979414,42581863414,934666.45,59166232
2016-05-30,16.776,16.776,16.776,16.776,29362500,0.00%,25616914,42581863414,492585.3,0
2016-05-31,16.776,16.7928,16.7928,16.776,75910500,0.10%,9342655,42641499655,1274749.84,59636241
2016-06-01,16.7928,16.8095,16.8095,16.7928,23422500,0.10%,46057336,42701636836,393720.51,60137180
2016-06-02,16.8095,16.8095,16.8095,16.8095,28971000,0.00%,17086336,42701636836,486988.02,0
2016-06-03,16.8095,16.8264,16.8264,16.8095,37044000,0.10%,40336032,42761930532,623317.16,60293696
2016-06-06,16.8264,16.8264,16.8264,16.8264,23112000,0.00%,17224032,42761930532,388891.76,0
2016-06-07,16.8264,16.8432,16.8432,16.8264,23287500,0.10%,54364777,42822358777,392236.02,60428245
2016-06-08,16.8432,16.8432,16.8432,16.8432,25474500,0.00%,28890277,42822358777,429072.1,0
2016-06-10,16.8432,16.8432,16.8432,16.8432,27540000,0.00%,1350277,42822358777,463861.73,0
2016-06-13,16.8432,16.86,16.86,16.8432,28579500,0.10%,32439530,42882027530,481850.37,59668752
2016-06-14,16.86,16.86,16.86,16.86,23935500,0.00%,8504030,42882027530,403552.53,0
2016-06-15,16.86,16.8769,16.8769,16.86,25434000,0.10%,42771561,42941729061,429247.07,59701531
2016-06-16,16.8769,16.8769,16.8769,16.8769,20371500,0.00%,22400061,42941729061,343807.77,0
2016-06-17,16.8769,16.8938,16.8938,16.8769,24138000,0.10%,58015106,43001482106,407782.54,59753045
2016-06-20,16.8938,16.8938,16.8938,16.8938,12730500,0.00%,45284606,43001482106,215066.52,0
2016-06-21,16.8938,16.8938,16.8938,16.8938,13608000,0.00%,31676606,43001482106,229890.83,0
2016-06-22,16.8938,16.8938,16.8938,16.8938,26500500,0.00%,5176106,43001482106,447694.15,0
2016-06-23,16.8938,16.9107,16.9107,16.8938,16524000,0.10%,48337125,43061167125,279432.41,59685018
2016-06-24,16.9107,16.9107,16.9107,16.9107,41296500,0.00%,7040625,43061167125,698352.72,0
2016-06-27,16.9107,16.9276,16.9276,16.9107,21141000,0.10%,45625590,43120893090,357866.39,59725964
2016-06-28,16.9276,16.9276,16.9276,16.9276,24232500,0.00%,21393090,43120893090,410198.07,0
2016-06-29,16.9276,16.9276,16.9276,16.9276,18292500,0.00%,3100590,43120893090,309648.12,0
2016-06-30,16.9276,16.9445,16.9445,16.9276,22842000,0.10%,39218054,43179852554,387046.27,58959464
2016-07-04,16.9445,16.9445,16.9445,16.9445,21910500,0.00%,17307554,43179852554,371262.47,0
2016-07-05,16.9445,16.9445,16.9445,16.9445,12906000,0.00%,4401554,43179852554,218685.72,0
2016-07-06,16.9445,16.9614,16.9614,16.9445,15741000,0.10%,46896695,43238088695,266989.4,58236141
2016-07-07,16.9614,16.9614,16.9614,16.9614,10827000,0.00%,36069695,43238088695,183641.08,0
2016-07-08,16.9614,16.9614,16.9614,16.9614,18657000,0.00%,17412695,43238088695,316448.84,0
2016-07-11,16.9614,16.9614,16.9614,16.9614,17347500,0.00%,65195,43238088695,294237.89,0
2016-07-12,16.9614,16.9784,16.9784,16.9614,18684000,0.10%,39284196,43295991696,317224.43,57903000
2016-07-13,16.9784,16.9784,16.9784,16.9784,15133500,0.00%,24150696,43295991696,256942.62,0
2016-07-14,16.9784,16.9784,16.9784,16.9784,17104500,0.00%,7046196,43295991696,290407.04,0
2016-07-15,16.9784,16.9954,16.9954,16.9784,20911500,0.10%,43945005,43353802005,355399.31,57810309
2016-07-18,16.9954,16.9954,16.9954,16.9954,13540500,0.00%,30404505,43353802005,230126.21,0
2016-07-19,16.9954,16.9954,16.9954,16.9954,15903000,0.00%,14501505,43353802005,270277.85,0
2016-07-20,16.9954,17.0124,17.0124,16.9954,17995500,0.10%,54215171,43411511171,306146.64,57709165
2016-07-21,17.0124,17.0124,17.0124,17.0124,19980000,0.00%,34235171,43411511171,339907.75,0
2016-07-22,17.0124,17.0124,17.0124,17.0124,10530000,0.00%,23705171,43411511171,179140.57,0
2016-07-25,17.0124,17.0124,17.0124,17.0124,10503000,0.00%,13202171,43411511171,178681.24,0
2016-07-26,17.0124,17.0294,17.0294,17.0124,19872000,0.10%,50837727,43469018727,338408.24,57507555
2016-07-27,17.0294,17.0294,17.0294,17.0294,16321500,0.00%,34516227,43469018727,277945.35,0
2016-07-28,17.0294,17.0294,17.0294,17.0294,15727500,0.00%,18788727,43469018727,267829.89,0
2016-07-29,17.0294,17.0294,17.0294,17.0294,18022500,0.00%,766227,43469018727,306912.36,0
2016-08-01,17.0294,17.0464,17.0464,17.0294,27985500,0.10%,30182657,43526420657,477052.03,57401930
2016-08-03,17.0464,17.0464,17.0464,17.0464,24853500,0.00%,5329157,43526420657,423662.7,0
2016-08-04,17.0464,17.0635,17.0635,17.0464,13014000,0.10%,49772864,43583878364,222064.39,57457706
2016-08-05,17.0635,17.0635,17.0635,17.0635,13540500,0.00%,36232364,43583878364,231048.32,0
2016-08-08,17.0635,17.0635,17.0635,17.0635,16078500,0.00%,20153864,43583878364,274355.48,0
2016-08-09,17.0635,17.0635,17.0635,17.0635,10975500,0.00%,9178364,43583878364,187280.44,0
2016-08-10,17.0635,17.0805,17.0805,17.0635,10125000,0.10%,56449997,43641274997,172940.06,57396633
2016-08-11,17.0805,17.0805,17.0805,17.0805,15376500,0.00%,41073497,43641274997,262638.31,0
2016-08-12,17.0805,17.0805,17.0805,17.0805,24502500,0.00%,16570997,43641274997,418514.95,0
2016-08-15,17.0805,17.0976,17.0976,17.0805,17806500,0.10%,56161212,43698671712,304448.41,57396714
2016-08-16,17.0976,17.0976,17.0976,17.0976,33169500,0.00%,22991712,43698671712,567118.84,0
2016-08-17,17.0976,17.1147,17.1147,17.0976,24934500,0.10%,55478713,43756093213,426746.49,57421500
2016-08-18,17.1147,17.1318,17.1318,17.1147,55768500,0.10%,57264328,43813647328,955414.79,57554114
2016-08-19,17.1318,17.1318,17.1318,17.1318,16969500,0.00%,40294828,43813647328,290718.08,0
2016-08-22,17.1318,17.1318,17.1318,17.1318,15457500,0.00%,24837328,43813647328,264814.8,0
2016-08-23,17.1318,17.1318,17.1318,17.1318,12042000,0.00%,12795328,43813647328,206301.14,0
2016-08-24,17.1318,17.149,17.149,17.1318,18387000,0.10%,52239298,43871478298,315318.66,57830969
2016-08-25,17.149,17.149,17.149,17.149,14836500,0.00%,37402798,43871478298,254431.14,0
2016-08-26,17.149,17.149,17.149,17.149,10921500,0.00%,26481298,43871478298,187292.8,0
2016-08-29,17.149,17.149,17.149,17.149,13284000,0.00%,13197298,43871478298,227807.32,0
2016-08-30,17.149,17.1661,17.1661,17.149,15862500,0.10%,55161062,43929304562,272297.26,57826264
2016-08-31,17.1661,17.1661,17.1661,17.1661,20682000,0.00%,34479062,43929304562,355029.28,0
2016-09-01,17.1661,17.1661,17.1661,17.1661,18373500,0.00%,16105562,43929304562,315401.34,0
2016-09-02,17.1661,17.1833,17.1833,17.1661,22180500,0.10%,51944592,43987324092,381134.19,58019530
2016-09-05,17.1833,17.1833,17.1833,17.1833,25515000,0.00%,26429592,43987324092,438431.9,0
2016-09-06,17.1833,17.1833,17.1833,17.1833,25731000,0.00%,698592,43987324092,442143.49,0
2016-09-07,17.1833,17.2005,17.2005,17.1833,23773500,0.10%,35274371,44045673371,408916.09,58349279
2016-09-08,17.2005,17.2005,17.2005,17.2005,20911500,0.00%,14362871,44045673371,359688.26,0
2016-09-09,17.2005,17.2177,17.2177,17.2005,27378000,0.10%,45498895,44104187395,471386.19,58514023
2016-09-12,17.2177,17.2177,17.2177,17.2177,26892000,0.00%,18606895,44104187395,463018.39,0
2016-09-13,17.2177,17.2349,17.2349,17.2177,20074500,0.10%,57220310,44162875310,345982.0,58687915
2016-09-14,17.2349,17.2349,17.2349,17.2349,10395000,0.00%,46825310,44162875310,179156.79,0
2016-09-15,17.2349,17.2349,17.2349,17.2349,24381000,0.00%,22444310,44162875310,420204.1,0
2016-09-19,17.2349,17.2521,17.2521,17.2349,24826500,0.10%,56187031,44221444531,428309.26,58569221
2016-09-20,17.2521,17.2521,17.2521,17.2521,16389000,0.00%,39798031,44221444531,282744.67,0
2016-09-21,17.2521,17.2521,17.2521,17.2521,15538500,0.00%,24259531,44221444531,268071.76,0
2016-09-22,17.2521,17.2521,17.2521,17.2521,24084000,0.00%,175531,44221444531,415499.58,0
2016-09-23,17.2521,17.2694,17.2694,17.2521,33723000,0.10%,24715829,44279707829,582375.98,58263297
2016-09-26,17.2694,17.2866,17.2866,17.2694,25083000,0.10%,57556743,44337631743,433599.79,57923914
2016-09-27,17.2866,17.2866,17.2866,17.2866,19899000,0.00%,37657743,44337631743,343986.05,0
2016-09-28,17.2866,17.2866,17.2866,17.2866,11029500,0.00%,26628243,44337631743,190662.55,0
2016-09-29,17.2866,17.2866,17.2866,17.2866,15012000,0.00%,11616243,44337631743,259506.44,0
2016-09-30,17.2866,17.3039,17.3039,17.2866,20061000,0.10%,49019250,44395095750,347133.54,57464006
2016-10-03,17.3039,17.3039,17.3039,17.3039,13527000,0.00%,35492250,44395095750,234069.86,0
2016-10-04,17.3039,17.3039,17.3039,17.3039,10435500,0.00%,25056750,44395095750,180574.85,0
2016-10-05,17.3039,17.3039,17.3039,17.3039,8991000,0.00%,16065750,44395095750,155579.36,0
2016-10-06,17.3039,17.3039,17.3039,17.3039,14391000,0.00%,1674750,44395095750,249020.42,0
2016-10-07,17.3039,17.3212,17.3212,17.3039,12015000,0.10%,47096206,44452532206,208114.22,57436455
2016-10-11,17.3212,17.3212,17.3212,17.3212,17158500,0.00%,29937706,44452532206,297205.81,0
2016-10-12,17.3212,17.3212,17.3212,17.3212,22504500,0.00%,7433206,44452532206,389804.95,0
2016-10-13,17.3212,17.3385,17.3385,17.3212,22801500,0.10%,42256009,44510156509,395343.81,57624302
2016-10-14,17.3385,17.3385,17.3385,17.3385,18940500,0.00%,23315509,44510156509,328399.86,0
2016-10-17,17.3385,17.3385,17.3385,17.3385,13189500,0.00%,10126009,44510156509,228686.15,0
2016-10-18,17.3385,17.3559,17.3559,17.3385,16551000,0.10%,51071951,44567653451,287257.5,57496942
2016-10-19,17.3559,17.3559,17.3559,17.3559,10233000,0.00%,40838951,44567653451,177602.92,0
2016-10-20,17.3559,17.3559,17.3559,17.3559,11110500,0.00%,29728451,44567653451,192832.73,0
2016-10-24,17.3559,17.3559,17.3559,17.3559,21019500,0.00%,8708951,44567653451,364812.34,0
2016-10-25,17.3559,17.3732,17.3732,17.3559,11299500,0.10%,54917840,44625161840,196308.47,57508388
2016-10-26,17.3732,17.3732,17.3732,17.3732,11853000,0.00%,43064840,44625161840,205924.54,0
2016-10-27,17.3732,17.3732,17.3732,17.3732,14431500,0.00%,28633340,44625161840,250721.34,0
2016-10-28,17.3732,17.3732,17.3732,17.3732,24138000,0.00%,4495340,44625161840,419354.3,0
2016-10-31,17.3732,17.3906,17.3906,17.3732,16321500,0.10%,45812338,44682800338,283840.68,57638498
2016-11-01,17.3906,17.3906,17.3906,17.3906,20290500,0.00%,25521838,44682800338,352863.97,0
2016-11-02,17.3906,17.3906,17.3906,17.3906,18724500,0.00%,6797338,44682800338,325630.29,0
2016-11-03,17.3906,17.408,17.408,17.3906,23571000,0.10%,40475369,44740049369,410323.97,57249030
2016-11-04,17.408,17.408,17.408,17.408,22977000,0.00%,17498369,44740049369,399983.62,0
2016-11-07,17.408,17.4254,17.4254,17.408,21721500,0.10%,53171599,44797444099,378505.83,57394730
2016-11-08,17.4254,17.4254,17.4254,17.4254,16686000,0.00%,36485599,44797444099,290760.22,0
2016-11-09,17.4254,17.4428,17.4428,17.4254,45427500,0.10%,48568631,44854954631,792382.8,57510531
2016-11-10,17.4428,17.4428,17.4428,17.4428,25623000,0.00%,22945631,44854954631,446936.86,0
2016-11-11,17.4428,17.4603,17.4603,17.4428,61222500,0.10%,19294288,44912525788,1068963.22,57571156
2016-11-14,17.4603,17.4777,17.4777,17.4603,67945500,0.10%,9050797,44970227797,1187531.07,57702009
2016-11-15,17.4777,17.4952,17.4952,17.4777,41431500,0.10%,25476827,45028085327,724852.38,57857530
2016-11-16,17.4952,17.5127,17.5127,17.4952,36450000,0.10%,47000879,45086059379,638337.92,57974051
2016-11-17,17.5127,17.5127,17.5127,17.5127,36814500,0.00%,10186379,45086059379,644721.29,0
2016-11-18,17.5127,17.5302,17.5302,17.5127,23071500,0.10%,45033063,45143977563,404448.01,57918184
2016-11-21,17.5302,17.5302,17.5302,17.5302,20452500,0.00%,24580563,45143977563,358536.42,0
2016-11-22,17.5302,17.5302,17.5302,17.5302,17563500,0.00%,7017063,45143977563,307891.67,0
2016-11-23,17.5302,17.5477,17.5477,17.5302,21100500,0.10%,43782305,45201843305,370265.24,57865741
2016-11-24,17.5477,17.5477,17.5477,17.5477,20871000,0.00%,22911305,45201843305,366238.05,0
2016-11-25,17.5477,17.5477,17.5477,17.5477,10557000,0.00%,12354305,45201843305,185251.07,0
2016-11-28,17.5477,17.5653,17.5653,17.5477,22342500,0.10%,47786213,45259617713,392452.72,57774407
2016-11-29,17.5653,17.5653,17.5653,17.5653,26649000,0.00%,21137213,45259617713,468097.68,0
2016-11-30,17.5653,17.5829,17.5829,17.5653,24151500,0.10%,54797548,45317429548,424653.41,57811835
2016-12-01,17.5829,17.5829,17.5829,17.5829,20884500,0.00%,33913048,45317429548,367210.08,0
2016-12-02,17.5829,17.6004,17.6004,17.5829,42727500,0.10%,49099209,45375343209,752021.09,57913661
2016-12-05,17.6004,17.6004,17.6004,17.6004,20088000,0.00%,29011209,45375343209,353556.84,0
2016-12-06,17.6004,17.6004,17.6004,17.6004,14620500,0.00%,14390709,45375343209,257326.65,0
2016-12-07,17.6004,17.6004,17.6004,17.6004,13446000,0.00%,944709,45375343209,236654.98,0
2016-12-08,17.6004,17.618,17.618,17.6004,21303000,0.10%,37493876,45433195376,375316.25,57852167
2016-12-09,17.618,17.618,17.618,17.618,31036500,0.00%,6457376,45433195376,546801.06,0
2016-12-12,17.618,17.6357,17.6357,17.618,29646000,0.10%,34834982,45491218982,522827.96,58023605
2016-12-13,17.6357,17.6357,17.6357,17.6357,22126500,0.00%,12708482,45491218982,390216.32,0
2016-12-14,17.6357,17.6533,17.6533,17.6357,25015500,0.10%,45900547,45549426547,441606.13,58207565
2016-12-15,17.6533,17.6533,17.6533,17.6533,32143500,0.00%,13757047,45549426547,567438.85,0
2016-12-16,17.6533,17.671,17.671,17.6533,29403000,0.10%,42706053,45607778553,519580.41,58352005
2016-12-19,17.671,17.671,17.671,17.671,14755500,0.00%,27950553,45607778553,260744.44,0
2016-12-20,17.671,17.671,17.671,17.671,17334000,0.00%,10616553,45607778553,306309.11,0
2016-12-21,17.671,17.6886,17.6886,17.671,15282000,0.10%,53526824,45665970824,270317.19,58192271
2016-12-22,17.6886,17.6886,17.6886,17.6886,20290500,0.00%,33236324,45665970824,358910.54,0
2016-12-23,17.6886,17.6886,17.6886,17.6886,22086000,0.00%,11150324,45665970824,390670.42,0
2016-12-28,17.6886,17.7063,17.7063,17.6886,24597000,0.10%,44748995,45724166495,435521.86,58195670
2016-12-29,17.7063,17.7063,17.7063,17.7063,29862000,0.00%,14886995,45724166495,528745.53,0
2016-12-30,17.7063,17.724,17.724,17.7063,18333000,0.10%,55005492,45782617992,324934.09,58451496
2017-01-03,17.724,17.724,17.724,17.724,13496000,0.00%,41509492,45782617992,239203.1,0
2017-01-04,17.724,17.724,17.724,17.724,15973999,0.00%,25535492,45782617992,283123.18,0
2017-01-05,17.724,17.7417,17.7417,17.724,28756000,0.10%,55353936,45841192436,510180.33,58574443
2017-01-06,17.7417,17.7417,17.7417,17.7417,28112000,0.00%,27241936,45841192436,498754.67,0
2017-01-09,17.7417,17.7417,17.7417,17.7417,19054000,0.00%,8187936,45841192436,338050.35,0
2017-01-10,17.7417,17.7595,17.7595,17.7417,21882000,0.10%,45262566,45900149066,388613.38,58956630
2017-01-11,17.7595,17.7595,17.7595,17.7595,28980000,0.00%,16282566,45900149066,514670.31,0
2017-01-12,17.7595,17.7772,17.7772,17.7595,22904000,0.10%,52536625,45959307125,407168.99,59158058
2017-01-13,17.7772,17.7772,17.7772,17.7772,14224000,0.00%,38312625,45959307125,252862.89,0
2017-01-16,17.7772,17.7772,17.7772,17.7772,16239999,0.00%,22072625,45959307125,288701.73,0
2017-01-17,17.7772,17.7772,17.7772,17.7772,12390000,0.00%,9682625,45959307125,220259.51,0
2017-01-18,17.7772,17.795,17.795,17.7772,15343999,0.10%,53640025,46018608525,273046.48,59301400
2017-01-19,17.795,17.795,17.795,17.795,13524000,0.00%,40116025,46018608525,240659.58,0
2017-01-20,17.795,17.795,17.795,17.795,10766000,0.00%,29350025,46018608525,191580.97,0
2017-01-23,17.795,17.795,17.795,17.795,9884000,0.00%,19466025,46018608525,175885.78,0
2017-01-24,17.795,17.795,17.795,17.795,12362000,0.00%,7104025,46018608525,219981.79,0
2017-01-25,17.795,17.8128,17.8128,17.795,23828000,0.10%,42282259,46077614759,424443.4,59006234
2017-01-26,17.8128,17.8128,17.8128,17.8128,29455999,0.00%,12826259,46077614759,524693.84,0
2017-01-27,17.8128,17.8128,17.8128,17.8128,12208000,0.00%,618259,46077614759,217458.66,0
2017-02-01,17.8128,17.8306,17.8306,17.8128,27286000,0.10%,32593076,46136875576,486525.75,59260816
2017-02-02,17.8306,17.8306,17.8306,17.8306,19950000,0.00%,12643076,46136875576,355720.47,0
2017-02-03,17.8306,17.8485,17.8485,17.8306,17542000,0.10%,54357369,46196131869,313098.39,59256293
2017-02-06,17.8485,17.8485,17.8485,17.8485,12936000,0.00%,41421369,46196131869,230888.2,0
2017-02-07,17.8485,17.8485,17.8485,17.8485,16155999,0.00%,25265369,46196131869,288360.37,0
2017-02-08,17.8485,17.8485,17.8485,17.8485,22372000,0.00%,2893369,46196131869,399306.64,0
2017-02-09,17.8485,17.8663,17.8663,17.8485,18158000,0.10%,44143317,46255539817,324416.28,59407948
2017-02-10,17.8663,17.8663,17.8663,17.8663,18676000,0.00%,25467317,46255539817,333671.02,0
2017-02-13,17.8663,17.8663,17.8663,17.8663,16057999,0.00%,9409317,46255539817,286897.05,0
2017-02-14,17.8663,17.8842,17.8842,17.8663,16435999,0.10%,52536832,46315103332,293944.71,59563514
2017-02-15,17.8842,17.8842,17.8842,17.8842,29358000,0.00%,23178832,46315103332,525044.34,0
2017-02-16,17.8842,17.9021,17.9021,17.8842,42910000,0.10%,40077475,46374911975,768179.11,59808643
2017-02-17,17.9021,17.9021,17.9021,17.9021,25998000,0.00%,14079475,46374911975,465418.8,0
2017-02-20,17.9021,17.92,17.92,17.9021,20146000,0.10%,54115226,46435093726,361016.32,60181750
2017-02-21,17.92,17.92,17.92,17.92,20972000,0.00%,33143226,46435093726,375818.24,0
2017-02-22,17.92,17.92,17.92,17.92,19992000,0.00%,13151226,46435093726,358256.64,0
2017-02-23,17.92,17.9379,17.9379,17.92,22022000,0.10%,51107967,46495072467,395028.43,59978741
2017-02-24,17.9379,17.9379,17.9379,17.9379,24108000,0.00%,26999967,46495072467,432446.89,0
2017-02-27,17.9379,17.9379,17.9379,17.9379,19796000,0.00%,7203967,46495072467,355098.67,0
2017-02-28,17.9379,17.9558,17.9558,17.9379,22904000,0.10%,43912806,46554685306,411259.64,59612838
2017-03-01,17.9558,17.9558,17.9558,17.9558,26810000,0.00%,17102806,46554685306,481395.0,0
2017-03-02,17.9558,17.9738,17.9738,17.9558,22134000,0.10%,54723138,46614439638,397832.09,59754332
2017-03-03,17.9738,17.9738,17.9738,17.9738,22722000,0.00%,32001138,46614439638,408400.68,0
2017-03-06,17.9738,17.9738,17.9738,17.9738,15917999,0.00%,16083138,46614439638,286106.95,0
2017-03-07,17.9738,17.9917,17.9917,17.9738,16870000,0.10%,59069382,46674295882,303519.98,59856243
2017-03-08,17.9917,17.9917,17.9917,17.9917,15203999,0.00%,43865382,46674295882,273545.81,0
2017-03-09,17.9917,17.9917,17.9917,17.9917,19768000,0.00%,24097382,46674295882,355659.93,0
2017-03-10,17.9917,17.9917,17.9917,17.9917,22232000,0.00%,1865382,46674295882,399991.47,0
2017-03-13,17.9917,18.0097,18.0097,17.9917,28014000,0.10%,33773592,46734218092,504523.74,59922209
2017-03-14,18.0097,18.0097,18.0097,18.0097,21140000,0.00%,12633592,46734218092,380725.06,0
2017-03-15,18.0097,18.0277,18.0277,18.0097,15035999,0.10%,57872382,46794492882,271064.5,60274790
2017-03-16,18.0277,18.0277,18.0277,18.0277,38038000,0.00%,19834382,46794492882,685737.65,0
2017-03-17,18.0277,18.0458,18.0458,18.0277,30953999,0.10%,49580787,46855193287,558589.69,60700404
2017-03-20,18.0458,18.0458,18.0458,18.0458,34300000,0.00%,15280787,46855193287,618970.94,0
2017-03-21,18.0458,18.0638,18.0638,18.0458,39690000,0.10%,36805517,46916408017,716952.22,61214729
2017-03-22,18.0638,18.0638,18.0638,18.0638,34762000,0.00%,2043517,46916408017,627933.82,0
2017-03-23,18.0638,18.0819,18.0819,18.0638,55510000,0.10%,8344791,46978219291,1003726.27,61811274
2017-03-24,18.0819,18.1,18.1,18.0819,23254000,0.10%,47294912,47040423412,420897.4,62204120
2017-03-27,18.1,18.1,18.1,18.1,28854000,0.00%,18440912,47040423412,522257.4,0
2017-03-28,18.1,18.1181,18.1181,18.1,20174000,0.10%,60658729,47102815229,365514.55,62391816
2017-03-29,18.1181,18.1181,18.1181,18.1181,22581999,0.00%,38076729,47102815229,409142.93,0
2017-03-30,18.1181,18.1181,18.1181,18.1181,24346000,0.00%,13730729,47102815229,441103.26,0
2017-03-31,18.1181,18.1362,18.1362,18.1181,22568000,0.10%,53518651,47165171151,409297.76,62355921
2017-04-03,18.1362,18.1362,18.1362,18.1362,18256000,0.00%,35262651,47165171151,331094.47,0
2017-04-05,18.1362,18.1362,18.1362,18.1362,30197999,0.00%,5064651,47165171151,547676.97,0
2017-04-06,18.1362,18.1543,18.1543,18.1362,15665999,0.10%,51668517,47227441017,284405.26,62269866
2017-04-07,18.1543,18.1543,18.1543,18.1543,20902000,0.00%,30766517,47227441017,379461.18,0
2017-04-10,18.1543,18.1543,18.1543,18.1543,10472000,0.00%,20294517,47227441017,190111.83,0
2017-04-11,18.1543,18.1543,18.1543,18.1543,13230000,0.00%,7064517,47227441017,240181.39,0
2017-04-12,18.1543,18.1725,18.1725,18.1543,22036000,0.10%,46865553,47289278053,400449.21,61837035
2017-04-13,18.1725,18.1725,18.1725,18.1725,28924000,0.00%,17941553,47289278053,525621.39,0
2017-04-18,18.1725,18.1906,18.1906,18.1725,20734000,0.10%,58969483,47351039983,377163.9,61761930
2017-04-19,18.1906,18.1906,18.1906,18.1906,23254000,0.00%,35715483,47351039983,423004.21,0
2017-04-20,18.1906,18.1906,18.1906,18.1906,29959999,0.00%,5755483,47351039983,544990.38,0
2017-04-21,18.1906,18.2088,18.2088,18.1906,23786000,0.10%,43548981,47412619481,433114.52,61579497
2017-04-24,18.2088,18.2088,18.2088,18.2088,20370000,0.00%,23178981,47412619481,370913.26,0
2017-04-25,18.2088,18.227,18.227,18.2088,26306000,0.10%,58345997,47474092497,479479.46,61473016
2017-04-26,18.227,18.227,18.227,18.227,28854000,0.00%,29491997,47474092497,525921.86,0
2017-04-27,18.227,18.227,18.227,18.227,24220000,0.00%,5271997,47474092497,441457.94,0
2017-04-28,18.227,18.2453,18.2453,18.227,18830000,0.10%,48050749,47535701249,343559.0,61608751
2017-05-02,18.2453,18.2453,18.2453,18.2453,27132000,0.00%,20918749,47535701249,495031.48,0
2017-05-04,18.2453,18.2635,18.2635,18.2453,33123999,0.10%,49575207,47597481707,604960.17,61780458
2017-05-05,18.2635,18.2635,18.2635,18.2635,20860000,0.00%,28715207,47597481707,380976.61,0
2017-05-08,18.2635,18.2635,18.2635,18.2635,27034000,0.00%,1681207,47597481707,493735.46,0
2017-05-09,18.2635,18.2818,18.2818,18.2635,27552000,0.10%,35804199,47659156699,503700.15,61674991
2017-05-10,18.2818,18.3001,18.3001,18.2818,41426000,0.10%,56205764,47720984264,758099.94,61827564
2017-05-11,18.3001,18.3001,18.3001,18.3001,28406000,0.00%,27799764,47720984264,519832.64,0
2017-05-12,18.3001,18.3184,18.3184,18.3001,36190000,0.10%,53735060,47783109560,662942.9,62125296
2017-05-15,18.3184,18.3184,18.3184,18.3184,30197999,0.00%,23537060,47783109560,553179.04,0
2017-05-16,18.3184,18.3367,18.3367,18.3184,32129999,0.10%,53969728,47845672228,589158.17,62562667
2017-05-17,18.3367,18.3367,18.3367,18.3367,25214000,0.00%,28755728,47845672228,462341.55,0
2017-05-18,18.3367,18.355,18.355,18.3367,75656000,0.10%,15964235,47908536735,1388665.88,62864507
2017-05-19,18.355,18.3734,18.3734,18.355,41020000,0.10%,38459503,47972052003,753676.87,63515267
2017-05-22,18.3734,18.3734,18.3734,18.3734,38024000,0.00%,435503,47972052003,698630.16,0
2017-05-23,18.3734,18.3917,18.3917,18.3734,48930000,0.10%,15465307,48036011807,899905.88,63959803
2017-05-24,18.3917,18.4101,18.4101,18.3917,32395999,0.10%,47370266,48100312766,596413.6,64300959
2017-05-25,18.4101,18.4101,18.4101,18.4101,25284000,0.00%,22086266,48100312766,465480.97,0
2017-05-26,18.4101,18.4286,18.4286,18.4101,23548000,0.10%,62978165,48164752665,433956.67,64439899
2017-05-29,18.4286,18.4286,18.4286,18.4286,23492000,0.00%,39486165,48164752665,432924.67,0
2017-05-31,18.4286,18.447,18.447,18.4286,52080000,0.10%,51963433,48229309933,960719.76,64557267
2017-06-01,18.447,18.447,18.447,18.447,44632000,0.00%,7331433,48229309933,823326.5,0
2017-06-02,18.447,18.4654,18.4654,18.447,25284000,0.10%,47283851,48294546351,466879.17,65236418
2017-06-05,18.4654,18.4654,18.4654,18.4654,17444000,0.00%,29839851,48294546351,322110.44,0
2017-06-06,18.4654,18.4654,18.4654,18.4654,17346000,0.00%,12493851,48294546351,320300.83,0
2017-06-07,18.4654,18.4839,18.4839,18.4654,18312000,0.10%,59382650,48359747150,338477.18,65200798
2017-06-08,18.4839,18.4839,18.4839,18.4839,20986000,0.00%,38396650,48359747150,387903.13,0
2017-06-09,18.4839,18.5024,18.5024,18.4839,96852000,0.10%,6823241,48425025741,1791994.44,65278591
2017-06-12,18.5024,18.5209,18.5209,18.5024,53228000,0.10%,19689416,48491119916,985830.47,66094174
2017-06-13,18.5209,18.5394,18.5394,18.5209,32199999,0.10%,53537115,48557167615,596968.68,66047698
2017-06-14,18.5394,18.5394,18.5394,18.5394,31653999,0.00%,21883115,48557167615,586846.17,0
2017-06-15,18.5394,18.5579,18.5579,18.5394,25508000,0.10%,62633729,48623426229,473374.91,66258614
2017-06-16,18.5579,18.5579,18.5579,18.5579,29302000,0.00%,33331729,48623426229,543783.59,0
2017-06-19,18.5579,18.5579,18.5579,18.5579,23744000,0.00%,9587729,48623426229,440638.78,0
2017-06-20,18.5579,18.5765,18.5765,18.5579,22554000,0.10%,53503861,48689896361,418974.38,66470131
2017-06-21,18.5765,18.5765,18.5765,18.5765,23128000,0.00%,30375861,48689896361,429637.29,0
2017-06-22,18.5765,18.5765,18.5765,18.5765,21798000,0.00%,8577861,48689896361,404930.55,0
2017-06-23,18.5765,18.5951,18.5951,18.5765,17864000,0.10%,57245647,48756428147,332182.87,66531785
2017-06-26,18.5951,18.5951,18.5951,18.5951,23044000,0.00%,34201647,48756428147,428505.48,0
2017-06-27,18.5951,18.5951,18.5951,18.5951,28042000,0.00%,6159647,48756428147,521443.79,0
2017-06-28,18.5951,18.6137,18.6137,18.5951,35532000,0.10%,37239565,48823040065,661381.99,66611918
2017-06-29,18.6137,18.6137,18.6137,18.6137,22288000,0.00%,14951565,48823040065,414862.15,0
2017-06-30,18.6137,18.6323,18.6323,18.6137,29288000,0.10%,52589296,48889965796,545702.8,66925730
2017-07-03,18.6323,18.6323,18.6323,18.6323,18172000,0.00%,34417296,48889965796,338586.16,0
2017-07-04,18.6323,18.6509,18.6509,18.6323,54628000,0.10%,46692314,48956868814,1018861.37,66903017
2017-07-05,18.6509,18.6696,18.6696,18.6509,62257999,0.10%,51611836,49024046336,1162331.96,67177522
2017-07-06,18.6696,18.6696,18.6696,18.6696,23660000,0.00%,27951836,49024046336,441722.74,0
2017-07-07,18.6696,18.6696,18.6696,18.6696,25270000,0.00%,2681836,49024046336,471780.79,0
2017-07-10,18.6696,18.6882,18.6882,18.6696,18256000,0.10%,52321005,49091941505,341171.78,67895168
2017-07-11,18.6882,18.6882,18.6882,18.6882,26432000,0.00%,25889005,49091941505,493966.5,0
2017-07-12,18.6882,18.6882,18.6882,18.6882,21560000,0.00%,4329005,49091941505,402917.59,0
2017-07-13,18.6882,18.7069,18.7069,18.6882,26446000,0.10%,46017646,49160076146,494722.68,68134640
2017-07-14,18.7069,18.7069,18.7069,18.7069,16617999,0.00%,29399646,49160076146,310871.26,0
2017-07-17,18.7069,18.7069,18.7069,18.7069,20034000,0.00%,9365646,49160076146,374774.03,0
2017-07-18,18.7069,18.7256,18.7256,18.7069,15917999,0.10%,61865828,49228494328,298074.1,68418182
2017-07-19,18.7256,18.7256,18.7256,18.7256,39732000,0.00%,22133828,49228494328,744005.54,0
2017-07-20,18.7256,18.7444,18.7444,18.7256,22400000,0.10%,68377790,49297138290,419874.56,68643962
2017-07-21,18.7444,18.7444,18.7444,18.7444,16197999,0.00%,52179790,49297138290,303621.79,0
2017-07-24,18.7444,18.7444,18.7444,18.7444,21812000,0.00%,30367790,49297138290,408852.85,0
2017-07-25,18.7444,18.7444,18.7444,18.7444,25676000,0.00%,4691790,49297138290,481281.21,0
2017-07-26,18.7444,18.7631,18.7631,18.7444,21616000,0.10%,51870861,49365933361,405583.17,68795070
2017-07-27,18.7631,18.7631,18.7631,18.7631,24234000,0.00%,27636861,49365933361,454704.97,0
2017-07-28,18.7631,18.7819,18.7819,18.7631,31163999,0.10%,65493934,49434954434,585319.13,69021073
2017-07-31,18.7819,18.7819,18.7819,18.7819,30253999,0.00%,35239934,49434954434,568227.6,0
2017-08-01,18.7819,18.7819,18.7819,18.7819,29120000,0.00%,6119934,49434954434,546928.93,0
2017-08-02,18.7819,18.8006,18.8006,18.7819,25886000,0.10%,49662521,49504383021,486672.33,69428586
2017-08-03,18.8006,18.8006,18.8006,18.8006,32857999,0.00%,16804521,49504383021,617750.11,0
2017-08-04,18.8006,18.8194,18.8194,18.8006,24108000,0.10%,62204405,49573890905,453698.1,69507883
2017-08-07,18.8194,18.8194,18.8194,18.8194,29819999,0.00%,32384405,49573890905,561194.51,0
2017-08-08,18.8194,18.8194,18.8194,18.8194,31877999,0.00%,506405,49573890905,599924.83,0
2017-08-09,18.8194,18.8383,18.8383,18.8194,36484000,0.10%,33511547,49643380047,687296.54,69489142
2017-08-10,18.8383,18.8571,18.8571,18.8383,38626000,0.10%,64613172,49713107672,728374.34,69727625
2017-08-11,18.8571,18.876,18.876,18.8571,80738000,0.10%,53860079,49783092579,1524010.49,69984906
2017-08-14,18.876,18.876,18.876,18.876,42924000,0.00%,10936079,49783092579,810233.42,0
2017-08-15,18.876,18.8948,18.8948,18.876,33501999,0.10%,48231808,49853890308,633013.59,70797729
2017-08-16,18.8948,18.8948,18.8948,18.8948,33025999,0.00%,15205808,49853890308,624019.66,0
2017-08-17,18.8948,18.9137,18.9137,18.8948,62061999,0.10%,23867574,49924614074,1173822.05,70723765
2017-08-18,18.9137,18.9326,18.9326,18.9137,33908000,0.10%,60647146,49995301646,641966.6,70687572
2017-08-21,18.9326,18.9326,18.9326,18.9326,21854000,0.00%,38793146,49995301646,413753.04,0
2017-08-22,18.9326,18.9326,18.9326,18.9326,20594000,0.00%,18199146,49995301646,389897.96,0
2017-08-24,18.9326,18.9516,18.9516,18.9326,32801999,0.10%,56071982,50065976482,621650.38,70674836
2017-08-25,18.9516,18.9516,18.9516,18.9516,27902000,0.00%,28169982,50065976482,528787.54,0
2017-08-28,18.9516,18.9705,18.9705,18.9516,31275999,0.10%,67780106,50136862606,593321.36,70886123
2017-08-29,18.9705,18.9705,18.9705,18.9705,31093999,0.00%,36686106,50136862606,589868.73,0
2017-08-30,18.9705,18.9705,18.9705,18.9705,24682000,0.00%,12004106,50136862606,468229.88,0
2017-08-31,18.9705,18.9895,18.9895,18.9705,24248000,0.10%,58804148,50207910648,460457.4,71048042
2017-09-01,18.9895,18.9895,18.9895,18.9895,32829999,0.00%,25974148,50207910648,623425.28,0
2017-09-04,18.9895,18.9895,18.9895,18.9895,21728000,0.00%,4246148,50207910648,412603.86,0
2017-09-05,18.9895,19.0085,19.0085,18.9895,19376000,0.10%,56102084,50279142584,368308.7,71231935
2017-09-06,19.0085,19.0085,19.0085,19.0085,24164000,0.00%,31938084,50279142584,459321.39,0
2017-09-07,19.0085,19.0085,19.0085,19.0085,22707999,0.00%,9230084,50279142584,431645.02,0
2017-09-08,19.0085,19.0275,19.0275,19.0085,15175999,0.10%,65514330,50350602830,288761.34,71460246
2017-09-11,19.0275,19.0275,19.0275,19.0275,33389999,0.00%,32124330,50350602830,635328.22,0
2017-09-12,19.0275,19.0275,19.0275,19.0275,21378000,0.00%,10746330,50350602830,406769.9,0
2017-09-13,19.0275,19.0465,19.0465,19.0275,20720000,0.10%,61452186,50422028686,394643.48,71425855
2017-09-14,19.0465,19.0465,19.0465,19.0465,26684000,0.00%,34768186,50422028686,508236.81,0
2017-09-15,19.0465,19.0465,19.0465,19.0465,34398000,0.00%,370186,50422028686,655161.51,0
2017-09-18,19.0465,19.0656,19.0656,19.0465,25746000,0.10%,46317018,50493721518,490862.94,71692831
2017-09-19,19.0656,19.0656,19.0656,19.0656,30729999,0.00%,15587018,50493721518,585885.89,0
2017-09-20,19.0656,19.0846,19.0846,19.0656,19138000,0.10%,68322736,50565595236,365241.07,71873718
2017-09-21,19.0846,19.0846,19.0846,19.0846,20846000,0.00%,47476736,50565595236,397837.57,0
2017-09-22,19.0846,19.0846,19.0846,19.0846,20090000,0.00%,27386736,50565595236,383409.61,0
2017-09-25,19.0846,19.1037,19.1037,19.0846,31261999,0.10%,68261461,50637731961,597219.87,72136725
2017-09-26,19.1037,19.1037,19.1037,19.1037,48608000,0.00%,19653461,50637731961,928592.65,0
2017-09-27,19.1037,19.1037,19.1037,19.1037,18928000,0.00%,725461,50637731961,361594.83,0
2017-09-28,19.1037,19.1228,19.1228,19.1037,24206000,0.10%,49169512,50710382012,462886.5,72650050
2017-09-29,19.1228,19.1228,19.1228,19.1228,18004000,0.00%,31165512,50710382012,344286.89,0
2017-10-03,19.1228,19.1228,19.1228,19.1228,25928000,0.00%,5237512,50710382012,495815.96,0
2017-10-04,19.1228,19.1419,19.1419,19.1228,16393999,0.10%,61710776,50783249276,313812.31,72867264
2017-10-06,19.1419,19.1419,19.1419,19.1419,18704000,0.00%,43006776,50783249276,358030.1,0
2017-10-09,19.1419,19.1419,19.1419,19.1419,18844000,0.00%,24162776,50783249276,360709.96,0
2017-10-10,19.1419,19.1419,19.1419,19.1419,15147999,0.00%,9014776,50783249276,289961.5,0
2017-10-11,19.1419,19.1611,19.1611,19.1419,24696000,0.10%,57285041,50856215541,473202.53,72966264
2017-10-12,19.1611,19.1611,19.1611,19.1611,20818000,0.00%,36467041,50856215541,398895.78,0
2017-10-13,19.1611,19.1611,19.1611,19.1611,29302000,0.00%,7165041,50856215541,561458.55,0
2017-10-16,19.1611,19.1803,19.1803,19.1611,24626000,0.10%,55897557,50929574057,472334.07,73358515
2017-10-17,19.1803,19.1803,19.1803,19.1803,18046000,0.00%,37851557,50929574057,346127.69,0
2017-10-18,19.1803,19.1803,19.1803,19.1803,16757999,0.00%,21093557,50929574057,321423.47,0
2017-10-19,19.1803,19.1994,19.1994,19.1803,30267999,0.10%,64338296,51003086796,581127.44,73512739
2017-10-20,19.1994,19.1994,19.1994,19.1994,20048000,0.00%,44290296,51003086796,384909.57,0
2017-10-23,19.1994,19.1994,19.1994,19.1994,13678000,0.00%,30612296,51003086796,262609.39,0
2017-10-24,19.1994,19.1994,19.1994,19.1994,21588000,0.00%,9024296,51003086796,414476.65,0
2017-10-25,19.1994,19.2186,19.2186,19.1994,18186000,0.10%,64505870,51076754370,349509.46,73667574
2017-10-26,19.2186,19.2186,19.2186,19.2186,22162000,0.00%,42343870,51076754370,425922.61,0
2017-10-27,19.2186,19.2186,19.2186,19.2186,22624000,0.00%,19719870,51076754370,434801.61,0
2017-10-30,19.2186,19.2378,19.2378,19.2186,23156000,0.10%,70535399,51150725899,445470.5,73971528
2017-10-31,19.2378,19.2378,19.2378,19.2378,17794000,0.00%,52741399,51150725899,342317.41,0
2017-11-01,19.2378,19.2378,19.2378,19.2378,30841999,0.00%,21899399,51150725899,593332.23,0
2017-11-02,19.2378,19.2571,19.2571,19.2378,25102000,0.10%,70976758,51224905258,483391.72,74179358
2017-11-03,19.2571,19.2571,19.2571,19.2571,23281999,0.00%,47694758,51224905258,448343.8,0
2017-11-06,19.2571,19.2571,19.2571,19.2571,35056000,0.00%,12638758,51224905258,675076.9,0
2017-11-07,19.2571,19.2763,19.2763,19.2571,35826000,0.10%,50813347,51298905847,690592.72,74000589
2017-11-08,19.2763,19.2956,19.2956,19.2763,61571999,0.10%,63453941,51373118441,1188068.68,74212593
2017-11-09,19.2956,19.2956,19.2956,19.2956,33473999,0.00%,29979941,51373118441,645900.91,0
2017-11-10,19.2956,19.2956,19.2956,19.2956,24010000,0.00%,5969941,51373118441,463287.36,0
2017-11-13,19.2956,19.3149,19.3149,19.2956,24738000,0.10%,56235944,51448122444,477812.0,75004002
2017-11-14,19.3149,19.3149,19.3149,19.3149,28686000,0.00%,27549944,51448122444,554067.22,0
2017-11-15,19.3149,19.3342,19.3342,19.3149,32815999,0.10%,70041252,51523429752,634471.11,75307308
2017-11-16,19.3342,19.3342,19.3342,19.3342,45612000,0.00%,24429252,51523429752,881871.53,0
2017-11-17,19.3342,19.3536,19.3536,19.3342,48356000,0.10%,51904415,51599260915,935862.68,75831163
2017-11-20,19.3536,19.3536,19.3536,19.3536,49322000,0.00%,2582415,51599260915,954558.26,0
2017-11-21,19.3536,19.3729,19.3729,19.3536,70658000,0.10%,8381444,51675717944,1368850.37,76457028
2017-11-22,19.3729,19.3923,19.3923,19.3729,55440000,0.10%,29897444,51752673944,1075109.11,76956000
2017-11-23,19.3923,19.4117,19.4117,19.3923,44813999,0.10%,62350875,51829941375,869915.92,77267430
2017-11-24,19.4117,19.4117,19.4117,19.4117,46298000,0.00%,16052875,51829941375,898722.89,0
2017-11-27,19.4117,19.4311,19.4311,19.4117,36050000,0.10%,57726124,51907664624,700491.16,77723249
2017-11-28,19.4311,19.4311,19.4311,19.4311,55174000,0.00%,2552124,51907664624,1072091.51,0
2017-11-29,19.4311,19.4505,19.4505,19.4311,37898000,0.10%,42841813,51985852313,737135.05,78187688
2017-11-30,19.4505,19.47,19.47,19.4505,78358000,0.10%,42783893,52064152393,1525630.26,78300079
2017-12-01,19.47,19.4894,19.4894,19.47,110642000,0.10%,11026439,52143036939,2156346.19,78884546
2017-12-04,19.4894,19.5089,19.5089,19.4894,64581999,0.10%,26323563,52222916063,1259923.78,79879124
2017-12-05,19.5089,19.5284,19.5284,19.5089,62145999,0.10%,44448476,52303186976,1213611.95,80270913
2017-12-06,19.5284,19.548,19.548,19.5284,81620000,0.10%,43459540,52383818040,1595507.76,80631063
2017-12-07,19.548,19.5675,19.5675,19.548,54922000,0.10%,69800115,52465080615,1074686.24,81262575
2017-12-08,19.5675,19.5675,19.5675,19.5675,58044000,0.00%,11756115,52465080615,1135775.97,0
2017-12-11,19.5675,19.5871,19.5871,19.5675,44828000,0.10%,48927134,52547079634,878050.52,81999018
2017-12-12,19.5871,19.5871,19.5871,19.5871,45556000,0.00%,3371134,52547079634,892309.93,0
2017-12-13,19.5871,19.6067,19.6067,19.5871,31681999,0.10%,54015675,52629406175,621179.47,82326541
2017-12-14,19.6067,19.6067,19.6067,19.6067,23352000,0.00%,30663675,52629406175,457855.66,0
2017-12-15,19.6067,19.6263,19.6263,19.6067,32479999,0.10%,80726146,52711948646,637462.22,82542470
2017-12-18,19.6263,19.6263,19.6263,19.6263,28364000,0.00%,52362146,52711948646,556680.37,0
2017-12-19,19.6263,19.6263,19.6263,19.6263,29553999,0.00%,22808146,52711948646,580035.67,0
2017-12-20,19.6263,19.6263,19.6263,19.6263,18746000,0.00%,4062146,52711948646,367914.62,0
2017-12-21,19.6263,19.6459,19.6459,19.6263,25802000,0.10%,61316142,52795004642,506903.51,83055996
2017-12-22,19.6459,19.6459,19.6459,19.6459,22609999,0.00%,38706142,52795004642,444193.8,0
2017-12-27,19.6459,19.6459,19.6459,19.6459,23352000,0.00%,15354142,52795004642,458771.06,0
2017-12-28,19.6459,19.6656,19.6656,19.6459,16323999,0.10%,82426970,52878401470,321021.25,83396828
2017-12-29,19.6656,19.6656,19.6656,19.6656,23240000,0.00%,59186970,52878401470,457028.54,0
2018-01-02,19.6656,19.6656,19.6656,19.6656,34916000,0.00%,24270970,52878401470,686644.09,0
2018-01-03,19.6656,19.6852,19.6852,19.6656,33031000,0.10%,74760136,52961921636,650221.84,83520165
2018-01-04,19.6852,19.6852,19.6852,19.6852,40455000,0.00%,34305136,52961921636,796364.77,0
2018-01-05,19.6852,19.6852,19.6852,19.6852,28942000,0.00%,5363136,52961921636,569729.06,0
2018-01-08,19.6852,19.7049,19.7049,19.6852,26085500,0.10%,63329342,53045973342,514012.17,84051705
2018-01-09,19.7049,19.7049,19.7049,19.7049,35496000,0.00%,27833342,53045973342,699445.13,0
2018-01-10,19.7049,19.7049,19.7049,19.7049,26114500,0.00%,1718842,53045973342,514583.61,0
2018-01-11,19.7049,19.7246,19.7246,19.7049,40078000,0.10%,46126171,53130458671,790522.52,84485328
2018-01-12,19.7246,19.7246,19.7246,19.7246,27840000,0.00%,18286171,53130458671,549132.86,0
2018-01-15,19.7246,19.7443,19.7443,19.7246,33915500,0.10%,69256933,53215344933,669637.81,84886262
2018-01-16,19.7443,19.7443,19.7443,19.7443,29855500,0.00%,39401433,53215344933,589475.95,0
2018-01-17,19.7443,19.7443,19.7443,19.7443,36076000,0.00%,3325433,53215344933,712295.37,0
2018-01-18,19.7443,19.7641,19.7641,19.7443,31610000,0.10%,57040186,53300669686,624743.2,85324752
2018-01-19,19.7641,19.7641,19.7641,19.7641,21387500,0.00%,35652686,53300669686,422704.69,0
2018-01-22,19.7641,19.7641,19.7641,19.7641,28072000,0.00%,7580686,53300669686,554817.82,0
2018-01-23,19.7641,19.7838,19.7838,19.7641,34611500,0.10%,58468686,53386169186,684746.99,85499499
2018-01-24,19.7838,19.7838,19.7838,19.7838,36148500,0.00%,22320186,53386169186,715154.69,0
2018-01-25,19.7838,19.8036,19.8036,19.7838,40208500,0.10%,67840778,53471898278,796273.05,85729092
2018-01-26,19.8036,19.8036,19.8036,19.8036,31914500,0.00%,35926278,53471898278,632021.99,0
2018-01-29,19.8036,19.8036,19.8036,19.8036,32625000,0.00%,3301278,53471898278,646092.45,0
2018-01-30,19.8036,19.8234,19.8234,19.8036,32277000,0.10%,56941935,53557815935,639839.88,85917657
2018-01-31,19.8234,19.8234,19.8234,19.8234,40034500,0.00%,16907435,53557815935,793619.91,0
2018-02-01,19.8234,19.8433,19.8433,19.8234,24824000,0.10%,77487159,53643219659,492590.08,85403724
2018-02-02,19.8433,19.8433,19.8433,19.8433,35278500,0.00%,42208659,53643219659,700041.86,0
2018-02-05,19.8433,19.8631,19.8631,19.8433,58565500,0.10%,68876005,53728452505,1163292.38,85232845
2018-02-06,19.8631,19.883,19.883,19.8631,125932500,0.10%,28362314,53813871314,2503915.9,85418808
2018-02-07,19.883,19.9028,19.9028,19.883,88522500,0.10%,26252614,53900284114,1761845.61,86412799
2018-02-08,19.9028,19.9227,19.9227,19.9028,51388000,0.10%,61903948,53987323448,1023787.71,87039333
2018-02-09,19.9227,19.9427,19.9427,19.9227,100282000,0.10%,48930064,54074631564,1999893.84,87308116
2018-02-12,19.9427,19.9626,19.9626,19.9427,49082500,0.10%,87888414,54162672414,979814.31,88040849
2018-02-13,19.9626,19.9626,19.9626,19.9626,34379500,0.00%,53508914,54162672414,686304.21,0
2018-02-14,19.9626,19.9626,19.9626,19.9626,32320500,0.00%,21188414,54162672414,645201.21,0
2018-02-15,19.9626,19.9826,19.9826,19.9626,23707500,0.10%,86112506,54251304006,473737.49,88631592
2018-02-20,19.9826,19.9826,19.9826,19.9826,29696000,0.00%,56416506,54251304006,593403.29,0
2018-02-21,19.9826,19.9826,19.9826,19.9826,29580000,0.00%,26836506,54251304006,591085.31,0
2018-02-22,19.9826,20.0026,20.0026,19.9826,32465500,0.10%,83093919,54340026919,649394.41,88722912
2018-02-23,20.0026,20.0026,20.0026,20.0026,21735500,0.00%,61358419,54340026919,434766.51,0
2018-02-26,20.0026,20.0026,20.0026,20.0026,30812500,0.00%,30545919,54340026919,616330.11,0
2018-02-27,20.0026,20.0226,20.0226,20.0026,31914500,0.10%,87415362,54428810862,639011.27,88783943
2018-02-28,20.0226,20.0226,20.0226,20.0226,47212000,0.00%,40203362,54428810862,945306.99,0
2018-03-01,20.0226,20.0226,20.0226,20.0226,39309500,0.00%,893862,54428810862,787078.39,0
2018-03-02,20.0226,20.0426,20.0426,20.0226,37540500,0.10%,52643199,54518100699,752409.23,89289836
2018-03-05,20.0426,20.0426,20.0426,20.0426,34858000,0.00%,17785199,54518100699,698644.95,0
2018-03-06,20.0426,20.0626,20.0626,20.0426,35974500,0.10%,71259300,54607549300,721742.0,89448601
2018-03-07,20.0626,20.0626,20.0626,20.0626,27927000,0.00%,43332300,54607549300,560288.23,0
2018-03-08,20.0626,20.0626,20.0626,20.0626,25389500,0.00%,17942800,54607549300,509379.38,0
2018-03-09,20.0626,20.0827,20.0827,20.0626,18893500,0.10%,88517001,54697017001,379432.49,89467701
2018-03-12,20.0827,20.0827,20.0827,20.0827,36989500,0.00%,51527501,54697017001,742849.03,0
2018-03-13,20.0827,20.0827,20.0827,20.0827,26825000,0.00%,24702501,54697017001,538718.43,0
2018-03-14,20.0827,20.1028,20.1028,20.0827,32784500,0.10%,81689776,54786788776,659060.25,89771774
2018-03-15,20.1028,20.1028,20.1028,20.1028,35815000,0.00%,45874776,54786788776,719981.78,0
2018-03-16,20.1028,20.1028,20.1028,20.1028,34655000,0.00%,11219776,54786788776,696662.53,0
2018-03-19,20.1028,20.1229,20.1229,20.1028,23620500,0.10%,77706446,54876895946,475312.96,90107170
2018-03-20,20.1229,20.1229,20.1229,20.1229,31827500,0.00%,45878946,54876895946,640461.6,0
2018-03-21,20.1229,20.1229,20.1229,20.1229,40948000,0.00%,4930946,54876895946,823992.51,0
2018-03-22,20.1229,20.1631,20.1631,20.1229,104182500,0.20%,81465302,55057612802,2100642.17,180716856
2018-03-23,20.1631,20.2642,20.2642,20.1631,447238000,0.50%,88522314,55511907814,9062920.28,454295011
2018-03-26,20.2642,20.2642,20.2642,20.2642,68585000,0.00%,19937314,55511907814,1389820.16,0
2018-03-27,20.2642,20.2844,20.2844,20.2642,61828000,0.10%,53343077,55607141577,1254143.88,95233762
2018-03-28,20.2844,20.3047,20.3047,20.2844,70992000,0.10%,77873064,55702663564,1441471.26,95521987
2018-03-29,20.3047,20.3047,20.3047,20.3047,59624000,0.00%,18249064,55702663564,1210647.43,0
2018-04-03,20.3047,20.325,20.325,20.3047,47690500,0.10%,66780626,55798885626,969309.41,96222061
2018-04-04,20.325,20.325,20.325,20.325,51997000,0.00%,14783626,55798885626,1056839.02,0
2018-04-06,20.325,20.3453,20.3453,20.325,38555500,0.10%,72951205,55895608705,784423.21,96723078
2018-04-09,20.3453,20.3453,20.3453,20.3453,30769000,0.00%,42182205,55895608705,626004.54,0
2018-04-10,20.3453,20.3453,20.3453,20.3453,37091000,0.00%,5091205,55895608705,754627.52,0
2018-04-11,20.3453,20.3657,20.3657,20.3453,34669500,0.10%,67648302,55992835302,706068.64,97226597
2018-04-12,20.3657,20.3657,20.3657,20.3657,29870000,0.00%,37778302,55992835302,608323.46,0
2018-04-13,20.3657,20.3657,20.3657,20.3657,28376500,0.00%,9401802,55992835302,577907.29,0
2018-04-16,20.3657,20.386,20.386,20.3657,36105000,0.10%,70972049,56090510549,736036.53,97675246
2018-04-17,20.386,20.386,20.386,20.386,41194500,0.00%,29777549,56090510549,839791.08,0
2018-04-18,20.386,20.4064,20.4064,20.386,40774000,0.10%,86948216,56188455216,832050.55,97944666
2018-04-19,20.4064,20.4064,20.4064,20.4064,31624500,0.00%,55323716,56188455216,645342.2,0
2018-04-20,20.4064,20.4064,20.4064,20.4064,26259500,0.00%,29064216,56188455216,535861.86,0
2018-04-23,20.4064,20.4064,20.4064,20.4064,28014000,0.00%,1050216,56188455216,571664.89,0
2018-04-24,20.4064,20.4268,20.4268,20.4064,21054000,0.10%,78242177,56286701177,430065.85,98245961
2018-04-25,20.4268,20.4268,20.4268,20.4268,50489000,0.00%,27753177,56286701177,1031328.71,0
2018-04-26,20.4268,20.4473,20.4473,20.4268,50692000,0.10%,75564880,56385204880,1036514.53,98503702
2018-04-27,20.4473,20.4473,20.4473,20.4473,38352500,0.00%,37212380,56385204880,784205.07,0
2018-04-30,20.4473,20.4473,20.4473,20.4473,18676000,0.00%,18536380,56385204880,381873.77,0
2018-05-02,20.4473,20.4677,20.4677,20.4473,27840000,0.10%,89589830,56484098330,569820.77,98893450
2018-05-03,20.4677,20.4677,20.4677,20.4677,34669500,0.00%,54920330,56484098330,709604.93,0
2018-05-04,20.4677,20.4677,20.4677,20.4677,28028500,0.00%,26891830,56484098330,573678.93,0
2018-05-07,20.4677,20.4882,20.4882,20.4677,49691500,0.10%,76356036,56583254036,1018089.39,99155705
2018-05-08,20.4882,20.4882,20.4882,20.4882,48415500,0.00%,27940536,56583254036,991946.45,0
2018-05-09,20.4882,20.5087,20.5087,20.4882,30363000,0.10%,96885089,56682561589,622705.66,99307552
2018-05-10,20.5087,20.5087,20.5087,20.5087,45124000,0.00%,51761089,56682561589,925434.58,0
2018-05-11,20.5087,20.5087,20.5087,20.5087,35815000,0.00%,15946089,56682561589,734519.09,0
2018-05-14,20.5087,20.5292,20.5292,20.5087,30203500,0.10%,85379051,56782198051,620053.69,99636462
2018-05-15,20.5292,20.5292,20.5292,20.5292,48053000,0.00%,37326051,56782198051,986489.65,0
2018-05-16,20.5292,20.5497,20.5497,20.5292,42934500,0.10%,94243257,56882049757,882291.09,99851705
2018-05-17,20.5497,20.5703,20.5703,20.5497,100195000,0.10%,93918065,56981919565,2061041.21,99869808
2018-05-18,20.5703,20.5703,20.5703,20.5703,31044500,0.00%,62873565,56981919565,638594.68,0
2018-05-21,20.5703,20.5703,20.5703,20.5703,31088000,0.00%,31785565,56981919565,639489.49,0
2018-05-23,20.5703,20.5908,20.5908,20.5703,35626500,0.10%,96844427,57082604927,733578.14,100685361
2018-05-24,20.5908,20.5908,20.5908,20.5908,24882000,0.00%,71962427,57082604927,512340.29,0
2018-05-25,20.5908,20.5908,20.5908,20.5908,24287500,0.00%,47674927,57082604927,500099.06,0
2018-05-28,20.5908,20.5908,20.5908,20.5908,19415500,0.00%,28259427,57082604927,399780.68,0
2018-05-29,20.5908,20.5908,20.5908,20.5908,17588500,0.00%,10670927,57082604927,362161.29,0
2018-05-30,20.5908,20.6114,20.6114,20.5908,33712500,0.10%,77842301,57183488801,694861.82,100883873
2018-05-31,20.6114,20.6114,20.6114,20.6114,53316500,0.00%,24525801,57183488801,1098927.71,0
2018-06-01,20.6114,20.632,20.632,20.6114,33567500,0.10%,92136021,57284666521,692564.66,101177720
2018-06-04,20.632,20.632,20.632,20.632,45356000,0.00%,46780021,57284666521,935784.99,0
2018-06-05,20.632,20.632,20.632,20.632,37526000,0.00%,9254021,57284666521,774236.43,0
2018-06-06,20.632,20.6527,20.6527,20.632,33669000,0.10%,77154244,57386235744,695355.76,101569222
2018-06-07,20.6527,20.6527,20.6527,20.6527,35800500,0.00%,41353744,57386235744,739376.99,0
2018-06-08,20.6527,20.6733,20.6733,20.6527,41948500,0.10%,100854460,57487684960,867213.93,101449215
2018-06-11,20.6733,20.6733,20.6733,20.6733,22446000,0.00%,78408460,57487684960,464032.89,0
2018-06-12,20.6733,20.6733,20.6733,20.6733,17922000,0.00%,60486460,57487684960,370506.88,0
2018-06-13,20.6733,20.6733,20.6733,20.6733,17704500,0.00%,42781960,57487684960,366010.44,0
2018-06-14,20.6733,20.6733,20.6733,20.6733,25650500,0.00%,17131460,57487684960,530280.48,0
2018-06-15,20.6733,20.694,20.694,20.6733,33611000,0.10%,84383780,57588548280,695546.03,100863319
2018-06-19,20.694,20.694,20.694,20.694,50097500,0.00%,34286280,57588548280,1036717.67,0
2018-06-20,20.694,20.694,20.694,20.694,33292000,0.00%,994280,57588548280,688944.65,0
2018-06-21,20.694,20.7147,20.7147,20.694,29232000,0.10%,72967899,57689753899,605532.11,101205619
2018-06-22,20.7147,20.7147,20.7147,20.7147,29246500,0.00%,43721399,57689753899,605832.47,0
2018-06-25,20.7147,20.7147,20.7147,20.7147,31450500,0.00%,12270899,57689753899,651487.67,0
2018-06-26,20.7147,20.7354,20.7354,20.7147,43253500,0.10%,70350521,57791087021,896878.62,101333122
2018-06-27,20.7354,20.7354,20.7354,20.7354,40716000,0.00%,29634521,57791087021,844262.55,0
2018-06-28,20.7354,20.7561,20.7561,20.7354,39889500,0.10%,91314416,57892656416,827950.45,101569394
2018-06-29,20.7561,20.7561,20.7561,20.7561,41049500,0.00%,50264916,57892656416,852027.53,0
2018-07-03,20.7561,20.7561,20.7561,20.7561,37178000,0.00%,13086916,57892656416,771670.29,0
2018-07-04,20.7561,20.7769,20.7769,20.7561,21851500,0.10%,93388108,57994809108,454006.43,102152692
2018-07-05,20.7769,20.7769,20.7769,20.7769,20271000,0.00%,73117108,57994809108,421168.54,0
2018-07-06,20.7769,20.7769,20.7769,20.7769,26100000,0.00%,47017108,57994809108,542277.09,0
2018-07-09,20.7769,20.7769,20.7769,20.7769,26636500,0.00%,20380608,57994809108,553423.9,0
2018-07-10,20.7769,20.7977,20.7977,20.7769,38845500,0.10%,83600640,58096874640,807897.06,102065531
2018-07-11,20.7977,20.7977,20.7977,20.7977,35554000,0.00%,48046640,58096874640,739441.43,0
2018-07-12,20.7977,20.7977,20.7977,20.7977,22475000,0.00%,25571640,58096874640,467428.31,0
2018-07-13,20.7977,20.7977,20.7977,20.7977,17748000,0.00%,7823640,58096874640,369117.58,0
2018-07-16,20.7977,20.8185,20.8185,20.7977,16008000,0.10%,93945021,58199004021,333262.55,102129380
2018-07-17,20.8185,20.8185,20.8185,20.8185,22533000,0.00%,71412021,58199004021,469103.26,0
2018-07-18,20.8185,20.8185,20.8185,20.8185,19140000,0.00%,52272021,58199004021,398466.09,0
2018-07-19,20.8185,20.8185,20.8185,20.8185,15210500,0.00%,37061521,58199004021,316659.79,0
2018-07-20,20.8185,20.8185,20.8185,20.8185,24766000,0.00%,12295521,58199004021,515590.97,0
2018-07-23,20.8185,20.8393,20.8393,20.8185,28913000,0.10%,85135889,58300757389,602526.68,101753367
2018-07-24,20.8393,20.8393,20.8393,20.8393,30247000,0.00%,54888889,58300757389,630326.31,0
2018-07-25,20.8393,20.8393,20.8393,20.8393,27115000,0.00%,27773889,58300757389,565057.62,0
2018-07-26,20.8393,20.8601,20.8601,20.8393,32320500,0.10%,97215421,58402519421,674208.86,101762032
2018-07-27,20.8601,20.8601,20.8601,20.8601,20967000,0.00%,76248421,58402519421,437373.72,0
2018-07-30,20.8601,20.8601,20.8601,20.8601,36844500,0.00%,39403921,58402519421,768579.95,0
2018-07-31,20.8601,20.881,20.881,20.8601,53621000,0.10%,87329662,58504066162,1119660.1,101546740
2018-08-01,20.881,20.881,20.881,20.881,37279500,0.00%,50050162,58504066162,778433.24,0
2018-08-02,20.881,20.9019,20.9019,20.881,59131000,0.10%,92640187,58605787187,1235950.25,101721025
2018-08-03,20.9019,20.9019,20.9019,20.9019,43891500,0.00%,48748687,58605787187,917415.74,0
2018-08-06,20.9019,20.9019,20.9019,20.9019,31102500,0.00%,17646187,58605787187,650101.34,0
2018-08-07,20.9019,20.9228,20.9228,20.9019,26288500,0.10%,92991200,58707420700,550029.03,101633512
2018-08-08,20.9228,20.9228,20.9228,20.9228,36902500,0.00%,56088700,58707420700,772103.63,0
2018-08-09,20.9228,20.9228,20.9228,20.9228,38613500,0.00%,17475200,58707420700,807902.54,0
2018-08-10,20.9228,20.9437,20.9437,20.9228,28318500,0.10%,90582891,58808846891,593094.17,101426191
2018-08-13,20.9437,20.9437,20.9437,20.9437,24577500,0.00%,66005391,58808846891,514743.79,0
2018-08-14,20.9437,20.9437,20.9437,20.9437,58246500,0.00%,7758891,58808846891,1219897.22,0
2018-08-15,20.9437,20.9646,20.9646,20.9437,54070500,0.10%,55408573,58910567073,1133566.4,101720181
2018-08-16,20.9646,20.9856,20.9856,20.9646,100412500,0.10%,56624026,59012195026,2107216.56,101627953
2018-08-17,20.9856,21.0066,21.0066,20.9856,61915000,0.10%,96766176,59114252176,1300623.64,102057150
2018-08-20,21.0066,21.0066,21.0066,21.0066,50706500,0.00%,46059676,59114252176,1065171.16,0
2018-08-21,21.0066,21.0066,21.0066,21.0066,33045500,0.00%,13014176,59114252176,694173.6,0
2018-08-22,21.0066,21.0276,21.0276,21.0066,41963000,0.10%,73843267,59217044267,882381.18,102792091
2018-08-23,21.0276,21.0276,21.0276,21.0276,29087000,0.00%,44756267,59217044267,611629.8,0
2018-08-24,21.0276,21.0276,21.0276,21.0276,25447500,0.00%,19308767,59217044267,535099.85,0
2018-08-27,21.0276,21.0486,21.0486,21.0276,20242000,0.10%,101451674,59319429174,426065.76,102384906
2018-08-28,21.0486,21.0486,21.0486,21.0486,29826500,0.00%,71625174,59319429174,627806.07,0
2018-08-29,21.0486,21.0486,21.0486,21.0486,22808500,0.00%,48816674,59319429174,480086.99,0
2018-08-30,21.0486,21.0486,21.0486,21.0486,17588500,0.00%,31228174,59319429174,370213.3,0
2018-08-31,21.0486,21.0697,21.0697,21.0486,74733000,0.10%,58365939,59421299939,1574601.89,101870765
2018-09-03,21.0697,21.0697,21.0697,21.0697,40121500,0.00%,18244439,59421299939,845347.97,0
2018-09-04,21.0697,21.0907,21.0907,21.0697,26143500,0.10%,94473963,59523672963,551384.72,102373024
2018-09-05,21.0907,21.0907,21.0907,21.0907,45646000,0.00%,48827963,59523672963,962706.09,0
2018-09-06,21.0907,21.1118,21.1118,21.0907,64220500,0.10%,87121559,59626187059,1355810.35,102514095
2018-09-07,21.1118,21.1118,21.1118,21.1118,57913000,0.00%,29208559,59626187059,1222647.67,0
2018-09-10,21.1118,21.1329,21.1329,21.1118,36032500,0.10%,96373651,59729384651,761471.22,103197592
2018-09-11,21.1329,21.1329,21.1329,21.1329,43456500,0.00%,52917151,59729384651,918361.87,0
2018-09-12,21.1329,21.1329,21.1329,21.1329,34060500,0.00%,18856651,59729384651,719797.14,0
2018-09-13,21.1329,21.1541,21.1541,21.1329,44718000,0.10%,77526613,59832772613,945969.04,103387961
2018-09-14,21.1541,21.1541,21.1541,21.1541,38323500,0.00%,39203113,59832772613,810699.15,0
2018-09-17,21.1541,21.1541,21.1541,21.1541,27347000,0.00%,11856113,59832772613,578501.17,0
2018-09-18,21.1541,21.1752,21.1752,21.1541,35496000,0.10%,80051669,59936464169,751634.9,103691555
2018-09-19,21.1752,21.1752,21.1752,21.1752,30116500,0.00%,49935169,59936464169,637722.91,0
2018-09-20,21.1752,21.1752,21.1752,21.1752,28231500,0.00%,21703669,59936464169,597807.66,0
2018-09-21,21.1752,21.1964,21.1964,21.1752,43674000,0.10%,81255399,60039689899,925731.57,103225730
2018-09-24,21.1964,21.1964,21.1964,21.1964,26883000,0.00%,54372399,60039689899,569822.82,0
2018-09-26,21.1964,21.1964,21.1964,21.1964,33524000,0.00%,20848399,60039689899,710588.11,0
2018-09-27,21.1964,21.2176,21.2176,21.1964,28956500,0.10%,95364457,60143162457,614387.43,103472557
2018-09-28,21.2176,21.2176,21.2176,21.2176,23809000,0.00%,71555457,60143162457,505169.84,0
2018-10-02,21.2176,21.2176,21.2176,21.2176,31494000,0.00%,40061457,60143162457,668227.09,0
2018-10-03,21.2176,21.2176,21.2176,21.2176,19053000,0.00%,21008457,60143162457,404258.93,0
2018-10-04,21.2176,21.2388,21.2388,21.2176,32552500,0.10%,92041035,60246747535,691376.04,103585078
2018-10-05,21.2388,21.2388,21.2388,21.2388,31001000,0.00%,61040035,60246747535,658424.04,0
2018-10-08,21.2388,21.2388,21.2388,21.2388,32219000,0.00%,28821035,60246747535,684292.9,0
2018-10-09,21.2388,21.26,21.26,21.2388,37845000,0.10%,94657516,60350429016,804584.7,103681481
2018-10-10,21.26,21.26,21.26,21.26,48284999,0.00%,46372516,60350429016,1026539.1,0
2018-10-11,21.26,21.2813,21.2813,21.26,98063500,0.10%,52336854,60454456854,2086918.76,104027837
2018-10-12,21.2813,21.3026,21.3026,21.2813,78909000,0.10%,78020672,60559049672,1680966.86,104592817
2018-10-15,21.3026,21.3026,21.3026,21.3026,40005500,0.00%,38015172,60559049672,852221.16,0
2018-10-16,21.3026,21.3026,21.3026,21.3026,36409500,0.00%,1605672,60559049672,775617.01,0
2018-10-18,21.3026,21.3239,21.3239,21.3026,31871000,0.10%,75003095,60664318095,679614.02,105268423
2018-10-19,21.3239,21.3239,21.3239,21.3239,36583500,0.00%,38419595,60664318095,780102.9,0
2018-10-22,21.3239,21.3452,21.3452,21.3239,40962500,0.10%,102704244,60769565244,874352.75,105247148
2018-10-23,21.3452,21.3452,21.3452,21.3452,44892000,0.00%,57812244,60769565244,958228.72,0
2018-10-24,21.3452,21.3452,21.3452,21.3452,38251000,0.00%,19561244,60769565244,816475.25,0
2018-10-25,21.3452,21.3666,21.3666,21.3452,45109500,0.10%,80018259,60875131759,963836.64,105566515
2018-10-26,21.3666,21.3666,21.3666,21.3666,38251000,0.00%,41767259,60875131759,817293.82,0
2018-10-29,21.3666,21.3666,21.3666,21.3666,34829000,0.00%,6938259,60875131759,744177.31,0
2018-10-30,21.3666,21.3879,21.3879,21.3666,42746000,0.10%,69888425,60980827925,914247.17,105696166
2018-10-31,21.3879,21.3879,21.3879,21.3879,49822000,0.00%,20066425,60980827925,1065587.95,0
2018-11-01,21.3879,21.4093,21.4093,21.3879,59566000,0.10%,65898257,61086225757,1275266.36,105397831
2018-11-02,21.4093,21.4307,21.4307,21.4093,97019500,0.10%,74317506,61191664506,2079195.8,105438749
2018-11-05,21.4307,21.4307,21.4307,21.4307,39469000,0.00%,34848506,61191664506,845848.3,0
2018-11-06,21.4307,21.4307,21.4307,21.4307,33843000,0.00%,1005506,61191664506,725279.18,0
2018-11-07,21.4307,21.4522,21.4522,21.4307,37308500,0.10%,69517702,61297485202,800349.4,105820696
2018-11-08,21.4522,21.4522,21.4522,21.4522,44442500,0.00%,25075202,61297485202,953389.4,0
2018-11-09,21.4522,21.4736,21.4736,21.4522,41702000,0.10%,89338238,61403450238,895492.07,105965035
2018-11-12,21.4736,21.4736,21.4736,21.4736,39585000,0.00%,49753238,61403450238,850032.46,0
2018-11-13,21.4736,21.4736,21.4736,21.4736,48531500,0.00%,1221738,61403450238,1042146.02,0
2018-11-14,21.4736,21.4951,21.4951,21.4736,30928500,0.10%,76649009,61509806009,664811.2,106355771
2018-11-15,21.4951,21.4951,21.4951,21.4951,66729000,0.00%,9920009,61509806009,1434346.53,0
2018-11-16,21.4951,21.5166,21.5166,21.4951,37584000,0.10%,78930608,61616400608,808679.89,106594598
2018-11-19,21.5166,21.5166,21.5166,21.5166,26158000,0.00%,52772608,61616400608,562831.22,0
2018-11-20,21.5166,21.5166,21.5166,21.5166,24737000,0.00%,28035608,61616400608,532256.13,0
2018-11-21,21.5166,21.5381,21.5381,21.5166,32422000,0.10%,102193651,61722980651,698308.28,106580043
2018-11-22,21.5381,21.5381,21.5381,21.5381,28942000,0.00%,73251651,61722980651,623355.69,0
2018-11-23,21.5381,21.5381,21.5381,21.5381,17429000,0.00%,55822651,61722980651,375387.54,0
2018-11-26,21.5381,21.5381,21.5381,21.5381,21982000,0.00%,33840651,61722980651,473450.51,0
2018-11-27,21.5381,21.5596,21.5596,21.5381,39672000,0.10%,100802334,61829614334,855312.45,106633682
2018-11-28,21.5596,21.5596,21.5596,21.5596,49851000,0.00%,50951334,61829614334,1074767.62,0
2018-11-29,21.5596,21.5812,21.5812,21.5596,55230500,0.10%,102635679,61936529179,1191940.47,106914845
2018-11-30,21.5812,21.5812,21.5812,21.5812,33582000,0.00%,69053679,61936529179,724739.86,0
2018-12-03,21.5812,21.5812,21.5812,21.5812,50953000,0.00%,18100679,61936529179,1099626.88,0
2018-12-04,21.5812,21.6028,21.6028,21.5812,36569000,0.10%,89037295,62044034795,789992.79,107505615
2018-12-05,21.6028,21.6028,21.6028,21.6028,37714500,0.00%,51322795,62044034795,814738.8,0
2018-12-06,21.6028,21.6028,21.6028,21.6028,45617000,0.00%,5705795,62044034795,985454.93,0
2018-12-07,21.6028,21.6244,21.6244,21.6028,44906500,0.10%,68512442,62151747942,971076.12,107713147
2018-12-10,21.6244,21.6244,21.6244,21.6244,25331500,0.00%,43180942,62151747942,547778.49,0
2018-12-11,21.6244,21.6244,21.6244,21.6244,24722500,0.00%,18458442,62151747942,534609.23,0
2018-12-12,21.6244,21.646,21.646,21.6244,23286999,0.10%,103112940,62259689440,504070.4,107941497
2018-12-13,21.646,21.646,21.646,21.646,20488500,0.00%,82624440,62259689440,443494.07,0
2018-12-14,21.646,21.646,21.646,21.646,24708000,0.00%,57916440,62259689440,534829.37,0
2018-12-17,21.646,21.646,21.646,21.646,19995500,0.00%,37920940,62259689440,432822.59,0
2018-12-18,21.646,21.646,21.646,21.646,27216500,0.00%,10704440,62259689440,589128.36,0
2018-12-19,21.646,21.6676,21.6676,21.646,21271500,0.10%,97116329,62367372829,460902.35,107683389
2018-12-20,21.6676,21.6676,21.6676,21.6676,23620500,0.00%,73495829,62367372829,511799.55,0
2018-12-21,21.6676,21.6676,21.6676,21.6676,60363500,0.00%,13132329,62367372829,1307932.17,0
2018-12-24,21.6676,21.6893,21.6893,21.6676,21141000,0.10%,99998617,62475380117,458533.49,108007287
2018-12-27,21.6893,21.6893,21.6893,21.6893,25592500,0.00%,74406117,62475380117,555083.41,0
2018-12-28,21.6893,21.6893,21.6893,21.6893,16733000,0.00%,57673117,62475380117,362927.06,0
2018-12-31,21.6893,21.6893,21.6893,21.6893,14340500,0.00%,43332617,62475380117,311035.41,0
2019-01-02,21.6893,21.6893,21.6893,21.6893,23580000,0.00%,19752617,62475380117,511433.69,0
2019-01-03,21.6893,21.711,21.711,21.6893,24630000,0.10%,103011119,62583268619,534741.93,107888502
2019-01-04,21.711,21.711,21.711,21.711,28995000,0.00%,74016119,62583268619,629510.45,0
2019-01-07,21.711,21.711,21.711,21.711,37335000,0.00%,36681119,62583268619,810580.19,0
2019-01-08,21.711,21.711,21.711,21.711,24390000,0.00%,12291119,62583268619,529531.29,0
2019-01-09,21.711,21.7327,21.7327,21.711,47820000,0.10%,72539441,62691336941,1039257.71,108068321
2019-01-10,21.7327,21.7327,21.7327,21.7327,37365000,0.00%,35174441,62691336941,812042.34,0
2019-01-11,21.7327,21.7327,21.7327,21.7327,30225000,0.00%,4949441,62691336941,656870.86,0
2019-01-14,21.7327,21.7544,21.7544,21.7327,28470000,0.10%,85018640,62799876140,619347.77,108539199
2019-01-15,21.7544,21.7544,21.7544,21.7544,25425000,0.00%,59593640,62799876140,553105.62,0
2019-01-16,21.7544,21.7544,21.7544,21.7544,24585000,0.00%,35008640,62799876140,534831.92,0
2019-01-17,21.7544,21.7544,21.7544,21.7544,34725000,0.00%,283640,62799876140,755421.54,0
2019-01-18,21.7544,21.7762,21.7762,21.7544,23490000,0.10%,85518457,62908600957,511522.94,108724816
2019-01-21,21.7762,21.7762,21.7762,21.7762,28590000,0.00%,56928457,62908600957,622581.56,0
2019-01-22,21.7762,21.7762,21.7762,21.7762,31560000,0.00%,25368457,62908600957,687256.87,0
2019-01-23,21.7762,21.7762,21.7762,21.7762,24615000,0.00%,753457,62908600957,536021.16,0
2019-01-24,21.7762,21.798,21.798,21.7762,25665000,0.10%,83859611,63017372111,559445.67,108771154
2019-01-25,21.798,21.798,21.798,21.798,47295000,0.00%,36564611,63017372111,1030936.41,0
2019-01-28,21.798,21.798,21.798,21.798,33360000,0.00%,3204611,63017372111,727181.28,0
2019-01-29,21.798,21.8198,21.8198,21.798,23700000,0.10%,88006172,63125873672,517129.26,108501560
2019-01-30,21.8198,21.8198,21.8198,21.8198,19635000,0.00%,68371172,63125873672,428431.77,0
2019-01-31,21.8198,21.8198,21.8198,21.8198,36285000,0.00%,32086172,63125873672,791731.44,0
2019-02-01,21.8198,21.8198,21.8198,21.8198,20955000,0.00%,11131172,63125873672,457233.91,0
2019-02-04,21.8198,21.8198,21.8198,21.8198,8790000,0.00%,2341172,63125873672,191796.04,0
2019-02-08,21.8198,21.8416,21.8416,21.8198,22350000,0.10%,88162817,63234045317,488159.76,108171644
2019-02-11,21.8416,21.8416,21.8416,21.8416,26025000,0.00%,62137817,63234045317,568427.64,0
2019-02-12,21.8416,21.8416,21.8416,21.8416,22515000,0.00%,39622817,63234045317,491763.62,0
2019-02-13,21.8416,21.8416,21.8416,21.8416,34320000,0.00%,5302817,63234045317,749603.71,0
2019-02-14,21.8416,21.8634,21.8634,21.8416,28905000,0.10%,83612702,63341260202,631961.58,107214885
2019-02-15,21.8634,21.8634,21.8634,21.8634,27840000,0.00%,55772702,63341260202,608677.06,0
2019-02-18,21.8634,21.8634,21.8634,21.8634,18060000,0.00%,37712702,63341260202,394853.0,0
2019-02-19,21.8634,21.8634,21.8634,21.8634,13965000,0.00%,23747702,63341260202,305322.38,0
2019-02-20,21.8634,21.8853,21.8853,21.8634,25650000,0.10%,104476644,63447639144,561357.95,106378941
2019-02-21,21.8853,21.8853,21.8853,21.8853,17700000,0.00%,86776644,63447639144,387369.81,0
2019-02-22,21.8853,21.8853,21.8853,21.8853,20625000,0.00%,66151644,63447639144,451384.31,0
2019-02-25,21.8853,21.8853,21.8853,21.8853,25770000,0.00%,40381644,63447639144,563984.18,0
2019-02-26,21.8853,21.8853,21.8853,21.8853,20745000,0.00%,19636644,63447639144,454010.55,0
2019-02-27,21.8853,21.9072,21.9072,21.8853,23670000,0.10%,100336261,63552008761,518543.42,104369617
2019-02-28,21.9072,21.9072,21.9072,21.9072,28080000,0.00%,72256261,63552008761,615154.18,0
2019-03-01,21.9072,21.9072,21.9072,21.9072,25515000,0.00%,46741261,63552008761,558962.21,0
2019-03-04,21.9072,21.9072,21.9072,21.9072,42885000,0.00%,3856261,63552008761,939490.27,0
2019-03-05,21.9072,21.9291,21.9291,21.9072,54930000,0.10%,52161877,63655244377,1204565.46,103235616
2019-03-06,21.9291,21.9291,21.9291,21.9291,44805000,0.00%,7356877,63655244377,982533.33,0
2019-03-07,21.9291,21.951,21.951,21.9291,25905000,0.10%,84788363,63758580863,568640.66,103336485
2019-03-08,21.951,21.951,21.951,21.951,38805000,0.00%,45983363,63758580863,851808.56,0
2019-03-11,21.951,21.951,21.951,21.951,27585000,0.00%,18398363,63758580863,605518.33,0
2019-03-12,21.951,21.973,21.973,21.951,24569999,0.10%,97219906,63861972406,539876.61,103391543
2019-03-13,21.973,21.973,21.973,21.973,18180000,0.00%,79039906,63861972406,399469.14,0
2019-03-14,21.973,21.973,21.973,21.973,18075000,0.00%,60964906,63861972406,397161.98,0
2019-03-15,21.973,21.973,21.973,21.973,24105000,0.00%,36859906,63861972406,529659.17,0
2019-03-18,21.973,21.973,21.973,21.973,29220000,0.00%,7639906,63861972406,642051.06,0
2019-03-19,21.973,21.9949,21.9949,21.973,23100000,0.10%,87876403,63965308903,508082.19,103336496
2019-03-20,21.9949,21.9949,21.9949,21.9949,24240000,0.00%,63636403,63965308903,533156.38,0
2019-03-21,21.9949,21.9949,21.9949,21.9949,31770000,0.00%,31866403,63965308903,698777.97,0
2019-03-22,21.9949,22.0169,22.0169,21.9949,38130000,0.10%,97215894,64068788394,839504.4,103479491
2019-03-25,22.0169,22.0169,22.0169,22.0169,31275000,0.00%,65940894,64068788394,688578.55,0
2019-03-26,22.0169,22.0169,22.0169,22.0169,24345000,0.00%,41595894,64068788394,536001.43,0
2019-03-27,22.0169,22.0169,22.0169,22.0169,20385000,0.00%,21210894,64068788394,448814.51,0
2019-03-28,22.0169,22.0169,22.0169,22.0169,16455000,0.00%,4755894,64068788394,362288.09,0
2019-03-29,22.0169,22.039,22.039,22.0169,26400000,0.10%,81612703,64172045203,581829.6,103256808
2019-04-01,22.039,22.039,22.039,22.039,22200000,0.00%,59412703,64172045203,489265.8,0
2019-04-02,22.039,22.039,22.039,22.039,20100000,0.00%,39312703,64172045203,442983.9,0
2019-04-03,22.039,22.061,22.061,22.039,41490000,0.10%,100797336,64275019836,915310.89,102974633
2019-04-04,22.061,22.061,22.061,22.061,20550000,0.00%,80247336,64275019836,453353.55,0
2019-04-08,22.061,22.061,22.061,22.061,24390000,0.00%,55857336,64275019836,538067.79,0
2019-04-09,22.061,22.061,22.061,22.061,21870000,0.00%,33987336,64275019836,482474.07,0
2019-04-10,22.061,22.061,22.061,22.061,23325000,0.00%,10662336,64275019836,514572.83,0
2019-04-11,22.061,22.0831,22.0831,22.061,50400000,0.10%,63067985,64377825485,1112988.24,102805649
2019-04-12,22.0831,22.0831,22.0831,22.0831,19185000,0.00%,43882985,64377825485,423664.27,0
2019-04-15,22.0831,22.0831,22.0831,22.0831,21000000,0.00%,22882985,64377825485,463745.1,0
2019-04-16,22.0831,22.0831,22.0831,22.0831,19530000,0.00%,3352985,64377825485,431282.94,0
2019-04-17,22.0831,22.1051,22.1051,22.0831,19185000,0.10%,86936531,64480594031,424086.34,102768545
2019-04-18,22.1051,22.1051,22.1051,22.1051,19710000,0.00%,67226531,64480594031,435691.52,0
2019-04-23,22.1051,22.1051,22.1051,22.1051,19965000,0.00%,47261531,64480594031,441328.32,0
2019-04-24,22.1051,22.1051,22.1051,22.1051,22830000,0.00%,24431531,64480594031,504659.43,0
2019-04-25,22.1051,22.1051,22.1051,22.1051,23310000,0.00%,1121531,64480594031,515269.88,0
2019-04-26,22.1051,22.1272,22.1272,22.1051,19335000,0.10%,83984357,64582791857,427829.41,102197825
2019-04-29,22.1272,22.1272,22.1272,22.1272,20175000,0.00%,63809357,64582791857,446416.26,0
2019-04-30,22.1272,22.1272,22.1272,22.1272,14490000,0.00%,49319357,64582791857,320623.13,0
2019-05-02,22.1272,22.1272,22.1272,22.1272,13575000,0.00%,35744357,64582791857,300376.74,0
2019-05-03,22.1272,22.1272,22.1272,22.1272,14490000,0.00%,21254357,64582791857,320623.13,0
2019-05-06,22.1272,22.1494,22.1494,22.1272,34095000,0.10%,87233030,64682865530,755183.79,100073673
2019-05-07,22.1494,22.1494,22.1494,22.1494,25935000,0.00%,61298030,64682865530,574444.69,0
2019-05-08,22.1494,22.1494,22.1494,22.1494,51330000,0.00%,9968030,64682865530,1136928.7,0
2019-05-09,22.1494,22.1715,22.1715,22.1494,29700000,0.10%,79654712,64782252212,658493.55,99386681
2019-05-10,22.1715,22.1715,22.1715,22.1715,38880000,0.00%,40774712,64782252212,862027.92,0
2019-05-14,22.1715,22.1715,22.1715,22.1715,39735000,0.00%,1039712,64782252212,880984.55,0
2019-05-15,22.1715,22.1937,22.1937,22.1715,24510000,0.10%,76159256,64881881756,543967.59,99629544
2019-05-16,22.1937,22.1937,22.1937,22.1937,34500000,0.00%,41659256,64881881756,765682.65,0
2019-05-17,22.1937,22.1937,22.1937,22.1937,34410000,0.00%,7249256,64881881756,763685.22,0
2019-05-20,22.1937,22.2159,22.2159,22.1937,40305000,0.10%,66661711,64981599211,895411.85,99717454
2019-05-21,22.2159,22.2159,22.2159,22.2159,34095000,0.00%,32566711,64981599211,757451.11,0
2019-05-22,22.2159,22.2159,22.2159,22.2159,28830000,0.00%,3736711,64981599211,640484.4,0
2019-05-23,22.2159,22.2381,22.2381,22.2159,55470000,0.10%,48229717,65081562217,1233547.41,99963005
2019-05-24,22.2381,22.2381,22.2381,22.2381,32100000,0.00%,16129717,65081562217,713843.01,0
2019-05-27,22.2381,22.2603,22.2603,22.2381,29700000,0.10%,86469791,65181602291,661130.91,100040074
2019-05-28,22.2603,22.2603,22.2603,22.2603,43440000,0.00%,43029791,65181602291,966987.43,0
2019-05-29,22.2603,22.2603,22.2603,22.2603,29955000,0.00%,13074791,65181602291,666807.29,0
2019-05-30,22.2603,22.2826,22.2826,22.2603,19485000,0.10%,93667716,65281680216,434176.46,100077925
2019-05-31,22.2826,22.2826,22.2826,22.2826,28470000,0.00%,65197716,65281680216,634385.62,0
2019-06-03,22.2826,22.2826,22.2826,22.2826,30630000,0.00%,34567716,65281680216,682516.04,0
2019-06-04,22.2826,22.2826,22.2826,22.2826,29505000,0.00%,5062716,65281680216,657448.11,0
2019-06-05,22.2826,22.3049,22.3049,22.2826,27405000,0.10%,77815481,65381837981,611265.78,100157764
2019-06-06,22.3049,22.3049,22.3049,22.3049,18585000,0.00%,59230481,65381837981,414536.57,0
2019-06-10,22.3049,22.3049,22.3049,22.3049,35835000,0.00%,23395481,65381837981,799296.09,0
2019-06-11,22.3049,22.3272,22.3272,22.3049,26805000,0.10%,96695562,65481943062,598480.6,100105081
2019-06-12,22.3272,22.3272,22.3272,22.3272,26310000,0.00%,70385562,65481943062,587428.63,0
2019-06-13,22.3272,22.3272,22.3272,22.3272,30480000,0.00%,39905562,65481943062,680533.06,0
2019-06-14,22.3272,22.3272,22.3272,22.3272,21105000,0.00%,18800562,65481943062,471215.56,0
2019-06-17,22.3272,22.3272,22.3272,22.3272,15885000,0.00%,2915562,65481943062,354667.57,0
2019-06-18,22.3272,22.3495,22.3495,22.3272,17955000,0.10%,84173687,65581156187,401285.27,99213125
2019-06-19,22.3495,22.3495,22.3495,22.3495,35340000,0.00%,48833687,65581156187,789831.33,0
2019-06-20,22.3495,22.3495,22.3495,22.3495,28845000,0.00%,19988687,65581156187,644671.33,0
2019-06-21,22.3495,22.3719,22.3719,22.3495,30165000,0.10%,84782148,65676114648,674848.36,94958460
2019-06-24,22.3719,22.3719,22.3719,22.3719,15975000,0.00%,68807148,65676114648,357391.1,0
2019-06-25,22.3719,22.3719,22.3719,22.3719,17205000,0.00%,51602148,65676114648,384908.54,0
2019-06-26,22.3719,22.3719,22.3719,22.3719,15990000,0.00%,35612148,65676114648,357726.68,0
2019-06-27,22.3719,22.3719,22.3719,22.3719,16935000,0.00%,18677148,65676114648,378868.13,0
2019-06-28,22.3719,22.3942,22.3942,22.3719,19155000,0.10%,93098464,65769690964,428960.9,93576316
2019-07-02,22.3942,22.3942,22.3942,22.3942,33765000,0.00%,59333464,65769690964,756140.16,0
2019-07-03,22.3942,22.3942,22.3942,22.3942,15540000,0.00%,43793464,65769690964,348005.87,0
2019-07-04,22.3942,22.3942,22.3942,22.3942,10215000,0.00%,33578464,65769690964,228756.75,0
2019-07-05,22.3942,22.3942,22.3942,22.3942,7695000,0.00%,25883464,65769690964,172323.37,0
2019-07-08,22.3942,22.3942,22.3942,22.3942,15030000,0.00%,10853464,65769690964,336584.83,0
2019-07-09,22.3942,22.4166,22.4166,22.3942,14490000,0.10%,89248890,65862576390,324816.53,92885425
2019-07-10,22.4166,22.4166,22.4166,22.4166,19305000,0.00%,69943890,65862576390,432752.46,0
2019-07-11,22.4166,22.4166,22.4166,22.4166,13365000,0.00%,56578890,65862576390,299597.86,0
2019-07-12,22.4166,22.4166,22.4166,22.4166,12434999,0.00%,44143890,65862576390,278750.42,0
2019-07-15,22.4166,22.4166,22.4166,22.4166,17715000,0.00%,26428890,65862576390,397110.07,0
2019-07-16,22.4166,22.4166,22.4166,22.4166,15630000,0.00%,10798890,65862576390,350371.46,0
2019-07-17,22.4166,22.439,22.439,22.4166,14475000,0.10%,88511039,65954763539,324804.53,92187149
2019-07-18,22.439,22.439,22.439,22.439,15735000,0.00%,72776039,65954763539,353077.66,0
2019-07-19,22.439,22.439,22.439,22.439,12075000,0.00%,60701039,65954763539,270950.93,0
2019-07-22,22.439,22.439,22.439,22.439,13005000,0.00%,47696039,65954763539,291819.2,0
2019-07-23,22.439,22.439,22.439,22.439,13140000,0.00%,34556039,65954763539,294848.46,0
2019-07-24,22.439,22.439,22.439,22.439,26625000,0.00%,7931039,65954763539,597438.38,0
2019-07-25,22.439,22.4615,22.4615,22.439,20910000,0.10%,78253413,66045995913,469669.97,91232373
2019-07-26,22.4615,22.4615,22.4615,22.4615,17475000,0.00%,60778413,66045995913,392514.71,0
2019-07-29,22.4615,22.4615,22.4615,22.4615,16920000,0.00%,43858413,66045995913,380048.58,0
2019-07-30,22.4615,22.4615,22.4615,22.4615,15810000,0.00%,28048413,66045995913,355116.32,0
2019-07-31,22.4615,22.4615,22.4615,22.4615,15750000,0.00%,12298413,66045995913,353768.62,0
2019-08-01,22.4615,22.4839,22.4839,22.4615,18570000,0.10%,84100886,66136368386,417526.02,90372472
2019-08-02,22.4839,22.4839,22.4839,22.4839,37920000,0.00%,46180886,66136368386,852589.49,0
2019-08-05,22.4839,22.4839,22.4839,22.4839,45840000,0.00%,340886,66136368386,1030661.98,0
2019-08-06,22.4839,22.5064,22.5064,22.4839,46890000,0.10%,43897926,66226815426,1055325.1,90447039
2019-08-07,22.5064,22.5064,22.5064,22.5064,22725000,0.00%,21172926,66226815426,511457.94,0
2019-08-08,22.5064,22.5289,22.5289,22.5064,23190000,0.10%,87925455,66316757955,522445.19,89942529
2019-08-09,22.5289,22.5289,22.5289,22.5289,20610000,0.00%,67315455,66316757955,464320.63,0
2019-08-12,22.5289,22.5289,22.5289,22.5289,18510000,0.00%,48805455,66316757955,417009.94,0
2019-08-13,22.5289,22.5289,22.5289,22.5289,19725000,0.00%,29080455,66316757955,444382.55,0
2019-08-14,22.5289,22.5289,22.5289,22.5289,26220000,0.00%,2860455,66316757955,590707.76,0
2019-08-15,22.5289,22.5515,22.5515,22.5289,45015000,0.10%,47631475,66406543975,1015155.77,89786020
2019-08-16,22.5515,22.5515,22.5515,22.5515,35595000,0.00%,12036475,66406543975,802720.64,0
2019-08-19,22.5515,22.574,22.574,22.5515,32700000,0.10%,69681117,66496888617,738169.8,90344641
2019-08-20,22.574,22.574,22.574,22.574,23280000,0.00%,46401117,66496888617,525522.72,0
2019-08-21,22.574,22.574,22.574,22.574,15645000,0.00%,30756117,66496888617,353170.23,0
2019-08-22,22.574,22.574,22.574,22.574,15780000,0.00%,14976117,66496888617,356217.72,0
2019-08-23,22.574,22.5966,22.5966,22.574,17700000,0.10%,87086358,66586698858,399959.82,89810240
2019-08-26,22.5966,22.5966,22.5966,22.5966,34140000,0.00%,52946358,66586698858,771447.92,0
2019-08-27,22.5966,22.5966,22.5966,22.5966,26880000,0.00%,26066358,66586698858,607396.61,0
2019-08-28,22.5966,22.6192,22.6192,22.5966,33945000,0.10%,81845612,66676423112,767808.74,89724253
2019-08-29,22.6192,22.6192,22.6192,22.6192,37545000,0.00%,44300612,66676423112,849237.86,0
2019-08-30,22.6192,22.6192,22.6192,22.6192,29130000,0.00%,15170612,66676423112,658897.3,0
2019-09-02,22.6192,22.6418,22.6418,22.6192,25440000,0.10%,79808233,66766500733,576007.39,90077621
2019-09-03,22.6418,22.6418,22.6418,22.6418,20940000,0.00%,58868233,66766500733,474119.29,0
2019-09-04,22.6418,22.6418,22.6418,22.6418,33510000,0.00%,25358233,66766500733,758726.72,0
2019-09-05,22.6418,22.6645,22.6645,22.6418,27195000,0.10%,88436565,66856774065,616361.08,90273332
2019-09-06,22.6645,22.6645,22.6645,22.6645,20175000,0.00%,68261565,66856774065,457256.29,0
2019-09-09,22.6645,22.6645,22.6645,22.6645,13215000,0.00%,55046565,66856774065,299511.37,0
2019-09-10,22.6645,22.6645,22.6645,22.6645,16020000,0.00%,39026565,66856774065,363085.29,0
2019-09-11,22.6645,22.6645,22.6645,22.6645,23685000,0.00%,15341565,66856774065,536808.68,0
2019-09-12,22.6645,22.6871,22.6871,22.6645,22950000,0.10%,82190179,66946572679,520668.95,89798613
2019-09-13,22.6871,22.6871,22.6871,22.6871,14910000,0.00%,67280179,66946572679,338264.66,0
2019-09-16,22.6871,22.6871,22.6871,22.6871,35055000,0.00%,32225179,66946572679,795296.29,0
2019-09-17,22.6871,22.6871,22.6871,22.6871,13845000,0.00%,18380179,66946572679,314102.9,0
2019-09-18,22.6871,22.6871,22.6871,22.6871,11010000,0.00%,7370179,66946572679,249784.97,0
2019-09-19,22.6871,22.7098,22.7098,22.6871,14160000,0.10%,82249715,67035612215,321570.77,89039536
2019-09-20,22.7098,22.7098,22.7098,22.7098,28920000,0.00%,53329715,67035612215,656767.42,0
2019-09-23,22.7098,22.7098,22.7098,22.7098,12465000,0.00%,40864715,67035612215,283077.66,0
2019-09-24,22.7098,22.7098,22.7098,22.7098,16080000,0.00%,24784715,67035612215,365173.58,0
2019-09-25,22.7098,22.7325,22.7325,22.7098,26145000,0.10%,87640433,67124612933,594341.21,89000718
2019-09-26,22.7325,22.7325,22.7325,22.7325,18675000,0.00%,68965433,67124612933,424529.44,0
2019-09-27,22.7325,22.7325,22.7325,22.7325,16230000,0.00%,52735433,67124612933,368948.48,0
2019-09-30,22.7325,22.7325,22.7325,22.7325,22035000,0.00%,30700433,67124612933,500910.64,0
2019-10-02,22.7325,22.7325,22.7325,22.7325,25920000,0.00%,4780433,67124612933,589226.4,0
2019-10-03,22.7325,22.7552,22.7552,22.7325,23745000,0.10%,70044387,67213621887,540322.22,89008953
2019-10-04,22.7552,22.7552,22.7552,22.7552,18915000,0.00%,51129387,67213621887,430414.61,0
2019-10-08,22.7552,22.7552,22.7552,22.7552,22920000,0.00%,28209387,67213621887,521549.18,0
2019-10-09,22.7552,22.7552,22.7552,22.7552,26535000,0.00%,1674387,67213621887,603809.23,0
2019-10-10,22.7552,22.778,22.778,22.7552,24734999,0.10%,66236382,67302918882,563413.83,89296994
2019-10-11,22.778,22.778,22.778,22.778,29415000,0.00%,36821382,67302918882,670014.87,0
2019-10-14,22.778,22.778,22.778,22.778,36015000,0.00%,806382,67302918882,820349.67,0
2019-10-15,22.778,22.8008,22.8008,22.778,21300000,0.10%,69028418,67392440918,485657.04,89522035
2019-10-16,22.8008,22.8008,22.8008,22.8008,20925000,0.00%,48103418,67392440918,477106.74,0
2019-10-17,22.8008,22.8008,22.8008,22.8008,15510000,0.00%,32593418,67392440918,353640.41,0
2019-10-18,22.8008,22.8008,22.8008,22.8008,14850000,0.00%,17743418,67392440918,338591.88,0
2019-10-21,22.8008,22.8236,22.8236,22.8008,20925000,0.10%,85859612,67481482112,477583.83,89041194
2019-10-22,22.8236,22.8236,22.8236,22.8236,15675000,0.00%,70184612,67481482112,357759.93,0
2019-10-23,22.8236,22.8236,22.8236,22.8236,29790000,0.00%,40394612,67481482112,679915.04,0
2019-10-24,22.8236,22.8236,22.8236,22.8236,27705000,0.00%,12689612,67481482112,632327.84,0
2019-10-25,22.8236,22.8464,22.8464,22.8236,23685000,0.10%,77529341,67570006841,541116.98,88524728
2019-10-28,22.8464,22.8464,22.8464,22.8464,26415000,0.00%,51114341,67570006841,603487.66,0
2019-10-29,22.8464,22.8464,22.8464,22.8464,29895000,0.00%,21219341,67570006841,682993.13,0
2019-10-30,22.8464,22.8464,22.8464,22.8464,19785000,0.00%,1434341,67570006841,452016.02,0
2019-10-31,22.8464,22.8692,22.8692,22.8464,24165000,0.10%,65719170,67658456670,552634.22,88449829
2019-11-01,22.8692,22.8692,22.8692,22.8692,15600000,0.00%,50119170,67658456670,356759.52,0
2019-11-04,22.8692,22.8692,22.8692,22.8692,22170000,0.00%,27949170,67658456670,507010.16,0
2019-11-05,22.8692,22.8921,22.8921,22.8692,34125000,0.10%,81754181,67746386681,781192.91,87930010
2019-11-06,22.8921,22.8921,22.8921,22.8921,18645000,0.00%,63109181,67746386681,426823.2,0
2019-11-07,22.8921,22.8921,22.8921,22.8921,23295000,0.00%,39814181,67746386681,533271.47,0
2019-11-08,22.8921,22.8921,22.8921,22.8921,24990000,0.00%,14824181,67746386681,572073.58,0
2019-11-11,22.8921,22.915,22.915,22.8921,22635000,0.10%,78982063,67833179563,518681.03,86792881
2019-11-12,22.915,22.915,22.915,22.915,23865000,0.00%,55117063,67833179563,546866.47,0
2019-11-13,22.915,22.915,22.915,22.915,23895000,0.00%,31222063,67833179563,547553.93,0
2019-11-14,22.915,22.9379,22.9379,22.915,38535000,0.10%,79431627,67919924127,883911.98,86744564
2019-11-15,22.9379,22.9379,22.9379,22.9379,20385000,0.00%,59046627,67919924127,467589.09,0
2019-11-18,22.9379,22.9379,22.9379,22.9379,38685000,0.00%,20361627,67919924127,887352.66,0
2019-11-19,22.9379,22.9609,22.9609,22.9379,36960000,0.10%,70596773,68007119273,848634.86,87195146
2019-11-20,22.9609,22.9609,22.9609,22.9609,20610000,0.00%,49986773,68007119273,473224.15,0
2019-11-21,22.9609,22.9609,22.9609,22.9609,20010000,0.00%,29976773,68007119273,459447.61,0
2019-11-22,22.9609,22.9609,22.9609,22.9609,15990000,0.00%,13986773,68007119273,367144.79,0
2019-11-25,22.9609,22.9838,22.9838,22.9609,26895000,0.10%,73890493,68093917993,618149.3,86798719
2019-11-26,22.9838,22.9838,22.9838,22.9838,44160000,0.00%,29730493,68093917993,1014964.61,0
2019-11-27,22.9838,22.9838,22.9838,22.9838,16815000,0.00%,12915493,68093917993,386472.6,0
2019-11-28,22.9838,23.0068,23.0068,22.9838,27285000,0.10%,71889028,68180176528,627740.54,86258535
2019-11-29,23.0068,23.0068,23.0068,23.0068,20715000,0.00%,51174028,68180176528,476585.86,0
2019-12-02,23.0068,23.0068,23.0068,23.0068,15300000,0.00%,35874028,68180176528,352004.04,0
2019-12-03,23.0068,23.0068,23.0068,23.0068,19110000,0.00%,16764028,68180176528,439659.95,0
2019-12-04,23.0068,23.0298,23.0298,23.0068,18390000,0.10%,84127906,68265930406,423518.02,85753877
2019-12-05,23.0298,23.0298,23.0298,23.0298,17550000,0.00%,66577906,68265930406,404172.99,0
2019-12-06,23.0298,23.0298,23.0298,23.0298,23460000,0.00%,43117906,68265930406,540279.11,0
2019-12-09,23.0298,23.0298,23.0298,23.0298,14760000,0.00%,28357906,68265930406,339919.85,0
2019-12-10,23.0298,23.0298,23.0298,23.0298,15705000,0.00%,12652906,68265930406,361683.01,0
2019-12-11,23.0298,23.0528,23.0528,23.0298,18810000,0.10%,79159073,68351246573,433623.17,85316167
2019-12-12,23.0528,23.0528,23.0528,23.0528,49920000,0.00%,29239073,68351246573,1150795.78,0
2019-12-13,23.0528,23.0759,23.0759,23.0528,49185000,0.10%,65560724,68436753224,1134988.14,85506650
2019-12-16,23.0759,23.0759,23.0759,23.0759,28860000,0.00%,36700724,68436753224,665970.47,0
2019-12-17,23.0759,23.099,23.099,23.0759,48840000,0.10%,73731048,68522623548,1128155.16,85870324
2019-12-18,23.099,23.099,23.099,23.099,47340000,0.00%,26391048,68522623548,1093506.66,0
2019-12-19,23.099,23.1221,23.1221,23.099,27660000,0.10%,85220952,68609113452,639557.29,86489904
2019-12-20,23.1221,23.1221,23.1221,23.1221,32490000,0.00%,52730952,68609113452,751237.03,0
2019-12-23,23.1221,23.1221,23.1221,23.1221,17505000,0.00%,35225952,68609113452,404752.36,0
2019-12-24,23.1221,23.1221,23.1221,23.1221,9540000,0.00%,25685952,68609113452,220584.83,0
2019-12-27,23.1221,23.1452,23.1452,23.1221,28770000,0.10%,83359826,68695557326,665887.4,86443873
2019-12-30,23.1452,23.1452,23.1452,23.1452,21495000,0.00%,61864826,68695557326,497506.07,0
2019-12-31,23.1452,23.1452,23.1452,23.1452,15570000,0.00%,46294826,68695557326,360370.76,0
2020-01-02,23.1452,23.1452,23.1452,23.1452,21684500,0.00%,24610326,68695557326,501892.09,0
2020-01-03,23.1452,23.1452,23.1452,23.1452,23730500,0.00%,879826,68695557326,549247.17,0
2020-01-06,23.1452,23.1683,23.1683,23.1452,18786000,0.10%,66932977,68780396477,435239.68,84839151
2020-01-07,23.1683,23.1683,23.1683,23.1683,27419500,0.00%,39513477,68780396477,635263.2,0
2020-01-08,23.1683,23.1683,23.1683,23.1683,24071500,0.00%,15441977,68780396477,557695.73,0
2020-01-09,23.1683,23.1915,23.1915,23.1683,24722500,0.10%,75440882,68865117882,573351.86,84721404
2020-01-10,23.1915,23.1915,23.1915,23.1915,39199500,0.00%,36241382,68865117882,909095.2,0
2020-01-13,23.1915,23.2147,23.2147,23.1915,42733500,0.10%,78228811,68949838811,992045.38,84720928
2020-01-14,23.2147,23.2147,23.2147,23.2147,41586500,0.00%,36642311,68949838811,965418.12,0
2020-01-15,23.2147,23.2147,23.2147,23.2147,24707000,0.00%,11935311,68949838811,573565.59,0
2020-01-16,23.2147,23.2379,23.2379,23.2147,21343500,0.10%,75441250,69034688250,495978.12,84849439
2020-01-17,23.2379,23.2379,23.2379,23.2379,21188500,0.00%,54252750,69034688250,492376.24,0
2020-01-20,23.2379,23.2379,23.2379,23.2379,20584000,0.00%,33668750,69034688250,478328.93,0
2020-01-21,23.2379,23.2612,23.2612,23.2379,37463500,0.10%,80641103,69119124103,871445.97,84435853
2020-01-22,23.2612,23.2612,23.2612,23.2612,28954000,0.00%,51687103,69119124103,673504.78,0
2020-01-23,23.2612,23.2612,23.2612,23.2612,28861000,0.00%,22826103,69119124103,671341.49,0
2020-01-24,23.2612,23.2612,23.2612,23.2612,12477500,0.00%,10348603,69119124103,290241.62,0
2020-01-29,23.2612,23.2844,23.2844,23.2612,49228000,0.10%,44615445,69202618945,1146244.44,83494841
2020-01-30,23.2844,23.2844,23.2844,23.2844,38672500,0.00%,5942945,69202618945,900465.96,0
2020-01-31,23.2844,23.3077,23.3077,23.2844,31465000,0.10%,58274897,69286415897,733376.78,83796951
2020-02-03,23.3077,23.3077,23.3077,23.3077,44454000,0.00%,13820897,69286415897,1036120.5,0
2020-02-04,23.3077,23.331,23.331,23.3077,44066500,0.10%,53729154,69370390654,1028115.51,83974757
2020-02-05,23.331,23.331,23.331,23.331,34720000,0.00%,19009154,69370390654,810052.32,0
2020-02-06,23.331,23.3543,23.3543,23.331,27574500,0.10%,75635772,69454591772,643983.15,84201117
2020-02-07,23.3543,23.3543,23.3543,23.3543,23095000,0.00%,52540772,69454591772,539367.56,0
2020-02-10,23.3543,23.3543,23.3543,23.3543,25513000,0.00%,27027772,69454591772,595838.26,0
2020-02-11,23.3543,23.3777,23.3777,23.3543,35929000,0.10%,74993232,69538486232,839937.38,83894460
2020-02-12,23.3777,23.3777,23.3777,23.3777,27435000,0.00%,47558232,69538486232,641367.2,0
2020-02-13,23.3777,23.3777,23.3777,23.3777,27683000,0.00%,19875232,69538486232,647164.87,0
2020-02-14,23.3777,23.4011,23.4011,23.3777,21529500,0.10%,82534313,69622674813,503813.98,84188580
2020-02-17,23.4011,23.4011,23.4011,23.4011,16554000,0.00%,65980313,69622674813,387381.81,0
2020-02-18,23.4011,23.4011,23.4011,23.4011,20196500,0.00%,45783813,69622674813,472620.32,0
2020-02-19,23.4011,23.4011,23.4011,23.4011,19375000,0.00%,26408813,69622674813,453396.31,0
2020-02-20,23.4011,23.4011,23.4011,23.4011,25698999,0.00%,709813,69622674813,601384.87,0
2020-02-21,23.4011,23.4245,23.4245,23.4011,27047500,0.10%,57300787,69706313287,633574.16,83638474
2020-02-24,23.4245,23.4245,23.4245,23.4245,35929000,0.00%,21371787,69706313287,841618.86,0
2020-02-25,23.4245,23.4479,23.4479,23.4245,37324000,0.10%,67695035,69789960535,875169.42,83647247
2020-02-26,23.4479,23.4479,23.4479,23.4479,28411500,0.00%,39283535,69789960535,666190.01,0
2020-02-27,23.4479,23.4479,23.4479,23.4479,29729000,0.00%,9554535,69789960535,697082.62,0
2020-02-28,23.4479,23.4713,23.4713,23.4479,49476000,0.10%,43733431,69873615431,1161266.04,83654896
2020-03-02,23.4713,23.4713,23.4713,23.4713,35789500,0.00%,7943931,69873615431,840026.09,0
2020-03-03,23.4713,23.4948,23.4948,23.4713,33805500,0.10%,58188474,69957665474,794253.46,84050043
2020-03-04,23.4948,23.4948,23.4948,23.4948,30318000,0.00%,27870474,69957665474,712315.35,0
2020-03-05,23.4948,23.5183,23.5183,23.4948,41927500,0.10%,70379829,70042102329,986063.52,84436855
2020-03-06,23.5183,23.5183,23.5183,23.5183,47104500,0.00%,23275329,70042102329,1107817.76,0
2020-03-09,23.5183,23.5418,23.5418,23.5183,55986000,0.10%,52413504,70127226504,1318011.21,85124174
2020-03-10,23.5418,23.5418,23.5418,23.5418,49445000,0.00%,2968504,70127226504,1164024.3,0
2020-03-11,23.5418,23.5654,23.5654,23.5418,31697500,0.10%,57240568,70213196068,746964.27,85969564
2020-03-12,23.5654,23.5889,23.5889,23.5654,58962000,0.10%,84540092,70299457592,1390848.72,86261523
2020-03-13,23.5889,23.6125,23.6125,23.5889,88954500,0.10%,82416065,70386288065,2100438.13,86830473
2020-03-16,23.6125,23.6125,23.6125,23.6125,77050500,0.00%,5365565,70386288065,1819354.93,0
2020-03-17,23.6125,23.6361,23.6361,23.6125,65332500,0.10%,28028751,70474283751,1544205.5,87995685
2020-03-18,23.6361,23.6598,23.6598,23.6361,68820000,0.10%,47815846,70562890846,1628267.44,88607095
2020-03-19,23.6598,23.6834,23.6834,23.6598,92612500,0.10%,44549147,70652236647,2193378.88,89345801
2020-03-20,23.6834,23.7071,23.7071,23.6834,81065000,0.10%,53856303,70742608803,1921816.06,90372155
2020-03-23,23.7071,23.7308,23.7308,23.7071,59969500,0.10%,85056516,70833778516,1423124.21,91169712
2020-03-24,23.7308,23.7308,23.7308,23.7308,56745500,0.00%,28311016,70833778516,1346616.11,0
2020-03-25,23.7308,23.7546,23.7546,23.7308,56156500,0.10%,64209845,70925833845,1333975.19,92055329
2020-03-26,23.7546,23.7546,23.7546,23.7546,45446000,0.00%,18763845,70925833845,1079551.55,0
2020-03-27,23.7546,23.7783,23.7783,23.7546,44547000,0.10%,66900399,71018517399,1059251.93,92683554
2020-03-30,23.7783,23.7783,23.7783,23.7783,33852000,0.00%,33048399,71018517399,804943.01,0
2020-03-31,23.7783,23.8021,23.8021,23.7783,34410000,0.10%,91443096,71111322096,819030.26,92804696
2020-04-01,23.8021,23.8021,23.8021,23.8021,36611000,0.00%,54832096,71111322096,871418.68,0
2020-04-02,23.8021,23.8021,23.8021,23.8021,18801500,0.00%,36030596,71111322096,447515.18,0
2020-04-03,23.8021,23.8021,23.8021,23.8021,22118500,0.00%,13912096,71111322096,526466.75,0
2020-04-06,23.8021,23.8259,23.8259,23.8021,21498500,0.10%,85475975,71204384475,512221.11,93062378
2020-04-07,23.8259,23.8259,23.8259,23.8259,29326000,0.00%,56149975,71204384475,698718.34,0
2020-04-08,23.8259,23.8259,23.8259,23.8259,23529000,0.00%,32620975,71204384475,560599.6,0
2020-04-09,23.8259,23.8259,23.8259,23.8259,24335000,0.00%,8285975,71204384475,579803.28,0
2020-04-14,23.8259,23.8497,23.8497,23.8259,40610000,0.10%,60744735,71297453235,968536.32,93068760
2020-04-15,23.8497,23.8497,23.8497,23.8497,31790500,0.00%,28954235,71297453235,758193.89,0
2020-04-16,23.8497,23.8736,23.8736,23.8497,44717500,0.10%,77720930,71390937430,1067567.71,93484194
2020-04-17,23.8736,23.8736,23.8736,23.8736,45926500,0.00%,31794430,71390937430,1096430.89,0
2020-04-20,23.8736,23.8736,23.8736,23.8736,23777000,0.00%,8017430,71390937430,567642.59,0
2020-04-21,23.8736,23.8974,23.8974,23.8736,32286500,0.10%,69545016,71484751516,771563.41,93814085
2020-04-22,23.8974,23.8974,23.8974,23.8974,26582500,0.00%,42962516,71484751516,635252.64,0
2020-04-23,23.8974,23.8974,23.8974,23.8974,27605500,0.00%,15357016,71484751516,659699.68,0
2020-04-24,23.8974,23.9213,23.9213,23.8974,19375000,0.10%,90092335,71578861835,463475.19,94110318
2020-04-27,23.9213,23.9213,23.9213,23.9213,24288500,0.00%,65803835,71578861835,581012.5,0
2020-04-28,23.9213,23.9213,23.9213,23.9213,20320500,0.00%,45483335,71578861835,486092.78,0
2020-04-29,23.9213,23.9213,23.9213,23.9213,20568500,0.00%,24914835,71578861835,492025.26,0
2020-05-04,23.9213,23.9453,23.9453,23.9213,38192000,0.10%,81077075,71673216075,914518.9,94354240
2020-05-05,23.9453,23.9453,23.9453,23.9453,19499000,0.00%,61578075,71673216075,466909.4,0
2020-05-06,23.9453,23.9453,23.9453,23.9453,30690000,0.00%,30888075,71673216075,734881.26,0
2020-05-07,23.9453,23.9453,23.9453,23.9453,19065000,0.00%,11823075,71673216075,456517.14,0
2020-05-08,23.9453,23.9692,23.9692,23.9453,34131000,0.10%,72243944,71767767944,818092.77,94551868
2020-05-11,23.9692,23.9692,23.9692,23.9692,51863000,0.00%,20380944,71767767944,1243114.62,0
2020-05-12,23.9692,23.9932,23.9932,23.9692,34162000,0.10%,81450659,71862999659,819655.7,95231715
2020-05-13,23.9932,23.9932,23.9932,23.9932,37634000,0.00%,43816659,71862999659,902960.09,0
2020-05-14,23.9932,24.0172,24.0172,23.9932,51041500,0.10%,88533554,71958758054,1225873.91,95758395
2020-05-15,24.0172,24.0172,24.0172,24.0172,38114500,0.00%,50419054,71958758054,915403.57,0
2020-05-18,24.0172,24.0172,24.0172,24.0172,31914500,0.00%,18504554,71958758054,766496.93,0
2020-05-19,24.0172,24.0412,24.0412,24.0172,30752000,0.10%,84268891,72055274391,739314.98,96516337
2020-05-20,24.0412,24.0412,24.0412,24.0412,32937500,0.00%,51331391,72055274391,791857.03,0
2020-05-21,24.0412,24.0412,24.0412,24.0412,29109000,0.00%,22222391,72055274391,699815.29,0
2020-05-22,24.0412,24.0652,24.0652,24.0412,58698500,0.10%,60190229,72151940729,1412591.14,96666338
2020-05-25,24.0652,24.0652,24.0652,24.0652,30922500,0.00%,29267729,72151940729,744156.15,0
2020-05-26,24.0652,24.0652,24.0652,24.0652,24800000,0.00%,4467729,72151940729,596816.96,0
2020-05-27,24.0652,24.0893,24.0893,24.0652,32286500,0.10%,68939786,72248699286,777759.18,96758556
2020-05-28,24.0893,24.0893,24.0893,24.0893,44857000,0.00%,24082786,72248699286,1080573.73,0
2020-05-29,24.0893,24.1134,24.1134,24.0893,45384000,0.10%,75744136,72345744636,1094362.55,97045350
2020-06-01,24.1134,24.1134,24.1134,24.1134,35634500,0.00%,40109636,72345744636,859268.95,0
2020-06-02,24.1134,24.1134,24.1134,24.1134,27667500,0.00%,12442136,72345744636,667157.49,0
2020-06-03,24.1134,24.1375,24.1375,24.1134,31046500,0.10%,79152735,72443501735,749384.89,97757098
2020-06-04,24.1375,24.1375,24.1375,24.1375,28628500,0.00%,50524235,72443501735,691020.42,0
2020-06-05,24.1375,24.1375,24.1375,24.1375,41121500,0.00%,9402735,72443501735,992570.21,0
2020-06-08,24.1375,24.1616,24.1616,24.1375,30566000,0.10%,77044581,72541709581,738523.47,98207845
2020-06-09,24.1616,24.1616,24.1616,24.1616,28675000,0.00%,48369581,72541709581,692833.88,0
2020-06-10,24.1616,24.1858,24.1858,24.1616,52607000,0.10%,94150972,72640097972,1272342.38,98388391
2020-06-11,24.1858,24.1858,24.1858,24.1858,41741500,0.00%,52409472,72640097972,1009551.57,0
2020-06-12,24.1858,24.1858,24.1858,24.1858,27063000,0.00%,25346472,72640097972,654540.31,0
2020-06-15,24.1858,24.1858,24.1858,24.1858,24815500,0.00%,530972,72640097972,600182.72,0
2020-06-16,24.1858,24.21,24.21,24.1858,34797500,0.10%,64700797,72739065297,842447.47,98967324
2020-06-17,24.21,24.21,24.21,24.21,21824000,0.00%,42876797,72739065297,528359.04,0
2020-06-18,24.21,24.21,24.21,24.21,28876500,0.00%,14000297,72739065297,699100.07,0
2020-06-19,24.21,24.2342,24.2342,24.21,39261500,0.10%,74094001,72838420501,951471.04,99355203
2020-06-22,24.2342,24.2342,24.2342,24.2342,40238000,0.00%,33856001,72838420501,975135.74,0
2020-06-23,24.2342,24.2584,24.2584,24.2342,48561500,0.10%,85002464,72938128464,1178024.29,99707963
2020-06-24,24.2584,24.2584,24.2584,24.2584,35743000,0.00%,49259464,72938128464,867067.99,0
2020-06-26,24.2584,24.2584,24.2584,24.2584,27714000,0.00%,21545464,72938128464,672297.3,0
2020-06-29,24.2584,24.2827,24.2827,24.2584,34224000,0.10%,87707843,73038514843,831051.12,100386379
2020-06-30,24.2827,24.2827,24.2827,24.2827,34317000,0.00%,53390843,73038514843,833309.42,0
2020-07-02,24.2827,24.2827,24.2827,24.2827,49259000,0.00%,4131843,73038514843,1196141.52,0
2020-07-03,24.2827,24.307,24.307,24.2827,32550000,0.10%,72431409,73139364409,791192.85,100849565
2020-07-06,24.307,24.307,24.307,24.307,36053000,0.00%,36378409,73139364409,876340.27,0
2020-07-07,24.307,24.3313,24.3313,24.307,39091000,0.10%,98579564,73240656564,951134.85,101292155
2020-07-08,24.3313,24.3313,24.3313,24.3313,42795500,0.00%,55784064,73240656564,1041270.15,0
2020-07-09,24.3313,24.3313,24.3313,24.3313,40408500,0.00%,15375564,73240656564,983191.34,0
2020-07-10,24.3313,24.3556,24.3556,24.3313,36363000,0.10%,81183068,73342827068,885642.68,102170504
2020-07-13,24.3556,24.3556,24.3556,24.3556,31062000,0.00%,50121068,73342827068,756533.65,0
2020-07-14,24.3556,24.3556,24.3556,24.3556,40052000,0.00%,10069068,73342827068,975490.49,0
2020-07-15,24.3556,24.38,24.38,24.3556,34363500,0.10%,78502669,73445624169,837782.13,102797100
2020-07-16,24.38,24.38,24.38,24.38,41927500,0.00%,36575169,73445624169,1022192.45,0
2020-07-17,24.38,24.38,24.38,24.38,27218000,0.00%,9357169,73445624169,663574.84,0
2020-07-20,24.38,24.4043,24.4043,24.38,20134500,0.10%,92781343,73549182843,491368.38,103558674
2020-07-21,24.4043,24.4043,24.4043,24.4043,45105000,0.00%,47676343,73549182843,1100755.95,0
2020-07-22,24.4043,24.4043,24.4043,24.4043,32441500,0.00%,15234843,73549182843,791712.1,0
2020-07-23,24.4043,24.4287,24.4287,24.4043,29589500,0.10%,89608336,73653145836,722833.02,103962992
2020-07-24,24.4287,24.4287,24.4287,24.4287,43617000,0.00%,45991336,73653145836,1065506.61,0
2020-07-27,24.4287,24.4287,24.4287,24.4287,28969500,0.00%,17021836,73653145836,707687.22,0
2020-07-28,24.4287,24.4532,24.4532,24.4287,33371500,0.10%,87579458,73757074958,816039.96,103929122
2020-07-29,24.4532,24.4532,24.4532,24.4532,19344000,0.00%,68235458,73757074958,473022.7,0
2020-07-30,24.4532,24.4532,24.4532,24.4532,21235000,0.00%,47000458,73757074958,519263.7,0
2020-07-31,24.4532,24.4532,24.4532,24.4532,24226500,0.00%,22773958,73757074958,592415.45,0
2020-08-03,24.4532,24.4776,24.4776,24.4532,28024000,0.10%,98455805,73860780805,685960.26,103705847
2020-08-04,24.4776,24.4776,24.4776,24.4776,31279000,0.00%,67176805,73860780805,765634.85,0
2020-08-05,24.4776,24.4776,24.4776,24.4776,24614000,0.00%,42562805,73860780805,602491.65,0
2020-08-06,24.4776,24.4776,24.4776,24.4776,31883500,0.00%,10679305,73860780805,780431.56,0
2020-08-07,24.4776,24.5021,24.5021,24.4776,96286000,0.10%,17811560,73964199060,2359209.2,103418254
2020-08-10,24.5021,24.5266,24.5266,24.5021,75299000,0.10%,46787171,74068473671,1846828.45,104274611
2020-08-11,24.5266,24.5266,24.5266,24.5266,39525000,0.00%,7262171,74068473671,969413.86,0
2020-08-12,24.5266,24.5511,24.5511,24.5266,29357000,0.10%,82806638,74173375138,720746.64,104901466
2020-08-13,24.5511,24.5511,24.5511,24.5511,42237500,0.00%,40569138,74173375138,1036977.09,0
2020-08-14,24.5511,24.5511,24.5511,24.5511,27884500,0.00%,12684638,74173375138,684595.15,0
2020-08-17,24.5511,24.5757,24.5757,24.5511,22924500,0.10%,95049190,74278664190,563385.63,105289052
2020-08-18,24.5757,24.5757,24.5757,24.5757,20754500,0.00%,74294690,74278664190,510056.37,0
2020-08-19,24.5757,24.5757,24.5757,24.5757,17205000,0.00%,57089690,74278664190,422824.92,0
2020-08-20,24.5757,24.5757,24.5757,24.5757,22289000,0.00%,34800690,74278664190,547767.78,0
2020-08-21,24.5757,24.5757,24.5757,24.5757,28287500,0.00%,6513190,74278664190,695185.11,0
2020-08-24,24.5757,24.6003,24.6003,24.5757,42485500,0.10%,69148960,74383785460,1045156.05,105121270
2020-08-25,24.6003,24.6003,24.6003,24.6003,27915500,0.00%,41233460,74383785460,686729.67,0
2020-08-26,24.6003,24.6003,24.6003,24.6003,24226500,0.00%,17006960,74383785460,595979.17,0
2020-08-27,24.6003,24.6249,24.6249,24.6003,26396500,0.10%,96000326,74489175326,650011.17,105389866
2020-08-28,24.6249,24.6249,24.6249,24.6249,34937000,0.00%,61063326,74489175326,860320.13,0
2020-08-31,24.6249,24.6249,24.6249,24.6249,33495500,0.00%,27567826,74489175326,824823.34,0
2020-09-01,24.6249,24.6495,24.6495,24.6249,30643500,0.10%,102897674,74595148674,755346.95,105973347
2020-09-02,24.6495,24.6495,24.6495,24.6495,22583500,0.00%,80314174,74595148674,556671.98,0
2020-09-03,24.6495,24.6495,24.6495,24.6495,26474000,0.00%,53840174,74595148674,652570.86,0
2020-09-04,24.6495,24.6495,24.6495,24.6495,51258500,0.00%,2581674,74595148674,1263496.4,0
2020-09-07,24.6495,24.6741,24.6741,24.6495,27962000,0.10%,81002986,74701531986,689937.18,106383312
2020-09-08,24.6741,24.6741,24.6741,24.6741,28706000,0.00%,52296986,74701531986,708294.71,0
2020-09-09,24.6741,24.6741,24.6741,24.6741,27528000,0.00%,24768986,74701531986,679228.62,0
2020-09-10,24.6741,24.6741,24.6741,24.6741,21204000,0.00%,3564986,74701531986,523189.62,0
2020-09-11,24.6741,24.6988,24.6988,24.6741,19747000,0.10%,90750089,74808464089,487727.2,106932102
2020-09-14,24.6988,24.6988,24.6988,24.6988,29884000,0.00%,60866089,74808464089,738098.94,0
2020-09-15,24.6988,24.6988,24.6988,24.6988,17546000,0.00%,43320089,74808464089,433365.14,0
2020-09-16,24.6988,24.6988,24.6988,24.6988,15794500,0.00%,27525589,74808464089,390105.2,0
2020-09-17,24.6988,24.6988,24.6988,24.6988,18243500,0.00%,9282089,74808464089,450592.56,0
2020-09-18,24.6988,24.7235,24.7235,24.6988,33635000,0.10%,82932382,74915749382,831574.92,107285293
2020-09-21,24.7235,24.7235,24.7235,24.7235,16290500,0.00%,66641882,74915749382,402758.18,0
2020-09-22,24.7235,24.7235,24.7235,24.7235,19452500,0.00%,47189382,74915749382,480933.88,0
2020-09-23,24.7235,24.7235,24.7235,24.7235,19406000,0.00%,27783382,74915749382,479784.24,0
2020-09-24,24.7235,24.7235,24.7235,24.7235,22242500,0.00%,5540882,74915749382,549912.45,0
2020-09-25,24.7235,24.7482,24.7482,24.7235,20506500,0.10%,92844111,75023559111,507498.96,107809728
2020-09-28,24.7482,24.7482,24.7482,24.7482,16957000,0.00%,75887111,75023559111,419655.23,0
2020-09-29,24.7482,24.7482,24.7482,24.7482,17716500,0.00%,58170611,75023559111,438451.49,0
2020-09-30,24.7482,24.7482,24.7482,24.7482,15887500,0.00%,42283111,75023559111,393187.03,0
2020-10-05,24.7482,24.7482,24.7482,24.7482,28272000,0.00%,14011111,75023559111,699681.11,0
2020-10-06,24.7482,24.7482,24.7482,24.7482,12167500,0.00%,1843611,75023559111,301123.72,0
2020-10-07,24.7482,24.773,24.773,24.7482,17856000,0.10%,92250538,75131822038,442346.69,108262927
2020-10-08,24.773,24.773,24.773,24.773,12601500,0.00%,79649038,75131822038,312176.96,0
2020-10-09,24.773,24.773,24.773,24.773,23544500,0.00%,56104538,75131822038,583267.9,0
2020-10-12,24.773,24.773,24.773,24.773,29295000,0.00%,26809538,75131822038,725725.04,0
2020-10-14,24.773,24.7977,24.7977,24.773,40145000,0.10%,95059587,75240217087,995503.67,108395049
2020-10-15,24.7977,24.7977,24.7977,24.7977,24056000,0.00%,71003587,75240217087,596533.47,0
2020-10-16,24.7977,24.7977,24.7977,24.7977,15996000,0.00%,55007587,75240217087,396664.01,0
2020-10-19,24.7977,24.7977,24.7977,24.7977,15143500,0.00%,39864087,75240217087,375523.97,0
2020-10-20,24.7977,24.7977,24.7977,24.7977,15422500,0.00%,24441587,75240217087,382442.53,0
2020-10-21,24.7977,24.7977,24.7977,24.7977,18925500,0.00%,5516087,75240217087,469308.87,0
2020-10-22,24.7977,24.8225,24.8225,24.7977,19607500,0.10%,93910648,75348219148,486707.17,108002060
2020-10-23,24.8225,24.8225,24.8225,24.8225,11702500,0.00%,82208148,75348219148,290485.31,0
2020-10-27,24.8225,24.8225,24.8225,24.8225,43586000,0.00%,38622148,75348219148,1081913.49,0
2020-10-28,24.8225,24.8474,24.8474,24.8225,38626000,0.10%,108203181,75456426181,959755.67,108207033
2020-10-29,24.8474,24.8474,24.8474,24.8474,35727500,0.00%,72475681,75456426181,887735.48,0
2020-10-30,24.8474,24.8474,24.8474,24.8474,38579500,0.00%,33896181,75456426181,958600.27,0
2020-11-02,24.8474,24.8474,24.8474,24.8474,24040500,0.00%,9855681,75456426181,597343.92,0
2020-11-03,24.8474,24.8722,24.8722,24.8474,26319000,0.10%,92230071,75565119571,654611.43,108693390
2020-11-04,24.8722,24.8722,24.8722,24.8722,44113000,0.00%,48117071,75565119571,1097187.36,0
2020-11-05,24.8722,24.8722,24.8722,24.8722,40238000,0.00%,7879071,75565119571,1000807.58,0
2020-11-06,24.8722,24.8971,24.8971,24.8722,33092500,0.10%,83840595,75674173595,823907.28,109054023
2020-11-09,24.8971,24.8971,24.8971,24.8971,26877000,0.00%,56963595,75674173595,669159.36,0
2020-11-10,24.8971,24.8971,24.8971,24.8971,55986000,0.00%,977595,75674173595,1393889.04,0
2020-11-11,24.8971,24.922,24.922,24.8971,102408499,0.10%,8516718,75784121218,2552224.64,109947622
2020-11-12,24.922,24.9469,24.9469,24.922,50080500,0.10%,69271654,75894956654,1249353.23,110835436
2020-11-13,24.9469,24.9469,24.9469,24.9469,44113000,0.00%,25158654,75894956654,1100482.6,0
2020-11-16,24.9469,24.9719,24.9719,24.9469,30054500,0.10%,106424771,76006277271,750517.97,111320617
2020-11-17,24.9719,24.9719,24.9719,24.9719,30023500,0.00%,76401271,76006277271,749743.84,0
2020-11-18,24.9719,24.9719,24.9719,24.9719,20894000,0.00%,55507271,76006277271,521762.88,0
2020-11-19,24.9719,24.9719,24.9719,24.9719,24350500,0.00%,31156771,76006277271,608078.25,0
2020-11-20,24.9719,24.9719,24.9719,24.9719,25683500,0.00%,5473271,76006277271,641365.79,0
2020-11-23,24.9719,24.9968,24.9968,24.9719,32395000,0.10%,84380583,76117579583,809771.34,111302312
2020-11-24,24.9968,24.9968,24.9968,24.9968,24645000,0.00%,59735583,76117579583,616046.14,0
2020-11-25,24.9968,24.9968,24.9968,24.9968,31930000,0.00%,27805583,76117579583,798147.82,0
2020-11-26,24.9968,24.9968,24.9968,24.9968,17267000,0.00%,10538583,76117579583,431619.75,0
2020-11-27,24.9968,25.0218,25.0218,24.9968,17329000,0.10%,104968554,76229338554,433602.77,111758970
2020-11-30,25.0218,25.0218,25.0218,25.0218,50855500,0.00%,54113054,76229338554,1272496.15,0
2020-12-01,25.0218,25.0218,25.0218,25.0218,34441000,0.00%,19672054,76229338554,861775.81,0
2020-12-02,25.0218,25.0468,25.0468,25.0218,20894000,0.10%,111114576,76341675076,523327.84,112336521
2020-12-03,25.0468,25.0468,25.0468,25.0468,24118000,0.00%,86996576,76341675076,604078.72,0
2020-12-04,25.0468,25.0468,25.0468,25.0468,22258000,0.00%,64738576,76341675076,557491.67,0
2020-12-07,25.0468,25.0468,25.0468,25.0468,18801500,0.00%,45937076,76341675076,470917.41,0
2020-12-08,25.0468,25.0468,25.0468,25.0468,15128000,0.00%,30809076,76341675076,378907.99,0
2020-12-09,25.0468,25.0468,25.0468,25.0468,15329500,0.00%,15479576,76341675076,383954.92,0
2020-12-10,25.0468,25.0719,25.0719,25.0468,15856500,0.10%,112104266,76454156266,397552.58,112481190
2020-12-11,25.0719,25.0719,25.0719,25.0719,18662000,0.00%,93442266,76454156266,467891.8,0
2020-12-14,25.0719,25.0719,25.0719,25.0719,32829000,0.00%,60613266,76454156266,823085.41,0
2020-12-15,25.0719,25.0719,25.0719,25.0719,36146000,0.00%,24467266,76454156266,906248.9,0
2020-12-16,25.0719,25.097,25.097,25.0719,26846000,0.10%,110513925,76567048925,673754.06,112892658
2020-12-17,25.097,25.097,25.097,25.097,21452000,0.00%,89061925,76567048925,538380.84,0
2020-12-18,25.097,25.097,25.097,25.097,29775500,0.00%,59286425,76567048925,747275.72,0
2020-12-21,25.097,25.097,25.097,25.097,20398000,0.00%,38888425,76567048925,511928.61,0
2020-12-22,25.097,25.097,25.097,25.097,15918500,0.00%,22969925,76567048925,399506.59,0
2020-12-23,25.097,25.097,25.097,25.097,17654500,0.00%,5315425,76567048925,443074.99,0
2020-12-24,25.097,25.1221,25.1221,25.097,21297000,0.10%,96969848,76680000348,535025.36,112951422
2020-12-28,25.1221,25.1221,25.1221,25.1221,93868000,0.00%,3101848,76680000348,2358161.28,0
2020-12-29,25.1221,25.1472,25.1472,25.1221,56187500,0.10%,60676803,76793762803,1412958.3,113762455
2020-12-30,25.1472,25.1472,25.1472,25.1472,45229000,0.00%,15447803,76793762803,1137382.71,0
2020-12-31,25.1472,25.1723,25.1723,25.1472,20460000,0.10%,109350763,76908125763,515025.26,114362959
2021-01-04,25.1723,25.1723,25.1723,25.1723,33248000,0.00%,76102763,76908125763,836928.63,0
2021-01-05,25.1723,25.1723,25.1723,25.1723,29872000,0.00%,46230763,76908125763,751946.95,0
2021-01-06,25.1723,25.1723,25.1723,25.1723,41136000,0.00%,5094763,76908125763,1035487.73,0
2021-01-07,25.1723,25.1975,25.1975,25.1723,63808000,0.10%,56367180,77023206180,1607802.08,115080417
2021-01-08,25.1975,25.1975,25.1975,25.1975,36576000,0.00%,19791180,77023206180,921623.76,0
2021-01-11,25.1975,25.2227,25.2227,25.1975,61440000,0.10%,74142702,77138997702,1549682.69,115791522
2021-01-12,25.2227,25.2227,25.2227,25.2227,32272000,0.00%,41870702,77138997702,813986.97,0
2021-01-13,25.2227,25.2227,25.2227,25.2227,36176000,0.00%,5694702,77138997702,912456.4,0
2021-01-14,25.2227,25.2479,25.2479,25.2227,58576000,0.10%,63618975,77255497975,1478920.99,116500273
2021-01-15,25.2479,25.2479,25.2479,25.2479,49056000,0.00%,14562975,77255497975,1238560.98,0
2021-01-18,25.2479,25.2732,25.2732,25.2479,53600000,0.10%,78206752,77372741752,1354643.52,117243776
2021-01-19,25.2732,25.2732,25.2732,25.2732,48512000,0.00%,29694752,77372741752,1226053.48,0
2021-01-20,25.2732,25.2984,25.2984,25.2732,57936000,0.10%,89783023,77490766023,1465688.1,118024271
2021-01-21,25.2984,25.2984,25.2984,25.2984,44400000,0.00%,45383023,77490766023,1123248.96,0
2021-01-22,25.2984,25.3237,25.3237,25.2984,48528000,0.10%,115471392,77609382392,1228908.51,118616368
2021-01-25,25.3237,25.3237,25.3237,25.3237,75136000,0.00%,40335392,77609382392,1902721.52,0
2021-01-26,25.3237,25.3491,25.3491,25.3237,79952000,0.10%,80013044,77729012044,2026711.24,119629652
2021-01-27,25.3491,25.3491,25.3491,25.3491,59824000,0.00%,20189044,77729012044,1516484.56,0
2021-01-28,25.3491,25.3744,25.3744,25.3491,59664000,0.10%,81295399,77849782399,1513938.2,120770354
2021-01-29,25.3744,25.3744,25.3744,25.3744,54352000,0.00%,26943399,77849782399,1379149.39,0
2021-02-01,25.3744,25.3998,25.3998,25.3744,45824000,0.10%,102699238,77971362238,1163920.44,121579839
2021-02-02,25.3998,25.3998,25.3998,25.3998,42128000,0.00%,60571238,77971362238,1070042.77,0
2021-02-03,25.3998,25.3998,25.3998,25.3998,27168000,0.00%,33403238,77971362238,690061.77,0
2021-02-04,25.3998,25.4252,25.4252,25.3998,37824000,0.10%,117416935,78093199935,961682.76,121837696
2021-02-05,25.4252,25.4252,25.4252,25.4252,29856000,0.00%,87560935,78093199935,759094.77,0
2021-02-08,25.4252,25.4252,25.4252,25.4252,23712000,0.00%,63848935,78093199935,602882.34,0
2021-02-09,25.4252,25.4252,25.4252,25.4252,17040000,0.00%,46808935,78093199935,433245.41,0
2021-02-10,25.4252,25.4252,25.4252,25.4252,27072000,0.00%,19736935,78093199935,688311.01,0
2021-02-11,25.4252,25.4252,25.4252,25.4252,16416000,0.00%,3320935,78093199935,417380.08,0
2021-02-16,25.4252,25.4506,25.4506,25.4252,37728000,0.10%,87392663,78214999663,960200.24,121799727
2021-02-17,25.4506,25.4506,25.4506,25.4506,25664000,0.00%,61728663,78214999663,653164.2,0
2021-02-18,25.4506,25.4506,25.4506,25.4506,38784000,0.00%,22944663,78214999663,987076.07,0
2021-02-19,25.4506,25.4761,25.4761,25.4506,36144000,0.10%,109066901,78337265901,920808.16,122266238
2021-02-22,25.4761,25.4761,25.4761,25.4761,43680000,0.00%,65386901,78337265901,1112796.05,0
2021-02-23,25.4761,25.4761,25.4761,25.4761,43088000,0.00%,22298901,78337265901,1097714.2,0
2021-02-24,25.4761,25.5015,25.5015,25.4761,66544000,0.10%,78877268,78460388268,1696971.82,123122367
2021-02-25,25.5015,25.5015,25.5015,25.5015,38416000,0.00%,40461268,78460388268,979665.62,0
2021-02-26,25.5015,25.527,25.527,25.5015,59328000,0.10%,105013701,78584268701,1514465.86,123880432
2021-03-01,25.527,25.527,25.527,25.527,43328000,0.00%,61685701,78584268701,1106033.86,0
2021-03-02,25.527,25.527,25.527,25.527,36928000,0.00%,24757701,78584268701,942661.06,0
2021-03-03,25.527,25.5526,25.5526,25.527,29264000,0.10%,120463559,78709238559,747771.29,124969857
2021-03-04,25.5526,25.5526,25.5526,25.5526,39200000,0.00%,81263559,78709238559,1001661.92,0
2021-03-05,25.5526,25.5526,25.5526,25.5526,43424000,0.00%,37839559,78709238559,1109596.1,0
2021-03-08,25.5526,25.5781,25.5781,25.5526,57968000,0.10%,104693236,78834060236,1482711.3,124821677
2021-03-09,25.5781,25.5781,25.5781,25.5781,62096000,0.00%,42597236,78834060236,1588297.7,0
2021-03-10,25.5781,25.5781,25.5781,25.5781,37216000,0.00%,5381236,78834060236,951914.57,0
2021-03-11,25.5781,25.6037,25.6037,25.5781,33552000,0.10%,97116660,78959347660,859055.34,125287423
2021-03-12,25.6037,25.6037,25.6037,25.6037,41584000,0.00%,55532660,78959347660,1064704.26,0
2021-03-15,25.6037,25.6293,25.6293,25.6037,56016000,0.10%,125074939,79084905939,1435650.87,125558279
2021-03-16,25.6293,25.6293,25.6293,25.6293,31264000,0.00%,93810939,79084905939,801274.44,0
2021-03-17,25.6293,25.6293,25.6293,25.6293,30560000,0.00%,63250939,79084905939,783231.41,0
2021-03-18,25.6293,25.6293,25.6293,25.6293,35776000,0.00%,27474939,79084905939,916913.84,0
2021-03-19,25.6293,25.6549,25.6549,25.6293,36064000,0.10%,117930286,79211425286,925218.31,126519346
2021-03-22,25.6549,25.6549,25.6549,25.6549,22416000,0.00%,95514286,79211425286,575080.24,0
2021-03-23,25.6549,25.6549,25.6549,25.6549,23376000,0.00%,72138286,79211425286,599708.94,0
2021-03-24,25.6549,25.6549,25.6549,25.6549,28880000,0.00%,43258286,79211425286,740913.51,0
2021-03-25,25.6549,25.6806,25.6806,25.6549,70864000,0.10%,99150364,79338181364,1819830.04,126756078
2021-03-26,25.6806,25.6806,25.6806,25.6806,39184000,0.00%,59966364,79338181364,1006268.63,0
2021-03-29,25.6806,25.6806,25.6806,25.6806,46416000,0.00%,13550364,79338181364,1191990.73,0
2021-03-30,25.6806,25.7063,25.7063,25.6806,32896000,0.10%,108256065,79465783065,845634.44,127601700
2021-03-31,25.7063,25.7063,25.7063,25.7063,25504000,0.00%,82752065,79465783065,655613.48,0
2021-04-01,25.7063,25.7063,25.7063,25.7063,52640000,0.00%,30112065,79465783065,1353179.63,0
2021-04-07,25.7063,25.732,25.732,25.7063,43488000,0.10%,114262185,79593421185,1119033.22,127638120
2021-04-08,25.732,25.8092,25.8092,25.732,395824000,0.30%,101554190,79976537190,10215900.78,383116004
2021-04-09,25.8092,25.8092,25.8092,25.8092,35936000,0.00%,65618190,79976537190,927479.41,0
2021-04-12,25.8092,25.8092,25.8092,25.8092,44768000,0.00%,20850190,79976537190,1155426.27,0
2021-04-13,25.8092,25.8351,25.8351,25.8092,29504000,0.10%,123867720,80109058720,762238.79,132521530
2021-04-14,25.8351,25.8351,25.8351,25.8351,28800000,0.00%,95067720,80109058720,744050.88,0
2021-04-15,25.8351,25.8351,25.8351,25.8351,23280000,0.00%,71787720,80109058720,601441.13,0
2021-04-16,25.8351,25.8351,25.8351,25.8351,33216000,0.00%,38571720,80109058720,858138.68,0
2021-04-19,25.8351,25.8351,25.8351,25.8351,32384000,0.00%,6187720,80109058720,836643.88,0
2021-04-20,25.8351,25.8609,25.8609,25.8351,24368000,0.10%,114230295,80241469295,630178.41,132410574
2021-04-21,25.8609,25.8609,25.8609,25.8609,33056000,0.00%,81174295,80241469295,854857.91,0
2021-04-22,25.8609,25.8609,25.8609,25.8609,24608000,0.00%,56566295,80241469295,636385.03,0
2021-04-23,25.8609,25.8609,25.8609,25.8609,26080000,0.00%,30486295,80241469295,674452.27,0
2021-04-26,25.8609,25.8609,25.8609,25.8609,22720000,0.00%,7766295,80241469295,587559.65,0
2021-04-27,25.8609,25.8867,25.8867,25.8609,22128000,0.10%,117466855,80373297855,572820.9,131828560
2021-04-28,25.8867,25.8867,25.8867,25.8867,17920000,0.00%,99546855,80373297855,463889.66,0
2021-04-29,25.8867,25.8867,25.8867,25.8867,19952000,0.00%,79594855,80373297855,516491.44,0
2021-04-30,25.8867,25.8867,25.8867,25.8867,19184000,0.00%,60410855,80373297855,496610.45,0
2021-05-03,25.8867,25.8867,25.8867,25.8867,12704000,0.00%,47706855,80373297855,328864.64,0
2021-05-04,25.8867,25.8867,25.8867,25.8867,10128000,0.00%,37578855,80373297855,262180.5,0
2021-05-05,25.8867,25.8867,25.8867,25.8867,18608000,0.00%,18970855,80373297855,481699.71,0
2021-05-06,25.8867,25.9126,25.9126,25.8867,34256000,0.10%,115893616,80504476616,887662.03,131178760
2021-05-07,25.9126,25.9126,25.9126,25.9126,27936000,0.00%,87957616,80504476616,723894.39,0
2021-05-10,25.9126,25.9126,25.9126,25.9126,32864000,0.00%,55093616,80504476616,851591.69,0
2021-05-11,25.9126,25.9385,25.9385,25.9126,55392000,0.10%,131186362,80635961362,1436785.39,131484745
2021-05-12,25.9385,25.9385,25.9385,25.9385,36640000,0.00%,94546362,80635961362,950386.64,0
2021-05-13,25.9385,25.9385,25.9385,25.9385,28768000,0.00%,65778362,80635961362,746198.77,0
2021-05-14,25.9385,25.9385,25.9385,25.9385,25616000,0.00%,40162362,80635961362,664440.62,0
2021-05-17,25.9385,25.9385,25.9385,25.9385,30672000,0.00%,9490362,80635961362,795585.67,0
2021-05-18,25.9385,25.9645,25.9645,25.9385,19504000,0.10%,121748733,80767723733,506411.61,131762371
2021-05-20,25.9645,25.9645,25.9645,25.9645,25008000,0.00%,96740733,80767723733,649320.22,0
2021-05-21,25.9645,25.9645,25.9645,25.9645,64544000,0.00%,32196733,80767723733,1675852.69,0
2021-05-24,25.9645,25.9645,25.9645,25.9645,26576000,0.00%,5620733,80767723733,690032.55,0
2021-05-25,25.9645,25.9905,25.9905,25.9645,43264000,0.10%,93981130,80899348130,1124452.99,131624396
2021-05-26,25.9905,25.9905,25.9905,25.9905,29968000,0.00%,64013130,80899348130,778883.3,0
2021-05-27,25.9905,25.9905,25.9905,25.9905,41184000,0.00%,22829130,80899348130,1070392.75,0
2021-05-28,25.9905,26.0164,26.0164,25.9905,24288000,0.10%,129816115,81030623115,631886.32,131274985
2021-05-31,26.0164,26.0164,26.0164,26.0164,24832000,0.00%,104984115,81030623115,646039.24,0
2021-06-01,26.0164,26.0164,26.0164,26.0164,28864000,0.00%,76120115,81030623115,750937.37,0
2021-06-02,26.0164,26.0164,26.0164,26.0164,26128000,0.00%,49992115,81030623115,679756.5,0
2021-06-03,26.0164,26.0164,26.0164,26.0164,19696000,0.00%,30296115,81030623115,512419.01,0
2021-06-04,26.0164,26.0425,26.0425,26.0164,30304000,0.10%,129223815,81159854815,789191.92,129231700
2021-06-07,26.0425,26.0425,26.0425,26.0425,31632000,0.00%,97591815,81159854815,823776.36,0
2021-06-08,26.0425,26.0425,26.0425,26.0425,16512000,0.00%,81079815,81159854815,430013.76,0
2021-06-09,26.0425,26.0425,26.0425,26.0425,12432000,0.00%,68647815,81159854815,323760.36,0
2021-06-10,26.0425,26.0425,26.0425,26.0425,18768000,0.00%,49879815,81159854815,488765.64,0
2021-06-11,26.0425,26.0425,26.0425,26.0425,23200000,0.00%,26679815,81159854815,604186.0,0
2021-06-15,26.0425,26.0425,26.0425,26.0425,18448000,0.00%,8231815,81159854815,480432.04,0
2021-06-16,26.0425,26.0685,26.0685,26.0425,15632000,0.10%,118171217,81285426217,407502.79,125571401
2021-06-17,26.0685,26.0685,26.0685,26.0685,22032000,0.00%,96139217,81285426217,574341.19,0
2021-06-18,26.0685,26.0685,26.0685,26.0685,19680000,0.00%,76459217,81285426217,513028.08,0
2021-06-21,26.0685,26.0685,26.0685,26.0685,37616000,0.00%,38843217,81285426217,980592.7,0
2021-06-22,26.0685,26.0946,26.0946,26.0685,49392000,0.10%,114349652,81410324652,1288864.48,124898435
2021-06-23,26.0946,26.0946,26.0946,26.0946,29424000,0.00%,84925652,81410324652,767807.51,0
2021-06-24,26.0946,26.0946,26.0946,26.0946,17520000,0.00%,67405652,81410324652,457177.39,0
2021-06-25,26.0946,26.0946,26.0946,26.0946,30800000,0.00%,36605652,81410324652,803713.68,0
2021-06-28,26.0946,26.0946,26.0946,26.0946,18384000,0.00%,18221652,81410324652,479723.13,0
2021-06-29,26.0946,26.1207,26.1207,26.0946,23536000,0.10%,119888282,81535527282,614776.8,125202629
2021-06-30,26.1207,26.1207,26.1207,26.1207,21792000,0.00%,98096282,81535527282,569222.29,0
2021-07-02,26.1207,26.1207,26.1207,26.1207,39904000,0.00%,58192282,81535527282,1042320.41,0
2021-07-05,26.1207,26.1468,26.1468,26.1207,69344000,0.10%,114056570,81660735570,1813123.7,125208288
2021-07-06,26.1468,26.1468,26.1468,26.1468,31152000,0.00%,82904570,81660735570,814525.11,0
2021-07-07,26.1468,26.1468,26.1468,26.1468,48832000,0.00%,34072570,81660735570,1276800.54,0
2021-07-08,26.1468,26.1729,26.1729,26.1468,73104000,0.10%,86596660,81786363660,1913343.68,125628090
2021-07-09,26.1729,26.1729,26.1729,26.1729,68672000,0.00%,17924660,81786363660,1797345.39,0
2021-07-12,26.1729,26.1991,26.1991,26.1729,49024000,0.10%,95607351,81913070351,1284384.68,126706690
2021-07-13,26.1991,26.1991,26.1991,26.1991,53008000,0.00%,42599351,81913070351,1388761.89,0
2021-07-14,26.1991,26.1991,26.1991,26.1991,31856000,0.00%,10743351,81913070351,834598.53,0
2021-07-15,26.1991,26.2253,26.2253,26.1991,32288000,0.10%,105933925,82040548925,846762.49,127478573
2021-07-16,26.2253,26.2253,26.2253,26.2253,23616000,0.00%,82317925,82040548925,619336.68,0
2021-07-19,26.2253,26.2253,26.2253,26.2253,27056000,0.00%,55261925,82040548925,709551.72,0
2021-07-20,26.2253,26.2253,26.2253,26.2253,31696000,0.00%,23565925,82040548925,831237.11,0
2021-07-21,26.2253,26.2515,26.2515,26.2253,32480000,0.10%,118750881,82168213881,852648.72,127664956
2021-07-22,26.2515,26.2515,26.2515,26.2515,25104000,0.00%,93646881,82168213881,659017.66,0
2021-07-23,26.2515,26.2515,26.2515,26.2515,26816000,0.00%,66830881,82168213881,703960.22,0
2021-07-26,26.2515,26.2778,26.2778,26.2515,131664000,0.10%,63029734,82296076734,3459840.26,127862853
2021-07-27,26.2778,26.3041,26.3041,26.2778,172848000,0.10%,19232885,82425127885,4546611.08,129051151
2021-07-28,26.3041,26.3567,26.3567,26.3041,180576000,0.20%,99646112,82686117112,4759387.46,260989227
2021-07-29,26.3567,26.383,26.383,26.3567,116640000,0.10%,115232109,82818343109,3077313.12,132225996
2021-07-30,26.383,26.383,26.383,26.383,64736000,0.00%,50496109,82818343109,1707929.89,0
2021-08-02,26.383,26.383,26.383,26.383,47120000,0.00%,3376109,82818343109,1243166.96,0
2021-08-03,26.383,26.4358,26.4358,26.383,188496000,0.20%,81820014,83085283014,4983042.56,266939905
2021-08-04,26.4358,26.4358,26.4358,26.4358,73760000,0.00%,8060014,83085283014,1949904.61,0
2021-08-05,26.4358,26.4623,26.4623,26.4358,93808000,0.10%,50109617,83221140617,2482375.44,135857602
2021-08-06,26.4623,26.4887,26.4887,26.4623,68720000,0.10%,117900116,83357651116,1820303.46,136510498
2021-08-09,26.4887,26.4887,26.4887,26.4887,65536000,0.00%,52364116,83357651116,1735963.44,0
2021-08-10,26.4887,26.5152,26.5152,26.4887,65408000,0.10%,123996870,83494691870,1734306.2,137040754
2021-08-11,26.5152,26.5152,26.5152,26.5152,32240000,0.00%,91756870,83494691870,854850.05,0
2021-08-12,26.5152,26.5152,26.5152,26.5152,26160000,0.00%,65596870,83494691870,693637.63,0
2021-08-13,26.5152,26.5152,26.5152,26.5152,42272000,0.00%,23324870,83494691870,1120850.53,0
2021-08-16,26.5152,26.5417,26.5417,26.5152,46432000,0.10%,114346425,83632145425,1232384.21,137453555
2021-08-17,26.5417,26.5417,26.5417,26.5417,69024000,0.00%,45322425,83632145425,1832014.3,0
2021-08-18,26.5417,26.5417,26.5417,26.5417,42560000,0.00%,2762425,83632145425,1129614.75,0
2021-08-19,26.5417,26.5683,26.5683,26.5417,81760000,0.10%,59039521,83770182521,2172224.21,138037095
2021-08-20,26.5683,26.5949,26.5949,26.5683,83424000,0.10%,114160108,83908727108,2218652.94,138544586
2021-08-23,26.5949,26.5949,26.5949,26.5949,71392000,0.00%,42768108,83908727108,1898663.1,0
2021-08-24,26.5949,26.6214,26.6214,26.5949,79232000,0.10%,103058664,84048249664,2109266.76,139522555
2021-08-25,26.6214,26.6214,26.6214,26.6214,65968000,0.00%,37090664,84048249664,1756160.52,0
2021-08-26,26.6214,26.6214,26.6214,26.6214,27680000,0.00%,9410664,84048249664,736880.35,0
2021-08-27,26.6214,26.6481,26.6481,26.6214,37536000,0.10%,112113152,84188488152,1000263.08,140238488
2021-08-30,26.6481,26.6481,26.6481,26.6481,29568000,0.00%,82545152,84188488152,787931.02,0
2021-08-31,26.6481,26.6747,26.6747,26.6481,83488000,0.10%,139173004,84328604004,2227017.35,140115852
2021-09-01,26.6747,26.6747,26.6747,26.6747,56480000,0.00%,82693004,84328604004,1506587.06,0
2021-09-02,26.6747,26.6747,26.6747,26.6747,64752000,0.00%,17941004,84328604004,1727240.17,0
2021-09-03,26.6747,26.7014,26.7014,26.6747,43424000,0.10%,116089562,84470176562,1159481.59,141572558
2021-09-06,26.7014,26.7014,26.7014,26.7014,42832000,0.00%,73257562,84470176562,1143674.36,0
2021-09-07,26.7014,26.7014,26.7014,26.7014,39936000,0.00%,33321562,84470176562,1066347.11,0
2021-09-08,26.7014,26.7281,26.7281,26.7014,52800000,0.10%,122249719,84611904719,1411243.68,141728156
2021-09-09,26.7281,26.7281,26.7281,26.7281,86544000,0.00%,35705719,84611904719,2313156.69,0
2021-09-10,26.7281,26.7548,26.7548,26.7281,57072000,0.10%,120954711,84754225711,1526949.95,142320992
2021-09-13,26.7548,26.7548,26.7548,26.7548,44512000,0.00%,76442711,84754225711,1190909.66,0
2021-09-14,26.7548,26.7548,26.7548,26.7548,31856000,0.00%,44586711,84754225711,852300.91,0
2021-09-15,26.7548,26.7816,26.7816,26.7548,57872000,0.10%,129415212,84896926212,1549904.76,142700500
2021-09-16,26.7816,26.7816,26.7816,26.7816,39232000,0.00%,90183212,84896926212,1050695.73,0
2021-09-17,26.7816,26.7816,26.7816,26.7816,38368000,0.00%,51815212,84896926212,1027556.43,0
2021-09-20,26.7816,26.7816,26.7816,26.7816,24816000,0.00%,26999212,84896926212,664612.19,0
2021-09-21,26.7816,26.7816,26.7816,26.7816,26496000,0.00%,503212,84896926212,709605.27,0
2021-09-23,26.7816,26.8084,26.8084,26.7816,35536000,0.10%,107538934,85039497934,952663.3,142571722
2021-09-24,26.8084,26.8084,26.8084,26.8084,26656000,0.00%,80882934,85039497934,714604.71,0
2021-09-27,26.8084,26.8084,26.8084,26.8084,28752000,0.00%,52130934,85039497934,770795.12,0
2021-09-28,26.8084,26.8084,26.8084,26.8084,33520000,0.00%,18610934,85039497934,898617.57,0
2021-09-29,26.8084,26.8352,26.8352,26.8084,29200000,0.10%,131668181,85181755181,783587.84,142257246
2021-09-30,26.8352,26.8352,26.8352,26.8352,27744000,0.00%,103924181,85181755181,744515.79,0
2021-10-04,26.8352,26.8352,26.8352,26.8352,18752000,0.00%,85172181,85181755181,503213.67,0
2021-10-05,26.8352,26.8352,26.8352,26.8352,19008000,0.00%,66164181,85181755181,510083.48,0
2021-10-06,26.8352,26.8352,26.8352,26.8352,17360000,0.00%,48804181,85181755181,465859.07,0
2021-10-07,26.8352,26.8352,26.8352,26.8352,23280000,0.00%,25524181,85181755181,624723.46,0
2021-10-08,26.8352,26.862,26.862,26.8352,47696000,0.10%,119309441,85323236441,1281209.95,141481260
2021-10-11,26.862,26.862,26.862,26.862,41920000,0.00%,77389441,85323236441,1126055.04,0
2021-10-12,26.862,26.862,26.862,26.862,26320000,0.00%,51069441,85323236441,707007.84,0
2021-10-15,26.862,26.862,26.862,26.862,46608000,0.00%,4461441,85323236441,1251984.1,0
2021-10-18,26.862,26.8889,26.8889,26.862,33168000,0.10%,113092407,85465035407,891851.04,141798966
2021-10-19,26.8889,26.8889,26.8889,26.8889,24688000,0.00%,88404407,85465035407,663833.16,0
2021-10-20,26.8889,26.8889,26.8889,26.8889,52352000,0.00%,36052407,85465035407,1407687.69,0
2021-10-21,26.8889,26.8889,26.8889,26.8889,26688000,0.00%,9364407,85465035407,717610.96,0
2021-10-22,26.8889,26.9158,26.9158,26.8889,20384000,0.10%,131260385,85607315385,548651.67,142279978
2021-10-25,26.9158,26.9158,26.9158,26.9158,19616000,0.00%,111644385,85607315385,527980.33,0
2021-10-26,26.9158,26.9158,26.9158,26.9158,24496000,0.00%,87148385,85607315385,659329.44,0
2021-10-27,26.9158,26.9158,26.9158,26.9158,29952000,0.00%,57196385,85607315385,806182.04,0
2021-10-28,26.9158,26.9158,26.9158,26.9158,21872000,0.00%,35324385,85607315385,588702.38,0
2021-10-29,26.9158,26.9158,26.9158,26.9158,26304000,0.00%,9020385,85607315385,707993.2,0
2021-11-01,26.9158,26.9427,26.9427,26.9158,36240000,0.10%,113274623,85747809623,976403.45,140494238
2021-11-02,26.9427,26.9427,26.9427,26.9427,52816000,0.00%,60458623,85747809623,1423005.64,0
2021-11-03,26.9427,26.9427,26.9427,26.9427,30976000,0.00%,29482623,85747809623,834577.08,0
2021-11-04,26.9427,26.9427,26.9427,26.9427,26304000,0.00%,3178623,85747809623,708700.78,0
2021-11-05,26.9427,26.9696,26.9696,26.9427,32032000,0.10%,111924950,85888587950,863890.23,140778326
2021-11-08,26.9696,26.9696,26.9696,26.9696,35744000,0.00%,76180950,85888587950,964001.38,0
2021-11-09,26.9696,26.9696,26.9696,26.9696,21776000,0.00%,54404950,85888587950,587290.01,0
2021-11-10,26.9696,26.9696,26.9696,26.9696,48992000,0.00%,5412950,85888587950,1321294.64,0
2021-11-11,26.9696,26.9966,26.9966,26.9696,57664000,0.10%,89098017,86029937017,1556731.94,141349066
2021-11-12,26.9966,26.9966,26.9966,26.9966,38128000,0.00%,50970017,86029937017,1029326.36,0
2021-11-15,26.9966,26.9966,26.9966,26.9966,31024000,0.00%,19946017,86029937017,837542.52,0
2021-11-16,26.9966,27.0236,27.0236,26.9966,45216000,0.10%,116430646,86171637646,1221899.1,141700629
2021-11-17,27.0236,27.0236,27.0236,27.0236,34304000,0.00%,82126646,86171637646,927017.57,0
2021-11-18,27.0236,27.0236,27.0236,27.0236,30912000,0.00%,51214646,86171637646,835353.52,0
2021-11-19,27.0236,27.0236,27.0236,27.0236,24336000,0.00%,26878646,86171637646,657646.33,0
2021-11-22,27.0236,27.0236,27.0236,27.0236,23504000,0.00%,3374646,86171637646,635162.69,0
2021-11-23,27.0236,27.0506,27.0506,27.0236,29968000,0.10%,115242519,86313473519,810652.38,141835873
2021-11-24,27.0506,27.0506,27.0506,27.0506,41632000,0.00%,73610519,86313473519,1126170.58,0
2021-11-25,27.0506,27.0506,27.0506,27.0506,27104000,0.00%,46506519,86313473519,733179.46,0
2021-11-26,27.0506,27.0777,27.0777,27.0506,52624000,0.10%,135594562,86455185562,1424936.88,141712042
2021-11-29,27.0777,27.0777,27.0777,27.0777,31216000,0.00%,104378562,86455185562,845257.48,0
2021-11-30,27.0777,27.0777,27.0777,27.0777,56944000,0.00%,47434562,86455185562,1541912.55,0
2021-12-01,27.0777,27.0777,27.0777,27.0777,32544000,0.00%,14890562,86455185562,881216.67,0
2021-12-02,27.0777,27.1047,27.1047,27.0777,28352000,0.10%,129155892,86597802892,768472.45,142617330
2021-12-03,27.1047,27.1047,27.1047,27.1047,36000000,0.00%,93155892,86597802892,975769.2,0
2021-12-06,27.1047,27.1047,27.1047,27.1047,49536000,0.00%,43619892,86597802892,1342658.42,0
2021-12-07,27.1047,27.1047,27.1047,27.1047,37184000,0.00%,6435892,86597802892,1007861.16,0
2021-12-08,27.1047,27.1318,27.1318,27.1047,24272000,0.10%,125579521,86741218521,658543.05,143415629
2021-12-09,27.1318,27.1318,27.1318,27.1318,21360000,0.00%,104219521,86741218521,579535.25,0
2021-12-10,27.1318,27.1318,27.1318,27.1318,24368000,0.00%,79851521,86741218521,661147.7,0
2021-12-13,27.1318,27.1318,27.1318,27.1318,35584000,0.00%,44267521,86741218521,965457.97,0
2021-12-14,27.1318,27.1318,27.1318,27.1318,21840000,0.00%,22427521,86741218521,592558.51,0
2021-12-15,27.1318,27.1318,27.1318,27.1318,21392000,0.00%,1035521,86741218521,580403.47,0
2021-12-16,27.1318,27.159,27.159,27.1318,33648000,0.10%,110998821,86884829821,913846.03,143611300
2021-12-17,27.159,27.159,27.159,27.159,45248000,0.00%,65750821,86884829821,1228890.43,0
2021-12-20,27.159,27.159,27.159,27.159,32656000,0.00%,33094821,86884829821,886904.3,0
2021-12-21,27.159,27.159,27.159,27.159,27568000,0.00%,5526821,86884829821,748719.31,0
2021-12-22,27.159,27.1861,27.1861,27.159,22144000,0.10%,127667014,87029114014,602009.0,144284192
2021-12-23,27.1861,27.1861,27.1861,27.1861,52720000,0.00%,74947014,87029114014,1433251.19,0
2021-12-24,27.1861,27.1861,27.1861,27.1861,15216000,0.00%,59731014,87029114014,413663.7,0
2021-12-28,27.1861,27.1861,27.1861,27.1861,30320000,0.00%,29411014,87029114014,824282.55,0
2021-12-29,27.1861,27.1861,27.1861,27.1861,15344000,0.00%,14067014,87029114014,417143.52,0
2021-12-30,27.1861,27.1861,27.1861,27.1861,12256000,0.00%,1811014,87029114014,333192.84,0
2021-12-31,27.1861,27.2133,27.2133,27.1861,15808000,0.10%,130421596,87173532596,430187.85,144418582
2022-01-03,27.2133,27.2133,27.2133,27.2133,9933000,0.00%,120488596,87173532596,270309.71,0
2022-01-04,27.2133,27.2133,27.2133,27.2133,22374000,0.00%,98114596,87173532596,608870.37,0
2022-01-05,27.2133,27.2133,27.2133,27.2133,52684500,0.00%,45430096,87173532596,1433719.1,0
2022-01-06,27.2133,27.2133,27.2133,27.2133,36943500,0.00%,8486596,87173532596,1005354.55,0
2022-01-07,27.2133,27.2405,27.2405,27.2133,34336500,0.10%,119098944,87318481444,935343.43,144948847
2022-01-10,27.2405,27.2405,27.2405,27.2405,32274000,0.00%,86824944,87318481444,879159.9,0
2022-01-11,27.2405,27.2405,27.2405,27.2405,27076500,0.00%,59748444,87318481444,737577.4,0
2022-01-12,27.2405,27.2405,27.2405,27.2405,46645500,0.00%,13102944,87318481444,1270646.74,0
2022-01-13,27.2405,27.2678,27.2678,27.2405,30211500,0.10%,128127125,87463717125,823801.14,145235681
2022-01-14,27.2678,27.2678,27.2678,27.2678,22638000,0.00%,105489125,87463717125,617288.46,0
2022-01-17,27.2678,27.2678,27.2678,27.2678,20922000,0.00%,84567125,87463717125,570496.91,0
2022-01-18,27.2678,27.2678,27.2678,27.2678,38841000,0.00%,45726125,87463717125,1059108.62,0
2022-01-19,27.2678,27.2678,27.2678,27.2678,28858500,0.00%,16867625,87463717125,786907.81,0
2022-01-20,27.2678,27.295,27.295,27.2678,48741000,0.10%,113037067,87608627567,1330385.59,144910441
2022-01-21,27.295,27.295,27.295,27.295,44253000,0.00%,68784067,87608627567,1207885.64,0
2022-01-24,27.295,27.295,27.295,27.295,24222000,0.00%,44562067,87608627567,661139.49,0
2022-01-25,27.295,27.295,27.295,27.295,41250000,0.00%,3312067,87608627567,1125918.75,0
2022-01-26,27.295,27.3223,27.3223,27.295,35673000,0.10%,112584693,87753573193,974668.41,144945625
2022-01-27,27.3223,27.3223,27.3223,27.3223,33841500,0.00%,78743193,87753573193,924627.62,0
2022-01-28,27.3223,27.3223,27.3223,27.3223,24799500,0.00%,53943693,87753573193,677579.38,0
2022-01-31,27.3223,27.3223,27.3223,27.3223,18859500,0.00%,35084193,87753573193,515284.92,0
2022-02-04,27.3223,27.3223,27.3223,27.3223,26284500,0.00%,8799693,87753573193,718152.99,0
2022-02-07,27.3223,27.3497,27.3497,27.3223,25377000,0.10%,127029414,87897179914,694053.34,143606721
2022-02-08,27.3497,27.3497,27.3497,27.3497,30937500,0.00%,96091914,87897179914,846131.34,0
2022-02-09,27.3497,27.3497,27.3497,27.3497,38560500,0.00%,57531414,87897179914,1054618.11,0
2022-02-10,27.3497,27.3497,27.3497,27.3497,31036500,0.00%,26494914,87897179914,848838.96,0
2022-02-11,27.3497,27.3497,27.3497,27.3497,25608000,0.00%,886914,87897179914,700371.12,0
2022-02-14,27.3497,27.377,27.377,27.3497,21219000,0.10%,123563633,88041075633,580912.56,143895719
2022-02-15,27.377,27.377,27.377,27.377,22918500,0.00%,100645133,88041075633,627439.77,0
2022-02-16,27.377,27.377,27.377,27.377,20146500,0.00%,80498633,88041075633,551550.73,0
2022-02-17,27.377,27.377,27.377,27.377,21318000,0.00%,59180633,88041075633,583622.89,0
2022-02-18,27.377,27.377,27.377,27.377,39649500,0.00%,19531133,88041075633,1085484.36,0
2022-02-21,27.377,27.4044,27.4044,27.377,75966000,0.10%,87152250,88184662750,2081802.65,143587116
2022-02-22,27.4044,27.4044,27.4044,27.4044,50424000,0.00%,36728250,88184662750,1381839.47,0
2022-02-23,27.4044,27.4044,27.4044,27.4044,33396000,0.00%,3332250,88184662750,915197.34,0
2022-02-24,27.4044,27.4318,27.4318,27.4044,56050500,0.10%,91954901,88329335901,1537566.11,144673151
2022-02-25,27.4318,27.4318,27.4318,27.4318,42124500,0.00%,49830401,88329335901,1155550.86,0
2022-02-28,27.4318,27.4318,27.4318,27.4318,44302500,0.00%,5527901,88329335901,1215297.32,0
2022-03-01,27.4318,27.4592,27.4592,27.4318,31861500,0.10%,119405037,88475074537,874891.3,145738635
2022-03-02,27.4592,27.4592,27.4592,27.4592,23116500,0.00%,96288537,88475074537,634760.6,0
2022-03-03,27.4592,27.4592,27.4592,27.4592,32785500,0.00%,63503037,88475074537,900263.6,0
2022-03-04,27.4592,27.4867,27.4867,27.4592,68557500,0.10%,140854905,88620983905,1884419.44,145909368
2022-03-07,27.4867,27.4867,27.4867,27.4867,65802000,0.00%,75052905,88620983905,1808679.83,0
2022-03-08,27.4867,27.4867,27.4867,27.4867,53228999,0.00%,21823905,88620983905,1463089.55,0
2022-03-09,27.4867,27.5142,27.5142,27.4867,54796500,0.10%,114154317,88768110817,1507681.86,147126911
2022-03-10,27.5142,27.5142,27.5142,27.5142,39699000,0.00%,74455317,88768110817,1092286.23,0
2022-03-11,27.5142,27.5417,27.5417,27.5142,79926000,0.10%,142094297,88915675797,2201297.91,147564980
2022-03-14,27.5417,27.5417,27.5417,27.5417,110401500,0.00%,31692797,88915675797,3040644.99,0
2022-03-15,27.5417,27.5968,27.5968,27.5417,195360000,0.20%,134899623,89214242623,5391310.85,298566826
2022-03-16,27.5968,27.6244,27.6244,27.5968,177771000,0.10%,108316448,89365430448,4910817.21,151187824
2022-03-17,27.6244,27.652,27.652,27.6244,114988500,0.10%,145455022,89517557522,3179662.0,152127073
2022-03-18,27.652,27.652,27.652,27.652,62221500,0.00%,83233522,89517557522,1720548.92,0
2022-03-21,27.652,27.652,27.652,27.652,50655000,0.00%,32578522,89517557522,1400712.06,0
2022-03-22,27.652,27.6797,27.6797,27.652,51166500,0.10%,134773761,89670919261,1416273.37,153361739
2022-03-23,27.6797,27.6797,27.6797,27.6797,69729000,0.00%,65044761,89670919261,1930077.8,0
2022-03-24,27.6797,27.7073,27.7073,27.6797,77434500,0.10%,141530071,89824839071,2145500.92,153919809
2022-03-25,27.7073,27.7073,27.7073,27.7073,63195000,0.00%,78335071,89824839071,1750962.82,0
2022-03-28,27.7073,27.7073,27.7073,27.7073,44434500,0.00%,33900571,89824839071,1231160.02,0
2022-03-29,27.7073,27.735,27.735,27.7073,34485000,0.10%,153801412,89979224912,956441.47,154385841
2022-03-30,27.735,27.735,27.735,27.735,44467500,0.00%,109333912,89979224912,1233306.11,0
2022-03-31,27.735,27.735,27.735,27.735,24073500,0.00%,85260412,89979224912,667678.52,0
2022-04-01,27.735,27.735,27.735,27.735,23925000,0.00%,61335412,89979224912,663559.88,0
2022-04-04,27.735,27.735,27.735,27.735,25855500,0.00%,35479912,89979224912,717102.29,0
2022-04-06,27.735,27.735,27.735,27.735,28264500,0.00%,7215412,89979224912,783915.91,0
2022-04-07,27.735,27.7628,27.7628,27.735,26185500,0.10%,134143371,90132338371,726982.8,153113458
2022-04-08,27.7628,27.7628,27.7628,27.7628,32340000,0.00%,101803371,90132338371,897848.95,0
2022-04-11,27.7628,27.7628,27.7628,27.7628,37603500,0.00%,64199871,90132338371,1043978.45,0
2022-04-12,27.7628,27.7628,27.7628,27.7628,43576500,0.00%,20623371,90132338371,1209805.65,0
2022-04-13,27.7628,27.7905,27.7905,27.7628,35706000,0.10%,137298138,90284719138,992287.59,152380766
2022-04-14,27.7905,27.7905,27.7905,27.7905,25014000,0.00%,112284138,90284719138,695151.57,0
2022-04-19,27.7905,27.7905,27.7905,27.7905,29271000,0.00%,83013138,90284719138,813455.73,0
2022-04-20,27.7905,27.7905,27.7905,27.7905,17902500,0.00%,65110638,90284719138,497519.43,0
2022-04-21,27.7905,27.7905,27.7905,27.7905,42471000,0.00%,22639638,90284719138,1180290.33,0
2022-04-22,27.7905,27.8183,27.8183,27.7905,46249500,0.10%,126720037,90435049037,1286582.47,150329898
2022-04-25,27.8183,27.8183,27.8183,27.8183,42553500,0.00%,84166537,90435049037,1183766.03,0
2022-04-26,27.8183,27.8183,27.8183,27.8183,45028500,0.00%,39138037,90435049037,1252616.32,0
2022-04-27,27.8183,27.8183,27.8183,27.8183,38626500,0.00%,511537,90435049037,1074523.56,0
2022-04-28,27.8183,27.8462,27.8462,27.8183,35029500,0.10%,116047305,90585614305,975438.46,150565268
2022-04-29,27.8462,27.8462,27.8462,27.8462,78325500,0.00%,37721805,90585614305,2181067.54,0
2022-05-03,27.8462,27.874,27.874,27.8462,42190500,0.10%,146723618,90736806618,1176018.0,151192313
2022-05-04,27.874,27.874,27.874,27.874,23265000,0.00%,123458618,90736806618,648488.61,0
2022-05-05,27.874,27.874,27.874,27.874,35293500,0.00%,88165118,90736806618,983771.02,0
2022-05-06,27.874,27.874,27.874,27.874,37818000,0.00%,50347118,90736806618,1054138.93,0
2022-05-10,27.874,27.874,27.874,27.874,46860000,0.00%,3487118,90736806618,1306175.64,0
2022-05-11,27.874,27.9019,27.9019,27.874,40177500,0.10%,115221647,90888718647,1121028.59,151912028
2022-05-12,27.9019,27.9019,27.9019,27.9019,33033000,0.00%,82188647,90888718647,921683.46,0
2022-05-13,27.9019,27.9019,27.9019,27.9019,32158500,0.00%,50030147,90888718647,897283.25,0
2022-05-16,27.9019,27.9019,27.9019,27.9019,25674000,0.00%,24356147,90888718647,716353.38,0
2022-05-17,27.9019,27.9298,27.9298,27.9019,49698000,0.10%,126185575,91040246075,1388055.2,151527428
2022-05-18,27.9298,27.9298,27.9298,27.9298,46761000,0.00%,79424575,91040246075,1306025.38,0
2022-05-19,27.9298,27.9577,27.9577,27.9298,99247500,0.10%,131540650,91191609650,2774731.83,151363574
2022-05-20,27.9577,27.9577,27.9577,27.9577,46744500,0.00%,84796150,91191609650,1306868.71,0
2022-05-23,27.9577,27.9577,27.9577,27.9577,28099500,0.00%,56696650,91191609650,785597.39,0
2022-05-24,27.9577,27.9577,27.9577,27.9577,32505000,0.00%,24191650,91191609650,908765.04,0
2022-05-25,27.9577,27.9857,27.9857,27.9577,35557500,0.10%,140478879,91343454379,995101.53,151844728
2022-05-26,27.9857,27.9857,27.9857,27.9857,30525000,0.00%,109953879,91343454379,854263.49,0
2022-05-27,27.9857,27.9857,27.9857,27.9857,34254000,0.00%,75699879,91343454379,958622.17,0
2022-05-30,27.9857,27.9857,27.9857,27.9857,36795000,0.00%,38904879,91343454379,1029733.83,0
2022-05-31,27.9857,28.0136,28.0136,27.9857,106854000,0.10%,83133474,91494536974,2993365.21,151082595
2022-06-01,28.0136,28.0136,28.0136,28.0136,44418000,0.00%,38715474,91494536974,1244308.08,0
2022-06-02,28.0136,28.0136,28.0136,28.0136,23397000,0.00%,15318474,91494536974,655434.2,0
2022-06-06,28.0136,28.0417,28.0417,28.0136,39435000,0.10%,127699658,91646353158,1105824.44,151816183
2022-06-07,28.0417,28.0417,28.0417,28.0417,44698500,0.00%,83001158,91646353158,1253421.93,0
2022-06-08,28.0417,28.0417,28.0417,28.0417,78342000,0.00%,4659158,91646353158,2196842.86,0
2022-06-09,28.0417,28.0697,28.0697,28.0417,64597500,0.10%,92392431,91798683931,1813232.45,152330772
2022-06-10,28.0697,28.0697,28.0697,28.0697,49104000,0.00%,43288431,91798683931,1378334.55,0
2022-06-13,28.0697,28.0697,28.0697,28.0697,41151000,0.00%,2137431,91798683931,1155096.22,0
2022-06-14,28.0697,28.0978,28.0978,28.0697,26911499,0.10%,128240419,91951698419,756153.94,153014488
2022-06-15,28.0978,28.0978,28.0978,28.0978,35046000,0.00%,93194419,91951698419,984715.5,0
2022-06-16,28.0978,28.0978,28.0978,28.0978,36531000,0.00%,56663419,91951698419,1026440.73,0
2022-06-17,28.0978,28.0978,28.0978,28.0978,32142000,0.00%,24521419,91951698419,903119.49,0
2022-06-20,28.0978,28.0978,28.0978,28.0978,19206000,0.00%,5315419,91951698419,539646.35,0
2022-06-21,28.0978,28.1259,28.1259,28.0978,24766500,0.10%,132888476,92104037976,696580.1,152339556
2022-06-22,28.1259,28.1259,28.1259,28.1259,22621500,0.00%,110266976,92104037976,636250.05,0
2022-06-23,28.1259,28.1259,28.1259,28.1259,20823000,0.00%,89443976,92104037976,585665.62,0
2022-06-24,28.1259,28.1259,28.1259,28.1259,30030000,0.00%,59413976,92104037976,844620.78,0
2022-06-27,28.1259,28.154,28.154,28.1259,94710000,0.10%,116354126,92255688126,2666465.34,151650150
2022-06-28,28.154,28.154,28.154,28.154,96673500,0.00%,19680626,92255688126,2721745.72,0
2022-06-29,28.154,28.1821,28.1821,28.154,57717000,0.10%,110944349,92404668849,1626586.27,148980722
2022-06-30,28.1821,28.1821,28.1821,28.1821,55093500,0.00%,55850849,92404668849,1552650.53,0
2022-07-04,28.1821,28.2103,28.2103,28.1821,63459000,0.10%,141815330,92554092330,1790197.43,149423481
2022-07-05,28.2103,28.2103,28.2103,28.2103,32158500,0.00%,109656830,92554092330,907200.93,0
2022-07-06,28.2103,28.2103,28.2103,28.2103,40953000,0.00%,68703830,92554092330,1155296.42,0
2022-07-07,28.2103,28.2103,28.2103,28.2103,31333500,0.00%,37370330,92554092330,883927.44,0
2022-07-08,28.2103,28.2103,28.2103,28.2103,30937500,0.00%,6432830,92554092330,872756.16,0
2022-07-11,28.2103,28.2385,28.2385,28.2103,33990000,0.10%,122602822,92704252322,959826.61,150159991
2022-07-12,28.2385,28.2385,28.2385,28.2385,28561500,0.00%,94041322,92704252322,806533.92,0
2022-07-13,28.2385,28.2385,28.2385,28.2385,28264500,0.00%,65776822,92704252322,798147.08,0
2022-07-14,28.2385,28.2385,28.2385,28.2385,27670500,0.00%,38106322,92704252322,781373.41,0
2022-07-15,28.2385,28.2668,28.2668,28.2385,43444500,0.10%,144962818,92854553318,1228036.99,150300995
2022-07-18,28.2668,28.2668,28.2668,28.2668,33610500,0.00%,111352318,92854553318,950061.28,0
2022-07-19,28.2668,28.2668,28.2668,28.2668,20889000,0.00%,90463318,92854553318,590465.19,0
2022-07-20,28.2668,28.2668,28.2668,28.2668,26367000,0.00%,64096318,92854553318,745310.72,0
2022-07-21,28.2668,28.2668,28.2668,28.2668,31531500,0.00%,32564818,92854553318,891294.6,0
2022-07-22,28.2668,28.2668,28.2668,28.2668,24882000,0.00%,7682818,92854553318,703334.52,0
2022-07-25,28.2668,28.295,28.295,28.2668,27802500,0.10%,131142996,93005815996,786671.74,151262678
2022-07-26,28.295,28.295,28.295,28.295,22869000,0.00%,108273996,93005815996,647078.35,0
2022-07-27,28.295,28.295,28.295,28.295,32703000,0.00%,75570996,93005815996,925331.39,0
2022-07-28,28.295,28.295,28.295,28.295,25327500,0.00%,50243496,93005815996,716641.61,0
2022-07-29,28.295,28.3233,28.3233,28.295,61363500,0.10%,140074276,93157010276,1738016.82,151194280
2022-08-01,28.3233,28.3233,28.3233,28.3233,65983500,0.00%,74090776,93157010276,1868870.47,0
2022-08-02,28.3233,28.3233,28.3233,28.3233,70438500,0.00%,3652276,93157010276,1995050.77,0
2022-08-03,28.3233,28.3517,28.3517,28.3233,45210000,0.10%,110592138,93309160138,1281780.36,152149861
2022-08-04,28.3517,28.3517,28.3517,28.3517,32653500,0.00%,77938638,93309160138,925782.24,0
2022-08-05,28.3517,28.3517,28.3517,28.3517,27126000,0.00%,50812638,93309160138,769068.21,0
2022-08-08,28.3517,28.3517,28.3517,28.3517,24832500,0.00%,25980138,93309160138,704043.59,0
2022-08-09,28.3517,28.3517,28.3517,28.3517,23413500,0.00%,2566638,93309160138,663812.53,0
2022-08-10,28.3517,28.38,28.38,28.3517,25344000,0.10%,129265359,93461202859,719262.72,152042721
2022-08-11,28.38,28.38,28.38,28.38,24519000,0.00%,104746359,93461202859,695849.22,0
2022-08-12,28.38,28.38,28.38,28.38,18117000,0.00%,86629359,93461202859,514160.46,0
2022-08-15,28.38,28.38,28.38,28.38,19173000,0.00%,67456359,93461202859,544129.74,0
2022-08-16,28.38,28.38,28.38,28.38,38824500,0.00%,28631859,93461202859,1101839.31,0
2022-08-17,28.38,28.4084,28.4084,28.38,29073000,0.10%,151162098,93612806098,825917.41,151603238
2022-08-18,28.4084,28.4084,28.4084,28.4084,53146500,0.00%,98015598,93612806098,1509807.03,0
2022-08-19,28.4084,28.4084,28.4084,28.4084,38395500,0.00%,59620098,93612806098,1090754.72,0
2022-08-22,28.4084,28.4084,28.4084,28.4084,24387000,0.00%,35233098,93612806098,692795.65,0
2022-08-23,28.4084,28.4084,28.4084,28.4084,22324500,0.00%,12908598,93612806098,634203.33,0
2022-08-24,28.4084,28.4368,28.4368,28.4084,21532500,0.10%,143460735,93764890735,612315.4,152084637
2022-08-25,28.4368,28.4368,28.4368,28.4368,32076000,0.00%,111384735,93764890735,912138.8,0
2022-08-26,28.4368,28.4368,28.4368,28.4368,30657000,0.00%,80727735,93764890735,871786.98,0
2022-08-29,28.4368,28.4368,28.4368,28.4368,20443500,0.00%,60284235,93764890735,581347.72,0
2022-08-30,28.4368,28.4368,28.4368,28.4368,23166000,0.00%,37118235,93764890735,658766.91,0
2022-08-31,28.4368,28.4652,28.4652,28.4368,43246500,0.10%,146256526,93917275526,1231020.27,152384791
2022-09-01,28.4652,28.4652,28.4652,28.4652,39484500,0.00%,106772026,93917275526,1123934.19,0
2022-09-02,28.4652,28.4652,28.4652,28.4652,42058500,0.00%,64713526,93917275526,1197203.61,0
2022-09-05,28.4652,28.4652,28.4652,28.4652,33610500,0.00%,31103026,93917275526,956729.6,0
2022-09-06,28.4652,28.4652,28.4652,28.4652,26779500,0.00%,4323526,93917275526,762283.82,0
2022-09-07,28.4652,28.4937,28.4937,28.4652,25047000,0.10%,132546989,94070545989,713681.7,153270462
2022-09-08,28.4937,28.4937,28.4937,28.4937,38890500,0.00%,93656489,94070545989,1108134.24,0
2022-09-09,28.4937,28.4937,28.4937,28.4937,28314000,0.00%,65342489,94070545989,806770.62,0
2022-09-13,28.4937,28.4937,28.4937,28.4937,28330500,0.00%,37011989,94070545989,807240.77,0
2022-09-14,28.4937,28.4937,28.4937,28.4937,29683500,0.00%,7328489,94070545989,845792.74,0
2022-09-15,28.4937,28.5222,28.5222,28.4937,21978000,0.10%,138703076,94223898576,626860.91,153352586
2022-09-16,28.5222,28.5222,28.5222,28.5222,41151000,0.00%,97552076,94223898576,1173717.05,0
2022-09-19,28.5222,28.5222,28.5222,28.5222,37818000,0.00%,59734076,94223898576,1078652.56,0
2022-09-20,28.5222,28.5222,28.5222,28.5222,24981000,0.00%,34753076,94223898576,712513.08,0
2022-09-21,28.5222,28.5222,28.5222,28.5222,26548500,0.00%,8204576,94223898576,757221.63,0
2022-09-22,28.5222,28.5507,28.5507,28.5222,28941000,0.10%,132271114,94376906114,826285.81,153007538
2022-09-23,28.5507,28.5507,28.5507,28.5507,32455500,0.00%,99815614,94376906114,926627.24,0
2022-09-26,28.5507,28.5507,28.5507,28.5507,40672500,0.00%,59143114,94376906114,1161228.35,0
2022-09-27,28.5507,28.5507,28.5507,28.5507,37504500,0.00%,21638614,94376906114,1070779.73,0
2022-09-28,28.5507,28.5793,28.5793,28.5507,36564000,0.10%,136972267,94528803767,1044973.53,151897653
2022-09-29,28.5793,28.5793,28.5793,28.5793,33264000,0.00%,103708267,94528803767,950661.84,0
2022-09-30,28.5793,28.5793,28.5793,28.5793,37059000,0.00%,66649267,94528803767,1059120.28,0
2022-10-03,28.5793,28.5793,28.5793,28.5793,23083500,0.00%,43565767,94528803767,659710.27,0
2022-10-05,28.5793,28.5793,28.5793,28.5793,29931000,0.00%,13634767,94528803767,855407.03,0
2022-10-06,28.5793,28.6079,28.6079,28.5793,17110500,0.10%,148393956,94680673456,489495.47,151869688
2022-10-07,28.6079,28.6079,28.6079,28.6079,16467000,0.00%,131926956,94680673456,471086.29,0
2022-10-10,28.6079,28.6079,28.6079,28.6079,25872000,0.00%,106054956,94680673456,740143.59,0
2022-10-11,28.6079,28.6079,28.6079,28.6079,35178000,0.00%,70876956,94680673456,1006368.71,0
2022-10-12,28.6079,28.6079,28.6079,28.6079,52849500,0.00%,18027456,94680673456,1511913.21,0
2022-10-13,28.6079,28.6365,28.6365,28.6079,36564000,0.10%,132244209,94831454209,1047064.99,150780753
2022-10-14,28.6365,28.6365,28.6365,28.6365,51909000,0.00%,80335209,94831454209,1486492.08,0
2022-10-17,28.6365,28.6365,28.6365,28.6365,43428000,0.00%,36907209,94831454209,1243625.92,0
2022-10-18,28.6365,28.6365,28.6365,28.6365,36514500,0.00%,392709,94831454209,1045647.48,0
2022-10-19,28.6365,28.6651,28.6651,28.6365,34584000,0.10%,112496807,94978142307,991353.82,146688097
2022-10-20,28.6651,28.6651,28.6651,28.6651,81526500,0.00%,30970307,94978142307,2336965.28,0
2022-10-21,28.6651,28.6938,28.6938,28.6651,43807500,0.10%,132564374,95123543874,1257003.64,145401567
2022-10-24,28.6938,28.7225,28.7225,28.6938,140365500,0.10%,137284390,95268629390,4031648.07,145085515
2022-10-25,28.7225,28.7225,28.7225,28.7225,120483000,0.00%,16801390,95268629390,3460572.97,0
2022-10-26,28.7225,28.7512,28.7512,28.7225,83077500,0.10%,80178258,95415083758,2388577.82,146454368
2022-10-27,28.7512,28.7512,28.7512,28.7512,70488000,0.00%,9690258,95415083758,2026614.59,0
2022-10-28,28.7512,28.7799,28.7799,28.7512,67369500,0.10%,89160704,95561923704,1938887.47,146839945
2022-10-31,28.7799,28.7799,28.7799,28.7799,81691500,0.00%,7469204,95561923704,2351073.2,0
2022-11-01,28.7799,28.8087,28.8087,28.7799,128436000,0.10%,27033604,95709924104,3700074.19,148000400
2022-11-02,28.8087,28.8375,28.8375,28.8087,57997500,0.10%,118116224,95859004224,1672502.91,149080120
2022-11-03,28.8375,28.8375,28.8375,28.8375,50539500,0.00%,67576724,95859004224,1457432.83,0
2022-11-04,28.8375,28.8664,28.8664,28.8375,110814000,0.10%,105826601,96008068101,3198801.25,149063876
2022-11-07,28.8664,28.8664,28.8664,28.8664,72567000,0.00%,33259601,96008068101,2094748.05,0
2022-11-08,28.8664,28.8952,28.8952,28.8664,38841000,0.10%,144301097,96157950597,1122318.46,149882496
2022-11-09,28.8952,28.8952,28.8952,28.8952,52239000,0.00%,92062097,96157950597,1509456.35,0
2022-11-10,28.8952,28.8952,28.8952,28.8952,38379000,0.00%,53683097,96157950597,1108968.88,0
2022-11-11,28.8952,28.9241,28.9241,28.8952,87466500,0.10%,114977358,96306711358,2529889.79,148760761
2022-11-14,28.9241,28.9241,28.9241,28.9241,79860000,0.00%,35117358,96306711358,2309878.63,0
2022-11-15,28.9241,28.953,28.953,28.9241,104115000,0.10%,80743206,96456452206,3014441.6,149740847
2022-11-16,28.953,28.982,28.982,28.953,101953500,0.10%,129358481,96607020981,2954816.34,150568775
2022-11-17,28.982,28.982,28.982,28.982,115203000,0.00%,14155481,96607020981,3338813.35,0
2022-11-18,28.982,29.011,29.011,28.982,73854000,0.10%,92236819,96758956319,2142578.39,151935337
2022-11-21,29.011,29.011,29.011,29.011,51661500,0.00%,40575319,96758956319,1498751.78,0
2022-11-22,29.011,29.04,29.04,29.011,46959000,0.10%,145666502,96911006502,1363689.36,152050183
2022-11-23,29.04,29.04,29.04,29.04,38577000,0.00%,107089502,96911006502,1120276.08,0
2022-11-24,29.04,29.04,29.04,29.04,28330500,0.00%,78759002,96911006502,822717.72,0
2022-11-25,29.04,29.04,29.04,29.04,51678000,0.00%,27081002,96911006502,1500729.12,0
2022-11-28,29.04,29.069,29.069,29.04,55275000,0.10%,123808258,97063008758,1606788.98,152002256
2022-11-29,29.069,29.069,29.069,29.069,54681000,0.00%,69127258,97063008758,1589521.99,0
2022-11-30,29.069,29.0981,29.0981,29.069,76939500,0.10%,143856485,97214677485,2238793.26,151668727
2022-12-01,29.0981,29.0981,29.0981,29.0981,75157500,0.00%,68698985,97214677485,2186940.45,0
2022-12-02,29.0981,29.0981,29.0981,29.0981,41398500,0.00%,27300485,97214677485,1204617.69,0
2022-12-05,29.0981,29.1272,29.1272,29.0981,98719500,0.10%,81077838,97367174338,2875422.62,152496853
2022-12-06,29.1272,29.1272,29.1272,29.1272,47949000,0.00%,33128838,97367174338,1396620.11,0
2022-12-07,29.1272,29.1563,29.1563,29.1272,67831500,0.10%,118682732,97520559732,1977715.56,153385393
2022-12-08,29.1563,29.1563,29.1563,29.1563,56248500,0.00%,62434232,97520559732,1639998.14,0
2022-12-09,29.1563,29.1855,29.1855,29.1563,66660000,0.10%,150061775,97674847275,1945505.43,154287543
2022-12-12,29.1855,29.1855,29.1855,29.1855,33841500,0.00%,116220275,97674847275,987681.1,0
2022-12-13,29.1855,29.1855,29.1855,29.1855,33511500,0.00%,82708775,97674847275,978049.88,0
2022-12-14,29.1855,29.1855,29.1855,29.1855,39996000,0.00%,42712775,97674847275,1167303.26,0
2022-12-15,29.1855,29.1855,29.1855,29.1855,31284000,0.00%,11428775,97674847275,913039.18,0
2022-12-16,29.1855,29.2147,29.2147,29.1855,41464500,0.10%,124985806,97829868806,1211372.93,155021530
2022-12-19,29.2147,29.2147,29.2147,29.2147,41085000,0.00%,83900806,97829868806,1200285.95,0
2022-12-20,29.2147,29.2147,29.2147,29.2147,47949000,0.00%,35951806,97829868806,1400815.65,0
2022-12-21,29.2147,29.2147,29.2147,29.2147,25278000,0.00%,10673806,97829868806,738489.19,0
2022-12-22,29.2147,29.2439,29.2439,29.2147,40012500,0.10%,126606874,97985814374,1170121.55,155945568
2022-12-23,29.2439,29.2439,29.2439,29.2439,25575000,0.00%,101031874,97985814374,747912.74,0
2022-12-28,29.2439,29.2439,29.2439,29.2439,39913500,0.00%,61118374,97985814374,1167226.4,0
2022-12-29,29.2439,29.2439,29.2439,29.2439,49648500,0.00%,11469874,97985814374,1451915.77,0
2022-12-30,29.2439,29.2731,29.2731,29.2439,44896500,0.10%,122777335,98142018335,1314259.73,156203960
2023-01-03,29.2731,29.2731,29.2731,29.2731,50932000,0.00%,71845335,98142018335,1490937.53,0
2023-01-04,29.2731,29.2731,29.2731,29.2731,63631000,0.00%,8214335,98142018335,1862676.63,0
2023-01-05,29.2731,29.3024,29.3024,29.2731,69360000,0.10%,95772674,98298936674,2032414.46,156918339
2023-01-06,29.3024,29.3024,29.3024,29.3024,46053000,0.00%,49719674,98298936674,1349463.43,0
2023-01-09,29.3024,29.3024,29.3024,29.3024,48144000,0.00%,1575674,98298936674,1410734.75,0
2023-01-10,29.3024,29.3317,29.3317,29.3024,33745000,0.10%,125568472,98456674472,989798.22,157737797
2023-01-11,29.3317,29.3317,29.3317,29.3317,60724000,0.00%,64844472,98456674472,1781138.15,0
2023-01-12,29.3317,29.361,29.361,29.3317,68935000,0.10%,154229938,98614994938,2024000.54,158320466
2023-01-13,29.361,29.361,29.361,29.361,35649000,0.00%,118580938,98614994938,1046690.29,0
2023-01-16,29.361,29.361,29.361,29.361,33983000,0.00%,84597938,98614994938,997774.86,0
2023-01-17,29.361,29.361,29.361,29.361,27370000,0.00%,57227938,98614994938,803610.57,0
2023-01-18,29.361,29.361,29.361,29.361,46104000,0.00%,11123938,98614994938,1353659.54,0
2023-01-19,29.361,29.3904,29.3904,29.361,29495000,0.10%,140587743,98773953743,866869.85,158958804
2023-01-20,29.3904,29.3904,29.3904,29.3904,28662000,0.00%,111925743,98773953743,842387.64,0
2023-01-26,29.3904,29.3904,29.3904,29.3904,40341000,0.00%,71584743,98773953743,1185638.13,0
2023-01-27,29.3904,29.3904,29.3904,29.3904,31671000,0.00%,39913743,98773953743,930823.36,0
2023-01-30,29.3904,29.4198,29.4198,29.3904,91171000,0.10%,107791186,98933002186,2682232.59,159048442
2023-01-31,29.4198,29.4198,29.4198,29.4198,94792000,0.00%,12999186,98933002186,2788761.68,0
2023-02-01,29.4198,29.4492,29.4492,29.4198,53414000,0.10%,120056013,99093473013,1572999.57,160470827
2023-02-02,29.4492,29.4492,29.4492,29.4492,40392000,0.00%,79664013,99093473013,1189512.09,0
2023-02-03,29.4492,29.4492,29.4492,29.4492,44098000,0.00%,35566013,99093473013,1298650.82,0
2023-02-06,29.4492,29.4787,29.4787,29.4492,43503000,0.10%,152689633,99254099633,1282411.89,160626619
2023-02-07,29.4787,29.4787,29.4787,29.4787,33660000,0.00%,119029633,99254099633,992253.04,0
2023-02-08,29.4787,29.4787,29.4787,29.4787,29359000,0.00%,89670633,99254099633,865465.15,0
2023-02-09,29.4787,29.4787,29.4787,29.4787,45322000,0.00%,44348633,99254099633,1336033.64,0
2023-02-10,29.4787,29.4787,29.4787,29.4787,41837000,0.00%,2511633,99254099633,1233300.37,0
2023-02-13,29.4787,29.5081,29.5081,29.4787,34612000,0.10%,129023063,99415223063,1021334.36,161123430
2023-02-14,29.5081,29.5081,29.5081,29.5081,30481000,0.00%,98542063,99415223063,899436.4,0
2023-02-15,29.5081,29.5081,29.5081,29.5081,28050000,0.00%,70492063,99415223063,827702.21,0
2023-02-16,29.5081,29.5081,29.5081,29.5081,37247000,0.00%,33245063,99415223063,1099088.2,0
2023-02-17,29.5081,29.5081,29.5081,29.5081,30124000,0.00%,3121063,99415223063,888902.0,0
2023-02-20,29.5081,29.5376,29.5376,29.5081,20927000,0.10%,143112060,99576141060,618133.36,160917997
2023-02-21,29.5376,29.5376,29.5376,29.5376,49827000,0.00%,93285060,99576141060,1471770.0,0
2023-02-22,29.5376,29.5376,29.5376,29.5376,56355000,0.00%,36930060,99576141060,1664591.45,0
2023-02-23,29.5376,29.5376,29.5376,29.5376,33031000,0.00%,3899060,99576141060,975656.47,0
2023-02-24,29.5376,29.5672,29.5672,29.5376,41514000,0.10%,123430721,99737186721,1227452.74,161045660
2023-02-27,29.5672,29.5672,29.5672,29.5672,34816000,0.00%,88614721,99737186721,1029411.64,0
2023-02-28,29.5672,29.5672,29.5672,29.5672,44217000,0.00%,44397721,99737186721,1307372.88,0
2023-03-01,29.5672,29.5967,29.5967,29.5672,60537000,0.10%,145032345,99898358345,1791695.43,161171623
2023-03-02,29.5967,29.5967,29.5967,29.5967,25160000,0.00%,119872345,99898358345,744652.97,0
2023-03-03,29.5967,29.5967,29.5967,29.5967,30226000,0.00%,89646345,99898358345,894589.85,0
2023-03-06,29.5967,29.5967,29.5967,29.5967,21471000,0.00%,68175345,99898358345,635470.75,0
2023-03-07,29.5967,29.5967,29.5967,29.5967,28968000,0.00%,39207345,99898358345,857357.21,0
2023-03-08,29.5967,29.5967,29.5967,29.5967,36057000,0.00%,3150345,99898358345,1067168.21,0
2023-03-09,29.5967,29.6263,29.6263,29.5967,29359000,0.10%,135577729,100060144729,869798.54,161786384
2023-03-10,29.6263,29.6263,29.6263,29.6263,63920000,0.00%,71657729,100060144729,1893713.1,0
2023-03-13,29.6263,29.6263,29.6263,29.6263,46121000,0.00%,25536729,100060144729,1366394.58,0
2023-03-14,29.6263,29.656,29.656,29.6263,36244000,0.10%,151504879,100222356879,1074852.06,162212149
2023-03-15,29.656,29.656,29.656,29.656,28169000,0.00%,123335879,100222356879,835379.86,0
2023-03-16,29.656,29.656,29.656,29.656,40341000,0.00%,82994879,100222356879,1196352.7,0
2023-03-17,29.656,29.656,29.656,29.656,49351000,0.00%,33643879,100222356879,1463553.26,0
2023-03-20,29.656,29.6856,29.6856,29.656,34748000,0.10%,161544956,100385005956,1031515.23,162649077
2023-03-21,29.6856,29.6856,29.6856,29.6856,36176000,0.00%,125368956,100385005956,1073906.27,0
2023-03-22,29.6856,29.6856,29.6856,29.6856,33405000,0.00%,91963956,100385005956,991647.47,0
2023-03-23,29.6856,29.6856,29.6856,29.6856,79645000,0.00%,12318956,100385005956,2364309.61,0
2023-03-24,29.6856,29.7153,29.7153,29.6856,56474000,0.10%,120082982,100549243982,1678141.85,164238025
2023-03-27,29.7153,29.7153,29.7153,29.7153,43860000,0.00%,76222982,100549243982,1303313.06,0
2023-03-28,29.7153,29.7153,29.7153,29.7153,53278000,0.00%,22944982,100549243982,1583171.75,0
2023-03-29,29.7153,29.745,29.745,29.7153,61370000,0.10%,126324378,100713993378,1825450.65,164749396
2023-03-30,29.745,29.745,29.745,29.745,42908000,0.00%,83416378,100713993378,1276298.46,0
2023-03-31,29.745,29.745,29.745,29.745,44132000,0.00%,39284378,100713993378,1312706.34,0
2023-04-03,29.745,29.745,29.745,29.745,31909000,0.00%,7375378,100713993378,949133.21,0
2023-04-04,29.745,29.7748,29.7748,29.745,24225000,0.10%,148418002,100879261002,721294.53,165267623
2023-04-06,29.7748,29.7748,29.7748,29.7748,25415000,0.00%,123003002,100879261002,756726.54,0
2023-04-11,29.7748,29.7748,29.7748,29.7748,37281000,0.00%,85722002,100879261002,1110034.32,0
2023-04-12,29.7748,29.7748,29.7748,29.7748,68799000,0.00%,16923002,100879261002,2048476.47,0
2023-04-13,29.7748,29.8045,29.8045,29.7748,42432000,0.10%,140283946,101045053946,1264664.54,165792944
2023-04-14,29.8045,29.8045,29.8045,29.8045,21658000,0.00%,118625946,101045053946,645505.86,0
2023-04-17,29.8045,29.8045,29.8045,29.8045,26707000,0.00%,91918946,101045053946,795988.78,0
2023-04-18,29.8045,29.8045,29.8045,29.8045,23273000,0.00%,68645946,101045053946,693640.13,0
2023-04-19,29.8045,29.8045,29.8045,29.8045,27676000,0.00%,40969946,101045053946,824869.34,0
2023-04-20,29.8045,29.8045,29.8045,29.8045,17901000,0.00%,23068946,101045053946,533530.35,0
2023-04-21,29.8045,29.8343,29.8343,29.8045,28084000,0.10%,160072393,101210141393,837866.48,165087447
2023-04-24,29.8343,29.8343,29.8343,29.8343,34799000,0.00%,125273393,101210141393,1038203.81,0
2023-04-25,29.8343,29.8343,29.8343,29.8343,35615000,0.00%,89658393,101210141393,1062548.59,0
2023-04-26,29.8343,29.8343,29.8343,29.8343,42534000,0.00%,47124393,101210141393,1268972.12,0
2023-04-27,29.8343,29.8343,29.8343,29.8343,25092000,0.00%,22032393,101210141393,748602.26,0
2023-04-28,29.8343,29.8642,29.8642,29.8343,26163000,0.10%,161431218,101375703218,781337.06,165561824
2023-05-02,29.8642,29.8642,29.8642,29.8642,14705000,0.00%,146726218,101375703218,439153.06,0
2023-05-03,29.8642,29.8642,29.8642,29.8642,17935000,0.00%,128791218,101375703218,535614.43,0
2023-05-04,29.8642,29.8642,29.8642,29.8642,29886000,0.00%,98905218,101375703218,892521.48,0
2023-05-05,29.8642,29.8642,29.8642,29.8642,25177000,0.00%,73728218,101375703218,751890.96,0
2023-05-08,29.8642,29.8642,29.8642,29.8642,18224000,0.00%,55504218,101375703218,544245.18,0
2023-05-09,29.8642,29.8642,29.8642,29.8642,40018000,0.00%,15486218,101375703218,1195105.56,0
2023-05-10,29.8642,29.894,29.894,29.8642,26469000,0.10%,154417083,101541103083,791264.29,165399864
2023-05-11,29.894,29.894,29.894,29.894,29869000,0.00%,124548083,101541103083,892903.89,0
2023-05-12,29.894,29.894,29.894,29.894,30583000,0.00%,93965083,101541103083,914248.2,0
2023-05-15,29.894,29.894,29.894,29.894,40358000,0.00%,53607083,101541103083,1206462.05,0
2023-05-16,29.894,29.894,29.894,29.894,24004000,0.00%,29603083,101541103083,717575.58,0
2023-05-17,29.894,29.9239,29.9239,29.894,33252000,0.10%,160978834,101705730834,995029.52,164627751
2023-05-18,29.9239,29.9239,29.9239,29.9239,58497000,0.00%,102481834,101705730834,1750458.38,0
2023-05-19,29.9239,29.9239,29.9239,29.9239,38573000,0.00%,63908834,101705730834,1154254.59,0
2023-05-22,29.9239,29.9239,29.9239,29.9239,34068000,0.00%,29840834,101705730834,1019447.43,0
2023-05-23,29.9239,29.9239,29.9239,29.9239,25534000,0.00%,4306834,101705730834,764076.86,0
2023-05-24,29.9239,29.9539,29.9539,29.9239,23035000,0.10%,145897593,101870356593,689988.09,164625758
2023-05-25,29.9539,29.9539,29.9539,29.9539,44251000,0.00%,101646593,101870356593,1325490.03,0
2023-05-29,29.9539,29.9539,29.9539,29.9539,49028000,0.00%,52618593,101870356593,1468579.81,0
2023-05-30,29.9539,29.9539,29.9539,29.9539,36958000,0.00%,15660593,101870356593,1107036.24,0
2023-05-31,29.9539,29.9838,29.9838,29.9539,54621000,0.10%,124935699,102034252699,1637745.14,163896105
2023-06-01,29.9838,29.9838,29.9838,29.9838,39015000,0.00%,85920699,102034252699,1169817.96,0
2023-06-02,29.9838,29.9838,29.9838,29.9838,54502000,0.00%,31418699,102034252699,1634177.07,0
2023-06-05,29.9838,30.0138,30.0138,29.9838,33813000,0.10%,161251367,102197898367,1014856.62,163645668
2023-06-06,30.0138,30.0138,30.0138,30.0138,28390000,0.00%,132861367,102197898367,852091.78,0
2023-06-07,30.0138,30.0138,30.0138,30.0138,31025000,0.00%,101836367,102197898367,931178.15,0
2023-06-08,30.0138,30.0138,30.0138,30.0138,22321000,0.00%,79515367,102197898367,669938.03,0
2023-06-09,30.0138,30.0138,30.0138,30.0138,27506000,0.00%,52009367,102197898367,825559.58,0
2023-06-12,30.0138,30.0138,30.0138,30.0138,22933000,0.00%,29076367,102197898367,688306.48,0
2023-06-13,30.0138,30.0438,30.0438,30.0138,39304000,0.10%,147140195,102355266195,1180841.52,157367828
2023-06-14,30.0438,30.0438,30.0438,30.0438,37536000,0.00%,109604195,102355266195,1127724.08,0
2023-06-15,30.0438,30.0438,30.0438,30.0438,42517000,0.00%,67087195,102355266195,1277372.24,0
2023-06-16,30.0438,30.0438,30.0438,30.0438,60945000,0.00%,6142195,102355266195,1831019.39,0
2023-06-19,30.0438,30.0739,30.0739,30.0438,34459000,0.10%,128262943,102511845943,1036316.52,156579748
2023-06-20,30.0739,30.0739,30.0739,30.0739,27676000,0.00%,100586943,102511845943,832325.26,0
2023-06-21,30.0739,30.0739,30.0739,30.0739,32810000,0.00%,67776943,102511845943,986724.66,0
2023-06-23,30.0739,30.0739,30.0739,30.0739,23630000,0.00%,44146943,102511845943,710646.26,0
2023-06-26,30.0739,30.0739,30.0739,30.0739,30872000,0.00%,13274943,102511845943,928441.44,0
2023-06-27,30.0739,30.1039,30.1039,30.0739,29733000,0.10%,140006312,102668310312,895079.26,156464369
2023-06-28,30.1039,30.1039,30.1039,30.1039,27013000,0.00%,112993312,102668310312,813196.65,0
2023-06-29,30.1039,30.1039,30.1039,30.1039,22984000,0.00%,90009312,102668310312,691908.04,0
2023-06-30,30.1039,30.1039,30.1039,30.1039,27540000,0.00%,62469312,102668310312,829061.41,0
2023-07-03,30.1039,30.1039,30.1039,30.1039,24140000,0.00%,38329312,102668310312,726708.15,0
2023-07-04,30.1039,30.1039,30.1039,30.1039,16048000,0.00%,22281312,102668310312,483107.39,0
2023-07-05,30.1039,30.1039,30.1039,30.1039,16762000,0.00%,5519312,102668310312,504601.57,0
2023-07-06,30.1039,30.134,30.134,30.1039,33626000,0.10%,127752393,102824169393,1013285.88,155859080
2023-07-07,30.134,30.134,30.134,30.134,36720000,0.00%,91032393,102824169393,1106520.48,0
2023-07-10,30.134,30.134,30.134,30.134,29393000,0.00%,61639393,102824169393,885728.66,0
2023-07-11,30.134,30.134,30.134,30.134,21012000,0.00%,40627393,102824169393,633175.61,0
2023-07-12,30.134,30.134,30.134,30.134,28645000,0.00%,11982393,102824169393,863188.43,0
2023-07-13,30.134,30.1642,30.1642,30.134,46444000,0.10%,121415829,102980046829,1400946.1,155877435
2023-07-14,30.1642,30.1642,30.1642,30.1642,36057000,0.00%,85358829,102980046829,1087630.56,0
2023-07-18,30.1642,30.1642,30.1642,30.1642,49555000,0.00%,35803829,102980046829,1494786.93,0
2023-07-19,30.1642,30.1943,30.1943,30.1642,37247000,0.10%,154642039,103136132039,1124647.09,156085210
2023-07-20,30.1943,30.1943,30.1943,30.1943,28152000,0.00%,126490039,103136132039,850029.93,0
2023-07-21,30.1943,30.1943,30.1943,30.1943,20128000,0.00%,106362039,103136132039,607750.87,0
2023-07-24,30.1943,30.1943,30.1943,30.1943,29665000,0.00%,76697039,103136132039,895713.91,0
2023-07-25,30.1943,30.1943,30.1943,30.1943,49640000,0.00%,27057039,103136132039,1498845.05,0
2023-07-26,30.1943,30.1943,30.1943,30.1943,25398000,0.00%,1659039,103136132039,766874.83,0
2023-07-27,30.1943,30.2245,30.2245,30.1943,23205000,0.10%,134010121,103291688121,701359.52,155556082
2023-07-28,30.2245,30.2245,30.2245,30.2245,37808000,0.00%,96202121,103291688121,1142727.9,0
2023-07-31,30.2245,30.2245,30.2245,30.2245,62560000,0.00%,33642121,103291688121,1890844.72,0
2023-08-01,30.2245,30.2548,30.2548,30.2245,39848000,0.10%,149529909,103447423909,1205593.27,155735787
2023-08-02,30.2548,30.2548,30.2548,30.2548,35768000,0.00%,113761909,103447423909,1082153.69,0
2023-08-03,30.2548,30.2548,30.2548,30.2548,28322000,0.00%,85439909,103447423909,856876.45,0
2023-08-04,30.2548,30.2548,30.2548,30.2548,32470000,0.00%,52969909,103447423909,982373.36,0
2023-08-07,30.2548,30.2548,30.2548,30.2548,16116000,0.00%,36853909,103447423909,487586.36,0
2023-08-08,30.2548,30.2548,30.2548,30.2548,26146000,0.00%,10707909,103447423909,791042.0,0
2023-08-09,30.2548,30.285,30.285,30.2548,20264000,0.10%,144938104,103601918104,613695.24,154494195
2023-08-10,30.285,30.285,30.285,30.285,19023000,0.00%,125915104,103601918104,576111.56,0
2023-08-11,30.285,30.285,30.285,30.285,20910000,0.00%,105005104,103601918104,633259.35,0
2023-08-14,30.285,30.285,30.285,30.285,26775000,0.00%,78230104,103601918104,810880.88,0
2023-08-15,30.285,30.285,30.285,30.285,18343000,0.00%,59887104,103601918104,555517.76,0
2023-08-16,30.285,30.285,30.285,30.285,28016000,0.00%,31871104,103601918104,848464.56,0
2023-08-17,30.285,30.3153,30.3153,30.285,48994000,0.10%,136773396,103755814396,1485267.81,153896291
2023-08-18,30.3153,30.3153,30.3153,30.3153,30787000,0.00%,105986396,103755814396,933317.14,0
2023-08-21,30.3153,30.3153,30.3153,30.3153,43690000,0.00%,62296396,103755814396,1324475.46,0
2023-08-22,30.3153,30.3153,30.3153,30.3153,41956000,0.00%,20340396,103755814396,1271908.73,0
2023-08-23,30.3153,30.3456,30.3456,30.3153,29308000,0.10%,144554432,103909336432,889368.84,153522036
2023-08-24,30.3456,30.3456,30.3456,30.3456,37978000,0.00%,106576432,103909336432,1152465.2,0
2023-08-25,30.3456,30.3456,30.3456,30.3456,21318000,0.00%,85258432,103909336432,646907.5,0
2023-08-28,30.3456,30.3456,30.3456,30.3456,32980000,0.00%,52278432,103909336432,1000797.89,0
2023-08-29,30.3456,30.3456,30.3456,30.3456,26146000,0.00%,26132432,103909336432,793416.06,0
2023-08-30,30.3456,30.3456,30.3456,30.3456,25823000,0.00%,309432,103909336432,783614.43,0
2023-08-31,30.3456,30.376,30.376,30.3456,84558000,0.10%,67932797,104061517797,2568533.81,152181364
2023-09-04,30.376,30.376,30.376,30.376,52275000,0.00%,15657797,104061517797,1587905.4,0
2023-09-05,30.376,30.4063,30.4063,30.376,22525000,0.10%,146283277,104214668277,684901.91,153150480
2023-09-06,30.4063,30.4063,30.4063,30.4063,28033000,0.00%,118250277,104214668277,852379.81,0
2023-09-07,30.4063,30.4063,30.4063,30.4063,28424000,0.00%,89826277,104214668277,864268.67,0
2023-09-11,30.4063,30.4063,30.4063,30.4063,31977000,0.00%,57849277,104214668277,972302.26,0
2023-09-12,30.4063,30.4063,30.4063,30.4063,17680000,0.00%,40169277,104214668277,537583.38,0
2023-09-13,30.4063,30.4063,30.4063,30.4063,18122000,0.00%,22047277,104214668277,551022.97,0
2023-09-14,30.4063,30.4063,30.4063,30.4063,17255000,0.00%,4792277,104214668277,524660.71,0
2023-09-15,30.4063,30.4367,30.4367,30.4063,32674000,0.10%,124527341,104367077341,994488.74,152409063
2023-09-18,30.4367,30.4367,30.4367,30.4367,25058000,0.00%,99469341,104367077341,762682.83,0
2023-09-19,30.4367,30.4367,30.4367,30.4367,26486000,0.00%,72983341,104367077341,806146.44,0
2023-09-20,30.4367,30.4367,30.4367,30.4367,23222000,0.00%,49761341,104367077341,706801.05,0
2023-09-21,30.4367,30.4367,30.4367,30.4367,32504000,0.00%,17257341,104367077341,989314.5,0
2023-09-22,30.4367,30.4672,30.4672,30.4367,36108000,0.10%,131788712,104517716712,1100109.66,150639370
2023-09-25,30.4672,30.4672,30.4672,30.4672,31127000,0.00%,100661712,104517716712,948352.53,0
2023-09-26,30.4672,30.4672,30.4672,30.4672,27064000,0.00%,73597712,104517716712,824564.3,0
2023-09-27,30.4672,30.4672,30.4672,30.4672,24140000,0.00%,49457712,104517716712,735478.21,0
2023-09-28,30.4672,30.4672,30.4672,30.4672,26520000,0.00%,22937712,104517716712,807990.14,0
2023-09-29,30.4672,30.4672,30.4672,30.4672,19125000,0.00%,3812712,104517716712,582685.2,0
2023-10-03,30.4672,30.4976,30.4976,30.4672,25704000,0.10%,128630297,104668238297,783910.31,150521585
2023-10-04,30.4976,30.4976,30.4976,30.4976,18598000,0.00%,110032297,104668238297,567194.36,0
2023-10-05,30.4976,30.4976,30.4976,30.4976,18360000,0.00%,91672297,104668238297,559935.94,0
2023-10-06,30.4976,30.4976,30.4976,30.4976,18836000,0.00%,72836297,104668238297,574452.79,0
2023-10-09,30.4976,30.4976,30.4976,30.4976,19380000,0.00%,53456297,104668238297,591043.49,0
2023-10-10,30.4976,30.4976,30.4976,30.4976,27965000,0.00%,25491297,104668238297,852865.38,0
2023-10-11,30.4976,30.5281,30.5281,30.4976,27914000,0.10%,147653995,104818314995,852161.38,150076697
2023-10-12,30.5281,30.5281,30.5281,30.5281,22865000,0.00%,124788995,104818314995,698025.01,0
2023-10-13,30.5281,30.5281,30.5281,30.5281,22729000,0.00%,102059995,104818314995,693873.18,0
2023-10-16,30.5281,30.5281,30.5281,30.5281,21165000,0.00%,80894995,104818314995,646127.24,0
2023-10-17,30.5281,30.5281,30.5281,30.5281,15640000,0.00%,65254995,104818314995,477459.48,0
2023-10-18,30.5281,30.5281,30.5281,30.5281,20400000,0.00%,44854995,104818314995,622773.24,0
2023-10-19,30.5281,30.5281,30.5281,30.5281,29274000,0.00%,15580995,104818314995,893679.6,0
2023-10-20,30.5281,30.5587,30.5587,30.5281,32657000,0.10%,132034438,104967425438,997955.47,149110443
2023-10-24,30.5587,30.5587,30.5587,30.5587,36754000,0.00%,95280438,104967425438,1123154.46,0
2023-10-25,30.5587,30.5587,30.5587,30.5587,29767000,0.00%,65513438,104967425438,909640.82,0
2023-10-26,30.5587,30.5587,30.5587,30.5587,19465000,0.00%,46048438,104967425438,594825.1,0
2023-10-27,30.5587,30.5587,30.5587,30.5587,27982000,0.00%,18066438,104967425438,855093.54,0
2023-10-30,30.5587,30.5892,30.5892,30.5587,24412000,0.10%,142362754,105116133754,746743.55,148708316
2023-10-31,30.5892,30.5892,30.5892,30.5892,23341000,0.00%,119021754,105116133754,713982.52,0
2023-11-01,30.5892,30.5892,30.5892,30.5892,18717000,0.00%,100304754,105116133754,572538.06,0
2023-11-02,30.5892,30.5892,30.5892,30.5892,17816000,0.00%,82488754,105116133754,544977.19,0
2023-11-03,30.5892,30.5892,30.5892,30.5892,36686000,0.00%,45802754,105116133754,1122195.39,0
2023-11-06,30.5892,30.5892,30.5892,30.5892,45662000,0.00%,140754,105116133754,1396764.05,0
2023-11-07,30.5892,30.6198,30.6198,30.5892,22780000,0.10%,126543092,105265316092,697519.04,149182337
2023-11-08,30.6198,30.6198,30.6198,30.6198,21896000,0.00%,104647092,105265316092,670451.14,0
2023-11-09,30.6198,30.6198,30.6198,30.6198,17459000,0.00%,87188092,105265316092,534591.09,0
2023-11-10,30.6198,30.6198,30.6198,30.6198,16779000,0.00%,70409092,105265316092,513769.62,0
2023-11-13,30.6198,30.6198,30.6198,30.6198,23103000,0.00%,47306092,105265316092,707409.24,0
2023-11-14,30.6198,30.6198,30.6198,30.6198,21216000,0.00%,26090092,105265316092,649629.68,0
2023-11-15,30.6198,30.6504,30.6504,30.6198,55165000,0.10%,119538902,105413929902,1690829.32,148613810
2023-11-16,30.6504,30.6504,30.6504,30.6504,60010000,0.00%,59528902,105413929902,1839330.5,0
2023-11-17,30.6504,30.6504,30.6504,30.6504,37349000,0.00%,22179902,105413929902,1144761.79,0
2023-11-20,30.6504,30.6811,30.6811,30.6504,47226000,0.10%,124663471,105563639471,1448945.63,149709568
2023-11-21,30.6811,30.6811,30.6811,30.6811,41123000,0.00%,83540471,105563639471,1261698.88,0
2023-11-22,30.6811,30.6811,30.6811,30.6811,24089000,0.00%,59451471,105563639471,739077.02,0
2023-11-23,30.6811,30.6811,30.6811,30.6811,24701000,0.00%,34750471,105563639471,757853.85,0
2023-11-24,30.6811,30.6811,30.6811,30.6811,25908000,0.00%,8842471,105563639471,794885.94,0
2023-11-27,30.6811,30.7118,30.7118,30.6811,20791000,0.10%,137797073,105713385073,638529.03,149745602
2023-11-28,30.7118,30.7118,30.7118,30.7118,25755000,0.00%,112042073,105713385073,790982.41,0
2023-11-29,30.7118,30.7118,30.7118,30.7118,28662000,0.00%,83380073,105713385073,880261.61,0
2023-11-30,30.7118,30.7118,30.7118,30.7118,51527000,0.00%,31853073,105713385073,1582486.92,0
2023-12-01,30.7118,30.7118,30.7118,30.7118,25755000,0.00%,6098073,105713385073,790982.41,0
2023-12-04,30.7118,30.7425,30.7425,30.7118,25347000,0.10%,130810872,105863444872,779230.15,150059799
2023-12-05,30.7425,30.7425,30.7425,30.7425,40341000,0.00%,90469872,105863444872,1240183.19,0
2023-12-06,30.7425,30.7425,30.7425,30.7425,27030000,0.00%,63439872,105863444872,830969.78,0
2023-12-07,30.7425,30.7425,30.7425,30.7425,23290000,0.00%,40149872,105863444872,715992.83,0
2023-12-08,30.7425,30.7425,30.7425,30.7425,28220000,0.00%,11929872,105863444872,867553.35,0
2023-12-11,30.7425,30.7732,30.7732,30.7425,31280000,0.10%,130814883,106013609883,962585.7,150165010
2023-12-12,30.7732,30.7732,30.7732,30.7732,22100000,0.00%,108714883,106013609883,680087.72,0
2023-12-13,30.7732,30.7732,30.7732,30.7732,24055000,0.00%,84659883,106013609883,740249.33,0
2023-12-14,30.7732,30.7732,30.7732,30.7732,29240000,0.00%,55419883,106013609883,899808.37,0
2023-12-15,30.7732,30.7732,30.7732,30.7732,52564000,0.00%,2855883,106013609883,1617562.48,0
2023-12-18,30.7732,30.804,30.804,30.7732,20553000,0.10%,132642918,106163949918,633114.61,150340034
2023-12-19,30.804,30.804,30.804,30.804,21301000,0.00%,111341918,106163949918,656156.0,0
2023-12-20,30.804,30.804,30.804,30.804,24123000,0.00%,87218918,106163949918,743084.89,0
2023-12-21,30.804,30.804,30.804,30.804,17289000,0.00%,69929918,106163949918,532570.36,0
2023-12-22,30.804,30.8656,30.8656,30.804,249917000,0.20%,120041712,106463978712,7713838.16,300028794
2023-12-27,30.8656,30.8656,30.8656,30.8656,109599000,0.00%,10442712,106463978712,3382838.89,0
2023-12-28,30.8656,30.8965,30.8965,30.8656,64328000,0.10%,100464292,106618328292,1987510.05,154349580
2023-12-29,30.8965,30.8965,30.8965,30.8965,33354000,0.00%,67110292,106618328292,1030521.86,0
2024-01-02,30.8965,30.8965,30.8965,30.8965,40862500,0.00%,26247792,106618328292,1262508.23,0
2024-01-03,30.8965,30.9274,30.9274,30.8965,35682500,0.10%,145871871,106773634871,1103566.95,155306578
2024-01-04,30.9274,30.9274,30.9274,30.9274,35385000,0.00%,110486871,106773634871,1094366.05,0
2024-01-05,30.9274,30.9274,30.9274,30.9274,41562500,0.00%,68924371,106773634871,1285420.06,0
2024-01-08,30.9274,30.9274,30.9274,30.9274,29259999,0.00%,39664371,106773634871,904935.72,0
2024-01-09,30.9274,30.9274,30.9274,30.9274,29627500,0.00%,10036871,106773634871,916301.54,0
2024-01-10,30.9274,30.9583,30.9583,30.9274,33512500,0.10%,131458956,106928569456,1037490.03,154934584
2024-01-11,30.9583,30.9583,30.9583,30.9583,36050000,0.00%,95408956,106928569456,1116046.72,0
2024-01-12,30.9583,30.9583,30.9583,30.9583,27597500,0.00%,67811456,106928569456,854371.68,0
2024-01-15,30.9583,30.9583,30.9583,30.9583,28577499,0.00%,39233956,106928569456,884710.82,0
2024-01-16,30.9583,30.9583,30.9583,30.9583,38920000,0.00%,313956,106928569456,1204897.04,0
2024-01-17,30.9583,30.9893,30.9893,30.9583,63192500,0.10%,89145062,107080593062,1958291.34,152023606
2024-01-18,30.9893,30.9893,30.9893,30.9893,43050000,0.00%,46095062,107080593062,1334089.36,0
2024-01-19,30.9893,31.0203,31.0203,30.9893,47075000,0.10%,150667058,107232240058,1460280.62,151646995
2024-01-22,31.0203,31.0203,31.0203,31.0203,58887500,0.00%,91779558,107232240058,1826707.92,0
2024-01-23,31.0203,31.0203,31.0203,31.0203,62317500,0.00%,29462058,107232240058,1933107.55,0
2024-01-24,31.0203,31.0513,31.0513,31.0203,59255000,0.10%,120777058,107382810058,1839944.78,150570000
2024-01-25,31.0513,31.0513,31.0513,31.0513,59780000,0.00%,60997058,107382810058,1856246.71,0
2024-01-26,31.0513,31.0513,31.0513,31.0513,43435000,0.00%,17562058,107382810058,1348713.22,0
2024-01-29,31.0513,31.0823,31.0823,31.0513,35280000,0.10%,132422793,107532950793,1096583.54,150140734
2024-01-30,31.0823,31.0823,31.0823,31.0823,37642500,0.00%,94780293,107532950793,1170015.48,0
2024-01-31,31.0823,31.0823,31.0823,31.0823,35087500,0.00%,59692793,107532950793,1090600.2,0
2024-02-01,31.0823,31.0823,31.0823,31.0823,30327500,0.00%,29365293,107532950793,942648.45,0
2024-02-02,31.0823,31.1134,31.1134,31.0823,54337500,0.10%,124636426,107682559426,1690624.37,149608632
2024-02-05,31.1134,31.1134,31.1134,31.1134,35805000,0.00%,88831426,107682559426,1114015.29,0
2024-02-06,31.1134,31.1134,31.1134,31.1134,50505000,0.00%,38326426,107682559426,1571382.27,0
2024-02-07,31.1134,31.1445,31.1445,31.1134,46095000,0.10%,140479763,107830807763,1435605.73,148248337
2024-02-08,31.1445,31.1445,31.1445,31.1445,31342500,0.00%,109137263,107830807763,976146.49,0
2024-02-09,31.1445,31.1445,31.1445,31.1445,11777500,0.00%,97359763,107830807763,366804.35,0
2024-02-14,31.1445,31.1445,31.1445,31.1445,20247500,0.00%,77112263,107830807763,630598.26,0
2024-02-15,31.1445,31.1445,31.1445,31.1445,21997500,0.00%,55114763,107830807763,685101.14,0
2024-02-16,31.1445,31.1445,31.1445,31.1445,30135000,0.00%,24979763,107830807763,938539.51,0
2024-02-19,31.1445,31.1757,31.1757,31.1445,26985000,0.10%,143215233,107976028233,841276.26,145220469
2024-02-20,31.1757,31.1757,31.1757,31.1757,27597500,0.00%,115617733,107976028233,860371.38,0
2024-02-21,31.1757,31.1757,31.1757,31.1757,41912500,0.00%,73705233,107976028233,1306651.53,0
2024-02-22,31.1757,31.1757,31.1757,31.1757,21770000,0.00%,51935233,107976028233,678694.99,0
2024-02-23,31.1757,31.1757,31.1757,31.1757,23152500,0.00%,28782733,107976028233,721795.39,0
2024-02-26,31.1757,31.1757,31.1757,31.1757,21717500,0.00%,7065233,107976028233,677058.26,0
2024-02-27,31.1757,31.2069,31.2069,31.1757,41317500,0.10%,109050958,108119331458,1289391.09,143303225
2024-02-28,31.2069,31.2069,31.2069,31.2069,45325000,0.00%,63725958,108119331458,1414452.74,0
2024-02-29,31.2069,31.2069,31.2069,31.2069,52010000,0.00%,11715958,108119331458,1623070.87,0
2024-03-01,31.2069,31.2381,31.2381,31.2069,48912500,0.10%,105802302,108262330302,1527933.57,142998844
2024-03-04,31.2381,31.2381,31.2381,31.2381,24202500,0.00%,81599802,108262330302,756040.12,0
2024-03-05,31.2381,31.2381,31.2381,31.2381,45605000,0.00%,35994802,108262330302,1424613.55,0
2024-03-06,31.2381,31.2693,31.2693,31.2381,40757500,0.10%,137630640,108404723640,1274458.49,142393337
2024-03-07,31.2693,31.2693,31.2693,31.2693,30030000,0.00%,107600640,108404723640,939017.08,0
2024-03-08,31.2693,31.2693,31.2693,31.2693,21735000,0.00%,85865640,108404723640,679638.24,0
2024-03-11,31.2693,31.2693,31.2693,31.2693,31272500,0.00%,54593140,108404723640,977869.18,0
2024-03-12,31.2693,31.3006,31.3006,31.2693,63927500,0.10%,133184204,108547242204,2000969.11,142518564
2024-03-13,31.3006,31.3006,31.3006,31.3006,35122500,0.00%,98061704,108547242204,1099355.32,0
2024-03-14,31.3006,31.3006,31.3006,31.3006,24902500,0.00%,73159204,108547242204,779463.19,0
2024-03-15,31.3006,31.3006,31.3006,31.3006,51065000,0.00%,22094204,108547242204,1598365.14,0
2024-03-18,31.3006,31.3319,31.3319,31.3006,34352500,0.10%,130862713,108690363213,1076329.09,143121009
2024-03-19,31.3319,31.3319,31.3319,31.3319,27370000,0.00%,103492713,108690363213,857554.1,0
2024-03-20,31.3319,31.3319,31.3319,31.3319,27335000,0.00%,76157713,108690363213,856457.49,0
2024-03-21,31.3319,31.3319,31.3319,31.3319,64522500,0.00%,11635213,108690363213,2021612.52,0
2024-03-22,31.3319,31.3632,31.3632,31.3319,46252500,0.10%,108820526,108833801026,1450626.41,143437812
2024-03-25,31.3632,31.3632,31.3632,31.3632,36977500,0.00%,71843026,108833801026,1159732.73,0
2024-03-26,31.3632,31.3632,31.3632,31.3632,59500000,0.00%,12343026,108833801026,1866110.4,0
2024-03-27,31.3632,31.3946,31.3946,31.3632,67812500,0.10%,88081780,108977352280,2128946.31,143551253
2024-03-28,31.3946,31.3946,31.3946,31.3946,52500000,0.00%,35581780,108977352280,1648216.5,0
2024-04-02,31.3946,31.426,31.426,31.3946,46480000,0.10%,133021739,109121272239,1460680.48,143919959
2024-04-03,31.426,31.426,31.426,31.426,34475000,0.00%,98546739,109121272239,1083411.35,0
2024-04-05,31.426,31.426,31.426,31.426,23765000,0.00%,74781739,109121272239,746838.89,0
2024-04-08,31.426,31.426,31.426,31.426,37905000,0.00%,36876739,109121272239,1191202.53,0
2024-04-09,31.426,31.426,31.426,31.426,31290000,0.00%,5586739,109121272239,983319.54,0
2024-04-10,31.426,31.4574,31.4574,31.426,43277500,0.10%,105646824,109264609824,1361397.63,143337584
2024-04-11,31.4574,31.4574,31.4574,31.4574,32952500,0.00%,72694324,109264609824,1036599.97,0
2024-04-12,31.4574,31.4574,31.4574,31.4574,40302500,0.00%,32391824,109264609824,1267811.86,0
2024-04-15,31.4574,31.4574,31.4574,31.4574,32025000,0.00%,366824,109264609824,1007423.23,0
2024-04-16,31.4574,31.4888,31.4888,31.4574,34457500,0.10%,109731963,109408432463,1085025.33,143822639
2024-04-17,31.4888,31.4888,31.4888,31.4888,25217500,0.00%,84514463,109408432463,794068.81,0
2024-04-18,31.4888,31.4888,31.4888,31.4888,33355000,0.00%,51159463,109408432463,1050308.92,0
2024-04-19,31.4888,31.4888,31.4888,31.4888,34072500,0.00%,17086963,109408432463,1072902.14,0
2024-04-22,31.4888,31.5203,31.5203,31.4888,71977500,0.10%,88415528,109551738528,2268752.39,143306064
2024-04-23,31.5203,31.5203,31.5203,31.5203,76685000,0.00%,11730528,109551738528,2417134.21,0
2024-04-24,31.5203,31.5519,31.5519,31.5203,72572500,0.10%,82809752,109695390252,2289800.26,143651724
2024-04-25,31.5519,31.5519,31.5519,31.5519,48527500,0.00%,34282252,109695390252,1531134.83,0
2024-04-26,31.5519,31.5834,31.5834,31.5519,51800000,0.10%,126919898,109839827898,1636020.12,144437645
2024-04-29,31.5834,31.5834,31.5834,31.5834,44485000,0.00%,82434898,109839827898,1404987.55,0
2024-04-30,31.5834,31.5834,31.5834,31.5834,27930000,0.00%,54504898,109839827898,882124.36,0
2024-05-02,31.5834,31.5834,31.5834,31.5834,39340000,0.00%,15164898,109839827898,1242490.96,0
2024-05-03,31.5834,31.615,31.615,31.5834,41282500,0.10%,118819905,109984765405,1305146.24,144937507
2024-05-06,31.615,31.615,31.615,31.615,45867500,0.00%,72952405,109984765405,1450101.01,0
2024-05-07,31.615,31.615,31.615,31.615,33967500,0.00%,38984905,109984765405,1073882.51,0
2024-05-08,31.615,31.615,31.615,31.615,35105000,0.00%,3879905,109984765405,1109844.57,0
2024-05-09,31.615,31.6466,31.6466,31.615,28052500,0.10%,121380058,110130318058,887766.25,145552652
2024-05-10,31.6466,31.6466,31.6466,31.6466,27457500,0.00%,93922558,110130318058,868936.52,0
2024-05-13,31.6466,31.6466,31.6466,31.6466,35980000,0.00%,57942558,110130318058,1138644.67,0
2024-05-14,31.6466,31.6466,31.6466,31.6466,37800000,0.00%,20142558,110130318058,1196241.48,0
2024-05-16,31.6466,31.6782,31.6782,31.6466,102252500,0.10%,63640163,110276068163,3239175.15,145750105
2024-05-17,31.6782,31.6782,31.6782,31.6782,48860000,0.00%,14780163,110276068163,1547796.85,0
2024-05-20,31.6782,31.7099,31.7099,31.6782,39077500,0.10%,122588746,110422954246,1239143.62,146886083
2024-05-21,31.7099,31.7099,31.7099,31.7099,53690000,0.00%,68898746,110422954246,1702504.53,0
2024-05-22,31.7099,31.7099,31.7099,31.7099,39147500,0.00%,29751246,110422954246,1241363.31,0
2024-05-23,31.7099,31.7416,31.7416,31.7099,32060000,0.10%,145033398,110570296398,1017635.7,147342152
2024-05-24,31.7416,31.7416,31.7416,31.7416,33495000,0.00%,111538398,110570296398,1063184.89,0
2024-05-27,31.7416,31.7416,31.7416,31.7416,56227500,0.00%,55310898,110570296398,1784750.81,0
2024-05-28,31.7416,31.7416,31.7416,31.7416,29067500,0.00%,26243398,110570296398,922648.96,0
2024-05-29,31.7416,31.7734,31.7734,31.7416,47915000,0.10%,126170117,110718138117,1522422.46,147841718
2024-05-30,31.7734,31.7734,31.7734,31.7734,38517500,0.00%,87652617,110718138117,1223831.93,0
2024-05-31,31.7734,31.7734,31.7734,31.7734,70070000,0.00%,17582617,110718138117,2226362.14,0
2024-06-03,31.7734,31.8052,31.8052,31.7734,49227500,0.10%,117337542,110867120542,1565690.48,148982424
2024-06-04,31.8052,31.8052,31.8052,31.8052,31570000,0.00%,85767542,110867120542,1004090.16,0
2024-06-05,31.8052,31.8052,31.8052,31.8052,35367500,0.00%,50400042,110867120542,1124870.41,0
2024-06-06,31.8052,31.8052,31.8052,31.8052,33057500,0.00%,17342542,110867120542,1051400.4,0
2024-06-07,31.8052,31.837,31.837,31.8052,44187500,0.10%,122120255,111016085755,1406797.44,148965213
2024-06-11,31.837,31.837,31.837,31.837,46375000,0.00%,75745255,111016085755,1476440.88,0
2024-06-12,31.837,31.837,31.837,31.837,26180000,0.00%,49565255,111016085755,833492.66,0
2024-06-13,31.837,31.837,31.837,31.837,26845000,0.00%,22720255,111016085755,854664.27,0
2024-06-14,31.837,31.8688,31.8688,31.837,36505000,0.10%,135266683,111165137183,1163370.54,149051427
2024-06-17,31.8688,31.8688,31.8688,31.8688,26740000,0.00%,108526683,111165137183,852171.71,0
2024-06-18,31.8688,31.8688,31.8688,31.8688,24990000,0.00%,83536683,111165137183,796401.31,0
2024-06-19,31.8688,31.8688,31.8688,31.8688,39042500,0.00%,44494183,111165137183,1244237.62,0
2024-06-20,31.8688,31.8688,31.8688,31.8688,24587500,0.00%,19906683,111165137183,783574.12,0
2024-06-21,31.8688,31.9007,31.9007,31.8688,45255000,0.10%,122510183,111312995683,1443666.18,147858500
2024-06-24,31.9007,31.9007,31.9007,31.9007,22610000,0.00%,99900183,111312995683,721274.83,0
2024-06-25,31.9007,31.9007,31.9007,31.9007,22382500,0.00%,77517683,111312995683,714017.42,0
2024-06-26,31.9007,31.9007,31.9007,31.9007,20807500,0.00%,56710183,111312995683,663773.82,0
2024-06-27,31.9007,31.9007,31.9007,31.9007,30642500,0.00%,26067683,111312995683,977517.2,0
2024-06-28,31.9007,31.9326,31.9326,31.9007,27230000,0.10%,146185820,111460343820,869524.7,147348136
2024-07-02,31.9326,31.9326,31.9326,31.9326,47722500,0.00%,98463320,111460343820,1523903.5,0
2024-07-03,31.9326,31.9326,31.9326,31.9326,38955000,0.00%,59508320,111460343820,1243934.43,0
2024-07-04,31.9326,31.9326,31.9326,31.9326,27020000,0.00%,32488320,111460343820,862818.85,0
2024-07-05,31.9326,31.9326,31.9326,31.9326,18410000,0.00%,14078320,111460343820,587879.17,0
2024-07-08,31.9326,31.9645,31.9645,31.9326,20335000,0.10%,140953421,111607553921,649998.11,147210100
2024-07-09,31.9645,31.9645,31.9645,31.9645,22785000,0.00%,118168421,111607553921,728311.13,0
2024-07-10,31.9645,31.9645,31.9645,31.9645,27282500,0.00%,90885921,111607553921,872071.47,0
2024-07-11,31.9645,31.9645,31.9645,31.9645,29032500,0.00%,61853421,111607553921,928009.35,0
2024-07-12,31.9645,31.9645,31.9645,31.9645,48160000,0.00%,13693421,111607553921,1539410.32,0
2024-07-15,31.9645,31.9965,31.9965,31.9645,23940000,0.10%,137614955,111755415455,765996.21,147861534
2024-07-16,31.9965,31.9965,31.9965,31.9965,33355000,0.00%,104259955,111755415455,1067243.26,0
2024-07-17,31.9965,31.9965,31.9965,31.9965,45255000,0.00%,59004955,111755415455,1448001.61,0
2024-07-18,31.9965,31.9965,31.9965,31.9965,33145000,0.00%,25859955,111755415455,1060523.99,0
2024-07-19,31.9965,32.0285,32.0285,31.9965,40407500,0.10%,133601870,111903564870,1294191.61,148149414
2024-07-22,32.0285,32.0285,32.0285,32.0285,29680000,0.00%,103921870,111903564870,950605.88,0
2024-07-23,32.0285,32.0285,32.0285,32.0285,21175000,0.00%,82746870,111903564870,678203.49,0
2024-07-24,32.0285,32.0285,32.0285,32.0285,20650000,0.00%,62096870,111903564870,661388.53,0
2024-07-25,32.0285,32.0285,32.0285,32.0285,45132500,0.00%,16964370,111903564870,1445526.28,0
2024-07-26,32.0285,32.0605,32.0605,32.0285,23222500,0.10%,142805719,112052628719,744524.96,149063848
2024-07-29,32.0605,32.0605,32.0605,32.0605,22522500,0.00%,120283219,112052628719,722082.61,0
2024-07-30,32.0605,32.0605,32.0605,32.0605,17062500,0.00%,103220719,112052628719,547032.28,0
2024-07-31,32.0605,32.0605,32.0605,32.0605,35525000,0.00%,67695719,112052628719,1138949.26,0
2024-08-01,32.0605,32.0605,32.0605,32.0605,21717500,0.00%,45978219,112052628719,696273.91,0
2024-08-02,32.0605,32.0605,32.0605,32.0605,30992500,0.00%,14985719,112052628719,993635.05,0
2024-08-05,32.0605,32.0925,32.0925,32.0605,40180000,0.10%,123737403,112201560403,1289476.65,148931684
2024-08-06,32.0925,32.0925,32.0925,32.0925,30922500,0.00%,92814903,112201560403,992380.33,0
2024-08-07,32.0925,32.0925,32.0925,32.0925,27720000,0.00%,65094903,112201560403,889604.1,0
2024-08-08,32.0925,32.0925,32.0925,32.0925,32917500,0.00%,32177403,112201560403,1056404.87,0
2024-08-09,32.0925,32.0925,32.0925,32.0925,28612500,0.00%,3564903,112201560403,918246.66,0
2024-08-12,32.0925,32.1246,32.1246,32.0925,17885000,0.10%,134575972,112350456472,574548.47,148896068
2024-08-13,32.1246,32.1246,32.1246,32.1246,23782500,0.00%,110793472,112350456472,764003.3,0
2024-08-14,32.1246,32.1246,32.1246,32.1246,32707500,0.00%,78085972,112350456472,1050715.35,0
2024-08-15,32.1246,32.1246,32.1246,32.1246,37520000,0.00%,40565972,112350456472,1205314.99,0
2024-08-16,32.1246,32.1246,32.1246,32.1246,28717500,0.00%,11848472,112350456472,922538.2,0
2024-08-19,32.1246,32.1568,32.1568,32.1246,26617500,0.10%,133937266,112499162766,855933.62,148706293
2024-08-20,32.1568,32.1568,32.1568,32.1568,20737500,0.00%,113199766,112499162766,666851.64,0
2024-08-21,32.1568,32.1568,32.1568,32.1568,20387500,0.00%,92812266,112499162766,655596.76,0
2024-08-22,32.1568,32.1568,32.1568,32.1568,29382500,0.00%,63429766,112499162766,944847.18,0
2024-08-23,32.1568,32.1568,32.1568,32.1568,22855000,0.00%,40574766,112499162766,734943.66,0
2024-08-26,32.1568,32.1568,32.1568,32.1568,28437500,0.00%,12137266,112499162766,914459.0,0
2024-08-27,32.1568,32.1889,32.1889,32.1568,23940000,0.10%,135985602,112646951102,770602.27,147788335
2024-08-28,32.1889,32.1889,32.1889,32.1889,25550000,0.00%,110435602,112646951102,822426.39,0
2024-08-29,32.1889,32.1889,32.1889,32.1889,22557500,0.00%,87878102,112646951102,726101.11,0
2024-08-30,32.1889,32.1889,32.1889,32.1889,54022500,0.00%,33855602,112646951102,1738924.85,0
2024-09-02,32.1889,32.1889,32.1889,32.1889,24290000,0.00%,9565602,112646951102,781868.38,0
2024-09-03,32.1889,32.2211,32.2211,32.1889,17167500,0.10%,140539806,112795092806,553155.73,148141704
2024-09-04,32.2211,32.2211,32.2211,32.2211,23240000,0.00%,117299806,112795092806,748818.36,0
2024-09-05,32.2211,32.2211,32.2211,32.2211,16765000,0.00%,100534806,112795092806,540186.74,0
2024-09-09,32.2211,32.2211,32.2211,32.2211,35140000,0.00%,65394806,112795092806,1132249.45,0
2024-09-10,32.2211,32.2211,32.2211,32.2211,21525000,0.00%,43869806,112795092806,693559.18,0
2024-09-11,32.2211,32.2211,32.2211,32.2211,21070000,0.00%,22799806,112795092806,678898.58,0
2024-09-12,32.2211,32.2533,32.2533,32.2211,24150000,0.10%,145940655,112942383655,778917.2,147290848
2024-09-13,32.2533,32.2533,32.2533,32.2533,19267500,0.00%,126673155,112942383655,621440.46,0
2024-09-16,32.2533,32.2533,32.2533,32.2533,13457500,0.00%,113215655,112942383655,434048.78,0
2024-09-17,32.2533,32.2533,32.2533,32.2533,17762500,0.00%,95453155,112942383655,572899.24,0
2024-09-19,32.2533,32.2533,32.2533,32.2533,45150000,0.00%,50303155,112942383655,1456236.5,0
2024-09-20,32.2533,32.2533,32.2533,32.2533,49717500,0.00%,585655,112942383655,1603553.44,0
2024-09-23,32.2533,32.2856,32.2856,32.2533,26635000,0.10%,121707806,113090140806,859926.96,147757151
2024-09-24,32.2856,32.2856,32.2856,32.2856,75110000,0.00%,46597806,113090140806,2424971.42,0
2024-09-25,32.2856,32.3179,32.3179,32.2856,70192500,0.10%,125399928,113239135428,2268474.2,148994622
2024-09-26,32.3179,32.3179,32.3179,32.3179,87937500,0.00%,37462428,113239135428,2841955.33,0
2024-09-27,32.3179,32.3502,32.3502,32.3179,100012500,0.10%,87988011,113389673511,3235424.38,150538083
2024-09-30,32.3502,32.3825,32.3825,32.3502,132055000,0.10%,107715337,113541455837,4276271.04,151782325
2024-10-02,32.3825,32.3825,32.3825,32.3825,85347500,0.00%,22367837,113541455837,2763765.42,0
2024-10-03,32.3825,32.4149,32.4149,32.3825,55300000,0.10%,121532541,113695920541,1792543.97,154464703
2024-10-04,32.4149,32.4149,32.4149,32.4149,43155000,0.00%,78377541,113695920541,1398865.01,0
2024-10-07,32.4149,32.4149,32.4149,32.4149,44327500,0.00%,34050041,113695920541,1436871.48,0
2024-10-08,32.4149,32.4473,32.4473,32.4149,123322500,0.10%,65636341,113850829341,4001482.15,154908799
2024-10-09,32.4473,32.4798,32.4798,32.4473,81147500,0.10%,140852103,114007192603,2635654.57,156363261
2024-10-10,32.4798,32.4798,32.4798,32.4798,57942500,0.00%,82909603,114007192603,1881960.81,0
2024-10-14,32.4798,32.4798,32.4798,32.4798,53060000,0.00%,29849603,114007192603,1723378.19,0
2024-10-15,32.4798,32.5123,32.5123,32.4798,58589999,0.10%,129526248,114165459248,1904895.66,158266645
2024-10-16,32.5123,32.5123,32.5123,32.5123,39357500,0.00%,90168748,114165459248,1279602.85,0
2024-10-17,32.5123,32.5123,32.5123,32.5123,28840000,0.00%,61328748,114165459248,937654.73,0
2024-10-18,32.5123,32.5123,32.5123,32.5123,45430000,0.00%,15898748,114165459248,1477033.79,0
2024-10-21,32.5123,32.5448,32.5448,32.5123,28577499,0.10%,146387943,114324525943,930049.02,159066694
2024-10-22,32.5448,32.5448,32.5448,32.5448,19302500,0.00%,127085443,114324525943,628196.0,0
2024-10-23,32.5448,32.5448,32.5448,32.5448,25655000,0.00%,101430443,114324525943,834936.84,0
2024-10-24,32.5448,32.5448,32.5448,32.5448,19600000,0.00%,81830443,114324525943,637878.08,0
2024-10-25,32.5448,32.5448,32.5448,32.5448,20912500,0.00%,60917943,114324525943,680593.13,0
2024-10-28,32.5448,32.5448,32.5448,32.5448,27212500,0.00%,33705443,114324525943,885625.37,0
2024-10-29,32.5448,32.5448,32.5448,32.5448,24150000,0.00%,9555443,114324525943,785956.92,0
2024-10-30,32.5448,32.5773,32.5773,32.5448,31325000,0.10%,136545296,114482840796,1020483.92,158314853
2024-10-31,32.5773,32.5773,32.5773,32.5773,39812500,0.00%,96732796,114482840796,1296983.76,0
2024-11-01,32.5773,32.5773,32.5773,32.5773,36907500,0.00%,59825296,114482840796,1202346.7,0
2024-11-04,32.5773,32.5773,32.5773,32.5773,20492500,0.00%,39332796,114482840796,667590.32,0
2024-11-05,32.5773,32.5773,32.5773,32.5773,26722500,0.00%,12610296,114482840796,870546.9,0
2024-11-06,32.5773,32.6099,32.6099,32.5773,36330000,0.10%,135572083,114642132583,1184717.67,159291786
2024-11-07,32.6099,32.6099,32.6099,32.6099,34860000,0.00%,100712083,114642132583,1136781.11,0
2024-11-08,32.6099,32.6099,32.6099,32.6099,33932500,0.00%,66779583,114642132583,1106535.43,0
2024-11-11,32.6099,32.6099,32.6099,32.6099,40005000,0.00%,26774583,114642132583,1304559.05,0
2024-11-12,32.6099,32.6425,32.6425,32.6099,47775000,0.10%,138475345,114801608345,1559495.44,159475761
2024-11-13,32.6425,32.6425,32.6425,32.6425,49542500,0.00%,88932845,114801608345,1617191.06,0
2024-11-14,32.6425,32.6425,32.6425,32.6425,61075000,0.00%,27857845,114801608345,1993640.69,0
2024-11-15,32.6425,32.6751,32.6751,32.6425,50855000,0.10%,137444650,114962050150,1661692.21,160441805
2024-11-18,32.6751,32.6751,32.6751,32.6751,35857500,0.00%,101587150,114962050150,1171647.4,0
2024-11-19,32.6751,32.6751,32.6751,32.6751,24290000,0.00%,77297150,114962050150,793678.18,0
2024-11-20,32.6751,32.6751,32.6751,32.6751,26267500,0.00%,51029650,114962050150,858293.19,0
2024-11-21,32.6751,32.6751,32.6751,32.6751,21875000,0.00%,29154650,114962050150,714767.81,0
2024-11-22,32.6751,32.7078,32.7078,32.6751,29662500,0.10%,159776459,115122334459,970195.12,160284308
2024-11-25,32.7078,32.7078,32.7078,32.7078,48807500,0.00%,110968959,115122334459,1596385.95,0
2024-11-26,32.7078,32.7078,32.7078,32.7078,29645000,0.00%,81323959,115122334459,969622.73,0
2024-11-27,32.7078,32.7078,32.7078,32.7078,29207500,0.00%,52116459,115122334459,955313.07,0
2024-11-28,32.7078,32.7078,32.7078,32.7078,22872500,0.00%,29243959,115122334459,748109.16,0
2024-11-29,32.7078,32.7078,32.7078,32.7078,27352500,0.00%,1891459,115122334459,894640.1,0
2024-12-02,32.7078,32.7405,32.7405,32.7078,23327500,0.10%,139254459,115283024959,763754.01,160690500
2024-12-03,32.7405,32.7405,32.7405,32.7405,32130000,0.00%,107124459,115283024959,1051952.26,0
2024-12-04,32.7405,32.7405,32.7405,32.7405,24587500,0.00%,82536959,115283024959,805007.04,0
2024-12-05,32.7405,32.7405,32.7405,32.7405,23292500,0.00%,59244459,115283024959,762608.1,0
2024-12-06,32.7405,32.7405,32.7405,32.7405,48492500,0.00%,10751959,115283024959,1587668.7,0
2024-12-09,32.7405,32.7733,32.7733,32.7405,39305000,0.10%,132860430,115444438430,1288154.56,161413470
2024-12-10,32.7733,32.7733,32.7733,32.7733,52990000,0.00%,79870430,115444438430,1736657.17,0
2024-12-11,32.7733,32.7733,32.7733,32.7733,22925000,0.00%,56945430,115444438430,751327.9,0
2024-12-12,32.7733,32.7733,32.7733,32.7733,40967500,0.00%,15977930,115444438430,1342640.17,0
2024-12-13,32.7733,32.806,32.806,32.7733,28525000,0.10%,149604373,115606589873,935791.15,162151443
2024-12-16,32.806,32.806,32.806,32.806,24605000,0.00%,124999373,115606589873,807191.63,0
2024-12-17,32.806,32.806,32.806,32.806,29365000,0.00%,95634373,115606589873,963348.19,0
2024-12-18,32.806,32.806,32.806,32.806,26092500,0.00%,69541873,115606589873,855990.55,0
2024-12-19,32.806,32.806,32.806,32.806,60672500,0.00%,8869373,115606589873,1990422.03,0
2024-12-20,32.806,32.8389,32.8389,32.806,78452500,0.10%,93504856,115769677856,2576293.8,163087983
2024-12-23,32.8389,32.8389,32.8389,32.8389,36505000,0.00%,56999856,115769677856,1198784.04,0
2024-12-24,32.8389,32.8389,32.8389,32.8389,13772500,0.00%,43227356,115769677856,452273.75,0
2024-12-27,32.8389,32.8389,32.8389,32.8389,23712500,0.00%,19514856,115769677856,778692.42,0
2024-12-30,32.8389,32.8717,32.8717,32.8389,23660000,0.10%,160282852,115934105852,777744.42,164427995
2024-12-31,32.8717,32.8717,32.8717,32.8717,19022500,0.00%,141260352,115934105852,625301.91,0
2025-01-02,32.8717,32.8717,32.8717,32.8717,37314000,0.00%,103946352,115934105852,1226574.61,0
2025-01-03,32.8717,32.8717,32.8717,32.8717,30312000,0.00%,73634352,115934105852,996406.97,0
2025-01-06,32.8717,32.8717,32.8717,32.8717,30366000,0.00%,43268352,115934105852,998182.04,0
2025-01-07,32.8717,32.9375,32.9375,32.8717,257256000,0.20%,115935756,116264029256,8473369.5,329923404
2025-01-08,32.9375,32.9704,32.9704,32.9375,171828000,0.10%,112863429,116432784929,5665237.89,168755673
2025-01-09,32.9704,32.9704,32.9704,32.9704,109044000,0.00%,3819429,116432784929,3595224.3,0
2025-01-10,32.9704,33.0034,33.0034,32.9704,66690000,0.10%,109487645,116605143145,2200996.75,172358215
2025-01-13,33.0034,33.0034,33.0034,33.0034,62622000,0.00%,46865645,116605143145,2066738.91,0
2025-01-14,33.0034,33.0364,33.0364,33.0034,73116000,0.10%,147109791,116778503291,2415489.42,173360146
2025-01-15,33.0364,33.0364,33.0364,33.0364,52488000,0.00%,94621791,116778503291,1734014.56,0
2025-01-16,33.0364,33.0364,33.0364,33.0364,47052000,0.00%,47569791,116778503291,1554428.69,0
2025-01-17,33.0364,33.0364,33.0364,33.0364,30852000,0.00%,16717791,116778503291,1019239.01,0
2025-01-20,33.0364,33.0694,33.0694,33.0364,56052000,0.10%,135694293,116953531793,1853606.01,175028501
2025-01-21,33.0694,33.0694,33.0694,33.0694,45450000,0.00%,90244293,116953531793,1503004.23,0
2025-01-22,33.0694,33.0694,33.0694,33.0694,32148000,0.00%,58096293,116953531793,1063115.07,0
2025-01-23,33.0694,33.0694,33.0694,33.0694,38268000,0.00%,19828293,116953531793,1265499.8,0
2025-01-24,33.0694,33.1025,33.1025,33.0694,43344000,0.10%,152760159,117129807659,1434794.76,176275866
2025-01-27,33.1025,33.1025,33.1025,33.1025,42498000,0.00%,110262159,117129807659,1406790.04,0
2025-01-28,33.1025,33.1025,33.1025,33.1025,25560000,0.00%,84702159,117129807659,846099.9,0
2025-02-03,33.1025,33.1025,33.1025,33.1025,50256000,0.00%,34446159,117129807659,1663599.24,0
2025-02-04,33.1025,33.1356,33.1356,33.1025,56304000,0.10%,155343098,117307008598,1865666.82,177200938
2025-02-05,33.1356,33.1356,33.1356,33.1356,57834000,0.00%,97509098,117307008598,1916364.29,0
2025-02-06,33.1356,33.1356,33.1356,33.1356,35262000,0.00%,62247098,117307008598,1168427.53,0
2025-02-07,33.1356,33.1356,33.1356,33.1356,62226000,0.00%,21098,117307008598,2061895.85,0
2025-02-10,33.1356,33.1687,33.1687,33.1356,56538000,0.10%,122243107,117485768607,1875291.96,178760009
2025-02-11,33.1687,33.1687,33.1687,33.1687,55602000,0.00%,66641107,117485768607,1844246.06,0
2025-02-12,33.1687,33.2019,33.2019,33.1687,68868000,0.10%,176833155,117664828655,2286548.45,179060047
2025-02-13,33.2019,33.2019,33.2019,33.2019,109782000,0.00%,67051155,117664828655,3644970.99,0
2025-02-14,33.2019,33.2351,33.2351,33.2019,134136000,0.10%,113413866,117845327366,4458023.37,180498711
2025-02-17,33.2351,33.2683,33.2683,33.2351,227196000,0.10%,68370070,118027479570,7558424.69,182152204
2025-02-18,33.2683,33.3016,33.3016,33.2683,112554000,0.10%,141016925,118212680425,3748228.29,185200854
2025-02-19,33.3016,33.3016,33.3016,33.3016,61434000,0.00%,79582925,118212680425,2045850.49,0
2025-02-20,33.3016,33.3016,33.3016,33.3016,62190000,0.00%,17392925,118212680425,2071026.5,0
2025-02-21,33.3016,33.3349,33.3349,33.3016,132390000,0.10%,72688035,118400365535,4413207.41,187685109
2025-02-24,33.3349,33.3682,33.3682,33.3349,121572000,0.10%,140293712,118589543212,4056638.81,189177677
2025-02-25,33.3682,33.3682,33.3682,33.3682,101718000,0.00%,38575712,118589543212,3394146.57,0
2025-02-26,33.3682,33.4016,33.4016,33.3682,72882000,0.10%,157054391,118780903891,2434375.41,191360678
2025-02-27,33.4016,33.4016,33.4016,33.4016,70020000,0.00%,87034391,118780903891,2338780.03,0
2025-02-28,33.4016,33.435,33.435,33.4016,93888000,0.10%,185604119,118973361619,3139145.28,192457728
2025-03-03,33.435,33.435,33.435,33.435,58950000,0.00%,126654119,118973361619,1970993.25,0
2025-03-04,33.435,33.435,33.435,33.435,56016000,0.00%,70638119,118973361619,1872894.96,0
2025-03-05,33.435,33.435,33.435,33.435,63306000,0.00%,7332119,118973361619,2116636.11,0
2025-03-06,33.435,33.4684,33.4684,33.435,143424000,0.10%,58806755,119168260255,4800171.8,194898635
2025-03-07,33.4684,33.5019,33.5019,33.4684,83682000,0.10%,171704654,119364840154,2803506.0,196579899
2025-03-10,33.5019,33.5019,33.5019,33.5019,61956000,0.00%,109748654,119364840154,2075643.72,0
2025-03-11,33.5019,33.5019,33.5019,33.5019,60930000,0.00%,48818654,119364840154,2041270.77,0
2025-03-12,33.5019,33.5354,33.5354,33.5019,50454000,0.10%,196398359,119562873859,1691995.07,198033704
2025-03-13,33.5354,33.5354,33.5354,33.5354,49194000,0.00%,147204359,119562873859,1649740.47,0
2025-03-14,33.5354,33.5354,33.5354,33.5354,55278000,0.00%,91926359,119562873859,1853769.84,0
2025-03-17,33.5354,33.5354,33.5354,33.5354,39780000,0.00%,52146359,119562873859,1334038.21,0
2025-03-18,33.5354,33.5689,33.5689,33.5354,60552000,0.10%,191202809,119762482309,2032664.03,199608449
2025-03-19,33.5689,33.5689,33.5689,33.5689,56880000,0.00%,134322809,119762482309,1909399.03,0
2025-03-20,33.5689,33.5689,33.5689,33.5689,89730000,0.00%,44592809,119762482309,3012137.4,0
2025-03-21,33.5689,33.6025,33.6025,33.5689,76068000,0.10%,165104751,119959062251,2556074.97,196579942
2025-03-24,33.6025,33.6025,33.6025,33.6025,44280000,0.00%,120824751,119959062251,1487918.7,0
2025-03-25,33.6025,33.6025,33.6025,33.6025,49932000,0.00%,70892751,119959062251,1677840.03,0
2025-03-26,33.6025,33.6025,33.6025,33.6025,31158000,0.00%,39734751,119959062251,1046986.7,0
2025-03-27,33.6025,33.6025,33.6025,33.6025,31680000,0.00%,8054751,119959062251,1064527.2,0
2025-03-28,33.6025,33.6361,33.6361,33.6025,33462000,0.10%,171905362,120156374862,1125531.18,197312610
2025-03-31,33.6361,33.6361,33.6361,33.6361,50472000,0.00%,121433362,120156374862,1697681.24,0
2025-04-01,33.6361,33.6361,33.6361,33.6361,35136000,0.00%,86297362,120156374862,1181838.01,0
2025-04-02,33.6361,33.6361,33.6361,33.6361,25650000,0.00%,60647362,120156374862,862765.96,0
2025-04-03,33.6361,33.6361,33.6361,33.6361,52596000,0.00%,8051362,120156374862,1769124.32,0
2025-04-07,33.6361,33.7034,33.7034,33.6361,222048000,0.20%,181646862,120552018362,7483772.56,395643500
2025-04-08,33.7034,33.7034,33.7034,33.7034,117216000,0.00%,64430862,120552018362,3950577.73,0
2025-04-09,33.7034,33.7371,33.7371,33.7034,119664000,0.10%,146508464,120753759964,4037116.33,201741601
2025-04-10,33.7371,33.7371,33.7371,33.7371,104040000,0.00%,42468464,120753759964,3510007.88,0
2025-04-11,33.7371,33.7709,33.7709,33.7371,83862000,0.10%,162020264,120957173764,2832095.22,203413800
2025-04-14,33.7709,33.7709,33.7709,33.7709,54630000,0.00%,107390264,120957173764,1844904.27,0
2025-04-15,33.7709,33.7709,33.7709,33.7709,36450000,0.00%,70940264,120957173764,1230949.3,0
2025-04-16,33.7709,33.7709,33.7709,33.7709,49176000,0.00%,21764264,120957173764,1660717.78,0
2025-04-17,33.7709,33.8046,33.8046,33.7709,44064000,0.10%,181076330,121160549830,1489565.89,203376066
2025-04-22,33.8046,33.8046,33.8046,33.8046,43272000,0.00%,137804330,121160549830,1462792.65,0
2025-04-23,33.8046,33.8046,33.8046,33.8046,48600000,0.00%,89204330,121160549830,1642903.56,0
2025-04-24,33.8046,33.8046,33.8046,33.8046,34038000,0.00%,55166330,121160549830,1150640.97,0
2025-04-25,33.8046,33.8046,33.8046,33.8046,51750000,0.00%,3416330,121160549830,1749388.05,0
2025-04-28,33.8046,33.8384,33.8384,33.8046,24858000,0.10%,182092921,121364084421,841154.95,203534590
2025-04-29,33.8384,33.8384,33.8384,33.8384,29466000,0.00%,152626921,121364084421,997082.29,0
2025-04-30,33.8384,33.8384,33.8384,33.8384,27558000,0.00%,125068921,121364084421,932518.63,0
2025-05-02,33.8384,33.8384,33.8384,33.8384,23832000,0.00%,101236921,121364084421,806436.75,0
2025-05-06,33.8384,33.8384,33.8384,33.8384,35658000,0.00%,65578921,121364084421,1206609.67,0
2025-05-07,33.8384,33.8384,33.8384,33.8384,46116000,0.00%,19462921,121364084421,1560491.65,0
2025-05-08,33.8384,33.8723,33.8723,33.8384,35676000,0.10%,186438615,121566736115,1208428.17,202651694
2025-05-09,33.8723,33.8723,33.8723,33.8723,24804000,0.00%,161634615,121566736115,840168.53,0
2025-05-12,33.8723,33.8723,33.8723,33.8723,64530000,0.00%,97104615,121566736115,2185779.52,0
2025-05-13,33.8723,33.8723,33.8723,33.8723,41616000,0.00%,55488615,121566736115,1409629.64,0
2025-05-14,33.8723,33.8723,33.8723,33.8723,43722000,0.00%,11766615,121566736115,1480964.7,0
2025-05-15,33.8723,33.9061,33.9061,33.8723,59039999,0.10%,156781463,121770790963,2001816.14,204054848
2025-05-16,33.9061,33.9061,33.9061,33.9061,38394000,0.00%,118387463,121770790963,1301790.8,0
2025-05-19,33.9061,33.9061,33.9061,33.9061,40428000,0.00%,77959463,121770790963,1370755.81,0
2025-05-20,33.9061,33.9061,33.9061,33.9061,28422000,0.00%,49537463,121770790963,963679.17,0
2025-05-21,33.9061,33.9061,33.9061,33.9061,34056000,0.00%,15481463,121770790963,1154706.14,0
2025-05-22,33.9061,33.9401,33.9401,33.9061,25704000,0.10%,194719402,121975732902,872396.33,204941938
2025-05-23,33.9401,33.9401,33.9401,33.9401,29268000,0.00%,165451402,121975732902,993358.85,0
2025-05-26,33.9401,33.9401,33.9401,33.9401,31122000,0.00%,134329402,121975732902,1056283.79,0
2025-05-27,33.9401,33.9401,33.9401,33.9401,26982000,0.00%,107347402,121975732902,915771.78,0
2025-05-28,33.9401,33.9401,33.9401,33.9401,30258000,0.00%,77089402,121975732902,1026959.55,0
2025-05-29,33.9401,33.9401,33.9401,33.9401,34866000,0.00%,42223402,121975732902,1183355.53,0
2025-05-30,33.9401,33.974,33.974,33.9401,50904000,0.10%,195106945,122179520445,1729412.5,203787542
2025-06-02,33.974,33.974,33.974,33.974,23562000,0.00%,171544945,122179520445,800495.39,0
2025-06-03,33.974,33.974,33.974,33.974,26298000,0.00%,145246945,122179520445,893448.25,0
2025-06-04,33.974,33.974,33.974,33.974,33084000,0.00%,112162945,122179520445,1123995.82,0
2025-06-05,33.974,33.974,33.974,33.974,34794000,0.00%,77368945,122179520445,1182091.36,0
2025-06-06,33.974,33.974,33.974,33.974,23652000,0.00%,53716945,122179520445,803553.05,0
2025-06-09,33.974,33.974,33.974,33.974,33264000,0.00%,20452945,122179520445,1130111.14,0
2025-06-10,33.974,34.008,34.008,33.974,30672000,0.10%,193285660,122383025160,1043093.38,203504715
2025-06-11,34.008,34.008,34.008,34.008,26604000,0.00%,166681660,122383025160,904748.83,0
2025-06-12,34.008,34.008,34.008,34.008,24066000,0.00%,142615660,122383025160,818436.53,0
2025-06-13,34.008,34.008,34.008,34.008,34362000,0.00%,108253660,122383025160,1168582.9,0
2025-06-16,34.008,34.008,34.008,34.008,24804000,0.00%,83449660,122383025160,843534.43,0
2025-06-17,34.008,34.008,34.008,34.008,20736000,0.00%,62713660,122383025160,705189.89,0
2025-06-18,34.008,34.008,34.008,34.008,27342000,0.00%,35371660,122383025160,929846.74,0
2025-06-19,34.008,34.008,34.008,34.008,34902000,0.00%,469660,122383025160,1186947.22,0
2025-06-20,34.008,34.042,34.042,34.008,37116000,0.10%,165153551,122584825051,1263502.87,201799890
2025-06-23,34.042,34.042,34.042,34.042,25650000,0.00%,139503551,122584825051,873177.3,0
2025-06-24,34.042,34.042,34.042,34.042,31986000,0.00%,107517551,122584825051,1088867.41,0
2025-06-25,34.042,34.042,34.042,34.042,31662000,0.00%,75855551,122584825051,1077837.8,0
2025-06-26,34.042,34.042,34.042,34.042,27000000,0.00%,48855551,122584825051,919134.0,0
2025-06-27,34.042,34.042,34.042,34.042,27324000,0.00%,21531551,122584825051,930163.61,0
2025-06-30,34.042,34.076,34.076,34.042,33228000,0.10%,188953716,122785475216,1132277.33,200650164
2025-07-02,34.076,34.076,34.076,34.076,32760000,0.00%,156193716,122785475216,1116329.76,0
2025-07-03,34.076,34.076,34.076,34.076,34128000,0.00%,122065716,122785475216,1162945.73,0
2025-07-04,34.076,34.076,34.076,34.076,26388000,0.00%,95677716,122785475216,899197.49,0
2025-07-07,34.076,34.076,34.076,34.076,20934000,0.00%,74743716,122785475216,713346.98,0
2025-07-08,34.076,34.076,34.076,34.076,23706000,0.00%,51037716,122785475216,807805.66,0
2025-07-09,34.076,34.076,34.076,34.076,32076000,0.00%,18961716,122785475216,1093021.78,0
2025-07-10,34.076,34.1101,34.1101,34.076,25254000,0.10%,193895612,122985663112,861416.47,200187896
2025-07-11,34.1101,34.1101,34.1101,34.1101,34614000,0.00%,159281612,122985663112,1180687.0,0
2025-07-14,34.1101,34.1101,34.1101,34.1101,21060000,0.00%,138221612,122985663112,718358.71,0
2025-07-15,34.1101,34.1101,34.1101,34.1101,49410000,0.00%,88811612,122985663112,1685380.04,0
2025-07-16,34.1101,34.1101,34.1101,34.1101,41850000,0.00%,46961612,122985663112,1427507.69,0
2025-07-17,34.1101,34.1101,34.1101,34.1101,24732000,0.00%,22229612,122985663112,843610.99,0
2025-07-18,34.1101,34.1442,34.1442,34.1101,24804000,0.10%,195689155,123183926655,846912.74,198263542
2025-07-21,34.1442,34.1442,34.1442,34.1442,23886000,0.00%,171803155,123183926655,815568.36,0
2025-07-22,34.1442,34.1442,34.1442,34.1442,31680000,0.00%,140123155,123183926655,1081688.26,0
2025-07-23,34.1442,34.1442,34.1442,34.1442,84132000,0.00%,55991155,123183926655,2872619.83,0
2025-07-24,34.1442,34.1442,34.1442,34.1442,43524000,0.00%,12467155,123183926655,1486092.16,0
2025-07-25,34.1442,34.1783,34.1783,34.1442,35802000,0.10%,175058652,123382320152,1223651.5,198393496
2025-07-28,34.1783,34.1783,34.1783,34.1783,26388000,0.00%,148670652,123382320152,901896.98,0
2025-07-29,34.1783,34.1783,34.1783,34.1783,30330000,0.00%,118340652,123382320152,1036627.84,0
2025-07-30,34.1783,34.1783,34.1783,34.1783,34848000,0.00%,83492652,123382320152,1191045.4,0
2025-07-31,34.1783,34.1783,34.1783,34.1783,36810000,0.00%,46682652,123382320152,1258103.22,0
2025-08-01,34.1783,34.1783,34.1783,34.1783,38160000,0.00%,8522652,123382320152,1304243.93,0
2025-08-04,34.1783,34.2125,34.2125,34.1783,31212000,0.10%,175726957,123580736457,1067840.55,198416305
2025-08-05,34.2125,34.2125,34.2125,34.2125,31230000,0.00%,144496957,123580736457,1068456.38,0
2025-08-06,34.2125,34.2125,34.2125,34.2125,37332000,0.00%,107164957,123580736457,1277221.05,0
2025-08-07,34.2125,34.2125,34.2125,34.2125,30492000,0.00%,76672957,123580736457,1043207.55,0
2025-08-08,34.2125,34.2125,34.2125,34.2125,23958000,0.00%,52714957,123580736457,819663.08,0
2025-08-11,34.2125,34.2125,34.2125,34.2125,21222000,0.00%,31492957,123580736457,726057.68,0
2025-08-12,34.2125,34.2125,34.2125,34.2125,24894000,0.00%,6598957,123580736457,851685.97,0
2025-08-13,34.2125,34.2467,34.2467,34.2125,67680000,0.10%,135263718,123777081218,2317816.66,196344760
2025-08-14,34.2467,34.2467,34.2467,34.2467,65412000,0.00%,69851718,123777081218,2240145.14,0
2025-08-15,34.2467,34.2467,34.2467,34.2467,39924000,0.00%,29927718,123777081218,1367265.25,0
2025-08-18,34.2467,34.281,34.281,34.2467,31662000,0.10%,195451806,123974267306,1085405.02,197186088
2025-08-19,34.281,34.281,34.281,34.281,29448000,0.00%,166003806,123974267306,1009506.89,0
2025-08-20,34.281,34.281,34.281,34.281,28710000,0.00%,137293806,123974267306,984207.51,0
2025-08-21,34.281,34.281,34.281,34.281,25722000,0.00%,111571806,123974267306,881775.88,0
2025-08-22,34.281,34.281,34.281,34.281,34884000,0.00%,76687806,123974267306,1195858.4,0
2025-08-25,34.281,34.281,34.281,34.281,46242000,0.00%,30445806,123974267306,1585222.0,0
2025-08-26,34.281,34.3153,34.3153,34.281,37188000,0.10%,189465698,124170475198,1276117.38,196207891
2025-08-27,34.3153,34.3153,34.3153,34.3153,38268000,0.00%,151197698,124170475198,1313177.9,0
2025-08-28,34.3153,34.3153,34.3153,34.3153,39078000,0.00%,112119698,124170475198,1340973.29,0
2025-08-29,34.3153,34.3153,34.3153,34.3153,32814000,0.00%,79305698,124170475198,1126022.25,0
2025-09-01,34.3153,34.3153,34.3153,34.3153,28728000,0.00%,50577698,124170475198,985809.94,0
2025-09-02,34.3153,34.3153,34.3153,34.3153,26658000,0.00%,23919698,124170475198,914777.27,0
2025-09-03,34.3153,34.3496,34.3496,34.3153,27936000,0.10%,192160054,124366651554,959590.43,196176356
2025-09-04,34.3496,34.3496,34.3496,34.3496,32400000,0.00%,159760054,124366651554,1112927.04,0
2025-09-05,34.3496,34.3496,34.3496,34.3496,34290000,0.00%,125470054,124366651554,1177847.78,0
2025-09-08,34.3496,34.3496,34.3496,34.3496,39276000,0.00%,86194054,124366651554,1349114.89,0
2025-09-09,34.3496,34.3496,34.3496,34.3496,35766000,0.00%,50428054,124366651554,1228547.79,0
2025-09-10,34.3496,34.3496,34.3496,34.3496,34542000,0.00%,15886054,124366651554,1186503.88,0
2025-09-11,34.3496,34.3839,34.3839,34.3496,32742000,0.10%,179737887,124563245387,1125797.65,196593833
2025-09-12,34.3839,34.3839,34.3839,34.3839,37404000,0.00%,142333887,124563245387,1286095.4,0
2025-09-15,34.3839,34.3839,34.3839,34.3839,29466000,0.00%,112867887,124563245387,1013156.0,0
2025-09-16,34.3839,34.3839,34.3839,34.3839,24012000,0.00%,88855887,124563245387,825626.21,0
2025-09-17,34.3839,34.3839,34.3839,34.3839,40230000,0.00%,48625887,124563245387,1383264.3,0
2025-09-18,34.3839,34.4183,34.4183,34.3839,53982000,0.10%,191526001,124760127501,1857968.67,196882113
2025-09-19,34.4183,34.4183,34.4183,34.4183,37458000,0.00%,154068001,124760127501,1289240.68,0
2025-09-22,34.4183,34.4183,34.4183,34.4183,23220000,0.00%,130848001,124760127501,799192.93,0
2025-09-23,34.4183,34.4183,34.4183,34.4183,27522000,0.00%,103326001,124760127501,947260.45,0
2025-09-24,34.4183,34.4183,34.4183,34.4183,33192000,0.00%,70134001,124760127501,1142412.21,0
2025-09-25,34.4183,34.4183,34.4183,34.4183,31284000,0.00%,38850001,124760127501,1076742.1,0
2025-09-26,34.4183,34.4183,34.4183,34.4183,35100000,0.00%,3750001,124760127501,1208082.33,0
2025-09-29,34.4183,34.4527,34.4527,34.4183,36882000,0.10%,164731349,124957990849,1270684.48,197863347
2025-09-30,34.4527,34.4527,34.4527,34.4527,37098000,0.00%,127633349,124957990849,1278126.26,0
2025-10-02,34.4527,34.4527,34.4527,34.4527,30852000,0.00%,96781349,124957990849,1062934.7,0
2025-10-03,34.4527,34.4527,34.4527,34.4527,12834000,0.00%,83947349,124957990849,442165.95,0
2025-10-06,34.4527,34.4527,34.4527,34.4527,14094000,0.00%,69853349,124957990849,485576.35,0
2025-10-08,34.4527,34.4527,34.4527,34.4527,18972000,0.00%,50881349,124957990849,653636.62,0
2025-10-09,34.4527,34.4527,34.4527,34.4527,26010000,0.00%,24871349,124957990849,896114.73,0
2025-10-10,34.4527,34.4872,34.4872,34.4527,35820000,0.10%,185900437,125154839937,1235331.5,196849087
2025-10-13,34.4872,34.4872,34.4872,34.4872,68418000,0.00%,117482437,125154839937,2359545.25,0
2025-10-14,34.4872,34.4872,34.4872,34.4872,48240000,0.00%,69242437,125154839937,1663662.53,0
2025-10-15,34.4872,34.4872,34.4872,34.4872,33084000,0.00%,36158437,125154839937,1140974.52,0
2025-10-16,34.4872,34.4872,34.4872,34.4872,25722000,0.00%,10436437,125154839937,887079.76,0
2025-10-17,34.4872,34.5217,34.5217,34.4872,33570000,0.10%,174963467,125352936967,1158893.47,198097030
2025-10-20,34.5217,34.5217,34.5217,34.5217,26928000,0.00%,148035467,125352936967,929600.34,0
2025-10-21,34.5217,34.5217,34.5217,34.5217,25506000,0.00%,122529467,125352936967,880510.48,0
2025-10-22,34.5217,34.5217,34.5217,34.5217,17964000,0.00%,104565467,125352936967,620147.82,0
2025-10-23,34.5217,34.5217,34.5217,34.5217,22356000,0.00%,82209467,125352936967,771767.13,0
2025-10-24,34.5217,34.5217,34.5217,34.5217,21600000,0.00%,60609467,125352936967,745668.72,0
2025-10-27,34.5217,34.5217,34.5217,34.5217,28872000,0.00%,31737467,125352936967,996710.52,0
2025-10-28,34.5217,34.5217,34.5217,34.5217,29340000,0.00%,2397467,125352936967,1012866.68,0
2025-10-30,34.5217,34.5562,34.5562,34.5217,39186000,0.10%,160985675,125550711175,1354119.25,197774208
2025-10-31,34.5562,34.5562,34.5562,34.5562,37044000,0.00%,123941675,125550711175,1280099.87,0
2025-11-03,34.5562,34.5562,34.5562,34.5562,20862000,0.00%,103079675,125550711175,720911.44,0
2025-11-04,34.5562,34.5562,34.5562,34.5562,26946000,0.00%,76133675,125550711175,931151.37,0
2025-11-05,34.5562,34.5562,34.5562,34.5562,23958000,0.00%,52175675,125550711175,827897.44,0
2025-11-06,34.5562,34.5562,34.5562,34.5562,23544000,0.00%,28631675,125550711175,813591.17,0
2025-11-07,34.5562,34.5562,34.5562,34.5562,23958000,0.00%,4673675,125550711175,827897.44,0
2025-11-10,34.5562,34.5908,34.5908,34.5562,26118000,0.10%,176435889,125748591389,903442.51,197880213
2025-11-11,34.5908,34.5908,34.5908,34.5908,23562000,0.00%,152873889,125748591389,815028.43,0
2025-11-12,34.5908,34.5908,34.5908,34.5908,24588000,0.00%,128285889,125748591389,850518.59,0
2025-11-13,34.5908,34.5908,34.5908,34.5908,31140000,0.00%,97145889,125748591389,1077157.51,0
2025-11-14,34.5908,34.5908,34.5908,34.5908,35928000,0.00%,61217889,125748591389,1242778.26,0
2025-11-17,34.5908,34.5908,34.5908,34.5908,24822000,0.00%,36395889,125748591389,858612.84,0
2025-11-18,34.5908,34.5908,34.5908,34.5908,33876000,0.00%,2519889,125748591389,1171797.94,0
2025-11-19,34.5908,34.6253,34.6253,34.5908,25128000,0.10%,175798475,125946997975,870064.54,198406586
2025-11-20,34.6253,34.6253,34.6253,34.6253,25236000,0.00%,150562475,125946997975,873804.07,0
2025-11-21,34.6253,34.6253,34.6253,34.6253,42714000,0.00%,107848475,125946997975,1478985.06,0
2025-11-24,34.6253,34.6253,34.6253,34.6253,40284000,0.00%,67564475,125946997975,1394845.59,0
2025-11-25,34.6253,34.6253,34.6253,34.6253,26784000,0.00%,40780475,125946997975,927404.04,0
2025-11-26,34.6253,34.6253,34.6253,34.6253,25974000,0.00%,14806475,125946997975,899357.54,0
2025-11-27,34.6253,34.66,34.66,34.6253,27882000,0.10%,185830749,126145904249,966390.12,198906274
2025-11-28,34.66,34.66,34.66,34.66,23796000,0.00%,162034749,126145904249,824769.36,0
2025-12-01,34.66,34.66,34.66,34.66,22752000,0.00%,139282749,126145904249,788584.32,0
2025-12-02,34.66,34.66,34.66,34.66,20628000,0.00%,118654749,126145904249,714966.48,0
2025-12-03,34.66,34.66,34.66,34.66,19800000,0.00%,98854749,126145904249,686268.0,0
2025-12-04,34.66,34.66,34.66,34.66,27594000,0.00%,71260749,126145904249,956408.04,0
2025-12-05,34.66,34.66,34.66,34.66,26352000,0.00%,44908749,126145904249,913360.32,0
2025-12-08,34.66,34.66,34.66,34.66,24156000,0.00%,20752749,126145904249,837246.96,0
2025-12-09,34.66,34.6946,34.6946,34.66,31374000,0.10%,188324834,126344850334,1088508.38,198946085
2025-12-10,34.6946,34.6946,34.6946,34.6946,26550000,0.00%,161774834,126344850334,921141.63,0
2025-12-11,34.6946,34.6946,34.6946,34.6946,22464000,0.00%,139310834,126344850334,779379.49,0
2025-12-12,34.6946,34.6946,34.6946,34.6946,32094000,0.00%,107216834,126344850334,1113488.49,0
2025-12-15,34.6946,34.6946,34.6946,34.6946,27306000,0.00%,79910834,126344850334,947370.75,0
2025-12-16,34.6946,34.6946,34.6946,34.6946,28782000,0.00%,51128834,126344850334,998579.98,0
2025-12-17,34.6946,34.6946,34.6946,34.6946,26676000,0.00%,24452834,126344850334,925513.15,0
2025-12-18,34.6946,34.6946,34.6946,34.6946,18270000,0.00%,6182834,126344850334,633870.34,0
2025-12-19,34.6946,34.7293,34.7293,34.6946,31986000,0.10%,167364186,126538017686,1110851.39,193167351
2025-12-22,34.7293,34.7293,34.7293,34.7293,24966000,0.00%,142398186,126538017686,867051.7,0
2025-12-23,34.7293,34.7293,34.7293,34.7293,28116000,0.00%,114282186,126538017686,976449.0,0
2025-12-24,34.7293,34.7293,34.7293,34.7293,13176000,0.00%,101106186,126538017686,457593.26,0
2025-12-29,34.7293,34.7293,34.7293,34.7293,33300000,0.00%,67806186,126538017686,1156485.69,0
2025-12-30,34.7293,34.7293,34.7293,34.7293,24444000,0.00%,43362186,126538017686,848923.01,0
2025-12-31,34.7293,34.7293,34.7293,34.7293,19512000,0.00%,23850186,126538017686,677638.1,0
2026-01-02,34.7293,34.7641,34.7641,34.7293,29970000,0.10%,183144634,126727282134,1041880.08,189264447
2026-01-05,34.7641,34.7641,34.7641,34.7641,36907500,0.00%,146237134,126727282134,1283056.02,0
2026-01-06,34.7641,34.7641,34.7641,34.7641,44714500,0.00%,101522634,126727282134,1554459.35,0
2026-01-07,34.7641,34.7641,34.7641,34.7641,39553000,0.00%,61969634,126727282134,1375024.45,0
2026-01-08,34.7641,34.7641,34.7641,34.7641,34669000,0.00%,27300634,126727282134,1205236.58,0
2026-01-09,34.7641,34.7988,34.7988,34.7641,32948500,0.10%,183602088,126916532088,1146568.26,189249954
2026-01-12,34.7988,34.7988,34.7988,34.7988,50930500,0.00%,132671588,126916532088,1772320.28,0
2026-01-13,34.7988,34.7988,34.7988,34.7988,44788500,0.00%,87883088,126916532088,1558586.05,0
2026-01-14,34.7988,34.7988,34.7988,34.7988,53058000,0.00%,34825088,126916532088,1846354.73,0
2026-01-15,34.7988,34.8336,34.8336,34.7988,48451500,0.10%,177206844,127107365344,1687740.17,190833256
2026-01-16,34.8336,34.8336,34.8336,34.8336,38147000,0.00%,139059844,127107365344,1328797.34,0
2026-01-19,34.8336,34.8336,34.8336,34.8336,24475500,0.00%,114584344,127107365344,852569.78,0
2026-01-20,34.8336,34.8336,34.8336,34.8336,45010500,0.00%,69573844,127107365344,1567877.75,0
2026-01-21,34.8336,34.8336,34.8336,34.8336,29600000,0.00%,39973844,127107365344,1031074.56,0
2026-01-22,34.8336,34.8684,34.8684,34.8336,50264500,0.10%,181111873,127298767873,1752642.69,191402528
2026-01-23,34.8684,34.8684,34.8684,34.8684,35483000,0.00%,145628873,127298767873,1237235.44,0
2026-01-26,34.8684,34.8684,34.8684,34.8684,32264000,0.00%,113364873,127298767873,1124994.06,0
2026-01-27,34.8684,34.8684,34.8684,34.8684,44196500,0.00%,69168373,127298767873,1541061.24,0
2026-01-28,34.8684,34.8684,34.8684,34.8684,47323000,0.00%,21845373,127298767873,1650077.29,0
2026-01-29,34.8684,34.9033,34.9033,34.8684,42457500,0.10%,171826106,127491206106,1481906.86,192438232
2026-01-30,34.9033,34.9033,34.9033,34.9033,39738000,0.00%,132088106,127491206106,1386987.34,0
2026-02-02,34.9033,34.9033,34.9033,34.9033,51670500,0.00%,80417606,127491206106,1803470.96,0
2026-02-03,34.9033,34.9382,34.9382,34.9033,120490499,0.10%,152444289,127683723289,4209721.19,192517182
2026-02-04,34.9382,34.9382,34.9382,34.9382,111684500,0.00%,40759789,127683723289,3902055.4,0
2026-02-05,34.9382,34.9732,34.9732,34.9382,146723500,0.10%,88517928,127878204928,5131390.31,194481639
2026-02-06,34.9732,34.9732,34.9732,34.9732,65490000,0.00%,23027928,127878204928,2290394.87,0
2026-02-09,34.9732,35.0081,35.0081,34.9732,48803000,0.10%,171094182,128075074182,1708500.3,196869253
2026-02-10,35.0081,35.0081,35.0081,35.0081,54038500,0.00%,117055682,128075074182,1891785.21,0
2026-02-11,35.0081,35.0081,35.0081,35.0081,43956000,0.00%,73099682,128075074182,1538816.04,0
2026-02-12,35.0081,35.0431,35.0431,35.0081,73611500,0.10%,197458861,128273044861,2579575.16,197970679
2026-02-13,35.0431,35.0431,35.0431,35.0431,49765000,0.00%,147693861,128273044861,1743919.87,0
2026-02-16,35.0431,35.0431,35.0431,35.0431,13357000,0.00%,134336861,128273044861,468070.69,0
2026-02-20,35.0431,35.0431,35.0431,35.0431,39497500,0.00%,94839361,128273044861,1384114.84,0
2026-02-23,35.0431,35.0431,35.0431,35.0431,40959000,0.00%,53880361,128273044861,1435330.33,0
2026-02-24,35.0431,35.0782,35.0782,35.0431,66840500,0.10%,186037060,128472042060,2344644.43,198997198
2026-02-25,35.0782,35.0782,35.0782,35.0782,42254000,0.00%,143783060,128472042060,1482194.26,0
2026-02-26,35.0782,35.0782,35.0782,35.0782,47267500,0.00%,96515560,128472042060,1658058.82,0
2026-02-27,35.0782,35.0782,35.0782,35.0782,59625499,0.00%,36890060,128472042060,2091555.21,0
2026-03-02,35.0782,35.1133,35.1133,35.0782,57017000,0.10%,180658635,128672827635,2002055.03,200785574
2026-03-03,35.1133,35.1133,35.1133,35.1133,50634500,0.00%,130024135,128672827635,1777944.39,0
2026-03-04,35.1133,35.1133,35.1133,35.1133,60994500,0.00%,69029635,128672827635,2141718.18,0
2026-03-05,35.1133,35.1133,35.1133,35.1133,44326000,0.00%,24703635,128672827635,1556432.14,0
2026-03-06,35.1133,35.1484,35.1484,35.1133,56166000,0.10%,170177436,128874467436,1974145.03,201639801
2026-03-09,35.1484,35.1484,35.1484,35.1484,58053000,0.00%,112124436,128874467436,2040470.07,0
2026-03-10,35.1484,35.1484,35.1484,35.1484,107041000,0.00%,5083436,128874467436,3762319.88,0
2026-03-11,35.1484,35.1835,35.1835,35.1484,88097000,0.10%,120609729,129078090729,3099560.8,203623293
2026-03-12,35.1835,35.1835,35.1835,35.1835,36371000,0.00%,84238729,129078090729,1279659.08,0
2026-03-13,35.1835,35.1835,35.1835,35.1835,31783000,0.00%,52455729,129078090729,1118237.18,0
2026-03-16,35.1835,35.1835,35.1835,35.1835,44807000,0.00%,7648729,129078090729,1576467.08,0
2026-03-17,35.1835,35.2187,35.2187,35.1835,42309500,0.10%,169162027,129281913527,1490085.59,203822798
2026-03-18,35.2187,35.2187,35.2187,35.2187,39497500,0.00%,129664527,129281913527,1391050.6,0
2026-03-19,35.2187,35.2187,35.2187,35.2187,109945500,0.00%,19719027,129281913527,3872137.58,0
2026-03-20,35.2187,35.2539,35.2539,35.2187,46102000,0.10%,179241487,129487537987,1625275.3,205624459
2026-03-23,35.2539,35.2539,35.2539,35.2539,64972000,0.00%,114269487,129487537987,2290516.39,0
2026-03-24,35.2539,35.2539,35.2539,35.2539,54316000,0.00%,59953487,129487537987,1914850.83,0
2026-03-25,35.2539,35.2892,35.2892,35.2539,69097500,0.10%,197769700,129694451700,2438395.5,206913712
2026-03-26,35.2892,35.2892,35.2892,35.2892,41847000,0.00%,155922700,129694451700,1476747.15,0
2026-03-27,35.2892,35.2892,35.2892,35.2892,37647500,0.00%,118275200,129694451700,1328550.16,0
2026-03-30,35.2892,35.2892,35.2892,35.2892,52558500,0.00%,65716700,129694451700,1854747.42,0
2026-03-31,35.2892,35.2892,35.2892,35.2892,47730000,0.00%,17986700,129694451700,1684353.52,0
2026-04-01,35.2892,35.3245,35.3245,35.2892,39368000,0.10%,180588296,129896421296,1390654.92,201969596
2026-04-02,35.3245,35.3245,35.3245,35.3245,31505500,0.00%,149082796,129896421296,1112916.03,0
2026-04-08,35.3245,35.3245,35.3245,35.3245,60791000,0.00%,88291796,129896421296,2147411.68,0
2026-04-09,35.3245,35.3245,35.3245,35.3245,38332000,0.00%,49959796,129896421296,1354058.73,0
2026-04-10,35.3245,35.3245,35.3245,35.3245,38239500,0.00%,11720296,129896421296,1350791.22,0
2026-04-13,35.3245,35.3598,35.3598,35.3245,39109000,0.10%,173361999,130097171999,1382886.42,200750702
2026-04-14,35.3598,35.3598,35.3598,35.3598,32985500,0.00%,140376499,130097171999,1166360.68,0
2026-04-15,35.3598,35.3598,35.3598,35.3598,37536500,0.00%,102839999,130097171999,1327283.13,0
2026-04-16,35.3598,35.3598,35.3598,35.3598,41736000,0.00%,61103999,130097171999,1475776.61,0
2026-04-17,35.3598,35.3598,35.3598,35.3598,25437500,0.00%,35666499,130097171999,899464.91,0
2026-04-20,35.3598,35.3952,35.3952,35.3598,43345500,0.10%,192821190,130297672190,1534222.64,200500190
2026-04-21,35.3952,35.3952,35.3952,35.3952,24253500,0.00%,168567690,130297672190,858457.48,0
2026-04-22,35.3952,35.3952,35.3952,35.3952,42864500,0.00%,125703190,130297672190,1517197.55,0
2026-04-23,35.3952,35.3952,35.3952,35.3952,43475000,0.00%,82228190,130297672190,1538806.32,0
2026-04-24,35.3952,35.3952,35.3952,35.3952,34354500,0.00%,47873690,130297672190,1215984.4,0
2026-04-27,35.3952,35.4305,35.4305,35.3952,83342500,0.10%,164743478,130497884478,2952866.45,200212288
2026-04-28,35.4305,35.4305,35.4305,35.4305,47711500,0.00%,117031978,130497884478,1690442.3,0
2026-04-29,35.4305,35.4305,35.4305,35.4305,35742000,0.00%,81289978,130497884478,1266356.93,0
2026-04-30,35.4305,35.4305,35.4305,35.4305,71058500,0.00%,10231478,130497884478,2517638.18,0
2026-05-04,35.4305,35.466,35.466,35.4305,43956000,0.10%,167066581,130698675581,1558943.5,200791102
2026-05-05,35.466,35.466,35.466,35.466,24050000,0.00%,143016581,130698675581,852957.3,0
2026-05-06,35.466,35.466,35.466,35.466,82084500,0.00%,60932081,130698675581,2911208.88,0
2026-05-07,35.466,35.5014,35.5014,35.466,75831500,0.10%,184772919,130898347919,2692124.41,199672338
2026-05-08,35.5014,35.5014,35.5014,35.5014,46638500,0.00%,138134419,130898347919,1655732.04,0
2026-05-11,35.5014,35.5014,35.5014,35.5014,51448500,0.00%,86685919,130898347919,1826493.78,0
2026-05-12,35.5014,35.5014,35.5014,35.5014,60069500,0.00%,26616419,130898347919,2132551.35,0
2026-05-13,35.5014,35.5369,35.5369,35.5014,49247000,0.10%,172842463,131093820963,1750085.71,195473044
2026-05-14,35.5369,35.5369,35.5369,35.5369,72779000,0.00%,100063463,131093820963,2586340.05,0
2026-05-15,35.5369,35.5369,35.5369,35.5369,48932500,0.00%,51130963,131093820963,1738909.36,0
2026-05-18,35.5369,35.5725,35.5725,35.5369,54575000,0.10%,190090279,131287355279,1941369.19,193534315
2026-05-19,35.5725,35.5725,35.5725,35.5725,62419000,0.00%,127671279,131287355279,2220399.88,0
2026-05-20,35.5725,35.5725,35.5725,35.5725,35020500,0.00%,92650779,131287355279,1245766.74,0
2026-05-21,35.5725,35.5725,35.5725,35.5725,73352500,0.00%,19298279,131287355279,2609331.81,0
2026-05-22,35.5725,35.6081,35.6081,35.5725,44400000,0.10%,167033069,131479490069,1580999.64,192134790
2026-05-26,35.6081,35.6081,35.6081,35.6081,60679999,0.00%,106353069,131479490069,2160699.51,0
2026-05-27,35.6081,35.6081,35.6081,35.6081,45991000,0.00%,60362069,131479490069,1637652.13,0
2026-05-28,35.6081,35.6437,35.6437,35.6081,78070000,0.10%,174234123,131671432123,2782703.66,191942054
2026-05-29,35.6437,35.6437,35.6437,35.6437,88818500,0.00%,85415623,131671432123,3165819.97,0
2026-06-01,35.6437,35.6437,35.6437,35.6437,65046000,0.00%,20369623,131671432123,2318480.11,0
2026-06-02,35.6437,35.6793,35.6793,35.6437,188459500,0.10%,23298654,131862820654,6724103.04,191388530
2026-06-03,35.6793,35.715,35.715,35.6793,90835000,0.10%,125987233,132056344233,3244172.03,193523579
2026-06-04,35.715,35.715,35.715,35.715,53742500,0.00%,72244733,132056344233,1919413.39,0
2026-06-05,35.715,35.715,35.715,35.715,58552500,0.00%,13692233,132056344233,2091202.54,0
2026-06-08,35.715,35.7507,35.7507,35.715,53687000,0.10%,154491662,132250830662,1919347.83,194486428
2026-06-09,35.7507,35.7507,35.7507,35.7507,69171500,0.00%,85320162,132250830662,2472929.55,0
2026-06-10,35.7507,35.7507,35.7507,35.7507,66211500,0.00%,19108662,132250830662,2367107.47,0
2026-06-11,35.7507,35.7865,35.7865,35.7507,52873000,0.10%,161424772,132446019772,1892139.61,195189109
2026-06-12,35.7865,35.7865,35.7865,35.7865,41310500,0.00%,120114272,132446019772,1478358.21,0
2026-06-15,35.7865,35.7865,35.7865,35.7865,36537500,0.00%,83576772,132446019772,1307549.24,0
2026-06-16,35.7865,35.7865,35.7865,35.7865,44992000,0.00%,38584772,132446019772,1610106.21,0
2026-06-17,35.7865,35.7865,35.7865,35.7865,31376000,0.00%,7208772,132446019772,1122837.22,0
2026-06-18,35.7865,35.8222,35.8222,35.7865,55722000,0.10%,145678444,132640211444,1996084.63,194191672
2026-06-22,35.8222,35.8222,35.8222,35.8222,58386000,0.00%,87292444,132640211444,2091514.97,0
2026-06-23,35.8222,35.8222,35.8222,35.8222,80364000,0.00%,6928444,132640211444,2878815.28,0
2026-06-24,35.8222,35.8581,35.8581,35.8222,73926000,0.10%,128608287,132835817287,2650845.9,195605843
2026-06-25,35.8581,35.8581,35.8581,35.8581,54519500,0.00%,74088787,132835817287,1954965.68,0
2026-06-26,35.8581,35.8581,35.8581,35.8581,58959500,0.00%,15129287,132835817287,2114175.65,0
2026-06-29,35.8581,35.8939,35.8939,35.8581,61179500,0.10%,150882678,133032750178,2195970.86,196932890
2026-06-30,35.8939,35.8939,35.8939,35.8939,72131500,0.00%,78751178,133032750178,2589080.85,0
2026-07-02,35.8939,35.8939,35.8939,35.8939,75683500,0.00%,3067678,133032750178,2716575.98,0
2026-07-03,35.8939,35.9298,35.9298,35.8939,46176000,0.10%,150350574,133226209074,1659094.44,193458896
2026-07-06,35.9298,35.9298,35.9298,35.9298,76775000,0.00%,73575574,133226209074,2758510.4,0
2026-07-07,35.9298,35.9657,35.9657,35.9298,102527000,0.10%,163734020,133418894520,3687455.32,192685445
2026-07-08,35.9657,35.9657,35.9657,35.9657,104118000,0.00%,59616020,133418894520,3744676.75,0
2026-07-09,35.9657,36.0017,36.0017,35.9657,78440000,0.10%,175866771,133613585271,2823973.35,194690750
2026-07-10,36.0017,36.0017,36.0017,36.0017,74814000,0.00%,101052771,133613585271,2693431.18,0
2026-07-13,36.0017,36.0017,36.0017,36.0017,56684000,0.00%,44368771,133613585271,2040720.36,0
2026-07-14,36.0017,36.0377,36.0377,36.0017,61290500,0.10%,179135474,133809642474,2208768.65,196057203
2026-07-15,36.0377,36.0377,36.0377,36.0377,36833500,0.00%,142301974,133809642474,1327394.62,0
2026-07-16,36.0377,36.0377,36.0377,36.0377,37333000,0.00%,104968974,133809642474,1345395.45,0
2026-07-17,36.0377,36.0377,36.0377,36.0377,27306000,0.00%,77662974,133809642474,984045.44,0
2026-07-20,36.0377,36.0377,36.0377,36.0377,31283500,0.00%,46379474,133809642474,1127385.39,0
2026-07-21,36.0377,36.0377,36.0377,36.0377,36648500,0.00%,9730974,133809642474,1320727.65,0
2026-07-22,36.0377,36.0737,36.0737,36.0377,37555000,0.10%,168731067,134006197567,1354747.8,196555093
2026-07-23,36.0737,36.0737,36.0737,36.0737,29026500,0.00%,139704567,134006197567,1047093.25,0
2026-07-24,36.0737,36.0737,36.0737,36.0737,31006000,0.00%,108698567,134006197567,1118501.14,0
2026-07-27,36.0737,36.1098,36.1098,36.0737,152236500,0.10%,153048257,134202783757,5497229.57,196586189
2026-07-28,36.1098,36.1459,36.1459,36.1098,199855500,0.10%,151729050,134401320050,7223956.92,198536293
2026-07-29,36.1459,36.1821,36.1821,36.1459,208791000,0.10%,144332692,134602714692,7554496.84,201394641
2026-07-30,36.1821,36.1821,36.1821,36.1821,134865000,0.00%,9467692,134602714692,4879698.92,0
2026-07-31,36.1821,36.2183,36.2183,36.1821,74851000,0.10%,139926957,134808024957,2710975.97,205310265
2026-08-03,36.2183,36.2183,36.2183,36.2183,54482500,0.00%,85444457,134808024957,1973263.53,0
2026-08-04,36.2183,36.2545,36.2545,36.2183,217948500,0.10%,73311023,135013840023,7901613.89,205815066
2026-08-05,36.2545,36.2907,36.2907,36.2545,85285000,0.10%,196726480,135222540480,3095052.35,208700456
2026-08-06,36.2907,36.2907,36.2907,36.2907,108465500,0.00%,88260980,135222540480,3936288.92,0
2026-08-07,36.2907,36.2907,36.2907,36.2907,79457500,0.00%,8803480,135222540480,2883568.3,0
2026-08-10,36.2907,36.327,36.327,36.2907,75776000,0.10%,144507194,135434020194,2752714.75,211479714
2026-08-11,36.327,36.327,36.327,36.327,75628000,0.00%,68879194,135434020194,2747338.36,0
2026-08-12,36.327,36.327,36.327,36.327,37277500,0.00%,31601694,135434020194,1354179.74,0
2026-08-13,36.327,36.327,36.327,36.327,30247500,0.00%,1354194,135434020194,1098800.93,0
2026-08-14,36.327,36.3633,36.3633,36.327,48877000,0.10%,165687997,135647230997,1777329.01,213210803
2026-08-17,36.3633,36.3633,36.3633,36.3633,53687000,0.00%,112000997,135647230997,1952236.49,0
2026-08-18,36.3633,36.3633,36.3633,36.3633,79809000,0.00%,32191997,135647230997,2902118.61,0
2026-08-19,36.3633,36.3997,36.3997,36.3633,49210000,0.10%,197279417,135861528417,1791229.24,214297419
2026-08-20,36.3997,36.3997,36.3997,36.3997,94535000,0.00%,102744417,135861528417,3441045.64,0
2026-08-21,36.3997,36.3997,36.3997,36.3997,96459000,0.00%,6285417,135861528417,3511078.66,0
2026-08-24,36.3997,36.4361,36.4361,36.3997,82547000,0.10%,140537971,136078327971,3007690.75,216799553
2026-08-25,36.4361,36.4361,36.4361,36.4361,91612000,0.00%,48925971,136078327971,3337983.99,0
2026-08-26,36.4361,36.4725,36.4725,36.4361,76275500,0.10%,191235662,136296913162,2781958.17,218585191
2026-08-27,36.4725,36.4725,36.4725,36.4725,32005000,0.00%,159230662,136296913162,1167302.36,0
2026-08-28,36.4725,36.4725,36.4725,36.4725,43401000,0.00%,115829662,136296913162,1582942.97,0
2026-08-31,36.4725,36.4725,36.4725,36.4725,34188000,0.00%,81641662,136296913162,1246921.83,0
2026-09-01,36.4725,36.509,36.509,36.4725,96533000,0.10%,204810861,136516615361,3524323.3,219702199
2026-09-02,36.509,36.509,36.509,36.509,65305000,0.00%,139505861,136516615361,2384220.25,0
2026-09-03,36.509,36.509,36.509,36.509,74869500,0.00%,64636361,136516615361,2733410.58,0
2026-09-04,36.509,36.509,36.509,36.509,50209000,0.00%,14427361,136516615361,1833080.38,0
2026-09-07,36.509,36.5455,36.5455,36.509,49524500,0.10%,187446785,136739159285,1809897.61,222543923
2026-09-08,36.5455,36.5455,36.5455,36.5455,46176000,0.00%,141270785,136739159285,1687525.01,0
2026-09-09,36.5455,36.5455,36.5455,36.5455,61050000,0.00%,80220785,136739159285,2231102.77,0
2026-09-10,36.5455,36.5821,36.5821,36.5455,100066500,0.10%,203563623,136962568623,3660642.71,223409338
2026-09-11,36.5821,36.5821,36.5821,36.5821,65989500,0.00%,137574123,136962568623,2414034.49,0
2026-09-14,36.5821,36.5821,36.5821,36.5821,51467000,0.00%,86107123,136962568623,1882770.94,0
2026-09-15,36.5821,36.5821,36.5821,36.5821,36833500,0.00%,49273623,136962568623,1347446.78,0
2026-09-16,36.5821,36.6187,36.6187,36.5821,66914500,0.10%,207892801,137188102301,2450322.0,225533677
2026-09-17,36.6187,36.6187,36.6187,36.6187,45362000,0.00%,162530801,137188102301,1661097.47,0
2026-09-18,36.6187,36.6187,36.6187,36.6187,44363000,0.00%,118167801,137188102301,1624515.39,0
2026-09-21,36.6187,36.6187,36.6187,36.6187,28693500,0.00%,89474301,137188102301,1050718.67,0
2026-09-22,36.6187,36.6187,36.6187,36.6187,30635999,0.00%,58838301,137188102301,1121850.49,0
2026-09-24,36.6187,36.6187,36.6187,36.6187,41088500,0.00%,17749801,137188102301,1504607.45,0
2026-09-25,36.6187,36.6553,36.6553,36.6187,30821000,0.10%,213813736,137414987236,1129753.0,226884935
2026-09-28,36.6553,36.6553,36.6553,36.6553,33244500,0.00%,180569236,137414987236,1218587.12,0
2026-09-29,36.6553,36.6553,36.6553,36.6553,38757500,0.00%,141811736,137414987236,1420667.79,0
2026-09-30,36.6553,36.6553,36.6553,36.6553,33762500,0.00%,108049236,137414987236,1237574.57,0
2026-10-01,36.6553,36.6553,36.6553,36.6553,32079000,0.00%,75970236,137414987236,1175865.37,0
2026-10-05,36.6553,36.6553,36.6553,36.6553,21682000,0.00%,54288236,137414987236,794760.21,0
2026-10-06,36.6553,36.6553,36.6553,36.6553,21978000,0.00%,32310236,137414987236,805610.18,0
2026-10-07,36.6553,36.6553,36.6553,36.6553,20072500,0.00%,12237736,137414987236,735763.51,0
2026-10-08,36.6553,36.6919,36.6919,36.6553,26917500,0.10%,211913147,137641580147,987654.22,226592910
2026-10-09,36.6919,36.6919,36.6919,36.6919,55148500,0.00%,156764647,137641580147,2023503.25,0
2026-10-12,36.6919,36.6919,36.6919,36.6919,48470000,0.00%,108294647,137641580147,1778456.39,0
2026-10-13,36.6919,36.6919,36.6919,36.6919,30432500,0.00%,77862147,137641580147,1116626.25,0
2026-10-16,36.6919,36.6919,36.6919,36.6919,53890500,0.00%,23971647,137641580147,1977344.84,0
2026-10-19,36.6919,36.7286,36.7286,36.6919,38350500,0.10%,212168124,137868127124,1408560.17,226546977
2026-10-20,36.7286,36.7286,36.7286,36.7286,28545500,0.00%,183622624,137868127124,1048436.25,0
2026-10-21,36.7286,36.7286,36.7286,36.7286,60532000,0.00%,123090624,137868127124,2223255.62,0
2026-10-22,36.7286,36.7286,36.7286,36.7286,30858000,0.00%,92232624,137868127124,1133371.14,0
2026-10-23,36.7286,36.7286,36.7286,36.7286,23569000,0.00%,68663624,137868127124,865656.37,0
2026-10-26,36.7286,36.7286,36.7286,36.7286,22681000,0.00%,45982624,137868127124,833041.38,0
2026-10-27,36.7286,36.7286,36.7286,36.7286,28323500,0.00%,17659124,137868127124,1040282.5,0
2026-10-28,36.7286,36.7654,36.7654,36.7286,34632000,0.10%,209673618,138094773618,1273259.33,226646493
2026-10-29,36.7654,36.7654,36.7654,36.7654,25289500,0.00%,184384118,138094773618,929778.58,0
2026-10-30,36.7654,36.7654,36.7654,36.7654,30414000,0.00%,153970118,138094773618,1118182.88,0
2026-11-02,36.7654,36.7654,36.7654,36.7654,41902500,0.00%,112067618,138094773618,1540562.17,0
2026-11-03,36.7654,36.7654,36.7654,36.7654,61068499,0.00%,50999118,138094773618,2245207.83,0
2026-11-04,36.7654,36.7654,36.7654,36.7654,35816000,0.00%,15183118,138094773618,1316789.57,0
2026-11-05,36.7654,36.8021,36.8021,36.7654,30414000,0.10%,211808401,138321812901,1119299.07,227039282
2026-11-06,36.8021,36.8021,36.8021,36.8021,37037000,0.00%,174771401,138321812901,1363039.38,0
2026-11-09,36.8021,36.8021,36.8021,36.8021,41329000,0.00%,133442401,138321812901,1520993.99,0
2026-11-10,36.8021,36.8021,36.8021,36.8021,25178500,0.00%,108263901,138321812901,926621.67,0
2026-11-11,36.8021,36.8021,36.8021,36.8021,56647000,0.00%,51616901,138321812901,2084728.56,0
2026-11-12,36.8021,36.8389,36.8389,36.8021,66674000,0.10%,211911798,138548781798,2456196.82,226968897
2026-11-13,36.8389,36.8389,36.8389,36.8389,44085500,0.00%,167826298,138548781798,1624061.33,0
2026-11-16,36.8389,36.8389,36.8389,36.8389,35871500,0.00%,131954798,138548781798,1321466.6,0
2026-11-17,36.8389,36.8389,36.8389,36.8389,52281000,0.00%,79673798,138548781798,1925974.53,0
2026-11-18,36.8389,36.8389,36.8389,36.8389,39664000,0.00%,40009798,138548781798,1461178.13,0
2026-11-19,36.8389,36.8389,36.8389,36.8389,35742000,0.00%,4267798,138548781798,1316695.96,0
2026-11-20,36.8389,36.8758,36.8758,36.8389,28138500,0.10%,203985754,138776638254,1037629.7,227856455
2026-11-23,36.8758,36.8758,36.8758,36.8758,27176500,0.00%,176809254,138776638254,1002155.18,0
2026-11-24,36.8758,36.8758,36.8758,36.8758,34650500,0.00%,142158754,138776638254,1277764.91,0
2026-11-25,36.8758,36.8758,36.8758,36.8758,48137000,0.00%,94021754,138776638254,1775090.38,0
2026-11-26,36.8758,36.8758,36.8758,36.8758,31339000,0.00%,62682754,138776638254,1155650.7,0
2026-11-27,36.8758,36.8758,36.8758,36.8758,60846500,0.00%,1836254,138776638254,2243763.36,0
2026-11-30,36.8758,36.9126,36.9126,36.8758,36093500,0.10%,194349921,139005245421,1332304.93,228607167
2026-12-01,36.9126,36.9126,36.9126,36.9126,65841500,0.00%,128508421,139005245421,2430380.95,0
2026-12-02,36.9126,36.9126,36.9126,36.9126,37629000,0.00%,90879421,139005245421,1388984.23,0
2026-12-03,36.9126,36.9126,36.9126,36.9126,32782000,0.00%,58097421,139005245421,1210068.85,0
2026-12-04,36.9126,36.9126,36.9126,36.9126,41625000,0.00%,16472421,139005245421,1536486.98,0
2026-12-07,36.9126,36.9495,36.9495,36.9126,57276000,0.10%,188334340,139234383340,2116319.56,229137919
2026-12-08,36.9495,36.9495,36.9495,36.9495,42994000,0.00%,145340340,139234383340,1588606.8,0
2026-12-09,36.9495,36.9495,36.9495,36.9495,28064500,0.00%,117275840,139234383340,1036969.24,0
2026-12-10,36.9495,36.9495,36.9495,36.9495,24697500,0.00%,92578340,139234383340,912560.28,0
2026-12-11,36.9495,36.9495,36.9495,36.9495,28175500,0.00%,64402840,139234383340,1041070.64,0
2026-12-14,36.9495,36.9495,36.9495,36.9495,41144000,0.00%,23258840,139234383340,1520250.23,0
2026-12-15,36.9495,36.9865,36.9865,36.9495,25252500,0.10%,227379182,139463756182,934001.59,229372842
2026-12-16,36.9865,36.9865,36.9865,36.9865,24734500,0.00%,202644682,139463756182,914842.58,0
2026-12-17,36.9865,36.9865,36.9865,36.9865,38905500,0.00%,163739182,139463756182,1438978.28,0
2026-12-18,36.9865,36.9865,36.9865,36.9865,52318000,0.00%,111421182,139463756182,1935059.71,0
2026-12-21,36.9865,36.9865,36.9865,36.9865,37758500,0.00%,73662682,139463756182,1396554.76,0
2026-12-22,36.9865,36.9865,36.9865,36.9865,31875500,0.00%,41787182,139463756182,1178963.18,0
2026-12-23,36.9865,36.9865,36.9865,36.9865,25604000,0.00%,16183182,139463756182,947002.35,0
2026-12-24,36.9865,37.0235,37.0235,36.9865,60957500,0.10%,184709877,139693240377,2256860.0,229484194
2026-12-25,37.0235,37.0235,37.0235,37.0235,17593500,0.00%,167116377,139693240377,651372.95,0
2026-12-29,37.0235,37.0235,37.0235,37.0235,35057500,0.00%,132058877,139693240377,1297951.35,0
2026-12-30,37.0235,37.0235,37.0235,37.0235,17741500,0.00%,114317377,139693240377,656852.43,0
2026-12-31,37.0235,37.0235,37.0235,37.0235,14171000,0.00%,100146377,139693240377,524660.02,0
2027-01-01,37.0235,37.0235,37.0235,37.0235,18772000,0.00%,81374377,139693240377,695005.14,0
2027-01-04,37.0235,37.0235,37.0235,37.0235,11438000,0.00%,69936377,139693240377,423474.79,0
2027-01-05,37.0235,37.0235,37.0235,37.0235,25764000,0.00%,44172377,139693240377,953873.45,0
2027-01-06,37.0235,37.0605,37.0605,37.0235,60667000,0.10%,212160015,139921895015,2248349.35,228654638
2027-01-07,37.0605,37.0605,37.0605,37.0605,42541000,0.00%,169619015,139921895015,1576590.73,0
2027-01-08,37.0605,37.0605,37.0605,37.0605,39539000,0.00%,130080015,139921895015,1465335.11,0
2027-01-11,37.0605,37.0605,37.0605,37.0605,37164000,0.00%,92916015,139921895015,1377316.42,0
2027-01-12,37.0605,37.0605,37.0605,37.0605,31179000,0.00%,61737015,139921895015,1155509.33,0
2027-01-13,37.0605,37.0605,37.0605,37.0605,53713000,0.00%,8024015,139921895015,1990630.64,0
2027-01-14,37.0605,37.0976,37.0976,37.0605,34789000,0.10%,203669454,140152329454,1290588.41,230434438
2027-01-15,37.0976,37.0976,37.0976,37.0976,26068000,0.00%,177601454,140152329454,967060.24,0
2027-01-18,37.0976,37.0976,37.0976,37.0976,24092000,0.00%,153509454,140152329454,893755.38,0
2027-01-19,37.0976,37.0976,37.0976,37.0976,44726000,0.00%,108783454,140152329454,1659227.26,0
2027-01-20,37.0976,37.0976,37.0976,37.0976,33231000,0.00%,75552454,140152329454,1232790.35,0
2027-01-21,37.0976,37.0976,37.0976,37.0976,56126000,0.00%,19426454,140152329454,2082139.9,0
2027-01-22,37.0976,37.1347,37.1347,37.0976,50958000,0.10%,199558763,140383419763,1892310.04,231090308
2027-01-25,37.1347,37.1347,37.1347,37.1347,27892000,0.00%,171666763,140383419763,1035761.05,0
2027-01-26,37.1347,37.1347,37.1347,37.1347,47500000,0.00%,124166763,140383419763,1763898.25,0
2027-01-27,37.1347,37.1347,37.1347,37.1347,41078000,0.00%,83088763,140383419763,1525419.21,0
2027-01-28,37.1347,37.1347,37.1347,37.1347,38969000,0.00%,44119763,140383419763,1447102.12,0
2027-01-29,37.1347,37.1347,37.1347,37.1347,28557000,0.00%,15562763,140383419763,1060455.63,0
2027-02-01,37.1347,37.1718,37.1718,37.1347,21717000,0.10%,226276077,140615850077,807259.98,232430314
2027-02-05,37.1718,37.1718,37.1718,37.1718,30267000,0.00%,196009077,140615850077,1125078.87,0
2027-02-08,37.1718,37.1718,37.1718,37.1718,29222000,0.00%,166787077,140615850077,1086234.34,0
2027-02-09,37.1718,37.1718,37.1718,37.1718,35625000,0.00%,131162077,140615850077,1324245.38,0
2027-02-10,37.1718,37.1718,37.1718,37.1718,44403000,0.00%,86759077,140615850077,1650539.44,0
2027-02-11,37.1718,37.1718,37.1718,37.1718,35739000,0.00%,51020077,140615850077,1328482.96,0
2027-02-12,37.1718,37.1718,37.1718,37.1718,29488000,0.00%,21532077,140615850077,1096122.04,0
2027-02-15,37.1718,37.209,37.209,37.1718,24434000,0.10%,229933047,140848685047,909164.71,232834970
2027-02-16,37.209,37.209,37.209,37.209,26391000,0.00%,203542047,140848685047,981982.72,0
2027-02-17,37.209,37.209,37.209,37.209,23199000,0.00%,180343047,140848685047,863211.59,0
2027-02-18,37.209,37.209,37.209,37.209,24548000,0.00%,155795047,140848685047,913406.53,0
2027-02-19,37.209,37.209,37.209,37.209,45657000,0.00%,110138047,140848685047,1698851.31,0
2027-02-22,37.209,37.209,37.209,37.209,87476000,0.00%,22662047,140848685047,3254894.48,0
2027-02-23,37.209,37.2462,37.2462,37.209,58064000,0.10%,198120483,141082207483,2162663.36,233522435
2027-02-24,37.2462,37.2462,37.2462,37.2462,38456000,0.00%,159664483,141082207483,1432339.87,0
2027-02-25,37.2462,37.2462,37.2462,37.2462,64543000,0.00%,95121483,141082207483,2403981.49,0
2027-02-26,37.2462,37.2462,37.2462,37.2462,48507000,0.00%,46614483,141082207483,1806701.42,0
2027-03-01,37.2462,37.2834,37.2834,37.2462,51015000,0.10%,230895996,141317503996,1902012.65,235296513
2027-03-02,37.2834,37.2834,37.2834,37.2834,36689000,0.00%,194206996,141317503996,1367890.66,0
2027-03-03,37.2834,37.2834,37.2834,37.2834,26619000,0.00%,167587996,141317503996,992446.82,0
2027-03-04,37.2834,37.2834,37.2834,37.2834,37753000,0.00%,129834996,141317503996,1407560.2,0
2027-03-05,37.2834,37.2834,37.2834,37.2834,78945000,0.00%,50889996,141317503996,2943338.01,0
2027-03-08,37.2834,37.3207,37.3207,37.2834,75772000,0.10%,211916398,141554302398,2827864.08,236798401
2027-03-09,37.3207,37.3207,37.3207,37.3207,61293999,0.00%,150622398,141554302398,2287534.99,0
2027-03-10,37.3207,37.3207,37.3207,37.3207,63099000,0.00%,87523398,141554302398,2354898.85,0
2027-03-11,37.3207,37.3207,37.3207,37.3207,45714000,0.00%,41809398,141554302398,1706078.48,0
2027-03-12,37.3207,37.358,37.358,37.3207,92036000,0.10%,188538640,141793067640,3438280.89,238765241
2027-03-15,37.358,37.358,37.358,37.358,127129000,0.00%,61409640,141793067640,4749285.18,0
2027-03-16,37.358,37.3954,37.3954,37.358,224960000,0.10%,77696644,142034314644,8412469.18,241247004
2027-03-17,37.3954,37.4328,37.4328,37.3954,204706000,0.10%,117161775,142278485775,7662718.76,244171131
2027-03-18,37.4328,37.4702,37.4702,37.4328,132411000,0.10%,231439459,142525174459,4961466.65,246688684
2027-03-19,37.4702,37.4702,37.4702,37.4702,71649000,0.00%,159790459,142525174459,2684702.36,0
2027-03-22,37.4702,37.4702,37.4702,37.4702,58330000,0.00%,101460459,142525174459,2185636.77,0
2027-03-23,37.4702,37.4702,37.4702,37.4702,58919000,0.00%,42541459,142525174459,2207706.71,0
2027-03-24,37.4702,37.5077,37.5077,37.4702,80294000,0.10%,212367837,142775294837,3011643.26,250120377
2027-03-25,37.5077,37.5077,37.5077,37.5077,89167000,0.00%,123200837,142775294837,3344449.09,0
2027-03-26,37.5077,37.5077,37.5077,37.5077,72770000,0.00%,50430837,142775294837,2729435.33,0
2027-03-29,37.5077,37.5452,37.5452,37.5077,51167000,0.10%,251190037,143027221037,1921075.25,251926200
2027-03-30,37.5452,37.5452,37.5452,37.5452,39710000,0.00%,211480037,143027221037,1490919.89,0
2027-03-31,37.5452,37.5452,37.5452,37.5452,51205000,0.00%,160275037,143027221037,1922501.97,0
2027-04-01,37.5452,37.5452,37.5452,37.5452,27721000,0.00%,132554037,143027221037,1040790.49,0
2027-04-02,37.5452,37.5452,37.5452,37.5452,27550000,0.00%,105004037,143027221037,1034370.26,0
2027-04-05,37.5452,37.5452,37.5452,37.5452,29773000,0.00%,75231037,143027221037,1117833.24,0
2027-04-07,37.5452,37.5452,37.5452,37.5452,32547000,0.00%,42684037,143027221037,1221983.62,0
2027-04-08,37.5452,37.5452,37.5452,37.5452,30153000,0.00%,12531037,143027221037,1132100.42,0
2027-04-09,37.5452,37.5827,37.5827,37.5452,37240000,0.10%,226336417,143278266417,1399579.75,251045379
2027-04-12,37.5827,37.5827,37.5827,37.5827,43301000,0.00%,183035417,143278266417,1627368.49,0
2027-04-13,37.5827,37.5827,37.5827,37.5827,50179000,0.00%,132856417,143278266417,1885862.3,0
2027-04-14,37.5827,37.5827,37.5827,37.5827,41116000,0.00%,91740417,143278266417,1545250.29,0
2027-04-15,37.5827,37.5827,37.5827,37.5827,28804000,0.00%,62936417,143278266417,1082532.09,0
2027-04-20,37.5827,37.5827,37.5827,37.5827,33706000,0.00%,29230417,143278266417,1266762.49,0
2027-04-21,37.5827,37.5827,37.5827,37.5827,20615000,0.00%,8615417,143278266417,774767.36,0
2027-04-22,37.5827,37.6203,37.6203,37.5827,48906000,0.10%,210538470,143529095470,1839858.39,250829053
2027-04-23,37.6203,37.6203,37.6203,37.6203,53257000,0.00%,157281470,143529095470,2003544.32,0
2027-04-26,37.6203,37.6203,37.6203,37.6203,49001000,0.00%,108280470,143529095470,1843432.32,0
2027-04-27,37.6203,37.6203,37.6203,37.6203,51851000,0.00%,56429470,143529095470,1950650.18,0
2027-04-28,37.6203,37.6203,37.6203,37.6203,44479000,0.00%,11950470,143529095470,1673313.32,0
2027-04-29,37.6203,37.6579,37.6579,37.6203,40337000,0.10%,221514500,143778996500,1519006.71,249901029
2027-04-30,37.6579,37.6579,37.6579,37.6579,90193000,0.00%,131321500,143778996500,3396478.97,0
2027-05-04,37.6579,37.6579,37.6579,37.6579,48583000,0.00%,82738500,143778996500,1829533.76,0
2027-05-05,37.6579,37.6579,37.6579,37.6579,26790000,0.00%,55948500,143778996500,1008855.14,0
2027-05-06,37.6579,37.6579,37.6579,37.6579,40641000,0.00%,15307500,143778996500,1530454.71,0
2027-05-07,37.6579,37.6956,37.6956,37.6579,43548000,0.10%,218877440,144026114440,1641567.99,247117939
2027-05-11,37.6956,37.6956,37.6956,37.6956,53960000,0.00%,164917440,144026114440,2034054.58,0
2027-05-12,37.6956,37.6956,37.6956,37.6956,46265000,0.00%,118652440,144026114440,1743986.93,0
2027-05-13,37.6956,37.6956,37.6956,37.6956,38038000,0.00%,80614440,144026114440,1433865.23,0
2027-05-14,37.6956,37.6956,37.6956,37.6956,37031000,0.00%,43583440,144026114440,1395905.76,0
2027-05-17,37.6956,37.6956,37.6956,37.6956,29564000,0.00%,14019440,144026114440,1114432.72,0
2027-05-18,37.6956,37.7333,37.7333,37.6956,57228000,0.10%,203655256,144272978256,2159401.29,246863816
2027-05-19,37.7333,37.7333,37.7333,37.7333,53846000,0.00%,149809256,144272978256,2031787.27,0
2027-05-20,37.7333,37.7333,37.7333,37.7333,114285000,0.00%,35524256,144272978256,4312350.19,0
2027-05-21,37.7333,37.771,37.771,37.7333,53827000,0.10%,229503418,144520784418,2033099.62,247806161
2027-05-24,37.771,37.771,37.771,37.771,32357000,0.00%,197146418,144520784418,1222156.25,0
2027-05-25,37.771,37.771,37.771,37.771,37430000,0.00%,159716418,144520784418,1413768.53,0
2027-05-26,37.771,37.771,37.771,37.771,40945000,0.00%,118771418,144520784418,1546533.59,0
2027-05-27,37.771,37.771,37.771,37.771,35150000,0.00%,83621418,144520784418,1327650.65,0
2027-05-28,37.771,37.771,37.771,37.771,39444000,0.00%,44177418,144520784418,1489839.32,0
2027-05-31,37.771,37.771,37.771,37.771,42370000,0.00%,1807418,144520784418,1600357.27,0
2027-06-01,37.771,37.8088,37.8088,37.771,123044000,0.10%,124980327,144767001327,4652145.99,246216909
2027-06-02,37.8088,37.8088,37.8088,37.8088,51148000,0.00%,73832327,144767001327,1933844.5,0
2027-06-03,37.8088,37.8088,37.8088,37.8088,26942000,0.00%,46890327,144767001327,1018644.69,0
2027-06-07,37.8088,37.8088,37.8088,37.8088,45410000,0.00%,1480327,144767001327,1716897.61,0
2027-06-08,37.8088,37.8466,37.8466,37.8088,51471000,0.10%,195937687,145012929687,1948002.35,245928359
2027-06-09,37.8466,37.8466,37.8466,37.8466,90212000,0.00%,105725687,145012929687,3414217.48,0
2027-06-10,37.8466,37.8466,37.8466,37.8466,74385000,0.00%,31340687,145012929687,2815219.34,0
2027-06-11,37.8466,37.8845,37.8845,37.8466,56544000,0.10%,221988376,145260121376,2142141.17,247191689
2027-06-14,37.8845,37.8845,37.8845,37.8845,47386000,0.00%,174602376,145260121376,1795194.92,0
2027-06-15,37.8845,37.8845,37.8845,37.8845,30988999,0.00%,143613376,145260121376,1174002.77,0
2027-06-16,37.8845,37.8845,37.8845,37.8845,40356000,0.00%,103257376,145260121376,1528866.88,0
2027-06-17,37.8845,37.8845,37.8845,37.8845,42066000,0.00%,61191376,145260121376,1593649.38,0
2027-06-18,37.8845,37.8845,37.8845,37.8845,37012000,0.00%,24179376,145260121376,1402181.11,0
2027-06-21,37.8845,37.8845,37.8845,37.8845,22116000,0.00%,2063376,145260121376,837853.6,0
2027-06-22,37.8845,37.9223,37.9223,37.8845,28519000,0.10%,218537061,145505114061,1081506.07,244992685
2027-06-23,37.9223,37.9223,37.9223,37.9223,26049000,0.00%,192488061,145505114061,987837.99,0
2027-06-24,37.9223,37.9223,37.9223,37.9223,23978000,0.00%,168510061,145505114061,909300.91,0
2027-06-25,37.9223,37.9223,37.9223,37.9223,34580000,0.00%,133930061,145505114061,1311353.13,0
2027-06-28,37.9223,37.9223,37.9223,37.9223,109060000,0.00%,24870061,145505114061,4135806.04,0
2027-06-29,37.9223,37.9603,37.9603,37.9223,111321000,0.10%,158359920,145749924920,4225778.56,244810858
2027-06-30,37.9603,37.9603,37.9603,37.9603,66462000,0.00%,91897920,145749924920,2522917.46,0
2027-07-01,37.9603,37.9603,37.9603,37.9603,63441000,0.00%,28456920,145749924920,2408239.39,0
2027-07-05,37.9603,37.9982,37.9982,37.9603,73074000,0.10%,202050309,145996592309,2776680.47,246667389
2027-07-06,37.9982,37.9982,37.9982,37.9982,37031000,0.00%,165019309,145996592309,1407111.34,0
2027-07-07,37.9982,37.9982,37.9982,37.9982,47158000,0.00%,117861309,145996592309,1791919.12,0
2027-07-08,37.9982,37.9982,37.9982,37.9982,36081000,0.00%,81780309,145996592309,1371013.05,0
2027-07-09,37.9982,37.9982,37.9982,37.9982,35625000,0.00%,46155309,145996592309,1353685.88,0
2027-07-12,37.9982,37.9982,37.9982,37.9982,39140000,0.00%,7015309,145996592309,1487249.55,0
2027-07-13,37.9982,38.0362,38.0362,37.9982,32889000,0.10%,221729855,146244195855,1250972.58,247603545
2027-07-14,38.0362,38.0362,38.0362,38.0362,32547000,0.00%,189182855,146244195855,1237964.2,0
2027-07-15,38.0362,38.0362,38.0362,38.0362,31863000,0.00%,157319855,146244195855,1211947.44,0
2027-07-16,38.0362,38.0362,38.0362,38.0362,50027000,0.00%,107292855,146244195855,1902836.98,0
2027-07-19,38.0362,38.0362,38.0362,38.0362,38703000,0.00%,68589855,146244195855,1472115.05,0
2027-07-20,38.0362,38.0362,38.0362,38.0362,24054000,0.00%,44535855,146244195855,914922.75,0
2027-07-21,38.0362,38.0362,38.0362,38.0362,30362000,0.00%,14173855,146244195855,1154855.1,0
2027-07-22,38.0362,38.0743,38.0743,38.0362,36309000,0.10%,223681064,146490012064,1382439.76,245816209
2027-07-23,38.0743,38.0743,38.0743,38.0743,28652000,0.00%,195029064,146490012064,1090904.84,0
2027-07-26,38.0743,38.0743,38.0743,38.0743,32015000,0.00%,163014064,146490012064,1218948.71,0
2027-07-27,38.0743,38.0743,38.0743,38.0743,26334000,0.00%,136680064,146490012064,1002648.62,0
2027-07-28,38.0743,38.0743,38.0743,38.0743,37658000,0.00%,99022064,146490012064,1433801.99,0
2027-07-29,38.0743,38.0743,38.0743,38.0743,29165000,0.00%,69857064,146490012064,1110436.96,0
2027-07-30,38.0743,38.1123,38.1123,38.0743,70661000,0.10%,242960800,146733776800,2693053.23,243764735
2027-08-02,38.1123,38.1123,38.1123,38.1123,75981000,0.00%,166979800,146733776800,2895810.67,0
2027-08-03,38.1123,38.1123,38.1123,38.1123,81111000,0.00%,85868800,146733776800,3091326.77,0
2027-08-04,38.1123,38.1123,38.1123,38.1123,52060000,0.00%,33808800,146733776800,1984126.34,0
2027-08-05,38.1123,38.1504,38.1504,38.1123,37601000,0.10%,240762764,146978331764,1434493.19,244554964
2027-08-06,38.1504,38.1504,38.1504,38.1504,31236000,0.00%,209526764,146978331764,1191665.89,0
2027-08-09,38.1504,38.1504,38.1504,38.1504,28595000,0.00%,180931764,146978331764,1090910.69,0
2027-08-10,38.1504,38.1504,38.1504,38.1504,26961000,0.00%,153970764,146978331764,1028572.93,0
2027-08-11,38.1504,38.1504,38.1504,38.1504,29184000,0.00%,124786764,146978331764,1113381.27,0
2027-08-12,38.1504,38.1504,38.1504,38.1504,28234000,0.00%,96552764,146978331764,1077138.39,0
2027-08-13,38.1504,38.1504,38.1504,38.1504,20862000,0.00%,75690764,146978331764,795893.64,0
2027-08-16,38.1504,38.1504,38.1504,38.1504,22078000,0.00%,53612764,146978331764,842284.53,0
2027-08-17,38.1504,38.1504,38.1504,38.1504,44707000,0.00%,8905764,146978331764,1705589.93,0
2027-08-18,38.1504,38.1886,38.1886,38.1504,33478000,0.10%,215954023,147218858023,1278477.95,240526258
2027-08-19,38.1886,38.1886,38.1886,38.1886,61199000,0.00%,154755023,147218858023,2337104.13,0
2027-08-20,38.1886,38.1886,38.1886,38.1886,44213000,0.00%,110542023,147218858023,1688432.57,0
2027-08-23,38.1886,38.1886,38.1886,38.1886,28082000,0.00%,82460023,147218858023,1072412.27,0
2027-08-24,38.1886,38.1886,38.1886,38.1886,25707000,0.00%,56753023,147218858023,981714.34,0
2027-08-25,38.1886,38.1886,38.1886,38.1886,24795000,0.00%,31958023,147218858023,946886.34,0
2027-08-26,38.1886,38.2268,38.2268,38.1886,36936000,0.10%,231224910,147455060910,1411945.08,236202887
2027-08-27,38.2268,38.2268,38.2268,38.2268,35302000,0.00%,195922910,147455060910,1349482.49,0
2027-08-30,38.2268,38.2268,38.2268,38.2268,23541000,0.00%,172381910,147455060910,899897.1,0
2027-08-31,38.2268,38.2268,38.2268,38.2268,26676000,0.00%,145705910,147455060910,1019738.12,0
2027-09-01,38.2268,38.2268,38.2268,38.2268,49799000,0.00%,95906910,147455060910,1903656.41,0
2027-09-02,38.2268,38.2268,38.2268,38.2268,45467000,0.00%,50439910,147455060910,1738057.92,0
2027-09-03,38.2268,38.2268,38.2268,38.2268,48431000,0.00%,2008910,147455060910,1851362.15,0
2027-09-06,38.2268,38.265,38.265,38.2268,38703000,0.10%,198513761,147690268761,1480970.29,235207850
2027-09-07,38.265,38.265,38.265,38.265,30837000,0.00%,167676761,147690268761,1179977.8,0
2027-09-08,38.265,38.265,38.265,38.265,28842000,0.00%,138834761,147690268761,1103639.13,0
2027-09-09,38.265,38.265,38.265,38.265,44783000,0.00%,94051761,147690268761,1713621.5,0
2027-09-10,38.265,38.265,38.265,38.265,32604000,0.00%,61447761,147690268761,1247592.06,0
2027-09-14,38.265,38.265,38.265,38.265,32623000,0.00%,28824761,147690268761,1248319.09,0
2027-09-15,38.265,38.3033,38.3033,38.265,34181000,0.10%,227357340,147922982340,1309245.1,232713578
2027-09-16,38.3033,38.3033,38.3033,38.3033,25308000,0.00%,202049340,147922982340,969379.92,0
2027-09-17,38.3033,38.3033,38.3033,38.3033,47386000,0.00%,154663340,147922982340,1815040.17,0
2027-09-20,38.3033,38.3033,38.3033,38.3033,43548000,0.00%,111115340,147922982340,1668032.11,0
2027-09-21,38.3033,38.3033,38.3033,38.3033,28766000,0.00%,82349340,147922982340,1101832.73,0
2027-09-22,38.3033,38.3033,38.3033,38.3033,30571000,0.00%,51778340,147922982340,1170970.18,0
2027-09-23,38.3033,38.3033,38.3033,38.3033,33326000,0.00%,18452340,147922982340,1276495.78,0
2027-09-24,38.3033,38.3416,38.3416,38.3033,37373000,0.10%,209528620,148151431620,1432940.62,228449280
2027-09-27,38.3416,38.3416,38.3416,38.3416,46835000,0.00%,162693620,148151431620,1795728.84,0
2027-09-28,38.3416,38.3416,38.3416,38.3416,43187000,0.00%,119506620,148151431620,1655858.68,0
2027-09-29,38.3416,38.3416,38.3416,38.3416,42104000,0.00%,77402620,148151431620,1614334.73,0
2027-09-30,38.3416,38.3416,38.3416,38.3416,38304000,0.00%,39098620,148151431620,1468636.65,0
2027-10-01,38.3416,38.3799,38.3799,38.3416,42674000,0.10%,223543943,148378550943,1637823.85,227119322
2027-10-04,38.3799,38.3799,38.3799,38.3799,26581000,0.00%,196962943,148378550943,1020176.12,0
2027-10-06,38.3799,38.3799,38.3799,38.3799,34466000,0.00%,162496943,148378550943,1322801.63,0
2027-10-07,38.3799,38.3799,38.3799,38.3799,19703000,0.00%,142793943,148378550943,756199.17,0
2027-10-08,38.3799,38.3799,38.3799,38.3799,18962000,0.00%,123831943,148378550943,727759.66,0
2027-10-11,38.3799,38.3799,38.3799,38.3799,29792000,0.00%,94039943,148378550943,1143413.98,0
2027-10-12,38.3799,38.3799,38.3799,38.3799,40508000,0.00%,53531943,148378550943,1554692.99,0
2027-10-13,38.3799,38.4183,38.4183,38.3799,60857000,0.10%,219729765,148605605765,2338022.48,227054821
2027-10-14,38.4183,38.4183,38.4183,38.4183,42104000,0.00%,177625765,148605605765,1617564.1,0
2027-10-15,38.4183,38.4183,38.4183,38.4183,59774000,0.00%,117851765,148605605765,2296415.46,0
2027-10-18,38.4183,38.4183,38.4183,38.4183,50008000,0.00%,67843765,148605605765,1921222.35,0
2027-10-19,38.4183,38.4183,38.4183,38.4183,42047000,0.00%,25796765,148605605765,1615374.26,0
2027-10-20,38.4183,38.4567,38.4567,38.4183,39824000,0.10%,205489088,148825122088,1531499.62,219516323
2027-10-21,38.4567,38.4567,38.4567,38.4567,93879000,0.00%,111610088,148825122088,3610276.54,0
2027-10-22,38.4567,38.4567,38.4567,38.4567,50445000,0.00%,61165088,148825122088,1939948.23,0
2027-10-25,38.4567,38.4952,38.4952,38.4567,161633000,0.10%,116671929,149042261929,6222094.66,217139841
2027-10-26,38.4952,38.5337,38.5337,38.4952,138738000,0.10%,196132655,149260460655,5346088.47,218198725
2027-10-27,38.5337,38.5337,38.5337,38.5337,95665000,0.00%,100467655,149260460655,3686326.41,0
2027-10-28,38.5337,38.5337,38.5337,38.5337,81168000,0.00%,19299655,149260460655,3127703.36,0
2027-10-29,38.5337,38.5722,38.5722,38.5337,77577000,0.10%,161595420,149480333420,2992315.56,219872765
2027-11-01,38.5722,38.5722,38.5722,38.5722,94069000,0.00%,67526420,149480333420,3628448.28,0
2027-11-02,38.5722,38.6108,38.6108,38.5722,147896000,0.10%,141327633,149702030633,5710382.88,221697212
2027-11-03,38.6108,38.6108,38.6108,38.6108,66785000,0.00%,74542633,149702030633,2578622.28,0
2027-11-04,38.6108,38.6108,38.6108,38.6108,58197000,0.00%,16345633,149702030633,2247032.73,0
2027-11-05,38.6108,38.6494,38.6494,38.6108,127604000,0.10%,112138611,149925427611,4931818.04,223396978
2027-11-08,38.6494,38.6494,38.6494,38.6494,83562000,0.00%,28576611,149925427611,3229621.16,0
2027-11-09,38.6494,38.688,38.688,38.6494,44726000,0.10%,208526303,150150103303,1730359.49,224675692
2027-11-10,38.688,38.688,38.688,38.688,60154000,0.00%,148372303,150150103303,2327237.95,0
2027-11-11,38.688,38.688,38.688,38.688,44194000,0.00%,104178303,150150103303,1709777.47,0
2027-11-12,38.688,38.688,38.688,38.688,100719000,0.00%,3459303,150150103303,3896616.67,0
2027-11-15,38.688,38.7267,38.7267,38.688,91960000,0.10%,134977332,150373581332,3561307.33,223478028
2027-11-16,38.7267,38.7267,38.7267,38.7267,119890000,0.00%,15087332,150373581332,4642944.06,0
2027-11-17,38.7267,38.7654,38.7654,38.7267,117401000,0.10%,123504850,150599399850,4551096.73,225818517
2027-11-18,38.7654,38.8042,38.8042,38.7654,132658000,0.10%,218086799,150826639799,5147687.56,227239949
2027-11-19,38.8042,38.8042,38.8042,38.8042,85044000,0.00%,133042799,150826639799,3300064.38,0
2027-11-22,38.8042,38.8042,38.8042,38.8042,59489000,0.00%,73553799,150826639799,2308423.05,0
2027-11-23,38.8042,38.8042,38.8042,38.8042,54074000,0.00%,19479799,150826639799,2098298.31,0
2027-11-24,38.8042,38.843,38.843,38.8042,44422000,0.10%,203321372,151054903372,1725483.75,228263573
2027-11-25,38.843,38.843,38.843,38.843,32623000,0.00%,170698372,151054903372,1267175.19,0
2027-11-26,38.843,38.843,38.843,38.843,59508000,0.00%,111190372,151054903372,2311469.24,0
2027-11-29,38.843,38.843,38.843,38.843,63650000,0.00%,47540372,151054903372,2472356.95,0
2027-11-30,38.843,38.8819,38.8819,38.843,62966000,0.10%,212185293,151282514293,2448237.72,227610920
2027-12-01,38.8819,38.8819,38.8819,38.8819,88597000,0.00%,123588293,151282514293,3444819.69,0
2027-12-02,38.8819,38.8819,38.8819,38.8819,86545000,0.00%,37043293,151282514293,3365034.04,0
2027-12-03,38.8819,38.9207,38.9207,38.8819,47671000,0.10%,218526555,151511668555,1855388.69,229154262
2027-12-06,38.9207,38.9207,38.9207,38.9207,113677000,0.00%,104849555,151511668555,4424388.41,0
2027-12-07,38.9207,38.9207,38.9207,38.9207,55214000,0.00%,49635555,151511668555,2148967.53,0
2027-12-08,38.9207,38.9597,38.9597,38.9207,78109000,0.10%,201826404,151741968404,3043103.21,230299849
2027-12-09,38.9597,38.9597,38.9597,38.9597,64771000,0.00%,137055404,151741968404,2523458.73,0
2027-12-10,38.9597,38.9597,38.9597,38.9597,76760000,0.00%,60295404,151741968404,2990546.57,0
2027-12-13,38.9597,38.9597,38.9597,38.9597,38969000,0.00%,21326404,151741968404,1518220.55,0
2027-12-14,38.9597,38.9986,38.9986,38.9597,38589000,0.10%,215251556,151974482556,1504916.98,232514152
2027-12-15,38.9986,38.9986,38.9986,38.9986,46056000,0.00%,169195556,151974482556,1796119.52,0
2027-12-16,38.9986,38.9986,38.9986,38.9986,36024000,0.00%,133171556,151974482556,1404885.57,0
2027-12-17,38.9986,38.9986,38.9986,38.9986,47747000,0.00%,85424556,151974482556,1862066.15,0
2027-12-20,38.9986,38.9986,38.9986,38.9986,47310000,0.00%,38114556,151974482556,1845023.77,0
2027-12-21,38.9986,39.0376,39.0376,38.9986,55214000,0.10%,216478464,152208060464,2155422.05,233577907
2027-12-22,39.0376,39.0376,39.0376,39.0376,29108000,0.00%,187370464,152208060464,1136306.46,0
2027-12-23,39.0376,39.0376,39.0376,39.0376,46075000,0.00%,141295464,152208060464,1798657.42,0
2027-12-24,39.0376,39.0376,39.0376,39.0376,29450000,0.00%,111845464,152208060464,1149657.32,0
2027-12-29,39.0376,39.0376,39.0376,39.0376,45961000,0.00%,65884464,152208060464,1794207.13,0
2027-12-30,39.0376,39.0376,39.0376,39.0376,57171000,0.00%,8713464,152208060464,2231818.63,0
2027-12-31,39.0376,39.0767,39.0767,39.0376,51699000,0.10%,191754106,152442800106,2020226.31,234739642
2028-01-04,39.0767,39.0767,39.0767,39.0767,58422000,0.00%,133332106,152442800106,2282938.97,0
2028-01-05,39.0767,39.0767,39.0767,39.0767,72988500,0.00%,60343606,152442800106,2852149.72,0
2028-01-06,39.0767,39.1157,39.1157,39.0767,79560000,0.10%,216635306,152678651806,3112045.09,235851699
2028-01-07,39.1157,39.1157,39.1157,39.1157,52825500,0.00%,163809806,152678651806,2066306.41,0
2028-01-10,39.1157,39.1157,39.1157,39.1157,55224000,0.00%,108585806,152678651806,2160125.42,0
2028-01-11,39.1157,39.1157,39.1157,39.1157,38707500,0.00%,69878306,152678651806,1514070.96,0
2028-01-12,39.1157,39.1157,39.1157,39.1157,69654000,0.00%,224306,152678651806,2724564.97,0
2028-01-13,39.1157,39.1549,39.1549,39.1157,79072500,0.10%,159261248,152916761248,3096075.83,238109442
2028-01-14,39.1549,39.1549,39.1549,39.1549,40891500,0.00%,118369748,152916761248,1601102.59,0
2028-01-17,39.1549,39.1549,39.1549,39.1549,38980500,0.00%,79389248,152916761248,1526277.58,0
2028-01-18,39.1549,39.1549,39.1549,39.1549,31395000,0.00%,47994248,152916761248,1229268.09,0
2028-01-19,39.1549,39.194,39.194,39.1549,52884000,0.10%,234247617,153155898617,2072735.5,239137368
2028-01-20,39.194,39.194,39.194,39.194,33832500,0.00%,200415117,153155898617,1326031.01,0
2028-01-21,39.194,39.194,39.194,39.194,32877000,0.00%,167538117,153155898617,1288581.14,0
2028-01-27,39.194,39.194,39.194,39.194,46273500,0.00%,121264617,153155898617,1813643.56,0
2028-01-28,39.194,39.194,39.194,39.194,36328500,0.00%,84936117,153155898617,1423859.23,0
2028-01-31,39.194,39.2332,39.2332,39.194,104578500,0.10%,219582840,153395123840,4102949.21,239225223
2028-02-01,39.2332,39.2332,39.2332,39.2332,108732000,0.00%,110850840,153395123840,4265904.3,0
2028-02-02,39.2332,39.2332,39.2332,39.2332,61269000,0.00%,49581840,153395123840,2403778.93,0
2028-02-03,39.2332,39.2332,39.2332,39.2332,46332000,0.00%,3249840,153395123840,1817752.62,0
2028-02-04,39.2332,39.2724,39.2724,39.2332,50583000,0.10%,194130155,153636587155,1986515.81,241463314
2028-02-07,39.2724,39.2724,39.2724,39.2724,49900500,0.00%,144229655,153636587155,1959712.4,0
2028-02-08,39.2724,39.2724,39.2724,39.2724,38610000,0.00%,105619655,153636587155,1516307.36,0
2028-02-09,39.2724,39.2724,39.2724,39.2724,33676500,0.00%,71943155,153636587155,1322556.98,0
2028-02-10,39.2724,39.2724,39.2724,39.2724,51987000,0.00%,19956155,153636587155,2041654.26,0
2028-02-11,39.2724,39.3117,39.3117,39.2724,47989500,0.10%,214086348,153878706848,1886548.83,242119693
2028-02-14,39.3117,39.3117,39.3117,39.3117,39702000,0.00%,174384348,153878706848,1560753.11,0
2028-02-15,39.3117,39.3117,39.3117,39.3117,34963500,0.00%,139420848,153878706848,1374474.62,0
2028-02-16,39.3117,39.3117,39.3117,39.3117,32175000,0.00%,107245848,153878706848,1264853.95,0
2028-02-17,39.3117,39.3117,39.3117,39.3117,42724500,0.00%,64521348,153878706848,1679572.73,0
2028-02-18,39.3117,39.3117,39.3117,39.3117,34554000,0.00%,29967348,153878706848,1358376.48,0
2028-02-21,39.3117,39.3117,39.3117,39.3117,24004500,0.00%,5962848,153878706848,943657.7,0
2028-02-22,39.3117,39.351,39.351,39.3117,57154500,0.10%,190365105,154120263605,2249086.73,241556757
2028-02-23,39.351,39.351,39.351,39.351,64642500,0.00%,125722605,154120263605,2543747.02,0
2028-02-24,39.351,39.351,39.351,39.351,37888500,0.00%,87834105,154120263605,1490950.36,0
2028-02-25,39.351,39.351,39.351,39.351,47619000,0.00%,40215105,154120263605,1873855.27,0
2028-02-28,39.351,39.351,39.351,39.351,39936000,0.00%,279105,154120263605,1571521.54,0
2028-02-29,39.351,39.3904,39.3904,39.351,50719500,0.10%,191832175,154362536175,1997861.39,242272570
2028-03-01,39.3904,39.3904,39.3904,39.3904,69439500,0.00%,122392675,154362536175,2735249.68,0
2028-03-02,39.3904,39.3904,39.3904,39.3904,28860000,0.00%,93532675,154362536175,1136806.94,0
2028-03-03,39.3904,39.3904,39.3904,39.3904,34671000,0.00%,58861675,154362536175,1365704.56,0
2028-03-06,39.3904,39.3904,39.3904,39.3904,24628500,0.00%,34233175,154362536175,970126.47,0
2028-03-07,39.3904,39.3904,39.3904,39.3904,33228000,0.00%,1005175,154362536175,1308864.21,0
2028-03-08,39.3904,39.4298,39.4298,39.3904,41359500,0.10%,203158327,154606048827,1630796.81,243512651
2028-03-09,39.4298,39.4298,39.4298,39.4298,33676500,0.00%,169481827,154606048827,1327857.66,0
2028-03-10,39.4298,39.4298,39.4298,39.4298,73320000,0.00%,96161827,154606048827,2890992.94,0
2028-03-13,39.4298,39.4298,39.4298,39.4298,52903500,0.00%,43258327,154606048827,2085974.42,0
2028-03-14,39.4298,39.4298,39.4298,39.4298,41574000,0.00%,1684327,154606048827,1639254.51,0
2028-03-15,39.4298,39.4692,39.4692,39.4298,32311500,0.10%,213916543,154850592543,1275309.06,244543716
2028-03-16,39.4692,39.4692,39.4692,39.4692,46273500,0.00%,167643043,154850592543,1826378.03,0
2028-03-17,39.4692,39.4692,39.4692,39.4692,56608500,0.00%,111034543,154850592543,2234292.21,0
2028-03-20,39.4692,39.4692,39.4692,39.4692,39858000,0.00%,71176543,154850592543,1573163.37,0
2028-03-21,39.4692,39.4692,39.4692,39.4692,41496000,0.00%,29680543,154850592543,1637813.92,0
2028-03-22,39.4692,39.5087,39.5087,39.4692,38317500,0.10%,237130527,155096360027,1513874.61,245767483
2028-03-23,39.5087,39.5087,39.5087,39.5087,91357500,0.00%,145773027,155096360027,3609416.06,0
2028-03-24,39.5087,39.5087,39.5087,39.5087,64779000,0.00%,80994027,155096360027,2559334.08,0
2028-03-27,39.5087,39.5087,39.5087,39.5087,50310000,0.00%,30684027,155096360027,1987682.7,0
2028-03-28,39.5087,39.5482,39.5482,39.5087,61113000,0.10%,217464885,155344253885,2416909.15,247893857
2028-03-29,39.5482,39.5482,39.5482,39.5482,70395000,0.00%,147069885,155344253885,2783995.54,0
2028-03-30,39.5482,39.5482,39.5482,39.5482,49218000,0.00%,97851885,155344253885,1946483.31,0
2028-03-31,39.5482,39.5482,39.5482,39.5482,50622000,0.00%,47229885,155344253885,2002008.98,0
2028-04-03,39.5482,39.5482,39.5482,39.5482,36601500,0.00%,10628385,155344253885,1447523.44,0
2028-04-04,39.5482,39.5877,39.5877,39.5482,27787500,0.10%,231874245,155593287245,1100043.21,249033359
2028-04-06,39.5877,39.5877,39.5877,39.5877,29152500,0.00%,202721745,155593287245,1154080.42,0
2028-04-11,39.5877,39.5877,39.5877,39.5877,42763500,0.00%,159958245,155593287245,1692908.61,0
2028-04-12,39.5877,39.5877,39.5877,39.5877,78916500,0.00%,81041745,155593287245,3124122.73,0
2028-04-13,39.5877,39.5877,39.5877,39.5877,48672000,0.00%,32369745,155593287245,1926812.53,0
2028-04-14,39.5877,39.5877,39.5877,39.5877,24843000,0.00%,7526745,155593287245,983477.23,0
2028-04-17,39.5877,39.6273,39.6273,39.5877,30634500,0.10%,226566343,155842961343,1213962.52,249674098
2028-04-18,39.6273,39.6273,39.6273,39.6273,26695500,0.00%,199870843,155842961343,1057870.59,0
2028-04-19,39.6273,39.6273,39.6273,39.6273,31746000,0.00%,168124843,155842961343,1258008.27,0
2028-04-20,39.6273,39.6273,39.6273,39.6273,20533500,0.00%,147591343,155842961343,813687.16,0
2028-04-21,39.6273,39.6273,39.6273,39.6273,32214000,0.00%,115377343,155842961343,1276553.84,0
2028-04-24,39.6273,39.6273,39.6273,39.6273,39916500,0.00%,75460843,155842961343,1581783.12,0
2028-04-25,39.6273,39.6273,39.6273,39.6273,40852500,0.00%,34608343,155842961343,1618874.27,0
2028-04-26,39.6273,39.6669,39.6669,39.6273,48789000,0.10%,235062828,156092204828,1935308.38,249243485
2028-04-27,39.6669,39.6669,39.6669,39.6669,28782000,0.00%,206280828,156092204828,1141692.72,0
2028-04-28,39.6669,39.6669,39.6669,39.6669,30010500,0.00%,176270328,156092204828,1190423.5,0
2028-05-02,39.6669,39.6669,39.6669,39.6669,16867500,0.00%,159402828,156092204828,669081.44,0
2028-05-03,39.6669,39.6669,39.6669,39.6669,20572500,0.00%,138830328,156092204828,816047.3,0
2028-05-04,39.6669,39.6669,39.6669,39.6669,34281000,0.00%,104549328,156092204828,1359821.0,0
2028-05-05,39.6669,39.6669,39.6669,39.6669,28879500,0.00%,75669828,156092204828,1145560.24,0
2028-05-08,39.6669,39.6669,39.6669,39.6669,20904000,0.00%,54765828,156092204828,829196.88,0
2028-05-09,39.6669,39.6669,39.6669,39.6669,45903000,0.00%,8862828,156092204828,1820829.71,0
2028-05-10,39.6669,39.7066,39.7066,39.6669,30361500,0.10%,227845957,156341549457,1205551.94,249344628
2028-05-11,39.7066,39.7066,39.7066,39.7066,34261500,0.00%,193584457,156341549457,1360407.68,0
2028-05-12,39.7066,39.7066,39.7066,39.7066,35080500,0.00%,158503957,156341549457,1392927.38,0
2028-05-15,39.7066,39.7066,39.7066,39.7066,46293000,0.00%,112210957,156341549457,1838137.63,0
2028-05-16,39.7066,39.7066,39.7066,39.7066,27534000,0.00%,84676957,156341549457,1093281.52,0
2028-05-17,39.7066,39.7066,39.7066,39.7066,38142000,0.00%,46534957,156341549457,1514489.14,0
2028-05-18,39.7066,39.7463,39.7463,39.7066,67099500,0.10%,227220369,156589334369,2666956.86,247784911
2028-05-19,39.7463,39.7463,39.7463,39.7463,44245500,0.00%,182974869,156589334369,1758594.92,0
2028-05-22,39.7463,39.7463,39.7463,39.7463,39078000,0.00%,143896869,156589334369,1553205.91,0
2028-05-23,39.7463,39.7463,39.7463,39.7463,29289000,0.00%,114607869,156589334369,1164129.38,0
2028-05-24,39.7463,39.7463,39.7463,39.7463,26422500,0.00%,88185369,156589334369,1050196.61,0
2028-05-25,39.7463,39.7463,39.7463,39.7463,50758500,0.00%,37426869,156589334369,2017462.57,0
2028-05-29,39.7463,39.7861,39.7861,39.7463,56238000,0.10%,228788762,156836934262,2237490.69,247599893
2028-05-30,39.7861,39.7861,39.7861,39.7861,42393000,0.00%,186395762,156836934262,1686652.14,0
2028-05-31,39.7861,39.7861,39.7861,39.7861,62653500,0.00%,123742262,156836934262,2492738.42,0
2028-06-01,39.7861,39.7861,39.7861,39.7861,44752500,0.00%,78989762,156836934262,1780527.44,0
2028-06-02,39.7861,39.7861,39.7861,39.7861,62517000,0.00%,16472762,156836934262,2487307.61,0
2028-06-05,39.7861,39.8258,39.8258,39.7861,38785500,0.10%,224394350,157083641350,1544663.57,246707088
2028-06-06,39.8258,39.8258,39.8258,39.8258,32565000,0.00%,191829350,157083641350,1296927.18,0
2028-06-07,39.8258,39.8258,39.8258,39.8258,35587500,0.00%,156241850,157083641350,1417300.66,0
2028-06-08,39.8258,39.8258,39.8258,39.8258,25603500,0.00%,130638350,157083641350,1019679.87,0
2028-06-09,39.8258,39.8258,39.8258,39.8258,31551000,0.00%,99087350,157083641350,1256543.82,0
2028-06-12,39.8258,39.8258,39.8258,39.8258,26305500,0.00%,72781850,157083641350,1047637.58,0
2028-06-13,39.8258,39.8258,39.8258,39.8258,45084000,0.00%,27697850,157083641350,1795506.37,0
2028-06-14,39.8258,39.8657,39.8657,39.8258,43056000,0.10%,221521217,157320520717,1716457.58,236879366
2028-06-15,39.8657,39.8657,39.8657,39.8657,48769500,0.00%,172751717,157320520717,1944230.26,0
2028-06-16,39.8657,39.8657,39.8657,39.8657,69907500,0.00%,102844217,157320520717,2786911.42,0
2028-06-19,39.8657,39.8657,39.8657,39.8657,39526500,0.00%,63317717,157320520717,1575751.59,0
2028-06-20,39.8657,39.8657,39.8657,39.8657,31746000,0.00%,31571717,157320520717,1265576.51,0
2028-06-21,39.8657,39.9055,39.9055,39.8657,37635000,0.10%,229519258,157556103258,1501843.49,235582541
2028-06-23,39.9055,39.9055,39.9055,39.9055,27105000,0.00%,202414258,157556103258,1081638.58,0
2028-06-26,39.9055,39.9055,39.9055,39.9055,35412000,0.00%,167002258,157556103258,1413133.57,0
2028-06-27,39.9055,39.9055,39.9055,39.9055,34105500,0.00%,132896758,157556103258,1360997.03,0
2028-06-28,39.9055,39.9055,39.9055,39.9055,30985500,0.00%,101911258,157556103258,1236491.87,0
2028-06-29,39.9055,39.9055,39.9055,39.9055,26364000,0.00%,75547258,157556103258,1052068.6,0
2028-06-30,39.9055,39.9055,39.9055,39.9055,31590000,0.00%,43957258,157556103258,1260614.75,0
2028-07-03,39.9055,39.9055,39.9055,39.9055,27690000,0.00%,16267258,157556103258,1104983.3,0
2028-07-04,39.9055,39.9454,39.9454,39.9055,18408000,0.10%,233293243,157791537243,735314.92,235433985
2028-07-05,39.9454,39.9454,39.9454,39.9454,19227000,0.00%,214066243,157791537243,768030.21,0
2028-07-06,39.9454,39.9454,39.9454,39.9454,38571000,0.00%,175495243,157791537243,1540734.02,0
2028-07-07,39.9454,39.9454,39.9454,39.9454,42120000,0.00%,133375243,157791537243,1682500.25,0
2028-07-10,39.9454,39.9454,39.9454,39.9454,33715500,0.00%,99659743,157791537243,1346779.13,0
2028-07-11,39.9454,39.9454,39.9454,39.9454,24102000,0.00%,75557743,157791537243,962764.03,0
2028-07-12,39.9454,39.9454,39.9454,39.9454,32857500,0.00%,42700243,157791537243,1312505.98,0
2028-07-13,39.9454,39.9854,39.9854,39.9454,53274000,0.10%,224066469,158026177469,2130182.2,234640225
2028-07-14,39.9854,39.9854,39.9854,39.9854,41359500,0.00%,182706969,158026177469,1653776.15,0
2028-07-18,39.9854,39.9854,39.9854,39.9854,56842500,0.00%,125864469,158026177469,2272870.1,0
2028-07-19,39.9854,39.9854,39.9854,39.9854,42724500,0.00%,83139969,158026177469,1708356.22,0
2028-07-20,39.9854,39.9854,39.9854,39.9854,32292000,0.00%,50847969,158026177469,1291208.54,0
2028-07-21,39.9854,39.9854,39.9854,39.9854,23088000,0.00%,27759969,158026177469,923182.92,0
2028-07-24,39.9854,40.0254,40.0254,39.9854,34027500,0.10%,227514357,158259959357,1361964.3,233781888
2028-07-25,40.0254,40.0254,40.0254,40.0254,56940000,0.00%,170574357,158259959357,2279046.28,0
2028-07-26,40.0254,40.0254,40.0254,40.0254,29133000,0.00%,141441357,158259959357,1166059.98,0
2028-07-27,40.0254,40.0254,40.0254,40.0254,26617500,0.00%,114823857,158259959357,1065376.08,0
2028-07-28,40.0254,40.0254,40.0254,40.0254,43368000,0.00%,71455857,158259959357,1735821.55,0
2028-07-31,40.0254,40.0654,40.0654,40.0254,71760000,0.10%,233413751,158493677251,2875093.1,233717894
2028-08-01,40.0654,40.0654,40.0654,40.0654,45708000,0.00%,187705751,158493677251,1831309.3,0
2028-08-02,40.0654,40.0654,40.0654,40.0654,41028000,0.00%,146677751,158493677251,1643803.23,0
2028-08-03,40.0654,40.0654,40.0654,40.0654,32487000,0.00%,114190751,158493677251,1301604.65,0
2028-08-04,40.0654,40.0654,40.0654,40.0654,37245000,0.00%,76945751,158493677251,1492235.82,0
2028-08-07,40.0654,40.0654,40.0654,40.0654,18486000,0.00%,58459751,158493677251,740648.98,0
2028-08-08,40.0654,40.0654,40.0654,40.0654,29991000,0.00%,28468751,158493677251,1201601.41,0
2028-08-09,40.0654,40.0654,40.0654,40.0654,23244000,0.00%,5224751,158493677251,931280.16,0
2028-08-10,40.0654,40.1055,40.1055,40.0654,21820500,0.10%,215675251,158725948251,875122.06,232270999
2028-08-11,40.1055,40.1055,40.1055,40.1055,23985000,0.00%,191690251,158725948251,961930.42,0
2028-08-14,40.1055,40.1055,40.1055,40.1055,30712500,0.00%,160977751,158725948251,1231740.17,0
2028-08-15,40.1055,40.1055,40.1055,40.1055,21040500,0.00%,139937251,158725948251,843839.77,0
2028-08-16,40.1055,40.1055,40.1055,40.1055,32136000,0.00%,107801251,158725948251,1288830.35,0
2028-08-17,40.1055,40.1055,40.1055,40.1055,56199000,0.00%,51602251,158725948251,2253888.99,0
2028-08-18,40.1055,40.1055,40.1055,40.1055,35314500,0.00%,16287751,158725948251,1416305.68,0
2028-08-21,40.1055,40.1456,40.1456,40.1055,50115000,0.10%,196428514,158956204014,2011896.74,230255763
2028-08-22,40.1456,40.1456,40.1456,40.1456,48126000,0.00%,148302514,158956204014,1932047.15,0
2028-08-23,40.1456,40.1456,40.1456,40.1456,33618000,0.00%,114684514,158956204014,1349614.78,0
2028-08-24,40.1456,40.1456,40.1456,40.1456,43563000,0.00%,71121514,158956204014,1748862.77,0
2028-08-25,40.1456,40.1456,40.1456,40.1456,24453000,0.00%,46668514,158956204014,981680.36,0
2028-08-28,40.1456,40.1456,40.1456,40.1456,37830000,0.00%,8838514,158956204014,1518708.05,0
2028-08-29,40.1456,40.1857,40.1857,40.1456,29991000,0.10%,207767669,159185124169,1205209.33,228920155
2028-08-30,40.1857,40.1857,40.1857,40.1857,29620500,0.00%,178147169,159185124169,1190320.53,0
2028-08-31,40.1857,40.1857,40.1857,40.1857,96993000,0.00%,81154169,159185124169,3897731.6,0
2028-09-04,40.1857,40.1857,40.1857,40.1857,59962500,0.00%,21191669,159185124169,2409635.04,0
2028-09-05,40.1857,40.2259,40.2259,40.1857,25837500,0.10%,225504599,159415274599,1039336.69,230150430
2028-09-06,40.2259,40.2259,40.2259,40.2259,32155500,0.00%,193349099,159415274599,1293483.93,0
2028-09-07,40.2259,40.2259,40.2259,40.2259,32604000,0.00%,160745099,159415274599,1311525.24,0
2028-09-11,40.2259,40.2259,40.2259,40.2259,36679500,0.00%,124065599,159415274599,1475465.9,0
2028-09-12,40.2259,40.2259,40.2259,40.2259,20280000,0.00%,103785599,159415274599,815781.25,0
2028-09-13,40.2259,40.2259,40.2259,40.2259,20787000,0.00%,82998599,159415274599,836175.78,0
2028-09-14,40.2259,40.2259,40.2259,40.2259,19792500,0.00%,63206099,159415274599,796171.13,0
2028-09-15,40.2259,40.2259,40.2259,40.2259,37479000,0.00%,25727099,159415274599,1507626.51,0
2028-09-18,40.2259,40.2661,40.2661,40.2259,28743000,0.10%,224844057,159643134557,1157368.51,227859957
2028-09-19,40.2661,40.2661,40.2661,40.2661,30381000,0.00%,194463057,159643134557,1223324.38,0
2028-09-20,40.2661,40.2661,40.2661,40.2661,26637000,0.00%,167826057,159643134557,1072568.11,0
2028-09-21,40.2661,40.2661,40.2661,40.2661,37284000,0.00%,130542057,159643134557,1501281.27,0
2028-09-22,40.2661,40.2661,40.2661,40.2661,41418000,0.00%,89124057,159643134557,1667741.33,0
2028-09-25,40.2661,40.2661,40.2661,40.2661,35704500,0.00%,53419557,159643134557,1437680.97,0
2028-09-26,40.2661,40.2661,40.2661,40.2661,31044000,0.00%,22375557,159643134557,1250020.81,0
2028-09-27,40.2661,40.3064,40.3064,40.2661,27690000,0.10%,220901507,159869350507,1116084.22,226215949
2028-09-28,40.3064,40.3064,40.3064,40.3064,30420000,0.00%,190481507,159869350507,1226120.69,0
2028-09-29,40.3064,40.3064,40.3064,40.3064,21937500,0.00%,168544007,159869350507,884221.65,0
2028-10-03,40.3064,40.3064,40.3064,40.3064,29484000,0.00%,139060007,159869350507,1188393.9,0
2028-10-04,40.3064,40.3064,40.3064,40.3064,21333000,0.00%,117727007,159869350507,859856.43,0
2028-10-05,40.3064,40.3064,40.3064,40.3064,21060000,0.00%,96667007,159869350507,848852.78,0
2028-10-06,40.3064,40.3064,40.3064,40.3064,21606000,0.00%,75061007,159869350507,870860.08,0
2028-10-09,40.3064,40.3064,40.3064,40.3064,22230000,0.00%,52831007,159869350507,896011.27,0
2028-10-10,40.3064,40.3064,40.3064,40.3064,32077500,0.00%,20753507,159869350507,1292928.55,0
2028-10-11,40.3064,40.3467,40.3467,40.3064,32019000,0.10%,213945022,160094561022,1291860.99,225210515
2028-10-12,40.3467,40.3467,40.3467,40.3467,26227500,0.00%,187717522,160094561022,1058193.07,0
2028-10-13,40.3467,40.3467,40.3467,40.3467,26071500,0.00%,161646022,160094561022,1051898.99,0
2028-10-16,40.3467,40.3467,40.3467,40.3467,24277500,0.00%,137368522,160094561022,979517.01,0
2028-10-17,40.3467,40.3467,40.3467,40.3467,17940000,0.00%,119428522,160094561022,723819.8,0
2028-10-18,40.3467,40.3467,40.3467,40.3467,23400000,0.00%,96028522,160094561022,944112.78,0
2028-10-19,40.3467,40.3467,40.3467,40.3467,33579000,0.00%,62449522,160094561022,1354801.84,0
2028-10-20,40.3467,40.3467,40.3467,40.3467,37459500,0.00%,24990022,160094561022,1511367.21,0
2028-10-24,40.3467,40.387,40.387,40.3467,42159000,0.10%,205881680,160317611680,1702675.53,223050658
2028-10-25,40.387,40.387,40.387,40.387,34144500,0.00%,171737180,160317611680,1378993.92,0
2028-10-26,40.387,40.387,40.387,40.387,22327500,0.00%,149409680,160317611680,901740.74,0
2028-10-27,40.387,40.387,40.387,40.387,32097000,0.00%,117312680,160317611680,1296301.54,0
2028-10-30,40.387,40.387,40.387,40.387,28002000,0.00%,89310680,160317611680,1130916.77,0
2028-10-31,40.387,40.387,40.387,40.387,26773500,0.00%,62537180,160317611680,1081301.34,0
2028-11-01,40.387,40.387,40.387,40.387,21469500,0.00%,41067680,160317611680,867088.7,0
2028-11-02,40.387,40.387,40.387,40.387,20436000,0.00%,20631680,160317611680,825348.73,0
2028-11-03,40.387,40.4274,40.4274,40.387,42081000,0.10%,201589761,160540650761,1701225.42,223039080
2028-11-06,40.4274,40.4274,40.4274,40.4274,52377000,0.00%,149212761,160540650761,2117465.93,0
2028-11-07,40.4274,40.4274,40.4274,40.4274,26130000,0.00%,123082761,160540650761,1056367.96,0
2028-11-08,40.4274,40.4274,40.4274,40.4274,25116000,0.00%,97966761,160540650761,1015374.58,0
2028-11-09,40.4274,40.4274,40.4274,40.4274,20026500,0.00%,77940261,160540650761,809619.33,0
2028-11-10,40.4274,40.4274,40.4274,40.4274,19246500,0.00%,58693761,160540650761,778085.95,0
2028-11-13,40.4274,40.4274,40.4274,40.4274,26500500,0.00%,32193261,160540650761,1071346.31,0
2028-11-14,40.4274,40.4274,40.4274,40.4274,24336000,0.00%,7857261,160540650761,983841.21,0
2028-11-15,40.4274,40.4679,40.4679,40.4274,63277500,0.10%,167279942,160763350942,2560707.54,222700180
2028-11-16,40.4679,40.4679,40.4679,40.4679,68835000,0.00%,98444942,160763350942,2785607.9,0
2028-11-17,40.4679,40.4679,40.4679,40.4679,42841500,0.00%,55603442,160763350942,1733705.54,0
2028-11-20,40.4679,40.4679,40.4679,40.4679,54171000,0.00%,1432442,160763350942,2192186.61,0
2028-11-21,40.4679,40.5083,40.5083,40.4679,47170500,0.10%,179104901,160988193901,1910796.77,224842959
2028-11-22,40.5083,40.5083,40.5083,40.5083,27631500,0.00%,151473401,160988193901,1119305.09,0
2028-11-23,40.5083,40.5083,40.5083,40.5083,28333500,0.00%,123139901,160988193901,1147741.92,0
2028-11-24,40.5083,40.5083,40.5083,40.5083,29718000,0.00%,93421901,160988193901,1203825.66,0
2028-11-27,40.5083,40.5083,40.5083,40.5083,23848500,0.00%,69573401,160988193901,966062.19,0
2028-11-28,40.5083,40.5083,40.5083,40.5083,29542500,0.00%,40030901,160988193901,1196716.45,0
2028-11-29,40.5083,40.5083,40.5083,40.5083,32877000,0.00%,7153901,160988193901,1331791.38,0
2028-11-30,40.5083,40.5488,40.5488,40.5083,59104500,0.10%,172216167,161212360667,2396616.55,224166766
2028-12-01,40.5488,40.5488,40.5488,40.5488,29542500,0.00%,142673667,161212360667,1197912.92,0
2028-12-04,40.5488,40.5488,40.5488,40.5488,29074500,0.00%,113599167,161212360667,1178936.09,0
2028-12-05,40.5488,40.5488,40.5488,40.5488,46273500,0.00%,67325667,161212360667,1876334.9,0
2028-12-06,40.5488,40.5488,40.5488,40.5488,31005000,0.00%,36320667,161212360667,1257215.54,0
2028-12-07,40.5488,40.5488,40.5488,40.5488,26715000,0.00%,9605667,161212360667,1083261.19,0
2028-12-08,40.5488,40.5894,40.5894,40.5488,32370000,0.10%,201921131,161437046131,1313878.88,224685463
2028-12-11,40.5894,40.5894,40.5894,40.5894,35880000,0.00%,166041131,161437046131,1456347.67,0
2028-12-12,40.5894,40.5894,40.5894,40.5894,25350000,0.00%,140691131,161437046131,1028941.29,0
2028-12-13,40.5894,40.5894,40.5894,40.5894,27592500,0.00%,113098631,161437046131,1119963.02,0
2028-12-14,40.5894,40.5894,40.5894,40.5894,33540000,0.00%,79558631,161437046131,1361368.48,0
2028-12-15,40.5894,40.5894,40.5894,40.5894,60294000,0.00%,19264631,161437046131,2447297.28,0
2028-12-18,40.5894,40.63,40.63,40.5894,23575500,0.10%,220707192,161662064192,957872.57,225018061
2028-12-19,40.63,40.63,40.63,40.63,24433500,0.00%,196273692,161662064192,992733.11,0
2028-12-20,40.63,40.63,40.63,40.63,27670500,0.00%,168603192,161662064192,1124252.42,0
2028-12-21,40.63,40.63,40.63,40.63,19831500,0.00%,148771692,161662064192,805753.84,0
2028-12-22,40.63,40.6706,40.6706,40.63,286669500,0.10%,86546490,161886508490,11659020.57,224444297
2028-12-27,40.6706,40.7113,40.7113,40.6706,125716500,0.10%,189842238,162115520738,5118082.15,229012248
2028-12-28,40.7113,40.7113,40.7113,40.7113,73788000,0.00%,116054238,162115520738,3004005.4,0
2028-12-29,40.7113,40.7113,40.7113,40.7113,38259000,0.00%,77795238,162115520738,1557573.63,0
2029-01-02,40.7113,40.7113,40.7113,40.7113,46700000,0.00%,31095238,162115520738,1901217.71,0
2029-01-03,40.7113,40.752,40.752,40.7113,40780000,0.10%,222622556,162347828056,1661866.56,232307318
2029-01-04,40.752,40.752,40.752,40.752,40440000,0.00%,182182556,162347828056,1648010.88,0
2029-01-05,40.752,40.752,40.752,40.752,47500000,0.00%,134682556,162347828056,1935720.0,0
2029-01-08,40.752,40.752,40.752,40.752,33439999,0.00%,101242556,162347828056,1362746.88,0
2029-01-09,40.752,40.752,40.752,40.752,33860000,0.00%,67382556,162347828056,1379862.72,0
2029-01-10,40.752,40.752,40.752,40.752,38300000,0.00%,29082556,162347828056,1560801.6,0
2029-01-11,40.752,40.7927,40.7927,40.752,41200000,0.10%,219592886,162579538386,1680659.24,231710329
2029-01-12,40.7927,40.7927,40.7927,40.7927,31540000,0.00%,188052886,162579538386,1286601.76,0
2029-01-15,40.7927,40.7927,40.7927,40.7927,32659999,0.00%,155392886,162579538386,1332289.58,0
2029-01-16,40.7927,40.7927,40.7927,40.7927,44480000,0.00%,110912886,162579538386,1814459.3,0
2029-01-17,40.7927,40.7927,40.7927,40.7927,72220000,0.00%,38692886,162579538386,2946048.79,0
2029-01-18,40.7927,40.8335,40.8335,40.7927,49200000,0.10%,216406475,162806451975,2009008.2,226913588
2029-01-19,40.8335,40.8335,40.8335,40.8335,53800000,0.00%,162606475,162806451975,2196842.3,0
2029-01-22,40.8335,40.8335,40.8335,40.8335,67300000,0.00%,95306475,162806451975,2748094.55,0
2029-01-23,40.8335,40.8335,40.8335,40.8335,71220000,0.00%,24086475,162806451975,2908161.87,0
2029-01-24,40.8335,40.8744,40.8744,40.8335,67720000,0.10%,181121919,163031207419,2768014.37,224755443
2029-01-25,40.8744,40.8744,40.8744,40.8744,68320000,0.00%,112801919,163031207419,2792539.01,0
2029-01-26,40.8744,40.8744,40.8744,40.8744,49640000,0.00%,63161919,163031207419,2029005.22,0
2029-01-29,40.8744,40.8744,40.8744,40.8744,40320000,0.00%,22841919,163031207419,1648055.81,0
2029-01-30,40.8744,40.9152,40.9152,40.8744,43020000,0.10%,203219387,163254604887,1760171.9,223397468
2029-01-31,40.9152,40.9152,40.9152,40.9152,40100000,0.00%,163119387,163254604887,1640699.52,0
2029-02-01,40.9152,40.9152,40.9152,40.9152,34660000,0.00%,128459387,163254604887,1418120.83,0
2029-02-02,40.9152,40.9152,40.9152,40.9152,62100000,0.00%,66359387,163254604887,2540833.92,0
2029-02-05,40.9152,40.9152,40.9152,40.9152,40920000,0.00%,25439387,163254604887,1674249.98,0
2029-02-06,40.9152,40.9561,40.9561,40.9152,57720000,0.10%,189584457,163476469957,2363986.09,221865069
2029-02-07,40.9561,40.9561,40.9561,40.9561,52680000,0.00%,136904457,163476469957,2157567.35,0
2029-02-08,40.9561,40.9561,40.9561,40.9561,35820000,0.00%,101084457,163476469957,1467047.5,0
2029-02-09,40.9561,40.9561,40.9561,40.9561,13460000,0.00%,87624457,163476469957,551269.11,0
2029-02-14,40.9561,40.9561,40.9561,40.9561,23140000,0.00%,64484457,163476469957,947724.15,0
2029-02-15,40.9561,40.9561,40.9561,40.9561,25140000,0.00%,39344457,163476469957,1029636.35,0
2029-02-16,40.9561,40.9561,40.9561,40.9561,34440000,0.00%,4904457,163476469957,1410528.08,0
2029-02-19,40.9561,40.9971,40.9971,40.9561,30840000,0.10%,190319850,163692725350,1264350.56,216255393
2029-02-20,40.9971,40.9971,40.9971,40.9971,31540000,0.00%,158779850,163692725350,1293048.53,0
2029-02-21,40.9971,40.9971,40.9971,40.9971,47900000,0.00%,110879850,163692725350,1963761.09,0
2029-02-22,40.9971,40.9971,40.9971,40.9971,24880000,0.00%,85999850,163692725350,1020007.85,0
2029-02-23,40.9971,40.9971,40.9971,40.9971,26460000,0.00%,59539850,163692725350,1084783.27,0
2029-02-26,40.9971,40.9971,40.9971,40.9971,24820000,0.00%,34719850,163692725350,1017548.02,0
2029-02-27,40.9971,41.0381,41.0381,40.9971,47220000,0.10%,200807723,163906033223,1937819.08,213307873
2029-02-28,41.0381,41.0381,41.0381,41.0381,51800000,0.00%,149007723,163906033223,2125773.58,0
2029-03-01,41.0381,41.0381,41.0381,41.0381,59440000,0.00%,89567723,163906033223,2439304.66,0
2029-03-02,41.0381,41.0381,41.0381,41.0381,55900000,0.00%,33667723,163906033223,2294029.79,0
2029-03-05,41.0381,41.0381,41.0381,41.0381,27660000,0.00%,6007723,163906033223,1135113.85,0
2029-03-06,41.0381,41.0791,41.0791,41.0381,52120000,0.10%,165798706,164117944206,2141042.69,211910983
2029-03-07,41.0791,41.0791,41.0791,41.0791,46580000,0.00%,119218706,164117944206,1913464.48,0
2029-03-08,41.0791,41.0791,41.0791,41.0791,34320000,0.00%,84898706,164117944206,1409834.71,0
2029-03-09,41.0791,41.0791,41.0791,41.0791,24840000,0.00%,60058706,164117944206,1020404.84,0
2029-03-12,41.0791,41.0791,41.0791,41.0791,35740000,0.00%,24318706,164117944206,1468167.03,0
2029-03-13,41.0791,41.1202,41.1202,41.0791,73060000,0.10%,162974801,164329660301,3004241.81,211716094
2029-03-14,41.1202,41.1202,41.1202,41.1202,40140000,0.00%,122834801,164329660301,1650564.83,0
2029-03-15,41.1202,41.1202,41.1202,41.1202,28460000,0.00%,94374801,164329660301,1170280.89,0
2029-03-16,41.1202,41.1202,41.1202,41.1202,58360000,0.00%,36014801,164329660301,2399774.87,0
2029-03-19,41.1202,41.1613,41.1613,41.1202,39260000,0.10%,209338975,164542244475,1615992.64,212584174
2029-03-20,41.1613,41.1613,41.1613,41.1613,31280000,0.00%,178058975,164542244475,1287525.46,0
2029-03-21,41.1613,41.1613,41.1613,41.1613,31240000,0.00%,146818975,164542244475,1285879.01,0
2029-03-22,41.1613,41.1613,41.1613,41.1613,73740000,0.00%,73078975,164542244475,3035234.26,0
2029-03-23,41.1613,41.1613,41.1613,41.1613,52860000,0.00%,20218975,164542244475,2175786.32,0
2029-03-26,41.1613,41.2025,41.2025,41.1613,42260000,0.10%,191057000,164755342500,1741217.65,213098024
2029-03-27,41.2025,41.2025,41.2025,41.2025,68000000,0.00%,123057000,164755342500,2801770.0,0
2029-03-28,41.2025,41.2025,41.2025,41.2025,77500000,0.00%,45557000,164755342500,3193193.75,0
2029-03-29,41.2025,41.2437,41.2437,41.2025,60000000,0.10%,198774859,164968560359,2474622.0,213217859
2029-04-03,41.2437,41.2437,41.2437,41.2437,53120000,0.00%,145654859,164968560359,2190865.34,0
2029-04-04,41.2437,41.2437,41.2437,41.2437,39400000,0.00%,106254859,164968560359,1625001.78,0
2029-04-06,41.2437,41.2437,41.2437,41.2437,27160000,0.00%,79094859,164968560359,1120178.89,0
2029-04-09,41.2437,41.2437,41.2437,41.2437,43320000,0.00%,35774859,164968560359,1786677.08,0
2029-04-10,41.2437,41.2437,41.2437,41.2437,35760000,0.00%,14859,164968560359,1474874.71,0
2029-04-11,41.2437,41.2849,41.2849,41.2437,49460000,0.10%,163045162,165181050662,2041951.15,212490302
2029-04-12,41.2849,41.2849,41.2849,41.2849,37660000,0.00%,125385162,165181050662,1554789.33,0
2029-04-13,41.2849,41.2849,41.2849,41.2849,46060000,0.00%,79325162,165181050662,1901582.49,0
2029-04-16,41.2849,41.2849,41.2849,41.2849,36600000,0.00%,42725162,165181050662,1511027.34,0
2029-04-17,41.2849,41.2849,41.2849,41.2849,39380000,0.00%,3345162,165181050662,1625799.36,0
2029-04-18,41.2849,41.3262,41.3262,41.2849,28820000,0.10%,187873529,165394399029,1191021.08,213348367
2029-04-19,41.3262,41.3262,41.3262,41.3262,38120000,0.00%,149753529,165394399029,1575354.74,0
2029-04-20,41.3262,41.3262,41.3262,41.3262,38940000,0.00%,110813529,165394399029,1609242.23,0
2029-04-23,41.3262,41.3262,41.3262,41.3262,82260000,0.00%,28553529,165394399029,3399493.21,0
2029-04-24,41.3262,41.3676,41.3676,41.3262,87640000,0.10%,152956814,165606442314,3625456.46,212043285
2029-04-25,41.3676,41.3676,41.3676,41.3676,82940000,0.00%,70016814,165606442314,3431028.74,0
2029-04-26,41.3676,41.3676,41.3676,41.3676,55460000,0.00%,14556814,165606442314,2294247.1,0
2029-04-27,41.3676,41.4089,41.4089,41.3676,59200000,0.10%,169106354,165820191854,2451406.88,213749539
2029-04-30,41.4089,41.4089,41.4089,41.4089,50840000,0.00%,118266354,165820191854,2105228.48,0
2029-05-01,41.4089,41.4089,41.4089,41.4089,31920000,0.00%,86346354,165820191854,1321772.09,0
2029-05-03,41.4089,41.4089,41.4089,41.4089,44960000,0.00%,41386354,165820191854,1861744.14,0
2029-05-04,41.4089,41.4503,41.4503,41.4089,47180000,0.10%,208686071,166034671571,1955625.15,214479717
2029-05-07,41.4503,41.4503,41.4503,41.4503,52420000,0.00%,156266071,166034671571,2172824.73,0
2029-05-08,41.4503,41.4503,41.4503,41.4503,38820000,0.00%,117446071,166034671571,1609100.65,0
2029-05-09,41.4503,41.4503,41.4503,41.4503,40120000,0.00%,77326071,166034671571,1662986.04,0
2029-05-10,41.4503,41.4503,41.4503,41.4503,32060000,0.00%,45266071,166034671571,1328896.62,0
2029-05-11,41.4503,41.4503,41.4503,41.4503,31380000,0.00%,13886071,166034671571,1300710.41,0
2029-05-14,41.4503,41.4918,41.4918,41.4503,41120000,0.10%,187975244,166249880744,1706142.82,215209173
2029-05-15,41.4918,41.4918,41.4918,41.4918,43200000,0.00%,144775244,166249880744,1792445.76,0
2029-05-17,41.4918,41.4918,41.4918,41.4918,116860000,0.00%,27915244,166249880744,4848731.75,0
2029-05-18,41.4918,41.5333,41.5333,41.4918,55840000,0.10%,188748449,166466553949,2319219.47,216673204
2029-05-21,41.5333,41.5333,41.5333,41.5333,44660000,0.00%,144088449,166466553949,1854877.18,0
2029-05-22,41.5333,41.5333,41.5333,41.5333,61360000,0.00%,82728449,166466553949,2548483.29,0
2029-05-23,41.5333,41.5333,41.5333,41.5333,44740000,0.00%,37988449,166466553949,1858199.84,0
2029-05-24,41.5333,41.5333,41.5333,41.5333,36640000,0.00%,1348449,166466553949,1521780.11,0
2029-05-25,41.5333,41.5748,41.5748,41.5333,38280000,0.10%,180254404,166683739904,1591483.34,217185954
2029-05-28,41.5748,41.5748,41.5748,41.5748,64260000,0.00%,115994404,166683739904,2671596.65,0
2029-05-29,41.5748,41.5748,41.5748,41.5748,33220000,0.00%,82774404,166683739904,1381114.86,0
2029-05-30,41.5748,41.5748,41.5748,41.5748,54760000,0.00%,28014404,166683739904,2276636.05,0
2029-05-31,41.5748,41.6164,41.6164,41.5748,44020000,0.10%,202865597,166902611097,1831953.93,218871193
2029-06-01,41.6164,41.6164,41.6164,41.6164,80080000,0.00%,122785597,166902611097,3332641.31,0
2029-06-04,41.6164,41.6164,41.6164,41.6164,56260000,0.00%,66525597,166902611097,2341338.66,0
2029-06-05,41.6164,41.6164,41.6164,41.6164,36080000,0.00%,30445597,166902611097,1501519.71,0
2029-06-06,41.6164,41.658,41.658,41.6164,40420000,0.10%,209674250,167122259750,1683816.36,219648652
2029-06-07,41.658,41.658,41.658,41.658,37780000,0.00%,171894250,167122259750,1573839.24,0
2029-06-08,41.658,41.658,41.658,41.658,50500000,0.00%,121394250,167122259750,2103729.0,0
2029-06-12,41.658,41.658,41.658,41.658,53000000,0.00%,68394250,167122259750,2207874.0,0
2029-06-13,41.658,41.658,41.658,41.658,29920000,0.00%,38474250,167122259750,1246407.36,0
2029-06-14,41.658,41.658,41.658,41.658,30680000,0.00%,7794250,167122259750,1278067.44,0
2029-06-15,41.658,41.6997,41.6997,41.658,41720000,0.10%,185990152,167342175652,1739711.48,219915902
2029-06-18,41.6997,41.6997,41.6997,41.6997,30560000,0.00%,155430152,167342175652,1274342.83,0
2029-06-19,41.6997,41.6997,41.6997,41.6997,28560000,0.00%,126870152,167342175652,1190943.43,0
2029-06-20,41.6997,41.6997,41.6997,41.6997,44620000,0.00%,82250152,167342175652,1860640.61,0
2029-06-21,41.6997,41.6997,41.6997,41.6997,28100000,0.00%,54150152,167342175652,1171761.57,0
2029-06-22,41.6997,41.6997,41.6997,41.6997,51720000,0.00%,2430152,167342175652,2156708.48,0
2029-06-25,41.6997,41.7414,41.7414,41.6997,25840000,0.10%,194426517,167560012017,1078597.78,217836365
2029-06-26,41.7414,41.7414,41.7414,41.7414,25580000,0.00%,168846517,167560012017,1067745.01,0
2029-06-27,41.7414,41.7414,41.7414,41.7414,23780000,0.00%,145066517,167560012017,992610.49,0
2029-06-28,41.7414,41.7414,41.7414,41.7414,35020000,0.00%,110046517,167560012017,1461783.83,0
2029-06-29,41.7414,41.7414,41.7414,41.7414,31120000,0.00%,78926517,167560012017,1298992.37,0
2029-07-03,41.7414,41.7414,41.7414,41.7414,54540000,0.00%,24386517,167560012017,2276575.96,0
2029-07-04,41.7414,41.7831,41.7831,41.7414,44520000,0.10%,197519263,167777664763,1860183.61,217652746
2029-07-05,41.7831,41.7831,41.7831,41.7831,30880000,0.00%,166639263,167777664763,1290262.13,0
2029-07-06,41.7831,41.7831,41.7831,41.7831,21040000,0.00%,145599263,167777664763,879116.42,0
2029-07-09,41.7831,41.7831,41.7831,41.7831,23240000,0.00%,122359263,167777664763,971039.24,0
2029-07-10,41.7831,41.7831,41.7831,41.7831,26040000,0.00%,96319263,167777664763,1088031.92,0
2029-07-11,41.7831,41.7831,41.7831,41.7831,31180000,0.00%,65139263,167777664763,1302797.06,0
2029-07-12,41.7831,41.7831,41.7831,41.7831,33180000,0.00%,31959263,167777664763,1386363.26,0
2029-07-13,41.7831,41.8249,41.8249,41.7831,55040000,0.10%,194201437,167994946937,2302042.5,217282173
2029-07-16,41.8249,41.8249,41.8249,41.8249,27360000,0.00%,166841437,167994946937,1144329.26,0
2029-07-17,41.8249,41.8249,41.8249,41.8249,38120000,0.00%,128721437,167994946937,1594365.19,0
2029-07-18,41.8249,41.8249,41.8249,41.8249,51720000,0.00%,77001437,167994946937,2163183.83,0
2029-07-19,41.8249,41.8249,41.8249,41.8249,37880000,0.00%,39121437,167994946937,1584327.21,0
2029-07-20,41.8249,41.8667,41.8667,41.8249,46180000,0.10%,211097453,168213102953,1933404.21,218156015
2029-07-23,41.8667,41.8667,41.8667,41.8667,33920000,0.00%,177177453,168213102953,1420118.46,0
2029-07-24,41.8667,41.8667,41.8667,41.8667,24200000,0.00%,152977453,168213102953,1013174.14,0
2029-07-25,41.8667,41.8667,41.8667,41.8667,23600000,0.00%,129377453,168213102953,988054.12,0
2029-07-26,41.8667,41.8667,41.8667,41.8667,51580000,0.00%,77797453,168213102953,2159484.39,0
2029-07-27,41.8667,41.8667,41.8667,41.8667,26540000,0.00%,51257453,168213102953,1111142.22,0
2029-07-30,41.8667,41.8667,41.8667,41.8667,25740000,0.00%,25517453,168213102953,1077648.86,0
2029-07-31,41.8667,41.8667,41.8667,41.8667,19500000,0.00%,6017453,168213102953,816400.65,0
2029-08-01,41.8667,41.9086,41.9086,41.8667,40600000,0.10%,184552376,168432237876,1701489.16,219134923
2029-08-02,41.9086,41.9086,41.9086,41.9086,24820000,0.00%,159732376,168432237876,1040171.45,0
2029-08-03,41.9086,41.9086,41.9086,41.9086,35420000,0.00%,124312376,168432237876,1484402.61,0
2029-08-06,41.9086,41.9086,41.9086,41.9086,45920000,0.00%,78392376,168432237876,1924442.91,0
2029-08-07,41.9086,41.9086,41.9086,41.9086,35340000,0.00%,43052376,168432237876,1481049.92,0
2029-08-08,41.9086,41.9086,41.9086,41.9086,31680000,0.00%,11372376,168432237876,1327664.45,0
2029-08-09,41.9086,41.9505,41.9505,41.9086,37620000,0.10%,192811991,168651297491,1578177.81,219059614
2029-08-10,41.9505,41.9505,41.9505,41.9505,32700000,0.00%,160111991,168651297491,1371781.35,0
2029-08-13,41.9505,41.9505,41.9505,41.9505,20440000,0.00%,139671991,168651297491,857468.22,0
2029-08-14,41.9505,41.9505,41.9505,41.9505,27180000,0.00%,112491991,168651297491,1140214.59,0
2029-08-15,41.9505,41.9505,41.9505,41.9505,37380000,0.00%,75111991,168651297491,1568109.69,0
2029-08-16,41.9505,41.9505,41.9505,41.9505,42880000,0.00%,32231991,168651297491,1798837.44,0
2029-08-17,41.9505,41.9924,41.9924,41.9505,32820000,0.10%,218152105,168870037605,1378190.57,218740113
2029-08-20,41.9924,41.9924,41.9924,41.9924,30420000,0.00%,187732105,168870037605,1277408.81,0
2029-08-21,41.9924,41.9924,41.9924,41.9924,23700000,0.00%,164032105,168870037605,995219.88,0
2029-08-22,41.9924,41.9924,41.9924,41.9924,23300000,0.00%,140732105,168870037605,978422.92,0
2029-08-23,41.9924,41.9924,41.9924,41.9924,33580000,0.00%,107152105,168870037605,1410104.79,0
2029-08-24,41.9924,41.9924,41.9924,41.9924,26120000,0.00%,81032105,168870037605,1096841.49,0
2029-08-27,41.9924,41.9924,41.9924,41.9924,32500000,0.00%,48532105,168870037605,1364753.0,0
2029-08-28,41.9924,41.9924,41.9924,41.9924,27360000,0.00%,21172105,168870037605,1148912.06,0
2029-08-29,41.9924,42.0344,42.0344,41.9924,29200000,0.10%,209246707,169087312207,1227404.48,217274602
2029-08-30,42.0344,42.0344,42.0344,42.0344,25780000,0.00%,183466707,169087312207,1083646.83,0
2029-08-31,42.0344,42.0344,42.0344,42.0344,61740000,0.00%,121726707,169087312207,2595203.86,0
2029-09-03,42.0344,42.0344,42.0344,42.0344,27760000,0.00%,93966707,169087312207,1166874.94,0
2029-09-04,42.0344,42.0344,42.0344,42.0344,19620000,0.00%,74346707,169087312207,824714.93,0
2029-09-05,42.0344,42.0344,42.0344,42.0344,26560000,0.00%,47786707,169087312207,1116433.66,0
2029-09-06,42.0344,42.0344,42.0344,42.0344,19160000,0.00%,28626707,169087312207,805379.1,0
2029-09-10,42.0344,42.0765,42.0765,42.0344,40160000,0.10%,204626770,169303472270,1689792.24,216160062
2029-09-11,42.0765,42.0765,42.0765,42.0765,24600000,0.00%,180026770,169303472270,1035081.9,0
2029-09-12,42.0765,42.0765,42.0765,42.0765,24080000,0.00%,155946770,169303472270,1013202.12,0
2029-09-13,42.0765,42.0765,42.0765,42.0765,27600000,0.00%,128346770,169303472270,1161311.4,0
2029-09-14,42.0765,42.0765,42.0765,42.0765,22020000,0.00%,106326770,169303472270,926524.53,0
2029-09-17,42.0765,42.0765,42.0765,42.0765,15380000,0.00%,90946770,169303472270,647136.57,0
2029-09-18,42.0765,42.0765,42.0765,42.0765,20300000,0.00%,70646770,169303472270,854152.95,0
2029-09-20,42.0765,42.0765,42.0765,42.0765,51600000,0.00%,19046770,169303472270,2171147.4,0
2029-09-21,42.0765,42.1185,42.1185,42.0765,56820000,0.10%,178441903,169519687403,2393173.17,216215133
2029-09-24,42.1185,42.1185,42.1185,42.1185,30440000,0.00%,148001903,169519687403,1282087.14,0
2029-09-25,42.1185,42.1185,42.1185,42.1185,85840000,0.00%,62161903,169519687403,3615452.04,0
2029-09-26,42.1185,42.1607,42.1607,42.1185,80220000,0.10%,200583815,169738329315,3382131.35,218641911
2029-09-27,42.1607,42.1607,42.1607,42.1607,100500000,0.00%,100083815,169738329315,4237150.35,0
2029-09-28,42.1607,42.2028,42.2028,42.1607,114300000,0.10%,206712263,169959257763,4823780.04,220928448
2029-10-01,42.2028,42.2028,42.2028,42.2028,150920000,0.00%,55792263,169959257763,6369246.58,0
2029-10-03,42.2028,42.245,42.245,42.2028,97540000,0.10%,183446663,170184452163,4120577.3,225194399
2029-10-04,42.245,42.245,42.245,42.245,63200000,0.00%,120246663,170184452163,2669884.0,0
2029-10-05,42.245,42.245,42.245,42.245,49320000,0.00%,70926663,170184452163,2083523.4,0
2029-10-08,42.245,42.245,42.245,42.245,50660000,0.00%,20266663,170184452163,2140131.7,0
2029-10-09,42.245,42.2873,42.2873,42.245,140940000,0.10%,106431230,170411556730,5959972.06,227104567
2029-10-10,42.2873,42.2873,42.2873,42.2873,92740000,0.00%,13691230,170411556730,3921724.2,0
2029-10-11,42.2873,42.3295,42.3295,42.2873,66220000,0.10%,177915410,170642000910,2803059.49,230444179
2029-10-15,42.3295,42.3295,42.3295,42.3295,60640000,0.00%,117275410,170642000910,2566860.88,0
2029-10-16,42.3295,42.3295,42.3295,42.3295,66959999,0.00%,50315410,170642000910,2834383.32,0
2029-10-17,42.3295,42.3295,42.3295,42.3295,44980000,0.00%,5335410,170642000910,1903980.91,0
2029-10-18,42.3295,42.3719,42.3719,42.3295,32960000,0.10%,205020948,170874646448,1396577.82,232645538
2029-10-19,42.3719,42.3719,42.3719,42.3719,51920000,0.00%,153100948,170874646448,2199949.05,0
2029-10-22,42.3719,42.3719,42.3719,42.3719,32659999,0.00%,120440948,170874646448,1383866.25,0
2029-10-23,42.3719,42.3719,42.3719,42.3719,22060000,0.00%,98380948,170874646448,934724.11,0
2029-10-24,42.3719,42.3719,42.3719,42.3719,29320000,0.00%,69060948,170874646448,1242344.11,0
2029-10-25,42.3719,42.3719,42.3719,42.3719,22400000,0.00%,46660948,170874646448,949130.56,0
2029-10-26,42.3719,42.3719,42.3719,42.3719,23900000,0.00%,22760948,170874646448,1012688.41,0
2029-10-29,42.3719,42.4143,42.4143,42.3719,31100000,0.10%,223279945,171106265445,1319084.73,231618996
2029-10-30,42.4143,42.4143,42.4143,42.4143,27600000,0.00%,195679945,171106265445,1170634.68,0
2029-10-31,42.4143,42.4143,42.4143,42.4143,35800000,0.00%,159879945,171106265445,1518431.94,0
2029-11-01,42.4143,42.4143,42.4143,42.4143,45500000,0.00%,114379945,171106265445,1929850.65,0
2029-11-02,42.4143,42.4143,42.4143,42.4143,42180000,0.00%,72199945,171106265445,1789035.17,0
2029-11-05,42.4143,42.4143,42.4143,42.4143,23420000,0.00%,48779945,171106265445,993342.91,0
2029-11-06,42.4143,42.4143,42.4143,42.4143,30540000,0.00%,18239945,171106265445,1295332.72,0
2029-11-07,42.4143,42.4567,42.4567,42.4143,41520000,0.10%,210026398,171339571898,1762802.18,233306453
2029-11-08,42.4567,42.4567,42.4567,42.4567,39840000,0.00%,170186398,171339571898,1691474.93,0
2029-11-09,42.4567,42.4567,42.4567,42.4567,38780000,0.00%,131406398,171339571898,1646470.83,0
2029-11-12,42.4567,42.4567,42.4567,42.4567,45720000,0.00%,85686398,171339571898,1941120.32,0
2029-11-13,42.4567,42.4567,42.4567,42.4567,54600000,0.00%,31086398,171339571898,2318135.82,0
2029-11-14,42.4567,42.4991,42.4991,42.4567,56620000,0.10%,208210377,171573315877,2406299.04,233743978
2029-11-15,42.4991,42.4991,42.4991,42.4991,69800000,0.00%,138410377,171573315877,2966437.18,0
2029-11-16,42.4991,42.4991,42.4991,42.4991,58120000,0.00%,80290377,171573315877,2470047.69,0
2029-11-19,42.4991,42.4991,42.4991,42.4991,40980000,0.00%,39310377,171573315877,1741613.12,0
2029-11-20,42.4991,42.4991,42.4991,42.4991,27760000,0.00%,11550377,171573315877,1179775.02,0
2029-11-21,42.4991,42.5416,42.5416,42.4991,30020000,0.10%,217278192,171809063692,1277098.83,235747815
2029-11-22,42.5416,42.5416,42.5416,42.5416,25000000,0.00%,192278192,171809063692,1063540.0,0
2029-11-23,42.5416,42.5416,42.5416,42.5416,33900000,0.00%,158378192,171809063692,1442160.24,0
2029-11-26,42.5416,42.5416,42.5416,42.5416,55780000,0.00%,102598192,171809063692,2372970.45,0
2029-11-27,42.5416,42.5416,42.5416,42.5416,33880000,0.00%,68718192,171809063692,1441309.41,0
2029-11-28,42.5416,42.5416,42.5416,42.5416,33380000,0.00%,35338192,171809063692,1420038.61,0
2029-11-29,42.5416,42.5416,42.5416,42.5416,26140000,0.00%,9198192,171809063692,1112037.42,0
2029-11-30,42.5416,42.5842,42.5842,42.5416,31260000,0.10%,212788517,172043914017,1331182.09,234850325
2029-12-03,42.5842,42.5842,42.5842,42.5842,26660000,0.00%,186128517,172043914017,1135294.77,0
2029-12-04,42.5842,42.5842,42.5842,42.5842,36720000,0.00%,149408517,172043914017,1563691.82,0
2029-12-05,42.5842,42.5842,42.5842,42.5842,28100000,0.00%,121308517,172043914017,1196616.02,0
2029-12-06,42.5842,42.5842,42.5842,42.5842,26620000,0.00%,94688517,172043914017,1133591.4,0
2029-12-07,42.5842,42.5842,42.5842,42.5842,55420000,0.00%,39268517,172043914017,2360016.36,0
2029-12-10,42.5842,42.6267,42.6267,42.5842,44920000,0.10%,230495003,172280060503,1914791.36,236146485
2029-12-11,42.6267,42.6267,42.6267,42.6267,60560000,0.00%,169935003,172280060503,2581472.95,0
2029-12-12,42.6267,42.6267,42.6267,42.6267,26200000,0.00%,143735003,172280060503,1116819.54,0
2029-12-13,42.6267,42.6267,42.6267,42.6267,46820000,0.00%,96915003,172280060503,1995782.09,0
2029-12-14,42.6267,42.6267,42.6267,42.6267,32600000,0.00%,64315003,172280060503,1389630.42,0
2029-12-17,42.6267,42.6267,42.6267,42.6267,28120000,0.00%,36195003,172280060503,1198662.8,0
2029-12-18,42.6267,42.6267,42.6267,42.6267,33560000,0.00%,2635003,172280060503,1430552.05,0
2029-12-19,42.6267,42.6694,42.6694,42.6267,29820000,0.10%,210237388,172517482888,1272401.51,237422384
2029-12-20,42.6694,42.6694,42.6694,42.6694,69340000,0.00%,140897388,172517482888,2958696.2,0
2029-12-21,42.6694,42.6694,42.6694,42.6694,89660000,0.00%,51237388,172517482888,3825738.4,0
2029-12-24,42.6694,42.6694,42.6694,42.6694,41720000,0.00%,9517388,172517482888,1780167.37,0
2029-12-25,42.6694,42.712,42.712,42.6694,15740000,0.10%,234129398,172757834898,672286.88,240352010
2029-12-28,42.712,42.712,42.712,42.712,27100000,0.00%,207029398,172757834898,1157495.2,0
2029-12-31,42.712,42.712,42.712,42.712,27040000,0.00%,179989398,172757834898,1154932.48,0
2030-01-01,42.712,42.712,42.712,42.712,22283499,0.00%,157705898,172757834898,951772.85,0
2030-01-03,42.712,42.712,42.712,42.712,42496500,0.00%,115209398,172757834898,1815110.51,0
2030-01-04,42.712,42.712,42.712,42.712,34522000,0.00%,80687398,172757834898,1474503.66,0
2030-01-07,42.712,42.712,42.712,42.712,34583500,0.00%,46103898,172757834898,1477130.45,0
2030-01-08,42.712,42.7975,42.7975,42.712,292986000,0.20%,235510913,173240227913,12539068.34,482393014
2030-01-09,42.7975,42.7975,42.7975,42.7975,195692999,0.00%,39817913,173240227913,8375171.17,0
2030-01-10,42.7975,42.8403,42.8403,42.7975,124188999,0.10%,165763695,173490362695,5320294.02,250134782
2030-01-11,42.8403,42.8403,42.8403,42.8403,75952500,0.00%,89811195,173490362695,3253827.89,0
2030-01-14,42.8403,42.8403,42.8403,42.8403,71319500,0.00%,18491695,173490362695,3055348.78,0
2030-01-15,42.8403,42.8831,42.8831,42.8403,83271000,0.10%,188637185,173743779185,3570918.62,253416490
2030-01-16,42.8831,42.8831,42.8831,42.8831,59777999,0.00%,128859185,173743779185,2563465.95,0
2030-01-17,42.8831,42.8831,42.8831,42.8831,53586999,0.00%,75272185,173743779185,2297976.68,0
2030-01-18,42.8831,42.8831,42.8831,42.8831,35137000,0.00%,40135185,173743779185,1506783.48,0
2030-01-21,42.8831,42.926,42.926,42.8831,63836999,0.10%,232143852,173999624852,2740267.06,255845666
2030-01-22,42.926,42.926,42.926,42.926,51762499,0.00%,180381352,173999624852,2221957.08,0
2030-01-23,42.926,42.926,42.926,42.926,36613000,0.00%,143768352,173999624852,1571649.64,0
2030-01-24,42.926,42.926,42.926,42.926,43582999,0.00%,100185352,173999624852,1870843.86,0
2030-01-25,42.926,42.926,42.926,42.926,49363999,0.00%,50821352,173999624852,2118999.06,0
2030-01-28,42.926,42.926,42.926,42.926,48400499,0.00%,2420852,173999624852,2077639.86,0
2030-01-29,42.926,42.969,42.969,42.926,29109999,0.10%,231439514,174257753514,1250827.59,258128662
2030-02-04,42.969,42.969,42.969,42.969,57235999,0.00%,174203514,174257753514,2459373.68,0
2030-02-05,42.969,42.969,42.969,42.969,64123999,0.00%,110079514,174257753514,2755344.16,0
2030-02-06,42.969,42.969,42.969,42.969,65866500,0.00%,44213014,174257753514,2830217.64,0
2030-02-07,42.969,42.969,42.969,42.969,40159500,0.00%,4053514,174257753514,1725613.56,0
2030-02-08,42.969,43.0119,43.0119,42.969,70868500,0.10%,194212715,174518781215,3048188.84,261027701
2030-02-11,43.0119,43.0119,43.0119,43.0119,64390499,0.00%,129822215,174518781215,2769557.75,0
2030-02-12,43.0119,43.0119,43.0119,43.0119,63324499,0.00%,66497715,174518781215,2723707.06,0
2030-02-13,43.0119,43.0549,43.0549,43.0119,78433000,0.10%,249756065,174780472565,3376924.97,261691349
2030-02-14,43.0549,43.0549,43.0549,43.0549,125029499,0.00%,124726565,174780472565,5383132.62,0
2030-02-15,43.0549,43.098,43.098,43.0549,152766000,0.10%,235752699,175044264699,6583909.07,263792134
2030-02-18,43.098,43.1411,43.1411,43.098,258750999,0.10%,243239968,175310502968,11162802.77,266238268
2030-02-19,43.1411,43.1411,43.1411,43.1411,128186499,0.00%,115053468,175310502968,5530106.62,0
2030-02-20,43.1411,43.1411,43.1411,43.1411,69966500,0.00%,45086968,175310502968,3018431.77,0
2030-02-21,43.1411,43.1842,43.1842,43.1411,70827500,0.10%,247845111,175584088611,3058628.93,273585642
2030-02-22,43.1842,43.1842,43.1842,43.1842,150777500,0.00%,97067611,175584088611,6511205.72,0
2030-02-25,43.1842,43.2274,43.2274,43.1842,138457000,0.10%,235250348,175860728348,5985136.12,276639737
2030-02-26,43.2274,43.2274,43.2274,43.2274,115845499,0.00%,119404848,175860728348,5007699.77,0
2030-02-27,43.2274,43.2274,43.2274,43.2274,83004500,0.00%,36400348,175860728348,3588068.72,0
2030-02-28,43.2274,43.2706,43.2706,43.2274,79745000,0.10%,237561928,176141634928,3450614.0,280906579
2030-03-01,43.2706,43.2706,43.2706,43.2706,106927999,0.00%,130633928,176141634928,4626838.72,0
2030-03-04,43.2706,43.2706,43.2706,43.2706,67137500,0.00%,63496428,176141634928,2905079.91,0
2030-03-05,43.2706,43.3139,43.3139,43.2706,63795999,0.10%,283457069,176425391569,2763253.56,283756640
2030-03-06,43.3139,43.3139,43.3139,43.3139,72098500,0.00%,211358569,176425391569,3122867.22,0
2030-03-07,43.3139,43.3139,43.3139,43.3139,163344000,0.00%,48014569,176425391569,7075065.68,0
2030-03-08,43.3139,43.3572,43.3572,43.3139,95304499,0.10%,240362245,176713043745,4132136.27,287652175
2030-03-11,43.3572,43.3572,43.3572,43.3572,70561000,0.00%,169801245,176713043745,3059327.39,0
2030-03-12,43.3572,43.3572,43.3572,43.3572,69392500,0.00%,100408745,176713043745,3008664.5,0
2030-03-13,43.3572,43.3572,43.3572,43.3572,57461499,0.00%,42947245,176713043745,2491369.75,0
2030-03-14,43.3572,43.4006,43.4006,43.3572,56026499,0.10%,277363792,177003486792,2431583.72,290443046
2030-03-15,43.4006,43.4006,43.4006,43.4006,62955499,0.00%,214408292,177003486792,2732306.47,0
2030-03-18,43.4006,43.4006,43.4006,43.4006,45304999,0.00%,169103292,177003486792,1966264.18,0
2030-03-19,43.4006,43.4006,43.4006,43.4006,68962000,0.00%,100141292,177003486792,2992992.18,0
2030-03-20,43.4006,43.4006,43.4006,43.4006,64779999,0.00%,35361292,177003486792,2811490.87,0
2030-03-21,43.4006,43.444,43.444,43.4006,102192499,0.10%,220283509,177290601509,4439650.97,287114716
2030-03-22,43.444,43.444,43.444,43.444,86632999,0.00%,133650509,177290601509,3763684.05,0
2030-03-25,43.444,43.444,43.444,43.444,50429999,0.00%,83220509,177290601509,2190880.92,0
2030-03-26,43.444,43.444,43.444,43.444,56866999,0.00%,26353509,177290601509,2470529.95,0
2030-03-27,43.444,43.4874,43.4874,43.444,35485500,0.10%,279861486,177579594986,1543172.13,288993477
2030-03-28,43.4874,43.4874,43.4874,43.4874,36080000,0.00%,243781486,177579594986,1569025.39,0
2030-03-29,43.4874,43.4874,43.4874,43.4874,38109500,0.00%,205671986,177579594986,1657283.07,0
2030-04-01,43.4874,43.4874,43.4874,43.4874,57481999,0.00%,148189986,177579594986,2499742.73,0
2030-04-02,43.4874,43.4874,43.4874,43.4874,40016000,0.00%,108173986,177579594986,1740191.8,0
2030-04-03,43.4874,43.4874,43.4874,43.4874,29212499,0.00%,78961486,177579594986,1270375.67,0
2030-04-04,43.4874,43.4874,43.4874,43.4874,59900999,0.00%,19060486,177579594986,2604938.75,0
2030-04-08,43.4874,43.5309,43.5309,43.4874,252887999,0.10%,55812057,177869234557,11008442.24,289639571
2030-04-09,43.5309,43.5744,43.5744,43.5309,133496000,0.10%,216019216,178162937716,5817008.1,293703159
2030-04-10,43.5744,43.5744,43.5744,43.5744,136284000,0.00%,79735216,178162937716,5938493.53,0
2030-04-11,43.5744,43.618,43.618,43.5744,118489999,0.10%,257763888,178459456388,5168296.82,296518671
2030-04-12,43.618,43.618,43.618,43.618,95509499,0.00%,162254388,178459456388,4165933.37,0
2030-04-15,43.618,43.618,43.618,43.618,62217499,0.00%,100036888,178459456388,2713802.92,0
2030-04-16,43.618,43.618,43.618,43.618,41512500,0.00%,58524388,178459456388,1810692.23,0
2030-04-17,43.618,43.618,43.618,43.618,56005999,0.00%,2518388,178459456388,2442869.71,0
2030-04-18,43.618,43.6616,43.6616,43.618,50183999,0.10%,250151675,178757273675,2191113.73,297817287
2030-04-23,43.6616,43.6616,43.6616,43.6616,49281999,0.00%,200869675,178757273675,2151730.97,0
2030-04-24,43.6616,43.6616,43.6616,43.6616,55349999,0.00%,145519675,178757273675,2416669.56,0
2030-04-25,43.6616,43.6616,43.6616,43.6616,38765500,0.00%,106754175,178757273675,1692563.75,0
2030-04-26,43.6616,43.6616,43.6616,43.6616,58937499,0.00%,47816675,178757273675,2573305.55,0
2030-04-29,43.6616,43.6616,43.6616,43.6616,28310499,0.00%,19506175,178757273675,1236081.73,0
2030-04-30,43.6616,43.7053,43.7053,43.6616,33558500,0.10%,283848375,179055174375,1466684.31,297900700
2030-05-01,43.7053,43.7053,43.7053,43.7053,31385499,0.00%,252462875,179055174375,1371712.69,0
2030-05-03,43.7053,43.7053,43.7053,43.7053,27141999,0.00%,225320875,179055174375,1186249.25,0
2030-05-07,43.7053,43.7053,43.7053,43.7053,40610500,0.00%,184710375,179055174375,1774894.09,0
2030-05-08,43.7053,43.7053,43.7053,43.7053,52520999,0.00%,132189375,179055174375,2295446.06,0
2030-05-09,43.7053,43.7053,43.7053,43.7053,40631000,0.00%,91558375,179055174375,1775790.04,0
2030-05-10,43.7053,43.7053,43.7053,43.7053,28248999,0.00%,63309375,179055174375,1234631.02,0
2030-05-13,43.7053,43.749,43.749,43.7053,73492500,0.10%,287107049,179352464549,3215223.38,297290173
2030-05-14,43.749,43.749,43.749,43.749,47395999,0.00%,239711049,179352464549,2073527.6,0
2030-05-15,43.749,43.749,43.749,43.749,49794499,0.00%,189916549,179352464549,2178459.58,0
2030-05-16,43.749,43.749,43.749,43.749,67239999,0.00%,122676549,179352464549,2941682.76,0
2030-05-17,43.749,43.749,43.749,43.749,43726499,0.00%,78950049,179352464549,1912990.65,0
2030-05-20,43.749,43.749,43.749,43.749,46042999,0.00%,32907049,179352464549,2014335.21,0
2030-05-21,43.749,43.749,43.749,43.749,32369499,0.00%,537549,179352464549,1416133.26,0
2030-05-22,43.749,43.7928,43.7928,43.749,38786000,0.10%,261685873,179652398873,1698547.54,299934323
2030-05-23,43.7928,43.7928,43.7928,43.7928,29273999,0.00%,232411873,179652398873,1281990.43,0
2030-05-24,43.7928,43.7928,43.7928,43.7928,33333000,0.00%,199078873,179652398873,1459745.4,0
2030-05-27,43.7928,43.7928,43.7928,43.7928,35444500,0.00%,163634373,179652398873,1552213.9,0
2030-05-28,43.7928,43.7928,43.7928,43.7928,30729499,0.00%,132904873,179652398873,1345730.85,0
2030-05-29,43.7928,43.7928,43.7928,43.7928,34460500,0.00%,98444373,179652398873,1509121.78,0
2030-05-30,43.7928,43.7928,43.7928,43.7928,39708500,0.00%,58735873,179652398873,1738946.4,0
2030-05-31,43.7928,43.7928,43.7928,43.7928,57973999,0.00%,761873,179652398873,2538843.79,0
2030-06-03,43.7928,43.8365,43.8365,43.7928,26834499,0.10%,272669392,179951140892,1176330.56,298742018
2030-06-04,43.8365,43.8365,43.8365,43.8365,29950499,0.00%,242718892,179951140892,1312925.09,0
2030-06-05,43.8365,43.8365,43.8365,43.8365,37679000,0.00%,205039892,179951140892,1651715.48,0
2030-06-06,43.8365,43.8365,43.8365,43.8365,39626500,0.00%,165413392,179951140892,1737087.07,0
2030-06-07,43.8365,43.8365,43.8365,43.8365,26936999,0.00%,138476392,179951140892,1180823.8,0
2030-06-10,43.8365,43.8365,43.8365,43.8365,37884000,0.00%,100592392,179951140892,1660701.97,0
2030-06-11,43.8365,43.8365,43.8365,43.8365,34932000,0.00%,65660392,179951140892,1531296.62,0
2030-06-12,43.8365,43.8365,43.8365,43.8365,30298999,0.00%,35361392,179951140892,1328202.11,0
2030-06-13,43.8365,43.8365,43.8365,43.8365,27408499,0.00%,7952892,179951140892,1201492.71,0
2030-06-14,43.8365,43.8804,43.8804,43.8365,39134500,0.10%,266228530,180248551030,1717237.51,297410138
2030-06-17,43.8804,43.8804,43.8804,43.8804,28248999,0.00%,237979530,180248551030,1239577.42,0
2030-06-18,43.8804,43.8804,43.8804,43.8804,23615999,0.00%,214363530,180248551030,1036279.53,0
2030-06-19,43.8804,43.8804,43.8804,43.8804,31139499,0.00%,183224030,180248551030,1366413.72,0
2030-06-20,43.8804,43.8804,43.8804,43.8804,39749500,0.00%,143474530,180248551030,1744223.96,0
2030-06-21,43.8804,43.8804,43.8804,43.8804,42271000,0.00%,101203530,180248551030,1854868.39,0
2030-06-24,43.8804,43.8804,43.8804,43.8804,29212499,0.00%,71991030,180248551030,1281856.19,0
2030-06-25,43.8804,43.8804,43.8804,43.8804,36428500,0.00%,35562530,180248551030,1598497.15,0
2030-06-26,43.8804,43.9243,43.9243,43.8804,36059500,0.10%,293472554,180542520554,1583888.3,293969524
2030-06-27,43.9243,43.9243,43.9243,43.9243,30749999,0.00%,262722554,180542520554,1350672.23,0
2030-06-28,43.9243,43.9243,43.9243,43.9243,31118999,0.00%,231603554,180542520554,1366880.29,0
2030-07-01,43.9243,43.9243,43.9243,43.9243,37843000,0.00%,193760554,180542520554,1662227.28,0
2030-07-03,43.9243,43.9243,43.9243,43.9243,37310000,0.00%,156450554,180542520554,1638815.63,0
2030-07-04,43.9243,43.9243,43.9243,43.9243,38868000,0.00%,117582554,180542520554,1707249.69,0
2030-07-05,43.9243,43.9243,43.9243,43.9243,30052999,0.00%,87529554,180542520554,1320056.99,0
2030-07-08,43.9243,43.9243,43.9243,43.9243,23841499,0.00%,63688054,180542520554,1047221.2,0
2030-07-09,43.9243,43.9243,43.9243,43.9243,26998499,0.00%,36689554,180542520554,1185890.21,0
2030-07-10,43.9243,43.9243,43.9243,43.9243,36531000,0.00%,158554,180542520554,1604598.6,0
2030-07-11,43.9243,43.9682,43.9682,43.9243,28761499,0.10%,264500804,180835624304,1264591.38,293103749
2030-07-12,43.9682,43.9682,43.9682,43.9682,39421500,0.00%,225079304,180835624304,1733292.4,0
2030-07-15,43.9682,43.9682,43.9682,43.9682,23984999,0.00%,201094304,180835624304,1054577.28,0
2030-07-16,43.9682,43.9682,43.9682,43.9682,56272499,0.00%,144821804,180835624304,2474200.53,0
2030-07-17,43.9682,43.9682,43.9682,43.9682,47662499,0.00%,97159304,180835624304,2095634.33,0
2030-07-18,43.9682,43.9682,43.9682,43.9682,28166999,0.00%,68992304,180835624304,1238452.29,0
2030-07-19,43.9682,43.9682,43.9682,43.9682,28248999,0.00%,40743304,180835624304,1242057.68,0
2030-07-22,43.9682,43.9682,43.9682,43.9682,27203499,0.00%,13539804,180835624304,1196088.93,0
2030-07-23,43.9682,44.0122,44.0122,43.9682,36080000,0.10%,266694181,181124858681,1587960.18,289234377
2030-07-24,44.0122,44.0122,44.0122,44.0122,95816999,0.00%,170877181,181124858681,4217116.97,0
2030-07-25,44.0122,44.0122,44.0122,44.0122,49568999,0.00%,121308181,181124858681,2181640.74,0
2030-07-26,44.0122,44.0122,44.0122,44.0122,40774500,0.00%,80533681,181124858681,1794575.45,0
2030-07-29,44.0122,44.0122,44.0122,44.0122,30052999,0.00%,50480681,181124858681,1322698.65,0
2030-07-30,44.0122,44.0122,44.0122,44.0122,34542500,0.00%,15938181,181124858681,1520291.42,0
2030-07-31,44.0122,44.0562,44.0562,44.0122,39688000,0.10%,266196143,181414804643,1748502.47,289945962
2030-08-01,44.0562,44.0562,44.0562,44.0562,41922500,0.00%,224273643,181414804643,1846946.04,0
2030-08-02,44.0562,44.0562,44.0562,44.0562,43459999,0.00%,180813643,181414804643,1914682.45,0
2030-08-05,44.0562,44.0562,44.0562,44.0562,35547000,0.00%,145266643,181414804643,1566065.74,0
2030-08-06,44.0562,44.0562,44.0562,44.0562,35567500,0.00%,109699143,181414804643,1566968.89,0
2030-08-07,44.0562,44.0562,44.0562,44.0562,42517000,0.00%,67182143,181414804643,1873137.46,0
2030-08-08,44.0562,44.0562,44.0562,44.0562,34727000,0.00%,32455143,181414804643,1529939.66,0
2030-08-09,44.0562,44.0562,44.0562,44.0562,27285499,0.00%,5169643,181414804643,1202095.45,0
2030-08-12,44.0562,44.1002,44.1002,44.0562,24169499,0.10%,268785568,181702590068,1065879.78,287785425
2030-08-13,44.1002,44.1002,44.1002,44.1002,28351499,0.00%,240434068,181702590068,1250306.82,0
2030-08-14,44.1002,44.1002,44.1002,44.1002,77080000,0.00%,163354068,181702590068,3399243.42,0
2030-08-15,44.1002,44.1002,44.1002,44.1002,74497000,0.00%,88857068,181702590068,3285332.6,0
2030-08-16,44.1002,44.1002,44.1002,44.1002,45468999,0.00%,43388068,181702590068,2005191.99,0
2030-08-19,44.1002,44.1002,44.1002,44.1002,36059500,0.00%,7328568,181702590068,1590231.16,0
2030-08-20,44.1002,44.1443,44.1443,44.1002,33537999,0.10%,261986269,181990785769,1480511.53,288195701
2030-08-21,44.1443,44.1443,44.1443,44.1443,32697499,0.00%,229288769,181990785769,1443408.25,0
2030-08-22,44.1443,44.1443,44.1443,44.1443,29294499,0.00%,199994269,181990785769,1293185.2,0
2030-08-23,44.1443,44.1443,44.1443,44.1443,39729000,0.00%,160265269,181990785769,1753808.89,0
2030-08-26,44.1443,44.1443,44.1443,44.1443,52664499,0.00%,107600769,181990785769,2324837.49,0
2030-08-27,44.1443,44.1443,44.1443,44.1443,42353000,0.00%,65247769,181990785769,1869643.54,0
2030-08-28,44.1443,44.1443,44.1443,44.1443,43582999,0.00%,21664769,181990785769,1923941.03,0
2030-08-29,44.1443,44.1885,44.1885,44.1443,44505499,0.10%,264187602,182277814102,1966631.29,287028332
2030-08-30,44.1885,44.1885,44.1885,44.1885,37371500,0.00%,226816102,182277814102,1651390.53,0
2030-09-02,44.1885,44.1885,44.1885,44.1885,32717999,0.00%,194098102,182277814102,1445759.34,0
2030-09-03,44.1885,44.1885,44.1885,44.1885,30360499,0.00%,163737602,182277814102,1341584.95,0
2030-09-04,44.1885,44.1885,44.1885,44.1885,31815999,0.00%,131921602,182277814102,1405901.32,0
2030-09-05,44.1885,44.1885,44.1885,44.1885,36900000,0.00%,95021602,182277814102,1630555.65,0
2030-09-06,44.1885,44.1885,44.1885,44.1885,39052500,0.00%,55969102,182277814102,1725671.4,0
2030-09-09,44.1885,44.1885,44.1885,44.1885,44730999,0.00%,11238102,182277814102,1976595.79,0
2030-09-10,44.1885,44.2327,44.2327,44.1885,40733500,0.10%,257909230,182565218730,1801752.69,287404628
2030-09-11,44.2327,44.2327,44.2327,44.2327,39339500,0.00%,218569730,182565218730,1740092.3,0
2030-09-12,44.2327,44.2327,44.2327,44.2327,37289500,0.00%,181280230,182565218730,1649415.27,0
2030-09-13,44.2327,44.2327,44.2327,44.2327,42599000,0.00%,138681230,182565218730,1884268.79,0
2030-09-16,44.2327,44.2327,44.2327,44.2327,33558500,0.00%,105122730,182565218730,1484383.06,0
2030-09-17,44.2327,44.2327,44.2327,44.2327,27346999,0.00%,77775730,182565218730,1209631.65,0
2030-09-18,44.2327,44.2327,44.2327,44.2327,45817499,0.00%,31958230,182565218730,2026631.73,0
2030-09-19,44.2327,44.2769,44.2769,44.2327,61479499,0.10%,258387796,182853127796,2722121.67,287909066
2030-09-20,44.2769,44.2769,44.2769,44.2769,42660500,0.00%,215727296,182853127796,1888874.69,0
2030-09-23,44.2769,44.2769,44.2769,44.2769,26444999,0.00%,189282296,182853127796,1170902.62,0
2030-09-24,44.2769,44.2769,44.2769,44.2769,31344499,0.00%,157937796,182853127796,1387837.29,0
2030-09-25,44.2769,44.2769,44.2769,44.2769,37802000,0.00%,120135796,182853127796,1673755.37,0
2030-09-26,44.2769,44.2769,44.2769,44.2769,35629000,0.00%,84506796,182853127796,1577541.67,0
2030-09-27,44.2769,44.2769,44.2769,44.2769,39975000,0.00%,44531796,182853127796,1769969.08,0
2030-09-30,44.2769,44.2769,44.2769,44.2769,42004500,0.00%,2527296,182853127796,1859829.05,0
2030-10-01,44.2769,44.3212,44.3212,44.2769,42250500,0.10%,249354115,183142205115,1872592.86,289077319
2030-10-03,44.3212,44.3212,44.3212,44.3212,35137000,0.00%,214217115,183142205115,1557314.0,0
2030-10-04,44.3212,44.3212,44.3212,44.3212,14616499,0.00%,199600615,183142205115,647820.82,0
2030-10-07,44.3212,44.3212,44.3212,44.3212,16051499,0.00%,183549115,183142205115,711421.74,0
2030-10-09,44.3212,44.3212,44.3212,44.3212,21606999,0.00%,161942115,183142205115,957648.17,0
2030-10-10,44.3212,44.3212,44.3212,44.3212,29622499,0.00%,132319615,183142205115,1312904.75,0
2030-10-11,44.3212,44.3212,44.3212,44.3212,40795000,0.00%,91524615,183142205115,1808083.35,0
2030-10-14,44.3212,44.3212,44.3212,44.3212,77920500,0.00%,13604115,183142205115,3453530.06,0
2030-10-15,44.3212,44.3655,44.3655,44.3212,54939999,0.10%,247803536,183431344536,2437440.57,289139420
2030-10-16,44.3655,44.3655,44.3655,44.3655,37679000,0.00%,210124536,183431344536,1671647.67,0
2030-10-17,44.3655,44.3655,44.3655,44.3655,29294499,0.00%,180830036,183431344536,1299665.14,0
2030-10-18,44.3655,44.3655,44.3655,44.3655,38232500,0.00%,142597536,183431344536,1696203.98,0
2030-10-21,44.3655,44.3655,44.3655,44.3655,30667999,0.00%,111929536,183431344536,1360601.15,0
2030-10-22,44.3655,44.3655,44.3655,44.3655,29048499,0.00%,82881036,183431344536,1288751.23,0
2030-10-23,44.3655,44.3655,44.3655,44.3655,20459000,0.00%,62422036,183431344536,907673.76,0
2030-10-24,44.3655,44.3655,44.3655,44.3655,25460999,0.00%,36961036,183431344536,1129590.0,0
2030-10-25,44.3655,44.3655,44.3655,44.3655,24599999,0.00%,12361036,183431344536,1091391.3,0
2030-10-28,44.3655,44.4099,44.4099,44.3655,32881999,0.10%,268511924,183720377424,1460286.33,289032888
2030-10-29,44.4099,44.4099,44.4099,44.4099,33414999,0.00%,235096924,183720377424,1483956.81,0
2030-10-31,44.4099,44.4099,44.4099,44.4099,44628499,0.00%,190468424,183720377424,1981947.22,0
2030-11-01,44.4099,44.4099,44.4099,44.4099,42189000,0.00%,148279424,183720377424,1873609.27,0
2030-11-04,44.4099,44.4099,44.4099,44.4099,23759499,0.00%,124519924,183720377424,1055157.02,0
2030-11-05,44.4099,44.4099,44.4099,44.4099,30688499,0.00%,93831424,183720377424,1362873.22,0
2030-11-06,44.4099,44.4099,44.4099,44.4099,27285499,0.00%,66545924,183720377424,1211746.33,0
2030-11-07,44.4099,44.4099,44.4099,44.4099,26813999,0.00%,39731924,183720377424,1190807.06,0
2030-11-08,44.4099,44.4099,44.4099,44.4099,27285499,0.00%,12446424,183720377424,1211746.33,0
2030-11-11,44.4099,44.4543,44.4543,44.4099,29745499,0.10%,271830969,184009507469,1322315.38,289130044
2030-11-12,44.4543,44.4543,44.4543,44.4543,26834499,0.00%,244996469,184009507469,1192908.91,0
2030-11-13,44.4543,44.4543,44.4543,44.4543,28002999,0.00%,216993469,184009507469,1244853.76,0
2030-11-14,44.4543,44.4543,44.4543,44.4543,35465000,0.00%,181528469,184009507469,1576571.75,0
2030-11-15,44.4543,44.4543,44.4543,44.4543,40918000,0.00%,140610469,184009507469,1818981.05,0
2030-11-18,44.4543,44.4543,44.4543,44.4543,28269499,0.00%,112340969,184009507469,1256700.83,0
2030-11-19,44.4543,44.4543,44.4543,44.4543,38581000,0.00%,73759969,184009507469,1715091.35,0
2030-11-20,44.4543,44.4543,44.4543,44.4543,28617999,0.00%,45141969,184009507469,1272193.16,0
2030-11-21,44.4543,44.4543,44.4543,44.4543,28740999,0.00%,16400969,184009507469,1277661.04,0
2030-11-22,44.4543,44.4987,44.4987,44.4543,48646499,0.10%,257092552,184298845552,2164706.01,289338083
2030-11-25,44.4987,44.4987,44.4987,44.4987,45878999,0.00%,211213552,184298845552,2041555.86,0
2030-11-26,44.4987,44.4987,44.4987,44.4987,30503999,0.00%,180709552,184298845552,1357388.34,0
2030-11-27,44.4987,44.4987,44.4987,44.4987,29581499,0.00%,151128052,184298845552,1316338.29,0
2030-11-28,44.4987,44.4987,44.4987,44.4987,31754499,0.00%,119373552,184298845552,1413033.97,0
2030-11-29,44.4987,44.4987,44.4987,44.4987,27100999,0.00%,92272552,184298845552,1205959.27,0
2030-12-02,44.4987,44.4987,44.4987,44.4987,25911999,0.00%,66360552,184298845552,1153050.31,0
2030-12-03,44.4987,44.4987,44.4987,44.4987,23492999,0.00%,42867552,184298845552,1045407.96,0
2030-12-04,44.4987,44.4987,44.4987,44.4987,22549999,0.00%,20317552,184298845552,1003445.68,0
2030-12-05,44.4987,44.5432,44.5432,44.4987,31426499,0.10%,279400669,184589355169,1399836.87,290509617
2030-12-06,44.5432,44.5432,44.5432,44.5432,30011999,0.00%,249388669,184589355169,1336830.52,0
2030-12-09,44.5432,44.5432,44.5432,44.5432,27510999,0.00%,221877669,184589355169,1225427.98,0
2030-12-10,44.5432,44.5432,44.5432,44.5432,35731500,0.00%,186146169,184589355169,1591595.35,0
2030-12-11,44.5432,44.5432,44.5432,44.5432,30237499,0.00%,155908669,184589355169,1346875.01,0
2030-12-12,44.5432,44.5432,44.5432,44.5432,25583999,0.00%,130324669,184589355169,1139593.23,0
2030-12-13,44.5432,44.5432,44.5432,44.5432,36551500,0.00%,93773169,184589355169,1628120.77,0
2030-12-16,44.5432,44.5432,44.5432,44.5432,31098499,0.00%,62674669,184589355169,1385226.71,0
2030-12-17,44.5432,44.5432,44.5432,44.5432,32779499,0.00%,29895169,184589355169,1460103.82,0
2030-12-18,44.5432,44.5878,44.5878,44.5432,30380999,0.10%,285097820,184874938820,1354621.95,285583651
2030-12-19,44.5878,44.5878,44.5878,44.5878,20807500,0.00%,264290320,184874938820,927760.65,0
2030-12-20,44.5878,44.5878,44.5878,44.5878,36428500,0.00%,227861820,184874938820,1624266.67,0
2030-12-23,44.5878,44.5878,44.5878,44.5878,28433499,0.00%,199428320,184874938820,1267787.21,0
2030-12-24,44.5878,44.5878,44.5878,44.5878,32020999,0.00%,167407320,184874938820,1427745.94,0
2030-12-25,44.5878,44.5878,44.5878,44.5878,15005999,0.00%,152401320,184874938820,669084.53,0
2030-12-30,44.5878,44.5878,44.5878,44.5878,37925000,0.00%,114476320,184874938820,1690992.31,0
2030-12-31,44.5878,44.5878,44.5878,44.5878,27838999,0.00%,86637320,184874938820,1241279.76,0
2031-01-01,44.5878,44.5878,44.5878,44.5878,22764000,0.00%,63873320,184874938820,1014996.68,0
2031-01-03,44.5878,44.5878,44.5878,44.5878,34020000,0.00%,29853320,184874938820,1516876.96,0
2031-01-06,44.5878,44.6323,44.6323,44.5878,41895000,0.10%,263476727,185150457227,1869870.21,275518406
2031-01-07,44.6323,44.6323,44.6323,44.6323,50757000,0.00%,212719727,185150457227,2265401.65,0
2031-01-08,44.6323,44.6323,44.6323,44.6323,44898000,0.00%,167821727,185150457227,2003901.01,0
2031-01-09,44.6323,44.6323,44.6323,44.6323,39354000,0.00%,128467727,185150457227,1756459.53,0
2031-01-10,44.6323,44.6323,44.6323,44.6323,37401000,0.00%,91066727,185150457227,1669292.65,0
2031-01-13,44.6323,44.6323,44.6323,44.6323,57813000,0.00%,33253727,185150457227,2580327.16,0
2031-01-14,44.6323,44.677,44.677,44.6323,50841000,0.10%,259323791,185427368291,2271423.36,276911064
2031-01-15,44.677,44.677,44.677,44.677,60228000,0.00%,199095791,185427368291,2690806.36,0
2031-01-16,44.677,44.677,44.677,44.677,54999000,0.00%,144096791,185427368291,2457190.32,0
2031-01-17,44.677,44.677,44.677,44.677,43302000,0.00%,100794791,185427368291,1934603.45,0
2031-01-20,44.677,44.677,44.677,44.677,27783000,0.00%,73011791,185427368291,1241261.09,0
2031-01-21,44.677,44.677,44.677,44.677,51093000,0.00%,21918791,185427368291,2282681.96,0
2031-01-22,44.677,44.7217,44.7217,44.677,33600000,0.10%,267444780,185706494280,1502649.12,279125988
2031-01-23,44.7217,44.7217,44.7217,44.7217,57057000,0.00%,210387780,185706494280,2551686.04,0
2031-01-24,44.7217,44.7217,44.7217,44.7217,40278000,0.00%,170109780,185706494280,1801300.63,0
2031-01-27,44.7217,44.7217,44.7217,44.7217,36624000,0.00%,133485780,185706494280,1637887.54,0
2031-01-28,44.7217,44.7217,44.7217,44.7217,50169000,0.00%,83316780,185706494280,2243642.97,0
2031-01-29,44.7217,44.7217,44.7217,44.7217,53718000,0.00%,29598780,185706494280,2402360.28,0
2031-01-30,44.7217,44.7664,44.7664,44.7217,48195000,0.10%,261839141,185986929641,2157516.65,280435360
2031-01-31,44.7664,44.7664,44.7664,44.7664,45108000,0.00%,216731141,185986929641,2019322.77,0
2031-02-03,44.7664,44.7664,44.7664,44.7664,58653000,0.00%,158078141,185986929641,2625683.66,0
2031-02-04,44.7664,44.7664,44.7664,44.7664,136773000,0.00%,21305141,185986929641,6122834.83,0
2031-02-05,44.7664,44.8111,44.8111,44.7664,126777000,0.10%,176409357,186268810857,5681016.82,281881216
2031-02-06,44.8111,44.8111,44.8111,44.8111,166551000,0.00%,9858357,186268810857,7463333.52,0
2031-02-07,44.8111,44.856,44.856,44.8111,74340000,0.10%,221312554,186554605054,3334595.04,285794196
2031-02-10,44.856,44.856,44.856,44.856,55398000,0.00%,165914554,186554605054,2484932.69,0
2031-02-11,44.856,44.856,44.856,44.856,61341000,0.00%,104573554,186554605054,2751511.9,0
2031-02-12,44.856,44.856,44.856,44.856,49896000,0.00%,54677554,186554605054,2238134.98,0
2031-02-13,44.856,44.9008,44.9008,44.856,83559000,0.10%,259430834,186842917334,3751865.95,288312279
2031-02-14,44.9008,44.9008,44.9008,44.9008,56490000,0.00%,202940834,186842917334,2536446.19,0
2031-02-17,44.9008,44.9008,44.9008,44.9008,15162000,0.00%,187778834,186842917334,680785.93,0
2031-02-21,44.9008,44.9008,44.9008,44.9008,44835000,0.00%,142943834,186842917334,2013127.37,0
2031-02-24,44.9008,44.9008,44.9008,44.9008,46494000,0.00%,96449834,186842917334,2087617.8,0
2031-02-25,44.9008,44.9008,44.9008,44.9008,75873000,0.00%,20576834,186842917334,3406758.4,0
2031-02-26,44.9008,44.9457,44.9457,44.9008,47964000,0.10%,263339007,187133643507,2155775.55,290726172
2031-02-27,44.9457,44.9457,44.9457,44.9457,53655000,0.00%,209684007,187133643507,2411561.53,0
2031-02-28,44.9457,44.9457,44.9457,44.9457,67683000,0.00%,142001007,187133643507,3042059.81,0
2031-03-03,44.9457,44.9457,44.9457,44.9457,64722000,0.00%,77279007,187133643507,2908975.6,0
2031-03-04,44.9457,44.9457,44.9457,44.9457,57477000,0.00%,19802007,187133643507,2583344.0,0
2031-03-05,44.9457,44.9907,44.9907,44.9457,69237000,0.10%,243361103,187426439603,3115021.1,292796096
2031-03-06,44.9907,44.9907,44.9907,44.9907,50316000,0.00%,193045103,187426439603,2263752.06,0
2031-03-07,44.9907,44.9907,44.9907,44.9907,63756000,0.00%,129289103,187426439603,2868427.07,0
2031-03-10,44.9907,44.9907,44.9907,44.9907,65898000,0.00%,63391103,187426439603,2964797.15,0
2031-03-11,44.9907,45.0357,45.0357,44.9907,121506000,0.10%,236378573,187720933073,5472107.76,294493469
2031-03-12,45.0357,45.0357,45.0357,45.0357,100002000,0.00%,136376573,187720933073,4503660.07,0
2031-03-13,45.0357,45.0357,45.0357,45.0357,41286000,0.00%,95090573,187720933073,1859343.91,0
2031-03-14,45.0357,45.0357,45.0357,45.0357,36078000,0.00%,59012573,187720933073,1624797.98,0
2031-03-17,45.0357,45.0357,45.0357,45.0357,50862000,0.00%,8150573,187720933073,2290605.77,0
2031-03-18,45.0357,45.0807,45.0807,45.0357,48027000,0.10%,256710114,188017519614,2165090.78,296586541
2031-03-19,45.0807,45.0807,45.0807,45.0807,44835000,0.00%,211875114,188017519614,2021193.18,0
2031-03-20,45.0807,45.0807,45.0807,45.0807,124803000,0.00%,87072114,188017519614,5626206.6,0
2031-03-21,45.0807,45.0807,45.0807,45.0807,52332000,0.00%,34740114,188017519614,2359163.19,0
2031-03-24,45.0807,45.1258,45.1258,45.0807,73752000,0.10%,260674835,188317206335,3328118.0,299686720
2031-03-25,45.1258,45.1258,45.1258,45.1258,61656000,0.00%,199018835,188317206335,2782276.32,0
2031-03-26,45.1258,45.1258,45.1258,45.1258,78435000,0.00%,120583835,188317206335,3539442.12,0
2031-03-27,45.1258,45.1258,45.1258,45.1258,47502000,0.00%,73081835,188317206335,2143565.75,0
2031-03-28,45.1258,45.1258,45.1258,45.1258,42735000,0.00%,30346835,188317206335,1928451.06,0
2031-03-31,45.1258,45.1709,45.1709,45.1258,59661000,0.10%,268205786,188614726286,2694941.06,297519950
2031-04-01,45.1709,45.1709,45.1709,45.1709,54180000,0.00%,214025786,188614726286,2447359.36,0
2031-04-02,45.1709,45.1709,45.1709,45.1709,44688000,0.00%,169337786,188614726286,2018597.18,0
2031-04-03,45.1709,45.1709,45.1709,45.1709,35763000,0.00%,133574786,188614726286,1615446.9,0
2031-04-09,45.1709,45.1709,45.1709,45.1709,69006000,0.00%,64568786,188614726286,3117063.13,0
2031-04-10,45.1709,45.1709,45.1709,45.1709,43512000,0.00%,21056786,188614726286,1965476.2,0
2031-04-11,45.1709,45.2161,45.2161,45.1709,43407000,0.10%,269643089,188906719589,1962695.25,291993302
2031-04-14,45.2161,45.2161,45.2161,45.2161,44394000,0.00%,225249089,188906719589,2007323.54,0
2031-04-15,45.2161,45.2161,45.2161,45.2161,37443000,0.00%,187806089,188906719589,1693026.43,0
2031-04-16,45.2161,45.2161,45.2161,45.2161,42609000,0.00%,145197089,188906719589,1926612.8,0
2031-04-17,45.2161,45.2161,45.2161,45.2161,47376000,0.00%,97821089,188906719589,2142157.95,0
2031-04-18,45.2161,45.2161,45.2161,45.2161,28875000,0.00%,68946089,188906719589,1305614.89,0
2031-04-21,45.2161,45.2161,45.2161,45.2161,49203000,0.00%,19743089,188906719589,2224767.77,0
2031-04-22,45.2161,45.2613,45.2613,45.2161,27531000,0.10%,283660247,189198167747,1246088.85,291448158
2031-04-23,45.2613,45.2613,45.2613,45.2613,48657000,0.00%,235003247,189198167747,2202279.07,0
2031-04-24,45.2613,45.2613,45.2613,45.2613,49350000,0.00%,185653247,189198167747,2233645.16,0
2031-04-25,45.2613,45.2613,45.2613,45.2613,38997000,0.00%,146656247,189198167747,1765054.92,0
2031-04-28,45.2613,45.2613,45.2613,45.2613,94605000,0.00%,52051247,189198167747,4281945.29,0
2031-04-29,45.2613,45.3065,45.3065,45.2613,54159000,0.10%,289429204,189489704704,2453754.73,291536957
2031-04-30,45.3065,45.3065,45.3065,45.3065,40572000,0.00%,248857204,189489704704,1838175.32,0
2031-05-01,45.3065,45.3065,45.3065,45.3065,80661000,0.00%,168196204,189489704704,3654467.6,0
2031-05-05,45.3065,45.3065,45.3065,45.3065,49896000,0.00%,118300204,189489704704,2260613.12,0
2031-05-06,45.3065,45.3065,45.3065,45.3065,27300000,0.00%,91000204,189489704704,1236867.45,0
2031-05-07,45.3065,45.3518,45.3518,45.3065,93177000,0.10%,288334324,189780215824,4225744.67,290511119
2031-05-08,45.3518,45.3518,45.3518,45.3518,86079000,0.00%,202255324,189780215824,3903837.59,0
2031-05-09,45.3518,45.3518,45.3518,45.3518,52941000,0.00%,149314324,189780215824,2400969.64,0
2031-05-12,45.3518,45.3518,45.3518,45.3518,58401000,0.00%,90913324,189780215824,2648590.47,0
2031-05-13,45.3518,45.3518,45.3518,45.3518,68187000,0.00%,22726324,189780215824,3092403.19,0
2031-05-14,45.3518,45.3972,45.3972,45.3518,55902000,0.10%,250546232,190063937732,2537794.27,283721907
2031-05-15,45.3972,45.3972,45.3972,45.3972,82614000,0.00%,167932232,190063937732,3750444.28,0
2031-05-16,45.3972,45.3972,45.3972,45.3972,55545000,0.00%,112387232,190063937732,2521587.47,0
2031-05-19,45.3972,45.3972,45.3972,45.3972,61950000,0.00%,50437232,190063937732,2812356.54,0
2031-05-20,45.3972,45.4426,45.4426,45.3972,70854000,0.10%,259423734,190343778234,3219789.98,279840502
2031-05-21,45.4426,45.4426,45.4426,45.4426,39753000,0.00%,219670734,190343778234,1806479.68,0
2031-05-22,45.4426,45.4426,45.4426,45.4426,83265000,0.00%,136405734,190343778234,3783778.09,0
2031-05-23,45.4426,45.4426,45.4426,45.4426,50400000,0.00%,86005734,190343778234,2290307.04,0
2031-05-27,45.4426,45.4426,45.4426,45.4426,68880000,0.00%,17125734,190343778234,3130086.29,0
2031-05-28,45.4426,45.488,45.488,45.4426,52206000,0.10%,243478000,190622336500,2374746.53,278558265
2031-05-29,45.488,45.488,45.488,45.488,88620000,0.00%,154858000,190622336500,4031146.56,0
2031-05-30,45.488,45.488,45.488,45.488,100821000,0.00%,54037000,190622336500,4586145.65,0
2031-06-02,45.488,45.5335,45.5335,45.488,73836000,0.10%,257390924,190899526424,3362011.51,277189924
2031-06-03,45.5335,45.5335,45.5335,45.5335,213927000,0.00%,43463924,190899526424,9740845.05,0
2031-06-04,45.5335,45.5791,45.5791,45.5335,103110000,0.10%,220737538,191179910038,4699661.0,280383614
2031-06-05,45.5791,45.5791,45.5791,45.5791,61005000,0.00%,159732538,191179910038,2780553.0,0
2031-06-06,45.5791,45.5791,45.5791,45.5791,66465000,0.00%,93267538,191179910038,3029414.88,0
2031-06-09,45.5791,45.5791,45.5791,45.5791,60942000,0.00%,32325538,191179910038,2777681.51,0
2031-06-10,45.5791,45.6246,45.6246,45.5791,78519000,0.10%,235879974,191461983474,3582397.97,282073435
2031-06-11,45.6246,45.6246,45.6246,45.6246,75159000,0.00%,160720974,191461983474,3429099.31,0
2031-06-12,45.6246,45.6246,45.6246,45.6246,60018000,0.00%,100702974,191461983474,2738297.24,0
2031-06-13,45.6246,45.6246,45.6246,45.6246,46893000,0.00%,53809974,191461983474,2139474.37,0
2031-06-16,45.6246,45.6246,45.6246,45.6246,41475000,0.00%,12334974,191461983474,1892280.29,0
2031-06-17,45.6246,45.6703,45.6703,45.6246,51072000,0.10%,242346771,191743067271,2332473.56,281083797
2031-06-18,45.6703,45.6703,45.6703,45.6703,35616000,0.00%,206730771,191743067271,1626593.4,0
2031-06-19,45.6703,45.6703,45.6703,45.6703,63252000,0.00%,143478771,191743067271,2888737.82,0
2031-06-23,45.6703,45.6703,45.6703,45.6703,66276000,0.00%,77202771,191743067271,3026844.8,0
2031-06-24,45.6703,45.7159,45.7159,45.6703,91224000,0.10%,268302242,192025390742,4170387.26,282323470
2031-06-25,45.7159,45.7159,45.7159,45.7159,83916000,0.00%,184386242,192025390742,3836295.46,0
2031-06-26,45.7159,45.7159,45.7159,45.7159,61887000,0.00%,122499242,192025390742,2829219.9,0
2031-06-27,45.7159,45.7159,45.7159,45.7159,66927000,0.00%,55572242,192025390742,3059628.04,0
2031-06-30,45.7159,45.7617,45.7617,45.7159,69447000,0.10%,271060019,192310325519,3178012.78,284934777
2031-07-01,45.7617,45.7617,45.7617,45.7617,81879000,0.00%,189181019,192310325519,3746922.23,0
2031-07-03,45.7617,45.7617,45.7617,45.7617,85911000,0.00%,103270019,192310325519,3931433.41,0
2031-07-04,45.7617,45.7617,45.7617,45.7617,52416000,0.00%,50854019,192310325519,2398645.27,0
2031-07-07,45.7617,45.8074,45.8074,45.7617,87150000,0.10%,242252568,192588874068,3992114.91,278548548
2031-07-08,45.8074,45.8074,45.8074,45.8074,116382000,0.00%,125870568,192588874068,5331156.83,0
2031-07-09,45.8074,45.8074,45.8074,45.8074,118188000,0.00%,7682568,192588874068,5413884.99,0
2031-07-10,45.8074,45.8532,45.8532,45.8074,89040000,0.10%,199967204,192870198704,4082768.93,281324635
2031-07-11,45.8532,45.8532,45.8532,45.8532,84924000,0.00%,115043204,192870198704,3894037.16,0
2031-07-14,45.8532,45.8532,45.8532,45.8532,64344000,0.00%,50699204,192870198704,2950378.3,0
2031-07-15,45.8532,45.8991,45.8991,45.8532,69573000,0.10%,264367537,193153440037,3193338.08,283241333
2031-07-16,45.8991,45.8991,45.8991,45.8991,41811000,0.00%,222556537,193153440037,1919087.27,0
2031-07-17,45.8991,45.8991,45.8991,45.8991,42378000,0.00%,180178537,193153440037,1945112.06,0
2031-07-18,45.8991,45.8991,45.8991,45.8991,30996000,0.00%,149182537,193153440037,1422688.5,0
2031-07-21,45.8991,45.8991,45.8991,45.8991,35511000,0.00%,113671537,193153440037,1629922.94,0
2031-07-22,45.8991,45.8991,45.8991,45.8991,41601000,0.00%,72070537,193153440037,1909448.46,0
2031-07-23,45.8991,45.8991,45.8991,45.8991,42630000,0.00%,29440537,193153440037,1956678.63,0
2031-07-24,45.8991,45.945,45.945,45.8991,32949000,0.10%,280708729,193437657229,1513841.8,284217191
2031-07-25,45.945,45.945,45.945,45.945,35196000,0.00%,245512729,193437657229,1617080.22,0
2031-07-28,45.945,45.945,45.945,45.945,172809000,0.00%,72703729,193437657229,7939709.5,0
2031-07-29,45.945,45.9909,45.9909,45.945,226863000,0.10%,132430353,193724246853,10433633.55,286589624
2031-07-30,45.9909,46.0369,46.0369,45.9909,237006000,0.10%,186113166,194014935666,10911021.52,290688813
2031-07-31,46.0369,46.0369,46.0369,46.0369,153090000,0.00%,33023166,194014935666,7047789.02,0
2031-08-01,46.0369,46.0829,46.0829,46.0369,84966000,0.10%,244332157,194311210657,3915479.68,296274990
2031-08-04,46.0829,46.0829,46.0829,46.0829,61845000,0.00%,182487157,194311210657,2849996.95,0
2031-08-05,46.0829,46.129,46.129,46.0829,247401000,0.10%,232046728,194608171228,11412360.73,296960571
2031-08-06,46.129,46.129,46.129,46.129,96810000,0.00%,135236728,194608171228,4465748.49,0
2031-08-07,46.129,46.129,46.129,46.129,123123000,0.00%,12113728,194608171228,5679540.87,0
2031-08-08,46.129,46.1752,46.1752,46.129,90195000,0.10%,225962792,194912215292,4164772.16,304044063
2031-08-11,46.1752,46.1752,46.1752,46.1752,86016000,0.00%,139946792,194912215292,3971806.0,0
2031-08-12,46.1752,46.1752,46.1752,46.1752,85848000,0.00%,54098792,194912215292,3964048.57,0
2031-08-13,46.1752,46.1752,46.1752,46.1752,42315000,0.00%,11783792,194912215292,1953903.59,0
2031-08-14,46.1752,46.2213,46.2213,46.1752,34335000,0.10%,284918845,195219685345,1587008.34,307470053
2031-08-15,46.2213,46.2213,46.2213,46.2213,55482000,0.00%,229436845,195219685345,2564450.17,0
2031-08-18,46.2213,46.2213,46.2213,46.2213,60942000,0.00%,168494845,195219685345,2816818.46,0
2031-08-19,46.2213,46.2213,46.2213,46.2213,90594000,0.00%,77900845,195219685345,4187372.45,0
2031-08-20,46.2213,46.2213,46.2213,46.2213,55860000,0.00%,22040845,195219685345,2581921.82,0
2031-08-21,46.2213,46.2676,46.2676,46.2213,107310000,0.10%,224435041,195529389541,4964976.16,309704195
2031-08-22,46.2676,46.2676,46.2676,46.2676,109494000,0.00%,114941041,195529389541,5066024.59,0
2031-08-25,46.2676,46.2676,46.2676,46.2676,93702000,0.00%,21239041,195529389541,4335366.66,0
2031-08-26,46.2676,46.3138,46.3138,46.2676,103992000,0.10%,231021969,195843164469,4816264.69,313774928
2031-08-27,46.3138,46.3138,46.3138,46.3138,86583000,0.00%,144438969,195843164469,4009987.75,0
2031-08-28,46.3138,46.3138,46.3138,46.3138,36330000,0.00%,108108969,195843164469,1682580.35,0
2031-08-29,46.3138,46.3138,46.3138,46.3138,49266000,0.00%,58842969,195843164469,2281695.67,0
2031-09-01,46.3138,46.3138,46.3138,46.3138,38808000,0.00%,20034969,195843164469,1797345.95,0
2031-09-02,46.3138,46.3601,46.3601,46.3138,109578000,0.10%,227389284,196160096784,5080047.04,316932314
2031-09-03,46.3601,46.3601,46.3601,46.3601,74130000,0.00%,153259284,196160096784,3436674.21,0
2031-09-04,46.3601,46.3601,46.3601,46.3601,84987000,0.00%,68272284,196160096784,3940005.82,0
2031-09-05,46.3601,46.3601,46.3601,46.3601,56994000,0.00%,11278284,196160096784,2642247.54,0
2031-09-08,46.3601,46.4065,46.4065,46.3601,56217000,0.10%,276016013,196481051513,2608834.21,320954729
2031-09-09,46.4065,46.4065,46.4065,46.4065,52416000,0.00%,223600013,196481051513,2432443.1,0
2031-09-10,46.4065,46.4065,46.4065,46.4065,69300000,0.00%,154300013,196481051513,3215970.45,0
2031-09-11,46.4065,46.4065,46.4065,46.4065,113589000,0.00%,40711013,196481051513,5271267.93,0
2031-09-12,46.4065,46.4529,46.4529,46.4065,74907000,0.10%,289556413,196804803913,3479647.38,323752399
2031-09-15,46.4529,46.4529,46.4529,46.4529,58422000,0.00%,231134413,196804803913,2713871.32,0
2031-09-16,46.4529,46.4529,46.4529,46.4529,41811000,0.00%,189323413,196804803913,1942242.2,0
2031-09-17,46.4529,46.4529,46.4529,46.4529,75957000,0.00%,113366413,196804803913,3528422.93,0
2031-09-18,46.4529,46.4529,46.4529,46.4529,51492000,0.00%,61874413,196804803913,2391952.73,0
2031-09-19,46.4529,46.4529,46.4529,46.4529,50358000,0.00%,11516413,196804803913,2339275.14,0
2031-09-22,46.4529,46.4994,46.4994,46.4529,32571000,0.10%,305480015,197131338515,1514531.96,326534602
2031-09-23,46.4994,46.4994,46.4994,46.4994,34776000,0.00%,270704015,197131338515,1617063.13,0
2031-09-25,46.4994,46.4994,46.4994,46.4994,46641000,0.00%,224063015,197131338515,2168778.52,0
2031-09-26,46.4994,46.4994,46.4994,46.4994,34986000,0.00%,189077015,197131338515,1626828.01,0
2031-09-29,46.4994,46.4994,46.4994,46.4994,37737000,0.00%,151340015,197131338515,1754747.86,0
2031-09-30,46.4994,46.4994,46.4994,46.4994,43995000,0.00%,107345015,197131338515,2045741.1,0
2031-10-01,46.4994,46.4994,46.4994,46.4994,38325000,0.00%,69020015,197131338515,1782089.51,0
2031-10-02,46.4994,46.4994,46.4994,46.4994,36414000,0.00%,32606015,197131338515,1693229.15,0
2031-10-06,46.4994,46.4994,46.4994,46.4994,24612000,0.00%,7994015,197131338515,1144443.23,0
2031-10-07,46.4994,46.5459,46.5459,46.4994,24948000,0.10%,309920812,197458213312,1161227.11,326874796
2031-10-08,46.5459,46.5459,46.5459,46.5459,22785000,0.00%,287135812,197458213312,1060548.33,0
2031-10-09,46.5459,46.5459,46.5459,46.5459,30555000,0.00%,256580812,197458213312,1422209.97,0
2031-10-10,46.5459,46.5459,46.5459,46.5459,62601000,0.00%,193979812,197458213312,2913819.89,0
2031-10-13,46.5459,46.5459,46.5459,46.5459,55020000,0.00%,138959812,197458213312,2560955.42,0
2031-10-14,46.5459,46.5459,46.5459,46.5459,34545000,0.00%,104414812,197458213312,1607928.12,0
2031-10-17,46.5459,46.5459,46.5459,46.5459,61173000,0.00%,43241812,197458213312,2847352.34,0
2031-10-20,46.5459,46.5924,46.5924,46.5459,43533000,0.10%,326292810,197784797310,2028306.95,326583998
2031-10-21,46.5924,46.5924,46.5924,46.5924,32403000,0.00%,293889810,197784797310,1509733.54,0
2031-10-22,46.5924,46.5924,46.5924,46.5924,68712000,0.00%,225177810,197784797310,3201456.99,0
2031-10-23,46.5924,46.5924,46.5924,46.5924,35028000,0.00%,190149810,197784797310,1632038.59,0
2031-10-24,46.5924,46.5924,46.5924,46.5924,26754000,0.00%,163395810,197784797310,1246533.07,0
2031-10-27,46.5924,46.5924,46.5924,46.5924,25746000,0.00%,137649810,197784797310,1199567.93,0
2031-10-28,46.5924,46.5924,46.5924,46.5924,32151000,0.00%,105498810,197784797310,1497992.25,0
2031-10-29,46.5924,46.5924,46.5924,46.5924,39312000,0.00%,66186810,197784797310,1831640.43,0
2031-10-30,46.5924,46.5924,46.5924,46.5924,28707000,0.00%,37479810,197784797310,1337528.03,0
2031-10-31,46.5924,46.5924,46.5924,46.5924,34524000,0.00%,2955810,197784797310,1608556.02,0
2031-11-03,46.5924,46.639,46.639,46.5924,47565000,0.10%,282081093,198111487593,2218384.04,326690282
2031-11-04,46.639,46.639,46.639,46.639,69321000,0.00%,212760093,198111487593,3233062.12,0
2031-11-05,46.639,46.639,46.639,46.639,40656000,0.00%,172104093,198111487593,1896155.18,0
2031-11-06,46.639,46.639,46.639,46.639,34524000,0.00%,137580093,198111487593,1610164.84,0
2031-11-07,46.639,46.639,46.639,46.639,42042000,0.00%,95538093,198111487593,1960796.84,0
2031-11-10,46.639,46.639,46.639,46.639,46914000,0.00%,48624093,198111487593,2188022.05,0
2031-11-11,46.639,46.639,46.639,46.639,28581000,0.00%,20043093,198111487593,1332989.26,0
2031-11-12,46.639,46.6856,46.6856,46.639,64302000,0.10%,282264779,198438011279,3001977.45,326523685
2031-11-13,46.6856,46.6856,46.6856,46.6856,75684000,0.00%,206580779,198438011279,3533352.95,0
2031-11-14,46.6856,46.6856,46.6856,46.6856,50043000,0.00%,156537779,198438011279,2336287.48,0
2031-11-17,46.6856,46.6856,46.6856,46.6856,40719000,0.00%,115818779,198438011279,1900990.95,0
2031-11-18,46.6856,46.6856,46.6856,46.6856,59346000,0.00%,56472779,198438011279,2770603.62,0
2031-11-19,46.6856,46.6856,46.6856,46.6856,45024000,0.00%,11448779,198438011279,2101972.45,0
2031-11-20,46.6856,46.7323,46.7323,46.6856,40572000,0.10%,299276010,198766410510,1896022.88,328399231
2031-11-21,46.7323,46.7323,46.7323,46.7323,31941000,0.00%,267335010,198766410510,1492676.39,0
2031-11-24,46.7323,46.7323,46.7323,46.7323,30849000,0.00%,236486010,198766410510,1441644.72,0
2031-11-25,46.7323,46.7323,46.7323,46.7323,39333000,0.00%,197153010,198766410510,1838121.56,0
2031-11-26,46.7323,46.7323,46.7323,46.7323,54642000,0.00%,142511010,198766410510,2553546.34,0
2031-11-27,46.7323,46.7323,46.7323,46.7323,35574000,0.00%,106937010,198766410510,1662454.84,0
2031-11-28,46.7323,46.7323,46.7323,46.7323,69069000,0.00%,37868010,198766410510,3227753.23,0
2031-12-01,46.7323,46.779,46.779,46.7323,40971000,0.10%,326243863,199095757363,1916582.41,329346852
2031-12-02,46.779,46.779,46.779,46.779,74739000,0.00%,251504863,199095757363,3496215.68,0
2031-12-03,46.779,46.779,46.779,46.779,42714000,0.00%,208790863,199095757363,1998118.21,0
2031-12-04,46.779,46.779,46.779,46.779,37212000,0.00%,171578863,199095757363,1740740.15,0
2031-12-05,46.779,46.779,46.779,46.779,47250000,0.00%,124328863,199095757363,2210307.75,0
2031-12-08,46.779,46.779,46.779,46.779,65016000,0.00%,59312863,199095757363,3041383.46,0
2031-12-09,46.779,46.779,46.779,46.779,48804000,0.00%,10508863,199095757363,2283002.32,0
2031-12-10,46.779,46.8258,46.8258,46.779,31857000,0.10%,309806427,199426911927,1491729.51,331154564
2031-12-11,46.8258,46.8258,46.8258,46.8258,28035000,0.00%,281771427,199426911927,1312761.3,0
2031-12-12,46.8258,46.8258,46.8258,46.8258,31983000,0.00%,249788427,199426911927,1497629.56,0
2031-12-15,46.8258,46.8258,46.8258,46.8258,46704000,0.00%,203084427,199426911927,2186952.16,0
2031-12-16,46.8258,46.8258,46.8258,46.8258,28665000,0.00%,174419427,199426911927,1342261.56,0
2031-12-17,46.8258,46.8258,46.8258,46.8258,28077000,0.00%,146342427,199426911927,1314727.99,0
2031-12-18,46.8258,46.8258,46.8258,46.8258,44163000,0.00%,102179427,199426911927,2067967.81,0
2031-12-19,46.8258,46.8258,46.8258,46.8258,59388000,0.00%,42791427,199426911927,2780890.61,0
2031-12-22,46.8258,46.8727,46.8727,46.8258,42861000,0.10%,330635604,199757617104,2009010.79,330705176
2031-12-23,46.8727,46.8727,46.8727,46.8727,36183000,0.00%,294452604,199757617104,1695994.9,0
2031-12-24,46.8727,46.8727,46.8727,46.8727,29064000,0.00%,265388604,199757617104,1362308.15,0
2031-12-25,46.8727,46.8727,46.8727,46.8727,69195000,0.00%,196193604,199757617104,3243356.48,0
2031-12-26,46.8727,46.8727,46.8727,46.8727,19971000,0.00%,176222604,199757617104,936094.69,0
2031-12-30,46.8727,46.8727,46.8727,46.8727,39795000,0.00%,136427604,199757617104,1865299.1,0
2031-12-31,46.8727,46.8727,46.8727,46.8727,20139000,0.00%,116288604,199757617104,943969.31,0
2032-01-01,46.8727,46.8727,46.8727,46.8727,16469000,0.00%,99819604,199757617104,771946.5,0
2032-01-02,46.8727,46.8727,46.8727,46.8727,21242000,0.00%,78577604,199757617104,995669.89,0
2032-01-05,46.8727,46.8727,46.8727,46.8727,12943000,0.00%,65634604,199757617104,606673.36,0
2032-01-06,46.8727,46.8727,46.8727,46.8727,29154000,0.00%,36480604,199757617104,1366526.7,0
2032-01-07,46.8727,46.9195,46.9195,46.8727,68649500,0.10%,297116555,200086902555,3221000.22,329285451
2032-01-08,46.9195,46.9195,46.9195,46.9195,48138500,0.00%,248978055,200086902555,2258634.35,0
2032-01-09,46.9195,46.9195,46.9195,46.9195,44741500,0.00%,204236555,200086902555,2099248.81,0
2032-01-12,46.9195,46.9195,46.9195,46.9195,42054000,0.00%,162182555,200086902555,1973152.65,0
2032-01-13,46.9195,46.9195,46.9195,46.9195,35281500,0.00%,126901055,200086902555,1655390.34,0
2032-01-14,46.9195,46.9195,46.9195,46.9195,60780500,0.00%,66120555,200086902555,2851790.67,0
2032-01-15,46.9195,46.9195,46.9195,46.9195,39366500,0.00%,26754055,200086902555,1847056.5,0
2032-01-16,46.9195,46.9664,46.9664,46.9195,29498000,0.10%,329314107,200418960607,1385414.87,332058051
2032-01-19,46.9664,46.9664,46.9664,46.9664,27262000,0.00%,302052107,200418960607,1280398.0,0
2032-01-20,46.9664,46.9664,46.9664,46.9664,50611000,0.00%,251441107,200418960607,2377016.47,0
2032-01-21,46.9664,46.9664,46.9664,46.9664,37603500,0.00%,213837607,200418960607,1766101.02,0
2032-01-22,46.9664,46.9664,46.9664,46.9664,63511000,0.00%,150326607,200418960607,2982883.03,0
2032-01-23,46.9664,46.9664,46.9664,46.9664,57663000,0.00%,92663607,200418960607,2708223.52,0
2032-01-26,46.9664,46.9664,46.9664,46.9664,31562000,0.00%,61101607,200418960607,1482353.52,0
2032-01-27,46.9664,46.9664,46.9664,46.9664,53750000,0.00%,7351607,200418960607,2524444.0,0
2032-01-28,46.9664,47.0134,47.0134,46.9664,46483000,0.10%,294696903,200752788903,2185323.87,333828295
2032-01-29,47.0134,47.0134,47.0134,47.0134,44096500,0.00%,250600403,200752788903,2073126.39,0
2032-01-30,47.0134,47.0134,47.0134,47.0134,32314500,0.00%,218285903,200752788903,1519214.51,0
2032-02-02,47.0134,47.0134,47.0134,47.0134,24574500,0.00%,193711403,200752788903,1155330.8,0
2032-02-06,47.0134,47.0134,47.0134,47.0134,34249500,0.00%,159461903,200752788903,1610185.44,0
2032-02-09,47.0134,47.0134,47.0134,47.0134,33067000,0.00%,126394903,200752788903,1554592.1,0
2032-02-10,47.0134,47.0134,47.0134,47.0134,40312500,0.00%,86082403,200752788903,1895227.69,0
2032-02-11,47.0134,47.0134,47.0134,47.0134,50245500,0.00%,35836903,200752788903,2362211.79,0
2032-02-12,47.0134,47.0604,47.0604,47.0134,40441500,0.10%,330168524,201087562024,1903193.17,334773121
2032-02-13,47.0604,47.0604,47.0604,47.0604,33368000,0.00%,296800524,201087562024,1570311.43,0
2032-02-16,47.0604,47.0604,47.0604,47.0604,27649000,0.00%,269151524,201087562024,1301173.0,0
2032-02-17,47.0604,47.0604,47.0604,47.0604,29863500,0.00%,239288024,201087562024,1405388.26,0
2032-02-18,47.0604,47.0604,47.0604,47.0604,26251500,0.00%,213036524,201087562024,1235406.09,0
2032-02-19,47.0604,47.0604,47.0604,47.0604,27778000,0.00%,185258524,201087562024,1307243.79,0
2032-02-20,47.0604,47.0604,47.0604,47.0604,51664500,0.00%,133594024,201087562024,2431352.04,0
2032-02-23,47.0604,47.0604,47.0604,47.0604,98986000,0.00%,34608024,201087562024,4658320.75,0
2032-02-24,47.0604,47.1075,47.1075,47.0604,65704000,0.10%,304938334,201423596334,3095151.18,336034309
2032-02-25,47.1075,47.1075,47.1075,47.1075,43516000,0.00%,261422334,201423596334,2049929.97,0
2032-02-26,47.1075,47.1075,47.1075,47.1075,73035500,0.00%,188386834,201423596334,3440519.82,0
2032-02-27,47.1075,47.1075,47.1075,47.1075,54889500,0.00%,133497334,201423596334,2585707.12,0
2032-03-01,47.1075,47.1075,47.1075,47.1075,57727500,0.00%,75769834,201423596334,2719398.21,0
2032-03-02,47.1075,47.1075,47.1075,47.1075,41516500,0.00%,34253334,201423596334,1955738.52,0
2032-03-03,47.1075,47.1075,47.1075,47.1075,30121500,0.00%,4131834,201423596334,1418948.56,0
2032-03-04,47.1075,47.1546,47.1546,47.1075,42720500,0.10%,300741462,201762926462,2014468.09,339330128
2032-03-05,47.1546,47.1546,47.1546,47.1546,89332500,0.00%,211408962,201762926462,4212438.3,0
2032-03-08,47.1546,47.1546,47.1546,47.1546,85742000,0.00%,125666962,201762926462,4043129.71,0
2032-03-09,47.1546,47.1546,47.1546,47.1546,69359000,0.00%,56307962,201762926462,3270595.9,0
2032-03-10,47.1546,47.2017,47.2017,47.1546,71401500,0.10%,327290707,202105310707,3370272.18,342384245
2032-03-11,47.2017,47.2017,47.2017,47.2017,51729000,0.00%,275561707,202105310707,2441696.74,0
2032-03-12,47.2017,47.2017,47.2017,47.2017,104146000,0.00%,171415707,202105310707,4915868.25,0
2032-03-15,47.2017,47.2017,47.2017,47.2017,143856500,0.00%,27559207,202105310707,6790271.36,0
2032-03-16,47.2017,47.249,47.249,47.2017,254560000,0.10%,120167397,202452478897,12027705.44,347168189
2032-03-17,47.249,47.2962,47.2962,47.249,231641000,0.10%,239817487,202803769987,10955739.06,351291090
2032-03-18,47.2962,47.2962,47.2962,47.2962,149833500,0.00%,89983987,202803769987,7086555.18,0
2032-03-19,47.2962,47.2962,47.2962,47.2962,81076500,0.00%,8907487,202803769987,3834610.36,0
2032-03-22,47.2962,47.3435,47.3435,47.2962,66005000,0.10%,301402085,203162269586,3124907.72,358499598
2032-03-23,47.3435,47.3435,47.3435,47.3435,66671500,0.00%,234730585,203162269586,3156462.16,0
2032-03-24,47.3435,47.3435,47.3435,47.3435,90859000,0.00%,143871585,203162269586,4301583.07,0
2032-03-25,47.3435,47.3435,47.3435,47.3435,100899500,0.00%,42972085,203162269586,4776935.48,0
2032-03-26,47.3435,47.3908,47.3908,47.3435,82345000,0.10%,322647280,203524289780,3902395.43,362020194
2032-03-29,47.3908,47.3908,47.3908,47.3908,57899500,0.00%,264747780,203524289780,2743903.62,0
2032-03-30,47.3908,47.3908,47.3908,47.3908,44935000,0.00%,219812780,203524289780,2129505.6,0
2032-03-31,47.3908,47.3908,47.3908,47.3908,57942500,0.00%,161870280,203524289780,2745941.43,0
2032-04-01,47.3908,47.3908,47.3908,47.3908,31368500,0.00%,130501780,203524289780,1486578.31,0
2032-04-02,47.3908,47.3908,47.3908,47.3908,31175000,0.00%,99326780,203524289780,1477408.19,0
2032-04-05,47.3908,47.3908,47.3908,47.3908,33690500,0.00%,65636280,203524289780,1596619.75,0
2032-04-07,47.3908,47.3908,47.3908,47.3908,36829500,0.00%,28806780,203524289780,1745379.47,0
2032-04-08,47.3908,47.4382,47.4382,47.3908,34120500,0.10%,356086104,203885689604,1618615.1,361399823
2032-04-09,47.4382,47.4382,47.4382,47.4382,42140000,0.00%,313946104,203885689604,1999045.75,0
2032-04-12,47.4382,47.4382,47.4382,47.4382,48998500,0.00%,264947604,203885689604,2324400.64,0
2032-04-13,47.4382,47.4382,47.4382,47.4382,56781500,0.00%,208166104,203885689604,2693612.15,0
2032-04-14,47.4382,47.4382,47.4382,47.4382,46526000,0.00%,161640104,203885689604,2207109.69,0
2032-04-15,47.4382,47.4382,47.4382,47.4382,32594000,0.00%,129046104,203885689604,1546200.69,0
2032-04-20,47.4382,47.4382,47.4382,47.4382,38141000,0.00%,90905104,203885689604,1809340.39,0
2032-04-21,47.4382,47.4382,47.4382,47.4382,23327500,0.00%,67577604,203885689604,1106614.61,0
2032-04-22,47.4382,47.4382,47.4382,47.4382,55341000,0.00%,12236604,203885689604,2625277.43,0
2032-04-23,47.4382,47.4857,47.4857,47.4382,60264500,0.10%,312855327,204246572827,2861701.97,360883223
2032-04-26,47.4857,47.4857,47.4857,47.4857,55448500,0.00%,257406827,204246572827,2633010.84,0
2032-04-27,47.4857,47.4857,47.4857,47.4857,58673500,0.00%,198733327,204246572827,2786152.22,0
2032-04-28,47.4857,47.4857,47.4857,47.4857,50331500,0.00%,148401827,204246572827,2390026.51,0
2032-04-29,47.4857,47.4857,47.4857,47.4857,45644500,0.00%,102757327,204246572827,2167461.03,0
2032-04-30,47.4857,47.4857,47.4857,47.4857,102060500,0.00%,696827,204246572827,4846414.28,0
2032-05-04,47.4857,47.5332,47.5332,47.4857,54975500,0.10%,302396541,204603248041,2613161.44,356675214
2032-05-05,47.5332,47.5332,47.5332,47.5332,30315000,0.00%,272081541,204603248041,1440968.96,0
2032-05-06,47.5332,47.5332,47.5332,47.5332,45988500,0.00%,226093041,204603248041,2185980.57,0
2032-05-07,47.5332,47.5332,47.5332,47.5332,49278000,0.00%,176815041,204603248041,2342341.03,0
2032-05-11,47.5332,47.5332,47.5332,47.5332,61060000,0.00%,115755041,204603248041,2902377.19,0
2032-05-12,47.5332,47.5332,47.5332,47.5332,52352500,0.00%,63402541,204603248041,2488481.85,0
2032-05-13,47.5332,47.5332,47.5332,47.5332,43043000,0.00%,20359541,204603248041,2045971.53,0
2032-05-14,47.5332,47.5807,47.5807,47.5332,41903500,0.10%,333812608,204958604608,1993797.86,355356566
2032-05-17,47.5807,47.5807,47.5807,47.5807,33454000,0.00%,300358608,204958604608,1591764.74,0
2032-05-18,47.5807,47.5807,47.5807,47.5807,64758000,0.00%,235600608,204958604608,3081230.97,0
2032-05-19,47.5807,47.5807,47.5807,47.5807,60931000,0.00%,174669608,204958604608,2899139.63,0
2032-05-20,47.5807,47.5807,47.5807,47.5807,129322500,0.00%,45347108,204958604608,6153255.08,0
2032-05-21,47.5807,47.6283,47.6283,47.5807,60909500,0.10%,340795728,205314962728,2901015.94,356358119
2032-05-24,47.6283,47.6283,47.6283,47.6283,36614500,0.00%,304181228,205314962728,1743886.39,0
2032-05-25,47.6283,47.6283,47.6283,47.6283,42355000,0.00%,261826228,205314962728,2017296.65,0
2032-05-26,47.6283,47.6283,47.6283,47.6283,46332500,0.00%,215493728,205314962728,2206738.21,0
2032-05-27,47.6283,47.6283,47.6283,47.6283,39775000,0.00%,175718728,205314962728,1894415.63,0
2032-05-28,47.6283,47.6283,47.6283,47.6283,44634000,0.00%,131084728,205314962728,2125841.54,0
2032-05-31,47.6283,47.6283,47.6283,47.6283,47945000,0.00%,83139728,205314962728,2283538.84,0
2032-06-01,47.6283,47.6759,47.6759,47.6283,139234000,0.10%,297778512,205668835512,6638106.26,353872784
2032-06-02,47.6759,47.6759,47.6759,47.6759,57878000,0.00%,239900512,205668835512,2759385.74,0
2032-06-03,47.6759,47.6759,47.6759,47.6759,30487000,0.00%,209413512,205668835512,1453495.16,0
2032-06-07,47.6759,47.6759,47.6759,47.6759,51385000,0.00%,158028512,205668835512,2449826.12,0
2032-06-08,47.6759,47.6759,47.6759,47.6759,58243500,0.00%,99785012,205668835512,2776811.28,0
2032-06-09,47.6759,47.7236,47.7236,47.6759,102082000,0.10%,351208634,206022341134,4871720.54,353505622
2032-06-10,47.7236,47.7236,47.7236,47.7236,84172500,0.00%,267036134,206022341134,4017014.72,0
2032-06-11,47.7236,47.7236,47.7236,47.7236,63984000,0.00%,203052134,206022341134,3053546.82,0
2032-06-14,47.7236,47.7236,47.7236,47.7236,53621000,0.00%,149431134,206022341134,2558987.16,0
2032-06-15,47.7236,47.7236,47.7236,47.7236,35066500,0.00%,114364634,206022341134,1673499.62,0
2032-06-16,47.7236,47.7236,47.7236,47.7236,45666000,0.00%,68698634,206022341134,2179345.92,0
2032-06-17,47.7236,47.7236,47.7236,47.7236,47601000,0.00%,21097634,206022341134,2271691.08,0
2032-06-18,47.7236,47.7713,47.7713,47.7236,41882000,0.10%,331724748,206374850248,2000757.59,352509113
2032-06-21,47.7713,47.7713,47.7713,47.7713,25026000,0.00%,306698748,206374850248,1195524.55,0
2032-06-22,47.7713,47.7713,47.7713,47.7713,32271500,0.00%,274427248,206374850248,1541651.51,0
2032-06-23,47.7713,47.7713,47.7713,47.7713,29476500,0.00%,244950748,206374850248,1408130.72,0
2032-06-24,47.7713,47.7713,47.7713,47.7713,27133000,0.00%,217817748,206374850248,1296178.68,0
2032-06-25,47.7713,47.7713,47.7713,47.7713,39130000,0.00%,178687748,206374850248,1869290.97,0
2032-06-28,47.7713,47.7713,47.7713,47.7713,123410000,0.00%,55277748,206374850248,5895456.13,0
2032-06-29,47.7713,47.8191,47.8191,47.7713,125968500,0.10%,281029074,206726570074,6023700.3,351719826
2032-06-30,47.8191,47.8191,47.8191,47.8191,75207000,0.00%,205822074,206726570074,3596331.05,0
2032-07-01,47.8191,47.8191,47.8191,47.8191,71788500,0.00%,134033574,206726570074,3432861.46,0
2032-07-05,47.8191,47.8191,47.8191,47.8191,82689000,0.00%,51344574,206726570074,3954113.56,0
2032-07-06,47.8191,47.8191,47.8191,47.8191,41903500,0.00%,9441074,206726570074,2003787.66,0
2032-07-07,47.8191,47.8669,47.8669,47.8191,53363000,0.10%,311329394,207081821394,2554321.38,355251319
2032-07-08,47.8669,47.8669,47.8669,47.8669,40828500,0.00%,270500894,207081821394,1954333.73,0
2032-07-09,47.8669,47.8669,47.8669,47.8669,40312500,0.00%,230188394,207081821394,1929634.41,0
2032-07-12,47.8669,47.8669,47.8669,47.8669,44290000,0.00%,185898394,207081821394,2120025.0,0
2032-07-13,47.8669,47.8669,47.8669,47.8669,37216500,0.00%,148681894,207081821394,1781438.48,0
2032-07-14,47.8669,47.8669,47.8669,47.8669,36829500,0.00%,111852394,207081821394,1762913.99,0
2032-07-15,47.8669,47.8669,47.8669,47.8669,36055500,0.00%,75796894,207081821394,1725865.01,0
2032-07-16,47.8669,47.8669,47.8669,47.8669,56609500,0.00%,19187394,207081821394,2709721.28,0
2032-07-19,47.8669,47.9148,47.9148,47.8669,43795500,0.10%,329790762,207436220262,2098452.62,354398868
2032-07-20,47.9148,47.9148,47.9148,47.9148,27219000,0.00%,302571762,207436220262,1304192.94,0
2032-07-21,47.9148,47.9148,47.9148,47.9148,34357000,0.00%,268214762,207436220262,1646208.78,0
2032-07-22,47.9148,47.9148,47.9148,47.9148,41086500,0.00%,227128262,207436220262,1968651.43,0
2032-07-23,47.9148,47.9148,47.9148,47.9148,32422000,0.00%,194706262,207436220262,1553493.65,0
2032-07-26,47.9148,47.9148,47.9148,47.9148,36227500,0.00%,158478762,207436220262,1735833.42,0
2032-07-27,47.9148,47.9148,47.9148,47.9148,29799000,0.00%,128679762,207436220262,1427813.13,0
2032-07-28,47.9148,47.9148,47.9148,47.9148,42613000,0.00%,86066762,207436220262,2041793.37,0
2032-07-29,47.9148,47.9148,47.9148,47.9148,33002500,0.00%,53064262,207436220262,1581308.19,0
2032-07-30,47.9148,47.9627,47.9627,47.9148,79958500,0.10%,323144410,207786258910,3835025.55,350038647
2032-08-02,47.9627,47.9627,47.9627,47.9627,85978500,0.00%,237165910,207786258910,4123761.0,0
2032-08-03,47.9627,47.9627,47.9627,47.9627,91783500,0.00%,145382410,207786258910,4402184.48,0
2032-08-04,47.9627,47.9627,47.9627,47.9627,58910000,0.00%,86472410,207786258910,2825482.66,0
2032-08-05,47.9627,47.9627,47.9627,47.9627,42548500,0.00%,43923910,207786258910,2040740.94,0
2032-08-06,47.9627,47.9627,47.9627,47.9627,35346000,0.00%,8577910,207786258910,1695289.59,0
2032-08-09,47.9627,48.0106,48.0106,47.9627,32357500,0.10%,326270829,208136309329,1553502.99,350050418
2032-08-10,48.0106,48.0106,48.0106,48.0106,30508500,0.00%,295762329,208136309329,1464731.39,0
2032-08-11,48.0106,48.0106,48.0106,48.0106,33024000,0.00%,262738329,208136309329,1585502.05,0
2032-08-12,48.0106,48.0106,48.0106,48.0106,31949000,0.00%,230789329,208136309329,1533890.66,0
2032-08-13,48.0106,48.0106,48.0106,48.0106,23607000,0.00%,207182329,208136309329,1133386.23,0
2032-08-16,48.0106,48.0106,48.0106,48.0106,24983000,0.00%,182199329,208136309329,1199448.82,0
2032-08-17,48.0106,48.0106,48.0106,48.0106,50589500,0.00%,131609829,208136309329,2428832.25,0
2032-08-18,48.0106,48.0106,48.0106,48.0106,37883000,0.00%,93726829,208136309329,1818785.56,0
2032-08-19,48.0106,48.0106,48.0106,48.0106,69251500,0.00%,24475329,208136309329,3324806.07,0
2032-08-20,48.0106,48.0586,48.0586,48.0106,50030500,0.10%,316113326,208477977826,2404395.79,341668497
2032-08-23,48.0586,48.0586,48.0586,48.0586,31777000,0.00%,284336326,208477977826,1527158.13,0
2032-08-24,48.0586,48.0586,48.0586,48.0586,29089500,0.00%,255246826,208477977826,1398000.64,0
2032-08-25,48.0586,48.0586,48.0586,48.0586,28057500,0.00%,227189326,208477977826,1348404.17,0
2032-08-26,48.0586,48.0586,48.0586,48.0586,41796000,0.00%,185393326,208477977826,2008657.25,0
2032-08-27,48.0586,48.0586,48.0586,48.0586,39947000,0.00%,145446326,208477977826,1919796.89,0
2032-08-30,48.0586,48.0586,48.0586,48.0586,26638500,0.00%,118807826,208477977826,1280209.02,0
2032-08-31,48.0586,48.0586,48.0586,48.0586,30186000,0.00%,88621826,208477977826,1450696.9,0
2032-09-01,48.0586,48.0586,48.0586,48.0586,56351500,0.00%,32270326,208477977826,2708174.2,0
2032-09-02,48.0586,48.1067,48.1067,48.0586,51449500,0.10%,317594563,208814751563,2475065.66,336773736
2032-09-03,48.1067,48.1067,48.1067,48.1067,54803500,0.00%,262791063,208814751563,2636415.53,0
2032-09-06,48.1067,48.1067,48.1067,48.1067,43795500,0.00%,218995563,208814751563,2106856.98,0
2032-09-07,48.1067,48.1067,48.1067,48.1067,34894500,0.00%,184101063,208814751563,1678659.24,0
2032-09-08,48.1067,48.1067,48.1067,48.1067,32637000,0.00%,151464063,208814751563,1570058.37,0
2032-09-09,48.1067,48.1067,48.1067,48.1067,50675500,0.00%,100788563,208814751563,2437831.08,0
2032-09-10,48.1067,48.1067,48.1067,48.1067,36894000,0.00%,63894563,208814751563,1774848.59,0
2032-09-14,48.1067,48.1067,48.1067,48.1067,36915500,0.00%,26979063,208814751563,1775882.88,0
2032-09-15,48.1067,48.1548,48.1548,48.1067,38678500,0.10%,321801399,209148252399,1862555.43,333500835
2032-09-16,48.1548,48.1548,48.1548,48.1548,28638000,0.00%,293163399,209148252399,1379057.16,0
2032-09-17,48.1548,48.1548,48.1548,48.1548,53621000,0.00%,239542399,209148252399,2582108.53,0
2032-09-20,48.1548,48.1548,48.1548,48.1548,49278000,0.00%,190264399,209148252399,2372972.23,0
2032-09-21,48.1548,48.1548,48.1548,48.1548,32551000,0.00%,157713399,209148252399,1567486.89,0
2032-09-22,48.1548,48.1548,48.1548,48.1548,34593500,0.00%,123119899,209148252399,1665843.07,0
2032-09-23,48.1548,48.1548,48.1548,48.1548,37711000,0.00%,85408899,209148252399,1815965.66,0
2032-09-24,48.1548,48.1548,48.1548,48.1548,42290500,0.00%,43118399,209148252399,2036490.57,0
2032-09-27,48.1548,48.203,48.203,48.1548,52997500,0.10%,316432820,209474564320,2554638.49,326311920
2032-09-28,48.203,48.203,48.203,48.203,48869500,0.00%,267563320,209474564320,2355656.51,0
2032-09-29,48.203,48.203,48.203,48.203,47644000,0.00%,219919320,209474564320,2296583.73,0
2032-09-30,48.203,48.203,48.203,48.203,43344000,0.00%,176575320,209474564320,2089310.83,0
2032-10-01,48.203,48.203,48.203,48.203,48289000,0.00%,128286320,209474564320,2327674.67,0
2032-10-04,48.203,48.203,48.203,48.203,30078500,0.00%,98207820,209474564320,1449873.94,0
2032-10-06,48.203,48.203,48.203,48.203,39001000,0.00%,59206820,209474564320,1879965.2,0
2032-10-07,48.203,48.203,48.203,48.203,22295500,0.00%,36911320,209474564320,1074709.99,0
2032-10-08,48.203,48.203,48.203,48.203,21457000,0.00%,15454320,209474564320,1034291.77,0
2032-10-11,48.203,48.2512,48.2512,48.203,33712000,0.10%,306405773,209799227773,1626644.45,324663453
2032-10-12,48.2512,48.2512,48.2512,48.2512,45838000,0.00%,260567773,209799227773,2211738.51,0
2032-10-13,48.2512,48.2512,48.2512,48.2512,68864500,0.00%,191703273,209799227773,3322794.76,0
2032-10-14,48.2512,48.2512,48.2512,48.2512,47644000,0.00%,144059273,209799227773,2298880.17,0
2032-10-15,48.2512,48.2512,48.2512,48.2512,67639000,0.00%,76420273,209799227773,3263662.92,0
2032-10-18,48.2512,48.2512,48.2512,48.2512,56588000,0.00%,19832273,209799227773,2730438.91,0
2032-10-19,48.2512,48.2994,48.2994,48.2512,47579500,0.10%,286827363,210113802363,2298061.3,314574590
2032-10-20,48.2994,48.2994,48.2994,48.2994,45064000,0.00%,241763363,210113802363,2176564.16,0
2032-10-21,48.2994,48.2994,48.2994,48.2994,106231500,0.00%,135531863,210113802363,5130917.71,0
2032-10-22,48.2994,48.2994,48.2994,48.2994,57082500,0.00%,78449363,210113802363,2757050.5,0
2032-10-25,48.2994,48.3477,48.3477,48.2994,182900500,0.10%,205886409,210424139909,8842818.5,310337545
2032-10-26,48.3477,48.3477,48.3477,48.3477,156993000,0.00%,48893409,210424139909,7590250.47,0
2032-10-27,48.3477,48.3961,48.3961,48.3477,108252500,0.10%,253843698,210737342698,5238998.82,313202789
2032-10-28,48.3961,48.3961,48.3961,48.3961,91848000,0.00%,161995698,210737342698,4445084.99,0
2032-10-29,48.3961,48.3961,48.3961,48.3961,87784500,0.00%,74211198,210737342698,4248427.44,0
2032-11-01,48.3961,48.4445,48.4445,48.3961,106446500,0.10%,282743718,211052321718,5156747.47,314979019
2032-11-02,48.4445,48.4445,48.4445,48.4445,167356000,0.00%,115387718,211052321718,8107477.74,0
2032-11-03,48.4445,48.4445,48.4445,48.4445,75572500,0.00%,39815218,211052321718,3661071.98,0
2032-11-04,48.4445,48.4929,48.4929,48.4445,65854500,0.10%,293177536,211371538536,3193475.68,319216818
2032-11-05,48.4929,48.4929,48.4929,48.4929,144394000,0.00%,148783536,211371538536,7002083.8,0
2032-11-08,48.4929,48.4929,48.4929,48.4929,94557000,0.00%,54226536,211371538536,4585343.15,0
2032-11-09,48.4929,48.4929,48.4929,48.4929,50611000,0.00%,3615536,211371538536,2454274.16,0
2032-11-10,48.4929,48.5414,48.5414,48.4929,68069000,0.10%,254977076,211690969076,3304164.56,319430540
2032-11-11,48.5414,48.5414,48.5414,48.5414,50009000,0.00%,204968076,211690969076,2427506.87,0
2032-11-12,48.5414,48.5414,48.5414,48.5414,113971500,0.00%,90996576,211690969076,5532336.17,0
2032-11-15,48.5414,48.5899,48.5899,48.5414,104060000,0.10%,305607461,212009639961,5056264.99,318670884
2032-11-16,48.5899,48.5899,48.5899,48.5899,135665000,0.00%,169942461,212009639961,6591948.78,0
2032-11-17,48.5899,48.5899,48.5899,48.5899,132848500,0.00%,37093961,212009639961,6455095.33,0
2032-11-18,48.5899,48.6385,48.6385,48.5899,150113000,0.10%,210865662,212333524662,7301271.15,323884701
2032-11-19,48.6385,48.6385,48.6385,48.6385,96234000,0.00%,114631662,212333524662,4680677.41,0
2032-11-22,48.6385,48.6385,48.6385,48.6385,67316500,0.00%,47315162,212333524662,3274173.59,0
2032-11-23,48.6385,48.6872,48.6872,48.6385,61189000,0.10%,311179696,212658578196,2979121.08,325053533
2032-11-24,48.6872,48.6872,48.6872,48.6872,50267000,0.00%,260912696,212658578196,2447359.48,0
2032-11-25,48.6872,48.6872,48.6872,48.6872,36915500,0.00%,223997196,212658578196,1797312.33,0
2032-11-26,48.6872,48.6872,48.6872,48.6872,67338000,0.00%,156659196,212658578196,3278498.67,0
2032-11-29,48.6872,48.6872,48.6872,48.6872,72025000,0.00%,84634196,212658578196,3506695.58,0
2032-11-30,48.6872,48.6872,48.6872,48.6872,71251000,0.00%,13383196,212658578196,3469011.69,0
2032-12-01,48.6872,48.7359,48.7359,48.6872,100254500,0.10%,237262614,212982712114,4885993.29,324133918
2032-12-02,48.7359,48.7359,48.7359,48.7359,97932500,0.00%,139330114,212982712114,4772828.53,0
2032-12-03,48.7359,48.7359,48.7359,48.7359,53943500,0.00%,85386614,212982712114,2628985.02,0
2032-12-06,48.7359,48.7846,48.7846,48.7359,128634500,0.10%,282608680,213308568680,6275382.63,325856565
2032-12-07,48.7846,48.7846,48.7846,48.7846,62479000,0.00%,220129680,213308568680,3048013.02,0
2032-12-08,48.7846,48.7846,48.7846,48.7846,88386500,0.00%,131743180,213308568680,4311900.05,0
2032-12-09,48.7846,48.7846,48.7846,48.7846,73293500,0.00%,58449680,213308568680,3575594.08,0
2032-12-10,48.7846,48.8334,48.8334,48.7846,86860000,0.10%,301350868,213638329868,4241669.12,329761188
2032-12-13,48.8334,48.8334,48.8334,48.8334,44096500,0.00%,257254368,213638329868,2153382.02,0
2032-12-14,48.8334,48.8334,48.8334,48.8334,43666500,0.00%,213587868,213638329868,2132383.66,0
2032-12-15,48.8334,48.8334,48.8334,48.8334,52116000,0.00%,161471868,213638329868,2545001.47,0
2032-12-16,48.8334,48.8334,48.8334,48.8334,40764000,0.00%,120707868,213638329868,1990644.72,0
2032-12-17,48.8334,48.8334,48.8334,48.8334,54029500,0.00%,66678368,213638329868,2638444.19,0
2032-12-20,48.8334,48.8334,48.8334,48.8334,53535000,0.00%,13143368,213638329868,2614296.07,0
2032-12-21,48.8334,48.8822,48.8822,48.8334,62479000,0.10%,282932838,213970598338,3054110.97,332268469
2032-12-22,48.8822,48.8822,48.8822,48.8822,32938000,0.00%,249994838,213970598338,1610081.9,0
2032-12-23,48.8822,48.8822,48.8822,48.8822,52137500,0.00%,197857338,213970598338,2548595.7,0
2032-12-24,48.8822,48.8822,48.8822,48.8822,33325000,0.00%,164532338,213970598338,1628999.31,0
2032-12-29,48.8822,48.8822,48.8822,48.8822,52008500,0.00%,112523838,213970598338,2542289.9,0
2032-12-30,48.8822,48.8822,48.8822,48.8822,64693500,0.00%,47830338,213970598338,3162360.61,0
2032-12-31,48.8822,48.9311,48.9311,48.8822,58501500,0.10%,323127694,214304397194,2862542.75,333798855
2033-01-04,48.9311,48.9311,48.9311,48.9311,65912000,0.00%,257215694,214304397194,3225146.66,0
2033-01-05,48.9311,48.9311,48.9311,48.9311,82346000,0.00%,174869694,214304397194,4029280.36,0
2033-01-06,48.9311,48.9311,48.9311,48.9311,89760000,0.00%,85109694,214304397194,4392055.54,0
2033-01-07,48.9311,48.9311,48.9311,48.9311,59598000,0.00%,25511694,214304397194,2916195.7,0
2033-01-10,48.9311,48.98,48.98,48.9311,62304000,0.10%,299523577,214640713077,3051649.92,336315882
2033-01-11,48.98,48.98,48.98,48.98,43670000,0.00%,255853577,214640713077,2138956.6,0
2033-01-12,48.98,48.98,48.98,48.98,78584000,0.00%,177269577,214640713077,3849044.32,0
2033-01-13,48.98,48.98,48.98,48.98,89210000,0.00%,88059577,214640713077,4369505.8,0
2033-01-14,48.98,48.98,48.98,48.98,46134000,0.00%,41925577,214640713077,2259643.32,0
2033-01-17,48.98,49.029,49.029,48.98,43978000,0.10%,337739523,214980505023,2156197.36,339791945
2033-01-18,49.029,49.029,49.029,49.029,35420000,0.00%,302319523,214980505023,1736607.18,0
2033-01-19,49.029,49.029,49.029,49.029,59664000,0.00%,242655523,214980505023,2925266.26,0
2033-01-20,49.029,49.029,49.029,49.029,38170000,0.00%,204485523,214980505023,1871436.93,0
2033-01-21,49.029,49.029,49.029,49.029,37092000,0.00%,167393523,214980505023,1818583.67,0
2033-01-27,49.029,49.029,49.029,49.029,52206000,0.00%,115187523,214980505023,2559607.97,0
2033-01-28,49.029,49.029,49.029,49.029,40986000,0.00%,74201523,214980505023,2009502.59,0
2033-01-31,49.029,49.078,49.078,49.029,117986000,0.10%,296023063,215320312563,5790516.91,339807539
2033-02-01,49.078,49.078,49.078,49.078,122672000,0.00%,173351063,215320312563,6020496.42,0
2033-02-02,49.078,49.078,49.078,49.078,69124000,0.00%,104227063,215320312563,3392467.67,0
2033-02-03,49.078,49.078,49.078,49.078,52272000,0.00%,51955063,215320312563,2565405.22,0
2033-02-04,49.078,49.1271,49.1271,49.078,57068000,0.10%,337725936,215663151436,2803585.34,342838873
2033-02-07,49.1271,49.1271,49.1271,49.1271,56298000,0.00%,281427936,215663151436,2765757.48,0
2033-02-08,49.1271,49.1271,49.1271,49.1271,43560000,0.00%,237867936,215663151436,2139976.48,0
2033-02-09,49.1271,49.1271,49.1271,49.1271,37994000,0.00%,199873936,215663151436,1866535.04,0
2033-02-10,49.1271,49.1271,49.1271,49.1271,58652000,0.00%,141221936,215663151436,2881402.67,0
2033-02-11,49.1271,49.1271,49.1271,49.1271,54142000,0.00%,87079936,215663151436,2659839.45,0
2033-02-14,49.1271,49.1271,49.1271,49.1271,44792000,0.00%,42287936,215663151436,2200501.06,0
2033-02-15,49.1271,49.1271,49.1271,49.1271,39446000,0.00%,2841936,215663151436,1937867.59,0
2033-02-16,49.1271,49.1762,49.1762,49.1271,36300000,0.10%,310583843,216007193343,1785096.06,344041906
2033-02-17,49.1762,49.1762,49.1762,49.1762,48202000,0.00%,262381843,216007193343,2370391.19,0
2033-02-18,49.1762,49.1762,49.1762,49.1762,38984000,0.00%,223397843,216007193343,1917084.98,0
2033-02-21,49.1762,49.1762,49.1762,49.1762,27082000,0.00%,196315843,216007193343,1331789.85,0
2033-02-22,49.1762,49.1762,49.1762,49.1762,64482000,0.00%,131833843,216007193343,3170979.73,0
2033-02-23,49.1762,49.1762,49.1762,49.1762,72930000,0.00%,58903843,216007193343,3586420.27,0
2033-02-24,49.1762,49.1762,49.1762,49.1762,42746000,0.00%,16157843,216007193343,2102085.85,0
2033-02-25,49.1762,49.2254,49.2254,49.1762,53724000,0.10%,306314496,216351073996,2644585.39,343880653
2033-02-28,49.2254,49.2254,49.2254,49.2254,45056000,0.00%,261258496,216351073996,2217899.62,0
2033-03-01,49.2254,49.2254,49.2254,49.2254,57222000,0.00%,204036496,216351073996,2816775.84,0
2033-03-02,49.2254,49.2254,49.2254,49.2254,78342000,0.00%,125694496,216351073996,3856416.29,0
2033-03-03,49.2254,49.2254,49.2254,49.2254,32560000,0.00%,93134496,216351073996,1602779.02,0
2033-03-04,49.2254,49.2254,49.2254,49.2254,39116000,0.00%,54018496,216351073996,1925500.75,0
2033-03-07,49.2254,49.2254,49.2254,49.2254,27786000,0.00%,26232496,216351073996,1367776.96,0
2033-03-08,49.2254,49.2746,49.2746,49.2254,37488000,0.10%,333834558,216696164058,1847206.2,345090061
2033-03-09,49.2746,49.2746,49.2746,49.2746,46662000,0.00%,287172558,216696164058,2299251.39,0
2033-03-10,49.2746,49.2746,49.2746,49.2746,37994000,0.00%,249178558,216696164058,1872139.15,0
2033-03-11,49.2746,49.2746,49.2746,49.2746,82720000,0.00%,166458558,216696164058,4075994.91,0
2033-03-14,49.2746,49.2746,49.2746,49.2746,59686000,0.00%,106772558,216696164058,2941003.78,0
2033-03-15,49.2746,49.2746,49.2746,49.2746,46904000,0.00%,59868558,216696164058,2311175.84,0
2033-03-16,49.2746,49.2746,49.2746,49.2746,36454000,0.00%,23414558,216696164058,1796256.27,0
2033-03-17,49.2746,49.3239,49.3239,49.2746,52206000,0.10%,317246463,217042201963,2575003.52,346037905
2033-03-18,49.3239,49.3239,49.3239,49.3239,63866000,0.00%,253380463,217042201963,3150120.2,0
2033-03-21,49.3239,49.3239,49.3239,49.3239,44968000,0.00%,208412463,217042201963,2217997.14,0
2033-03-22,49.3239,49.3239,49.3239,49.3239,46816000,0.00%,161596463,217042201963,2309147.7,0
2033-03-23,49.3239,49.3239,49.3239,49.3239,43230000,0.00%,118366463,217042201963,2132272.2,0
2033-03-24,49.3239,49.3239,49.3239,49.3239,103070000,0.00%,15296463,217042201963,5083814.37,0
2033-03-25,49.3239,49.3732,49.3732,49.3239,73084000,0.10%,292811558,217392801058,3608390.95,350599094
2033-03-28,49.3732,49.3732,49.3732,49.3732,56760000,0.00%,236051558,217392801058,2802422.83,0
2033-03-29,49.3732,49.3732,49.3732,49.3732,68948000,0.00%,167103558,217392801058,3404183.39,0
2033-03-30,49.3732,49.3732,49.3732,49.3732,79420000,0.00%,87683558,217392801058,3921219.54,0
2033-03-31,49.3732,49.3732,49.3732,49.3732,55528000,0.00%,32155558,217392801058,2741595.05,0
2033-04-01,49.3732,49.4226,49.4226,49.3732,57112000,0.10%,327741228,217745498728,2822623.53,352697669
2033-04-04,49.4226,49.4226,49.4226,49.4226,41294000,0.00%,286447228,217745498728,2040856.84,0
2033-04-05,49.4226,49.4226,49.4226,49.4226,31350000,0.00%,255097228,217745498728,1549398.51,0
2033-04-07,49.4226,49.4226,49.4226,49.4226,32890000,0.00%,222207228,217745498728,1625509.31,0
2033-04-12,49.4226,49.4226,49.4226,49.4226,48246000,0.00%,173961228,217745498728,2384442.76,0
2033-04-13,49.4226,49.4226,49.4226,49.4226,89034000,0.00%,84927228,217745498728,4400291.77,0
2033-04-14,49.4226,49.4226,49.4226,49.4226,54912000,0.00%,30015228,217745498728,2713893.81,0
2033-04-15,49.4226,49.4226,49.4226,49.4226,28028000,0.00%,1987228,217745498728,1385216.63,0
2033-04-18,49.4226,49.472,49.472,49.4226,34562000,0.10%,321042876,218099116376,1709851.26,353617648
2033-04-19,49.472,49.472,49.472,49.472,30118000,0.00%,290924876,218099116376,1489997.7,0
2033-04-20,49.472,49.472,49.472,49.472,35816000,0.00%,255108876,218099116376,1771889.15,0
2033-04-21,49.472,49.472,49.472,49.472,23166000,0.00%,231942876,218099116376,1146068.35,0
2033-04-22,49.472,49.472,49.472,49.472,36344000,0.00%,195598876,218099116376,1798010.37,0
2033-04-25,49.472,49.472,49.472,49.472,45034000,0.00%,150564876,218099116376,2227922.05,0
2033-04-26,49.472,49.472,49.472,49.472,46090000,0.00%,104474876,218099116376,2280164.48,0
2033-04-27,49.472,49.472,49.472,49.472,55044000,0.00%,49430876,218099116376,2723136.77,0
2033-04-28,49.472,49.472,49.472,49.472,32472000,0.00%,16958876,218099116376,1606454.78,0
2033-04-29,49.472,49.5215,49.5215,49.472,33858000,0.10%,336454016,218452469516,1676698.95,353353140
2033-05-03,49.5215,49.5215,49.5215,49.5215,19030000,0.00%,317424016,218452469516,942394.15,0
2033-05-04,49.5215,49.5215,49.5215,49.5215,23210000,0.00%,294214016,218452469516,1149394.02,0
2033-05-05,49.5215,49.5215,49.5215,49.5215,38676000,0.00%,255538016,218452469516,1915293.53,0
2033-05-06,49.5215,49.5215,49.5215,49.5215,32582000,0.00%,222956016,218452469516,1613509.51,0
2033-05-09,49.5215,49.5215,49.5215,49.5215,23584000,0.00%,199372016,218452469516,1167915.06,0
2033-05-10,49.5215,49.5215,49.5215,49.5215,51788000,0.00%,147584016,218452469516,2564619.44,0
2033-05-11,49.5215,49.5215,49.5215,49.5215,34254000,0.00%,113330016,218452469516,1696309.46,0
2033-05-12,49.5215,49.5215,49.5215,49.5215,38654000,0.00%,74676016,218452469516,1914204.06,0
2033-05-13,49.5215,49.5215,49.5215,49.5215,39578000,0.00%,35098016,218452469516,1959961.93,0
2033-05-16,49.5215,49.571,49.571,49.5215,52228000,0.10%,334551216,218804150716,2588994.19,351681199
2033-05-17,49.571,49.571,49.571,49.571,31064000,0.00%,303487216,218804150716,1539873.54,0
2033-05-18,49.571,49.571,49.571,49.571,43032000,0.00%,260455216,218804150716,2133139.27,0
2033-05-19,49.571,49.571,49.571,49.571,75702000,0.00%,184753216,218804150716,3752623.84,0
2033-05-20,49.571,49.571,49.571,49.571,49918000,0.00%,134835216,218804150716,2474485.18,0
2033-05-23,49.571,49.571,49.571,49.571,44088000,0.00%,90747216,218804150716,2185486.25,0
2033-05-24,49.571,49.571,49.571,49.571,33044000,0.00%,57703216,218804150716,1638024.12,0
2033-05-25,49.571,49.571,49.571,49.571,29810000,0.00%,27893216,218804150716,1477711.51,0
2033-05-26,49.571,49.6206,49.6206,49.571,57266000,0.10%,321487352,219155010852,2841573.28,350860136
2033-05-30,49.6206,49.6206,49.6206,49.6206,63448000,0.00%,258039352,219155010852,3148327.83,0
2033-05-31,49.6206,49.6206,49.6206,49.6206,47828000,0.00%,210211352,219155010852,2373254.06,0
2033-06-01,49.6206,49.6206,49.6206,49.6206,70686000,0.00%,139525352,219155010852,3507481.73,0
2033-06-02,49.6206,49.6206,49.6206,49.6206,50490000,0.00%,89035352,219155010852,2505344.09,0
2033-06-03,49.6206,49.6206,49.6206,49.6206,70532000,0.00%,18503352,219155010852,3499840.16,0
2033-06-06,49.6206,49.6702,49.6702,49.6206,43758000,0.10%,323601822,219503867322,2173468.61,348856469
2033-06-07,49.6702,49.6702,49.6702,49.6702,36740000,0.00%,286861822,219503867322,1824883.15,0
2033-06-08,49.6702,49.6702,49.6702,49.6702,40150000,0.00%,246711822,219503867322,1994258.53,0
2033-06-09,49.6702,49.6702,49.6702,49.6702,28886000,0.00%,217825822,219503867322,1434773.4,0
2033-06-10,49.6702,49.6702,49.6702,49.6702,35596000,0.00%,182229822,219503867322,1768060.44,0
2033-06-13,49.6702,49.6702,49.6702,49.6702,29678000,0.00%,152551822,219503867322,1474112.2,0
2033-06-14,49.6702,49.6702,49.6702,49.6702,50864000,0.00%,101687822,219503867322,2526425.05,0
2033-06-15,49.6702,49.6702,49.6702,49.6702,48576000,0.00%,53111822,219503867322,2412779.64,0
2033-06-16,49.6702,49.7199,49.7199,49.6702,55022000,0.10%,331984293,219837761793,2735688.34,333894471
2033-06-17,49.7199,49.7199,49.7199,49.7199,78870000,0.00%,253114293,219837761793,3921408.51,0
2033-06-20,49.7199,49.7199,49.7199,49.7199,44594000,0.00%,208520293,219837761793,2217209.22,0
2033-06-21,49.7199,49.7199,49.7199,49.7199,35816000,0.00%,172704293,219837761793,1780767.94,0
2033-06-22,49.7199,49.7199,49.7199,49.7199,42460000,0.00%,130244293,219837761793,2111106.95,0
2033-06-24,49.7199,49.7199,49.7199,49.7199,30580000,0.00%,99664293,219837761793,1520434.54,0
2033-06-27,49.7199,49.7199,49.7199,49.7199,39952000,0.00%,59712293,219837761793,1986409.44,0
2033-06-28,49.7199,49.7199,49.7199,49.7199,38478000,0.00%,21234293,219837761793,1913122.31,0
2033-06-29,49.7199,49.7696,49.7696,49.7199,34958000,0.10%,319080408,220170565908,1739845.68,332804114
2033-06-30,49.7696,49.7696,49.7696,49.7696,29744000,0.00%,289336408,220170565908,1480346.98,0
2033-07-01,49.7696,49.7696,49.7696,49.7696,35640000,0.00%,253696408,220170565908,1773788.54,0
2033-07-04,49.7696,49.7696,49.7696,49.7696,31240000,0.00%,222456408,220170565908,1554802.3,0
2033-07-05,49.7696,49.7696,49.7696,49.7696,20768000,0.00%,201688408,220170565908,1033615.05,0
2033-07-06,49.7696,49.7696,49.7696,49.7696,21692000,0.00%,179996408,220170565908,1079602.16,0
2033-07-07,49.7696,49.7696,49.7696,49.7696,43516000,0.00%,136480408,220170565908,2165773.91,0
2033-07-08,49.7696,49.7696,49.7696,49.7696,47520000,0.00%,88960408,220170565908,2365051.39,0
2033-07-11,49.7696,49.7696,49.7696,49.7696,38038000,0.00%,50922408,220170565908,1893136.04,0
2033-07-12,49.7696,49.7696,49.7696,49.7696,27192000,0.00%,23730408,220170565908,1353334.96,0
2033-07-13,49.7696,49.8194,49.8194,49.7696,37070000,0.10%,318157255,220502062755,1846805.16,331496846
2033-07-14,49.8194,49.8194,49.8194,49.8194,60104000,0.00%,258053255,220502062755,2994345.22,0
2033-07-15,49.8194,49.8194,49.8194,49.8194,46662000,0.00%,211391255,220502062755,2324672.84,0
2033-07-19,49.8194,49.8194,49.8194,49.8194,64130000,0.00%,147261255,220502062755,3194918.12,0
2033-07-20,49.8194,49.8194,49.8194,49.8194,48202000,0.00%,99059255,220502062755,2401394.72,0
2033-07-21,49.8194,49.8194,49.8194,49.8194,36432000,0.00%,62627255,220502062755,1815020.38,0
2033-07-22,49.8194,49.8194,49.8194,49.8194,26048000,0.00%,36579255,220502062755,1297695.73,0
2033-07-25,49.8194,49.8692,49.8692,49.8194,38390000,0.10%,327904866,220831778366,1914478.59,329715610
2033-07-26,49.8692,49.8692,49.8692,49.8692,64240000,0.00%,263664866,220831778366,3203597.41,0
2033-07-27,49.8692,49.8692,49.8692,49.8692,32868000,0.00%,230796866,220831778366,1639100.87,0
2033-07-28,49.8692,49.8692,49.8692,49.8692,30030000,0.00%,200766866,220831778366,1497572.08,0
2033-07-29,49.8692,49.8692,49.8692,49.8692,48928000,0.00%,151838866,220831778366,2440000.22,0
2033-08-01,49.8692,49.8692,49.8692,49.8692,80960000,0.00%,70878866,220831778366,4037410.43,0
2033-08-02,49.8692,49.8692,49.8692,49.8692,51568000,0.00%,19310866,220831778366,2571654.91,0
2033-08-03,49.8692,49.9191,49.9191,49.8692,46288000,0.10%,303608527,221162364027,2310655.3,330585661
2033-08-04,49.9191,49.9191,49.9191,49.9191,36652000,0.00%,266956527,221162364027,1829634.85,0
2033-08-05,49.9191,49.9191,49.9191,49.9191,42020000,0.00%,224936527,221162364027,2097600.58,0
2033-08-08,49.9191,49.9191,49.9191,49.9191,20856000,0.00%,204080527,221162364027,1041112.75,0
2033-08-09,49.9191,49.9191,49.9191,49.9191,33836000,0.00%,170244527,221162364027,1689062.67,0
2033-08-10,49.9191,49.9191,49.9191,49.9191,26224000,0.00%,144020527,221162364027,1309078.48,0
2033-08-11,49.9191,49.9191,49.9191,49.9191,24618000,0.00%,119402527,221162364027,1228908.4,0
2033-08-12,49.9191,49.9191,49.9191,49.9191,27060000,0.00%,92342527,221162364027,1350810.85,0
2033-08-15,49.9191,49.9191,49.9191,49.9191,34650000,0.00%,57692527,221162364027,1729696.81,0
2033-08-16,49.9191,49.9191,49.9191,49.9191,23738000,0.00%,33954527,221162364027,1184979.6,0
2033-08-17,49.9191,49.969,49.969,49.9191,36256000,0.10%,323854573,221488520073,1811676.06,326156045
2033-08-18,49.969,49.969,49.969,49.969,63404000,0.00%,260450573,221488520073,3168234.48,0
2033-08-19,49.969,49.969,49.969,49.969,39842000,0.00%,220608573,221488520073,1990864.9,0
2033-08-22,49.969,49.969,49.969,49.969,56540000,0.00%,164068573,221488520073,2825247.26,0
2033-08-23,49.969,49.969,49.969,49.969,54296000,0.00%,109772573,221488520073,2713116.82,0
2033-08-24,49.969,49.969,49.969,49.969,37928000,0.00%,71844573,221488520073,1895224.23,0
2033-08-25,49.969,49.969,49.969,49.969,49148000,0.00%,22696573,221488520073,2455876.41,0
2033-08-26,49.969,50.019,50.019,49.969,27588000,0.10%,318741519,221812153019,1379924.17,323632945
2033-08-29,50.019,50.019,50.019,50.019,42680000,0.00%,276061519,221812153019,2134810.92,0
2033-08-30,50.019,50.019,50.019,50.019,33836000,0.00%,242225519,221812153019,1692442.88,0
2033-08-31,50.019,50.019,50.019,50.019,33418000,0.00%,208807519,221812153019,1671534.94,0
2033-09-01,50.019,50.019,50.019,50.019,109428000,0.00%,99379519,221812153019,5473479.13,0
2033-09-05,50.019,50.019,50.019,50.019,67650000,0.00%,31729519,221812153019,3383785.35,0
2033-09-06,50.019,50.019,50.019,50.019,29150000,0.00%,2579519,221812153019,1458053.85,0
2033-09-07,50.019,50.069,50.069,50.019,36278000,0.10%,289856604,222135708104,1816403.18,323555085
2033-09-08,50.069,50.069,50.069,50.069,36784000,0.00%,253072604,222135708104,1841738.1,0
2033-09-12,50.069,50.069,50.069,50.069,41382000,0.00%,211690604,222135708104,2071955.36,0
2033-09-13,50.069,50.069,50.069,50.069,22880000,0.00%,188810604,222135708104,1145578.72,0
2033-09-14,50.069,50.069,50.069,50.069,23452000,0.00%,165358604,222135708104,1174218.19,0
2033-09-15,50.069,50.069,50.069,50.069,22330000,0.00%,143028604,222135708104,1118040.77,0
2033-09-16,50.069,50.069,50.069,50.069,42284000,0.00%,100744604,222135708104,2117117.6,0
2033-09-19,50.069,50.069,50.069,50.069,32428000,0.00%,68316604,222135708104,1623637.53,0
2033-09-20,50.069,50.069,50.069,50.069,34276000,0.00%,34040604,222135708104,1716165.04,0
2033-09-21,50.069,50.069,50.069,50.069,30052000,0.00%,3988604,222135708104,1504673.59,0
2033-09-22,50.069,50.119,50.119,50.069,42064000,0.10%,279781022,222453564522,2108205.62,317856418
2033-09-23,50.119,50.119,50.119,50.119,46728000,0.00%,233053022,222453564522,2341960.63,0
2033-09-26,50.119,50.119,50.119,50.119,40282000,0.00%,192771022,222453564522,2018893.56,0
2033-09-27,50.119,50.119,50.119,50.119,35024000,0.00%,157747022,222453564522,1755367.86,0
2033-09-28,50.119,50.119,50.119,50.119,31240000,0.00%,126507022,222453564522,1565717.56,0
2033-09-29,50.119,50.119,50.119,50.119,34320000,0.00%,92187022,222453564522,1720084.08,0
2033-09-30,50.119,50.119,50.119,50.119,24750000,0.00%,67437022,222453564522,1240445.25,0
2033-10-04,50.119,50.119,50.119,50.119,33264000,0.00%,34173022,222453564522,1667158.42,0
2033-10-05,50.119,50.119,50.119,50.119,24068000,0.00%,10105022,222453564522,1206264.09,0
2033-10-06,50.119,50.1692,50.1692,50.119,23760000,0.10%,303206596,222770426096,1192020.19,316861573
2033-10-07,50.1692,50.1692,50.1692,50.1692,24376000,0.00%,278830596,222770426096,1222924.42,0
2033-10-10,50.1692,50.1692,50.1692,50.1692,25080000,0.00%,253750596,222770426096,1258243.54,0
2033-10-11,50.1692,50.1692,50.1692,50.1692,36190000,0.00%,217560596,222770426096,1815623.35,0
2033-10-12,50.1692,50.1692,50.1692,50.1692,36124000,0.00%,181436596,222770426096,1812312.18,0
2033-10-13,50.1692,50.1692,50.1692,50.1692,29590000,0.00%,151846596,222770426096,1484506.63,0
2033-10-14,50.1692,50.1692,50.1692,50.1692,29414000,0.00%,122432596,222770426096,1475676.85,0
2033-10-17,50.1692,50.1692,50.1692,50.1692,27390000,0.00%,95042596,222770426096,1374134.39,0
2033-10-18,50.1692,50.1692,50.1692,50.1692,20240000,0.00%,74802596,222770426096,1015424.61,0
2033-10-19,50.1692,50.1692,50.1692,50.1692,26400000,0.00%,48402596,222770426096,1324466.88,0
2033-10-20,50.1692,50.1692,50.1692,50.1692,37884000,0.00%,10518596,222770426096,1900609.97,0
2033-10-21,50.1692,50.2193,50.2193,50.1692,42262000,0.10%,282251549,223084421049,2122368.06,313994953
2033-10-25,50.2193,50.2193,50.2193,50.2193,47564000,0.00%,234687549,223084421049,2388630.79,0
2033-10-26,50.2193,50.2193,50.2193,50.2193,38522000,0.00%,196165549,223084421049,1934547.87,0
2033-10-27,50.2193,50.2193,50.2193,50.2193,25190000,0.00%,170975549,223084421049,1265024.17,0
2033-10-28,50.2193,50.2193,50.2193,50.2193,36212000,0.00%,134763549,223084421049,1818541.29,0
2033-10-31,50.2193,50.2193,50.2193,50.2193,31592000,0.00%,103171549,223084421049,1586528.13,0
2033-11-01,50.2193,50.2193,50.2193,50.2193,30206000,0.00%,72965549,223084421049,1516924.18,0
2033-11-02,50.2193,50.2193,50.2193,50.2193,24222000,0.00%,48743549,223084421049,1216411.88,0
2033-11-03,50.2193,50.2193,50.2193,50.2193,23056000,0.00%,25687549,223084421049,1157856.18,0
2033-11-04,50.2193,50.2695,50.2695,50.2193,47476000,0.10%,291124365,223397333865,2386594.78,312912815
2033-11-07,50.2695,50.2695,50.2695,50.2695,59092000,0.00%,232032365,223397333865,2970525.29,0
2033-11-08,50.2695,50.2695,50.2695,50.2695,29480000,0.00%,202552365,223397333865,1481944.86,0
2033-11-09,50.2695,50.2695,50.2695,50.2695,28336000,0.00%,174216365,223397333865,1424436.55,0
2033-11-10,50.2695,50.2695,50.2695,50.2695,22594000,0.00%,151622365,223397333865,1135789.08,0
2033-11-11,50.2695,50.2695,50.2695,50.2695,21714000,0.00%,129908365,223397333865,1091551.92,0
2033-11-14,50.2695,50.2695,50.2695,50.2695,29898000,0.00%,100010365,223397333865,1502957.51,0
2033-11-15,50.2695,50.2695,50.2695,50.2695,27456000,0.00%,72554365,223397333865,1380199.39,0
2033-11-16,50.2695,50.2695,50.2695,50.2695,71390000,0.00%,1164365,223397333865,3588739.61,0
2033-11-17,50.2695,50.3198,50.3198,50.2695,77660000,0.10%,236487731,223710317231,3907835.67,312983365
2033-11-18,50.3198,50.3198,50.3198,50.3198,48334000,0.00%,188153731,223710317231,2432157.21,0
2033-11-21,50.3198,50.3198,50.3198,50.3198,61116000,0.00%,127037731,223710317231,3075344.9,0
2033-11-22,50.3198,50.3198,50.3198,50.3198,53218000,0.00%,73819731,223710317231,2677919.12,0
2033-11-23,50.3198,50.3198,50.3198,50.3198,31174000,0.00%,42645731,223710317231,1568669.45,0
2033-11-24,50.3198,50.3198,50.3198,50.3198,31966000,0.00%,10679731,223710317231,1608522.73,0
2033-11-25,50.3198,50.3701,50.3701,50.3198,33528000,0.10%,291585309,224024750809,1688808.71,314433577
2033-11-28,50.3701,50.3701,50.3701,50.3701,26906000,0.00%,264679309,224024750809,1355257.91,0
2033-11-29,50.3701,50.3701,50.3701,50.3701,33330000,0.00%,231349309,224024750809,1678835.43,0
2033-11-30,50.3701,50.3701,50.3701,50.3701,37092000,0.00%,194257309,224024750809,1868327.75,0
2033-12-01,50.3701,50.3701,50.3701,50.3701,66682000,0.00%,127575309,224024750809,3358779.01,0
2033-12-02,50.3701,50.3701,50.3701,50.3701,33330000,0.00%,94245309,224024750809,1678835.43,0
2033-12-05,50.3701,50.3701,50.3701,50.3701,32802000,0.00%,61443309,224024750809,1652240.02,0
2033-12-06,50.3701,50.3701,50.3701,50.3701,52206000,0.00%,9237309,224024750809,2629621.44,0
2033-12-07,50.3701,50.4205,50.4205,50.3701,34980000,0.10%,289515905,224340009405,1763709.09,315258596
2033-12-08,50.4205,50.4205,50.4205,50.4205,30140000,0.00%,259375905,224340009405,1519673.87,0
2033-12-09,50.4205,50.4205,50.4205,50.4205,36520000,0.00%,222855905,224340009405,1841356.66,0
2033-12-12,50.4205,50.4205,50.4205,50.4205,40480000,0.00%,182375905,224340009405,2041021.84,0
2033-12-13,50.4205,50.4205,50.4205,50.4205,28600000,0.00%,153775905,224340009405,1442026.3,0
2033-12-14,50.4205,50.4205,50.4205,50.4205,31130000,0.00%,122645905,224340009405,1569590.17,0
2033-12-15,50.4205,50.4205,50.4205,50.4205,37840000,0.00%,84805905,224340009405,1907911.72,0
2033-12-16,50.4205,50.4205,50.4205,50.4205,68024000,0.00%,16781905,224340009405,3429804.09,0
2033-12-19,50.4205,50.4709,50.4709,50.4205,26598000,0.10%,305108856,224654934356,1342425.0,314924950
2033-12-20,50.4709,50.4709,50.4709,50.4709,27566000,0.00%,277542856,224654934356,1391280.83,0
2033-12-21,50.4709,50.4709,50.4709,50.4709,31218000,0.00%,246324856,224654934356,1575600.56,0
2033-12-22,50.4709,50.4709,50.4709,50.4709,22374000,0.00%,223950856,224654934356,1129235.92,0
2033-12-23,50.4709,50.5214,50.5214,50.4709,323422000,0.10%,214586648,224968992148,16339732.23,314057791
2033-12-28,50.5214,50.5214,50.5214,50.5214,141834000,0.00%,72752648,224968992148,7165652.25,0
2033-12-29,50.5214,50.5719,50.5719,50.5214,83248000,0.10%,312463188,225291950688,4210009.53,322958540
2033-12-30,50.5719,50.5719,50.5719,50.5719,43164000,0.00%,269299188,225291950688,2182885.49,0
2034-01-03,50.5719,50.5719,50.5719,50.5719,52537500,0.00%,216761688,225291950688,2656921.2,0
2034-01-04,50.5719,50.5719,50.5719,50.5719,45877500,0.00%,170884188,225291950688,2320112.34,0
2034-01-05,50.5719,50.5719,50.5719,50.5719,45495000,0.00%,125389188,225291950688,2300768.59,0
2034-01-06,50.5719,50.5719,50.5719,50.5719,53437500,0.00%,71951688,225291950688,2702435.91,0
2034-01-09,50.5719,50.5719,50.5719,50.5719,37619999,0.00%,34331688,225291950688,1902514.88,0
2034-01-10,50.5719,50.6225,50.6225,50.5719,38092500,0.10%,320154334,225615865834,1928337.58,323915145
2034-01-11,50.6225,50.6225,50.6225,50.6225,43087500,0.00%,277066834,225615865834,2181196.97,0
2034-01-12,50.6225,50.6225,50.6225,50.6225,46350000,0.00%,230716834,225615865834,2346352.88,0
2034-01-13,50.6225,50.6225,50.6225,50.6225,35482500,0.00%,195234334,225615865834,1796212.86,0
2034-01-16,50.6225,50.6225,50.6225,50.6225,36742499,0.00%,158491834,225615865834,1859997.21,0
2034-01-17,50.6225,50.6225,50.6225,50.6225,50040000,0.00%,108451834,225615865834,2533149.9,0
2034-01-18,50.6225,50.6225,50.6225,50.6225,81247500,0.00%,27204334,225615865834,4112951.57,0
2034-01-19,50.6225,50.6731,50.6731,50.6225,55350000,0.10%,288719741,225932731241,2804756.08,316865407
2034-01-20,50.6731,50.6731,50.6731,50.6731,60525000,0.00%,228194741,225932731241,3066989.38,0
2034-01-23,50.6731,50.6731,50.6731,50.6731,75712500,0.00%,152482241,225932731241,3836587.08,0
2034-01-24,50.6731,50.6731,50.6731,50.6731,80122500,0.00%,72359741,225932731241,4060055.45,0
2034-01-25,50.6731,50.7238,50.7238,50.6731,76185000,0.10%,309871709,226246428209,3864392.7,313696967
2034-01-26,50.7238,50.7238,50.7238,50.7238,76860000,0.00%,233011709,226246428209,3898631.27,0
2034-01-27,50.7238,50.7238,50.7238,50.7238,55845000,0.00%,177166709,226246428209,2832670.61,0
2034-01-30,50.7238,50.7238,50.7238,50.7238,45360000,0.00%,131806709,226246428209,2300831.57,0
2034-01-31,50.7238,50.7238,50.7238,50.7238,48397500,0.00%,83409209,226246428209,2454905.11,0
2034-02-01,50.7238,50.7238,50.7238,50.7238,45112500,0.00%,38296709,226246428209,2288277.43,0
2034-02-02,50.7238,50.7745,50.7745,50.7238,38992500,0.10%,310546471,226557670471,1979824.69,311242262
2034-02-03,50.7745,50.7745,50.7745,50.7745,69862500,0.00%,240683971,226557670471,3547233.51,0
2034-02-06,50.7745,50.7745,50.7745,50.7745,46035000,0.00%,194648971,226557670471,2337404.11,0
2034-02-07,50.7745,50.7745,50.7745,50.7745,64935000,0.00%,129713971,226557670471,3297042.16,0
2034-02-08,50.7745,50.7745,50.7745,50.7745,59265000,0.00%,70448971,226557670471,3009150.74,0
2034-02-09,50.7745,50.7745,50.7745,50.7745,40297500,0.00%,30151471,226557670471,2046085.41,0
2034-02-10,50.7745,50.7745,50.7745,50.7745,15142500,0.00%,15008971,226557670471,768852.87,0
2034-02-15,50.7745,50.8253,50.8253,50.7745,26032500,0.10%,291682618,226860376618,1323109.62,302706147
2034-02-16,50.8253,50.8253,50.8253,50.8253,28282500,0.00%,263400118,226860376618,1437466.55,0
2034-02-17,50.8253,50.8253,50.8253,50.8253,38745000,0.00%,224655118,226860376618,1969226.25,0
2034-02-20,50.8253,50.8253,50.8253,50.8253,34695000,0.00%,189960118,226860376618,1763383.78,0
2034-02-21,50.8253,50.8253,50.8253,50.8253,35482500,0.00%,154477618,226860376618,1803408.71,0
2034-02-22,50.8253,50.8253,50.8253,50.8253,53887500,0.00%,100590118,226860376618,2738848.35,0
2034-02-23,50.8253,50.8253,50.8253,50.8253,27990000,0.00%,72600118,226860376618,1422600.15,0
2034-02-24,50.8253,50.8253,50.8253,50.8253,29767500,0.00%,42832618,226860376618,1512942.12,0
2034-02-27,50.8253,50.8253,50.8253,50.8253,27922500,0.00%,14910118,226860376618,1419169.44,0
2034-02-28,50.8253,50.8761,50.8761,50.8253,53122500,0.10%,258566386,227157155386,2702665.62,296778767
2034-03-01,50.8761,50.8761,50.8761,50.8761,58275000,0.00%,200291386,227157155386,2964804.73,0
2034-03-02,50.8761,50.8761,50.8761,50.8761,66870000,0.00%,133421386,227157155386,3402084.81,0
2034-03-03,50.8761,50.8761,50.8761,50.8761,62887500,0.00%,70533886,227157155386,3199470.74,0
2034-03-06,50.8761,50.8761,50.8761,50.8761,31117500,0.00%,39416386,227157155386,1583137.04,0
2034-03-07,50.8761,50.927,50.927,50.8761,58635000,0.10%,275486585,227451860585,2986104.65,294705198
2034-03-08,50.927,50.927,50.927,50.927,52402500,0.00%,223084085,227451860585,2668702.12,0
2034-03-09,50.927,50.927,50.927,50.927,38610000,0.00%,184474085,227451860585,1966291.47,0
2034-03-10,50.927,50.927,50.927,50.927,27945000,0.00%,156529085,227451860585,1423155.02,0
2034-03-13,50.927,50.927,50.927,50.927,40207500,0.00%,116321585,227451860585,2047647.35,0
2034-03-14,50.927,50.927,50.927,50.927,82192500,0.00%,34129085,227451860585,4185817.45,0
2034-03-15,50.927,50.9779,50.9779,50.927,45157500,0.10%,283970387,227746859387,2302034.52,294998801
2034-03-16,50.9779,50.9779,50.9779,50.9779,32017500,0.00%,251952887,227746859387,1632184.91,0
2034-03-17,50.9779,50.9779,50.9779,50.9779,65655000,0.00%,186297887,227746859387,3346954.02,0
2034-03-20,50.9779,50.9779,50.9779,50.9779,44167500,0.00%,142130387,227746859387,2251566.4,0
2034-03-21,50.9779,50.9779,50.9779,50.9779,35190000,0.00%,106940387,227746859387,1793912.3,0
2034-03-22,50.9779,50.9779,50.9779,50.9779,35145000,0.00%,71795387,227746859387,1791618.3,0
2034-03-23,50.9779,51.0289,51.0289,50.9779,82957500,0.10%,283936926,228041958426,4233229.97,295099039
2034-03-24,51.0289,51.0289,51.0289,51.0289,59467500,0.00%,224469426,228041958426,3034561.11,0
2034-03-27,51.0289,51.0289,51.0289,51.0289,47542500,0.00%,176926926,228041958426,2426041.48,0
2034-03-28,51.0289,51.0289,51.0289,51.0289,76500000,0.00%,100426926,228041958426,3903710.85,0
2034-03-29,51.0289,51.0289,51.0289,51.0289,87187500,0.00%,13239426,228041958426,4449082.22,0
2034-03-30,51.0289,51.0799,51.0799,51.0289,67500000,0.10%,241472340,228337691340,3447893.25,295732913
2034-04-04,51.0799,51.0799,51.0799,51.0799,59760000,0.00%,181712340,228337691340,3052534.82,0
2034-04-05,51.0799,51.0799,51.0799,51.0799,44325000,0.00%,137387340,228337691340,2264116.57,0
2034-04-07,51.0799,51.0799,51.0799,51.0799,30555000,0.00%,106832340,228337691340,1560746.34,0
2034-04-10,51.0799,51.0799,51.0799,51.0799,48735000,0.00%,58097340,228337691340,2489378.93,0
2034-04-11,51.0799,51.0799,51.0799,51.0799,40230000,0.00%,17867340,228337691340,2054944.38,0
2034-04-12,51.0799,51.131,51.131,51.0799,55642500,0.10%,256851252,228632317752,2845056.67,294626412
2034-04-13,51.131,51.131,51.131,51.131,42367500,0.00%,214483752,228632317752,2166292.64,0
2034-04-14,51.131,51.131,51.131,51.131,51817500,0.00%,162666252,228632317752,2649480.59,0
2034-04-17,51.131,51.131,51.131,51.131,41175000,0.00%,121491252,228632317752,2105318.92,0
2034-04-18,51.131,51.131,51.131,51.131,44302500,0.00%,77188752,228632317752,2265231.13,0
2034-04-19,51.131,51.131,51.131,51.131,32422500,0.00%,44766252,228632317752,1657794.85,0
2034-04-20,51.131,51.131,51.131,51.131,42885000,0.00%,1881252,228632317752,2192752.94,0
2034-04-21,51.131,51.1821,51.1821,51.131,43807500,0.10%,253525764,228927769764,2242159.85,295452012
2034-04-24,51.1821,51.1821,51.1821,51.1821,92542500,0.00%,160983264,228927769764,4736519.49,0
2034-04-25,51.1821,51.1821,51.1821,51.1821,98595000,0.00%,62388264,228927769764,5046299.15,0
2034-04-26,51.1821,51.2333,51.2333,51.1821,93307500,0.10%,263656904,229222345904,4780451.14,294576139
2034-04-27,51.2333,51.2333,51.2333,51.2333,62392500,0.00%,201264404,229222345904,3196573.67,0
2034-04-28,51.2333,51.2333,51.2333,51.2333,66600000,0.00%,134664404,229222345904,3412137.78,0
2034-05-01,51.2333,51.2333,51.2333,51.2333,57195000,0.00%,77469404,229222345904,2930288.59,0
2034-05-02,51.2333,51.2333,51.2333,51.2333,35910000,0.00%,41559404,229222345904,1839787.8,0
2034-05-04,51.2333,51.2845,51.2845,51.2333,50580000,0.10%,287759615,229519126115,2593970.01,296780210
2034-05-05,51.2845,51.2845,51.2845,51.2845,53077500,0.00%,234682115,229519126115,2722053.05,0
2034-05-08,51.2845,51.2845,51.2845,51.2845,58972500,0.00%,175709615,229519126115,3024375.18,0
2034-05-09,51.2845,51.2845,51.2845,51.2845,43672500,0.00%,132037115,229519126115,2239722.33,0
2034-05-10,51.2845,51.2845,51.2845,51.2845,45135000,0.00%,86902115,229519126115,2314725.91,0
2034-05-11,51.2845,51.2845,51.2845,51.2845,36067500,0.00%,50834615,229519126115,1849703.7,0
2034-05-12,51.2845,51.2845,51.2845,51.2845,35302500,0.00%,15532115,229519126115,1810471.06,0
2034-05-15,51.2845,51.3358,51.3358,51.2845,46260000,0.10%,266869668,229816723668,2374794.11,297597553
2034-05-16,51.3358,51.3358,51.3358,51.3358,48600000,0.00%,218269668,229816723668,2494919.88,0
2034-05-18,51.3358,51.3358,51.3358,51.3358,131467500,0.00%,86802168,229816723668,6748989.29,0
2034-05-19,51.3358,51.3358,51.3358,51.3358,62820000,0.00%,23982168,229816723668,3224914.96,0
2034-05-22,51.3358,51.3872,51.3872,51.3358,50242500,0.10%,273800534,230116784534,2581821.4,300060865
2034-05-23,51.3872,51.3872,51.3872,51.3872,69030000,0.00%,204770534,230116784534,3547258.42,0
2034-05-24,51.3872,51.3872,51.3872,51.3872,50332500,0.00%,154438034,230116784534,2586446.24,0
2034-05-25,51.3872,51.3872,51.3872,51.3872,41220000,0.00%,113218034,230116784534,2118180.38,0
2034-05-26,51.3872,51.3872,51.3872,51.3872,43065000,0.00%,70153034,230116784534,2212989.77,0
2034-05-29,51.3872,51.4386,51.4386,51.3872,72292500,0.10%,298335706,230417259706,3718624.99,300475172
2034-05-30,51.4386,51.4386,51.4386,51.4386,37372500,0.00%,260963206,230417259706,1922389.08,0
2034-05-31,51.4386,51.4386,51.4386,51.4386,61605000,0.00%,199358206,230417259706,3168874.95,0
2034-06-01,51.4386,51.4386,51.4386,51.4386,49522500,0.00%,149835706,230417259706,2547368.07,0
2034-06-02,51.4386,51.4386,51.4386,51.4386,90090000,0.00%,59745706,230417259706,4634103.47,0
2034-06-05,51.4386,51.49,51.49,51.4386,63292500,0.10%,300251780,230721058280,3258930.83,303798573
2034-06-06,51.49,51.49,51.49,51.49,40590000,0.00%,259661780,230721058280,2089979.1,0
2034-06-07,51.49,51.49,51.49,51.49,45472500,0.00%,214189280,230721058280,2341379.02,0
2034-06-08,51.49,51.49,51.49,51.49,42502500,0.00%,171686780,230721058280,2188453.73,0
2034-06-09,51.49,51.49,51.49,51.49,56812500,0.00%,114874280,230721058280,2925275.62,0
2034-06-13,51.49,51.49,51.49,51.49,59625000,0.00%,55249280,230721058280,3070091.25,0
2034-06-14,51.49,51.49,51.49,51.49,33660000,0.00%,21589280,230721058280,1733153.4,0
2034-06-15,51.49,51.5415,51.5415,51.49,34515000,0.10%,290673947,231024657947,1778954.87,303599667
2034-06-16,51.5415,51.5415,51.5415,51.5415,46935000,0.00%,243738947,231024657947,2419100.3,0
2034-06-19,51.5415,51.5415,51.5415,51.5415,34380000,0.00%,209358947,231024657947,1771996.77,0
2034-06-20,51.5415,51.5415,51.5415,51.5415,32130000,0.00%,177228947,231024657947,1656028.4,0
2034-06-21,51.5415,51.5415,51.5415,51.5415,50197500,0.00%,127031447,231024657947,2587254.45,0
2034-06-22,51.5415,51.5415,51.5415,51.5415,31612500,0.00%,95418947,231024657947,1629355.67,0
2034-06-23,51.5415,51.5415,51.5415,51.5415,58185000,0.00%,37233947,231024657947,2998942.18,0
2034-06-26,51.5415,51.5415,51.5415,51.5415,29070000,0.00%,8163947,231024657947,1498311.41,0
2034-06-27,51.5415,51.593,51.593,51.5415,28777500,0.10%,279255532,231324527032,1484717.56,299869084
2034-06-28,51.593,51.593,51.593,51.593,26752500,0.00%,252503032,231324527032,1380241.73,0
2034-06-29,51.593,51.593,51.593,51.593,39397500,0.00%,213105532,231324527032,2032635.22,0
2034-06-30,51.593,51.593,51.593,51.593,35010000,0.00%,178095532,231324527032,1806270.93,0
2034-07-04,51.593,51.593,51.593,51.593,61357500,0.00%,116738032,231324527032,3165617.5,0
2034-07-05,51.593,51.593,51.593,51.593,50085000,0.00%,66653032,231324527032,2584035.41,0
2034-07-06,51.593,51.593,51.593,51.593,34740000,0.00%,31913032,231324527032,1792340.82,0
2034-07-07,51.593,51.593,51.593,51.593,23670000,0.00%,8243032,231324527032,1221206.31,0
2034-07-10,51.593,51.6446,51.6446,51.593,26145000,0.10%,280941385,231623370385,1350248.07,298843353
2034-07-11,51.6446,51.6446,51.6446,51.6446,29295000,0.00%,251646385,231623370385,1512928.56,0
2034-07-12,51.6446,51.6446,51.6446,51.6446,35077500,0.00%,216568885,231623370385,1811563.46,0
2034-07-13,51.6446,51.6446,51.6446,51.6446,37327500,0.00%,179241385,231623370385,1927763.81,0
2034-07-14,51.6446,51.6446,51.6446,51.6446,61920000,0.00%,117321385,231623370385,3197833.63,0
2034-07-17,51.6446,51.6446,51.6446,51.6446,30780000,0.00%,86541385,231623370385,1589620.79,0
2034-07-18,51.6446,51.6446,51.6446,51.6446,42885000,0.00%,43656385,231623370385,2214778.67,0
2034-07-19,51.6446,51.6963,51.6963,51.6446,58185000,0.10%,285301239,231923200239,3007949.22,299829853
2034-07-20,51.6963,51.6963,51.6963,51.6963,42615000,0.00%,242686239,231923200239,2203037.82,0
2034-07-21,51.6963,51.6963,51.6963,51.6963,51952500,0.00%,190733739,231923200239,2685752.03,0
2034-07-24,51.6963,51.6963,51.6963,51.6963,38160000,0.00%,152573739,231923200239,1972730.81,0
2034-07-25,51.6963,51.6963,51.6963,51.6963,27225000,0.00%,125348739,231923200239,1407431.77,0
2034-07-26,51.6963,51.6963,51.6963,51.6963,26550000,0.00%,98798739,231923200239,1372536.77,0
2034-07-27,51.6963,51.6963,51.6963,51.6963,58027500,0.00%,40771239,231923200239,2999807.05,0
2034-07-28,51.6963,51.6963,51.6963,51.6963,29857500,0.00%,10913739,231923200239,1543522.28,0
2034-07-31,51.6963,51.748,51.748,51.6963,28957500,0.10%,284161423,232225405423,1498492.71,302205184
2034-08-01,51.748,51.748,51.748,51.748,21937500,0.00%,262223923,232225405423,1135221.75,0
2034-08-02,51.748,51.748,51.748,51.748,45675000,0.00%,216548923,232225405423,2363589.9,0
2034-08-03,51.748,51.748,51.748,51.748,27922500,0.00%,188626423,232225405423,1444933.53,0
2034-08-04,51.748,51.748,51.748,51.748,39847500,0.00%,148778923,232225405423,2062028.43,0
2034-08-07,51.748,51.748,51.748,51.748,51660000,0.00%,97118923,232225405423,2673301.68,0
2034-08-08,51.748,51.748,51.748,51.748,39757500,0.00%,57361423,232225405423,2057371.11,0
2034-08-09,51.748,51.748,51.748,51.748,35640000,0.00%,21721423,232225405423,1844298.72,0
2034-08-10,51.748,51.7997,51.7997,51.748,42322500,0.10%,280727646,232526734146,2192292.8,301328722
2034-08-11,51.7997,51.7997,51.7997,51.7997,36787500,0.00%,243940146,232526734146,1905581.46,0
2034-08-14,51.7997,51.7997,51.7997,51.7997,22995000,0.00%,220945146,232526734146,1191134.1,0
2034-08-15,51.7997,51.7997,51.7997,51.7997,30577500,0.00%,190367646,232526734146,1583905.33,0
2034-08-16,51.7997,51.7997,51.7997,51.7997,42052500,0.00%,148315146,232526734146,2178306.88,0
2034-08-17,51.7997,51.7997,51.7997,51.7997,48240000,0.00%,100075146,232526734146,2498817.53,0
2034-08-18,51.7997,51.7997,51.7997,51.7997,36922500,0.00%,63152646,232526734146,1912574.42,0
2034-08-21,51.7997,51.7997,51.7997,51.7997,34222500,0.00%,28930146,232526734146,1772715.23,0
2034-08-22,51.7997,51.7997,51.7997,51.7997,26662500,0.00%,2267646,232526734146,1381109.5,0
2034-08-23,51.7997,51.8515,51.8515,51.7997,26212500,0.10%,275444121,232826123121,1359157.44,299388975
2034-08-24,51.8515,51.8515,51.8515,51.8515,37777500,0.00%,237666621,232826123121,1958820.04,0
2034-08-25,51.8515,51.8515,51.8515,51.8515,29385000,0.00%,208281621,232826123121,1523656.33,0
2034-08-28,51.8515,51.8515,51.8515,51.8515,36562500,0.00%,171719121,232826123121,1895820.47,0
2034-08-29,51.8515,51.8515,51.8515,51.8515,30780000,0.00%,140939121,232826123121,1595989.17,0
2034-08-30,51.8515,51.8515,51.8515,51.8515,32850000,0.00%,108089121,232826123121,1703321.78,0
2034-08-31,51.8515,51.8515,51.8515,51.8515,29002500,0.00%,79086621,232826123121,1503823.13,0
2034-09-01,51.8515,51.8515,51.8515,51.8515,69457500,0.00%,9629121,232826123121,3601475.56,0
2034-09-04,51.8515,51.9034,51.9034,51.8515,31230000,0.10%,277593931,233125317931,1620943.18,299194809
2034-09-05,51.9034,51.9034,51.9034,51.9034,22072500,0.00%,255521431,233125317931,1145637.8,0
2034-09-06,51.9034,51.9034,51.9034,51.9034,29880000,0.00%,225641431,233125317931,1550873.59,0
2034-09-07,51.9034,51.9034,51.9034,51.9034,21555000,0.00%,204086431,233125317931,1118777.79,0
2034-09-11,51.9034,51.9034,51.9034,51.9034,45180000,0.00%,158906431,233125317931,2344995.61,0
2034-09-12,51.9034,51.9034,51.9034,51.9034,27675000,0.00%,131231431,233125317931,1436426.59,0
2034-09-13,51.9034,51.9034,51.9034,51.9034,27090000,0.00%,104141431,233125317931,1406063.11,0
2034-09-14,51.9034,51.9034,51.9034,51.9034,31050000,0.00%,73091431,233125317931,1611600.57,0
2034-09-15,51.9034,51.9034,51.9034,51.9034,24772500,0.00%,48318931,233125317931,1285776.98,0
2034-09-18,51.9034,51.9034,51.9034,51.9034,17302500,0.00%,31016431,233125317931,898058.58,0
2034-09-19,51.9034,51.9034,51.9034,51.9034,22837500,0.00%,8178931,233125317931,1185343.9,0
2034-09-21,51.9034,51.9553,51.9553,51.9034,58050000,0.10%,246229734,233421418734,3016005.17,296100803
2034-09-22,51.9553,51.9553,51.9553,51.9553,63922500,0.00%,182307234,233421418734,3321112.66,0
2034-09-25,51.9553,51.9553,51.9553,51.9553,34245000,0.00%,148062234,233421418734,1779209.25,0
2034-09-26,51.9553,51.9553,51.9553,51.9553,96570000,0.00%,51492234,233421418734,5017323.32,0
2034-09-27,51.9553,52.0072,52.0072,51.9553,90247500,0.10%,261214299,233721388299,4693519.78,299969564
2034-09-28,52.0072,52.0072,52.0072,52.0072,113062500,0.00%,148151799,233721388299,5880064.05,0
2034-09-29,52.0072,52.0072,52.0072,52.0072,128587500,0.00%,19564299,233721388299,6687475.83,0
2034-10-02,52.0072,52.0592,52.0592,52.0072,169785000,0.10%,154971870,234026580870,8838871.27,305192571
2034-10-04,52.0592,52.0592,52.0592,52.0592,109732500,0.00%,45239370,234026580870,5712586.16,0
2034-10-05,52.0592,52.1113,52.1113,52.0592,71100000,0.10%,284749419,234337190919,3705113.43,310610048
2034-10-06,52.1113,52.1113,52.1113,52.1113,55485000,0.00%,229264419,234337190919,2891395.48,0
2034-10-09,52.1113,52.1113,52.1113,52.1113,56992500,0.00%,172271919,234337190919,2969953.27,0
2034-10-10,52.1113,52.1113,52.1113,52.1113,158557500,0.00%,13714419,234337190919,8262637.45,0
2034-10-11,52.1113,52.1634,52.1634,52.1113,104332500,0.10%,223429680,234651238680,5442337.93,314047760
2034-10-12,52.1634,52.1634,52.1634,52.1634,74497500,0.00%,148932180,234651238680,3886042.89,0
2034-10-16,52.1634,52.1634,52.1634,52.1634,68220000,0.00%,80712180,234651238680,3558587.15,0
2034-10-17,52.1634,52.1634,52.1634,52.1634,75329999,0.00%,5382180,234651238680,3929468.92,0
2034-10-18,52.1634,52.2156,52.2156,52.1634,50602500,0.10%,272977454,234969436454,2642239.9,318197773
2034-10-19,52.2156,52.2156,52.2156,52.2156,37080000,0.00%,235897454,234969436454,1936154.45,0
2034-10-20,52.2156,52.2156,52.2156,52.2156,58410000,0.00%,177487454,234969436454,3049913.2,0
2034-10-23,52.2156,52.2156,52.2156,52.2156,36742499,0.00%,140744954,234969436454,1918531.68,0
2034-10-24,52.2156,52.2156,52.2156,52.2156,24817500,0.00%,115927454,234969436454,1295860.65,0
2034-10-25,52.2156,52.2156,52.2156,52.2156,32985000,0.00%,82942454,234969436454,1722331.57,0
2034-10-26,52.2156,52.2156,52.2156,52.2156,25200000,0.00%,57742454,234969436454,1315833.12,0
2034-10-27,52.2156,52.2156,52.2156,52.2156,26887500,0.00%,30854954,234969436454,1403946.95,0
2034-10-30,52.2156,52.2678,52.2678,52.2156,34987500,0.10%,313034673,235286603673,1828719.65,317167219
2034-10-31,52.2678,52.2678,52.2678,52.2678,31050000,0.00%,281984673,235286603673,1622915.19,0
2034-11-01,52.2678,52.2678,52.2678,52.2678,40275000,0.00%,241709673,235286603673,2105085.65,0
2034-11-02,52.2678,52.2678,52.2678,52.2678,51187500,0.00%,190522173,235286603673,2675458.01,0
2034-11-03,52.2678,52.2678,52.2678,52.2678,47452500,0.00%,143069673,235286603673,2480237.78,0
2034-11-06,52.2678,52.2678,52.2678,52.2678,26347500,0.00%,116722173,235286603673,1377125.86,0
2034-11-07,52.2678,52.2678,52.2678,52.2678,34357500,0.00%,82364673,235286603673,1795790.94,0
2034-11-08,52.2678,52.2678,52.2678,52.2678,46710000,0.00%,35654673,235286603673,2441428.94,0
2034-11-09,52.2678,52.32,52.32,52.2678,44820000,0.10%,310554763,235606323763,2344982.4,319720090
2034-11-10,52.32,52.32,52.32,52.32,43627500,0.00%,266927263,235606323763,2282590.8,0
2034-11-13,52.32,52.32,52.32,52.32,51435000,0.00%,215492263,235606323763,2691079.2,0
2034-11-14,52.32,52.32,52.32,52.32,61425000,0.00%,154067263,235606323763,3213756.0,0
2034-11-15,52.32,52.32,52.32,52.32,63697500,0.00%,90369763,235606323763,3332653.2,0
2034-11-16,52.32,52.32,52.32,52.32,78525000,0.00%,11844763,235606323763,4108428.0,0
2034-11-17,52.32,52.3724,52.3724,52.32,65385000,0.10%,267810709,235927674709,3424369.37,321350945
2034-11-20,52.3724,52.3724,52.3724,52.3724,46102500,0.00%,221708209,235927674709,2414498.57,0
2034-11-21,52.3724,52.3724,52.3724,52.3724,31230000,0.00%,190478209,235927674709,1635590.05,0
2034-11-22,52.3724,52.3724,52.3724,52.3724,33772500,0.00%,156705709,235927674709,1768746.88,0
2034-11-23,52.3724,52.3724,52.3724,52.3724,28125000,0.00%,128580709,235927674709,1472973.75,0
2034-11-24,52.3724,52.3724,52.3724,52.3724,38137500,0.00%,90443209,235927674709,1997352.41,0
2034-11-27,52.3724,52.3724,52.3724,52.3724,62752500,0.00%,27690709,235927674709,3286499.03,0
2034-11-28,52.3724,52.4247,52.4247,52.3724,38115000,0.10%,310731978,236248830978,1998167.44,321156269
2034-11-29,52.4247,52.4247,52.4247,52.4247,37552500,0.00%,273179478,236248830978,1968678.55,0
2034-11-30,52.4247,52.4247,52.4247,52.4247,29407500,0.00%,243771978,236248830978,1541679.37,0
2034-12-01,52.4247,52.4247,52.4247,52.4247,35167500,0.00%,208604478,236248830978,1843645.64,0
2034-12-04,52.4247,52.4247,52.4247,52.4247,29992500,0.00%,178611978,236248830978,1572347.81,0
2034-12-05,52.4247,52.4247,52.4247,52.4247,41310000,0.00%,137301978,236248830978,2165664.36,0
2034-12-06,52.4247,52.4247,52.4247,52.4247,31612500,0.00%,105689478,236248830978,1657275.83,0
2034-12-07,52.4247,52.4247,52.4247,52.4247,29947500,0.00%,75741978,236248830978,1569988.7,0
2034-12-08,52.4247,52.4247,52.4247,52.4247,62347500,0.00%,13394478,236248830978,3268548.98,0
2034-12-11,52.4247,52.4772,52.4772,52.4247,50535000,0.10%,285659751,236571631251,2651935.3,322800273
2034-12-12,52.4772,52.4772,52.4772,52.4772,68130000,0.00%,217529751,236571631251,3575271.64,0
2034-12-13,52.4772,52.4772,52.4772,52.4772,29475000,0.00%,188054751,236571631251,1546765.47,0
2034-12-14,52.4772,52.4772,52.4772,52.4772,52672500,0.00%,135382251,236571631251,2764105.32,0
2034-12-15,52.4772,52.4772,52.4772,52.4772,36675000,0.00%,98707251,236571631251,1924601.31,0
2034-12-18,52.4772,52.4772,52.4772,52.4772,31635000,0.00%,67072251,236571631251,1660116.22,0
2034-12-19,52.4772,52.4772,52.4772,52.4772,37755000,0.00%,29317251,236571631251,1981276.69,0
2034-12-20,52.4772,52.5296,52.5296,52.4772,33547500,0.10%,320261083,236896122583,1762236.76,324491332
2034-12-21,52.5296,52.5296,52.5296,52.5296,78007500,0.00%,242253583,236896122583,4097702.77,0
2034-12-22,52.5296,52.5296,52.5296,52.5296,100867500,0.00%,141386083,236896122583,5298529.43,0
2034-12-25,52.5296,52.5296,52.5296,52.5296,46935000,0.00%,94451083,236896122583,2465476.78,0
2034-12-26,52.5296,52.5296,52.5296,52.5296,17707500,0.00%,76743583,236896122583,930167.89,0
2034-12-29,52.5296,52.5296,52.5296,52.5296,30487500,0.00%,46256083,236896122583,1601496.18,0
2035-01-01,52.5296,52.5296,52.5296,52.5296,31095999,0.00%,15160083,236896122583,1633460.44,0
2035-01-02,52.5296,52.5822,52.5822,52.5296,25000999,0.10%,318585907,237224549407,1314607.58,328426823
2035-01-04,52.5822,52.5822,52.5822,52.5822,47679000,0.00%,270906907,237224549407,2507066.71,0
2035-01-05,52.5822,52.5822,52.5822,52.5822,38732000,0.00%,232174907,237224549407,2036613.77,0
2035-01-08,52.5822,52.5822,52.5822,52.5822,38801000,0.00%,193373907,237224549407,2040241.94,0
2035-01-09,52.5822,52.6347,52.6347,52.5822,328716000,0.10%,194143551,237554035051,17301868.05,329485643
2035-01-10,52.6347,52.6874,52.6874,52.6347,219557999,0.10%,311564343,237891013843,11567940.17,336978792
2035-01-11,52.6874,52.6874,52.6874,52.6874,139334000,0.00%,172230343,237891013843,7341146.19,0
2035-01-12,52.6874,52.6874,52.6874,52.6874,85215000,0.00%,87015343,237891013843,4489756.79,0
2035-01-15,52.6874,52.6874,52.6874,52.6874,80017000,0.00%,6998343,237891013843,4215887.69,0
2035-01-16,52.6874,52.7401,52.7401,52.6874,93426000,0.10%,259575715,238237017215,4927296.58,346003372
2035-01-17,52.7401,52.7401,52.7401,52.7401,67067999,0.00%,192507715,238237017215,3537173.03,0
2035-01-18,52.7401,52.7401,52.7401,52.7401,60121999,0.00%,132385715,238237017215,3170840.29,0
2035-01-19,52.7401,52.7401,52.7401,52.7401,39422000,0.00%,92963715,238237017215,2079120.22,0
2035-01-22,52.7401,52.7401,52.7401,52.7401,71622000,0.00%,21341715,238237017215,3777351.44,0
2035-01-23,52.7401,52.7928,52.7928,52.7401,58074999,0.10%,313553912,238587304412,3065941.86,350287196
2035-01-24,52.7928,52.7928,52.7928,52.7928,41078000,0.00%,272475912,238587304412,2168622.64,0
2035-01-25,52.7928,52.7928,52.7928,52.7928,48897999,0.00%,223577912,238587304412,2581462.33,0
2035-01-26,52.7928,52.7928,52.7928,52.7928,55383999,0.00%,168193912,238587304412,2923876.44,0
2035-01-29,52.7928,52.7928,52.7928,52.7928,54302999,0.00%,113890912,238587304412,2866807.42,0
2035-01-30,52.7928,52.7928,52.7928,52.7928,32659999,0.00%,81230912,238587304412,1724212.85,0
2035-02-05,52.7928,52.7928,52.7928,52.7928,64215999,0.00%,17014912,238587304412,3390142.44,0
2035-02-06,52.7928,52.8456,52.8456,52.7928,71944000,0.10%,298529830,238940763330,3801923.85,353458917
2035-02-07,52.8456,52.8456,52.8456,52.8456,73899000,0.00%,224630830,238940763330,3905236.99,0
2035-02-08,52.8456,52.8456,52.8456,52.8456,45057000,0.00%,179573830,238940763330,2381064.2,0
2035-02-09,52.8456,52.8456,52.8456,52.8456,79511000,0.00%,100062830,238940763330,4201806.5,0
2035-02-12,52.8456,52.8456,52.8456,52.8456,72243000,0.00%,27819830,238940763330,3817724.68,0
2035-02-13,52.8456,52.8984,52.8984,52.8456,71047000,0.10%,313238477,239297228977,3758272.62,356465647
2035-02-14,52.8984,52.8984,52.8984,52.8984,87998000,0.00%,225240477,239297228977,4654953.4,0
2035-02-15,52.8984,52.8984,52.8984,52.8984,140277000,0.00%,84963477,239297228977,7420428.86,0
2035-02-16,52.8984,52.9513,52.9513,52.8984,171396000,0.10%,273462999,239657124499,9075641.01,359895522
2035-02-19,52.9513,53.0043,53.0043,52.9513,290306000,0.10%,346388867,240020356367,15387466.32,363231867
2035-02-20,53.0043,53.0043,53.0043,53.0043,143819000,0.00%,202569867,240020356367,7623025.42,0
2035-02-21,53.0043,53.0043,53.0043,53.0043,78499000,0.00%,124070867,240020356367,4160784.55,0
2035-02-22,53.0043,53.0043,53.0043,53.0043,79465000,0.00%,44605867,240020356367,4211986.7,0
2035-02-23,53.0043,53.0573,53.0573,53.0043,169165000,0.10%,249763328,240394678828,8975438.15,374322461
2035-02-26,53.0573,53.0573,53.0573,53.0573,155342000,0.00%,94421328,240394678828,8242027.1,0
2035-02-27,53.0573,53.1104,53.1104,53.0573,129972999,0.10%,343945701,240774176201,6902918.02,379497372
2035-02-28,53.1104,53.1104,53.1104,53.1104,93127000,0.00%,250818701,240774176201,4946012.22,0
2035-03-01,53.1104,53.1104,53.1104,53.1104,89470000,0.00%,161348701,240774176201,4751787.49,0
2035-03-02,53.1104,53.1104,53.1104,53.1104,119967999,0.00%,41380701,240774176201,6371548.47,0
2035-03-05,53.1104,53.1635,53.1635,53.1104,75325000,0.10%,352115840,241160236340,4004540.64,386060139
2035-03-06,53.1635,53.1635,53.1635,53.1635,71576000,0.00%,280539840,241160236340,3805230.68,0
2035-03-07,53.1635,53.1635,53.1635,53.1635,80891000,0.00%,199648840,241160236340,4300448.68,0
2035-03-08,53.1635,53.1635,53.1635,53.1635,183264000,0.00%,16384840,241160236340,9742955.66,0
2035-03-09,53.1635,53.2166,53.2166,53.1635,106926999,0.10%,301899008,241552677508,5690291.39,392441167
2035-03-12,53.2166,53.2166,53.2166,53.2166,79166000,0.00%,222733008,241552677508,4212945.36,0
2035-03-13,53.2166,53.2166,53.2166,53.2166,77855000,0.00%,144878008,241552677508,4143178.39,0
2035-03-14,53.2166,53.2166,53.2166,53.2166,64468999,0.00%,80409008,241552677508,3430820.99,0
2035-03-15,53.2166,53.2166,53.2166,53.2166,62858999,0.00%,17550008,241552677508,3345142.26,0
2035-03-16,53.2166,53.2698,53.2698,53.2166,70633000,0.10%,343968501,241949729001,3762605.78,397051492
2035-03-19,53.2698,53.2698,53.2698,53.2698,50829999,0.00%,293138501,241949729001,2707703.93,0
2035-03-20,53.2698,53.2698,53.2698,53.2698,77372000,0.00%,215766501,241949729001,4121590.97,0
2035-03-21,53.2698,53.2698,53.2698,53.2698,72680000,0.00%,143086501,241949729001,3871649.06,0
2035-03-22,53.2698,53.2698,53.2698,53.2698,114654999,0.00%,28431501,241949729001,6107648.92,0
2035-03-23,53.2698,53.3231,53.3231,53.2698,97197999,0.10%,323541689,242342037189,5182898.67,392308187
2035-03-26,53.3231,53.3231,53.3231,53.3231,56579999,0.00%,266961689,242342037189,3017021.0,0
2035-03-27,53.3231,53.3231,53.3231,53.3231,63801999,0.00%,203159689,242342037189,3402120.43,0
2035-03-28,53.3231,53.3231,53.3231,53.3231,39813000,0.00%,163346689,242342037189,2122952.58,0
2035-03-29,53.3231,53.3231,53.3231,53.3231,40480000,0.00%,122866689,242342037189,2158519.09,0
2035-03-30,53.3231,53.3231,53.3231,53.3231,42757000,0.00%,80109689,242342037189,2279935.79,0
2035-04-02,53.3231,53.3231,53.3231,53.3231,64491999,0.00%,15617689,242342037189,3438913.37,0
2035-04-03,53.3231,53.3764,53.3764,53.3231,44896000,0.10%,365187496,242736502996,2396386.85,394465807
2035-04-04,53.3764,53.3764,53.3764,53.3764,32774999,0.00%,332412496,242736502996,1749411.51,0
2035-04-05,53.3764,53.3764,53.3764,53.3764,67206000,0.00%,265206496,242736502996,3587214.34,0
2035-04-09,53.3764,53.4298,53.4298,53.3764,283728000,0.10%,376227558,243131252058,15159530.29,394749061
2035-04-10,53.4298,53.4298,53.4298,53.4298,149776000,0.00%,226451558,243131252058,8002501.72,0
2035-04-11,53.4298,53.4298,53.4298,53.4298,152904000,0.00%,73547558,243131252058,8169630.14,0
2035-04-12,53.4298,53.4832,53.4832,53.4298,132939999,0.10%,345089757,243535734257,7110056.61,404482198
2035-04-13,53.4832,53.4832,53.4832,53.4832,107156999,0.00%,237932757,243535734257,5731099.26,0
2035-04-16,53.4832,53.4832,53.4832,53.4832,69805000,0.00%,168127757,243535734257,3733394.78,0
2035-04-17,53.4832,53.4832,53.4832,53.4832,46575000,0.00%,121552757,243535734257,2490980.04,0
2035-04-18,53.4832,53.4832,53.4832,53.4832,62835999,0.00%,58716757,243535734257,3360670.36,0
2035-04-19,53.4832,53.4832,53.4832,53.4832,56303999,0.00%,2412757,243535734257,3011318.09,0
2035-04-24,53.4832,53.5367,53.5367,53.4832,55291999,0.10%,352874391,243941487891,2960151.22,405753633
2035-04-25,53.5367,53.5367,53.5367,53.5367,62099999,0.00%,290774391,243941487891,3324629.07,0
2035-04-26,53.5367,53.5367,53.5367,53.5367,43493000,0.00%,247281391,243941487891,2328471.69,0
2035-04-27,53.5367,53.5367,53.5367,53.5367,66124999,0.00%,181156391,243941487891,3540114.29,0
2035-04-30,53.5367,53.5367,53.5367,53.5367,31762999,0.00%,149393391,243941487891,1700486.2,0
2035-05-01,53.5367,53.5367,53.5367,53.5367,37651000,0.00%,111742391,243941487891,2015710.29,0
2035-05-02,53.5367,53.5367,53.5367,53.5367,35213000,0.00%,76529391,243941487891,1885187.82,0
2035-05-04,53.5367,53.5367,53.5367,53.5367,30451999,0.00%,46077391,243941487891,1630299.59,0
2035-05-08,53.5367,53.5367,53.5367,53.5367,45563000,0.00%,514391,243941487891,2439292.66,0
2035-05-09,53.5367,53.5903,53.5903,53.5367,58925999,0.10%,345907020,244345806520,3157862.02,404318629
2035-05-10,53.5903,53.5903,53.5903,53.5903,45586000,0.00%,300321020,244345806520,2442967.42,0
2035-05-11,53.5903,53.5903,53.5903,53.5903,31693999,0.00%,268627020,244345806520,1698490.97,0
2035-05-14,53.5903,53.5903,53.5903,53.5903,82455000,0.00%,186172020,244345806520,4418788.19,0
2035-05-15,53.5903,53.5903,53.5903,53.5903,53175999,0.00%,132996020,244345806520,2849717.79,0
2035-05-16,53.5903,53.5903,53.5903,53.5903,55866999,0.00%,77129020,244345806520,2993929.29,0
2035-05-17,53.5903,53.5903,53.5903,53.5903,75439999,0.00%,1689020,244345806520,4042852.23,0
2035-05-18,53.5903,53.6439,53.6439,53.5903,49058999,0.10%,361132268,244754308768,2631716.09,408502247
2035-05-21,53.6439,53.6439,53.6439,53.6439,51657999,0.00%,309474268,244754308768,2771136.59,0
2035-05-22,53.6439,53.6439,53.6439,53.6439,36317000,0.00%,273157268,244754308768,1948185.52,0
2035-05-23,53.6439,53.6439,53.6439,53.6439,43516000,0.00%,229641268,244754308768,2334367.95,0
2035-05-24,53.6439,53.6439,53.6439,53.6439,32843999,0.00%,196797268,244754308768,1761880.25,0
2035-05-25,53.6439,53.6439,53.6439,53.6439,37398000,0.00%,159399268,244754308768,2006174.57,0
2035-05-28,53.6439,53.6439,53.6439,53.6439,39767000,0.00%,119632268,244754308768,2133256.97,0
2035-05-29,53.6439,53.6439,53.6439,53.6439,34477000,0.00%,85155268,244754308768,1849480.74,0
2035-05-30,53.6439,53.6439,53.6439,53.6439,38663000,0.00%,46492268,244754308768,2074034.11,0
2035-05-31,53.6439,53.6439,53.6439,53.6439,44551000,0.00%,1941268,244754308768,2389889.39,0
2035-06-01,53.6439,53.6975,53.6975,53.6439,65043999,0.10%,344033241,245161444741,3492700.19,407135973
2035-06-04,53.6975,53.6975,53.6975,53.6975,30106999,0.00%,313926241,245161444741,1616670.63,0
2035-06-05,53.6975,53.6975,53.6975,53.6975,33603000,0.00%,280323241,245161444741,1804397.09,0
2035-06-06,53.6975,53.6975,53.6975,53.6975,42274000,0.00%,238049241,245161444741,2270008.12,0
2035-06-07,53.6975,53.6975,53.6975,53.6975,44459000,0.00%,193590241,245161444741,2387337.15,0
2035-06-08,53.6975,53.6975,53.6975,53.6975,30221999,0.00%,163368241,245161444741,1622845.84,0
2035-06-11,53.6975,53.6975,53.6975,53.6975,42504000,0.00%,120864241,245161444741,2282358.54,0
2035-06-12,53.6975,53.6975,53.6975,53.6975,39192000,0.00%,81672241,245161444741,2104512.42,0
2035-06-13,53.6975,53.6975,53.6975,53.6975,33994000,0.00%,47678241,245161444741,1825392.81,0
2035-06-14,53.6975,53.6975,53.6975,53.6975,30750999,0.00%,16927241,245161444741,1651251.82,0
2035-06-15,53.6975,53.7512,53.7512,53.6975,43907000,0.10%,378586048,245567010548,2360053.94,405565807
2035-06-18,53.7512,53.7512,53.7512,53.7512,31693999,0.00%,346892048,245567010548,1703590.53,0
2035-06-19,53.7512,53.7512,53.7512,53.7512,26495999,0.00%,320396048,245567010548,1424191.8,0
2035-06-20,53.7512,53.7512,53.7512,53.7512,34937000,0.00%,285459048,245567010548,1877905.67,0
2035-06-21,53.7512,53.7512,53.7512,53.7512,44597000,0.00%,240862048,245567010548,2397142.27,0
2035-06-22,53.7512,53.7512,53.7512,53.7512,47426000,0.00%,193436048,245567010548,2549204.41,0
2035-06-25,53.7512,53.7512,53.7512,53.7512,32774999,0.00%,160661048,245567010548,1761695.58,0
2035-06-26,53.7512,53.7512,53.7512,53.7512,40871000,0.00%,119790048,245567010548,2196865.3,0
2035-06-27,53.7512,53.7512,53.7512,53.7512,40457000,0.00%,79333048,245567010548,2174612.3,0
2035-06-28,53.7512,53.7512,53.7512,53.7512,34500000,0.00%,44833048,245567010548,1854416.4,0
2035-06-29,53.7512,53.7512,53.7512,53.7512,34914000,0.00%,9919048,245567010548,1876669.4,0
2035-07-02,53.7512,53.805,53.805,53.7512,42458000,0.10%,368019162,245967568662,2284452.69,400558114
2035-07-04,53.805,53.805,53.805,53.805,41860000,0.00%,326159162,245967568662,2252277.3,0
2035-07-05,53.805,53.805,53.805,53.805,43608000,0.00%,282551162,245967568662,2346328.44,0
2035-07-06,53.805,53.805,53.805,53.805,33718000,0.00%,248833162,245967568662,1814196.99,0
2035-07-09,53.805,53.805,53.805,53.805,26748999,0.00%,222084162,245967568662,1439229.94,0
2035-07-10,53.805,53.805,53.805,53.805,30290999,0.00%,191793162,245967568662,1629807.25,0
2035-07-11,53.805,53.805,53.805,53.805,40986000,0.00%,150807162,245967568662,2205251.73,0
2035-07-12,53.805,53.805,53.805,53.805,32268999,0.00%,118538162,245967568662,1736233.54,0
2035-07-13,53.805,53.805,53.805,53.805,44229000,0.00%,74309162,245967568662,2379741.35,0
2035-07-16,53.805,53.805,53.805,53.805,26909999,0.00%,47399162,245967568662,1447892.55,0
2035-07-17,53.805,53.8588,53.8588,53.805,63134999,0.10%,382121883,246365426383,3400375.34,397857721
2035-07-18,53.8588,53.8588,53.8588,53.8588,53474999,0.00%,328646883,246365426383,2880099.33,0
2035-07-19,53.8588,53.8588,53.8588,53.8588,31601999,0.00%,297044883,246365426383,1702045.8,0
2035-07-20,53.8588,53.8588,53.8588,53.8588,31693999,0.00%,265350883,246365426383,1707000.81,0
2035-07-23,53.8588,53.8588,53.8588,53.8588,30520999,0.00%,234829883,246365426383,1643824.43,0
2035-07-24,53.8588,53.8588,53.8588,53.8588,40480000,0.00%,194349883,246365426383,2180204.22,0
2035-07-25,53.8588,53.8588,53.8588,53.8588,107501999,0.00%,86847883,246365426383,5789928.72,0
2035-07-26,53.8588,53.8588,53.8588,53.8588,55613999,0.00%,31233883,246365426383,2995303.3,0
2035-07-27,53.8588,53.9126,53.9126,53.8588,45747000,0.10%,381194206,246761133706,2466339.71,395707322
2035-07-30,53.9126,53.9126,53.9126,53.9126,33718000,0.00%,347476206,246761133706,1817825.05,0
2035-07-31,53.9126,53.9126,53.9126,53.9126,38755000,0.00%,308721206,246761133706,2089382.81,0
2035-08-01,53.9126,53.9126,53.9126,53.9126,44528000,0.00%,264193206,246761133706,2400620.25,0
2035-08-02,53.9126,53.9126,53.9126,53.9126,47035000,0.00%,217158206,246761133706,2535779.14,0
2035-08-03,53.9126,53.9126,53.9126,53.9126,48759999,0.00%,168398206,246761133706,2628778.38,0
2035-08-06,53.9126,53.9126,53.9126,53.9126,39882000,0.00%,128516206,246761133706,2150142.31,0
2035-08-07,53.9126,53.9126,53.9126,53.9126,39905000,0.00%,88611206,246761133706,2151382.3,0
2035-08-08,53.9126,53.9126,53.9126,53.9126,47702000,0.00%,40909206,246761133706,2571738.85,0
2035-08-09,53.9126,53.9126,53.9126,53.9126,38962000,0.00%,1947206,246761133706,2100542.72,0
2035-08-10,53.9126,53.9665,53.9665,53.9126,30612999,0.10%,364258444,247154057944,1652076.46,392924238
2035-08-13,53.9665,53.9665,53.9665,53.9665,27116999,0.00%,337141444,247154057944,1463409.58,0
2035-08-14,53.9665,53.9665,53.9665,53.9665,31808999,0.00%,305332444,247154057944,1716620.4,0
2035-08-15,53.9665,53.9665,53.9665,53.9665,86480000,0.00%,218852444,247154057944,4667022.92,0
2035-08-16,53.9665,53.9665,53.9665,53.9665,83582000,0.00%,135270444,247154057944,4510628.0,0
2035-08-17,53.9665,53.9665,53.9665,53.9665,51013999,0.00%,84256444,247154057944,2753047.03,0
2035-08-20,53.9665,53.9665,53.9665,53.9665,40457000,0.00%,43799444,247154057944,2183322.69,0
2035-08-21,53.9665,53.9665,53.9665,53.9665,37628000,0.00%,6171444,247154057944,2030651.46,0
2035-08-22,53.9665,54.0205,54.0205,53.9665,36685000,0.10%,361813961,247546385461,1981742.04,392327517
2035-08-23,54.0205,54.0205,54.0205,54.0205,32866999,0.00%,328946961,247546385461,1775491.77,0
2035-08-24,54.0205,54.0205,54.0205,54.0205,44574000,0.00%,284372961,247546385461,2407909.77,0
2035-08-27,54.0205,54.0205,54.0205,54.0205,59086999,0.00%,225285961,247546385461,3191909.28,0
2035-08-28,54.0205,54.0205,54.0205,54.0205,47518000,0.00%,177767961,247546385461,2566946.12,0
2035-08-29,54.0205,54.0205,54.0205,54.0205,48897999,0.00%,128869961,247546385461,2641494.41,0
2035-08-30,54.0205,54.0205,54.0205,54.0205,49932999,0.00%,78936961,247546385461,2697405.63,0
2035-08-31,54.0205,54.0205,54.0205,54.0205,41929000,0.00%,37007961,247546385461,2265025.54,0
2035-09-03,54.0205,54.0205,54.0205,54.0205,36708000,0.00%,299961,247546385461,1982984.51,0
2035-09-04,54.0205,54.0745,54.0745,54.0205,34063000,0.10%,357256175,247937404675,1841939.69,391019213
2035-09-05,54.0745,54.0745,54.0745,54.0745,35696000,0.00%,321560175,247937404675,1930243.35,0
2035-09-06,54.0745,54.0745,54.0745,54.0745,41400000,0.00%,280160175,247937404675,2238684.3,0
2035-09-07,54.0745,54.0745,54.0745,54.0745,43815000,0.00%,236345175,247937404675,2369274.22,0
2035-09-10,54.0745,54.0745,54.0745,54.0745,50185999,0.00%,186159175,247937404675,2713782.86,0
2035-09-11,54.0745,54.0745,54.0745,54.0745,45701000,0.00%,140458175,247937404675,2471258.72,0
2035-09-12,54.0745,54.0745,54.0745,54.0745,44137000,0.00%,96321175,247937404675,2386686.21,0
2035-09-13,54.0745,54.0745,54.0745,54.0745,41837000,0.00%,54484175,247937404675,2262314.86,0
2035-09-14,54.0745,54.0745,54.0745,54.0745,47794000,0.00%,6690175,247937404675,2584436.65,0
2035-09-17,54.0745,54.1286,54.1286,54.0745,37651000,0.10%,361340615,248329706115,2037995.92,392301440
2035-09-18,54.1286,54.1286,54.1286,54.1286,30681999,0.00%,330658615,248329706115,1660773.71,0
2035-09-19,54.1286,54.1286,54.1286,54.1286,51404999,0.00%,279253615,248329706115,2782480.68,0
2035-09-20,54.1286,54.1286,54.1286,54.1286,68977000,0.00%,210276615,248329706115,3733628.44,0
2035-09-21,54.1286,54.1286,54.1286,54.1286,47863000,0.00%,162413615,248329706115,2590757.18,0
2035-09-24,54.1286,54.1286,54.1286,54.1286,29669999,0.00%,132743615,248329706115,1605995.56,0
2035-09-25,54.1286,54.1286,54.1286,54.1286,35167000,0.00%,97576615,248329706115,1903540.48,0
2035-09-26,54.1286,54.1286,54.1286,54.1286,42412000,0.00%,55164615,248329706115,2295702.18,0
2035-09-27,54.1286,54.1286,54.1286,54.1286,39974000,0.00%,15190615,248329706115,2163736.66,0
2035-09-28,54.1286,54.1827,54.1827,54.1286,44850000,0.10%,363970461,248723335961,2430094.1,393629845
2035-10-01,54.1827,54.1827,54.1827,54.1827,47127000,0.00%,316843461,248723335961,2553468.1,0
2035-10-02,54.1827,54.1827,54.1827,54.1827,47403000,0.00%,269440461,248723335961,2568422.53,0
2035-10-04,54.1827,54.1827,54.1827,54.1827,39422000,0.00%,230018461,248723335961,2135990.4,0
2035-10-05,54.1827,54.1827,54.1827,54.1827,16398999,0.00%,213619461,248723335961,888542.1,0
2035-10-08,54.1827,54.1827,54.1827,54.1827,18009000,0.00%,195610461,248723335961,975776.24,0
2035-10-10,54.1827,54.1827,54.1827,54.1827,24241999,0.00%,171368461,248723335961,1313497.01,0
2035-10-11,54.1827,54.1827,54.1827,54.1827,33234999,0.00%,138133461,248723335961,1800762.03,0
2035-10-12,54.1827,54.1827,54.1827,54.1827,45770000,0.00%,92363461,248723335961,2479942.18,0
2035-10-15,54.1827,54.1827,54.1827,54.1827,87423000,0.00%,4940461,248723335961,4736814.18,0
2035-10-16,54.1827,54.2369,54.2369,54.1827,61639999,0.10%,336857349,249116892849,3343162.52,393556888
2035-10-17,54.2369,54.2369,54.2369,54.2369,42274000,0.00%,294583349,249116892849,2292810.71,0
2035-10-18,54.2369,54.2369,54.2369,54.2369,32866999,0.00%,261716349,249116892849,1782604.19,0
2035-10-19,54.2369,54.2369,54.2369,54.2369,42895000,0.00%,218821349,249116892849,2326491.83,0
2035-10-22,54.2369,54.2369,54.2369,54.2369,34408000,0.00%,184413349,249116892849,1866183.26,0
2035-10-23,54.2369,54.2369,54.2369,54.2369,32590999,0.00%,151822349,249116892849,1767634.81,0
2035-10-24,54.2369,54.2369,54.2369,54.2369,22954000,0.00%,128868349,249116892849,1244953.8,0
2035-10-25,54.2369,54.2369,54.2369,54.2369,28565999,0.00%,100302349,249116892849,1549331.29,0
2035-10-26,54.2369,54.2369,54.2369,54.2369,27599999,0.00%,72702349,249116892849,1496938.44,0
2035-10-29,54.2369,54.2369,54.2369,54.2369,36892000,0.00%,35810349,249116892849,2000907.71,0
2035-10-30,54.2369,54.2911,54.2911,54.2369,37490000,0.10%,391701348,249510273848,2035373.34,393380999
2035-11-01,54.2911,54.2911,54.2911,54.2911,50070999,0.00%,341630348,249510273848,2718409.67,0
2035-11-02,54.2911,54.2911,54.2911,54.2911,47334000,0.00%,294296348,249510273848,2569814.93,0
2035-11-05,54.2911,54.2911,54.2911,54.2911,26656999,0.00%,267639348,249510273848,1447237.85,0
2035-11-06,54.2911,54.2911,54.2911,54.2911,34431000,0.00%,233208348,249510273848,1869296.86,0
2035-11-07,54.2911,54.2911,54.2911,54.2911,30612999,0.00%,202595348,249510273848,1662013.44,0
2035-11-08,54.2911,54.2911,54.2911,54.2911,30083999,0.00%,172511348,249510273848,1633293.45,0
2035-11-09,54.2911,54.2911,54.2911,54.2911,30612999,0.00%,141898348,249510273848,1662013.44,0
2035-11-12,54.2911,54.2911,54.2911,54.2911,33372999,0.00%,108525348,249510273848,1811856.88,0
2035-11-13,54.2911,54.2911,54.2911,54.2911,30106999,0.00%,78418348,249510273848,1634542.15,0
2035-11-14,54.2911,54.2911,54.2911,54.2911,31417999,0.00%,47000348,249510273848,1705717.78,0
2035-11-15,54.2911,54.2911,54.2911,54.2911,39790000,0.00%,7210348,249510273848,2160242.87,0
2035-11-16,54.2911,54.3454,54.3454,54.2911,45908000,0.10%,355128207,249904099707,2494888.62,393825858
2035-11-19,54.3454,54.3454,54.3454,54.3454,31716999,0.00%,323411207,249904099707,1723673.05,0
2035-11-20,54.3454,54.3454,54.3454,54.3454,43286000,0.00%,280125207,249904099707,2352394.98,0
2035-11-21,54.3454,54.3454,54.3454,54.3454,32107999,0.00%,248017207,249904099707,1744922.1,0
2035-11-22,54.3454,54.3454,54.3454,54.3454,32245999,0.00%,215771207,249904099707,1752421.77,0
2035-11-23,54.3454,54.3454,54.3454,54.3454,54578999,0.00%,161192207,249904099707,2966117.59,0
2035-11-26,54.3454,54.3454,54.3454,54.3454,51473999,0.00%,109718207,249904099707,2797375.12,0
2035-11-27,54.3454,54.3454,54.3454,54.3454,34224000,0.00%,75494207,249904099707,1859916.97,0
2035-11-28,54.3454,54.3454,54.3454,54.3454,33188999,0.00%,42305207,249904099707,1803669.48,0
2035-11-29,54.3454,54.3454,54.3454,54.3454,35627000,0.00%,6678207,249904099707,1936163.57,0
2035-11-30,54.3454,54.3998,54.3998,54.3454,30405999,0.10%,371371179,250299198679,1654080.32,395098971
2035-12-03,54.3998,54.3998,54.3998,54.3998,29071999,0.00%,342299179,250299198679,1581510.99,0
2035-12-04,54.3998,54.3998,54.3998,54.3998,26357999,0.00%,315941179,250299198679,1433869.93,0
2035-12-05,54.3998,54.3998,54.3998,54.3998,25299999,0.00%,290641179,250299198679,1376314.94,0
2035-12-06,54.3998,54.3998,54.3998,54.3998,35259000,0.00%,255382179,250299198679,1918082.55,0
2035-12-07,54.3998,54.3998,54.3998,54.3998,33672000,0.00%,221710179,250299198679,1831750.07,0
2035-12-10,54.3998,54.3998,54.3998,54.3998,30865999,0.00%,190844179,250299198679,1679104.23,0
2035-12-11,54.3998,54.3998,54.3998,54.3998,40089000,0.00%,150755179,250299198679,2180833.58,0
2035-12-12,54.3998,54.3998,54.3998,54.3998,33925000,0.00%,116830179,250299198679,1845513.22,0
2035-12-13,54.3998,54.3998,54.3998,54.3998,28703999,0.00%,88126179,250299198679,1561491.86,0
2035-12-14,54.3998,54.3998,54.3998,54.3998,41009000,0.00%,47117179,250299198679,2230881.4,0
2035-12-17,54.3998,54.3998,54.3998,54.3998,34891000,0.00%,12226179,250299198679,1898063.42,0
2035-12-18,54.3998,54.4542,54.4542,54.3998,36777000,0.10%,365856955,250689606455,2002662.11,390407776
2035-12-19,54.4542,54.4542,54.4542,54.4542,34086000,0.00%,331770955,250689606455,1856125.86,0
2035-12-20,54.4542,54.4542,54.4542,54.4542,23345000,0.00%,308425955,250689606455,1271233.3,0
2035-12-21,54.4542,54.4542,54.4542,54.4542,40871000,0.00%,267554955,250689606455,2225597.61,0
2035-12-24,54.4542,54.4542,54.4542,54.4542,31900999,0.00%,235653955,250689606455,1737143.43,0
2035-12-25,54.4542,54.4542,54.4542,54.4542,35926000,0.00%,199727955,250689606455,1956321.59,0
2035-12-26,54.4542,54.4542,54.4542,54.4542,16836000,0.00%,182891955,250689606455,916790.91,0
2035-12-31,54.4542,54.4542,54.4542,54.4542,42550000,0.00%,140341955,250689606455,2317026.21,0
2036-01-01,54.4542,54.4542,54.4542,54.4542,31913000,0.00%,108428955,250689606455,1737796.88,0
2036-01-02,54.4542,54.4542,54.4542,54.4542,25474000,0.00%,82954955,250689606455,1387166.29,0
2036-01-04,54.4542,54.4542,54.4542,54.4542,38070000,0.00%,44884955,250689606455,2073071.39,0
2036-01-07,54.4542,54.5086,54.5086,54.4542,46882500,0.10%,372445474,251064049474,2555499.44,374443019
2036-01-08,54.5086,54.5086,54.5086,54.5086,56799500,0.00%,315645974,251064049474,3096061.23,0
2036-01-09,54.5086,54.5086,54.5086,54.5086,50243000,0.00%,265402974,251064049474,2738675.59,0
2036-01-10,54.5086,54.5086,54.5086,54.5086,44039000,0.00%,221363974,251064049474,2400504.24,0
2036-01-11,54.5086,54.5086,54.5086,54.5086,41853500,0.00%,179510474,251064049474,2281375.69,0
2036-01-14,54.5086,54.5086,54.5086,54.5086,64695500,0.00%,114814974,251064049474,3526461.13,0
2036-01-15,54.5086,54.5086,54.5086,54.5086,56893500,0.00%,57921474,251064049474,3101185.03,0
2036-01-16,54.5086,54.5631,54.5631,54.5086,67398000,0.10%,367549374,251441075374,3677443.81,377025900
2036-01-17,54.5631,54.5631,54.5631,54.5631,61546500,0.00%,306002874,251441075374,3358167.83,0
2036-01-18,54.5631,54.5631,54.5631,54.5631,48457000,0.00%,257545874,251441075374,2643964.14,0
2036-01-21,54.5631,54.5631,54.5631,54.5631,31090500,0.00%,226455374,251441075374,1696394.06,0
2036-01-22,54.5631,54.5631,54.5631,54.5631,57175500,0.00%,169279874,251441075374,3119672.52,0
2036-01-23,54.5631,54.5631,54.5631,54.5631,37600000,0.00%,131679874,251441075374,2051572.56,0
2036-01-24,54.5631,54.5631,54.5631,54.5631,63849500,0.00%,67830374,251441075374,3483826.65,0
2036-01-25,54.5631,54.5631,54.5631,54.5631,45073000,0.00%,22757374,251441075374,2459322.61,0
2036-01-28,54.5631,54.6177,54.6177,54.5631,40984000,0.10%,361962235,251821264235,2238451.82,380188860
2036-01-29,54.6177,54.6177,54.6177,54.6177,56141500,0.00%,305820735,251821264235,3066319.6,0
2036-01-30,54.6177,54.6177,54.6177,54.6177,60113000,0.00%,245707735,251821264235,3283233.8,0
2036-01-31,54.6177,54.6177,54.6177,54.6177,53932500,0.00%,191775235,251821264235,2945669.11,0
2036-02-01,54.6177,54.6177,54.6177,54.6177,50478000,0.00%,141297235,251821264235,2756992.26,0
2036-02-04,54.6177,54.6177,54.6177,54.6177,65635500,0.00%,75661735,251821264235,3584860.05,0
2036-02-05,54.6177,54.6723,54.6723,54.6177,153055500,0.10%,303479980,252202137980,8367896.21,380873744
2036-02-06,54.6723,54.6723,54.6723,54.6723,141869500,0.00%,161610480,252202137980,7756331.86,0
2036-02-07,54.6723,54.727,54.727,54.6723,186378500,0.10%,359844573,252586750573,10199936.17,384612593
2036-02-08,54.727,54.727,54.727,54.727,83190000,0.00%,276654573,252586750573,4552739.13,0
2036-02-11,54.727,54.727,54.727,54.727,61993000,0.00%,214661573,252586750573,3392690.91,0
2036-02-12,54.727,54.727,54.727,54.727,68643500,0.00%,146018073,252586750573,3756652.82,0
2036-02-13,54.727,54.727,54.727,54.727,55836000,0.00%,90182073,252586750573,3055736.77,0
2036-02-14,54.727,54.7817,54.7817,54.727,93506500,0.10%,388070998,252978145998,5122445.03,391395424
2036-02-15,54.7817,54.7817,54.7817,54.7817,63215000,0.00%,324855998,252978145998,3463025.17,0
2036-02-18,54.7817,54.7817,54.7817,54.7817,16967000,0.00%,307888998,252978145998,929481.1,0
2036-02-22,54.7817,54.7817,54.7817,54.7817,50172500,0.00%,257716498,252978145998,2748534.84,0
2036-02-25,54.7817,54.7817,54.7817,54.7817,52029000,0.00%,205687498,252978145998,2850237.07,0
2036-02-26,54.7817,54.7817,54.7817,54.7817,84905500,0.00%,120781998,252978145998,4651267.63,0
2036-02-27,54.7817,54.7817,54.7817,54.7817,53674000,0.00%,67107998,252978145998,2940352.97,0
2036-02-28,54.7817,54.7817,54.7817,54.7817,60042500,0.00%,7065498,252978145998,3289230.22,0
2036-02-29,54.7817,54.8365,54.8365,54.7817,75740500,0.10%,326950025,253373771025,4153343.93,395625027
2036-03-03,54.8365,54.8365,54.8365,54.8365,72427000,0.00%,254523025,253373771025,3971643.19,0
2036-03-04,54.8365,54.8365,54.8365,54.8365,64319500,0.00%,190203525,253373771025,3527056.26,0
2036-03-05,54.8365,54.8365,54.8365,54.8365,77479500,0.00%,112724025,253373771025,4248704.6,0
2036-03-06,54.8365,54.8365,54.8365,54.8365,56306000,0.00%,56418025,253373771025,3087623.97,0
2036-03-07,54.8365,54.8913,54.8913,54.8365,71346000,0.10%,383325344,253772024344,3916274.69,398253318
2036-03-10,54.8913,54.8913,54.8913,54.8913,73743000,0.00%,309582344,253772024344,4047849.14,0
2036-03-11,54.8913,54.8913,54.8913,54.8913,135971000,0.00%,173611344,253772024344,7463624.95,0
2036-03-12,54.8913,54.8913,54.8913,54.8913,111907000,0.00%,61704344,253772024344,6142720.71,0
2036-03-13,54.8913,54.8913,54.8913,54.8913,46201000,0.00%,15503344,253772024344,2536032.95,0
2036-03-14,54.8913,54.9462,54.9462,54.8913,40373000,0.10%,379306992,254176200992,2218342.93,404176647
2036-03-17,54.9462,54.9462,54.9462,54.9462,56917000,0.00%,322389992,254176200992,3127372.87,0
2036-03-18,54.9462,54.9462,54.9462,54.9462,53744500,0.00%,268645492,254176200992,2953056.05,0
2036-03-19,54.9462,54.9462,54.9462,54.9462,50172500,0.00%,218472992,254176200992,2756788.22,0
2036-03-20,54.9462,54.9462,54.9462,54.9462,139660500,0.00%,78812492,254176200992,7673813.77,0
2036-03-21,54.9462,54.9462,54.9462,54.9462,58562000,0.00%,20250492,254176200992,3217759.36,0
2036-03-24,54.9462,55.0012,55.0012,54.9462,82532000,0.10%,344237469,254582719969,4539359.04,406518976
2036-03-25,55.0012,55.0012,55.0012,55.0012,68996000,0.00%,275241469,254582719969,3794862.8,0
2036-03-26,55.0012,55.0012,55.0012,55.0012,87772500,0.00%,187468969,254582719969,4827592.83,0
2036-03-27,55.0012,55.0012,55.0012,55.0012,53157000,0.00%,134311969,254582719969,2923698.79,0
2036-03-28,55.0012,55.0012,55.0012,55.0012,47822500,0.00%,86489469,254582719969,2630294.89,0
2036-03-31,55.0012,55.0012,55.0012,55.0012,66763500,0.00%,19725969,254582719969,3672072.62,0
2036-04-01,55.0012,55.0562,55.0562,55.0012,60630000,0.10%,359124085,254982748085,3338057.41,400028116
2036-04-02,55.0562,55.0562,55.0562,55.0562,50008000,0.00%,309116085,254982748085,2753250.45,0
2036-04-03,55.0562,55.0562,55.0562,55.0562,40020500,0.00%,269095585,254982748085,2203376.65,0
2036-04-09,55.0562,55.0562,55.0562,55.0562,77221000,0.00%,191874585,254982748085,4251494.82,0
2036-04-10,55.0562,55.0562,55.0562,55.0562,48692000,0.00%,143182585,254982748085,2680796.49,0
2036-04-11,55.0562,55.0562,55.0562,55.0562,48574500,0.00%,94608085,254982748085,2674327.39,0
2036-04-14,55.0562,55.0562,55.0562,55.0562,49679000,0.00%,44929085,254982748085,2735136.96,0
2036-04-15,55.0562,55.0562,55.0562,55.0562,41900500,0.00%,3028585,254982748085,2306882.31,0
2036-04-16,55.0562,55.1112,55.1112,55.0562,47681500,0.10%,350613846,255378014846,2627784.68,395266760
2036-04-17,55.1112,55.1112,55.1112,55.1112,53016000,0.00%,297597846,255378014846,2921775.38,0
2036-04-18,55.1112,55.1112,55.1112,55.1112,32312500,0.00%,265285346,255378014846,1780780.65,0
2036-04-21,55.1112,55.1112,55.1112,55.1112,55060500,0.00%,210224846,255378014846,3034450.23,0
2036-04-22,55.1112,55.1112,55.1112,55.1112,30808500,0.00%,179416346,255378014846,1697893.41,0
2036-04-23,55.1112,55.1112,55.1112,55.1112,54449500,0.00%,124966846,255378014846,3000777.28,0
2036-04-24,55.1112,55.1112,55.1112,55.1112,55225000,0.00%,69741846,255378014846,3043516.02,0
2036-04-25,55.1112,55.1112,55.1112,55.1112,43639500,0.00%,26102346,255378014846,2405025.21,0
2036-04-28,55.1112,55.1663,55.1663,55.1112,105867500,0.10%,314526876,255772306876,5840318.27,394292030
2036-04-29,55.1663,55.1663,55.1663,55.1663,60606500,0.00%,253920376,255772306876,3343436.36,0
2036-04-30,55.1663,55.1663,55.1663,55.1663,45402000,0.00%,208518376,255772306876,2504660.35,0
2036-05-01,55.1663,55.1663,55.1663,55.1663,90263500,0.00%,118254876,255772306876,4979503.32,0
2036-05-05,55.1663,55.1663,55.1663,55.1663,55836000,0.00%,62418876,255772306876,3080265.53,0
2036-05-06,55.1663,55.1663,55.1663,55.1663,30550000,0.00%,31868876,255772306876,1685330.47,0
2036-05-07,55.1663,55.2215,55.2215,55.1663,104269500,0.10%,321249452,256165956952,5757918.19,393650075
2036-05-08,55.2215,55.2215,55.2215,55.2215,96326500,0.00%,224922952,256165956952,5319293.82,0
2036-05-09,55.2215,55.2215,55.2215,55.2215,59243500,0.00%,165679452,256165956952,3271514.94,0
2036-05-12,55.2215,55.2215,55.2215,55.2215,65353500,0.00%,100325952,256165956952,3608918.3,0
2036-05-13,55.2215,55.2215,55.2215,55.2215,76304500,0.00%,24021452,256165956952,4213648.95,0
2036-05-14,55.2215,55.2767,55.2767,55.2215,62557000,0.10%,345723833,256550216333,3457944.52,384259380
2036-05-15,55.2767,55.2767,55.2767,55.2767,92449000,0.00%,253274833,256550216333,5110275.64,0
2036-05-16,55.2767,55.2767,55.2767,55.2767,62157500,0.00%,191117333,256550216333,3435861.48,0
2036-05-19,55.2767,55.2767,55.2767,55.2767,69325000,0.00%,121792333,256550216333,3832057.23,0
2036-05-20,55.2767,55.2767,55.2767,55.2767,79289000,0.00%,42503333,256550216333,4382834.27,0
2036-05-21,55.2767,55.332,55.332,55.2767,44485500,0.10%,376652724,256928851224,2461471.69,378634891
2036-05-22,55.332,55.332,55.332,55.332,93177500,0.00%,283475224,256928851224,5155697.43,0
2036-05-23,55.332,55.332,55.332,55.332,56400000,0.00%,227075224,256928851224,3120724.8,0
2036-05-27,55.332,55.332,55.332,55.332,77080000,0.00%,149995224,256928851224,4264990.56,0
2036-05-28,55.332,55.332,55.332,55.332,58421000,0.00%,91574224,256928851224,3232550.77,0
2036-05-29,55.332,55.3873,55.3873,55.332,99170000,0.10%,368974227,257305421227,5492758.54,376570003
2036-05-30,55.3873,55.3873,55.3873,55.3873,112823500,0.00%,256150727,257305421227,6248989.04,0
2036-06-02,55.3873,55.3873,55.3873,55.3873,82626000,0.00%,173524727,257305421227,4576431.05,0
2036-06-03,55.3873,55.4427,55.4427,55.3873,239394500,0.10%,309385853,257680676853,13272677.45,375255626
2036-06-04,55.4427,55.4427,55.4427,55.4427,115385000,0.00%,194000853,257680676853,6397255.94,0
2036-06-05,55.4427,55.4427,55.4427,55.4427,68267500,0.00%,125733353,257680676853,3784934.52,0
2036-06-06,55.4427,55.4427,55.4427,55.4427,74377500,0.00%,51355853,257680676853,4123689.42,0
2036-06-09,55.4427,55.4982,55.4982,55.4427,68197000,0.10%,364160852,258061678852,3784810.75,381001998
2036-06-10,55.4982,55.4982,55.4982,55.4982,87866500,0.00%,276294352,258061678852,4876432.59,0
2036-06-11,55.4982,55.4982,55.4982,55.4982,84106500,0.00%,192187852,258061678852,4667759.36,0
2036-06-12,55.4982,55.4982,55.4982,55.4982,67163000,0.00%,125024852,258061678852,3727425.61,0
2036-06-13,55.4982,55.4982,55.4982,55.4982,52475500,0.00%,72549352,258061678852,2912295.79,0
2036-06-16,55.4982,55.4982,55.4982,55.4982,46412500,0.00%,26136852,258061678852,2575810.21,0
2036-06-17,55.4982,55.5537,55.5537,55.4982,57152000,0.10%,349012393,258441706393,3175005.06,380027541
2036-06-18,55.5537,55.5537,55.5537,55.5537,39856000,0.00%,309156393,258441706393,2214148.27,0
2036-06-19,55.5537,55.5537,55.5537,55.5537,70782000,0.00%,238374393,258441706393,3932201.99,0
2036-06-23,55.5537,55.5537,55.5537,55.5537,74166000,0.00%,164208393,258441706393,4120195.71,0
2036-06-24,55.5537,55.5537,55.5537,55.5537,102084000,0.00%,62124393,258441706393,5671143.91,0
2036-06-25,55.5537,55.6092,55.6092,55.5537,93906000,0.10%,350836952,258824324952,5222037.54,382618558
2036-06-26,55.6092,55.6092,55.6092,55.6092,69254500,0.00%,281582452,258824324952,3851187.34,0
2036-06-27,55.6092,55.6092,55.6092,55.6092,74894500,0.00%,206687952,258824324952,4164823.23,0
2036-06-30,55.6092,55.6092,55.6092,55.6092,77714500,0.00%,128973452,258824324952,4321641.17,0
2036-07-01,55.6092,55.6092,55.6092,55.6092,91626500,0.00%,37346952,258824324952,5095276.36,0
2036-07-03,55.6092,55.6648,55.6648,55.6092,96138500,0.10%,320337499,259203453999,5351530.37,379129047
2036-07-04,55.6648,55.6648,55.6648,55.6648,58656000,0.00%,261681499,259203453999,3265074.51,0
2036-07-07,55.6648,55.6648,55.6648,55.6648,97525000,0.00%,164156499,259203453999,5428709.62,0
2036-07-08,55.6648,55.6648,55.6648,55.6648,130237000,0.00%,33919499,259203453999,7249616.56,0
2036-07-09,55.6648,55.7205,55.7205,55.6648,132258000,0.10%,279423031,259581215531,7369481.89,377761531
2036-07-10,55.7205,55.7205,55.7205,55.7205,99640000,0.00%,179783031,259581215531,5551990.62,0
2036-07-11,55.7205,55.7205,55.7205,55.7205,95034000,0.00%,84749031,259581215531,5295342.0,0
2036-07-14,55.7205,55.7205,55.7205,55.7205,72004000,0.00%,12745031,259581215531,4012098.88,0
2036-07-15,55.7205,55.7762,55.7762,55.7205,77855500,0.10%,317325414,259963651414,4342483.94,382435883
2036-07-16,55.7762,55.7762,55.7762,55.7762,46788500,0.00%,270536914,259963651414,2609684.73,0
2036-07-17,55.7762,55.7762,55.7762,55.7762,47423000,0.00%,223113914,259963651414,2645074.73,0
2036-07-18,55.7762,55.7762,55.7762,55.7762,34686000,0.00%,188427914,259963651414,1934653.27,0
2036-07-21,55.7762,55.7762,55.7762,55.7762,39738500,0.00%,148689414,259963651414,2216462.52,0
2036-07-22,55.7762,55.7762,55.7762,55.7762,46553500,0.00%,102135914,259963651414,2596577.33,0
2036-07-23,55.7762,55.7762,55.7762,55.7762,47705000,0.00%,54430914,259963651414,2660803.62,0
2036-07-24,55.7762,55.7762,55.7762,55.7762,36871500,0.00%,17559414,259963651414,2056552.16,0
2036-07-25,55.7762,55.832,55.832,55.7762,39386000,0.10%,361673896,260347151896,2198999.15,383500481
2036-07-28,55.832,55.832,55.832,55.832,193381500,0.00%,168292396,260347151896,10796875.91,0
2036-07-29,55.832,55.8878,55.8878,55.832,253870500,0.10%,301242552,260733972552,14188263.73,386820656
2036-07-30,55.8878,55.8878,55.8878,55.8878,265221000,0.00%,36021552,260733972552,14822618.2,0
2036-07-31,55.8878,55.9437,55.9437,55.8878,171315000,0.10%,261562296,261130828296,9583994.97,396855743
2036-08-01,55.9437,55.9437,55.9437,55.9437,95081000,0.00%,166481296,261130828296,5319182.94,0
2036-08-04,55.9437,55.9437,55.9437,55.9437,69207500,0.00%,97273796,261130828296,3871723.62,0
2036-08-05,55.9437,55.9997,55.9997,55.9437,276853500,0.10%,221116733,261531524733,15503712.94,400696437
2036-08-06,55.9997,55.9997,55.9997,55.9997,108335000,0.00%,112781733,261531524733,6066727.5,0
2036-08-07,55.9997,56.0557,56.0557,55.9997,137780500,0.10%,382668339,261939191839,7723382.37,407667106
2036-08-08,56.0557,56.0557,56.0557,56.0557,100932500,0.00%,281735839,261939191839,5657841.94,0
2036-08-11,56.0557,56.0557,56.0557,56.0557,96256000,0.00%,185479839,261939191839,5395697.46,0
2036-08-12,56.0557,56.0557,56.0557,56.0557,96068000,0.00%,89411839,261939191839,5385158.99,0
2036-08-13,56.0557,56.0557,56.0557,56.0557,47352500,0.00%,42059339,261939191839,2654377.53,0
2036-08-14,56.0557,56.0557,56.0557,56.0557,38422500,0.00%,3636839,261939191839,2153800.13,0
2036-08-15,56.0557,56.1117,56.1117,56.0557,62087000,0.10%,356448206,262354090206,3483807.12,414898367
2036-08-18,56.1117,56.1117,56.1117,56.1117,68197000,0.00%,288251206,262354090206,3826649.6,0
2036-08-19,56.1117,56.1117,56.1117,56.1117,101379000,0.00%,186872206,262354090206,5688548.03,0
2036-08-20,56.1117,56.1117,56.1117,56.1117,62510000,0.00%,124362206,262354090206,3507542.37,0
2036-08-21,56.1117,56.1117,56.1117,56.1117,120085000,0.00%,4277206,262354090206,6738173.49,0
2036-08-22,56.1117,56.1678,56.1678,56.1117,122529000,0.10%,301594131,262773936131,6882184.37,419845924
2036-08-25,56.1678,56.1678,56.1678,56.1678,104857000,0.00%,196737131,262773936131,5889587.0,0
2036-08-26,56.1678,56.1678,56.1678,56.1678,116372000,0.00%,80365131,262773936131,6536359.22,0
2036-08-27,56.1678,56.224,56.224,56.1678,96890500,0.10%,408718155,263199179655,5447571.47,425243523
2036-08-28,56.224,56.224,56.224,56.224,40655000,0.00%,368063155,263199179655,2285786.72,0
2036-08-29,56.224,56.224,56.224,56.224,55131000,0.00%,312932155,263199179655,3099685.34,0
2036-09-01,56.224,56.224,56.224,56.224,43428000,0.00%,269504155,263199179655,2441695.87,0
2036-09-02,56.224,56.224,56.224,56.224,122623000,0.00%,146881155,263199179655,6894355.55,0
2036-09-03,56.224,56.224,56.224,56.224,82955000,0.00%,63926155,263199179655,4664061.92,0
2036-09-04,56.224,56.2802,56.2802,56.224,95104500,0.10%,399348354,263629706354,5352500.28,430526699
2036-09-05,56.2802,56.2802,56.2802,56.2802,63779000,0.00%,335569354,263629706354,3589494.88,0
2036-09-08,56.2802,56.2802,56.2802,56.2802,62909500,0.00%,272659854,263629706354,3540559.24,0
2036-09-09,56.2802,56.2802,56.2802,56.2802,58656000,0.00%,214003854,263629706354,3301171.41,0
2036-09-10,56.2802,56.2802,56.2802,56.2802,77550000,0.00%,136453854,263629706354,4364529.51,0
2036-09-11,56.2802,56.2802,56.2802,56.2802,127111500,0.00%,9342354,263629706354,7153860.64,0
2036-09-12,56.2802,56.3365,56.3365,56.2802,83824500,0.10%,362215327,264066403827,4722378.94,436697472
2036-09-15,56.3365,56.3365,56.3365,56.3365,65377000,0.00%,296838327,264066403827,3683111.36,0
2036-09-16,56.3365,56.3365,56.3365,56.3365,46788500,0.00%,250049827,264066403827,2635900.33,0
2036-09-17,56.3365,56.3365,56.3365,56.3365,84999500,0.00%,165050327,264066403827,4788574.33,0
2036-09-18,56.3365,56.3365,56.3365,56.3365,57622000,0.00%,107428327,264066403827,3246221.8,0
2036-09-19,56.3365,56.3365,56.3365,56.3365,56353000,0.00%,51075327,264066403827,3174730.78,0
2036-09-22,56.3365,56.3365,56.3365,56.3365,36448500,0.00%,14626827,264066403827,2053380.92,0
2036-09-23,56.3365,56.3928,56.3928,56.3365,38916000,0.10%,416166936,264506859936,2194582.2,440456109
2036-09-25,56.3928,56.3928,56.3928,56.3928,52193500,0.00%,363973436,264506859936,2943337.61,0
2036-09-26,56.3928,56.3928,56.3928,56.3928,39151000,0.00%,324822436,264506859936,2207834.51,0
2036-09-29,56.3928,56.3928,56.3928,56.3928,42229500,0.00%,282592936,264506859936,2381439.75,0
2036-09-30,56.3928,56.3928,56.3928,56.3928,49232500,0.00%,233360436,264506859936,2776358.53,0
2036-10-01,56.3928,56.3928,56.3928,56.3928,42887500,0.00%,190472936,264506859936,2418546.21,0
2036-10-02,56.3928,56.3928,56.3928,56.3928,40749000,0.00%,149723936,264506859936,2297950.21,0
2036-10-06,56.3928,56.3928,56.3928,56.3928,27542000,0.00%,122181936,264506859936,1553170.5,0
2036-10-07,56.3928,56.3928,56.3928,56.3928,27918000,0.00%,94263936,264506859936,1574374.19,0
2036-10-08,56.3928,56.3928,56.3928,56.3928,25497500,0.00%,68766436,264506859936,1437875.42,0
2036-10-09,56.3928,56.3928,56.3928,56.3928,34192500,0.00%,34573936,264506859936,1928210.81,0
2036-10-10,56.3928,56.4492,56.4492,56.3928,70053500,0.10%,405161315,264947500815,3954464.03,440640878
2036-10-13,56.4492,56.4492,56.4492,56.4492,61570000,0.00%,343591315,264947500815,3475577.24,0
2036-10-14,56.4492,56.4492,56.4492,56.4492,38657500,0.00%,304933815,264947500815,2182184.95,0
2036-10-17,56.4492,56.4492,56.4492,56.4492,68455500,0.00%,236478315,264947500815,3864258.21,0
2036-10-20,56.4492,56.4492,56.4492,56.4492,48715500,0.00%,187762815,264947500815,2749951.0,0
2036-10-21,56.4492,56.4492,56.4492,56.4492,36260500,0.00%,151502315,264947500815,2046876.22,0
2036-10-22,56.4492,56.4492,56.4492,56.4492,76892000,0.00%,74610315,264947500815,4340491.89,0
2036-10-23,56.4492,56.4492,56.4492,56.4492,39198000,0.00%,35412315,264947500815,2212695.74,0
2036-10-24,56.4492,56.4492,56.4492,56.4492,29939000,0.00%,5473315,264947500815,1690032.6,0
2036-10-27,56.4492,56.5057,56.5057,56.4492,28811000,0.10%,417525179,265388363679,1627985.72,440862864
2036-10-28,56.5057,56.5057,56.5057,56.5057,35978500,0.00%,381546679,265388363679,2032990.33,0
2036-10-29,56.5057,56.5057,56.5057,56.5057,43992000,0.00%,337554679,265388363679,2485798.75,0
2036-10-30,56.5057,56.5057,56.5057,56.5057,32124500,0.00%,305430179,265388363679,1815217.36,0
2036-10-31,56.5057,56.5057,56.5057,56.5057,38634000,0.00%,266796179,265388363679,2183041.21,0
2036-11-03,56.5057,56.5057,56.5057,56.5057,53227500,0.00%,213568679,265388363679,3007657.15,0
2036-11-04,56.5057,56.5057,56.5057,56.5057,77573500,0.00%,135995179,265388363679,4383344.92,0
2036-11-05,56.5057,56.5057,56.5057,56.5057,45496000,0.00%,90499179,265388363679,2570783.33,0
2036-11-06,56.5057,56.5057,56.5057,56.5057,38634000,0.00%,51865179,265388363679,2183041.21,0
2036-11-07,56.5057,56.5057,56.5057,56.5057,47047000,0.00%,4818179,265388363679,2658423.67,0
2036-11-10,56.5057,56.5622,56.5622,56.5057,52499000,0.10%,392373823,265828418323,2969458.94,440054643
2036-11-11,56.5622,56.5622,56.5622,56.5622,31983500,0.00%,360390323,265828418323,1809057.12,0
2036-11-12,56.5622,56.5622,56.5622,56.5622,71957000,0.00%,288433323,265828418323,4070046.23,0
2036-11-13,56.5622,56.5622,56.5622,56.5622,84694000,0.00%,203739323,265828418323,4790478.97,0
2036-11-14,56.5622,56.5622,56.5622,56.5622,56000500,0.00%,147738823,265828418323,3167511.48,0
2036-11-17,56.5622,56.5622,56.5622,56.5622,45566500,0.00%,102172323,265828418323,2577341.49,0
2036-11-18,56.5622,56.5622,56.5622,56.5622,66411000,0.00%,35761323,265828418323,3756352.26,0
2036-11-19,56.5622,56.6187,56.6187,56.5622,50384000,0.10%,428004703,266271045703,2852676.58,442627380
2036-11-20,56.6187,56.6187,56.6187,56.6187,45402000,0.00%,382602703,266271045703,2570602.22,0
2036-11-21,56.6187,56.6187,56.6187,56.6187,35743500,0.00%,346859203,266271045703,2023750.5,0
2036-11-24,56.6187,56.6187,56.6187,56.6187,34521500,0.00%,312337703,266271045703,1954562.45,0
2036-11-25,56.6187,56.6187,56.6187,56.6187,44015500,0.00%,268322203,266271045703,2492100.39,0
2036-11-26,56.6187,56.6187,56.6187,56.6187,61147000,0.00%,207175203,266271045703,3462063.65,0
2036-11-27,56.6187,56.6187,56.6187,56.6187,39809000,0.00%,167366203,266271045703,2253933.83,0
2036-11-28,56.6187,56.6187,56.6187,56.6187,77291500,0.00%,90074703,266271045703,4376144.25,0
2036-12-01,56.6187,56.6187,56.6187,56.6187,45848500,0.00%,44226203,266271045703,2595882.47,0
2036-12-02,56.6187,56.6754,56.6754,56.6187,83636500,0.10%,404426992,266714882992,4740132.09,443837288
2036-12-03,56.6754,56.6754,56.6754,56.6754,47799000,0.00%,356627992,266714882992,2709027.44,0
2036-12-04,56.6754,56.6754,56.6754,56.6754,41642000,0.00%,314985992,266714882992,2360077.01,0
2036-12-05,56.6754,56.6754,56.6754,56.6754,52875000,0.00%,262110992,266714882992,2996711.77,0
2036-12-08,56.6754,56.6754,56.6754,56.6754,72756000,0.00%,189354992,266714882992,4123475.4,0
2036-12-09,56.6754,56.6754,56.6754,56.6754,54614000,0.00%,134740992,266714882992,3095270.3,0
2036-12-10,56.6754,56.6754,56.6754,56.6754,35649500,0.00%,99091492,266714882992,2020449.67,0
2036-12-11,56.6754,56.6754,56.6754,56.6754,31372500,0.00%,67718992,266714882992,1778048.99,0
2036-12-12,56.6754,56.6754,56.6754,56.6754,35790500,0.00%,31928492,266714882992,2028440.9,0
2036-12-15,56.6754,56.732,56.732,56.6754,52264000,0.10%,424463364,267159681864,2965041.25,444798871
2036-12-16,56.732,56.732,56.732,56.732,32077500,0.00%,392385864,267159681864,1819820.73,0
2036-12-17,56.732,56.732,56.732,56.732,31419500,0.00%,360966364,267159681864,1782491.07,0
2036-12-18,56.732,56.732,56.732,56.732,49420500,0.00%,311545864,267159681864,2803723.81,0
2036-12-19,56.732,56.732,56.732,56.732,66458000,0.00%,245087864,267159681864,3770295.26,0
2036-12-22,56.732,56.732,56.732,56.732,47963500,0.00%,197124364,267159681864,2721065.28,0
2036-12-23,56.732,56.732,56.732,56.732,40490500,0.00%,156633864,267159681864,2297107.05,0
2036-12-24,56.732,56.732,56.732,56.732,32524000,0.00%,124109864,267159681864,1845151.57,0
2036-12-25,56.732,56.732,56.732,56.732,77432500,0.00%,46677364,267159681864,4392900.59,0
2036-12-26,56.732,56.732,56.732,56.732,22348500,0.00%,24328864,267159681864,1267875.1,0
2036-12-30,56.732,56.7888,56.7888,56.732,44532500,0.10%,426757907,267606643407,2528947.24,446961543
2036-12-31,56.7888,56.7888,56.7888,56.7888,22536500,0.00%,404221407,267606643407,1279820.79,0
2037-01-01,56.7888,56.7888,56.7888,56.7888,18384000,0.00%,385837407,267606643407,1044005.3,0
2037-01-02,56.7888,56.7888,56.7888,56.7888,23712000,0.00%,362125407,267606643407,1346576.03,0
2037-01-05,56.7888,56.7888,56.7888,56.7888,14448000,0.00%,347677407,267606643407,820484.58,0
2037-01-06,56.7888,56.7888,56.7888,56.7888,32544000,0.00%,315133407,267606643407,1848134.71,0
2037-01-07,56.7888,56.7888,56.7888,56.7888,76632000,0.00%,238501407,267606643407,4351839.32,0
2037-01-08,56.7888,56.7888,56.7888,56.7888,53736000,0.00%,184765407,267606643407,3051602.96,0
2037-01-09,56.7888,56.7888,56.7888,56.7888,49944000,0.00%,134821407,267606643407,2836259.83,0
2037-01-12,56.7888,56.7888,56.7888,56.7888,46944000,0.00%,87877407,267606643407,2665893.43,0
2037-01-13,56.7888,56.7888,56.7888,56.7888,39384000,0.00%,48493407,267606643407,2236570.1,0
2037-01-14,56.7888,56.8456,56.8456,56.7888,67848000,0.10%,426704313,268052702313,3856860.27,446058905
2037-01-15,56.8456,56.8456,56.8456,56.8456,43944000,0.00%,382760313,268052702313,2498023.05,0
2037-01-16,56.8456,56.8456,56.8456,56.8456,32928000,0.00%,349832313,268052702313,1871811.92,0
2037-01-19,56.8456,56.8456,56.8456,56.8456,30432000,0.00%,319400313,268052702313,1729925.3,0
2037-01-20,56.8456,56.8456,56.8456,56.8456,56496000,0.00%,262904313,268052702313,3211549.02,0
2037-01-21,56.8456,56.8456,56.8456,56.8456,41976000,0.00%,220928313,268052702313,2386150.91,0
2037-01-22,56.8456,56.8456,56.8456,56.8456,70896000,0.00%,150032313,268052702313,4030125.66,0
2037-01-23,56.8456,56.8456,56.8456,56.8456,64368000,0.00%,85664313,268052702313,3659037.58,0
2037-01-26,56.8456,56.8456,56.8456,56.8456,35232000,0.00%,50432313,268052702313,2002784.18,0
2037-01-27,56.8456,56.9024,56.9024,56.8456,60000000,0.10%,439403926,268501673926,3414144.0,448971612
2037-01-28,56.9024,56.9024,56.9024,56.9024,51888000,0.00%,387515926,268501673926,2952551.73,0
2037-01-29,56.9024,56.9024,56.9024,56.9024,49224000,0.00%,338291926,268501673926,2800963.74,0
2037-01-30,56.9024,56.9024,56.9024,56.9024,36072000,0.00%,302219926,268501673926,2052583.37,0
2037-02-02,56.9024,56.9024,56.9024,56.9024,27432000,0.00%,274787926,268501673926,1560946.64,0
2037-02-06,56.9024,56.9024,56.9024,56.9024,38232000,0.00%,236555926,268501673926,2175492.56,0
2037-02-09,56.9024,56.9024,56.9024,56.9024,36912000,0.00%,199643926,268501673926,2100381.39,0
2037-02-10,56.9024,56.9024,56.9024,56.9024,45000000,0.00%,154643926,268501673926,2560608.0,0
2037-02-11,56.9024,56.9024,56.9024,56.9024,56088000,0.00%,98555926,268501673926,3191541.81,0
2037-02-12,56.9024,56.9024,56.9024,56.9024,45144000,0.00%,53411926,268501673926,2568801.95,0
2037-02-13,56.9024,56.9024,56.9024,56.9024,37248000,0.00%,16163926,268501673926,2119500.6,0
2037-02-16,56.9024,56.9593,56.9593,56.9024,30864000,0.10%,436691883,268953065883,1757991.84,451391956
2037-02-17,56.9593,56.9593,56.9593,56.9593,33336000,0.00%,403355883,268953065883,1898795.22,0
2037-02-18,56.9593,56.9593,56.9593,56.9593,29304000,0.00%,374051883,268953065883,1669135.33,0
2037-02-19,56.9593,56.9593,56.9593,56.9593,31008000,0.00%,343043883,268953065883,1766193.97,0
2037-02-20,56.9593,56.9593,56.9593,56.9593,57672000,0.00%,285371883,268953065883,3284956.75,0
2037-02-23,56.9593,56.9593,56.9593,56.9593,110496000,0.00%,174875883,268953065883,6293774.81,0
2037-02-24,56.9593,56.9593,56.9593,56.9593,73344000,0.00%,101531883,268953065883,4177622.9,0
2037-02-25,56.9593,56.9593,56.9593,56.9593,48576000,0.00%,52955883,268953065883,2766854.96,0
2037-02-26,56.9593,57.0163,57.0163,56.9593,81528000,0.10%,425541154,269407179154,4648424.91,454113271
2037-02-27,57.0163,57.0163,57.0163,57.0163,61272000,0.00%,364269154,269407179154,3493502.73,0
2037-03-02,57.0163,57.0163,57.0163,57.0163,64440000,0.00%,299829154,269407179154,3674130.37,0
2037-03-03,57.0163,57.0163,57.0163,57.0163,46344000,0.00%,253485154,269407179154,2642363.41,0
2037-03-04,57.0163,57.0163,57.0163,57.0163,33624000,0.00%,219861154,269407179154,1917116.07,0
2037-03-05,57.0163,57.0163,57.0163,57.0163,47688000,0.00%,172173154,269407179154,2718993.31,0
2037-03-06,57.0163,57.0163,57.0163,57.0163,99720000,0.00%,72453154,269407179154,5685665.44,0
2037-03-09,57.0163,57.0733,57.0733,57.0163,95712000,0.10%,435600268,269866038268,5462599.69,458859113
2037-03-10,57.0733,57.0733,57.0733,57.0733,77424000,0.00%,358176268,269866038268,4418843.18,0
2037-03-11,57.0733,57.0733,57.0733,57.0733,79704000,0.00%,278472268,269866038268,4548970.3,0
2037-03-12,57.0733,57.0733,57.0733,57.0733,57744000,0.00%,220728268,269866038268,3295640.64,0
2037-03-13,57.0733,57.0733,57.0733,57.0733,116256000,0.00%,104472268,269866038268,6635113.56,0
2037-03-16,57.0733,57.1303,57.1303,57.0733,160584000,0.10%,408592828,270330742828,9174212.1,464704559
2037-03-17,57.1303,57.1303,57.1303,57.1303,284160000,0.00%,124432828,270330742828,16234146.05,0
2037-03-18,57.1303,57.1875,57.1875,57.1303,258576000,0.10%,339033549,270803919549,14787315.0,473176721
2037-03-19,57.1875,57.1875,57.1875,57.1875,167256000,0.00%,171777549,270803919549,9564952.5,0
2037-03-20,57.1875,57.1875,57.1875,57.1875,90504000,0.00%,81273549,270803919549,5175697.5,0
2037-03-23,57.1875,57.1875,57.1875,57.1875,73680000,0.00%,7593549,270803919549,4213575.0,0
2037-03-24,57.1875,57.2447,57.2447,57.1875,74424000,0.10%,416981963,271287731963,4260379.55,483812413
2037-03-25,57.2447,57.2447,57.2447,57.2447,101424000,0.00%,315557963,271287731963,5805986.45,0
2037-03-26,57.2447,57.2447,57.2447,57.2447,112632000,0.00%,202925963,271287731963,6447585.05,0
2037-03-27,57.2447,57.2447,57.2447,57.2447,91920000,0.00%,111005963,271287731963,5261932.82,0
2037-03-30,57.2447,57.2447,57.2447,57.2447,64632000,0.00%,46373963,271287731963,3699839.45,0
2037-03-31,57.2447,57.3019,57.3019,57.2447,50160000,0.10%,484898094,271776416094,2874263.3,488684131
2037-04-01,57.3019,57.3019,57.3019,57.3019,64680000,0.00%,420218094,271776416094,3706286.89,0
2037-04-02,57.3019,57.3019,57.3019,57.3019,35016000,0.00%,385202094,271776416094,2006483.33,0
2037-04-03,57.3019,57.3019,57.3019,57.3019,34800000,0.00%,350402094,271776416094,1994106.12,0
2037-04-06,57.3019,57.3019,57.3019,57.3019,37608000,0.00%,312794094,271776416094,2155009.86,0
2037-04-08,57.3019,57.3019,57.3019,57.3019,41112000,0.00%,271682094,271776416094,2355795.71,0
2037-04-09,57.3019,57.3019,57.3019,57.3019,38088000,0.00%,233594094,271776416094,2182514.77,0
2037-04-10,57.3019,57.3019,57.3019,57.3019,47040000,0.00%,186554094,271776416094,2695481.38,0
2037-04-13,57.3019,57.3019,57.3019,57.3019,54696000,0.00%,131858094,271776416094,3134184.72,0
2037-04-14,57.3019,57.3019,57.3019,57.3019,63384000,0.00%,68474094,271776416094,3632023.63,0
2037-04-15,57.3019,57.3019,57.3019,57.3019,51936000,0.00%,16538094,271776416094,2976031.48,0
2037-04-16,57.3019,57.3592,57.3592,57.3019,36384000,0.10%,467173738,272263435738,2086957.13,487019644
2037-04-21,57.3592,57.3592,57.3592,57.3592,42576000,0.00%,424597738,272263435738,2442125.3,0
2037-04-22,57.3592,57.3592,57.3592,57.3592,26040000,0.00%,398557738,272263435738,1493633.57,0
2037-04-23,57.3592,57.3592,57.3592,57.3592,61776000,0.00%,336781738,272263435738,3543421.94,0
2037-04-24,57.3592,57.3592,57.3592,57.3592,67272000,0.00%,269509738,272263435738,3858668.1,0
2037-04-27,57.3592,57.3592,57.3592,57.3592,61896000,0.00%,207613738,272263435738,3550305.04,0
2037-04-28,57.3592,57.3592,57.3592,57.3592,65496000,0.00%,142117738,272263435738,3756798.16,0
2037-04-29,57.3592,57.3592,57.3592,57.3592,56184000,0.00%,85933738,272263435738,3222669.29,0
2037-04-30,57.3592,57.3592,57.3592,57.3592,50952000,0.00%,34981738,272263435738,2922565.96,0
2037-05-01,57.3592,57.4166,57.4166,57.3592,113928000,0.10%,403083385,272745465385,6541358.4,482029646
2037-05-05,57.4166,57.4166,57.4166,57.4166,61368000,0.00%,341715385,272745465385,3523541.91,0
2037-05-06,57.4166,57.4166,57.4166,57.4166,33840000,0.00%,307875385,272745465385,1942977.74,0
2037-05-07,57.4166,57.4166,57.4166,57.4166,51336000,0.00%,256539385,272745465385,2947538.58,0
2037-05-08,57.4166,57.4166,57.4166,57.4166,55008000,0.00%,201531385,272745465385,3158372.33,0
2037-05-12,57.4166,57.4166,57.4166,57.4166,68160000,0.00%,133371385,272745465385,3913515.46,0
2037-05-13,57.4166,57.4166,57.4166,57.4166,58440000,0.00%,74931385,272745465385,3355426.1,0
2037-05-14,57.4166,57.4166,57.4166,57.4166,48048000,0.00%,26883385,272745465385,2758752.8,0
2037-05-15,57.4166,57.474,57.474,57.4166,46776000,0.10%,458613149,273223971149,2688403.82,478505764
2037-05-18,57.474,57.474,57.474,57.474,37344000,0.00%,421269149,273223971149,2146309.06,0
2037-05-19,57.474,57.474,57.474,57.474,72288000,0.00%,348981149,273223971149,4154680.51,0
2037-05-20,57.474,57.474,57.474,57.474,68016000,0.00%,280965149,273223971149,3909151.58,0
2037-05-21,57.474,57.474,57.474,57.474,144360000,0.00%,136605149,273223971149,8296946.64,0
2037-05-22,57.474,57.474,57.474,57.474,67992000,0.00%,68613149,273223971149,3907772.21,0
2037-05-25,57.474,57.474,57.474,57.474,40872000,0.00%,27741149,273223971149,2349077.33,0
2037-05-26,57.474,57.5315,57.5315,57.474,47280000,0.10%,459381018,273702891018,2720089.32,478919868
2037-05-27,57.5315,57.5315,57.5315,57.5315,51720000,0.00%,407661018,273702891018,2975529.18,0
2037-05-28,57.5315,57.5315,57.5315,57.5315,44400000,0.00%,363261018,273702891018,2554398.6,0
2037-05-29,57.5315,57.5315,57.5315,57.5315,49824000,0.00%,313437018,273702891018,2866449.46,0
2037-06-01,57.5315,57.5315,57.5315,57.5315,53520000,0.00%,259917018,273702891018,3079085.88,0
2037-06-02,57.5315,57.5315,57.5315,57.5315,155424000,0.00%,104493018,273702891018,8941775.86,0
2037-06-03,57.5315,57.5315,57.5315,57.5315,64608000,0.00%,39885018,273702891018,3716995.15,0
2037-06-04,57.5315,57.5315,57.5315,57.5315,34032000,0.00%,5853018,273702891018,1957912.01,0
2037-06-08,57.5315,57.589,57.589,57.5315,57360000,0.10%,424040736,274178438736,3303305.04,475547718
2037-06-09,57.589,57.589,57.589,57.589,65016000,0.00%,359024736,274178438736,3744206.42,0
2037-06-10,57.589,57.589,57.589,57.589,113952000,0.00%,245072736,274178438736,6562381.73,0
2037-06-11,57.589,57.589,57.589,57.589,93960000,0.00%,151112736,274178438736,5411062.44,0
2037-06-12,57.589,57.589,57.589,57.589,71424000,0.00%,79688736,274178438736,4113236.74,0
2037-06-15,57.589,57.589,57.589,57.589,59856000,0.00%,19832736,274178438736,3447047.18,0
2037-06-16,57.589,57.6466,57.6466,57.589,39144000,0.10%,457463987,274655213987,2256518.51,476775250
2037-06-17,57.6466,57.6466,57.6466,57.6466,50976000,0.00%,406487987,274655213987,2938593.08,0
2037-06-18,57.6466,57.6466,57.6466,57.6466,53136000,0.00%,353351987,274655213987,3063109.74,0
2037-06-19,57.6466,57.6466,57.6466,57.6466,46752000,0.00%,306599987,274655213987,2695093.84,0
2037-06-22,57.6466,57.6466,57.6466,57.6466,27936000,0.00%,278663987,274655213987,1610415.42,0
2037-06-23,57.6466,57.6466,57.6466,57.6466,36024000,0.00%,242639987,274655213987,2076661.12,0
2037-06-24,57.6466,57.6466,57.6466,57.6466,32904000,0.00%,209735987,274655213987,1896803.73,0
2037-06-25,57.6466,57.6466,57.6466,57.6466,30288000,0.00%,179447987,274655213987,1746000.22,0
2037-06-26,57.6466,57.6466,57.6466,57.6466,43680000,0.00%,135767987,274655213987,2518003.49,0
2037-06-29,57.6466,57.7042,57.7042,57.6466,137760000,0.10%,469910923,275127116923,7949330.59,471902935
2037-06-30,57.7042,57.7042,57.7042,57.7042,140616000,0.00%,329294923,275127116923,8114133.79,0
2037-07-01,57.7042,57.7042,57.7042,57.7042,83952000,0.00%,245342923,275127116923,4844383.0,0
2037-07-02,57.7042,57.7042,57.7042,57.7042,80136000,0.00%,165206923,275127116923,4624183.77,0
2037-07-06,57.7042,57.7042,57.7042,57.7042,92304000,0.00%,72902923,275127116923,5326328.48,0
2037-07-07,57.7042,57.7042,57.7042,57.7042,46776000,0.00%,26126923,275127116923,2699171.66,0
2037-07-08,57.7042,57.7619,57.7619,57.7042,59568000,0.10%,444639196,275605197196,3440760.86,478080273
2037-07-09,57.7619,57.7619,57.7619,57.7619,45576000,0.00%,399063196,275605197196,2632556.35,0
2037-07-10,57.7619,57.7619,57.7619,57.7619,45000000,0.00%,354063196,275605197196,2599285.5,0
2037-07-13,57.7619,57.7619,57.7619,57.7619,49440000,0.00%,304623196,275605197196,2855748.34,0
2037-07-14,57.7619,57.7619,57.7619,57.7619,41544000,0.00%,263079196,275605197196,2399660.37,0
2037-07-15,57.7619,57.7619,57.7619,57.7619,41112000,0.00%,221967196,275605197196,2374707.23,0
2037-07-16,57.7619,57.7619,57.7619,57.7619,40248000,0.00%,181719196,275605197196,2324800.95,0
2037-07-17,57.7619,57.7619,57.7619,57.7619,63192000,0.00%,118527196,275605197196,3650089.98,0
2037-07-20,57.7619,57.7619,57.7619,57.7619,48888000,0.00%,69639196,275605197196,2823863.77,0
2037-07-21,57.7619,57.7619,57.7619,57.7619,30384000,0.00%,39255196,275605197196,1755037.57,0
2037-07-22,57.7619,57.7619,57.7619,57.7619,38352000,0.00%,903196,275605197196,2215284.39,0
2037-07-23,57.7619,57.8197,57.8197,57.7619,45864000,0.10%,430106858,276080264858,2651842.72,475067661
2037-07-24,57.8197,57.8197,57.8197,57.8197,36192000,0.00%,393914858,276080264858,2092610.58,0
2037-07-27,57.8197,57.8197,57.8197,57.8197,40440000,0.00%,353474858,276080264858,2338228.67,0
2037-07-28,57.8197,57.8197,57.8197,57.8197,33264000,0.00%,320210858,276080264858,1923314.5,0
2037-07-29,57.8197,57.8197,57.8197,57.8197,47568000,0.00%,272642858,276080264858,2750367.49,0
2037-07-30,57.8197,57.8197,57.8197,57.8197,36840000,0.00%,235802858,276080264858,2130077.75,0
2037-07-31,57.8197,57.8197,57.8197,57.8197,89256000,0.00%,146546858,276080264858,5160755.14,0
2037-08-03,57.8197,57.8197,57.8197,57.8197,95976000,0.00%,50570858,276080264858,5549303.53,0
2037-08-04,57.8197,57.8775,57.8775,57.8197,102456000,0.10%,420093772,276552243772,5929897.14,471978914
2037-08-05,57.8775,57.8775,57.8775,57.8775,65760000,0.00%,354333772,276552243772,3806024.4,0
2037-08-06,57.8775,57.8775,57.8775,57.8775,47496000,0.00%,306837772,276552243772,2748949.74,0
2037-08-07,57.8775,57.8775,57.8775,57.8775,39456000,0.00%,267381772,276552243772,2283614.64,0
2037-08-10,57.8775,57.8775,57.8775,57.8775,36120000,0.00%,231261772,276552243772,2090535.3,0
2037-08-11,57.8775,57.8775,57.8775,57.8775,34056000,0.00%,197205772,276552243772,1971076.14,0
2037-08-12,57.8775,57.8775,57.8775,57.8775,36864000,0.00%,160341772,276552243772,2133596.16,0
2037-08-13,57.8775,57.8775,57.8775,57.8775,35664000,0.00%,124677772,276552243772,2064143.16,0
2037-08-14,57.8775,57.8775,57.8775,57.8775,26352000,0.00%,98325772,276552243772,1525187.88,0
2037-08-17,57.8775,57.8775,57.8775,57.8775,27888000,0.00%,70437772,276552243772,1614087.72,0
2037-08-18,57.8775,57.8775,57.8775,57.8775,56472000,0.00%,13965772,276552243772,3268458.18,0
2037-08-19,57.8775,57.9354,57.9354,57.8775,42288000,0.10%,435823432,277016389432,2449972.2,464145659
2037-08-20,57.9354,57.9354,57.9354,57.9354,77304000,0.00%,358519432,277016389432,4478638.16,0
2037-08-21,57.9354,57.9354,57.9354,57.9354,55848000,0.00%,302671432,277016389432,3235576.22,0
2037-08-24,57.9354,57.9354,57.9354,57.9354,35472000,0.00%,267199432,277016389432,2055084.51,0
2037-08-25,57.9354,57.9354,57.9354,57.9354,32472000,0.00%,234727432,277016389432,1881278.31,0
2037-08-26,57.9354,57.9354,57.9354,57.9354,31320000,0.00%,203407432,277016389432,1814536.73,0
2037-08-27,57.9354,57.9354,57.9354,57.9354,46656000,0.00%,156751432,277016389432,2703034.02,0
2037-08-28,57.9354,57.9354,57.9354,57.9354,44592000,0.00%,112159432,277016389432,2583455.36,0
2037-08-31,57.9354,57.9354,57.9354,57.9354,29736000,0.00%,82423432,277016389432,1722767.05,0
2037-09-01,57.9354,57.9354,57.9354,57.9354,33696000,0.00%,48727432,277016389432,1952191.24,0
2037-09-02,57.9354,57.9933,57.9933,57.9354,62904000,0.10%,438112589,277468678589,3648010.54,452289157
2037-09-03,57.9933,57.9933,57.9933,57.9933,57432000,0.00%,380680589,277468678589,3330671.21,0
2037-09-04,57.9933,57.9933,57.9933,57.9933,61176000,0.00%,319504589,277468678589,3547798.12,0
2037-09-07,57.9933,57.9933,57.9933,57.9933,48888000,0.00%,270616589,277468678589,2835176.45,0
2037-09-08,57.9933,57.9933,57.9933,57.9933,38952000,0.00%,231664589,277468678589,2258955.02,0
2037-09-09,57.9933,57.9933,57.9933,57.9933,36432000,0.00%,195232589,277468678589,2112811.91,0
2037-09-10,57.9933,57.9933,57.9933,57.9933,56568000,0.00%,138664589,277468678589,3280564.99,0
2037-09-11,57.9933,57.9933,57.9933,57.9933,41184000,0.00%,97480589,277468678589,2388396.07,0
2037-09-15,57.9933,57.9933,57.9933,57.9933,41208000,0.00%,56272589,277468678589,2389787.91,0
2037-09-16,57.9933,57.9933,57.9933,57.9933,43176000,0.00%,13096589,277468678589,2503918.72,0
2037-09-17,57.9933,58.0513,58.0513,57.9933,31968000,0.10%,428518429,277916068429,1855783.96,447389840
2037-09-18,58.0513,58.0513,58.0513,58.0513,59856000,0.00%,368662429,277916068429,3474718.61,0
2037-09-21,58.0513,58.0513,58.0513,58.0513,55008000,0.00%,313654429,277916068429,3193285.91,0
2037-09-22,58.0513,58.0513,58.0513,58.0513,36336000,0.00%,277318429,277916068429,2109352.04,0
2037-09-23,58.0513,58.0513,58.0513,58.0513,38616000,0.00%,238702429,277916068429,2241709.0,0
2037-09-24,58.0513,58.0513,58.0513,58.0513,42096000,0.00%,196606429,277916068429,2443727.52,0
2037-09-25,58.0513,58.0513,58.0513,58.0513,47208000,0.00%,149398429,277916068429,2740485.77,0
2037-09-28,58.0513,58.0513,58.0513,58.0513,59160000,0.00%,90238429,277916068429,3434314.91,0
2037-09-29,58.0513,58.0513,58.0513,58.0513,54552000,0.00%,35686429,277916068429,3166814.52,0
2037-09-30,58.0513,58.1094,58.1094,58.0513,53184000,0.10%,419649677,278353215677,3090490.33,437147248
2037-10-01,58.1094,58.1094,58.1094,58.1094,48384000,0.00%,371265677,278353215677,2811565.21,0
2037-10-02,58.1094,58.1094,58.1094,58.1094,53904000,0.00%,317361677,278353215677,3132329.1,0
2037-10-05,58.1094,58.1094,58.1094,58.1094,33576000,0.00%,283785677,278353215677,1951081.21,0
2037-10-07,58.1094,58.1094,58.1094,58.1094,43536000,0.00%,240249677,278353215677,2529850.84,0
2037-10-08,58.1094,58.1094,58.1094,58.1094,24888000,0.00%,215361677,278353215677,1446226.75,0
2037-10-09,58.1094,58.1094,58.1094,58.1094,23952000,0.00%,191409677,278353215677,1391836.35,0
2037-10-12,58.1094,58.1094,58.1094,58.1094,37632000,0.00%,153777677,278353215677,2186772.94,0
2037-10-13,58.1094,58.1094,58.1094,58.1094,51168000,0.00%,102609677,278353215677,2973341.78,0
2037-10-14,58.1094,58.1094,58.1094,58.1094,76872000,0.00%,25737677,278353215677,4466985.8,0
2037-10-15,58.1094,58.1675,58.1675,58.1094,53184000,0.10%,406200473,278786862473,3093580.32,433646795
2037-10-16,58.1675,58.1675,58.1675,58.1675,75504000,0.00%,330696473,278786862473,4391878.92,0
2037-10-19,58.1675,58.1675,58.1675,58.1675,63168000,0.00%,267528473,278786862473,3674324.64,0
2037-10-20,58.1675,58.1675,58.1675,58.1675,53112000,0.00%,214416473,278786862473,3089392.26,0
2037-10-21,58.1675,58.1675,58.1675,58.1675,50304000,0.00%,164112473,278786862473,2926057.92,0
2037-10-22,58.1675,58.1675,58.1675,58.1675,118584000,0.00%,45528473,278786862473,6897734.82,0
2037-10-23,58.1675,58.2257,58.2257,58.1675,63720000,0.10%,399046237,279204100237,3710141.6,417237764
2037-10-26,58.2257,58.2257,58.2257,58.2257,204168000,0.00%,194878237,279204100237,11887824.72,0
2037-10-27,58.2257,58.2257,58.2257,58.2257,175248000,0.00%,19630237,279204100237,10203937.47,0
2037-10-28,58.2257,58.2839,58.2839,58.2257,120840000,0.10%,318766973,279624076973,7043026.48,419976736
2037-10-29,58.2839,58.2839,58.2839,58.2839,102528000,0.00%,216238973,279624076973,5975731.7,0
2037-10-30,58.2839,58.2839,58.2839,58.2839,97992000,0.00%,118246973,279624076973,5711355.93,0
2037-11-02,58.2839,58.3422,58.3422,58.2839,118824000,0.10%,421676073,280046330073,6932453.57,422253100
2037-11-03,58.3422,58.3422,58.3422,58.3422,186816000,0.00%,234860073,280046330073,10899256.44,0
2037-11-04,58.3422,58.3422,58.3422,58.3422,84360000,0.00%,150500073,280046330073,4921747.99,0
2037-11-05,58.3422,58.3422,58.3422,58.3422,73512000,0.00%,76988073,280046330073,4288851.81,0
2037-11-06,58.3422,58.4005,58.4005,58.3422,161184000,0.10%,343061927,280473587927,9413226.19,427257853
2037-11-09,58.4005,58.4005,58.4005,58.4005,105552000,0.00%,237509927,280473587927,6164289.58,0
2037-11-10,58.4005,58.4005,58.4005,58.4005,56496000,0.00%,181013927,280473587927,3299394.65,0
2037-11-11,58.4005,58.4005,58.4005,58.4005,75984000,0.00%,105029927,280473587927,4437503.59,0
2037-11-12,58.4005,58.4005,58.4005,58.4005,55824000,0.00%,49205927,280473587927,3260149.51,0
2037-11-13,58.4005,58.4589,58.4589,58.4005,127224000,0.10%,348007412,280899613412,7437375.09,426025485
2037-11-16,58.4589,58.4589,58.4589,58.4589,116160000,0.00%,231847412,280899613412,6790585.82,0
2037-11-17,58.4589,58.4589,58.4589,58.4589,151440000,0.00%,80407412,280899613412,8853015.82,0
2037-11-18,58.4589,58.5174,58.5174,58.4589,148296000,0.10%,363264789,281330766789,8677896.35,431153376
2037-11-19,58.5174,58.5174,58.5174,58.5174,167568000,0.00%,195696789,281330766789,9805643.68,0
2037-11-20,58.5174,58.5174,58.5174,58.5174,107424000,0.00%,88272789,281330766789,6286173.18,0
2037-11-23,58.5174,58.5174,58.5174,58.5174,75144000,0.00%,13128789,281330766789,4397231.51,0
2037-11-24,58.5174,58.5759,58.5759,58.5174,68304000,0.10%,380044026,281765986026,4000968.27,435219236
2037-11-25,58.5759,58.5759,58.5759,58.5759,56112000,0.00%,323932026,281765986026,3286810.9,0
2037-11-26,58.5759,58.5759,58.5759,58.5759,41208000,0.00%,282724026,281765986026,2413795.69,0
2037-11-27,58.5759,58.5759,58.5759,58.5759,75168000,0.00%,207556026,281765986026,4403033.25,0
2037-11-30,58.5759,58.5759,58.5759,58.5759,80400000,0.00%,127156026,281765986026,4709502.36,0
2037-12-01,58.5759,58.5759,58.5759,58.5759,79536000,0.00%,47620026,281765986026,4658892.78,0
2037-12-02,58.5759,58.6345,58.6345,58.5759,111912000,0.10%,369537742,282199815742,6561904.16,433829716
2037-12-03,58.6345,58.6345,58.6345,58.6345,109320000,0.00%,260217742,282199815742,6409923.54,0
2037-12-04,58.6345,58.6345,58.6345,58.6345,60216000,0.00%,200001742,282199815742,3530735.05,0
2037-12-07,58.6345,58.6345,58.6345,58.6345,143592000,0.00%,56409742,282199815742,8419445.12,0
2037-12-08,58.6345,58.6931,58.6931,58.6345,69744000,0.10%,424859589,282638009589,4093491.57,438193846
2037-12-09,58.6931,58.6931,58.6931,58.6931,98664000,0.00%,326195589,282638009589,5790896.02,0
2037-12-10,58.6931,58.6931,58.6931,58.6931,81816000,0.00%,244379589,282638009589,4802034.67,0
2037-12-11,58.6931,58.6931,58.6931,58.6931,96960000,0.00%,147419589,282638009589,5690882.98,0
2037-12-14,58.6931,58.6931,58.6931,58.6931,49224000,0.00%,98195589,282638009589,2889109.15,0
2037-12-15,58.6931,58.6931,58.6931,58.6931,48744000,0.00%,49451589,282638009589,2860936.47,0
2037-12-16,58.6931,58.7518,58.7518,58.6931,58176000,0.10%,434043085,283080777085,3417944.72,442767496
2037-12-17,58.7518,58.7518,58.7518,58.7518,45504000,0.00%,388539085,283080777085,2673441.91,0
2037-12-18,58.7518,58.7518,58.7518,58.7518,60312000,0.00%,328227085,283080777085,3543438.56,0
2037-12-21,58.7518,58.7518,58.7518,58.7518,59760000,0.00%,268467085,283080777085,3511007.57,0
2037-12-22,58.7518,58.7518,58.7518,58.7518,69744000,0.00%,198723085,283080777085,4097585.54,0
2037-12-23,58.7518,58.7518,58.7518,58.7518,36768000,0.00%,161955085,283080777085,2160186.18,0
2037-12-24,58.7518,58.7518,58.7518,58.7518,58200000,0.00%,103755085,283080777085,3419354.76,0
2037-12-25,58.7518,58.7518,58.7518,58.7518,37200000,0.00%,66555085,283080777085,2185566.96,0
2037-12-30,58.7518,58.7518,58.7518,58.7518,58056000,0.00%,8499085,283080777085,3410894.5,0
2037-12-31,58.7518,58.8105,58.8105,58.7518,72216000,0.10%,381844400,283526338400,4247059.07,445561314
2038-01-01,58.8105,58.8105,58.8105,58.8105,66664500,0.00%,315179900,283526338400,3920572.58,0
2038-01-05,58.8105,58.8105,58.8105,58.8105,73402000,0.00%,241777900,283526338400,4316808.32,0
2038-01-06,58.8105,58.8105,58.8105,58.8105,91703500,0.00%,150074400,283526338400,5393128.69,0
2038-01-07,58.8105,58.8105,58.8105,58.8105,99960000,0.00%,50114400,283526338400,5878697.58,0
2038-01-08,58.8105,58.8693,58.8693,58.8105,66370500,0.10%,432727015,283975321515,3907184.88,448983115
2038-01-11,58.8693,58.8693,58.8693,58.8693,69384000,0.00%,363343015,283975321515,4084587.51,0
2038-01-12,58.8693,58.8693,58.8693,58.8693,48632500,0.00%,314710515,283975321515,2862961.23,0
2038-01-13,58.8693,58.8693,58.8693,58.8693,87514000,0.00%,227196515,283975321515,5151887.92,0
2038-01-14,58.8693,58.8693,58.8693,58.8693,99347500,0.00%,127849015,283975321515,5848517.78,0
2038-01-15,58.8693,58.8693,58.8693,58.8693,51376500,0.00%,76472515,283975321515,3024498.59,0
2038-01-18,58.8693,58.8693,58.8693,58.8693,48975500,0.00%,27497015,283975321515,2883153.4,0
2038-01-19,58.8693,58.9282,58.9282,58.8693,39445000,0.10%,442562311,284429831811,2324422.85,454510295
2038-01-20,58.9282,58.9282,58.9282,58.9282,66444000,0.00%,376118311,284429831811,3915425.32,0
2038-01-21,58.9282,58.9282,58.9282,58.9282,42507500,0.00%,333610811,284429831811,2504890.46,0
2038-01-22,58.9282,58.9282,58.9282,58.9282,41307000,0.00%,292303811,284429831811,2434147.16,0
2038-01-28,58.9282,58.9282,58.9282,58.9282,58138500,0.00%,234165311,284429831811,3425997.16,0
2038-01-29,58.9282,58.9282,58.9282,58.9282,45643500,0.00%,188521811,284429831811,2689689.3,0
2038-02-01,58.9282,58.9282,58.9282,58.9282,131393500,0.00%,57128311,284429831811,7742782.45,0
2038-02-02,58.9282,58.9871,58.9871,58.9282,136612000,0.10%,377062157,284886377657,8058345.71,456545845
2038-02-03,58.9871,58.9871,58.9871,58.9871,76979000,0.00%,300083157,284886377657,4540767.97,0
2038-02-04,58.9871,58.9871,58.9871,58.9871,58212000,0.00%,241871157,284886377657,3433757.07,0
2038-02-05,58.9871,58.9871,58.9871,58.9871,63553000,0.00%,178318157,284886377657,3748807.17,0
2038-02-08,58.9871,58.9871,58.9871,58.9871,62695500,0.00%,115622657,284886377657,3698225.73,0
2038-02-09,58.9871,58.9871,58.9871,58.9871,48510000,0.00%,67112657,284886377657,2861464.22,0
2038-02-10,58.9871,58.9871,58.9871,58.9871,42311500,0.00%,24801157,284886377657,2495832.68,0
2038-02-11,58.9871,59.0461,59.0461,58.9871,65317000,0.10%,417881429,285344774929,3856714.11,458397271
2038-02-12,59.0461,59.0461,59.0461,59.0461,60294500,0.00%,357586929,285344774929,3560155.08,0
2038-02-15,59.0461,59.0461,59.0461,59.0461,49882000,0.00%,307704929,285344774929,2945337.56,0
2038-02-16,59.0461,59.0461,59.0461,59.0461,43928500,0.00%,263776429,285344774929,2593806.6,0
2038-02-17,59.0461,59.0461,59.0461,59.0461,40425000,0.00%,223351429,285344774929,2386938.59,0
2038-02-18,59.0461,59.0461,59.0461,59.0461,53679500,0.00%,169671929,285344774929,3169565.12,0
2038-02-19,59.0461,59.0461,59.0461,59.0461,43414000,0.00%,126257929,285344774929,2563427.39,0
2038-02-22,59.0461,59.0461,59.0461,59.0461,30159500,0.00%,96098429,285344774929,1780800.85,0
2038-02-23,59.0461,59.0461,59.0461,59.0461,71809500,0.00%,24288929,285344774929,4240070.92,0
2038-02-24,59.0461,59.1052,59.1052,59.0461,81217500,0.10%,401411728,285803115228,4800376.58,458340298
2038-02-25,59.1052,59.1052,59.1052,59.1052,47603500,0.00%,353808228,285803115228,2813614.39,0
2038-02-26,59.1052,59.1052,59.1052,59.1052,59829000,0.00%,293979228,285803115228,3536205.01,0
2038-03-01,59.1052,59.1052,59.1052,59.1052,50176000,0.00%,243803228,285803115228,2965662.52,0
2038-03-02,59.1052,59.1052,59.1052,59.1052,63724500,0.00%,180078728,285803115228,3766449.32,0
2038-03-03,59.1052,59.1052,59.1052,59.1052,87244500,0.00%,92834228,285803115228,5156603.62,0
2038-03-04,59.1052,59.1052,59.1052,59.1052,36260000,0.00%,56574228,285803115228,2143154.55,0
2038-03-05,59.1052,59.1052,59.1052,59.1052,43561000,0.00%,13013228,285803115228,2574681.62,0
2038-03-08,59.1052,59.1643,59.1643,59.1052,30943500,0.10%,442810417,286263855917,1830750.52,460740689
2038-03-09,59.1643,59.1643,59.1643,59.1643,41748000,0.00%,401062417,286263855917,2469991.2,0
2038-03-10,59.1643,59.1643,59.1643,59.1643,51964500,0.00%,349097917,286263855917,3074443.27,0
2038-03-11,59.1643,59.1643,59.1643,59.1643,42311500,0.00%,306786417,286263855917,2503330.28,0
2038-03-12,59.1643,59.1643,59.1643,59.1643,92120000,0.00%,214666417,286263855917,5450215.32,0
2038-03-15,59.1643,59.1643,59.1643,59.1643,66468500,0.00%,148197917,286263855917,3932562.27,0
2038-03-16,59.1643,59.1643,59.1643,59.1643,52234000,0.00%,95963917,286263855917,3090388.05,0
2038-03-17,59.1643,59.1643,59.1643,59.1643,40596500,0.00%,55367417,286263855917,2401863.5,0
2038-03-18,59.1643,59.2234,59.2234,59.1643,58138500,0.10%,459076570,286725703570,3443159.64,461847652
2038-03-19,59.2234,59.2234,59.2234,59.2234,71123500,0.00%,387953070,286725703570,4212175.49,0
2038-03-22,59.2234,59.2234,59.2234,59.2234,50078000,0.00%,337875070,286725703570,2965789.43,0
2038-03-23,59.2234,59.2234,59.2234,59.2234,52136000,0.00%,285739070,286725703570,3087671.18,0
2038-03-24,59.2234,59.2234,59.2234,59.2234,48142500,0.00%,237596570,286725703570,2851162.53,0
2038-03-25,59.2234,59.2234,59.2234,59.2234,114782500,0.00%,122814070,286725703570,6797809.91,0
2038-03-26,59.2234,59.2234,59.2234,59.2234,81389000,0.00%,41425070,286725703570,4820133.3,0
2038-03-29,59.2234,59.2827,59.2827,59.2234,63210000,0.10%,447264754,287194753254,3747259.47,469049683
2038-03-30,59.2827,59.2827,59.2827,59.2827,76783000,0.00%,370481754,287194753254,4551903.55,0
2038-03-31,59.2827,59.2827,59.2827,59.2827,88445000,0.00%,282036754,287194753254,5243258.4,0
2038-04-01,59.2827,59.2827,59.2827,59.2827,61838000,0.00%,220198754,287194753254,3665923.6,0
2038-04-02,59.2827,59.2827,59.2827,59.2827,63602000,0.00%,156596754,287194753254,3770498.29,0
2038-04-05,59.2827,59.2827,59.2827,59.2827,45986500,0.00%,110610254,287194753254,2726203.88,0
2038-04-06,59.2827,59.2827,59.2827,59.2827,34912500,0.00%,75697754,287194753254,2069707.26,0
2038-04-08,59.2827,59.2827,59.2827,59.2827,36627500,0.00%,39070254,287194753254,2171377.09,0
2038-04-13,59.2827,59.342,59.342,59.2827,53728500,0.10%,455934061,287665345561,3188356.65,470592306
2038-04-14,59.342,59.342,59.342,59.342,99151500,0.00%,356782561,287665345561,5883848.31,0
2038-04-15,59.342,59.342,59.342,59.342,61152000,0.00%,295630561,287665345561,3628881.98,0
2038-04-16,59.342,59.342,59.342,59.342,31213000,0.00%,264417561,287665345561,1852241.85,0
2038-04-19,59.342,59.342,59.342,59.342,38489500,0.00%,225928061,287665345561,2284043.91,0
2038-04-20,59.342,59.342,59.342,59.342,33540500,0.00%,192387561,287665345561,1990360.35,0
2038-04-21,59.342,59.342,59.342,59.342,39886000,0.00%,152501561,287665345561,2366915.01,0
2038-04-22,59.342,59.342,59.342,59.342,25798500,0.00%,126703061,287665345561,1530934.59,0
2038-04-23,59.342,59.342,59.342,59.342,40474000,0.00%,86229061,287665345561,2401808.11,0
2038-04-26,59.342,59.342,59.342,59.342,50151500,0.00%,36077561,287665345561,2976090.31,0
2038-04-27,59.342,59.4013,59.4013,59.342,51327500,0.10%,454924068,288135519568,3048920.23,470174006
2038-04-28,59.4013,59.4013,59.4013,59.4013,61299000,0.00%,393625068,288135519568,3641240.29,0
2038-04-29,59.4013,59.4013,59.4013,59.4013,36162000,0.00%,357463068,288135519568,2148069.81,0
2038-04-30,59.4013,59.4013,59.4013,59.4013,37705500,0.00%,319757568,288135519568,2239755.72,0
2038-05-04,59.4013,59.4013,59.4013,59.4013,21192500,0.00%,298565068,288135519568,1258862.05,0
2038-05-05,59.4013,59.4013,59.4013,59.4013,25847500,0.00%,272717568,288135519568,1535375.1,0
2038-05-06,59.4013,59.4013,59.4013,59.4013,43071000,0.00%,229646568,288135519568,2558473.39,0
2038-05-07,59.4013,59.4013,59.4013,59.4013,36284500,0.00%,193362068,288135519568,2155346.47,0
2038-05-10,59.4013,59.4013,59.4013,59.4013,26264000,0.00%,167098068,288135519568,1560115.74,0
2038-05-11,59.4013,59.4013,59.4013,59.4013,57673000,0.00%,109425068,288135519568,3425851.17,0
2038-05-12,59.4013,59.4013,59.4013,59.4013,38146500,0.00%,71278568,288135519568,2265951.69,0
2038-05-13,59.4013,59.4013,59.4013,59.4013,43046500,0.00%,28232068,288135519568,2557018.06,0
2038-05-14,59.4013,59.4607,59.4607,59.4013,44075500,0.10%,454703376,288606066376,2620760.08,470546808
2038-05-17,59.4607,59.4607,59.4607,59.4607,58163000,0.00%,396540376,288606066376,3458412.69,0
2038-05-18,59.4607,59.4607,59.4607,59.4607,34594000,0.00%,361946376,288606066376,2056983.46,0
2038-05-19,59.4607,59.4607,59.4607,59.4607,47922000,0.00%,314024376,288606066376,2849475.67,0
2038-05-20,59.4607,59.4607,59.4607,59.4607,84304500,0.00%,229719876,288606066376,5012804.58,0
2038-05-21,59.4607,59.4607,59.4607,59.4607,55590500,0.00%,174129376,288606066376,3305450.04,0
2038-05-24,59.4607,59.4607,59.4607,59.4607,49098000,0.00%,125031376,288606066376,2919401.45,0
2038-05-25,59.4607,59.4607,59.4607,59.4607,36799000,0.00%,88232376,288606066376,2188094.3,0
2038-05-26,59.4607,59.4607,59.4607,59.4607,33197500,0.00%,55034876,288606066376,1973946.59,0
2038-05-27,59.4607,59.5202,59.5202,59.4607,63773500,0.10%,459009497,289073814497,3795811.47,467748121
2038-05-31,59.5202,59.5202,59.5202,59.5202,70658000,0.00%,388351497,289073814497,4205578.29,0
2038-06-01,59.5202,59.5202,59.5202,59.5202,53263000,0.00%,335088497,289073814497,3170224.41,0
2038-06-02,59.5202,59.5202,59.5202,59.5202,78718500,0.00%,256369997,289073814497,4685340.86,0
2038-06-03,59.5202,59.5202,59.5202,59.5202,56227500,0.00%,200142497,289073814497,3346672.05,0
2038-06-04,59.5202,59.5202,59.5202,59.5202,78547000,0.00%,121595497,289073814497,4675133.15,0
2038-06-07,59.5202,59.5202,59.5202,59.5202,48730500,0.00%,72864997,289073814497,2900449.11,0
2038-06-08,59.5202,59.5202,59.5202,59.5202,40915000,0.00%,31949997,289073814497,2435268.98,0
2038-06-09,59.5202,59.5797,59.5797,59.5202,44712500,0.10%,443854069,289530431069,2663957.34,456616571
2038-06-10,59.5797,59.5797,59.5797,59.5797,32168500,0.00%,411685569,289530431069,1916589.58,0
2038-06-11,59.5797,59.5797,59.5797,59.5797,39641000,0.00%,372044569,289530431069,2361798.89,0
2038-06-14,59.5797,59.5797,59.5797,59.5797,33050500,0.00%,338994069,289530431069,1969138.87,0
2038-06-15,59.5797,59.5797,59.5797,59.5797,56644000,0.00%,282350069,289530431069,3374832.53,0
2038-06-16,59.5797,59.5797,59.5797,59.5797,54096000,0.00%,228254069,289530431069,3223023.45,0
2038-06-17,59.5797,59.5797,59.5797,59.5797,61274500,0.00%,166979569,289530431069,3650716.33,0
2038-06-18,59.5797,59.5797,59.5797,59.5797,87832500,0.00%,79147069,289530431069,5233034.0,0
2038-06-21,59.5797,59.5797,59.5797,59.5797,49661500,0.00%,29485569,289530431069,2958817.27,0
2038-06-22,59.5797,59.6393,59.6393,59.5797,39886000,0.10%,432908014,289973739514,2378773.12,443308445
2038-06-23,59.6393,59.6393,59.6393,59.6393,47285000,0.00%,385623014,289973739514,2820044.3,0
2038-06-25,59.6393,59.6393,59.6393,59.6393,34055000,0.00%,351568014,289973739514,2031016.36,0
2038-06-28,59.6393,59.6393,59.6393,59.6393,44492000,0.00%,307076014,289973739514,2653471.74,0
2038-06-29,59.6393,59.6393,59.6393,59.6393,42850500,0.00%,264225514,289973739514,2555573.82,0
2038-06-30,59.6393,59.6393,59.6393,59.6393,38930500,0.00%,225295014,289973739514,2321787.77,0
2038-07-01,59.6393,59.6393,59.6393,59.6393,33124000,0.00%,192171014,289973739514,1975492.17,0
2038-07-02,59.6393,59.6393,59.6393,59.6393,39690000,0.00%,152481014,289973739514,2367083.82,0
2038-07-05,59.6393,59.6393,59.6393,59.6393,34790000,0.00%,117691014,289973739514,2074851.25,0
2038-07-06,59.6393,59.6393,59.6393,59.6393,23128000,0.00%,94563014,289973739514,1379337.73,0
2038-07-07,59.6393,59.6393,59.6393,59.6393,24157000,0.00%,70406014,289973739514,1440706.57,0
2038-07-08,59.6393,59.6393,59.6393,59.6393,48461000,0.00%,21945014,289973739514,2890180.12,0
2038-07-09,59.6393,59.6989,59.6989,59.6393,52920000,0.10%,410307446,290415021946,3159265.79,441282432
2038-07-12,59.6989,59.6989,59.6989,59.6989,42360500,0.00%,367946946,290415021946,2528875.25,0
2038-07-13,59.6989,59.6989,59.6989,59.6989,30282000,0.00%,337664946,290415021946,1807802.09,0
2038-07-14,59.6989,59.6989,59.6989,59.6989,41282500,0.00%,296382446,290415021946,2464519.84,0
2038-07-15,59.6989,59.6989,59.6989,59.6989,66934000,0.00%,229448446,290415021946,3995886.17,0
2038-07-16,59.6989,59.6989,59.6989,59.6989,51964500,0.00%,177483946,290415021946,3102223.49,0
2038-07-20,59.6989,59.6989,59.6989,59.6989,71417500,0.00%,106066446,290415021946,4263546.19,0
2038-07-21,59.6989,59.6989,59.6989,59.6989,53679500,0.00%,52386946,290415021946,3204607.1,0
2038-07-22,59.6989,59.6989,59.6989,59.6989,40572000,0.00%,11814946,290415021946,2422103.77,0
2038-07-23,59.6989,59.7586,59.7586,59.6989,29008000,0.10%,422310405,290854525405,1733477.47,439503458
2038-07-26,59.7586,59.7586,59.7586,59.7586,42752500,0.00%,379557905,290854525405,2554829.55,0
2038-07-27,59.7586,59.7586,59.7586,59.7586,71540000,0.00%,308017905,290854525405,4275130.24,0
2038-07-28,59.7586,59.7586,59.7586,59.7586,36603000,0.00%,271414905,290854525405,2187344.04,0
2038-07-29,59.7586,59.7586,59.7586,59.7586,33442500,0.00%,237972405,290854525405,1998476.98,0
2038-07-30,59.7586,59.7586,59.7586,59.7586,54488000,0.00%,183484405,290854525405,3256126.6,0
2038-08-02,59.7586,59.7586,59.7586,59.7586,90160000,0.00%,93324405,290854525405,5387835.38,0
2038-08-03,59.7586,59.7586,59.7586,59.7586,57428000,0.00%,35896405,290854525405,3431816.88,0
2038-08-04,59.7586,59.8184,59.8184,59.7586,51548000,0.10%,424129454,291294306454,3083518.88,439781049
2038-08-05,59.8184,59.8184,59.8184,59.8184,40817000,0.00%,383312454,291294306454,2441607.63,0
2038-08-06,59.8184,59.8184,59.8184,59.8184,46795000,0.00%,336517454,291294306454,2799202.03,0
2038-08-09,59.8184,59.8184,59.8184,59.8184,23226000,0.00%,313291454,291294306454,1389342.16,0
2038-08-10,59.8184,59.8184,59.8184,59.8184,37681000,0.00%,275610454,291294306454,2254017.13,0
2038-08-11,59.8184,59.8184,59.8184,59.8184,29204000,0.00%,246406454,291294306454,1746936.55,0
2038-08-12,59.8184,59.8184,59.8184,59.8184,27415500,0.00%,218990954,291294306454,1639951.35,0
2038-08-13,59.8184,59.8184,59.8184,59.8184,30135000,0.00%,188855954,291294306454,1802627.48,0
2038-08-16,59.8184,59.8184,59.8184,59.8184,38587500,0.00%,150268454,291294306454,2308242.51,0
2038-08-17,59.8184,59.8184,59.8184,59.8184,26435500,0.00%,123832954,291294306454,1581329.31,0
2038-08-18,59.8184,59.8184,59.8184,59.8184,40376000,0.00%,83456954,291294306454,2415227.72,0
2038-08-19,59.8184,59.8184,59.8184,59.8184,70609000,0.00%,12847954,291294306454,4223717.41,0
2038-08-20,59.8184,59.8782,59.8782,59.8184,44369500,0.10%,399973457,291725801457,2656765.79,431495002
2038-08-23,59.8782,59.8782,59.8782,59.8782,62965000,0.00%,337008457,291725801457,3770230.86,0
2038-08-24,59.8782,59.8782,59.8782,59.8782,60466000,0.00%,276542457,291725801457,3620595.24,0
2038-08-25,59.8782,59.8782,59.8782,59.8782,42238000,0.00%,234304457,291725801457,2529135.41,0
2038-08-26,59.8782,59.8782,59.8782,59.8782,54733000,0.00%,179571457,291725801457,3277313.52,0
2038-08-27,59.8782,59.8782,59.8782,59.8782,30723000,0.00%,148848457,291725801457,1839637.94,0
2038-08-30,59.8782,59.8782,59.8782,59.8782,47530000,0.00%,101318457,291725801457,2846010.85,0
2038-08-31,59.8782,59.8782,59.8782,59.8782,37681000,0.00%,63637457,291725801457,2256270.45,0
2038-09-01,59.8782,59.8782,59.8782,59.8782,37215500,0.00%,26421957,291725801457,2228397.15,0
2038-09-02,59.8782,59.938,59.938,59.8782,121863000,0.10%,332288187,292153530687,7304224.49,427729229
2038-09-06,59.938,59.938,59.938,59.938,75337500,0.00%,256950687,292153530687,4515579.08,0
2038-09-07,59.938,59.938,59.938,59.938,32462500,0.00%,224488187,292153530687,1945737.33,0
2038-09-08,59.938,59.938,59.938,59.938,40400500,0.00%,184087687,292153530687,2421525.17,0
2038-09-09,59.938,59.938,59.938,59.938,40964000,0.00%,143123687,292153530687,2455300.23,0
2038-09-13,59.938,59.938,59.938,59.938,46084500,0.00%,97039187,292153530687,2762212.76,0
2038-09-14,59.938,59.938,59.938,59.938,25480000,0.00%,71559187,292153530687,1527220.24,0
2038-09-15,59.938,59.938,59.938,59.938,26117000,0.00%,45442187,292153530687,1565400.75,0
2038-09-16,59.938,59.938,59.938,59.938,24867500,0.00%,20574687,292153530687,1490508.22,0
2038-09-17,59.938,59.998,59.998,59.938,47089000,0.10%,401202817,292581247817,2825245.82,427717130
2038-09-20,59.998,59.998,59.998,59.998,36113000,0.00%,365089817,292581247817,2166707.77,0
2038-09-21,59.998,59.998,59.998,59.998,38171000,0.00%,326918817,292581247817,2290183.66,0
2038-09-22,59.998,59.998,59.998,59.998,33467000,0.00%,293451817,292581247817,2007953.07,0
2038-09-23,59.998,59.998,59.998,59.998,46844000,0.00%,246607817,292581247817,2810546.31,0
2038-09-24,59.998,59.998,59.998,59.998,52038000,0.00%,194569817,292581247817,3122175.92,0
2038-09-27,59.998,59.998,59.998,59.998,44859500,0.00%,149710317,292581247817,2691480.28,0
2038-09-28,59.998,59.998,59.998,59.998,39004000,0.00%,110706317,292581247817,2340161.99,0
2038-09-29,59.998,59.998,59.998,59.998,34790000,0.00%,75916317,292581247817,2087330.42,0
2038-09-30,59.998,59.998,59.998,59.998,38220000,0.00%,37696317,292581247817,2293123.56,0
2038-10-01,59.998,59.998,59.998,59.998,27562500,0.00%,10133817,292581247817,1653694.88,0
2038-10-05,59.998,60.058,60.058,59.998,37044000,0.10%,394551967,293002709967,2224788.55,421462149
2038-10-06,60.058,60.058,60.058,60.058,26803000,0.00%,367748967,293002709967,1609734.57,0
2038-10-07,60.058,60.058,60.058,60.058,26460000,0.00%,341288967,293002709967,1589134.68,0
2038-10-08,60.058,60.058,60.058,60.058,27146000,0.00%,314142967,293002709967,1630334.47,0
2038-10-11,60.058,60.058,60.058,60.058,27930000,0.00%,286212967,293002709967,1677419.94,0
2038-10-12,60.058,60.058,60.058,60.058,40302500,0.00%,245910467,293002709967,2420487.54,0
2038-10-13,60.058,60.058,60.058,60.058,40229000,0.00%,205681467,293002709967,2416073.28,0
2038-10-14,60.058,60.058,60.058,60.058,32952500,0.00%,172728967,293002709967,1979061.25,0
2038-10-15,60.058,60.058,60.058,60.058,32756500,0.00%,139972467,293002709967,1967289.88,0
2038-10-18,60.058,60.058,60.058,60.058,30502500,0.00%,109469967,293002709967,1831919.15,0
2038-10-19,60.058,60.058,60.058,60.058,22540000,0.00%,86929967,293002709967,1353707.32,0
2038-10-20,60.058,60.058,60.058,60.058,29400000,0.00%,57529967,293002709967,1765705.2,0
2038-10-21,60.058,60.058,60.058,60.058,42189000,0.00%,15340967,293002709967,2533786.96,0
2038-10-22,60.058,60.118,60.118,60.058,47064500,0.10%,384893323,293419326823,2829423.61,416616855
2038-10-26,60.118,60.118,60.118,60.118,52969000,0.00%,331924323,293419326823,3184390.34,0
2038-10-27,60.118,60.118,60.118,60.118,42899500,0.00%,289024823,293419326823,2579032.14,0
2038-10-28,60.118,60.118,60.118,60.118,28052500,0.00%,260972323,293419326823,1686460.2,0
2038-10-29,60.118,60.118,60.118,60.118,40327000,0.00%,220645323,293419326823,2424378.59,0
2038-11-01,60.118,60.118,60.118,60.118,35182000,0.00%,185463323,293419326823,2115071.48,0
2038-11-02,60.118,60.118,60.118,60.118,33638500,0.00%,151824823,293419326823,2022279.34,0
2038-11-03,60.118,60.118,60.118,60.118,26974500,0.00%,124850323,293419326823,1621652.99,0
2038-11-04,60.118,60.118,60.118,60.118,25676000,0.00%,99174323,293419326823,1543589.77,0
2038-11-05,60.118,60.118,60.118,60.118,52871000,0.00%,46303323,293419326823,3178498.78,0
2038-11-08,60.118,60.1782,60.1782,60.118,65807000,0.10%,396199947,293835030447,3960146.81,415703623
2038-11-09,60.1782,60.1782,60.1782,60.1782,32830000,0.00%,363369947,293835030447,1975650.31,0
2038-11-10,60.1782,60.1782,60.1782,60.1782,31556000,0.00%,331813947,293835030447,1898983.28,0
2038-11-11,60.1782,60.1782,60.1782,60.1782,25161500,0.00%,306652447,293835030447,1514173.78,0
2038-11-12,60.1782,60.1782,60.1782,60.1782,24181500,0.00%,282470947,293835030447,1455199.14,0
2038-11-15,60.1782,60.1782,60.1782,60.1782,33295500,0.00%,249175447,293835030447,2003663.26,0
2038-11-16,60.1782,60.1782,60.1782,60.1782,30576000,0.00%,218599447,293835030447,1840008.64,0
2038-11-17,60.1782,60.1782,60.1782,60.1782,79502500,0.00%,139096947,293835030447,4784317.35,0
2038-11-18,60.1782,60.1782,60.1782,60.1782,86485000,0.00%,52611947,293835030447,5204511.63,0
2038-11-19,60.1782,60.2383,60.2383,60.1782,53826500,0.10%,414893180,294251138180,3242416.85,416107733
2038-11-22,60.2383,60.2383,60.2383,60.2383,68061000,0.00%,346832180,294251138180,4099878.94,0
2038-11-23,60.2383,60.2383,60.2383,60.2383,59265500,0.00%,287566680,294251138180,3570052.97,0
2038-11-24,60.2383,60.2383,60.2383,60.2383,34716500,0.00%,252850180,294251138180,2091262.94,0
2038-11-25,60.2383,60.2383,60.2383,60.2383,35598500,0.00%,217251680,294251138180,2144393.12,0
2038-11-26,60.2383,60.2383,60.2383,60.2383,37338000,0.00%,179913680,294251138180,2249177.65,0
2038-11-29,60.2383,60.2383,60.2383,60.2383,29963500,0.00%,149950180,294251138180,1804950.3,0
2038-11-30,60.2383,60.2383,60.2383,60.2383,37117500,0.00%,112832680,294251138180,2235895.1,0
2038-12-01,60.2383,60.2383,60.2383,60.2383,41307000,0.00%,71525680,294251138180,2488263.46,0
2038-12-02,60.2383,60.2986,60.2986,60.2383,74259500,0.10%,413394119,294667266119,4477743.89,416127938
2038-12-03,60.2986,60.2986,60.2986,60.2986,37117500,0.00%,376276619,294667266119,2238133.29,0
2038-12-06,60.2986,60.2986,60.2986,60.2986,36529500,0.00%,339747119,294667266119,2202677.71,0
2038-12-07,60.2986,60.2986,60.2986,60.2986,58138500,0.00%,281608619,294667266119,3505670.16,0
2038-12-08,60.2986,60.2986,60.2986,60.2986,38955000,0.00%,242653619,294667266119,2348931.96,0
2038-12-09,60.2986,60.2986,60.2986,60.2986,33565000,0.00%,209088619,294667266119,2023922.51,0
2038-12-10,60.2986,60.2986,60.2986,60.2986,40670000,0.00%,168418619,294667266119,2452344.06,0
2038-12-13,60.2986,60.2986,60.2986,60.2986,45080000,0.00%,123338619,294667266119,2718260.89,0
2038-12-14,60.2986,60.2986,60.2986,60.2986,31850000,0.00%,91488619,294667266119,1920510.41,0
2038-12-15,60.2986,60.2986,60.2986,60.2986,34667500,0.00%,56821119,294667266119,2090401.72,0
2038-12-16,60.2986,60.2986,60.2986,60.2986,42140000,0.00%,14681119,294667266119,2540983.0,0
2038-12-17,60.2986,60.3589,60.3589,60.2986,75754000,0.10%,355290223,295083629223,4572428.11,416363104
2038-12-20,60.3589,60.3589,60.3589,60.3589,29620500,0.00%,325669723,295083629223,1787860.8,0
2038-12-21,60.3589,60.3589,60.3589,60.3589,30698500,0.00%,294971223,295083629223,1852927.69,0
2038-12-22,60.3589,60.3589,60.3589,60.3589,34765500,0.00%,260205723,295083629223,2098407.34,0
2038-12-23,60.3589,60.3589,60.3589,60.3589,24916500,0.00%,235289223,295083629223,1503932.53,0
2038-12-24,60.3589,60.4192,60.4192,60.3589,360174500,0.10%,290851551,295499366051,21761455.15,415736827
2038-12-29,60.4192,60.4192,60.4192,60.4192,157951500,0.00%,132900051,295499366051,9543303.27,0
2038-12-30,60.4192,60.4192,60.4192,60.4192,92708000,0.00%,40192051,295499366051,5601343.19,0
2038-12-31,60.4192,60.4797,60.4797,60.4192,48069000,0.10%,421325566,295928568566,2907198.7,429202515
2039-01-04,60.4797,60.4797,60.4797,60.4797,58375000,0.00%,362950566,295928568566,3530502.49,0
2039-01-05,60.4797,60.4797,60.4797,60.4797,50975000,0.00%,311975566,295928568566,3082952.71,0
2039-01-06,60.4797,60.4797,60.4797,60.4797,50550000,0.00%,261425566,295928568566,3057248.83,0
2039-01-07,60.4797,60.4797,60.4797,60.4797,59375000,0.00%,202050566,295928568566,3590982.19,0
2039-01-10,60.4797,60.4797,60.4797,60.4797,41799999,0.00%,160250566,295928568566,2528051.46,0
2039-01-11,60.4797,60.4797,60.4797,60.4797,42325000,0.00%,117925566,295928568566,2559803.3,0
2039-01-12,60.4797,60.4797,60.4797,60.4797,47875000,0.00%,70050566,295928568566,2895465.64,0
2039-01-13,60.4797,60.4797,60.4797,60.4797,51500000,0.00%,18550566,295928568566,3114704.55,0
2039-01-14,60.4797,60.5401,60.5401,60.4797,39425000,0.10%,405885147,296355328147,2386793.44,426759581
2039-01-17,60.5401,60.5401,60.5401,60.5401,40824999,0.00%,365060147,296355328147,2471549.58,0
2039-01-18,60.5401,60.5401,60.5401,60.5401,55600000,0.00%,309460147,296355328147,3366029.56,0
2039-01-19,60.5401,60.5401,60.5401,60.5401,90275000,0.00%,219185147,296355328147,5465257.53,0
2039-01-20,60.5401,60.5401,60.5401,60.5401,61500000,0.00%,157685147,296355328147,3723216.15,0
2039-01-21,60.5401,60.5401,60.5401,60.5401,67250000,0.00%,90435147,296355328147,4071321.73,0
2039-01-24,60.5401,60.5401,60.5401,60.5401,84125000,0.00%,6310147,296355328147,5092935.91,0
2039-01-25,60.5401,60.6007,60.6007,60.5401,89025000,0.10%,333949195,296771992195,5394977.32,416664047
2039-01-26,60.6007,60.6007,60.6007,60.6007,84650000,0.00%,249299195,296771992195,5129849.25,0
2039-01-27,60.6007,60.6007,60.6007,60.6007,85400000,0.00%,163899195,296771992195,5175299.78,0
2039-01-28,60.6007,60.6007,60.6007,60.6007,62050000,0.00%,101849195,296771992195,3760273.44,0
2039-01-31,60.6007,60.6007,60.6007,60.6007,50400000,0.00%,51449195,296771992195,3054275.28,0
2039-02-01,60.6007,60.6613,60.6613,60.6007,53775000,0.10%,409213579,297183531579,3262061.41,411539384
2039-02-02,60.6613,60.6613,60.6613,60.6613,50125000,0.00%,359088579,297183531579,3040647.66,0
2039-02-03,60.6613,60.6613,60.6613,60.6613,43325000,0.00%,315763579,297183531579,2628150.82,0
2039-02-04,60.6613,60.6613,60.6613,60.6613,77625000,0.00%,238138579,297183531579,4708833.41,0
2039-02-07,60.6613,60.6613,60.6613,60.6613,51150000,0.00%,186988579,297183531579,3102825.5,0
2039-02-08,60.6613,60.6613,60.6613,60.6613,72150000,0.00%,114838579,297183531579,4376712.79,0
2039-02-09,60.6613,60.6613,60.6613,60.6613,65850000,0.00%,48988579,297183531579,3994546.6,0
2039-02-10,60.6613,60.6613,60.6613,60.6613,44775000,0.00%,4213579,297183531579,2716109.71,0
2039-02-11,60.6613,60.7219,60.7219,60.6613,16825000,0.10%,389028860,297585171860,1021645.97,401640281
2039-02-16,60.7219,60.7219,60.7219,60.7219,28925000,0.00%,360103860,297585171860,1756380.96,0
2039-02-17,60.7219,60.7219,60.7219,60.7219,31425000,0.00%,328678860,297585171860,1908185.71,0
2039-02-18,60.7219,60.7219,60.7219,60.7219,43050000,0.00%,285628860,297585171860,2614077.79,0
2039-02-21,60.7219,60.7219,60.7219,60.7219,38550000,0.00%,247078860,297585171860,2340829.25,0
2039-02-22,60.7219,60.7219,60.7219,60.7219,39425000,0.00%,207653860,297585171860,2393960.91,0
2039-02-23,60.7219,60.7219,60.7219,60.7219,59875000,0.00%,147778860,297585171860,3635723.76,0
2039-02-24,60.7219,60.7219,60.7219,60.7219,31100000,0.00%,116678860,297585171860,1888451.09,0
2039-02-25,60.7219,60.7219,60.7219,60.7219,33075000,0.00%,83603860,297585171860,2008376.84,0
2039-02-28,60.7219,60.7219,60.7219,60.7219,31025000,0.00%,52578860,297585171860,1883896.95,0
2039-03-01,60.7219,60.7827,60.7827,60.7219,59025000,0.10%,384977089,297976595089,3587698.87,391423228
2039-03-02,60.7827,60.7827,60.7827,60.7827,64750000,0.00%,320227089,297976595089,3935679.83,0
2039-03-03,60.7827,60.7827,60.7827,60.7827,74300000,0.00%,245927089,297976595089,4516154.61,0
2039-03-04,60.7827,60.7827,60.7827,60.7827,69875000,0.00%,176052089,297976595089,4247191.16,0
2039-03-07,60.7827,60.7827,60.7827,60.7827,34575000,0.00%,141477089,297976595089,2101561.85,0
2039-03-08,60.7827,60.7827,60.7827,60.7827,65150000,0.00%,76327089,297976595089,3959992.91,0
2039-03-09,60.7827,60.7827,60.7827,60.7827,58225000,0.00%,18102089,297976595089,3539072.71,0
2039-03-10,60.7827,60.8434,60.8434,60.7827,42900000,0.10%,363314061,298364707061,2610181.86,388111972
2039-03-11,60.8434,60.8434,60.8434,60.8434,31050000,0.00%,332264061,298364707061,1889187.57,0
2039-03-14,60.8434,60.8434,60.8434,60.8434,44675000,0.00%,287589061,298364707061,2718178.9,0
2039-03-15,60.8434,60.8434,60.8434,60.8434,91325000,0.00%,196264061,298364707061,5556523.5,0
2039-03-16,60.8434,60.8434,60.8434,60.8434,50175000,0.00%,146089061,298364707061,3052817.6,0
2039-03-17,60.8434,60.8434,60.8434,60.8434,35575000,0.00%,110514061,298364707061,2164503.96,0
2039-03-18,60.8434,60.8434,60.8434,60.8434,72950000,0.00%,37564061,298364707061,4438526.03,0
2039-03-21,60.8434,60.9043,60.9043,60.8434,49075000,0.10%,377288995,298753506995,2988878.52,388799933
2039-03-22,60.9043,60.9043,60.9043,60.9043,39100000,0.00%,338188995,298753506995,2381358.13,0
2039-03-23,60.9043,60.9043,60.9043,60.9043,39050000,0.00%,299138995,298753506995,2378312.92,0
2039-03-24,60.9043,60.9043,60.9043,60.9043,92175000,0.00%,206963995,298753506995,5613853.85,0
2039-03-25,60.9043,60.9043,60.9043,60.9043,66075000,0.00%,140888995,298753506995,4024251.62,0
2039-03-28,60.9043,60.9043,60.9043,60.9043,52825000,0.00%,88063995,298753506995,3217269.65,0
2039-03-29,60.9043,60.9043,60.9043,60.9043,85000000,0.00%,3063995,298753506995,5176865.5,0
2039-03-30,60.9043,60.9652,60.9652,60.9043,96875000,0.10%,295138889,299142456889,5906003.75,388949894
2039-03-31,60.9652,60.9652,60.9652,60.9652,75000000,0.00%,220138889,299142456889,4572390.0,0
2039-04-05,60.9652,60.9652,60.9652,60.9652,66400000,0.00%,153738889,299142456889,4048089.28,0
2039-04-06,60.9652,60.9652,60.9652,60.9652,49250000,0.00%,104488889,299142456889,3002536.1,0
2039-04-08,60.9652,60.9652,60.9652,60.9652,33950000,0.00%,70538889,299142456889,2069768.54,0
2039-04-11,60.9652,60.9652,60.9652,60.9652,54150000,0.00%,16388889,299142456889,3301265.58,0
2039-04-12,60.9652,61.0262,61.0262,60.9652,44700000,0.10%,359226647,299529994647,2727871.14,387537757
2039-04-13,61.0262,61.0262,61.0262,61.0262,61825000,0.00%,297401647,299529994647,3772944.81,0
2039-04-14,61.0262,61.0262,61.0262,61.0262,47075000,0.00%,250326647,299529994647,2872808.37,0
2039-04-15,61.0262,61.0262,61.0262,61.0262,57575000,0.00%,192751647,299529994647,3513583.46,0
2039-04-18,61.0262,61.0262,61.0262,61.0262,45750000,0.00%,147001647,299529994647,2791948.65,0
2039-04-19,61.0262,61.0262,61.0262,61.0262,49225000,0.00%,97776647,299529994647,3004014.69,0
2039-04-20,61.0262,61.0262,61.0262,61.0262,36025000,0.00%,61751647,299529994647,2198468.85,0
2039-04-21,61.0262,61.0262,61.0262,61.0262,47650000,0.00%,14101647,299529994647,2907898.43,0
2039-04-22,61.0262,61.0872,61.0872,61.0262,48675000,0.10%,353844343,299918412343,2973419.46,388417696
2039-04-25,61.0872,61.0872,61.0872,61.0872,102825000,0.00%,251019343,299918412343,6281291.34,0
2039-04-26,61.0872,61.0872,61.0872,61.0872,109550000,0.00%,141469343,299918412343,6692102.76,0
2039-04-27,61.0872,61.0872,61.0872,61.0872,103675000,0.00%,37794343,299918412343,6333215.46,0
2039-04-28,61.0872,61.1483,61.1483,61.0872,69325000,0.10%,356885850,300306828850,4239105.9,388416507
2039-04-29,61.1483,61.1483,61.1483,61.1483,74000000,0.00%,282885850,300306828850,4524974.2,0
2039-05-02,61.1483,61.1483,61.1483,61.1483,63550000,0.00%,219335850,300306828850,3885974.46,0
2039-05-03,61.1483,61.1483,61.1483,61.1483,39900000,0.00%,179435850,300306828850,2439817.17,0
2039-05-05,61.1483,61.1483,61.1483,61.1483,56200000,0.00%,123235850,300306828850,3436534.46,0
2039-05-06,61.1483,61.1483,61.1483,61.1483,58975000,0.00%,64260850,300306828850,3606220.99,0
2039-05-09,61.1483,61.2094,61.2094,61.1483,65525000,0.10%,388591854,300696684854,4010745.94,389856003
2039-05-10,61.2094,61.2094,61.2094,61.2094,48525000,0.00%,340066854,300696684854,2970186.14,0
2039-05-11,61.2094,61.2094,61.2094,61.2094,50150000,0.00%,289916854,300696684854,3069651.41,0
2039-05-12,61.2094,61.2094,61.2094,61.2094,40075000,0.00%,249841854,300696684854,2452966.71,0
2039-05-13,61.2094,61.2094,61.2094,61.2094,39225000,0.00%,210616854,300696684854,2400938.71,0
2039-05-16,61.2094,61.2094,61.2094,61.2094,51400000,0.00%,159216854,300696684854,3146163.16,0
2039-05-17,61.2094,61.2094,61.2094,61.2094,54000000,0.00%,105216854,300696684854,3305307.6,0
2039-05-19,61.2094,61.2706,61.2706,61.2094,146075000,0.10%,350331327,301087874327,8950102.89,391189473
2039-05-20,61.2706,61.2706,61.2706,61.2706,69800000,0.00%,280531327,301087874327,4276687.88,0
2039-05-23,61.2706,61.2706,61.2706,61.2706,55825000,0.00%,224706327,301087874327,3420431.25,0
2039-05-24,61.2706,61.2706,61.2706,61.2706,76700000,0.00%,148006327,301087874327,4699455.02,0
2039-05-25,61.2706,61.2706,61.2706,61.2706,55925000,0.00%,92081327,301087874327,3426558.31,0
2039-05-26,61.2706,61.2706,61.2706,61.2706,45800000,0.00%,46281327,301087874327,2806193.48,0
2039-05-27,61.2706,61.3319,61.3319,61.2706,47850000,0.10%,392161759,301481604759,2934731.42,393730432
2039-05-30,61.3319,61.3319,61.3319,61.3319,80325000,0.00%,311836759,301481604759,4926484.87,0
2039-05-31,61.3319,61.3319,61.3319,61.3319,41525000,0.00%,270311759,301481604759,2546807.15,0
2039-06-01,61.3319,61.3319,61.3319,61.3319,68450000,0.00%,201861759,301481604759,4198168.55,0
2039-06-02,61.3319,61.3319,61.3319,61.3319,55025000,0.00%,146836759,301481604759,3374787.8,0
2039-06-03,61.3319,61.3319,61.3319,61.3319,100100000,0.00%,46736759,301481604759,6139323.19,0
2039-06-06,61.3319,61.3932,61.3932,61.3319,70325000,0.10%,374783879,301879976879,4317476.79,398372119
2039-06-07,61.3932,61.3932,61.3932,61.3932,45100000,0.00%,329683879,301879976879,2768833.32,0
2039-06-08,61.3932,61.3932,61.3932,61.3932,50525000,0.00%,279158879,301879976879,3101891.43,0
2039-06-09,61.3932,61.3932,61.3932,61.3932,47225000,0.00%,231933879,301879976879,2899293.87,0
2039-06-10,61.3932,61.3932,61.3932,61.3932,63125000,0.00%,168808879,301879976879,3875445.75,0
2039-06-14,61.3932,61.3932,61.3932,61.3932,66250000,0.00%,102558879,301879976879,4067299.5,0
2039-06-15,61.3932,61.3932,61.3932,61.3932,37400000,0.00%,65158879,301879976879,2296105.68,0
2039-06-16,61.3932,61.3932,61.3932,61.3932,38350000,0.00%,26808879,301879976879,2354429.22,0
2039-06-17,61.3932,61.4546,61.4546,61.3932,52150000,0.10%,372365902,302277683902,3204857.39,397707023
2039-06-20,61.4546,61.4546,61.4546,61.4546,38200000,0.00%,334165902,302277683902,2347565.72,0
2039-06-21,61.4546,61.4546,61.4546,61.4546,35700000,0.00%,298465902,302277683902,2193929.22,0
2039-06-22,61.4546,61.4546,61.4546,61.4546,55775000,0.00%,242690902,302277683902,3427630.31,0
2039-06-23,61.4546,61.4546,61.4546,61.4546,35125000,0.00%,207565902,302277683902,2158592.83,0
2039-06-24,61.4546,61.4546,61.4546,61.4546,64650000,0.00%,142915902,302277683902,3973039.89,0
2039-06-27,61.4546,61.4546,61.4546,61.4546,32300000,0.00%,110615902,302277683902,1984983.58,0
2039-06-28,61.4546,61.4546,61.4546,61.4546,31975000,0.00%,78640902,302277683902,1965010.83,0
2039-06-29,61.4546,61.4546,61.4546,61.4546,29725000,0.00%,48915902,302277683902,1826737.99,0
2039-06-30,61.4546,61.4546,61.4546,61.4546,43775000,0.00%,5140902,302277683902,2690175.12,0
2039-07-01,61.4546,61.5161,61.5161,61.4546,38900000,0.10%,358368111,302669811111,2392976.29,392127209
2039-07-05,61.5161,61.5161,61.5161,61.5161,68175000,0.00%,290193111,302669811111,4193860.12,0
2039-07-06,61.5161,61.5161,61.5161,61.5161,55650000,0.00%,234543111,302669811111,3423370.96,0
2039-07-07,61.5161,61.5161,61.5161,61.5161,38600000,0.00%,195943111,302669811111,2374521.46,0
2039-07-08,61.5161,61.5161,61.5161,61.5161,26300000,0.00%,169643111,302669811111,1617873.43,0
2039-07-11,61.5161,61.5161,61.5161,61.5161,29050000,0.00%,140593111,302669811111,1787042.71,0
2039-07-12,61.5161,61.5161,61.5161,61.5161,32550000,0.00%,108043111,302669811111,2002349.05,0
2039-07-13,61.5161,61.5161,61.5161,61.5161,38975000,0.00%,69068111,302669811111,2397590.0,0
2039-07-14,61.5161,61.5161,61.5161,61.5161,41475000,0.00%,27593111,302669811111,2551380.25,0
2039-07-15,61.5161,61.5776,61.5776,61.5161,68800000,0.10%,350625658,303061643658,4236538.88,391832546
2039-07-18,61.5776,61.5776,61.5776,61.5776,34200000,0.00%,316425658,303061643658,2105953.92,0
2039-07-19,61.5776,61.5776,61.5776,61.5776,47650000,0.00%,268775658,303061643658,2934172.64,0
2039-07-20,61.5776,61.5776,61.5776,61.5776,64650000,0.00%,204125658,303061643658,3980991.84,0
2039-07-21,61.5776,61.5776,61.5776,61.5776,47350000,0.00%,156775658,303061643658,2915699.36,0
2039-07-22,61.5776,61.5776,61.5776,61.5776,57725000,0.00%,99050658,303061643658,3554566.96,0
2039-07-25,61.5776,61.5776,61.5776,61.5776,42400000,0.00%,56650658,303061643658,2610890.24,0
2039-07-26,61.5776,61.5776,61.5776,61.5776,30250000,0.00%,26400658,303061643658,1862722.4,0
2039-07-27,61.5776,61.6392,61.6392,61.5776,29500000,0.10%,391476209,303456219209,1818356.4,394575550
2039-07-28,61.6392,61.6392,61.6392,61.6392,64475000,0.00%,327001209,303456219209,3974187.42,0
2039-07-29,61.6392,61.6392,61.6392,61.6392,33175000,0.00%,293826209,303456219209,2044880.46,0
2039-08-01,61.6392,61.6392,61.6392,61.6392,32175000,0.00%,261651209,303456219209,1983241.26,0
2039-08-02,61.6392,61.6392,61.6392,61.6392,24375000,0.00%,237276209,303456219209,1502455.5,0
2039-08-03,61.6392,61.6392,61.6392,61.6392,50750000,0.00%,186526209,303456219209,3128189.4,0
2039-08-04,61.6392,61.6392,61.6392,61.6392,31025000,0.00%,155501209,303456219209,1912356.18,0
2039-08-05,61.6392,61.6392,61.6392,61.6392,44275000,0.00%,111226209,303456219209,2729075.58,0
2039-08-08,61.6392,61.6392,61.6392,61.6392,57400000,0.00%,53826209,303456219209,3538090.08,0
2039-08-09,61.6392,61.6392,61.6392,61.6392,44175000,0.00%,9651209,303456219209,2722911.66,0
2039-08-10,61.6392,61.7008,61.7008,61.6392,39600000,0.10%,365172447,303851340447,2443351.68,395121237
2039-08-11,61.7008,61.7008,61.7008,61.7008,47025000,0.00%,318147447,303851340447,2901480.12,0
2039-08-12,61.7008,61.7008,61.7008,61.7008,40875000,0.00%,277272447,303851340447,2522020.2,0
2039-08-15,61.7008,61.7008,61.7008,61.7008,25550000,0.00%,251722447,303851340447,1576455.44,0
2039-08-16,61.7008,61.7008,61.7008,61.7008,33975000,0.00%,217747447,303851340447,2096284.68,0
2039-08-17,61.7008,61.7008,61.7008,61.7008,46725000,0.00%,171022447,303851340447,2882969.88,0
2039-08-18,61.7008,61.7008,61.7008,61.7008,53600000,0.00%,117422447,303851340447,3307162.88,0
2039-08-19,61.7008,61.7008,61.7008,61.7008,41025000,0.00%,76397447,303851340447,2531275.32,0
2039-08-22,61.7008,61.7008,61.7008,61.7008,38025000,0.00%,38372447,303851340447,2346172.92,0
2039-08-23,61.7008,61.7008,61.7008,61.7008,29625000,0.00%,8747447,303851340447,1827886.2,0
2039-08-24,61.7008,61.7625,61.7625,61.7008,29125000,0.10%,371000935,304242718935,1798832.81,391378487
2039-08-25,61.7625,61.7625,61.7625,61.7625,41975000,0.00%,329025935,304242718935,2592480.94,0
2039-08-26,61.7625,61.7625,61.7625,61.7625,32650000,0.00%,296375935,304242718935,2016545.62,0
2039-08-29,61.7625,61.7625,61.7625,61.7625,40625000,0.00%,255750935,304242718935,2509101.56,0
2039-08-30,61.7625,61.7625,61.7625,61.7625,34200000,0.00%,221550935,304242718935,2112277.5,0
2039-08-31,61.7625,61.7625,61.7625,61.7625,36500000,0.00%,185050935,304242718935,2254331.25,0
2039-09-01,61.7625,61.7625,61.7625,61.7625,32225000,0.00%,152825935,304242718935,1990296.56,0
2039-09-02,61.7625,61.7625,61.7625,61.7625,77175000,0.00%,75650935,304242718935,4766520.94,0
2039-09-05,61.7625,61.7625,61.7625,61.7625,34700000,0.00%,40950935,304242718935,2143158.75,0
2039-09-06,61.7625,61.7625,61.7625,61.7625,24525000,0.00%,16425935,304242718935,1514725.31,0
2039-09-07,61.7625,61.8243,61.8243,61.7625,33200000,0.10%,372900180,304632393180,2052566.76,389674245
2039-09-08,61.8243,61.8243,61.8243,61.8243,23950000,0.00%,348950180,304632393180,1480691.99,0
2039-09-12,61.8243,61.8243,61.8243,61.8243,50200000,0.00%,298750180,304632393180,3103579.86,0
2039-09-13,61.8243,61.8243,61.8243,61.8243,30750000,0.00%,268000180,304632393180,1901097.23,0
2039-09-14,61.8243,61.8243,61.8243,61.8243,30100000,0.00%,237900180,304632393180,1860911.43,0
2039-09-15,61.8243,61.8243,61.8243,61.8243,34500000,0.00%,203400180,304632393180,2132938.35,0
2039-09-16,61.8243,61.8243,61.8243,61.8243,27525000,0.00%,175875180,304632393180,1701713.86,0
2039-09-19,61.8243,61.8243,61.8243,61.8243,19225000,0.00%,156650180,304632393180,1188572.17,0
2039-09-20,61.8243,61.8243,61.8243,61.8243,25375000,0.00%,131275180,304632393180,1568791.61,0
2039-09-22,61.8243,61.8243,61.8243,61.8243,64500000,0.00%,66775180,304632393180,3987667.35,0
2039-09-23,61.8243,61.8861,61.8861,61.8243,71025000,0.10%,383369520,305020012520,4395460.25,387619339
2039-09-26,61.8861,61.8861,61.8861,61.8861,38050000,0.00%,345319520,305020012520,2354766.1,0
2039-09-27,61.8861,61.8861,61.8861,61.8861,107300000,0.00%,238019520,305020012520,6640378.53,0
2039-09-28,61.8861,61.8861,61.8861,61.8861,100275000,0.00%,137744520,305020012520,6205628.68,0
2039-09-29,61.8861,61.8861,61.8861,61.8861,125625000,0.00%,12119520,305020012520,7774441.31,0
2039-09-30,61.8861,61.948,61.948,61.8861,142875000,0.10%,264609965,305415377965,8850820.5,395365445
2039-10-03,61.948,61.948,61.948,61.948,188650000,0.00%,75959965,305415377965,11686490.2,0
2039-10-05,61.948,62.0099,62.0099,61.948,121925000,0.10%,357005341,305818348341,7560557.06,402970375
2039-10-06,62.0099,62.0099,62.0099,62.0099,79000000,0.00%,278005341,305818348341,4898782.1,0
2039-10-07,62.0099,62.0099,62.0099,62.0099,61650000,0.00%,216355341,305818348341,3822910.33,0
2039-10-10,62.0099,62.0099,62.0099,62.0099,63325000,0.00%,153030341,305818348341,3926776.92,0
2039-10-11,62.0099,62.0719,62.0719,62.0099,176175000,0.10%,383146419,306224639419,10935516.98,406291077
2039-10-12,62.0719,62.0719,62.0719,62.0719,115925000,0.00%,267221419,306224639419,7195685.01,0
2039-10-13,62.0719,62.0719,62.0719,62.0719,82775000,0.00%,184446419,306224639419,5138001.52,0
2039-10-17,62.0719,62.0719,62.0719,62.0719,75800000,0.00%,108646419,306224639419,4705050.02,0
2039-10-18,62.0719,62.0719,62.0719,62.0719,83699999,0.00%,24946419,306224639419,5195418.03,0
2039-10-19,62.0719,62.134,62.134,62.0719,56225000,0.10%,383758467,306639676467,3493484.15,415037047
2039-10-20,62.134,62.134,62.134,62.134,41200000,0.00%,342558467,306639676467,2559920.8,0
2039-10-21,62.134,62.134,62.134,62.134,64900000,0.00%,277658467,306639676467,4032496.6,0
2039-10-24,62.134,62.134,62.134,62.134,40824999,0.00%,236833467,306639676467,2536620.55,0
2039-10-25,62.134,62.134,62.134,62.134,27575000,0.00%,209258467,306639676467,1713345.05,0
2039-10-26,62.134,62.134,62.134,62.134,36650000,0.00%,172608467,306639676467,2277211.1,0
2039-10-27,62.134,62.134,62.134,62.134,28000000,0.00%,144608467,306639676467,1739752.0,0
2039-10-28,62.134,62.134,62.134,62.134,29875000,0.00%,114733467,306639676467,1856253.25,0
2039-10-31,62.134,62.134,62.134,62.134,38875000,0.00%,75858467,306639676467,2415459.25,0
2039-11-01,62.134,62.134,62.134,62.134,34500000,0.00%,41358467,306639676467,2143623.0,0
2039-11-02,62.134,62.1961,62.1961,62.134,44750000,0.10%,410621237,307053689237,2783275.48,414012770
2039-11-03,62.1961,62.1961,62.1961,62.1961,56875000,0.00%,353746237,307053689237,3537403.19,0
2039-11-04,62.1961,62.1961,62.1961,62.1961,52725000,0.00%,301021237,307053689237,3279289.37,0
2039-11-07,62.1961,62.1961,62.1961,62.1961,29275000,0.00%,271746237,307053689237,1820790.83,0
2039-11-08,62.1961,62.1961,62.1961,62.1961,38175000,0.00%,233571237,307053689237,2374336.12,0
2039-11-09,62.1961,62.1961,62.1961,62.1961,51900000,0.00%,181671237,307053689237,3227977.59,0
2039-11-10,62.1961,62.1961,62.1961,62.1961,49800000,0.00%,131871237,307053689237,3097365.78,0
2039-11-11,62.1961,62.1961,62.1961,62.1961,48475000,0.00%,83396237,307053689237,3014955.95,0
2039-11-14,62.1961,62.1961,62.1961,62.1961,57150000,0.00%,26246237,307053689237,3554507.12,0
2039-11-15,62.1961,62.2583,62.2583,62.1961,68250000,0.10%,374464479,307470157479,4249128.97,416468241
2039-11-16,62.2583,62.2583,62.2583,62.2583,70775000,0.00%,303689479,307470157479,4406331.18,0
2039-11-17,62.2583,62.2583,62.2583,62.2583,87250000,0.00%,216439479,307470157479,5432036.67,0
2039-11-18,62.2583,62.2583,62.2583,62.2583,72650000,0.00%,143789479,307470157479,4523065.5,0
2039-11-21,62.2583,62.2583,62.2583,62.2583,51225000,0.00%,92564479,307470157479,3189181.42,0
2039-11-22,62.2583,62.2583,62.2583,62.2583,34700000,0.00%,57864479,307470157479,2160363.01,0
2039-11-23,62.2583,62.2583,62.2583,62.2583,37525000,0.00%,20339479,307470157479,2336242.71,0
2039-11-24,62.2583,62.3206,62.3206,62.2583,31250000,0.10%,409366837,307890434837,1947518.75,420277358
2039-11-25,62.3206,62.3206,62.3206,62.3206,42375000,0.00%,366991837,307890434837,2640835.43,0
2039-11-28,62.3206,62.3206,62.3206,62.3206,69725000,0.00%,297266837,307890434837,4345303.83,0
2039-11-29,62.3206,62.3206,62.3206,62.3206,42350000,0.00%,254916837,307890434837,2639277.41,0
2039-11-30,62.3206,62.3206,62.3206,62.3206,41725000,0.00%,213191837,307890434837,2600327.04,0
2039-12-01,62.3206,62.3206,62.3206,62.3206,32675000,0.00%,180516837,307890434837,2036325.6,0
2039-12-02,62.3206,62.3206,62.3206,62.3206,39075000,0.00%,141441837,307890434837,2435177.44,0
2039-12-05,62.3206,62.3206,62.3206,62.3206,33325000,0.00%,108116837,307890434837,2076834.0,0
2039-12-06,62.3206,62.3206,62.3206,62.3206,45900000,0.00%,62216837,307890434837,2860515.54,0
2039-12-07,62.3206,62.3206,62.3206,62.3206,35125000,0.00%,27091837,307890434837,2189011.08,0
2039-12-08,62.3206,62.3829,62.3829,62.3206,33275000,0.10%,413214798,308309832798,2075791.0,419397960
2039-12-09,62.3829,62.3829,62.3829,62.3829,69275000,0.00%,343939798,308309832798,4321575.4,0
2039-12-12,62.3829,62.3829,62.3829,62.3829,56150000,0.00%,287789798,308309832798,3502799.83,0
2039-12-13,62.3829,62.3829,62.3829,62.3829,75700000,0.00%,212089798,308309832798,4722385.53,0
2039-12-14,62.3829,62.3829,62.3829,62.3829,32750000,0.00%,179339798,308309832798,2043039.98,0
2039-12-15,62.3829,62.3829,62.3829,62.3829,58525000,0.00%,120814798,308309832798,3650959.22,0
2039-12-16,62.3829,62.3829,62.3829,62.3829,40750000,0.00%,80064798,308309832798,2542103.18,0
2039-12-19,62.3829,62.3829,62.3829,62.3829,35150000,0.00%,44914798,308309832798,2192758.94,0
2039-12-20,62.3829,62.3829,62.3829,62.3829,41950000,0.00%,2964798,308309832798,2616962.66,0
2039-12-21,62.3829,62.4453,62.4453,62.3829,37275000,0.10%,388087835,308732230835,2327648.56,422398037
2039-12-22,62.4453,62.4453,62.4453,62.4453,86675000,0.00%,301412835,308732230835,5412446.38,0
2039-12-23,62.4453,62.4453,62.4453,62.4453,112075000,0.00%,189337835,308732230835,6998557.0,0
2039-12-26,62.4453,62.4453,62.4453,62.4453,52150000,0.00%,137187835,308732230835,3256522.4,0
2039-12-27,62.4453,62.4453,62.4453,62.4453,19675000,0.00%,117512835,308732230835,1228611.28,0
2039-12-30,62.4453,62.4453,62.4453,62.4453,33875000,0.00%,83637835,308732230835,2115334.54,0
2040-01-02,62.4453,62.4453,62.4453,62.4453,34476000,0.00%,49161835,308732230835,2152864.16,0
2040-01-03,62.4453,62.4453,62.4453,62.4453,27718499,0.00%,21443335,308732230835,1730890.05,0
2040-01-05,62.4453,62.5077,62.5077,62.4453,52861500,0.10%,395763411,309159412411,3304250.78,427181576
2040-01-06,62.5077,62.5077,62.5077,62.5077,42942000,0.00%,352821411,309159412411,2684205.65,0
2040-01-09,62.5077,62.5077,62.5077,62.5077,43018500,0.00%,309802911,309159412411,2688987.49,0
2040-01-10,62.5077,62.5703,62.5703,62.5077,364446000,0.10%,374195320,309588250820,22803495.55,428838408
2040-01-11,62.5703,62.5703,62.5703,62.5703,243422999,0.00%,130772320,309588250820,15231050.14,0
2040-01-12,62.5703,62.6328,62.6328,62.5703,154479000,0.10%,420735743,310032693243,9675452.31,444442423
2040-01-13,62.6328,62.6328,62.6328,62.6328,94477500,0.00%,326258243,310032693243,5917390.36,0
2040-01-16,62.6328,62.6328,62.6328,62.6328,88714500,0.00%,237543743,310032693243,5556437.54,0
2040-01-17,62.6328,62.6328,62.6328,62.6328,103581000,0.00%,133962743,310032693243,6487568.06,0
2040-01-18,62.6328,62.6328,62.6328,62.6328,74358000,0.00%,59604743,310032693243,4657249.74,0
2040-01-19,62.6328,62.6955,62.6955,62.6328,66656999,0.10%,446130056,310485875556,4179093.94,453182312
2040-01-20,62.6955,62.6955,62.6955,62.6955,43707000,0.00%,402423056,310485875556,2740232.22,0
2040-01-23,62.6955,62.6955,62.6955,62.6955,79407000,0.00%,323016056,310485875556,4978461.57,0
2040-01-24,62.6955,62.6955,62.6955,62.6955,64387499,0.00%,258628556,310485875556,4036806.51,0
2040-01-25,62.6955,62.6955,62.6955,62.6955,45543000,0.00%,213085556,310485875556,2855341.16,0
2040-01-26,62.6955,62.6955,62.6955,62.6955,54212999,0.00%,158872556,310485875556,3398911.14,0
2040-01-27,62.6955,62.6955,62.6955,62.6955,61403999,0.00%,97468556,310485875556,3849754.48,0
2040-01-30,62.6955,62.6955,62.6955,62.6955,60205499,0.00%,37263056,310485875556,3774613.93,0
2040-01-31,62.6955,62.6955,62.6955,62.6955,36210000,0.00%,1053056,310485875556,2270204.06,0
2040-02-06,62.6955,62.7582,62.7582,62.6955,71196000,0.10%,388151289,310944169789,4468132.81,458294232
2040-02-07,62.7582,62.7582,62.7582,62.7582,79764000,0.00%,308387289,310944169789,5005845.06,0
2040-02-08,62.7582,62.7582,62.7582,62.7582,81931500,0.00%,226455789,310944169789,5141873.46,0
2040-02-09,62.7582,62.7582,62.7582,62.7582,49954500,0.00%,176501289,310944169789,3135054.5,0
2040-02-10,62.7582,62.7582,62.7582,62.7582,88153500,0.00%,88347789,310944169789,5532354.98,0
2040-02-13,62.7582,62.7582,62.7582,62.7582,80095500,0.00%,8252289,310944169789,5026649.41,0
2040-02-14,62.7582,62.8209,62.8209,62.7582,78769500,0.10%,392916662,311407603662,4948370.88,463433872
2040-02-15,62.8209,62.8209,62.8209,62.8209,97563000,0.00%,295353662,311407603662,6128995.47,0
2040-02-16,62.8209,62.8209,62.8209,62.8209,155524500,0.00%,139829162,311407603662,9770189.06,0
2040-02-17,62.8209,62.8837,62.8837,62.8209,190026000,0.10%,417644408,311875444908,11949537.98,467841246
2040-02-20,62.8837,62.8837,62.8837,62.8837,321861000,0.00%,95783408,311875444908,20239810.57,0
2040-02-21,62.8837,62.9466,62.9466,62.8837,159451500,0.10%,416406751,312355519751,10036929.79,480074843
2040-02-22,62.9466,62.9466,62.9466,62.9466,87031500,0.00%,329375251,312355519751,5478337.02,0
2040-02-23,62.9466,62.9466,62.9466,62.9466,88102500,0.00%,241272751,312355519751,5545752.83,0
2040-02-24,62.9466,62.9466,62.9466,62.9466,187552500,0.00%,53720251,312355519751,11805792.2,0
2040-02-27,62.9466,63.0096,63.0096,62.9466,172227000,0.10%,371986274,312846012774,10851954.38,490493022
2040-02-28,63.0096,63.0096,63.0096,63.0096,144100500,0.00%,227885774,312846012774,9079714.86,0
2040-02-29,63.0096,63.0096,63.0096,63.0096,103249500,0.00%,124636274,312846012774,6505709.7,0
2040-03-01,63.0096,63.0096,63.0096,63.0096,99195000,0.00%,25441274,312846012774,6250237.27,0
2040-03-02,63.0096,63.0726,63.0726,63.0096,133007999,0.10%,391560911,313345140411,8389160.38,499127637
2040-03-05,63.0726,63.0726,63.0726,63.0726,83512500,0.00%,308048411,313345140411,5267350.51,0
2040-03-06,63.0726,63.0726,63.0726,63.0726,79356000,0.00%,228692411,313345140411,5005189.25,0
2040-03-07,63.0726,63.0726,63.0726,63.0726,89683500,0.00%,139008911,313345140411,5656571.52,0
2040-03-08,63.0726,63.1356,63.1356,63.0726,203184000,0.10%,441096179,313850411679,12828143.75,505271267
2040-03-09,63.1356,63.1356,63.1356,63.1356,118549499,0.00%,322546679,313850411679,7484693.81,0
2040-03-12,63.1356,63.1356,63.1356,63.1356,87771000,0.00%,234775679,313850411679,5541474.75,0
2040-03-13,63.1356,63.1356,63.1356,63.1356,86317500,0.00%,148458179,313850411679,5449707.15,0
2040-03-14,63.1356,63.1356,63.1356,63.1356,71476500,0.00%,76981679,313850411679,4512711.71,0
2040-03-15,63.1356,63.1356,63.1356,63.1356,69691500,0.00%,7290179,313850411679,4400014.67,0
2040-03-16,63.1356,63.1988,63.1988,63.1356,78310500,0.10%,444976973,314366408973,4949129.63,515997294
2040-03-19,63.1988,63.1988,63.1988,63.1988,56354999,0.00%,388621973,314366408973,3561568.37,0
2040-03-20,63.1988,63.1988,63.1988,63.1988,85782000,0.00%,302839973,314366408973,5421319.46,0
2040-03-21,63.1988,63.1988,63.1988,63.1988,80580000,0.00%,222259973,314366408973,5092559.3,0
2040-03-22,63.1988,63.1988,63.1988,63.1988,127117499,0.00%,95142473,314366408973,8033673.46,0
2040-03-23,63.1988,63.262,63.262,63.1988,107762999,0.10%,497036886,314876066386,6817302.91,509657412
2040-03-26,63.262,63.262,63.262,63.262,62729999,0.00%,434306886,314876066386,3968425.26,0
2040-03-27,63.262,63.262,63.262,63.262,70737000,0.00%,363569886,314876066386,4474964.09,0
2040-03-28,63.262,63.262,63.262,63.262,44140500,0.00%,319429386,314876066386,2792416.31,0
2040-03-29,63.262,63.262,63.262,63.262,44880000,0.00%,274549386,314876066386,2839198.56,0
2040-03-30,63.262,63.262,63.262,63.262,47404500,0.00%,227144886,314876066386,2998903.48,0
2040-04-02,63.262,63.262,63.262,63.262,71502000,0.00%,155642886,314876066386,4523359.52,0
2040-04-03,63.262,63.262,63.262,63.262,49776000,0.00%,105866886,314876066386,3148929.31,0
2040-04-04,63.262,63.262,63.262,63.262,36337500,0.00%,69529386,314876066386,2298782.93,0
2040-04-05,63.262,63.3252,63.3252,63.262,74511000,0.10%,507149103,315388197103,4718423.98,512130716
2040-04-09,63.3252,63.3252,63.3252,63.3252,314568000,0.00%,192581103,315388197103,19920081.51,0
2040-04-10,63.3252,63.3252,63.3252,63.3252,166056000,0.00%,26525103,315388197103,10515529.41,0
2040-04-11,63.3252,63.3886,63.3886,63.3252,169524000,0.10%,380419265,315911615265,10745889.03,523418161
2040-04-12,63.3886,63.3886,63.3886,63.3886,147390000,0.00%,233029265,315911615265,9342845.75,0
2040-04-13,63.3886,63.3886,63.3886,63.3886,118804499,0.00%,114224765,315911615265,7530850.93,0
2040-04-16,63.3886,63.3886,63.3886,63.3886,77392500,0.00%,36832265,315911615265,4905802.23,0
2040-04-17,63.3886,63.452,63.452,63.3886,51637500,0.10%,514218214,316440638714,3276502.65,529023449
2040-04-18,63.452,63.452,63.452,63.452,69666000,0.00%,444552214,316440638714,4420447.03,0
2040-04-19,63.452,63.452,63.452,63.452,62423999,0.00%,382128214,316440638714,3960927.65,0
2040-04-24,63.452,63.452,63.452,63.452,61301999,0.00%,320826214,316440638714,3889734.5,0
2040-04-25,63.452,63.452,63.452,63.452,68850000,0.00%,251976214,316440638714,4368670.2,0
2040-04-26,63.452,63.452,63.452,63.452,48220500,0.00%,203755714,316440638714,3059687.17,0
2040-04-27,63.452,63.452,63.452,63.452,73312500,0.00%,130443214,316440638714,4651824.75,0
2040-04-30,63.452,63.452,63.452,63.452,35215500,0.00%,95227714,316440638714,2234493.91,0
2040-05-01,63.452,63.452,63.452,63.452,41743500,0.00%,53484214,316440638714,2648708.56,0
2040-05-02,63.452,63.452,63.452,63.452,39040500,0.00%,14443714,316440638714,2477197.81,0
2040-05-04,63.452,63.5154,63.5154,63.452,33762000,0.10%,507245928,316967202928,2144406.93,526564214
2040-05-08,63.5154,63.5154,63.5154,63.5154,50515500,0.00%,456730428,316967202928,3208512.19,0
2040-05-09,63.5154,63.5154,63.5154,63.5154,65330999,0.00%,391399428,316967202928,4149524.6,0
2040-05-10,63.5154,63.5154,63.5154,63.5154,50541000,0.00%,340858428,316967202928,3210131.83,0
2040-05-11,63.5154,63.5154,63.5154,63.5154,35139000,0.00%,305719428,316967202928,2231867.64,0
2040-05-14,63.5154,63.5154,63.5154,63.5154,91417500,0.00%,214301928,316967202928,5806419.08,0
2040-05-15,63.5154,63.5154,63.5154,63.5154,58955999,0.00%,155345928,316967202928,3744613.92,0
2040-05-16,63.5154,63.5154,63.5154,63.5154,61939499,0.00%,93406428,316967202928,3934112.12,0
2040-05-17,63.5154,63.5154,63.5154,63.5154,83639999,0.00%,9766428,316967202928,5312428.06,0
2040-05-18,63.5154,63.5789,63.5789,63.5154,54391499,0.10%,485974844,317497802844,3458151.74,530599916
2040-05-21,63.5789,63.5789,63.5789,63.5789,57272999,0.00%,428701844,317497802844,3641354.34,0
2040-05-22,63.5789,63.5789,63.5789,63.5789,40264500,0.00%,388437344,317497802844,2559972.62,0
2040-05-23,63.5789,63.5789,63.5789,63.5789,48246000,0.00%,340191344,317497802844,3067427.61,0
2040-05-24,63.5789,63.5789,63.5789,63.5789,36414000,0.00%,303777344,317497802844,2315162.06,0
2040-05-25,63.5789,63.5789,63.5789,63.5789,41463000,0.00%,262314344,317497802844,2636171.93,0
2040-05-28,63.5789,63.5789,63.5789,63.5789,44089500,0.00%,218224844,317497802844,2803161.91,0
2040-05-29,63.5789,63.5789,63.5789,63.5789,38224500,0.00%,180000344,317497802844,2430271.66,0
2040-05-30,63.5789,63.5789,63.5789,63.5789,42865500,0.00%,137134844,317497802844,2725341.34,0
2040-05-31,63.5789,63.5789,63.5789,63.5789,49393500,0.00%,87741344,317497802844,3140384.4,0
2040-06-01,63.5789,63.5789,63.5789,63.5789,72114000,0.00%,15627344,317497802844,4584928.79,0
2040-06-04,63.5789,63.6425,63.6425,63.5789,33379499,0.10%,511403201,318026958201,2124354.83,529155356
2040-06-05,63.6425,63.6425,63.6425,63.6425,37255500,0.00%,474147701,318026958201,2371033.16,0
2040-06-06,63.6425,63.6425,63.6425,63.6425,46869000,0.00%,427278701,318026958201,2982860.33,0
2040-06-07,63.6425,63.6425,63.6425,63.6425,49291500,0.00%,377987201,318026958201,3137034.29,0
2040-06-08,63.6425,63.6425,63.6425,63.6425,33506999,0.00%,344480201,318026958201,2132469.25,0
2040-06-11,63.6425,63.6425,63.6425,63.6425,47124000,0.00%,297356201,318026958201,2999089.17,0
2040-06-12,63.6425,63.6425,63.6425,63.6425,43452000,0.00%,253904201,318026958201,2765393.91,0
2040-06-13,63.6425,63.6425,63.6425,63.6425,37689000,0.00%,216215201,318026958201,2398622.18,0
2040-06-14,63.6425,63.6425,63.6425,63.6425,34093500,0.00%,182121701,318026958201,2169795.57,0
2040-06-15,63.6425,63.6425,63.6425,63.6425,48679500,0.00%,133442201,318026958201,3098085.08,0
2040-06-18,63.6425,63.6425,63.6425,63.6425,35139000,0.00%,98303201,318026958201,2236333.81,0
2040-06-19,63.6425,63.6425,63.6425,63.6425,29375999,0.00%,68927201,318026958201,1869562.08,0
2040-06-20,63.6425,63.6425,63.6425,63.6425,38734500,0.00%,30192701,318026958201,2465160.42,0
2040-06-21,63.6425,63.7061,63.7061,63.6425,49444500,0.10%,504885509,318551095509,3149916.26,524137308
2040-06-22,63.7061,63.7061,63.7061,63.7061,52581000,0.00%,452304509,318551095509,3349730.44,0
2040-06-25,63.7061,63.7061,63.7061,63.7061,36337500,0.00%,415967009,318551095509,2314920.41,0
2040-06-26,63.7061,63.7061,63.7061,63.7061,45313500,0.00%,370653509,318551095509,2886746.36,0
2040-06-27,63.7061,63.7061,63.7061,63.7061,44854500,0.00%,325799009,318551095509,2857505.26,0
2040-06-28,63.7061,63.7061,63.7061,63.7061,38250000,0.00%,287549009,318551095509,2436758.33,0
2040-06-29,63.7061,63.7061,63.7061,63.7061,38709000,0.00%,248840009,318551095509,2465999.42,0
2040-07-02,63.7061,63.7061,63.7061,63.7061,47073000,0.00%,201767009,318551095509,2998837.25,0
2040-07-04,63.7061,63.7061,63.7061,63.7061,46410000,0.00%,155357009,318551095509,2956600.1,0
2040-07-05,63.7061,63.7061,63.7061,63.7061,48348000,0.00%,107009009,318551095509,3080062.52,0
2040-07-06,63.7061,63.7061,63.7061,63.7061,37383000,0.00%,69626009,318551095509,2381525.14,0
2040-07-09,63.7061,63.7061,63.7061,63.7061,29656499,0.00%,39969509,318551095509,1889299.95,0
2040-07-10,63.7061,63.7061,63.7061,63.7061,33583500,0.00%,6386009,318551095509,2139473.81,0
2040-07-11,63.7061,63.7699,63.7699,63.7061,45441000,0.10%,479467575,319069618075,2897768.03,518522565
2040-07-12,63.7699,63.7699,63.7699,63.7699,35776500,0.00%,443691075,319069618075,2281463.83,0
2040-07-13,63.7699,63.7699,63.7699,63.7699,49036500,0.00%,394654575,319069618075,3127052.7,0
2040-07-16,63.7699,63.7699,63.7699,63.7699,29834999,0.00%,364819575,319069618075,1902574.97,0
2040-07-17,63.7699,63.7699,63.7699,63.7699,69997500,0.00%,294822075,319069618075,4463733.58,0
2040-07-18,63.7699,63.7699,63.7699,63.7699,59287499,0.00%,235534575,319069618075,3780757.95,0
2040-07-19,63.7699,63.7699,63.7699,63.7699,35037000,0.00%,200497575,319069618075,2234305.99,0
2040-07-20,63.7699,63.7699,63.7699,63.7699,35139000,0.00%,165358575,319069618075,2240810.52,0
2040-07-23,63.7699,63.7699,63.7699,63.7699,33838500,0.00%,131520075,319069618075,2157877.76,0
2040-07-24,63.7699,63.7699,63.7699,63.7699,44880000,0.00%,86640075,319069618075,2861993.11,0
2040-07-25,63.7699,63.8336,63.8336,63.7699,119186999,0.10%,479292795,319581457795,7608135.28,511839720
2040-07-26,63.8336,63.8336,63.8336,63.8336,61658999,0.00%,417633795,319581457795,3935915.94,0
2040-07-27,63.8336,63.8336,63.8336,63.8336,50719500,0.00%,366914295,319581457795,3237608.28,0
2040-07-30,63.8336,63.8336,63.8336,63.8336,37383000,0.00%,329531295,319581457795,2386291.47,0
2040-07-31,63.8336,63.8336,63.8336,63.8336,42967500,0.00%,286563795,319581457795,2742770.21,0
2040-08-01,63.8336,63.8336,63.8336,63.8336,49368000,0.00%,237195795,319581457795,3151337.16,0
2040-08-02,63.8336,63.8336,63.8336,63.8336,52147500,0.00%,185048295,319581457795,3328762.66,0
2040-08-03,63.8336,63.8336,63.8336,63.8336,54059999,0.00%,130988295,319581457795,3450844.42,0
2040-08-06,63.8336,63.8336,63.8336,63.8336,44217000,0.00%,86771295,319581457795,2822530.29,0
2040-08-07,63.8336,63.8336,63.8336,63.8336,44242500,0.00%,42528795,319581457795,2824158.05,0
2040-08-08,63.8336,63.8975,63.8975,63.8336,52887000,0.10%,500356618,320092172618,3379347.08,510714823
2040-08-09,63.8975,63.8975,63.8975,63.8975,43197000,0.00%,457159618,320092172618,2760180.31,0
2040-08-10,63.8975,63.8975,63.8975,63.8975,33940500,0.00%,423219118,320092172618,2168713.1,0
2040-08-13,63.8975,63.8975,63.8975,63.8975,30064499,0.00%,393154618,320092172618,1921046.39,0
2040-08-14,63.8975,63.8975,63.8975,63.8975,35266500,0.00%,357888118,320092172618,2253441.18,0
2040-08-15,63.8975,63.8975,63.8975,63.8975,95880000,0.00%,262008118,320092172618,6126492.3,0
2040-08-16,63.8975,63.8975,63.8975,63.8975,92667000,0.00%,169341118,320092172618,5921189.63,0
2040-08-17,63.8975,63.8975,63.8975,63.8975,56558999,0.00%,112782118,320092172618,3613978.7,0
2040-08-20,63.8975,63.8975,63.8975,63.8975,44854500,0.00%,67927618,320092172618,2866090.41,0
2040-08-21,63.8975,63.8975,63.8975,63.8975,41718000,0.00%,26209618,320092172618,2665675.91,0
2040-08-22,63.8975,63.9614,63.9614,63.8975,40672500,0.10%,494688621,320601324121,2601470.04,509151503
2040-08-23,63.9614,63.9614,63.9614,63.9614,36439500,0.00%,458249121,320601324121,2330721.44,0
2040-08-24,63.9614,63.9614,63.9614,63.9614,49419000,0.00%,408830121,320601324121,3160908.43,0
2040-08-27,63.9614,63.9614,63.9614,63.9614,65509499,0.00%,343320621,320601324121,4190079.33,0
2040-08-28,63.9614,63.9614,63.9614,63.9614,52683000,0.00%,290637621,320601324121,3369678.44,0
2040-08-29,63.9614,63.9614,63.9614,63.9614,54212999,0.00%,236424621,320601324121,3467539.38,0
2040-08-30,63.9614,63.9614,63.9614,63.9614,55360499,0.00%,181064121,320601324121,3540935.08,0
2040-08-31,63.9614,63.9614,63.9614,63.9614,46486500,0.00%,134577621,320601324121,2973341.62,0
2040-09-03,63.9614,63.9614,63.9614,63.9614,40698000,0.00%,93879621,320601324121,2603101.06,0
2040-09-04,63.9614,63.9614,63.9614,63.9614,37765500,0.00%,56114121,320601324121,2415534.25,0
2040-09-05,63.9614,63.9614,63.9614,63.9614,39576000,0.00%,16538121,320601324121,2531336.37,0
2040-09-06,63.9614,64.0253,64.0253,63.9614,45900000,0.10%,477715757,321108401757,2938761.27,507077635
2040-09-07,64.0253,64.0253,64.0253,64.0253,48577500,0.00%,429138257,321108401757,3110189.01,0
2040-09-10,64.0253,64.0253,64.0253,64.0253,55640999,0.00%,373497257,321108401757,3562431.72,0
2040-09-11,64.0253,64.0253,64.0253,64.0253,50668500,0.00%,322828757,321108401757,3244065.91,0
2040-09-12,64.0253,64.0253,64.0253,64.0253,48934500,0.00%,273894257,321108401757,3133046.04,0
2040-09-13,64.0253,64.0253,64.0253,64.0253,46384500,0.00%,227509757,321108401757,2969781.53,0
2040-09-14,64.0253,64.0253,64.0253,64.0253,52989000,0.00%,174520757,321108401757,3392636.62,0
2040-09-17,64.0253,64.0253,64.0253,64.0253,41743500,0.00%,132777257,321108401757,2672640.11,0
2040-09-18,64.0253,64.0253,64.0253,64.0253,34017000,0.00%,98760257,321108401757,2177948.63,0
2040-09-19,64.0253,64.0253,64.0253,64.0253,56992499,0.00%,41767757,321108401757,3648961.91,0
2040-09-20,64.0253,64.0893,64.0893,64.0253,76474500,0.10%,473875405,321616983905,4901197.17,508582147
2040-09-21,64.0893,64.0893,64.0893,64.0893,53065500,0.00%,420809905,321616983905,3400930.75,0
2040-09-24,64.0893,64.0893,64.0893,64.0893,32894999,0.00%,387914905,321616983905,2108217.52,0
2040-09-25,64.0893,64.0893,64.0893,64.0893,38989500,0.00%,348925405,321616983905,2498809.76,0
2040-09-26,64.0893,64.0893,64.0893,64.0893,47022000,0.00%,301903405,321616983905,3013607.06,0
2040-09-27,64.0893,64.0893,64.0893,64.0893,44319000,0.00%,257584405,321616983905,2840373.69,0
2040-09-28,64.0893,64.0893,64.0893,64.0893,49725000,0.00%,207859405,321616983905,3186840.44,0
2040-10-01,64.0893,64.0893,64.0893,64.0893,52249500,0.00%,155609905,321616983905,3348633.88,0
2040-10-02,64.0893,64.0893,64.0893,64.0893,52555500,0.00%,103054405,321616983905,3368245.21,0
2040-10-04,64.0893,64.0893,64.0893,64.0893,43707000,0.00%,59347405,321616983905,2801151.04,0
2040-10-05,64.0893,64.0893,64.0893,64.0893,18181500,0.00%,41165905,321616983905,1165239.61,0
2040-10-08,64.0893,64.0893,64.0893,64.0893,19966500,0.00%,21199405,321616983905,1279639.01,0
2040-10-10,64.0893,64.1534,64.1534,64.0893,26876999,0.10%,503342604,322126004104,1724250.93,509020199
2040-10-11,64.1534,64.1534,64.1534,64.1534,36847500,0.00%,466495104,322126004104,2363892.41,0
2040-10-12,64.1534,64.1534,64.1534,64.1534,50745000,0.00%,415750104,322126004104,3255464.28,0
2040-10-15,64.1534,64.1534,64.1534,64.1534,96925500,0.00%,318824604,322126004104,6218100.37,0
2040-10-16,64.1534,64.1534,64.1534,64.1534,68340000,0.00%,250484604,322126004104,4384243.36,0
2040-10-17,64.1534,64.1534,64.1534,64.1534,46869000,0.00%,203615604,322126004104,3006805.7,0
2040-10-18,64.1534,64.1534,64.1534,64.1534,36439500,0.00%,167176104,322126004104,2337717.82,0
2040-10-19,64.1534,64.1534,64.1534,64.1534,47557500,0.00%,119618604,322126004104,3050975.32,0
2040-10-22,64.1534,64.1534,64.1534,64.1534,38148000,0.00%,81470604,322126004104,2447323.9,0
2040-10-23,64.1534,64.1534,64.1534,64.1534,36133500,0.00%,45337104,322126004104,2318086.88,0
2040-10-24,64.1534,64.1534,64.1534,64.1534,25449000,0.00%,19888104,322126004104,1632639.88,0
2040-10-25,64.1534,64.2176,64.2176,64.1534,31670999,0.10%,499414014,322637201014,2033835.61,511196909
2040-10-26,64.2176,64.2176,64.2176,64.2176,30599999,0.00%,468814014,322637201014,1965058.56,0
2040-10-29,64.2176,64.2176,64.2176,64.2176,40902000,0.00%,427912014,322637201014,2626628.28,0
2040-10-30,64.2176,64.2176,64.2176,64.2176,41565000,0.00%,386347014,322637201014,2669204.54,0
2040-11-01,64.2176,64.2176,64.2176,64.2176,55513499,0.00%,330833514,322637201014,3564943.74,0
2040-11-02,64.2176,64.2176,64.2176,64.2176,52479000,0.00%,278354514,322637201014,3370075.43,0
2040-11-05,64.2176,64.2176,64.2176,64.2176,29554499,0.00%,248800014,322637201014,1897919.06,0
2040-11-06,64.2176,64.2176,64.2176,64.2176,38173500,0.00%,210626514,322637201014,2451410.55,0
2040-11-07,64.2176,64.2176,64.2176,64.2176,33940500,0.00%,176686014,322637201014,2179577.45,0
2040-11-08,64.2176,64.2176,64.2176,64.2176,33353999,0.00%,143332014,322637201014,2141913.83,0
2040-11-09,64.2176,64.2176,64.2176,64.2176,33940500,0.00%,109391514,322637201014,2179577.45,0
2040-11-12,64.2176,64.2176,64.2176,64.2176,37000500,0.00%,72391014,322637201014,2376083.31,0
2040-11-13,64.2176,64.2176,64.2176,64.2176,33379499,0.00%,39011514,322637201014,2143551.38,0
2040-11-14,64.2176,64.2176,64.2176,64.2176,34833000,0.00%,4178514,322637201014,2236891.66,0
2040-11-15,64.2176,64.2818,64.2818,64.2176,44115000,0.10%,470467425,323147604925,2835791.61,510403911
2040-11-16,64.2818,64.2818,64.2818,64.2818,50898000,0.00%,419569425,323147604925,3271815.06,0
2040-11-19,64.2818,64.2818,64.2818,64.2818,35164500,0.00%,384404925,323147604925,2260437.36,0
2040-11-20,64.2818,64.2818,64.2818,64.2818,47991000,0.00%,336413925,323147604925,3084947.86,0
2040-11-21,64.2818,64.2818,64.2818,64.2818,35598000,0.00%,300815925,323147604925,2288303.52,0
2040-11-22,64.2818,64.2818,64.2818,64.2818,35751000,0.00%,265064925,323147604925,2298138.63,0
2040-11-23,64.2818,64.2818,64.2818,64.2818,60511499,0.00%,204553425,323147604925,3889788.14,0
2040-11-26,64.2818,64.2818,64.2818,64.2818,57068999,0.00%,147484425,323147604925,3668498.04,0
2040-11-27,64.2818,64.2818,64.2818,64.2818,37944000,0.00%,109540425,323147604925,2439108.62,0
2040-11-28,64.2818,64.2818,64.2818,64.2818,36796500,0.00%,72743925,323147604925,2365345.25,0
2040-11-29,64.2818,64.2818,64.2818,64.2818,39499500,0.00%,33244425,323147604925,2539098.96,0
2040-11-30,64.2818,64.3461,64.3461,64.2818,33711000,0.10%,511848092,323659919592,2169171.38,512314667
2040-12-03,64.3461,64.3461,64.3461,64.3461,32231999,0.00%,479616092,323659919592,2074003.5,0
2040-12-04,64.3461,64.3461,64.3461,64.3461,29222999,0.00%,450393092,323659919592,1880386.08,0
2040-12-05,64.3461,64.3461,64.3461,64.3461,28049999,0.00%,422343092,323659919592,1804908.1,0
2040-12-06,64.3461,64.3461,64.3461,64.3461,39091500,0.00%,383251592,323659919592,2515385.57,0
2040-12-07,64.3461,64.3461,64.3461,64.3461,37332000,0.00%,345919592,323659919592,2402168.61,0
2040-12-10,64.3461,64.3461,64.3461,64.3461,34221000,0.00%,311698592,323659919592,2201987.89,0
2040-12-11,64.3461,64.3461,64.3461,64.3461,44446500,0.00%,267252092,323659919592,2859958.93,0
2040-12-12,64.3461,64.3461,64.3461,64.3461,37612500,0.00%,229639592,323659919592,2420217.69,0
2040-12-13,64.3461,64.3461,64.3461,64.3461,31823999,0.00%,197815592,323659919592,2047750.29,0
2040-12-14,64.3461,64.3461,64.3461,64.3461,45466500,0.00%,152349092,323659919592,2925591.96,0
2040-12-17,64.3461,64.3461,64.3461,64.3461,38683500,0.00%,113665592,323659919592,2489132.36,0
2040-12-18,64.3461,64.3461,64.3461,64.3461,40774500,0.00%,72891092,323659919592,2623680.05,0
2040-12-19,64.3461,64.3461,64.3461,64.3461,37791000,0.00%,35100092,323659919592,2431703.47,0
2040-12-20,64.3461,64.3461,64.3461,64.3461,25882500,0.00%,9217592,323659919592,1665437.93,0
2040-12-21,64.3461,64.4104,64.4104,64.3461,45313500,0.10%,460812086,324156827586,2918660.66,496907993
2040-12-24,64.4104,64.4104,64.4104,64.4104,35368500,0.00%,425443586,324156827586,2278099.23,0
2040-12-25,64.4104,64.4104,64.4104,64.4104,39831000,0.00%,385612586,324156827586,2565530.64,0
2040-12-26,64.4104,64.4104,64.4104,64.4104,18666000,0.00%,366946586,324156827586,1202284.53,0
2040-12-31,64.4104,64.4104,64.4104,64.4104,47175000,0.00%,319771586,324156827586,3038560.62,0
2041-01-01,64.4104,64.4104,64.4104,64.4104,35308000,0.00%,284463586,324156827586,2274202.4,0
2041-01-02,64.4104,64.4104,64.4104,64.4104,28184000,0.00%,256279586,324156827586,1815342.71,0
2041-01-04,64.4104,64.4104,64.4104,64.4104,42120000,0.00%,214159586,324156827586,2712966.05,0
2041-01-07,64.4104,64.4104,64.4104,64.4104,51870000,0.00%,162289586,324156827586,3340967.45,0
2041-01-08,64.4104,64.4104,64.4104,64.4104,62842000,0.00%,99447586,324156827586,4047678.36,0
2041-01-09,64.4104,64.4104,64.4104,64.4104,55588000,0.00%,43859586,324156827586,3580445.32,0
2041-01-10,64.4104,64.4748,64.4748,64.4104,48724000,0.10%,480761565,324642453565,3141470.16,485625978
2041-01-11,64.4748,64.4748,64.4748,64.4748,46306000,0.00%,434455565,324642453565,2985570.09,0
2041-01-14,64.4748,64.4748,64.4748,64.4748,71578000,0.00%,362877565,324642453565,4614977.23,0
2041-01-15,64.4748,64.4748,64.4748,64.4748,62946000,0.00%,299931565,324642453565,4058430.76,0
2041-01-16,64.4748,64.4748,64.4748,64.4748,74568000,0.00%,225363565,324642453565,4807756.89,0
2041-01-17,64.4748,64.4748,64.4748,64.4748,68094000,0.00%,157269565,324642453565,4390347.03,0
2041-01-18,64.4748,64.4748,64.4748,64.4748,53612000,0.00%,103657565,324642453565,3456622.98,0
2041-01-21,64.4748,64.4748,64.4748,64.4748,34398000,0.00%,69259565,324642453565,2217804.17,0
2041-01-22,64.4748,64.4748,64.4748,64.4748,63258000,0.00%,6001565,324642453565,4078546.9,0
2041-01-23,64.4748,64.5393,64.5393,64.4748,41600000,0.10%,455569064,325133621064,2684834.88,491167499
2041-01-24,64.5393,64.5393,64.5393,64.5393,70642000,0.00%,384927064,325133621064,4559185.23,0
2041-01-25,64.5393,64.5393,64.5393,64.5393,49868000,0.00%,335059064,325133621064,3218445.81,0
2041-01-28,64.5393,64.5393,64.5393,64.5393,45344000,0.00%,289715064,325133621064,2926470.02,0
2041-01-29,64.5393,64.5393,64.5393,64.5393,62114000,0.00%,227601064,325133621064,4008794.08,0
2041-01-30,64.5393,64.5393,64.5393,64.5393,66508000,0.00%,161093064,325133621064,4292379.76,0
2041-01-31,64.5393,64.5393,64.5393,64.5393,59670000,0.00%,101423064,325133621064,3851060.03,0
2041-02-01,64.5393,64.5393,64.5393,64.5393,55848000,0.00%,45575064,325133621064,3604390.83,0
2041-02-04,64.5393,64.6039,64.6039,64.5393,72618000,0.10%,466084393,325626748393,4691406.01,493127328
2041-02-05,64.6039,64.6039,64.6039,64.6039,169338000,0.00%,296746393,325626748393,10939895.22,0
2041-02-06,64.6039,64.6039,64.6039,64.6039,156962000,0.00%,139784393,325626748393,10140357.35,0
2041-02-07,64.6039,64.6685,64.6685,64.6039,206206000,0.10%,431608199,326124778199,13335032.71,498029805
2041-02-08,64.6685,64.6685,64.6685,64.6685,92040000,0.00%,339568199,326124778199,5952088.74,0
2041-02-11,64.6685,64.6685,64.6685,64.6685,68588000,0.00%,270980199,326124778199,4435483.08,0
2041-02-12,64.6685,64.6685,64.6685,64.6685,75946000,0.00%,195034199,326124778199,4911313.9,0
2041-02-13,64.6685,64.6685,64.6685,64.6685,61776000,0.00%,133258199,326124778199,3994961.26,0
2041-02-14,64.6685,64.6685,64.6685,64.6685,103454000,0.00%,29804199,326124778199,6690215.0,0
2041-02-15,64.6685,64.7331,64.7331,64.6685,69940000,0.10%,467598351,326632512351,4527433.01,507734152
2041-02-18,64.7331,64.7331,64.7331,64.7331,18772000,0.00%,448826351,326632512351,1215169.75,0
2041-02-22,64.7331,64.7331,64.7331,64.7331,55510000,0.00%,393316351,326632512351,3593334.38,0
2041-02-25,64.7331,64.7331,64.7331,64.7331,57564000,0.00%,335752351,326632512351,3726296.17,0
2041-02-26,64.7331,64.7331,64.7331,64.7331,93938000,0.00%,241814351,326632512351,6080897.95,0
2041-02-27,64.7331,64.7331,64.7331,64.7331,59384000,0.00%,182430351,326632512351,3844110.41,0
2041-02-28,64.7331,64.7331,64.7331,64.7331,66430000,0.00%,116000351,326632512351,4300219.83,0
2041-03-01,64.7331,64.7331,64.7331,64.7331,83798000,0.00%,32202351,326632512351,5424504.31,0
2041-03-04,64.7331,64.7979,64.7979,64.7331,80132000,0.10%,465585099,327146027099,5192385.32,513514747
2041-03-05,64.7979,64.7979,64.7979,64.7979,71162000,0.00%,394423099,327146027099,4611148.16,0
2041-03-06,64.7979,64.7979,64.7979,64.7979,85722000,0.00%,308701099,327146027099,5554605.58,0
2041-03-07,64.7979,64.7979,64.7979,64.7979,62296000,0.00%,246405099,327146027099,4036649.98,0
2041-03-08,64.7979,64.7979,64.7979,64.7979,78936000,0.00%,167469099,327146027099,5114887.03,0
2041-03-11,64.7979,64.7979,64.7979,64.7979,81588000,0.00%,85881099,327146027099,5286731.07,0
2041-03-12,64.7979,64.8627,64.8627,64.7979,150436000,0.10%,452627552,327663209552,9757685.14,517182453
2041-03-13,64.8627,64.8627,64.8627,64.8627,123812000,0.00%,328815552,327663209552,8030780.61,0
2041-03-14,64.8627,64.8627,64.8627,64.8627,51116000,0.00%,277699552,327663209552,3315521.77,0
2041-03-15,64.8627,64.8627,64.8627,64.8627,44668000,0.00%,233031552,327663209552,2897287.08,0
2041-03-18,64.8627,64.8627,64.8627,64.8627,62972000,0.00%,170059552,327663209552,4084533.94,0
2041-03-19,64.8627,64.8627,64.8627,64.8627,59462000,0.00%,110597552,327663209552,3856865.87,0
2041-03-20,64.8627,64.8627,64.8627,64.8627,55510000,0.00%,55087552,327663209552,3600528.48,0
2041-03-21,64.8627,64.9275,64.9275,64.8627,154518000,0.10%,422455406,328185095406,10032467.45,521885853
2041-03-22,64.9275,64.9275,64.9275,64.9275,64792000,0.00%,357663406,328185095406,4206782.58,0
2041-03-25,64.9275,64.9275,64.9275,64.9275,91312000,0.00%,266351406,328185095406,5928659.88,0
2041-03-26,64.9275,64.9275,64.9275,64.9275,76336000,0.00%,190015406,328185095406,4956305.64,0
2041-03-27,64.9275,64.9275,64.9275,64.9275,97110000,0.00%,92905406,328185095406,6305109.52,0
2041-03-28,64.9275,64.9275,64.9275,64.9275,58812000,0.00%,34093406,328185095406,3818516.13,0
2041-03-29,64.9275,64.9924,64.9924,64.9275,52910000,0.10%,511608861,328715520861,3438747.88,530425455
2041-04-01,64.9924,64.9924,64.9924,64.9924,73866000,0.00%,437742861,328715520861,4800728.62,0
2041-04-02,64.9924,64.9924,64.9924,64.9924,67080000,0.00%,370662861,328715520861,4359690.19,0
2041-04-03,64.9924,64.9924,64.9924,64.9924,55328000,0.00%,315334861,328715520861,3595899.51,0
2041-04-04,64.9924,64.9924,64.9924,64.9924,44278000,0.00%,271056861,328715520861,2877733.49,0
2041-04-10,64.9924,64.9924,64.9924,64.9924,85436000,0.00%,185620861,328715520861,5552690.69,0
2041-04-11,64.9924,64.9924,64.9924,64.9924,53872000,0.00%,131748861,328715520861,3501270.57,0
2041-04-12,64.9924,64.9924,64.9924,64.9924,53742000,0.00%,78006861,328715520861,3492821.56,0
2041-04-15,64.9924,64.9924,64.9924,64.9924,54964000,0.00%,23042861,328715520861,3572242.27,0
2041-04-16,64.9924,65.0574,65.0574,64.9924,46358000,0.10%,488722823,329227558823,3015930.95,512037962
2041-04-17,65.0574,65.0574,65.0574,65.0574,52754000,0.00%,435968823,329227558823,3432038.08,0
2041-04-18,65.0574,65.0574,65.0574,65.0574,58656000,0.00%,377312823,329227558823,3816006.85,0
2041-04-19,65.0574,65.0574,65.0574,65.0574,35750000,0.00%,341562823,329227558823,2325802.05,0
2041-04-22,65.0574,65.0574,65.0574,65.0574,60918000,0.00%,280644823,329227558823,3963166.69,0
2041-04-23,65.0574,65.0574,65.0574,65.0574,34086000,0.00%,246558823,329227558823,2217546.54,0
2041-04-24,65.0574,65.0574,65.0574,65.0574,60242000,0.00%,186316823,329227558823,3919187.89,0
2041-04-25,65.0574,65.0574,65.0574,65.0574,61100000,0.00%,125216823,329227558823,3975007.14,0
2041-04-26,65.0574,65.0574,65.0574,65.0574,48282000,0.00%,76934823,329227558823,3141101.39,0
2041-04-29,65.0574,65.1225,65.1225,65.0574,117130000,0.10%,469629370,329737383370,7627798.42,509824546
2041-04-30,65.1225,65.1225,65.1225,65.1225,67054000,0.00%,402575370,329737383370,4366724.12,0
2041-05-01,65.1225,65.1225,65.1225,65.1225,50232000,0.00%,352343370,329737383370,3271233.42,0
2041-05-02,65.1225,65.1225,65.1225,65.1225,99866000,0.00%,252477370,329737383370,6503523.58,0
2041-05-06,65.1225,65.1225,65.1225,65.1225,61776000,0.00%,190701370,329737383370,4023007.56,0
2041-05-07,65.1225,65.1225,65.1225,65.1225,33800000,0.00%,156901370,329737383370,2201140.5,0
2041-05-08,65.1225,65.1225,65.1225,65.1225,115362000,0.00%,41539370,329737383370,7512661.84,0
2041-05-09,65.1225,65.1876,65.1876,65.1225,106574000,0.10%,442891593,330245309593,6947303.28,507926222
2041-05-10,65.1876,65.1876,65.1876,65.1876,65546000,0.00%,377345593,330245309593,4272786.43,0
2041-05-13,65.1876,65.1876,65.1876,65.1876,72306000,0.00%,305039593,330245309593,4713454.61,0
2041-05-14,65.1876,65.1876,65.1876,65.1876,84422000,0.00%,220617593,330245309593,5503267.57,0
2041-05-15,65.1876,65.1876,65.1876,65.1876,69212000,0.00%,151405593,330245309593,4511764.17,0
2041-05-16,65.1876,65.1876,65.1876,65.1876,102284000,0.00%,49121593,330245309593,6667648.48,0
2041-05-17,65.1876,65.2528,65.2528,65.1876,68770000,0.10%,474310913,330739268913,4487435.06,493959319
2041-05-20,65.2528,65.2528,65.2528,65.2528,76700000,0.00%,397610913,330739268913,5004889.76,0
2041-05-21,65.2528,65.2528,65.2528,65.2528,87724000,0.00%,309886913,330739268913,5724236.63,0
2041-05-22,65.2528,65.2528,65.2528,65.2528,49218000,0.00%,260668913,330739268913,3211612.31,0
2041-05-23,65.2528,65.2528,65.2528,65.2528,103090000,0.00%,157578913,330739268913,6726911.15,0
2041-05-24,65.2528,65.2528,65.2528,65.2528,62400000,0.00%,95178913,330739268913,4071774.72,0
2041-05-28,65.2528,65.2528,65.2528,65.2528,85280000,0.00%,9898913,330739268913,5564758.78,0
2041-05-29,65.2528,65.3181,65.3181,65.2528,64636000,0.10%,432213042,331226219042,4221900.71,486950129
2041-05-30,65.3181,65.3181,65.3181,65.3181,109720000,0.00%,322493042,331226219042,7166701.93,0
2041-05-31,65.3181,65.3181,65.3181,65.3181,124826000,0.00%,197667042,331226219042,8153397.15,0
2041-06-03,65.3181,65.3181,65.3181,65.3181,91416000,0.00%,106251042,331226219042,5971119.43,0
2041-06-04,65.3181,65.3834,65.3834,65.3181,264862000,0.10%,325930577,331710760577,17317578.09,484541534
2041-06-05,65.3834,65.3834,65.3834,65.3834,127660000,0.00%,198270577,331710760577,8346844.84,0
2041-06-06,65.3834,65.3834,65.3834,65.3834,75530000,0.00%,122740577,331710760577,4938408.2,0
2041-06-07,65.3834,65.3834,65.3834,65.3834,82290000,0.00%,40450577,331710760577,5380399.99,0
2041-06-10,65.3834,65.4488,65.4488,65.3834,75452000,0.10%,456875288,332202637288,4938242.86,491876710
2041-06-11,65.4488,65.4488,65.4488,65.4488,97214000,0.00%,359661288,332202637288,6362539.64,0
2041-06-12,65.4488,65.4488,65.4488,65.4488,93054000,0.00%,266607288,332202637288,6090272.64,0
2041-06-13,65.4488,65.4488,65.4488,65.4488,74308000,0.00%,192299288,332202637288,4863369.43,0
2041-06-14,65.4488,65.4488,65.4488,65.4488,58058000,0.00%,134241288,332202637288,3799826.43,0
2041-06-17,65.4488,65.4488,65.4488,65.4488,51350000,0.00%,82891288,332202637288,3360795.88,0
2041-06-18,65.4488,65.4488,65.4488,65.4488,63232000,0.00%,19659288,332202637288,4138458.52,0
2041-06-19,65.4488,65.5142,65.5142,65.4488,44096000,0.10%,465928428,332693002428,2888914.16,490365140
2041-06-20,65.5142,65.5142,65.5142,65.5142,78312000,0.00%,387616428,332693002428,5130548.03,0
2041-06-24,65.5142,65.5142,65.5142,65.5142,82056000,0.00%,305560428,332693002428,5375833.2,0
2041-06-25,65.5142,65.5142,65.5142,65.5142,112944000,0.00%,192616428,332693002428,7399435.8,0
2041-06-26,65.5142,65.5142,65.5142,65.5142,103896000,0.00%,88720428,332693002428,6806663.32,0
2041-06-27,65.5142,65.5142,65.5142,65.5142,76622000,0.00%,12098428,332693002428,5019829.03,0
2041-06-28,65.5142,65.5797,65.5797,65.5142,82862000,0.10%,425758977,333189524977,5434065.1,496522548
2041-07-01,65.5797,65.5797,65.5797,65.5797,85982000,0.00%,339776977,333189524977,5638673.77,0
2041-07-02,65.5797,65.5797,65.5797,65.5797,101374000,0.00%,238402977,333189524977,6648076.51,0
2041-07-04,65.5797,65.5797,65.5797,65.5797,106366000,0.00%,132036977,333189524977,6975450.37,0
2041-07-05,65.5797,65.5797,65.5797,65.5797,64896000,0.00%,67140977,333189524977,4255860.21,0
2041-07-08,65.5797,65.6453,65.6453,65.5797,107900000,0.10%,444580811,333674864811,7083127.87,485339833
2041-07-09,65.6453,65.6453,65.6453,65.6453,144092000,0.00%,300488811,333674864811,9458962.57,0
2041-07-10,65.6453,65.6453,65.6453,65.6453,146328000,0.00%,154160811,333674864811,9605745.46,0
2041-07-11,65.6453,65.6453,65.6453,65.6453,110240000,0.00%,43920811,333674864811,7236737.87,0
2041-07-12,65.6453,65.7109,65.7109,65.6453,105144000,0.10%,430013348,334166101348,6909106.87,491236536
2041-07-15,65.7109,65.7109,65.7109,65.7109,79664000,0.00%,350349348,334166101348,5234793.14,0
2041-07-16,65.7109,65.7109,65.7109,65.7109,86138000,0.00%,264211348,334166101348,5660205.5,0
2041-07-17,65.7109,65.7109,65.7109,65.7109,51766000,0.00%,212445348,334166101348,3401590.45,0
2041-07-18,65.7109,65.7109,65.7109,65.7109,52468000,0.00%,159977348,334166101348,3447719.5,0
2041-07-19,65.7109,65.7109,65.7109,65.7109,38376000,0.00%,121601348,334166101348,2521721.5,0
2041-07-22,65.7109,65.7109,65.7109,65.7109,43966000,0.00%,77635348,334166101348,2889045.43,0
2041-07-23,65.7109,65.7109,65.7109,65.7109,51506000,0.00%,26129348,334166101348,3384505.62,0
2041-07-24,65.7109,65.7767,65.7767,65.7109,52780000,0.10%,467387976,334660139976,3471694.23,494038628
2041-07-25,65.7767,65.7767,65.7767,65.7767,40794000,0.00%,426593976,334660139976,2683294.7,0
2041-07-26,65.7767,65.7767,65.7767,65.7767,43576000,0.00%,383017976,334660139976,2866285.48,0
2041-07-29,65.7767,65.7767,65.7767,65.7767,213954000,0.00%,169063976,334660139976,14073188.07,0
2041-07-30,65.7767,65.8424,65.8424,65.7767,280878000,0.10%,386819346,335158773346,18493681.63,498633369
2041-07-31,65.8424,65.8424,65.8424,65.8424,293436000,0.00%,93383346,335158773346,19320530.49,0
2041-08-01,65.8424,65.9083,65.9083,65.8424,189540000,0.10%,415358634,335670288634,12492259.18,511515288
2041-08-02,65.9083,65.9083,65.9083,65.9083,105196000,0.00%,310162634,335670288634,6933289.53,0
2041-08-05,65.9083,65.9083,65.9083,65.9083,76570000,0.00%,233592634,335670288634,5046598.53,0
2041-08-06,65.9083,65.9742,65.9742,65.9083,306306000,0.10%,443699045,336186701045,20208293.31,516412410
2041-08-07,65.9742,65.9742,65.9742,65.9742,119860000,0.00%,323839045,336186701045,7907667.61,0
2041-08-08,65.9742,65.9742,65.9742,65.9742,152438000,0.00%,171401045,336186701045,10056975.1,0
2041-08-09,65.9742,65.9742,65.9742,65.9742,111670000,0.00%,59731045,336186701045,7367338.91,0
2041-08-12,65.9742,66.0402,66.0402,65.9742,106496000,0.10%,483655104,336717121104,7033017.14,530420058
2041-08-13,66.0402,66.0402,66.0402,66.0402,106288000,0.00%,377367104,336717121104,7019280.78,0
2041-08-14,66.0402,66.0402,66.0402,66.0402,52390000,0.00%,324977104,336717121104,3459846.08,0
2041-08-15,66.0402,66.0402,66.0402,66.0402,42510000,0.00%,282467104,336717121104,2807368.9,0
2041-08-16,66.0402,66.0402,66.0402,66.0402,68692000,0.00%,213775104,336717121104,4536433.42,0
2041-08-19,66.0402,66.0402,66.0402,66.0402,75452000,0.00%,138323104,336717121104,4982865.17,0
2041-08-20,66.0402,66.0402,66.0402,66.0402,112164000,0.00%,26159104,336717121104,7407332.99,0
2041-08-21,66.0402,66.1062,66.1062,66.0402,69160000,0.10%,494318272,337254440272,4571904.79,537319167
2041-08-22,66.1062,66.1062,66.1062,66.1062,132860000,0.00%,361458272,337254440272,8782869.73,0
2041-08-23,66.1062,66.1062,66.1062,66.1062,135564000,0.00%,225894272,337254440272,8961620.9,0
2041-08-26,66.1062,66.1062,66.1062,66.1062,116012000,0.00%,109882272,337254440272,7669112.47,0
2041-08-27,66.1062,66.1723,66.1723,66.1062,128752000,0.10%,526456471,337799766471,8519815.97,545326199
2041-08-28,66.1723,66.1723,66.1723,66.1723,107198000,0.00%,419258471,337799766471,7093538.22,0
2041-08-29,66.1723,66.1723,66.1723,66.1723,44980000,0.00%,374278471,337799766471,2976430.05,0
2041-08-30,66.1723,66.1723,66.1723,66.1723,60996000,0.00%,313282471,337799766471,4036245.61,0
2041-09-02,66.1723,66.1723,66.1723,66.1723,48048000,0.00%,265234471,337799766471,3179446.67,0
2041-09-03,66.1723,66.1723,66.1723,66.1723,135668000,0.00%,129566471,337799766471,8977463.6,0
2041-09-04,66.1723,66.1723,66.1723,66.1723,91780000,0.00%,37786471,337799766471,6073293.69,0
2041-09-05,66.1723,66.2385,66.2385,66.1723,105222000,0.10%,487385222,338354587222,6969747.45,554820750
2041-09-06,66.2385,66.2385,66.2385,66.2385,70564000,0.00%,416821222,338354587222,4674053.51,0
2041-09-09,66.2385,66.2385,66.2385,66.2385,69602000,0.00%,347219222,338354587222,4610332.08,0
2041-09-10,66.2385,66.2385,66.2385,66.2385,64896000,0.00%,282323222,338354587222,4298613.7,0
2041-09-11,66.2385,66.2385,66.2385,66.2385,85800000,0.00%,196523222,338354587222,5683263.3,0
2041-09-12,66.2385,66.2385,66.2385,66.2385,140634000,0.00%,55889222,338354587222,9315385.21,0
2041-09-13,66.2385,66.3047,66.3047,66.2385,92742000,0.10%,525831080,338917271080,6149230.49,562683857
2041-09-16,66.3047,66.3047,66.3047,66.3047,72332000,0.00%,453499080,338917271080,4795951.56,0
2041-09-17,66.3047,66.3047,66.3047,66.3047,51766000,0.00%,401733080,338917271080,3432329.1,0
2041-09-18,66.3047,66.3047,66.3047,66.3047,94042000,0.00%,307691080,338917271080,6235426.6,0
2041-09-19,66.3047,66.3047,66.3047,66.3047,63752000,0.00%,243939080,338917271080,4227057.23,0
2041-09-20,66.3047,66.3047,66.3047,66.3047,62348000,0.00%,181591080,338917271080,4133965.44,0
2041-09-23,66.3047,66.3047,66.3047,66.3047,40326000,0.00%,141265080,338917271080,2673803.33,0
2041-09-24,66.3047,66.3047,66.3047,66.3047,43056000,0.00%,98209080,338917271080,2854815.16,0
2041-09-26,66.3047,66.3047,66.3047,66.3047,57746000,0.00%,40463080,338917271080,3828831.21,0
2041-09-27,66.3047,66.371,66.371,66.3047,43316000,0.10%,565719730,339485843730,2874926.24,568572649
2041-09-30,66.371,66.371,66.371,66.371,46722000,0.00%,518997730,339485843730,3100985.86,0
2041-10-01,66.371,66.371,66.371,66.371,54470000,0.00%,464527730,339485843730,3615228.37,0
2041-10-02,66.371,66.371,66.371,66.371,47450000,0.00%,417077730,339485843730,3149303.95,0
2041-10-03,66.371,66.371,66.371,66.371,45084000,0.00%,371993730,339485843730,2992270.16,0
2041-10-07,66.371,66.371,66.371,66.371,30472000,0.00%,341521730,339485843730,2022457.11,0
2041-10-08,66.371,66.371,66.371,66.371,30888000,0.00%,310633730,339485843730,2050067.45,0
2041-10-09,66.371,66.371,66.371,66.371,28210000,0.00%,282423730,339485843730,1872325.91,0
2041-10-10,66.371,66.371,66.371,66.371,37830000,0.00%,244593730,339485843730,2510814.93,0
2041-10-11,66.371,66.371,66.371,66.371,77506000,0.00%,167087730,339485843730,5144150.73,0
2041-10-14,66.371,66.371,66.371,66.371,68120000,0.00%,98967730,339485843730,4521192.52,0
2041-10-15,66.371,66.371,66.371,66.371,42770000,0.00%,56197730,339485843730,2838687.67,0
2041-10-18,66.371,66.4374,66.4374,66.371,75738000,0.10%,547192398,340052576398,5031835.8,566732667
2041-10-21,66.4374,66.4374,66.4374,66.4374,53898000,0.00%,493294398,340052576398,3580842.99,0
2041-10-22,66.4374,66.4374,66.4374,66.4374,40118000,0.00%,453176398,340052576398,2665335.61,0
2041-10-23,66.4374,66.4374,66.4374,66.4374,85072000,0.00%,368104398,340052576398,5651962.49,0
2041-10-24,66.4374,66.4374,66.4374,66.4374,43368000,0.00%,324736398,340052576398,2881257.16,0
2041-10-25,66.4374,66.4374,66.4374,66.4374,33124000,0.00%,291612398,340052576398,2200672.44,0
2041-10-28,66.4374,66.4374,66.4374,66.4374,31876000,0.00%,259736398,340052576398,2117758.56,0
2041-10-29,66.4374,66.4374,66.4374,66.4374,39806000,0.00%,219930398,340052576398,2644607.14,0
2041-10-30,66.4374,66.4374,66.4374,66.4374,48672000,0.00%,171258398,340052576398,3233641.13,0
2041-10-31,66.4374,66.4374,66.4374,66.4374,35542000,0.00%,135716398,340052576398,2361318.07,0
2041-11-01,66.4374,66.4374,66.4374,66.4374,42744000,0.00%,92972398,340052576398,2839800.23,0
2041-11-04,66.4374,66.4374,66.4374,66.4374,58890000,0.00%,34082398,340052576398,3912498.49,0
2041-11-05,66.4374,66.5038,66.5038,66.4374,85826000,0.10%,516493722,340620813722,5707755.14,568237324
2041-11-06,66.5038,66.5038,66.5038,66.5038,50336000,0.00%,466157722,340620813722,3347535.28,0
2041-11-07,66.5038,66.5038,66.5038,66.5038,42744000,0.00%,423413722,340620813722,2842638.43,0
2041-11-08,66.5038,66.5038,66.5038,66.5038,52052000,0.00%,371361722,340620813722,3461655.8,0
2041-11-11,66.5038,66.5038,66.5038,66.5038,58084000,0.00%,313277722,340620813722,3862806.72,0
2041-11-12,66.5038,66.5038,66.5038,66.5038,35386000,0.00%,277891722,340620813722,2353303.47,0
2041-11-13,66.5038,66.5038,66.5038,66.5038,79612000,0.00%,198279722,340620813722,5294500.53,0
2041-11-14,66.5038,66.5038,66.5038,66.5038,93704000,0.00%,104575722,340620813722,6231672.08,0
2041-11-15,66.5038,66.5038,66.5038,66.5038,61958000,0.00%,42617722,340620813722,4120442.44,0
2041-11-18,66.5038,66.5703,66.5703,66.5038,50414000,0.10%,562249804,341190859804,3356075.1,570046082
2041-11-19,66.5703,66.5703,66.5703,66.5703,73476000,0.00%,488773804,341190859804,4891319.36,0
2041-11-20,66.5703,66.5703,66.5703,66.5703,55744000,0.00%,433029804,341190859804,3710894.8,0
2041-11-21,66.5703,66.5703,66.5703,66.5703,50232000,0.00%,382797804,341190859804,3343959.31,0
2041-11-22,66.5703,66.5703,66.5703,66.5703,39546000,0.00%,343251804,341190859804,2632589.08,0
2041-11-25,66.5703,66.5703,66.5703,66.5703,38194000,0.00%,305057804,341190859804,2542586.04,0
2041-11-26,66.5703,66.5703,66.5703,66.5703,48698000,0.00%,256359804,341190859804,3241840.47,0
2041-11-27,66.5703,66.5703,66.5703,66.5703,67652000,0.00%,188707804,341190859804,4503613.94,0
2041-11-28,66.5703,66.5703,66.5703,66.5703,44044000,0.00%,144663804,341190859804,2932022.29,0
2041-11-29,66.5703,66.5703,66.5703,66.5703,85514000,0.00%,59149804,341190859804,5692692.63,0
2041-12-02,66.5703,66.5703,66.5703,66.5703,50726000,0.00%,8423804,341190859804,3376845.04,0
2041-12-03,66.5703,66.6369,66.6369,66.5703,92534000,0.10%,487662916,341762632916,6166178.9,571773111
2041-12-04,66.6369,66.6369,66.6369,66.6369,52884000,0.00%,434778916,341762632916,3524025.82,0
2041-12-05,66.6369,66.6369,66.6369,66.6369,46072000,0.00%,388706916,341762632916,3070095.26,0
2041-12-06,66.6369,66.6369,66.6369,66.6369,58500000,0.00%,330206916,341762632916,3898258.65,0
2041-12-09,66.6369,66.6369,66.6369,66.6369,80496000,0.00%,249710916,341762632916,5364003.9,0
2041-12-10,66.6369,66.6369,66.6369,66.6369,60424000,0.00%,189286916,341762632916,4026468.05,0
2041-12-11,66.6369,66.6369,66.6369,66.6369,39442000,0.00%,149844916,341762632916,2628292.61,0
2041-12-12,66.6369,66.6369,66.6369,66.6369,34710000,0.00%,115134916,341762632916,2312966.8,0
2041-12-13,66.6369,66.6369,66.6369,66.6369,39598000,0.00%,75536916,341762632916,2638687.97,0
2041-12-16,66.6369,66.6369,66.6369,66.6369,57824000,0.00%,17712916,341762632916,3853212.11,0
2041-12-17,66.6369,66.7035,66.7035,66.6369,35490000,0.10%,555843351,342336253351,2367307.21,573620435
2041-12-18,66.7035,66.7035,66.7035,66.7035,34762000,0.00%,521081351,342336253351,2318747.07,0
2041-12-19,66.7035,66.7035,66.7035,66.7035,54678000,0.00%,466403351,342336253351,3647213.97,0
2041-12-20,66.7035,66.7035,66.7035,66.7035,73528000,0.00%,392875351,342336253351,4904574.95,0
2041-12-23,66.7035,66.7035,66.7035,66.7035,53066000,0.00%,339809351,342336253351,3539687.93,0
2041-12-24,66.7035,66.7035,66.7035,66.7035,44798000,0.00%,295011351,342336253351,2988183.39,0
2041-12-25,66.7035,66.7035,66.7035,66.7035,35984000,0.00%,259027351,342336253351,2400258.74,0
2041-12-26,66.7035,66.7035,66.7035,66.7035,85670000,0.00%,173357351,342336253351,5714488.85,0
2041-12-27,66.7035,66.7035,66.7035,66.7035,24726000,0.00%,148631351,342336253351,1649310.74,0
2041-12-31,66.7035,66.7035,66.7035,66.7035,49270000,0.00%,99361351,342336253351,3286481.45,0
2042-01-01,66.7035,66.7035,66.7035,66.7035,25413500,0.00%,73947851,342336253351,1695169.4,0
2042-01-02,66.7035,66.7035,66.7035,66.7035,20299000,0.00%,53648851,342336253351,1354014.35,0
2042-01-03,66.7035,66.7035,66.7035,66.7035,26182000,0.00%,27466851,342336253351,1746431.04,0
2042-01-06,66.7035,66.7035,66.7035,66.7035,15953000,0.00%,11513851,342336253351,1064120.94,0
2042-01-07,66.7035,66.7702,66.7702,66.7035,35934000,0.10%,547377867,342908051367,2399320.37,571798015
2042-01-08,66.7702,66.7702,66.7702,66.7702,84614500,0.00%,462763367,342908051367,5649727.09,0
2042-01-09,66.7702,66.7702,66.7702,66.7702,59333500,0.00%,403429867,342908051367,3961709.66,0
2042-01-10,66.7702,66.7702,66.7702,66.7702,55146500,0.00%,348283367,342908051367,3682142.83,0
2042-01-13,66.7702,66.7702,66.7702,66.7702,51834000,0.00%,296449367,342908051367,3460966.55,0
2042-01-14,66.7702,66.7702,66.7702,66.7702,43486500,0.00%,252962867,342908051367,2903602.3,0
2042-01-15,66.7702,66.7702,66.7702,66.7702,74915500,0.00%,178047367,342908051367,5002122.92,0
2042-01-16,66.7702,66.7702,66.7702,66.7702,48521500,0.00%,129525867,342908051367,3239790.26,0
2042-01-17,66.7702,66.7702,66.7702,66.7702,36358000,0.00%,93167867,342908051367,2427630.93,0
2042-01-20,66.7702,66.7702,66.7702,66.7702,33602000,0.00%,59565867,342908051367,2243612.26,0
2042-01-21,66.7702,66.837,66.837,66.7702,62381000,0.10%,572993669,343483860169,4169358.9,575808801
2042-01-22,66.837,66.837,66.837,66.837,46348500,0.00%,526645169,343483860169,3097794.69,0
2042-01-23,66.837,66.837,66.837,66.837,78281000,0.00%,448364169,343483860169,5232067.2,0
2042-01-24,66.837,66.837,66.837,66.837,71073000,0.00%,377291169,343483860169,4750306.1,0
2042-01-27,66.837,66.837,66.837,66.837,38902000,0.00%,338389169,343483860169,2600092.97,0
2042-01-28,66.837,66.837,66.837,66.837,66250000,0.00%,272139169,343483860169,4427951.25,0
2042-01-29,66.837,66.837,66.837,66.837,57293000,0.00%,214846169,343483860169,3829292.24,0
2042-01-30,66.837,66.837,66.837,66.837,54351500,0.00%,160494669,343483860169,3632691.21,0
2042-01-31,66.837,66.837,66.837,66.837,39829500,0.00%,120665169,343483860169,2662084.29,0
2042-02-03,66.837,66.837,66.837,66.837,30289500,0.00%,90375669,343483860169,2024459.31,0
2042-02-07,66.837,66.837,66.837,66.837,42214500,0.00%,48161169,343483860169,2821490.54,0
2042-02-10,66.837,66.837,66.837,66.837,40757000,0.00%,7404169,343483860169,2724075.61,0
2042-02-11,66.837,66.9039,66.9039,66.837,49687500,0.10%,537678258,344063821758,3324287.53,579961589
2042-02-12,66.9039,66.9039,66.9039,66.9039,61930500,0.00%,475747758,344063821758,4143391.98,0
2042-02-13,66.9039,66.9039,66.9039,66.9039,49846500,0.00%,425901258,344063821758,3334925.25,0
2042-02-14,66.9039,66.9039,66.9039,66.9039,41128000,0.00%,384773258,344063821758,2751623.6,0
2042-02-17,66.9039,66.9039,66.9039,66.9039,34079000,0.00%,350694258,344063821758,2280018.01,0
2042-02-18,66.9039,66.9039,66.9039,66.9039,36808500,0.00%,313885758,344063821758,2462632.2,0
2042-02-19,66.9039,66.9039,66.9039,66.9039,32356500,0.00%,281529258,344063821758,2164776.04,0
2042-02-20,66.9039,66.9039,66.9039,66.9039,34238000,0.00%,247291258,344063821758,2290655.73,0
2042-02-21,66.9039,66.9039,66.9039,66.9039,63679500,0.00%,183611758,344063821758,4260406.9,0
2042-02-24,66.9039,66.9039,66.9039,66.9039,122006000,0.00%,61605758,344063821758,8162677.22,0
2042-02-25,66.9039,66.9708,66.9708,66.9039,80984000,0.10%,563355593,344646555593,5423563.27,582733834
2042-02-26,66.9708,66.9708,66.9708,66.9708,53636000,0.00%,509719593,344646555593,3592045.83,0
2042-02-27,66.9708,66.9708,66.9708,66.9708,90020500,0.00%,419699093,344646555593,6028744.9,0
2042-02-28,66.9708,66.9708,66.9708,66.9708,67654500,0.00%,352044593,344646555593,4530875.99,0
2042-03-03,66.9708,66.9708,66.9708,66.9708,71152500,0.00%,280892093,344646555593,4765139.85,0
2042-03-04,66.9708,66.9708,66.9708,66.9708,51171500,0.00%,229720593,344646555593,3426996.29,0
2042-03-05,66.9708,66.9708,66.9708,66.9708,37126500,0.00%,192594093,344646555593,2486391.41,0
2042-03-06,66.9708,66.9708,66.9708,66.9708,52655500,0.00%,139938593,344646555593,3526380.96,0
2042-03-07,66.9708,66.9708,66.9708,66.9708,110107500,0.00%,29831093,344646555593,7373987.36,0
2042-03-10,66.9708,67.0377,67.0377,66.9708,105682000,0.10%,515030193,345237436693,7084678.21,590881100
2042-03-11,67.0377,67.0377,67.0377,67.0377,85489000,0.00%,429541193,345237436693,5730985.94,0
2042-03-12,67.0377,67.0377,67.0377,67.0377,88006500,0.00%,341534693,345237436693,5899753.35,0
2042-03-13,67.0377,67.0377,67.0377,67.0377,63759000,0.00%,277775693,345237436693,4274256.71,0
2042-03-14,67.0377,67.0377,67.0377,67.0377,128366000,0.00%,149409693,345237436693,8605361.4,0
2042-03-17,67.0377,67.1048,67.1048,67.0377,177311500,0.10%,570390615,345835729115,11898452.75,598292421
2042-03-18,67.1048,67.1048,67.1048,67.1048,313760000,0.00%,256630615,345835729115,21054802.05,0
2042-03-19,67.1048,67.1719,67.1719,67.1048,285511000,0.10%,580222805,346444832305,19178316.34,609103189
2042-03-20,67.1719,67.1719,67.1719,67.1719,184678500,0.00%,395544305,346444832305,12405205.73,0
2042-03-21,67.1719,67.1719,67.1719,67.1719,99931500,0.00%,295612805,346444832305,6712588.72,0
2042-03-24,67.1719,67.1719,67.1719,67.1719,81355000,0.00%,214257805,346444832305,5464769.92,0
2042-03-25,67.1719,67.1719,67.1719,67.1719,82176500,0.00%,132081305,346444832305,5519951.64,0
2042-03-26,67.1719,67.1719,67.1719,67.1719,111989000,0.00%,20092305,346444832305,7522513.91,0
2042-03-27,67.1719,67.239,67.239,67.1719,124364500,0.10%,521984429,347071088929,8362144.62,626256624
2042-03-28,67.239,67.239,67.239,67.239,101495000,0.00%,420489429,347071088929,6824422.31,0
2042-03-31,67.239,67.239,67.239,67.239,71364500,0.00%,349124929,347071088929,4798477.62,0
2042-04-01,67.239,67.239,67.239,67.239,55385000,0.00%,293739929,347071088929,3724032.02,0
2042-04-02,67.239,67.239,67.239,67.239,71417500,0.00%,222322429,347071088929,4802041.28,0
2042-04-03,67.239,67.239,67.239,67.239,38663500,0.00%,183658929,347071088929,2599695.08,0
2042-04-04,67.239,67.239,67.239,67.239,38425000,0.00%,145233929,347071088929,2583658.58,0
2042-04-07,67.239,67.239,67.239,67.239,41525500,0.00%,103708429,347071088929,2792133.09,0
2042-04-09,67.239,67.239,67.239,67.239,45394500,0.00%,58313929,347071088929,3052280.79,0
2042-04-10,67.239,67.239,67.239,67.239,42055500,0.00%,16258429,347071088929,2827769.76,0
2042-04-11,67.239,67.3063,67.3063,67.239,51940000,0.10%,590968608,347697739108,3495889.22,626650178
2042-04-14,67.3063,67.3063,67.3063,67.3063,60393500,0.00%,530575108,347697739108,4064863.03,0
2042-04-15,67.3063,67.3063,67.3063,67.3063,69986500,0.00%,460588608,347697739108,4710532.36,0
2042-04-16,67.3063,67.3063,67.3063,67.3063,57346000,0.00%,403242608,347697739108,3859747.08,0
2042-04-17,67.3063,67.3063,67.3063,67.3063,40174000,0.00%,363068608,347697739108,2703963.3,0
2042-04-22,67.3063,67.3063,67.3063,67.3063,47011000,0.00%,316057608,347697739108,3164136.47,0
2042-04-23,67.3063,67.3063,67.3063,67.3063,28752500,0.00%,287305108,347697739108,1935224.39,0
2042-04-24,67.3063,67.3063,67.3063,67.3063,68211000,0.00%,219094108,347697739108,4591030.03,0
2042-04-25,67.3063,67.3063,67.3063,67.3063,74279500,0.00%,144814608,347697739108,4999478.31,0
2042-04-28,67.3063,67.3063,67.3063,67.3063,68343500,0.00%,76471108,347697739108,4599948.11,0
2042-04-29,67.3063,67.3063,67.3063,67.3063,72318500,0.00%,4152608,347697739108,4867490.66,0
2042-04-30,67.3063,67.3736,67.3736,67.3063,62036500,0.10%,568714457,348324337457,4179622.34,626598349
2042-05-01,67.3736,67.3736,67.3736,67.3736,56259500,0.00%,512454957,348324337457,3790405.05,0
2042-05-02,67.3736,67.3736,67.3736,67.3736,125795500,0.00%,386659457,348324337457,8475295.7,0
2042-05-06,67.3736,67.3736,67.3736,67.3736,67760500,0.00%,318898957,348324337457,4565268.82,0
2042-05-07,67.3736,67.3736,67.3736,67.3736,37365000,0.00%,281533957,348324337457,2517414.56,0
2042-05-08,67.3736,67.3736,67.3736,67.3736,56683500,0.00%,224850457,348324337457,3818971.46,0
2042-05-09,67.3736,67.3736,67.3736,67.3736,60738000,0.00%,164112457,348324337457,4092137.72,0
2042-05-13,67.3736,67.3736,67.3736,67.3736,75260000,0.00%,88852457,348324337457,5070537.14,0
2042-05-14,67.3736,67.3736,67.3736,67.3736,64527500,0.00%,24324957,348324337457,4347449.97,0
2042-05-15,67.3736,67.441,67.441,67.3736,53053000,0.10%,586566867,348939632367,3577947.37,615294910
2042-05-16,67.441,67.441,67.441,67.441,51648500,0.00%,534918367,348939632367,3483226.49,0
2042-05-19,67.441,67.441,67.441,67.441,41234000,0.00%,493684367,348939632367,2780862.19,0
2042-05-20,67.441,67.441,67.441,67.441,79818000,0.00%,413866367,348939632367,5383005.74,0
2042-05-21,67.441,67.441,67.441,67.441,75101000,0.00%,338765367,348939632367,5064886.54,0
2042-05-22,67.441,67.441,67.441,67.441,159397500,0.00%,179367867,348939632367,10749926.8,0
2042-05-23,67.441,67.441,67.441,67.441,75074500,0.00%,104293367,348939632367,5063099.35,0
2042-05-26,67.441,67.441,67.441,67.441,45129500,0.00%,59163867,348939632367,3043578.61,0
2042-05-27,67.441,67.441,67.441,67.441,52205000,0.00%,6958867,348939632367,3520757.41,0
2042-05-28,67.441,67.5084,67.5084,67.441,57107500,0.10%,566050785,349555831785,3855235.95,616199417
2042-05-29,67.5084,67.5084,67.5084,67.5084,49025000,0.00%,517025785,349555831785,3309599.31,0
2042-05-30,67.5084,67.5084,67.5084,67.5084,55014000,0.00%,462011785,349555831785,3713907.12,0
2042-06-02,67.5084,67.5084,67.5084,67.5084,59095000,0.00%,402916785,349555831785,3989408.9,0
2042-06-03,67.5084,67.5084,67.5084,67.5084,171614000,0.00%,231302785,349555831785,11585386.56,0
2042-06-04,67.5084,67.5084,67.5084,67.5084,71338000,0.00%,159964785,349555831785,4815914.24,0
2042-06-05,67.5084,67.5084,67.5084,67.5084,37577000,0.00%,122387785,349555831785,2536763.15,0
2042-06-09,67.5084,67.5084,67.5084,67.5084,63335000,0.00%,59052785,349555831785,4275644.51,0
2042-06-10,67.5084,67.5759,67.5759,67.5084,71788500,0.10%,599951750,350168519250,4851172.5,612687464
2042-06-11,67.5759,67.5759,67.5759,67.5759,125822000,0.00%,474129750,350168519250,8502534.89,0
2042-06-12,67.5759,67.5759,67.5759,67.5759,103747500,0.00%,370382250,350168519250,7010830.69,0
2042-06-13,67.5759,67.5759,67.5759,67.5759,78864000,0.00%,291518250,350168519250,5329305.78,0
2042-06-16,67.5759,67.5759,67.5759,67.5759,66091000,0.00%,225427250,350168519250,4466158.81,0
2042-06-17,67.5759,67.5759,67.5759,67.5759,43221500,0.00%,182205750,350168519250,2920731.76,0
2042-06-18,67.5759,67.5759,67.5759,67.5759,56286000,0.00%,125919750,350168519250,3803577.11,0
2042-06-19,67.5759,67.5759,67.5759,67.5759,58671000,0.00%,67248750,350168519250,3964745.63,0
2042-06-20,67.5759,67.5759,67.5759,67.5759,51622000,0.00%,15626750,350168519250,3488403.11,0
2042-06-23,67.5759,67.6435,67.6435,67.5759,30846000,0.10%,595466845,350779205345,2086531.4,610686095
2042-06-24,67.6435,67.6435,67.6435,67.6435,39776500,0.00%,555690345,350779205345,2690621.68,0
2042-06-25,67.6435,67.6435,67.6435,67.6435,36331500,0.00%,519358845,350779205345,2457589.82,0
2042-06-26,67.6435,67.6435,67.6435,67.6435,33443000,0.00%,485915845,350779205345,2262201.57,0
2042-06-27,67.6435,67.6435,67.6435,67.6435,48230000,0.00%,437685845,350779205345,3262446.01,0
2042-06-30,67.6435,67.6435,67.6435,67.6435,152110000,0.00%,285575845,350779205345,10289252.79,0
2042-07-01,67.6435,67.6435,67.6435,67.6435,155263500,0.00%,130312345,350779205345,10502566.56,0
2042-07-02,67.6435,67.6435,67.6435,67.6435,92697000,0.00%,37615345,350779205345,6270349.52,0
2042-07-03,67.6435,67.7111,67.7111,67.6435,88483500,0.10%,562291038,351392364538,5991315.12,613159192
2042-07-07,67.7111,67.7111,67.7111,67.7111,101919000,0.00%,460372038,351392364538,6901047.6,0
2042-07-08,67.7111,67.7111,67.7111,67.7111,51648500,0.00%,408723538,351392364538,3497176.75,0
2042-07-09,67.7111,67.7111,67.7111,67.7111,65773000,0.00%,342950538,351392364538,4453562.18,0
2042-07-10,67.7111,67.7111,67.7111,67.7111,50323500,0.00%,292627038,351392364538,3407459.54,0
2042-07-11,67.7111,67.7111,67.7111,67.7111,49687500,0.00%,242939538,351392364538,3364395.28,0
2042-07-14,67.7111,67.7111,67.7111,67.7111,54590000,0.00%,188349538,351392364538,3696348.95,0
2042-07-15,67.7111,67.7111,67.7111,67.7111,45871500,0.00%,142478038,351392364538,3106009.72,0
2042-07-16,67.7111,67.7111,67.7111,67.7111,45394500,0.00%,97083538,351392364538,3073711.53,0
2042-07-17,67.7111,67.7111,67.7111,67.7111,44440500,0.00%,52643038,351392364538,3009115.14,0
2042-07-18,67.7111,67.7788,67.7788,67.7111,69774500,0.10%,598028556,352007524556,4729231.88,615160018
2042-07-21,67.7788,67.7788,67.7788,67.7788,53980500,0.00%,544048056,352007524556,3658733.51,0
2042-07-22,67.7788,67.7788,67.7788,67.7788,33549000,0.00%,510499056,352007524556,2273910.96,0
2042-07-23,67.7788,67.7788,67.7788,67.7788,42347000,0.00%,468152056,352007524556,2870228.84,0
2042-07-24,67.7788,67.7788,67.7788,67.7788,50641500,0.00%,417510556,352007524556,3432420.1,0
2042-07-25,67.7788,67.7788,67.7788,67.7788,39962000,0.00%,377548556,352007524556,2708576.41,0
2042-07-28,67.7788,67.7788,67.7788,67.7788,44652500,0.00%,332896056,352007524556,3026492.87,0
2042-07-29,67.7788,67.7788,67.7788,67.7788,36729000,0.00%,296167056,352007524556,2489447.55,0
2042-07-30,67.7788,67.7788,67.7788,67.7788,52523000,0.00%,243644056,352007524556,3559945.91,0
2042-07-31,67.7788,67.7788,67.7788,67.7788,40677500,0.00%,202966556,352007524556,2757072.14,0
2042-08-01,67.7788,67.7788,67.7788,67.7788,98553500,0.00%,104413056,352007524556,6679837.97,0
2042-08-04,67.7788,67.8466,67.8466,67.7788,105973500,0.10%,604859656,352613944656,7189941.67,606420099
2042-08-05,67.8466,67.8466,67.8466,67.8466,113128500,0.00%,491731156,352613944656,7675384.09,0
2042-08-06,67.8466,67.8466,67.8466,67.8466,72610000,0.00%,419121156,352613944656,4926341.63,0
2042-08-07,67.8466,67.8466,67.8466,67.8466,52443500,0.00%,366677656,352613944656,3558113.17,0
2042-08-08,67.8466,67.8466,67.8466,67.8466,43566000,0.00%,323111656,352613944656,2955804.98,0
2042-08-11,67.8466,67.8466,67.8466,67.8466,39882500,0.00%,283229156,352613944656,2705892.02,0
2042-08-12,67.8466,67.8466,67.8466,67.8466,37603500,0.00%,245625656,352613944656,2551269.62,0
2042-08-13,67.8466,67.8466,67.8466,67.8466,40704000,0.00%,204921656,352613944656,2761628.01,0
2042-08-14,67.8466,67.8466,67.8466,67.8466,39379000,0.00%,165542656,352613944656,2671731.26,0
2042-08-15,67.8466,67.8466,67.8466,67.8466,29097000,0.00%,136445656,352613944656,1974132.52,0
2042-08-18,67.8466,67.8466,67.8466,67.8466,30793000,0.00%,105652656,352613944656,2089200.35,0
2042-08-19,67.8466,67.8466,67.8466,67.8466,62354500,0.00%,43298156,352613944656,4230540.82,0
2042-08-20,67.8466,67.9145,67.9145,67.8466,46693000,0.10%,593825820,353211165320,3171131.75,597220663
2042-08-21,67.9145,67.9145,67.9145,67.9145,85356500,0.00%,508469320,353211165320,5796944.02,0
2042-08-22,67.9145,67.9145,67.9145,67.9145,61665500,0.00%,446803820,353211165320,4187981.6,0
2042-08-25,67.9145,67.9145,67.9145,67.9145,39167000,0.00%,407636820,353211165320,2660007.22,0
2042-08-26,67.9145,67.9145,67.9145,67.9145,35854500,0.00%,371782320,353211165320,2435040.44,0
2042-08-27,67.9145,67.9145,67.9145,67.9145,34582500,0.00%,337199820,353211165320,2348653.2,0
2042-08-28,67.9145,67.9145,67.9145,67.9145,51516000,0.00%,285683820,353211165320,3498683.38,0
2042-08-29,67.9145,67.9145,67.9145,67.9145,49237000,0.00%,236446820,353211165320,3343906.24,0
2042-09-01,67.9145,67.9145,67.9145,67.9145,32833500,0.00%,203613320,353211165320,2229870.74,0
2042-09-02,67.9145,67.9145,67.9145,67.9145,37206000,0.00%,166407320,353211165320,2526826.89,0
2042-09-03,67.9145,67.9145,67.9145,67.9145,69456500,0.00%,96950820,353211165320,4717103.47,0
2042-09-04,67.9145,67.9145,67.9145,67.9145,63414500,0.00%,33536320,353211165320,4306764.06,0
2042-09-05,67.9145,67.9824,67.9824,67.9145,67548500,0.10%,548344573,353793522073,4592109.15,582356752
2042-09-08,67.9824,67.9824,67.9824,67.9824,53980500,0.00%,494364073,353793522073,3669723.94,0
2042-09-09,67.9824,67.9824,67.9824,67.9824,43009500,0.00%,451354573,353793522073,2923889.03,0
2042-09-10,67.9824,67.9824,67.9824,67.9824,40227000,0.00%,411127573,353793522073,2734728.0,0
2042-09-11,67.9824,67.9824,67.9824,67.9824,62460500,0.00%,348667073,353793522073,4246214.7,0
2042-09-12,67.9824,67.9824,67.9824,67.9824,45474000,0.00%,303193073,353793522073,3091431.66,0
2042-09-16,67.9824,67.9824,67.9824,67.9824,45500500,0.00%,257692573,353793522073,3093233.19,0
2042-09-17,67.9824,67.9824,67.9824,67.9824,47673500,0.00%,210019073,353793522073,3240958.95,0
2042-09-18,67.9824,67.9824,67.9824,67.9824,35298000,0.00%,174721073,353793522073,2399642.76,0
2042-09-19,67.9824,67.9824,67.9824,67.9824,66091000,0.00%,108630073,353793522073,4493024.8,0
2042-09-22,67.9824,67.9824,67.9824,67.9824,60738000,0.00%,47892073,353793522073,4129115.01,0
2042-09-23,67.9824,67.9824,67.9824,67.9824,40121000,0.00%,7771073,353793522073,2727521.87,0
2042-09-24,67.9824,68.0504,68.0504,67.9824,42638500,0.10%,535720849,354364110349,2901566.98,570588276
2042-09-25,68.0504,68.0504,68.0504,68.0504,46481000,0.00%,489239849,354364110349,3163050.64,0
2042-09-26,68.0504,68.0504,68.0504,68.0504,52125500,0.00%,437114349,354364110349,3547161.13,0
2042-09-29,68.0504,68.0504,68.0504,68.0504,65322500,0.00%,371791849,354364110349,4445222.25,0
2042-09-30,68.0504,68.0504,68.0504,68.0504,60234500,0.00%,311557349,354364110349,4098981.82,0
2042-10-01,68.0504,68.0504,68.0504,68.0504,58724000,0.00%,252833349,354364110349,3996191.69,0
2042-10-02,68.0504,68.0504,68.0504,68.0504,53424000,0.00%,199409349,354364110349,3635524.57,0
2042-10-03,68.0504,68.0504,68.0504,68.0504,59519000,0.00%,139890349,354364110349,4050291.76,0
2042-10-06,68.0504,68.0504,68.0504,68.0504,37073500,0.00%,102816849,354364110349,2522866.5,0
2042-10-08,68.0504,68.0504,68.0504,68.0504,48071000,0.00%,54745849,354364110349,3271250.78,0
2042-10-09,68.0504,68.0504,68.0504,68.0504,27480500,0.00%,27265349,354364110349,1870059.02,0
2042-10-10,68.0504,68.0504,68.0504,68.0504,26447000,0.00%,818349,354364110349,1799728.93,0
2042-10-13,68.0504,68.1184,68.1184,68.0504,41552000,0.10%,519650909,354924494909,2830455.76,560384560
2042-10-14,68.1184,68.1184,68.1184,68.1184,56498000,0.00%,463152909,354924494909,3848553.36,0
2042-10-15,68.1184,68.1184,68.1184,68.1184,84879500,0.00%,378273409,354924494909,5781855.73,0
2042-10-16,68.1184,68.1184,68.1184,68.1184,58724000,0.00%,319549409,354924494909,4000184.92,0
2042-10-17,68.1184,68.1184,68.1184,68.1184,83369000,0.00%,236180409,354924494909,5678962.89,0
2042-10-20,68.1184,68.1184,68.1184,68.1184,69748000,0.00%,166432409,354924494909,4751122.16,0
2042-10-21,68.1184,68.1184,68.1184,68.1184,58644500,0.00%,107787909,354924494909,3994769.51,0
2042-10-22,68.1184,68.1184,68.1184,68.1184,55544000,0.00%,52243909,354924494909,3783568.41,0
2042-10-23,68.1184,68.1865,68.1865,68.1184,130936500,0.10%,462001811,355465189311,8928101.66,540694401
2042-10-24,68.1865,68.1865,68.1865,68.1865,70357500,0.00%,391644311,355465189311,4797431.67,0
2042-10-27,68.1865,68.1865,68.1865,68.1865,225435500,0.00%,166208811,355465189311,15371657.72,0
2042-10-28,68.1865,68.2547,68.2547,68.1865,193503000,0.10%,509686398,356002169898,13207489.21,536980587
2042-10-29,68.2547,68.2547,68.2547,68.2547,133427500,0.00%,376258898,356002169898,9107053.98,0
2042-10-30,68.2547,68.2547,68.2547,68.2547,113208000,0.00%,263050898,356002169898,7726978.08,0
2042-10-31,68.2547,68.2547,68.2547,68.2547,108199500,0.00%,154851398,356002169898,7385124.41,0
2042-11-03,68.2547,68.2547,68.2547,68.2547,131201500,0.00%,23649898,356002169898,8955119.02,0
2042-11-04,68.2547,68.323,68.323,68.2547,206276000,0.10%,362149030,356546945030,14093395.15,544775131
2042-11-05,68.323,68.323,68.323,68.323,93147500,0.00%,269001530,356546945030,6364116.64,0
2042-11-06,68.323,68.323,68.323,68.323,81169500,0.00%,187832030,356546945030,5545743.75,0
2042-11-07,68.323,68.323,68.323,68.323,177974000,0.00%,9858030,356546945030,12159717.6,0
2042-11-10,68.323,68.3913,68.3913,68.323,116547000,0.10%,444967844,357098601844,7970800.84,551656814
2042-11-11,68.3913,68.3913,68.3913,68.3913,62381000,0.00%,382586844,357098601844,4266317.69,0
2042-11-12,68.3913,68.3913,68.3913,68.3913,83899000,0.00%,298687844,357098601844,5737961.68,0
2042-11-13,68.3913,68.3913,68.3913,68.3913,61639000,0.00%,237048844,357098601844,4215571.34,0
2042-11-14,68.3913,68.3913,68.3913,68.3913,140476500,0.00%,96572344,357098601844,9607370.45,0
2042-11-17,68.3913,68.4597,68.4597,68.3913,128260000,0.10%,516098964,357646388464,8780641.12,547786619
2042-11-18,68.4597,68.4597,68.4597,68.4597,167215000,0.00%,348883964,357646388464,11447488.74,0
2042-11-19,68.4597,68.4597,68.4597,68.4597,163743500,0.00%,185140464,357646388464,11209830.89,0
2042-11-20,68.4597,68.4597,68.4597,68.4597,185023000,0.00%,117464,357646388464,12666619.07,0
2042-11-21,68.4597,68.5281,68.5281,68.4597,118614000,0.10%,439569207,358204454207,8128392.05,558065742
2042-11-24,68.5281,68.5281,68.5281,68.5281,82971500,0.00%,356597707,358204454207,5685879.25,0
2042-11-25,68.5281,68.5281,68.5281,68.5281,75419000,0.00%,281178707,358204454207,5168320.77,0
2042-11-26,68.5281,68.5281,68.5281,68.5281,61957000,0.00%,219221707,358204454207,4245795.49,0
2042-11-27,68.5281,68.5281,68.5281,68.5281,45500500,0.00%,173721207,358204454207,3118062.81,0
2042-11-28,68.5281,68.5281,68.5281,68.5281,82998000,0.00%,90723207,358204454207,5687695.24,0
2042-12-01,68.5281,68.5281,68.5281,68.5281,88775000,0.00%,1948207,358204454207,6083582.08,0
2042-12-02,68.5281,68.5967,68.5967,68.5281,87821000,0.10%,470631474,358760958474,6024230.79,556504267
2042-12-03,68.5967,68.5967,68.5967,68.5967,123569500,0.00%,347061974,358760958474,8476459.92,0
2042-12-04,68.5967,68.5967,68.5967,68.5967,120707500,0.00%,226354474,358760958474,8280136.17,0
2042-12-05,68.5967,68.5967,68.5967,68.5967,66488500,0.00%,159865974,358760958474,4560891.69,0
2042-12-08,68.5967,68.5967,68.5967,68.5967,158549500,0.00%,1316474,358760958474,10875972.49,0
2042-12-09,68.5967,68.6653,68.6653,68.5967,77009000,0.10%,486242587,359322893587,5287846.09,561935112
2042-12-10,68.6653,68.6653,68.6653,68.6653,108941500,0.00%,377301087,359322893587,7480500.78,0
2042-12-11,68.6653,68.6653,68.6653,68.6653,90338500,0.00%,286962587,359322893587,6203120.2,0
2042-12-12,68.6653,68.6653,68.6653,68.6653,107060000,0.00%,179902587,359322893587,7351307.02,0
2042-12-15,68.6653,68.6653,68.6653,68.6653,54351500,0.00%,125551087,359322893587,3732062.05,0
2042-12-16,68.6653,68.6653,68.6653,68.6653,53821500,0.00%,71729587,359322893587,3695669.44,0
2042-12-17,68.6653,68.6653,68.6653,68.6653,64236000,0.00%,7493587,359322893587,4410784.21,0
2042-12-18,68.6653,68.7339,68.7339,68.6653,50244000,0.10%,525264213,359890908213,3453466.07,568014625
2042-12-19,68.7339,68.7339,68.7339,68.7339,66594500,0.00%,458669713,359890908213,4577299.7,0
2042-12-22,68.7339,68.7339,68.7339,68.7339,65985000,0.00%,392684713,359890908213,4535406.39,0
2042-12-23,68.7339,68.7339,68.7339,68.7339,77009000,0.00%,315675713,359890908213,5293128.91,0
2042-12-24,68.7339,68.7339,68.7339,68.7339,40598000,0.00%,275077713,359890908213,2790458.87,0
2042-12-25,68.7339,68.7339,68.7339,68.7339,64262500,0.00%,210815213,359890908213,4417012.25,0
2042-12-26,68.7339,68.7339,68.7339,68.7339,41075000,0.00%,169740213,359890908213,2823244.94,0
2042-12-31,68.7339,68.7339,68.7339,68.7339,64103500,0.00%,105636713,359890908213,4406083.56,0
2043-01-01,68.7339,68.7339,68.7339,68.7339,81243000,0.00%,24393713,359890908213,5584148.24,0
2043-01-02,68.7339,68.8027,68.8027,68.7339,73467000,0.10%,523186625,360463168125,5054727.96,572259912
2043-01-06,68.8027,68.8027,68.8027,68.8027,80892000,0.00%,442294625,360463168125,5565588.01,0
2043-01-07,68.8027,68.8027,68.8027,68.8027,101061000,0.00%,341233625,360463168125,6953269.66,0
2043-01-08,68.8027,68.8027,68.8027,68.8027,110160000,0.00%,231073625,360463168125,7579305.43,0
2043-01-09,68.8027,68.8027,68.8027,68.8027,73143000,0.00%,157930625,360463168125,5032435.89,0
2043-01-12,68.8027,68.8027,68.8027,68.8027,76464000,0.00%,81466625,360463168125,5260929.65,0
2043-01-13,68.8027,68.8027,68.8027,68.8027,53595000,0.00%,27871625,360463168125,3687480.71,0
2043-01-14,68.8027,68.8715,68.8715,68.8027,96444000,0.10%,509633207,361041373707,6642242.95,578205582
2043-01-15,68.8715,68.8715,68.8715,68.8715,109485000,0.00%,400148207,361041373707,7540396.18,0
2043-01-16,68.8715,68.8715,68.8715,68.8715,56619000,0.00%,343529207,361041373707,3899435.46,0
2043-01-19,68.8715,68.8715,68.8715,68.8715,53973000,0.00%,289556207,361041373707,3717201.47,0
2043-01-20,68.8715,68.8715,68.8715,68.8715,43470000,0.00%,246086207,361041373707,2993844.11,0
2043-01-21,68.8715,68.8715,68.8715,68.8715,73224000,0.00%,172862207,361041373707,5043046.72,0
2043-01-22,68.8715,68.8715,68.8715,68.8715,46845000,0.00%,126017207,361041373707,3226285.42,0
2043-01-23,68.8715,68.8715,68.8715,68.8715,45522000,0.00%,80495207,361041373707,3135168.42,0
2043-01-29,68.8715,68.8715,68.8715,68.8715,64071000,0.00%,16424207,361041373707,4412665.88,0
2043-01-30,68.8715,68.9403,68.9403,68.8715,50301000,0.10%,548257718,361623508218,3467766.03,582134510
2043-02-02,68.9403,68.9403,68.9403,68.9403,144801000,0.00%,403456718,361623508218,9982624.38,0
2043-02-03,68.9403,68.9403,68.9403,68.9403,150552000,0.00%,252904718,361623508218,10379100.05,0
2043-02-04,68.9403,68.9403,68.9403,68.9403,84834000,0.00%,168070718,361623508218,5848481.41,0
2043-02-05,68.9403,68.9403,68.9403,68.9403,64152000,0.00%,103918718,361623508218,4422658.13,0
2043-02-06,68.9403,68.9403,68.9403,68.9403,70038000,0.00%,33880718,361623508218,4828440.73,0
2043-02-09,68.9403,69.0093,69.0093,68.9403,69093000,0.10%,552233788,362210954288,4768059.56,587446070
2043-02-10,69.0093,69.0093,69.0093,69.0093,53460000,0.00%,498773788,362210954288,3689237.18,0
2043-02-11,69.0093,69.0093,69.0093,69.0093,46629000,0.00%,452144788,362210954288,3217834.65,0
2043-02-12,69.0093,69.0093,69.0093,69.0093,71982000,0.00%,380162788,362210954288,4967427.43,0
2043-02-13,69.0093,69.0093,69.0093,69.0093,66447000,0.00%,313715788,362210954288,4585460.96,0
2043-02-16,69.0093,69.0093,69.0093,69.0093,54972000,0.00%,258743788,362210954288,3793579.24,0
2043-02-17,69.0093,69.0093,69.0093,69.0093,48411000,0.00%,210332788,362210954288,3340809.22,0
2043-02-18,69.0093,69.0093,69.0093,69.0093,44550000,0.00%,165782788,362210954288,3074364.31,0
2043-02-19,69.0093,69.0093,69.0093,69.0093,59157000,0.00%,106625788,362210954288,4082383.16,0
2043-02-20,69.0093,69.0093,69.0093,69.0093,47844000,0.00%,58781788,362210954288,3301680.95,0
2043-02-23,69.0093,69.0093,69.0093,69.0093,33237000,0.00%,25544788,362210954288,2293662.1,0
2043-02-24,69.0093,69.0783,69.0783,69.0093,79137000,0.10%,532679637,362797226137,5466649.43,586271848
2043-02-25,69.0783,69.0783,69.0783,69.0783,89505000,0.00%,443174637,362797226137,6182853.24,0
2043-02-26,69.0783,69.0783,69.0783,69.0783,52461000,0.00%,390713637,362797226137,3623916.7,0
2043-02-27,69.0783,69.0783,69.0783,69.0783,65934000,0.00%,324779637,362797226137,4554608.63,0
2043-03-02,69.0783,69.0783,69.0783,69.0783,55296000,0.00%,269483637,362797226137,3819753.68,0
2043-03-03,69.0783,69.0783,69.0783,69.0783,70227000,0.00%,199256637,362797226137,4851161.77,0
2043-03-04,69.0783,69.0783,69.0783,69.0783,96147000,0.00%,103109637,362797226137,6641671.31,0
2043-03-05,69.0783,69.0783,69.0783,69.0783,39960000,0.00%,63149637,362797226137,2760368.87,0
2043-03-06,69.0783,69.0783,69.0783,69.0783,48006000,0.00%,15143637,362797226137,3316172.87,0
2043-03-09,69.0783,69.1474,69.1474,69.0783,34101000,0.10%,571026586,363387210086,2357995.49,589983949
2043-03-10,69.1474,69.1474,69.1474,69.1474,46008000,0.00%,525018586,363387210086,3181333.58,0
2043-03-11,69.1474,69.1474,69.1474,69.1474,57267000,0.00%,467751586,363387210086,3959864.16,0
2043-03-12,69.1474,69.1474,69.1474,69.1474,46629000,0.00%,421122586,363387210086,3224274.11,0
2043-03-13,69.1474,69.1474,69.1474,69.1474,101520000,0.00%,319602586,363387210086,7019844.05,0
2043-03-16,69.1474,69.1474,69.1474,69.1474,73251000,0.00%,246351586,363387210086,5065116.2,0
2043-03-17,69.1474,69.1474,69.1474,69.1474,57564000,0.00%,188787586,363387210086,3980400.93,0
2043-03-18,69.1474,69.1474,69.1474,69.1474,44739000,0.00%,144048586,363387210086,3093585.53,0
2043-03-19,69.1474,69.1474,69.1474,69.1474,64071000,0.00%,79977586,363387210086,4430343.07,0
2043-03-20,69.1474,69.1474,69.1474,69.1474,78381000,0.00%,1596586,363387210086,5419842.36,0
2043-03-23,69.1474,69.2165,69.2165,69.1474,55188000,0.10%,539664109,363980465609,3819920.2,593255522
2043-03-24,69.2165,69.2165,69.2165,69.2165,57456000,0.00%,482208109,363980465609,3976903.22,0
2043-03-25,69.2165,69.2165,69.2165,69.2165,53055000,0.00%,429153109,363980465609,3672281.41,0
2043-03-26,69.2165,69.2165,69.2165,69.2165,126495000,0.00%,302658109,363980465609,8755541.17,0
2043-03-27,69.2165,69.2165,69.2165,69.2165,89694000,0.00%,212964109,363980465609,6208304.75,0
2043-03-30,69.2165,69.2165,69.2165,69.2165,69660000,0.00%,143304109,363980465609,4821621.39,0
2043-03-31,69.2165,69.2165,69.2165,69.2165,84618000,0.00%,58686109,363980465609,5856961.8,0
2043-04-01,69.2165,69.2857,69.2857,69.2165,97470000,0.10%,561951220,364581200720,6753277.18,600735111
2043-04-02,69.2857,69.2857,69.2857,69.2857,68148000,0.00%,493803220,364581200720,4721681.88,0
2043-04-03,69.2857,69.2857,69.2857,69.2857,70092000,0.00%,423711220,364581200720,4856373.28,0
2043-04-06,69.2857,69.2857,69.2857,69.2857,50679000,0.00%,373032220,364581200720,3511329.99,0
2043-04-07,69.2857,69.2857,69.2857,69.2857,38475000,0.00%,334557220,364581200720,2665767.31,0
2043-04-09,69.2857,69.2857,69.2857,69.2857,40365000,0.00%,294192220,364581200720,2796717.28,0
2043-04-14,69.2857,69.2857,69.2857,69.2857,59211000,0.00%,234981220,364581200720,4102475.58,0
2043-04-15,69.2857,69.2857,69.2857,69.2857,109269000,0.00%,125712220,364581200720,7570779.15,0
2043-04-16,69.2857,69.2857,69.2857,69.2857,67392000,0.00%,58320220,364581200720,4669301.89,0
2043-04-17,69.2857,69.2857,69.2857,69.2857,34398000,0.00%,23922220,364581200720,2383289.51,0
2043-04-20,69.2857,69.355,69.355,69.2857,42417000,0.10%,585256540,365184952040,2941831.04,603751319
2043-04-21,69.355,69.355,69.355,69.355,36963000,0.00%,548293540,365184952040,2563568.87,0
2043-04-22,69.355,69.355,69.355,69.355,43956000,0.00%,504337540,365184952040,3048568.38,0
2043-04-23,69.355,69.355,69.355,69.355,28431000,0.00%,475906540,365184952040,1971832.01,0
2043-04-24,69.355,69.355,69.355,69.355,44604000,0.00%,431302540,365184952040,3093510.42,0
2043-04-27,69.355,69.355,69.355,69.355,55269000,0.00%,376033540,365184952040,3833181.5,0
2043-04-28,69.355,69.355,69.355,69.355,56565000,0.00%,319468540,365184952040,3923065.58,0
2043-04-29,69.355,69.355,69.355,69.355,67554000,0.00%,251914540,365184952040,4685207.67,0
2043-04-30,69.355,69.355,69.355,69.355,39852000,0.00%,212062540,365184952040,2763935.46,0
2043-05-01,69.355,69.355,69.355,69.355,41553000,0.00%,170509540,365184952040,2881908.31,0
2043-05-05,69.355,69.355,69.355,69.355,23355000,0.00%,147154540,365184952040,1619786.03,0
2043-05-06,69.355,69.355,69.355,69.355,28485000,0.00%,118669540,365184952040,1975577.18,0
2043-05-07,69.355,69.355,69.355,69.355,47466000,0.00%,71203540,365184952040,3292004.43,0
2043-05-08,69.355,69.355,69.355,69.355,39987000,0.00%,31216540,365184952040,2773298.39,0
2043-05-11,69.355,69.355,69.355,69.355,28944000,0.00%,2272540,365184952040,2007411.12,0
2043-05-12,69.355,69.4244,69.4244,69.355,63558000,0.10%,540139988,365786377488,4412476.02,601425447
2043-05-13,69.4244,69.4244,69.4244,69.4244,42039000,0.00%,498100988,365786377488,2918532.35,0
2043-05-14,69.4244,69.4244,69.4244,69.4244,47439000,0.00%,450661988,365786377488,3293424.11,0
2043-05-15,69.4244,69.4244,69.4244,69.4244,48573000,0.00%,402088988,365786377488,3372151.38,0
2043-05-18,69.4244,69.4244,69.4244,69.4244,64098000,0.00%,337990988,365786377488,4449965.19,0
2043-05-19,69.4244,69.4244,69.4244,69.4244,38124000,0.00%,299866988,365786377488,2646735.83,0
2043-05-20,69.4244,69.4244,69.4244,69.4244,52812000,0.00%,247054988,365786377488,3666441.41,0
2043-05-21,69.4244,69.4244,69.4244,69.4244,92907000,0.00%,154147988,365786377488,6450012.73,0
2043-05-22,69.4244,69.4244,69.4244,69.4244,61263000,0.00%,92884988,365786377488,4253147.02,0
2043-05-25,69.4244,69.4244,69.4244,69.4244,54108000,0.00%,38776988,365786377488,3756415.44,0
2043-05-26,69.4244,69.4938,69.4938,69.4244,40554000,0.10%,596943708,366385098208,2818251.57,598720720
2043-05-27,69.4938,69.4938,69.4938,69.4938,36585000,0.00%,560358708,366385098208,2542430.67,0
2043-05-28,69.4938,69.4938,69.4938,69.4938,70281000,0.00%,490077708,366385098208,4884093.76,0
2043-06-01,69.4938,69.4938,69.4938,69.4938,77868000,0.00%,412209708,366385098208,5411343.22,0
2043-06-02,69.4938,69.4938,69.4938,69.4938,58698000,0.00%,353511708,366385098208,4079147.07,0
2043-06-03,69.4938,69.4938,69.4938,69.4938,86751000,0.00%,266760708,366385098208,6028656.64,0
2043-06-04,69.4938,69.4938,69.4938,69.4938,61965000,0.00%,204795708,366385098208,4306183.32,0
2043-06-05,69.4938,69.4938,69.4938,69.4938,86562000,0.00%,118233708,366385098208,6015522.32,0
2043-06-08,69.4938,69.4938,69.4938,69.4938,53703000,0.00%,64530708,366385098208,3732025.54,0
2043-06-09,69.4938,69.4938,69.4938,69.4938,45090000,0.00%,19440708,366385098208,3133475.44,0
2043-06-10,69.4938,69.5633,69.5633,69.4938,49275000,0.10%,554134967,366969067467,3427731.61,583969258
2043-06-11,69.5633,69.5633,69.5633,69.5633,35451000,0.00%,518683967,366969067467,2466088.55,0
2043-06-12,69.5633,69.5633,69.5633,69.5633,43686000,0.00%,474997967,366969067467,3038942.32,0
2043-06-15,69.5633,69.5633,69.5633,69.5633,36423000,0.00%,438574967,366969067467,2533704.08,0
2043-06-16,69.5633,69.5633,69.5633,69.5633,62424000,0.00%,376150967,366969067467,4342419.44,0
2043-06-17,69.5633,69.5633,69.5633,69.5633,59616000,0.00%,316534967,366969067467,4147085.69,0
2043-06-18,69.5633,69.5633,69.5633,69.5633,67527000,0.00%,249007967,366969067467,4697400.96,0
2043-06-19,69.5633,69.5633,69.5633,69.5633,96795000,0.00%,152212967,366969067467,6733379.62,0
2043-06-22,69.5633,69.5633,69.5633,69.5633,54729000,0.00%,97483967,366969067467,3807129.85,0
2043-06-23,69.5633,69.5633,69.5633,69.5633,43956000,0.00%,53527967,366969067467,3057724.41,0
2043-06-24,69.5633,69.5633,69.5633,69.5633,52110000,0.00%,1417967,366969067467,3624943.56,0
2043-06-26,69.5633,69.6329,69.6329,69.5633,37530000,0.10%,529843781,367535023281,2613322.74,565955814
2043-06-29,69.6329,69.6329,69.6329,69.6329,49032000,0.00%,480811781,367535023281,3414240.35,0
2043-06-30,69.6329,69.6329,69.6329,69.6329,47223000,0.00%,433588781,367535023281,3288274.44,0
2043-07-01,69.6329,69.6329,69.6329,69.6329,42903000,0.00%,390685781,367535023281,2987460.31,0
2043-07-02,69.6329,69.6329,69.6329,69.6329,36504000,0.00%,354181781,367535023281,2541879.38,0
2043-07-03,69.6329,69.6329,69.6329,69.6329,43740000,0.00%,310441781,367535023281,3045743.05,0
2043-07-06,69.6329,69.6329,69.6329,69.6329,38340000,0.00%,272101781,367535023281,2669725.39,0
2043-07-07,69.6329,69.6329,69.6329,69.6329,25488000,0.00%,246613781,367535023281,1774803.36,0
2043-07-08,69.6329,69.6329,69.6329,69.6329,26622000,0.00%,219991781,367535023281,1853767.06,0
2043-07-09,69.6329,69.6329,69.6329,69.6329,53406000,0.00%,166585781,367535023281,3718814.66,0
2043-07-10,69.6329,69.6329,69.6329,69.6329,58320000,0.00%,108265781,367535023281,4060990.73,0
2043-07-13,69.6329,69.6329,69.6329,69.6329,46683000,0.00%,61582781,367535023281,3250672.67,0
2043-07-14,69.6329,69.6329,69.6329,69.6329,33372000,0.00%,28210781,367535023281,2323789.14,0
2043-07-15,69.6329,69.7025,69.7025,69.6329,45495000,0.10%,546662265,368098969765,3171115.24,563946484
2043-07-16,69.7025,69.7025,69.7025,69.7025,73764000,0.00%,472898265,368098969765,5141535.21,0
2043-07-17,69.7025,69.7025,69.7025,69.7025,57267000,0.00%,415631265,368098969765,3991653.07,0
2043-07-21,69.7025,69.7025,69.7025,69.7025,78705000,0.00%,336926265,368098969765,5485935.26,0
2043-07-22,69.7025,69.7025,69.7025,69.7025,59157000,0.00%,277769265,368098969765,4123390.79,0
2043-07-23,69.7025,69.7025,69.7025,69.7025,44712000,0.00%,233057265,368098969765,3116538.18,0
2043-07-24,69.7025,69.7025,69.7025,69.7025,31968000,0.00%,201089265,368098969765,2228249.52,0
2043-07-27,69.7025,69.7025,69.7025,69.7025,47115000,0.00%,153974265,368098969765,3284033.29,0
2043-07-28,69.7025,69.7025,69.7025,69.7025,78840000,0.00%,75134265,368098969765,5495345.1,0
2043-07-29,69.7025,69.7025,69.7025,69.7025,40338000,0.00%,34796265,368098969765,2811659.44,0
2043-07-30,69.7025,69.7722,69.7722,69.7025,36855000,0.10%,559002369,368660030869,2571454.43,561061103
2043-07-31,69.7722,69.7722,69.7722,69.7722,60048000,0.00%,498954369,368660030869,4189681.07,0
2043-08-03,69.7722,69.7722,69.7722,69.7722,99360000,0.00%,399594369,368660030869,6932565.79,0
2043-08-04,69.7722,69.7722,69.7722,69.7722,63288000,0.00%,336306369,368660030869,4415742.99,0
2043-08-05,69.7722,69.7722,69.7722,69.7722,56808000,0.00%,279498369,368660030869,3963619.14,0
2043-08-06,69.7722,69.7722,69.7722,69.7722,44982000,0.00%,234516369,368660030869,3138493.1,0
2043-08-07,69.7722,69.7722,69.7722,69.7722,51570000,0.00%,182946369,368660030869,3598152.35,0
2043-08-10,69.7722,69.7722,69.7722,69.7722,25596000,0.00%,157350369,368660030869,1785889.23,0
2043-08-11,69.7722,69.7722,69.7722,69.7722,41526000,0.00%,115824369,368660030869,2897360.38,0
2043-08-12,69.7722,69.7722,69.7722,69.7722,32184000,0.00%,83640369,368660030869,2245548.48,0
2043-08-13,69.7722,69.7722,69.7722,69.7722,30213000,0.00%,53427369,368660030869,2108027.48,0
2043-08-14,69.7722,69.7722,69.7722,69.7722,33210000,0.00%,20217369,368660030869,2317134.76,0
2043-08-17,69.7722,69.842,69.842,69.7722,42525000,0.10%,532341604,369214680104,2970031.05,554649234
2043-08-18,69.842,69.842,69.842,69.842,29133000,0.00%,503208604,369214680104,2034706.99,0
2043-08-19,69.842,69.842,69.842,69.842,44496000,0.00%,458712604,369214680104,3107689.63,0
2043-08-20,69.842,69.842,69.842,69.842,77814000,0.00%,380898604,369214680104,5434685.39,0
2043-08-21,69.842,69.842,69.842,69.842,48897000,0.00%,332001604,369214680104,3415064.27,0
2043-08-24,69.842,69.842,69.842,69.842,69390000,0.00%,262611604,369214680104,4846336.38,0
2043-08-25,69.842,69.842,69.842,69.842,66636000,0.00%,195975604,369214680104,4653991.51,0
2043-08-26,69.842,69.842,69.842,69.842,46548000,0.00%,149427604,369214680104,3251005.42,0
2043-08-27,69.842,69.842,69.842,69.842,60318000,0.00%,89109604,369214680104,4212729.76,0
2043-08-28,69.842,69.842,69.842,69.842,33858000,0.00%,55251604,369214680104,2364710.44,0
2043-08-31,69.842,69.842,69.842,69.842,52380000,0.00%,2871604,369214680104,3658323.96,0
2043-09-01,69.842,69.9118,69.9118,69.842,41526000,0.10%,507942640,369761277140,2903157.41,546597036
2043-09-02,69.9118,69.9118,69.9118,69.9118,41013000,0.00%,466929640,369761277140,2867292.65,0
2043-09-03,69.9118,69.9118,69.9118,69.9118,134298000,0.00%,332631640,369761277140,9389014.92,0
2043-09-07,69.9118,69.9118,69.9118,69.9118,83025000,0.00%,249606640,369761277140,5804427.2,0
2043-09-08,69.9118,69.9118,69.9118,69.9118,35775000,0.00%,213831640,369761277140,2501094.65,0
2043-09-09,69.9118,69.9118,69.9118,69.9118,44523000,0.00%,169308640,369761277140,3112683.07,0
2043-09-10,69.9118,69.9118,69.9118,69.9118,45144000,0.00%,124164640,369761277140,3156098.3,0
2043-09-14,69.9118,69.9118,69.9118,69.9118,50787000,0.00%,73377640,369761277140,3550610.59,0
2043-09-15,69.9118,69.9118,69.9118,69.9118,28080000,0.00%,45297640,369761277140,1963123.34,0
2043-09-16,69.9118,69.9118,69.9118,69.9118,28782000,0.00%,16515640,369761277140,2012201.43,0
2043-09-17,69.9118,69.9817,69.9817,69.9118,27405000,0.10%,538314435,370310480935,1917848.49,549203795
2043-09-18,69.9817,69.9817,69.9817,69.9817,51894000,0.00%,486420435,370310480935,3631630.34,0
2043-09-21,69.9817,69.9817,69.9817,69.9817,39798000,0.00%,446622435,370310480935,2785131.7,0
2043-09-22,69.9817,69.9817,69.9817,69.9817,42066000,0.00%,404556435,370310480935,2943850.19,0
2043-09-23,69.9817,69.9817,69.9817,69.9817,36882000,0.00%,367674435,370310480935,2581065.06,0
2043-09-24,69.9817,69.9817,69.9817,69.9817,51624000,0.00%,316050435,370310480935,3612735.28,0
2043-09-25,69.9817,69.9817,69.9817,69.9817,57348000,0.00%,258702435,370310480935,4013310.53,0
2043-09-28,69.9817,69.9817,69.9817,69.9817,49437000,0.00%,209265435,370310480935,3459685.3,0
2043-09-29,69.9817,69.9817,69.9817,69.9817,42984000,0.00%,166281435,370310480935,3008093.39,0
2043-09-30,69.9817,69.9817,69.9817,69.9817,38340000,0.00%,127941435,370310480935,2683098.38,0
2043-10-01,69.9817,69.9817,69.9817,69.9817,42120000,0.00%,85821435,370310480935,2947629.2,0
2043-10-02,69.9817,69.9817,69.9817,69.9817,30375000,0.00%,55446435,370310480935,2125694.14,0
2043-10-06,69.9817,69.9817,69.9817,69.9817,40824000,0.00%,14622435,370310480935,2856932.92,0
2043-10-07,69.9817,70.0517,70.0517,69.9817,29538000,0.10%,522608165,370848004665,2069187.11,537523729
2043-10-08,70.0517,70.0517,70.0517,70.0517,29160000,0.00%,493448165,370848004665,2042707.57,0
2043-10-09,70.0517,70.0517,70.0517,70.0517,29916000,0.00%,463532165,370848004665,2095666.66,0
2043-10-12,70.0517,70.0517,70.0517,70.0517,30780000,0.00%,432752165,370848004665,2156191.33,0
2043-10-13,70.0517,70.0517,70.0517,70.0517,44415000,0.00%,388337165,370848004665,3111346.26,0
2043-10-14,70.0517,70.0517,70.0517,70.0517,44334000,0.00%,344003165,370848004665,3105672.07,0
2043-10-15,70.0517,70.0517,70.0517,70.0517,36315000,0.00%,307688165,370848004665,2543927.49,0
2043-10-16,70.0517,70.0517,70.0517,70.0517,36099000,0.00%,271589165,370848004665,2528796.32,0
2043-10-19,70.0517,70.0517,70.0517,70.0517,33615000,0.00%,237974165,370848004665,2354787.9,0
2043-10-20,70.0517,70.0517,70.0517,70.0517,24840000,0.00%,213134165,370848004665,1740084.23,0
2043-10-21,70.0517,70.0517,70.0517,70.0517,32400000,0.00%,180734165,370848004665,2269675.08,0
2043-10-22,70.0517,70.0517,70.0517,70.0517,46494000,0.00%,134240165,370848004665,3256983.74,0
2043-10-23,70.0517,70.0517,70.0517,70.0517,51867000,0.00%,82373165,370848004665,3633371.52,0
2043-10-27,70.0517,70.0517,70.0517,70.0517,58374000,0.00%,23999165,370848004665,4089197.94,0
2043-10-28,70.0517,70.1218,70.1218,70.0517,47277000,0.10%,505966762,371377249262,3315148.34,529244597
2043-10-29,70.1218,70.1218,70.1218,70.1218,30915000,0.00%,475051762,371377249262,2167815.45,0
2043-10-30,70.1218,70.1218,70.1218,70.1218,44442000,0.00%,430609762,371377249262,3116353.04,0
2043-11-02,70.1218,70.1218,70.1218,70.1218,38772000,0.00%,391837762,371377249262,2718762.43,0
2043-11-03,70.1218,70.1218,70.1218,70.1218,37071000,0.00%,354766762,371377249262,2599485.25,0
2043-11-04,70.1218,70.1218,70.1218,70.1218,29727000,0.00%,325039762,371377249262,2084510.75,0
2043-11-05,70.1218,70.1218,70.1218,70.1218,28296000,0.00%,296743762,371377249262,1984166.45,0
2043-11-06,70.1218,70.1218,70.1218,70.1218,58266000,0.00%,238477762,371377249262,4085716.8,0
2043-11-09,70.1218,70.1218,70.1218,70.1218,72522000,0.00%,165955762,371377249262,5085373.18,0
2043-11-10,70.1218,70.1218,70.1218,70.1218,36180000,0.00%,129775762,371377249262,2537006.72,0
2043-11-11,70.1218,70.1218,70.1218,70.1218,34776000,0.00%,94999762,371377249262,2438555.72,0
2043-11-12,70.1218,70.1218,70.1218,70.1218,27729000,0.00%,67270762,371377249262,1944407.39,0
2043-11-13,70.1218,70.1218,70.1218,70.1218,26649000,0.00%,40621762,371377249262,1868675.85,0
2043-11-16,70.1218,70.1218,70.1218,70.1218,36693000,0.00%,3928762,371377249262,2572979.21,0
2043-11-17,70.1218,70.1919,70.1919,70.1218,33696000,0.10%,497734729,371904751229,2365186.26,527501966
2043-11-18,70.1919,70.1919,70.1919,70.1919,87615000,0.00%,410119729,371904751229,6149863.32,0
2043-11-19,70.1919,70.1919,70.1919,70.1919,95310000,0.00%,314809729,371904751229,6689989.99,0
2043-11-20,70.1919,70.1919,70.1919,70.1919,59319000,0.00%,255490729,371904751229,4163713.32,0
2043-11-23,70.1919,70.1919,70.1919,70.1919,75006000,0.00%,180484729,371904751229,5264813.65,0
2043-11-24,70.1919,70.1919,70.1919,70.1919,65313000,0.00%,115171729,371904751229,4584443.56,0
2043-11-25,70.1919,70.1919,70.1919,70.1919,38259000,0.00%,76912729,371904751229,2685471.9,0
2043-11-26,70.1919,70.1919,70.1919,70.1919,39231000,0.00%,37681729,371904751229,2753698.43,0
2043-11-27,70.1919,70.2621,70.2621,70.1919,41148000,0.10%,527370719,372435588219,2891144.89,530836989
2043-11-30,70.2621,70.2621,70.2621,70.2621,33021000,0.00%,494349719,372435588219,2320124.8,0
2043-12-01,70.2621,70.2621,70.2621,70.2621,40905000,0.00%,453444719,372435588219,2874071.2,0
2043-12-02,70.2621,70.2621,70.2621,70.2621,45522000,0.00%,407922719,372435588219,3198471.32,0
2043-12-03,70.2621,70.2621,70.2621,70.2621,81837000,0.00%,326085719,372435588219,5750039.48,0
2043-12-04,70.2621,70.2621,70.2621,70.2621,40905000,0.00%,285180719,372435588219,2874071.2,0
2043-12-07,70.2621,70.2621,70.2621,70.2621,40257000,0.00%,244923719,372435588219,2828541.36,0
2043-12-08,70.2621,70.2621,70.2621,70.2621,64071000,0.00%,180852719,372435588219,4501763.01,0
2043-12-09,70.2621,70.2621,70.2621,70.2621,42930000,0.00%,137922719,372435588219,3016351.95,0
2043-12-10,70.2621,70.2621,70.2621,70.2621,36990000,0.00%,100932719,372435588219,2598995.08,0
2043-12-11,70.2621,70.2621,70.2621,70.2621,44820000,0.00%,56112719,372435588219,3149147.32,0
2043-12-14,70.2621,70.2621,70.2621,70.2621,49680000,0.00%,6432719,372435588219,3490621.13,0
2043-12-15,70.2621,70.3323,70.3323,70.2621,35100000,0.10%,502505007,372966760507,2468663.73,531172288
2043-12-16,70.3323,70.3323,70.3323,70.3323,38205000,0.00%,464300007,372966760507,2687045.52,0
2043-12-17,70.3323,70.3323,70.3323,70.3323,46440000,0.00%,417860007,372966760507,3266232.01,0
2043-12-18,70.3323,70.3323,70.3323,70.3323,83484000,0.00%,334376007,372966760507,5871621.73,0
2043-12-21,70.3323,70.3323,70.3323,70.3323,32643000,0.00%,301733007,372966760507,2295857.27,0
2043-12-22,70.3323,70.3323,70.3323,70.3323,33831000,0.00%,267902007,372966760507,2379412.04,0
2043-12-23,70.3323,70.3323,70.3323,70.3323,38313000,0.00%,229589007,372966760507,2694641.41,0
2043-12-24,70.3323,70.3323,70.3323,70.3323,27459000,0.00%,202130007,372966760507,1931254.63,0
2043-12-25,70.3323,70.4027,70.4027,70.3323,396927000,0.10%,334368986,373495926486,27944732.5,529165979
2043-12-30,70.4027,70.4027,70.4027,70.4027,174069000,0.00%,160299986,373495926486,12254927.59,0
2043-12-31,70.4027,70.4027,70.4027,70.4027,102168000,0.00%,58131986,373495926486,7192903.05,0
2044-01-01,70.4027,70.4027,70.4027,70.4027,53955000,0.00%,4176986,373495926486,3798577.68,0
2044-01-05,70.4027,70.4731,70.4731,70.4027,64212500,0.10%,486593884,374042555884,4525253.93,546629398
2044-01-06,70.4731,70.4731,70.4731,70.4731,56072500,0.00%,430521384,374042555884,3951602.9,0
2044-01-07,70.4731,70.4731,70.4731,70.4731,55605000,0.00%,374916384,374042555884,3918656.73,0
2044-01-08,70.4731,70.4731,70.4731,70.4731,65312500,0.00%,309603884,374042555884,4602774.34,0
2044-01-11,70.4731,70.4731,70.4731,70.4731,45979999,0.00%,263623884,374042555884,3240353.14,0
2044-01-12,70.4731,70.4731,70.4731,70.4731,46557500,0.00%,217066384,374042555884,3281051.35,0
2044-01-13,70.4731,70.4731,70.4731,70.4731,52662500,0.00%,164403884,374042555884,3711289.63,0
2044-01-14,70.4731,70.4731,70.4731,70.4731,56650000,0.00%,107753884,374042555884,3992301.12,0
2044-01-15,70.4731,70.4731,70.4731,70.4731,43367500,0.00%,64386384,374042555884,3056242.16,0
2044-01-18,70.4731,70.4731,70.4731,70.4731,44907499,0.00%,19478884,374042555884,3164770.74,0
2044-01-19,70.4731,70.5435,70.5435,70.4731,61160000,0.10%,495550395,374579787395,4314440.46,537231510
2044-01-20,70.5435,70.5435,70.5435,70.5435,99302500,0.00%,396247895,374579787395,7005145.91,0
2044-01-21,70.5435,70.5435,70.5435,70.5435,67650000,0.00%,328597895,374579787395,4772267.78,0
2044-01-22,70.5435,70.5435,70.5435,70.5435,73975000,0.00%,254622895,374579787395,5218455.41,0
2044-01-25,70.5435,70.5435,70.5435,70.5435,92537500,0.00%,162085395,374579787395,6527919.13,0
2044-01-26,70.5435,70.5435,70.5435,70.5435,97927500,0.00%,64157895,374579787395,6908148.6,0
2044-01-27,70.5435,70.6141,70.6141,70.5435,93115000,0.10%,498047650,375106792150,6575231.92,527004754
2044-01-28,70.6141,70.6141,70.6141,70.6141,93940000,0.00%,404107650,375106792150,6633488.55,0
2044-01-29,70.6141,70.6141,70.6141,70.6141,68255000,0.00%,335852650,375106792150,4819765.4,0
2044-02-01,70.6141,70.6141,70.6141,70.6141,55440000,0.00%,280412650,375106792150,3914845.7,0
2044-02-02,70.6141,70.6141,70.6141,70.6141,59152500,0.00%,221260150,375106792150,4177000.55,0
2044-02-03,70.6141,70.6141,70.6141,70.6141,55137500,0.00%,166122650,375106792150,3893484.94,0
2044-02-04,70.6141,70.6141,70.6141,70.6141,47657500,0.00%,118465150,375106792150,3365291.47,0
2044-02-05,70.6141,70.6141,70.6141,70.6141,85387500,0.00%,33077650,375106792150,6029561.46,0
2044-02-08,70.6141,70.6847,70.6847,70.6141,56265000,0.10%,497503537,375627483037,3977074.65,520690887
2044-02-09,70.6847,70.6847,70.6847,70.6847,79365000,0.00%,418138537,375627483037,5609891.22,0
2044-02-10,70.6847,70.6847,70.6847,70.6847,72435000,0.00%,345703537,375627483037,5120046.24,0
2044-02-11,70.6847,70.6847,70.6847,70.6847,49252500,0.00%,296451037,375627483037,3481398.19,0
2044-02-12,70.6847,70.6847,70.6847,70.6847,18507500,0.00%,277943537,375627483037,1308197.09,0
2044-02-17,70.6847,70.6847,70.6847,70.6847,31817500,0.00%,246126037,375627483037,2249010.44,0
2044-02-18,70.6847,70.6847,70.6847,70.6847,34567500,0.00%,211558537,375627483037,2443393.37,0
2044-02-19,70.6847,70.6847,70.6847,70.6847,47355000,0.00%,164203537,375627483037,3347273.97,0
2044-02-22,70.6847,70.6847,70.6847,70.6847,42405000,0.00%,121798537,375627483037,2997384.7,0
2044-02-23,70.6847,70.6847,70.6847,70.6847,43367500,0.00%,78431037,375627483037,3065418.73,0
2044-02-24,70.6847,70.6847,70.6847,70.6847,65862500,0.00%,12568537,375627483037,4655471.05,0
2044-02-25,70.6847,70.7554,70.7554,70.6847,34210000,0.10%,481442883,376130567383,2420542.23,503084345
2044-02-26,70.7554,70.7554,70.7554,70.7554,36382500,0.00%,445060383,376130567383,2574258.34,0
2044-02-29,70.7554,70.7554,70.7554,70.7554,34127500,0.00%,410932883,376130567383,2414704.91,0
2044-03-01,70.7554,70.7554,70.7554,70.7554,64927500,0.00%,346005383,376130567383,4593971.23,0
2044-03-02,70.7554,70.7554,70.7554,70.7554,71225000,0.00%,274780383,376130567383,5039553.37,0
2044-03-03,70.7554,70.7554,70.7554,70.7554,81730000,0.00%,193050383,376130567383,5782838.84,0
2044-03-04,70.7554,70.7554,70.7554,70.7554,76862500,0.00%,116187883,376130567383,5438436.93,0
2044-03-07,70.7554,70.7554,70.7554,70.7554,38032500,0.00%,78155383,376130567383,2691004.75,0
2044-03-08,70.7554,70.7554,70.7554,70.7554,71665000,0.00%,6490383,376130567383,5070685.74,0
2044-03-09,70.7554,70.8261,70.8261,70.7554,64047500,0.10%,434434917,376622559417,4536234.64,491992034
2044-03-10,70.8261,70.8261,70.8261,70.8261,47190000,0.00%,387244917,376622559417,3342283.66,0
2044-03-11,70.8261,70.8261,70.8261,70.8261,34155000,0.00%,353089917,376622559417,2419065.45,0
2044-03-14,70.8261,70.8261,70.8261,70.8261,49142500,0.00%,303947417,376622559417,3480571.62,0
2044-03-15,70.8261,70.8261,70.8261,70.8261,100457500,0.00%,203489917,376622559417,7115012.94,0
2044-03-16,70.8261,70.8261,70.8261,70.8261,55192500,0.00%,148297417,376622559417,3909069.52,0
2044-03-17,70.8261,70.8261,70.8261,70.8261,39132500,0.00%,109164917,376622559417,2771602.36,0
2044-03-18,70.8261,70.8261,70.8261,70.8261,80245000,0.00%,28919917,376622559417,5683440.39,0
2044-03-21,70.8261,70.897,70.897,70.8261,53982500,0.10%,468027604,377115649604,3827197.3,493090186
2044-03-22,70.897,70.897,70.897,70.897,43010000,0.00%,425017604,377115649604,3049279.97,0
2044-03-23,70.897,70.897,70.897,70.897,42955000,0.00%,382062604,377115649604,3045380.64,0
2044-03-24,70.897,70.897,70.897,70.897,101392500,0.00%,280670104,377115649604,7188424.07,0
2044-03-25,70.897,70.897,70.897,70.897,72682500,0.00%,207987604,377115649604,5152971.2,0
2044-03-28,70.897,70.897,70.897,70.897,58107500,0.00%,149880104,377115649604,4119647.43,0
2044-03-29,70.897,70.897,70.897,70.897,93500000,0.00%,56380104,377115649604,6628869.5,0
2044-03-30,70.897,70.9679,70.9679,70.897,106562500,0.10%,442940671,377608772671,7562516.84,493123066
2044-03-31,70.9679,70.9679,70.9679,70.9679,82500000,0.00%,360440671,377608772671,5854851.75,0
2044-04-05,70.9679,70.9679,70.9679,70.9679,73040000,0.00%,287400671,377608772671,5183495.42,0
2044-04-06,70.9679,70.9679,70.9679,70.9679,54175000,0.00%,233225671,377608772671,3844685.98,0
2044-04-08,70.9679,70.9679,70.9679,70.9679,37345000,0.00%,195880671,377608772671,2650296.23,0
2044-04-11,70.9679,70.9679,70.9679,70.9679,59565000,0.00%,136315671,377608772671,4227202.96,0
2044-04-12,70.9679,70.9679,70.9679,70.9679,49170000,0.00%,87145671,377608772671,3489491.64,0
2044-04-13,70.9679,70.9679,70.9679,70.9679,68007500,0.00%,19138171,377608772671,4826349.46,0
2044-04-14,70.9679,71.0388,71.0388,70.9679,51782500,0.10%,458883839,378100300839,3678566.66,491528167
2044-04-15,71.0388,71.0388,71.0388,71.0388,63332500,0.00%,395551339,378100300839,4499064.8,0
2044-04-18,71.0388,71.0388,71.0388,71.0388,50325000,0.00%,345226339,378100300839,3575027.61,0
2044-04-19,71.0388,71.0388,71.0388,71.0388,54147500,0.00%,291078839,378100300839,3846573.42,0
2044-04-20,71.0388,71.0388,71.0388,71.0388,39627500,0.00%,251451339,378100300839,2815090.05,0
2044-04-21,71.0388,71.0388,71.0388,71.0388,52415000,0.00%,199036339,378100300839,3723498.7,0
2044-04-22,71.0388,71.0388,71.0388,71.0388,53542500,0.00%,145493839,378100300839,3803594.95,0
2044-04-25,71.0388,71.0388,71.0388,71.0388,113107500,0.00%,32386339,378100300839,8035021.07,0
2044-04-26,71.0388,71.1099,71.1099,71.0388,120505000,0.10%,400603348,378589022848,8569098.5,488722009
2044-04-27,71.1099,71.1099,71.1099,71.1099,114042500,0.00%,286560848,378589022848,8109550.77,0
2044-04-28,71.1099,71.1099,71.1099,71.1099,76257500,0.00%,210303348,378589022848,5422663.2,0
2044-04-29,71.1099,71.1099,71.1099,71.1099,81400000,0.00%,128903348,378589022848,5788345.86,0
2044-05-02,71.1099,71.1099,71.1099,71.1099,69905000,0.00%,58998348,378589022848,4970937.56,0
2044-05-03,71.1099,71.1099,71.1099,71.1099,43890000,0.00%,15108348,378589022848,3121013.51,0
2044-05-05,71.1099,71.181,71.181,71.1099,61820000,0.10%,446665992,379082400492,4400409.42,493377643
2044-05-06,71.181,71.181,71.181,71.181,64872500,0.00%,381793492,379082400492,4617689.42,0
2044-05-09,71.181,71.181,71.181,71.181,72077500,0.00%,309715992,379082400492,5130548.53,0
2044-05-10,71.181,71.181,71.181,71.181,53377500,0.00%,256338492,379082400492,3799463.83,0
2044-05-11,71.181,71.181,71.181,71.181,55165000,0.00%,201173492,379082400492,3926699.87,0
2044-05-12,71.181,71.181,71.181,71.181,44082500,0.00%,157090992,379082400492,3137836.43,0
2044-05-13,71.181,71.181,71.181,71.181,43147500,0.00%,113943492,379082400492,3071282.2,0
2044-05-16,71.181,71.181,71.181,71.181,56540000,0.00%,57403492,379082400492,4024573.74,0
2044-05-17,71.181,71.2522,71.2522,71.181,59400000,0.10%,493284425,379577681425,4232380.68,495280933
2044-05-19,71.2522,71.2522,71.2522,71.2522,160682500,0.00%,332601925,379577681425,11448981.63,0
2044-05-20,71.2522,71.2522,71.2522,71.2522,76780000,0.00%,255821925,379577681425,5470743.92,0
2044-05-23,71.2522,71.2522,71.2522,71.2522,61407500,0.00%,194414425,379577681425,4375419.47,0
2044-05-24,71.2522,71.2522,71.2522,71.2522,84370000,0.00%,110044425,379577681425,6011548.11,0
2044-05-25,71.2522,71.2522,71.2522,71.2522,61517500,0.00%,48526925,379577681425,4383257.21,0
2044-05-26,71.2522,71.3234,71.3234,71.2522,50380000,0.10%,497308693,380076843193,3593272.89,499161767
2044-05-27,71.3234,71.3234,71.3234,71.3234,52635000,0.00%,444673693,380076843193,3754107.16,0
2044-05-30,71.3234,71.3234,71.3234,71.3234,88357500,0.00%,356316193,380076843193,6301957.32,0
2044-05-31,71.3234,71.3234,71.3234,71.3234,45677500,0.00%,310638693,380076843193,3257874.6,0
2044-06-01,71.3234,71.3234,71.3234,71.3234,75295000,0.00%,235343693,380076843193,5370295.4,0
2044-06-02,71.3234,71.3234,71.3234,71.3234,60527500,0.00%,174816193,380076843193,4317027.09,0
2044-06-03,71.3234,71.3234,71.3234,71.3234,110110000,0.00%,64706193,380076843193,7853419.57,0
2044-06-06,71.3234,71.3947,71.3947,71.3234,77357500,0.10%,491032337,380580526837,5522915.51,503683644
2044-06-07,71.3947,71.3947,71.3947,71.3947,49610000,0.00%,441422337,380580526837,3541891.07,0
2044-06-08,71.3947,71.3947,71.3947,71.3947,55577500,0.00%,385844837,380580526837,3967938.94,0
2044-06-09,71.3947,71.3947,71.3947,71.3947,51947500,0.00%,333897337,380580526837,3708776.18,0
2044-06-10,71.3947,71.3947,71.3947,71.3947,69437500,0.00%,264459837,380580526837,4957469.48,0
2044-06-14,71.3947,71.3947,71.3947,71.3947,72875000,0.00%,191584837,380580526837,5202888.76,0
2044-06-15,71.3947,71.3947,71.3947,71.3947,41140000,0.00%,150444837,380580526837,2937177.96,0
2044-06-16,71.3947,71.3947,71.3947,71.3947,42185000,0.00%,108259837,380580526837,3011785.42,0
2044-06-17,71.3947,71.3947,71.3947,71.3947,57365000,0.00%,50894837,380580526837,4095556.97,0
2044-06-20,71.3947,71.3947,71.3947,71.3947,42020000,0.00%,8874837,380580526837,3000005.29,0
2044-06-21,71.3947,71.4661,71.4661,71.3947,39270000,0.10%,470118766,381081040766,2806473.75,500513928
2044-06-22,71.4661,71.4661,71.4661,71.4661,61352500,0.00%,408766266,381081040766,4384623.9,0
2044-06-23,71.4661,71.4661,71.4661,71.4661,38637500,0.00%,370128766,381081040766,2761271.44,0
2044-06-24,71.4661,71.4661,71.4661,71.4661,71115000,0.00%,299013766,381081040766,5082311.7,0
2044-06-27,71.4661,71.4661,71.4661,71.4661,35530000,0.00%,263483766,381081040766,2539190.53,0
2044-06-28,71.4661,71.4661,71.4661,71.4661,35172500,0.00%,228311266,381081040766,2513641.4,0
2044-06-29,71.4661,71.4661,71.4661,71.4661,32697500,0.00%,195613766,381081040766,2336762.8,0
2044-06-30,71.4661,71.4661,71.4661,71.4661,48152500,0.00%,147461266,381081040766,3441271.38,0
2044-07-01,71.4661,71.4661,71.4661,71.4661,42790000,0.00%,104671266,381081040766,3058034.42,0
2044-07-05,71.4661,71.4661,71.4661,71.4661,74992500,0.00%,29678766,381081040766,5359421.5,0
2044-07-06,71.4661,71.5376,71.5376,71.4661,61215000,0.10%,464688592,381577265592,4379174.18,496224825
2044-07-07,71.5376,71.5376,71.5376,71.5376,42460000,0.00%,422228592,381577265592,3037486.5,0
2044-07-08,71.5376,71.5376,71.5376,71.5376,28930000,0.00%,393298592,381577265592,2069582.77,0
2044-07-11,71.5376,71.5376,71.5376,71.5376,31955000,0.00%,361343592,381577265592,2285984.01,0
2044-07-12,71.5376,71.5376,71.5376,71.5376,35805000,0.00%,325538592,381577265592,2561403.77,0
2044-07-13,71.5376,71.5376,71.5376,71.5376,42872500,0.00%,282666092,381577265592,3066995.76,0
2044-07-14,71.5376,71.5376,71.5376,71.5376,45622500,0.00%,237043592,381577265592,3263724.16,0
2044-07-15,71.5376,71.5376,71.5376,71.5376,75680000,0.00%,161363592,381577265592,5413965.57,0
2044-07-18,71.5376,71.5376,71.5376,71.5376,37620000,0.00%,123743592,381577265592,2691244.51,0
2044-07-19,71.5376,71.5376,71.5376,71.5376,52415000,0.00%,71328592,381577265592,3749643.3,0
2044-07-20,71.5376,71.5376,71.5376,71.5376,71115000,0.00%,213592,381577265592,5087396.42,0
2044-07-21,71.5376,71.6091,71.6091,71.5376,52085000,0.10%,443849222,382072986222,3729759.97,495720630
2044-07-22,71.6091,71.6091,71.6091,71.6091,63497500,0.00%,380351722,382072986222,4546998.83,0
2044-07-25,71.6091,71.6091,71.6091,71.6091,46640000,0.00%,333711722,382072986222,3339848.42,0
2044-07-26,71.6091,71.6091,71.6091,71.6091,33275000,0.00%,300436722,382072986222,2382792.8,0
2044-07-27,71.6091,71.6091,71.6091,71.6091,32450000,0.00%,267986722,382072986222,2323715.29,0
2044-07-28,71.6091,71.6091,71.6091,71.6091,70922500,0.00%,197064222,382072986222,5078696.39,0
2044-07-29,71.6091,71.6091,71.6091,71.6091,36492500,0.00%,160571722,382072986222,2613195.08,0
2044-08-01,71.6091,71.6091,71.6091,71.6091,35392500,0.00%,125179222,382072986222,2534425.07,0
2044-08-02,71.6091,71.6091,71.6091,71.6091,26812500,0.00%,98366722,382072986222,1920018.99,0
2044-08-03,71.6091,71.6091,71.6091,71.6091,55825000,0.00%,42541722,382072986222,3997578.01,0
2044-08-04,71.6091,71.6091,71.6091,71.6091,34127500,0.00%,8414222,382072986222,2443839.56,0
2044-08-05,71.6091,71.6807,71.6807,71.6091,48702500,0.10%,457745583,382571020083,3491029.29,498033860
2044-08-08,71.6807,71.6807,71.6807,71.6807,63140000,0.00%,394605583,382571020083,4525919.4,0
2044-08-09,71.6807,71.6807,71.6807,71.6807,48592500,0.00%,346013083,382571020083,3483144.41,0
2044-08-10,71.6807,71.6807,71.6807,71.6807,43560000,0.00%,302453083,382571020083,3122411.29,0
2044-08-11,71.6807,71.6807,71.6807,71.6807,51727500,0.00%,250725583,382571020083,3707863.41,0
2044-08-12,71.6807,71.6807,71.6807,71.6807,44962500,0.00%,205763083,382571020083,3222943.47,0
2044-08-15,71.6807,71.6807,71.6807,71.6807,28105000,0.00%,177658083,382571020083,2014586.07,0
2044-08-16,71.6807,71.6807,71.6807,71.6807,37372500,0.00%,140285583,382571020083,2678886.96,0
2044-08-17,71.6807,71.6807,71.6807,71.6807,51397500,0.00%,88888083,382571020083,3684208.78,0
2044-08-18,71.6807,71.6807,71.6807,71.6807,58960000,0.00%,29928083,382571020083,4226294.07,0
2044-08-19,71.6807,71.7524,71.7524,71.6807,45127500,0.10%,480783861,383067003361,3238006.43,495983278
2044-08-22,71.7524,71.7524,71.7524,71.7524,41827500,0.00%,438956361,383067003361,3001223.51,0
2044-08-23,71.7524,71.7524,71.7524,71.7524,32587500,0.00%,406368861,383067003361,2338231.33,0
2044-08-24,71.7524,71.7524,71.7524,71.7524,32037500,0.00%,374331361,383067003361,2298767.52,0
2044-08-25,71.7524,71.7524,71.7524,71.7524,46172500,0.00%,328158861,383067003361,3312987.69,0
2044-08-26,71.7524,71.7524,71.7524,71.7524,35915000,0.00%,292243861,383067003361,2576987.45,0
2044-08-29,71.7524,71.7524,71.7524,71.7524,44687500,0.00%,247556361,383067003361,3206435.37,0
2044-08-30,71.7524,71.7524,71.7524,71.7524,37620000,0.00%,209936361,383067003361,2699325.29,0
2044-08-31,71.7524,71.7524,71.7524,71.7524,40150000,0.00%,169786361,383067003361,2880858.86,0
2044-09-01,71.7524,71.7524,71.7524,71.7524,35447500,0.00%,134338861,383067003361,2543443.2,0
2044-09-02,71.7524,71.7524,71.7524,71.7524,84892500,0.00%,49446361,383067003361,6091240.62,0
2044-09-05,71.7524,71.7524,71.7524,71.7524,38170000,0.00%,11276361,383067003361,2738789.11,0
2044-09-06,71.7524,71.8242,71.8242,71.7524,26977500,0.10%,476724984,383559429484,1937637.36,492426123
2044-09-07,71.8242,71.8242,71.8242,71.8242,36520000,0.00%,440204984,383559429484,2623019.78,0
2044-09-08,71.8242,71.8242,71.8242,71.8242,26345000,0.00%,413859984,383559429484,1892208.55,0
2044-09-12,71.8242,71.8242,71.8242,71.8242,55220000,0.00%,358639984,383559429484,3966132.32,0
2044-09-13,71.8242,71.8242,71.8242,71.8242,33825000,0.00%,324814984,383559429484,2429453.56,0
2044-09-14,71.8242,71.8242,71.8242,71.8242,33110000,0.00%,291704984,383559429484,2378099.26,0
2044-09-15,71.8242,71.8242,71.8242,71.8242,37950000,0.00%,253754984,383559429484,2725728.39,0
2044-09-16,71.8242,71.8242,71.8242,71.8242,30277500,0.00%,223477484,383559429484,2174657.22,0
2044-09-19,71.8242,71.8242,71.8242,71.8242,21147500,0.00%,202329984,383559429484,1518902.27,0
2044-09-20,71.8242,71.8242,71.8242,71.8242,27912500,0.00%,174417484,383559429484,2004792.98,0
2044-09-22,71.8242,71.8242,71.8242,71.8242,70950000,0.00%,103467484,383559429484,5095926.99,0
2044-09-23,71.8242,71.8242,71.8242,71.8242,78127500,0.00%,25339984,383559429484,5611445.19,0
2044-09-26,71.8242,71.896,71.896,71.8242,41855000,0.10%,473308812,384049253312,3009207.08,489823827
2044-09-27,71.896,71.896,71.896,71.896,118030000,0.00%,355278812,384049253312,8485884.88,0
2044-09-28,71.896,71.896,71.896,71.896,110302500,0.00%,244976312,384049253312,7930308.54,0
2044-09-29,71.896,71.896,71.896,71.896,138187500,0.00%,106788812,384049253312,9935128.5,0
2044-09-30,71.896,71.9679,71.9679,71.896,157162500,0.10%,447916599,384547543599,11310655.08,498290287
2044-10-03,71.9679,71.9679,71.9679,71.9679,207515000,0.00%,240401599,384547543599,14934418.77,0
2044-10-05,71.9679,71.9679,71.9679,71.9679,134117500,0.00%,106284099,384547543599,9652154.83,0
2044-10-06,71.9679,71.9679,71.9679,71.9679,86900000,0.00%,19384099,384547543599,6254010.51,0
2044-10-07,71.9679,72.0399,72.0399,71.9679,67815000,0.10%,462656004,385058630504,4885385.82,511086904
2044-10-10,72.0399,72.0399,72.0399,72.0399,69657500,0.00%,392998504,385058630504,5018119.33,0
2044-10-11,72.0399,72.0399,72.0399,72.0399,193792500,0.00%,199206004,385058630504,13960792.32,0
2044-10-12,72.0399,72.0399,72.0399,72.0399,127517500,0.00%,71688504,385058630504,9186347.95,0
2044-10-13,72.0399,72.1119,72.1119,72.0399,91052500,0.10%,499367578,385577362078,6565968.77,518731574
2044-10-17,72.1119,72.1119,72.1119,72.1119,83380000,0.00%,415987578,385577362078,6012690.22,0
2044-10-18,72.1119,72.1119,72.1119,72.1119,92069999,0.00%,323917578,385577362078,6639342.63,0
2044-10-19,72.1119,72.1119,72.1119,72.1119,61847500,0.00%,262070078,385577362078,4459940.74,0
2044-10-20,72.1119,72.1119,72.1119,72.1119,45320000,0.00%,216750078,385577362078,3268111.31,0
2044-10-21,72.1119,72.1119,72.1119,72.1119,71390000,0.00%,145360078,385577362078,5148068.54,0
2044-10-24,72.1119,72.1119,72.1119,72.1119,44907499,0.00%,100452578,385577362078,3238365.15,0
2044-10-25,72.1119,72.1119,72.1119,72.1119,30332500,0.00%,70120078,385577362078,2187334.21,0
2044-10-26,72.1119,72.1119,72.1119,72.1119,40315000,0.00%,29805078,385577362078,2907191.25,0
2044-10-27,72.1119,72.184,72.184,72.1119,30800000,0.10%,520310022,386098667022,2223267.2,521304943
2044-10-28,72.184,72.184,72.184,72.184,32862500,0.00%,487447522,386098667022,2372146.7,0
2044-10-31,72.184,72.184,72.184,72.184,42762500,0.00%,444685022,386098667022,3086768.3,0
2044-11-01,72.184,72.184,72.184,72.184,37950000,0.00%,406735022,386098667022,2739382.8,0
2044-11-02,72.184,72.184,72.184,72.184,49225000,0.00%,357510022,386098667022,3553257.4,0
2044-11-03,72.184,72.184,72.184,72.184,62562500,0.00%,294947522,386098667022,4516011.5,0
2044-11-04,72.184,72.184,72.184,72.184,57997500,0.00%,236950022,386098667022,4186491.54,0
2044-11-07,72.184,72.184,72.184,72.184,32202500,0.00%,204747522,386098667022,2324505.26,0
2044-11-08,72.184,72.184,72.184,72.184,41992500,0.00%,162755022,386098667022,3031186.62,0
2044-11-09,72.184,72.184,72.184,72.184,57090000,0.00%,105665022,386098667022,4120984.56,0
2044-11-10,72.184,72.184,72.184,72.184,54780000,0.00%,50885022,386098667022,3954239.52,0
2044-11-11,72.184,72.2562,72.2562,72.184,53322500,0.10%,521399419,386622503919,3852881.22,523836896
2044-11-14,72.2562,72.2562,72.2562,72.2562,62865000,0.00%,458534419,386622503919,4542386.01,0
2044-11-15,72.2562,72.2562,72.2562,72.2562,75075000,0.00%,383459419,386622503919,5424634.22,0
2044-11-16,72.2562,72.2562,72.2562,72.2562,77852500,0.00%,305606919,386622503919,5625325.81,0
2044-11-17,72.2562,72.2562,72.2562,72.2562,95975000,0.00%,209631919,386622503919,6934788.8,0
2044-11-18,72.2562,72.2562,72.2562,72.2562,79915000,0.00%,129716919,386622503919,5774354.22,0
2044-11-21,72.2562,72.2562,72.2562,72.2562,56347500,0.00%,73369419,386622503919,4071456.23,0
2044-11-22,72.2562,72.2562,72.2562,72.2562,38170000,0.00%,35199419,386622503919,2758019.15,0
2044-11-23,72.2562,72.3285,72.3285,72.2562,41277500,0.10%,522498859,387151080859,2985539.66,528576940
2044-11-24,72.3285,72.3285,72.3285,72.3285,34375000,0.00%,488123859,387151080859,2486292.19,0
2044-11-25,72.3285,72.3285,72.3285,72.3285,46612500,0.00%,441511359,387151080859,3371412.21,0
2044-11-28,72.3285,72.3285,72.3285,72.3285,76697500,0.00%,364813859,387151080859,5547415.13,0
2044-11-29,72.3285,72.3285,72.3285,72.3285,46585000,0.00%,318228859,387151080859,3369423.17,0
2044-11-30,72.3285,72.3285,72.3285,72.3285,45897500,0.00%,272331359,387151080859,3319697.33,0
2044-12-01,72.3285,72.3285,72.3285,72.3285,35942500,0.00%,236388859,387151080859,2599667.11,0
2044-12-02,72.3285,72.3285,72.3285,72.3285,42982500,0.00%,193406359,387151080859,3108859.75,0
2044-12-05,72.3285,72.3285,72.3285,72.3285,36657500,0.00%,156748859,387151080859,2651381.99,0
2044-12-06,72.3285,72.3285,72.3285,72.3285,50490000,0.00%,106258859,387151080859,3651865.97,0
2044-12-07,72.3285,72.3285,72.3285,72.3285,38637500,0.00%,67621359,387151080859,2794592.42,0
2044-12-08,72.3285,72.3285,72.3285,72.3285,36602500,0.00%,31018859,387151080859,2647403.92,0
2044-12-09,72.3285,72.4008,72.4008,72.3285,76202500,0.10%,482192970,387678457470,5517121.96,527376611
2044-12-12,72.4008,72.4008,72.4008,72.4008,61765000,0.00%,420427970,387678457470,4471835.41,0
2044-12-13,72.4008,72.4008,72.4008,72.4008,83270000,0.00%,337157970,387678457470,6028814.62,0
2044-12-14,72.4008,72.4008,72.4008,72.4008,36025000,0.00%,301132970,387678457470,2608238.82,0
2044-12-15,72.4008,72.4008,72.4008,72.4008,64377500,0.00%,236755470,387678457470,4660982.5,0
2044-12-16,72.4008,72.4008,72.4008,72.4008,44825000,0.00%,191930470,387678457470,3245365.86,0
2044-12-19,72.4008,72.4008,72.4008,72.4008,38665000,0.00%,153265470,387678457470,2799376.93,0
2044-12-20,72.4008,72.4008,72.4008,72.4008,46145000,0.00%,107120470,387678457470,3340934.92,0
2044-12-21,72.4008,72.4008,72.4008,72.4008,41002500,0.00%,66117970,387678457470,2968613.8,0
2044-12-22,72.4008,72.4732,72.4732,72.4008,95342500,0.10%,502278145,388209960145,6909776.07,531502674
2044-12-23,72.4732,72.4732,72.4732,72.4732,123282500,0.00%,378995645,388209960145,8934677.28,0
2044-12-26,72.4732,72.4732,72.4732,72.4732,57365000,0.00%,321630645,388209960145,4157425.12,0
2044-12-27,72.4732,72.4732,72.4732,72.4732,21642500,0.00%,299988145,388209960145,1568501.23,0
2044-12-30,72.4732,72.4732,72.4732,72.4732,37262500,0.00%,262725645,388209960145,2700532.62,0
2045-01-02,72.4732,72.4732,72.4732,72.4732,37856000,0.00%,224869645,388209960145,2743545.46,0
2045-01-03,72.4732,72.4732,72.4732,72.4732,30435999,0.00%,194433645,388209960145,2205794.32,0
2045-01-05,72.4732,72.4732,72.4732,72.4732,58044000,0.00%,136389645,388209960145,4206634.42,0
2045-01-06,72.4732,72.4732,72.4732,72.4732,47152000,0.00%,89237645,388209960145,3417256.33,0
2045-01-09,72.4732,72.4732,72.4732,72.4732,47236000,0.00%,42001645,388209960145,3423344.08,0
2045-01-10,72.4732,72.5457,72.5457,72.4732,400176000,0.10%,180482641,388748617141,29031048.04,538656995
2045-01-11,72.5457,72.6182,72.6182,72.5457,267287999,0.10%,464048467,389299470967,19409973.44,550853826
2045-01-12,72.6182,72.6182,72.6182,72.6182,169624000,0.00%,294424467,389299470967,12317789.56,0
2045-01-13,72.6182,72.6182,72.6182,72.6182,103740000,0.00%,190684467,389299470967,7533412.07,0
2045-01-16,72.6182,72.6182,72.6182,72.6182,97412000,0.00%,93272467,389299470967,7073884.1,0
2045-01-17,72.6182,72.6908,72.6908,72.6182,113736000,0.10%,544974579,389864909079,8267560.83,565438112
2045-01-18,72.6908,72.6908,72.6908,72.6908,81648000,0.00%,463326579,389864909079,5935058.44,0
2045-01-19,72.6908,72.6908,72.6908,72.6908,73192000,0.00%,390134579,389864909079,5320385.03,0
2045-01-20,72.6908,72.6908,72.6908,72.6908,47992000,0.00%,342142579,389864909079,3488576.87,0
2045-01-23,72.6908,72.6908,72.6908,72.6908,87192000,0.00%,254950579,389864909079,6338056.23,0
2045-01-24,72.6908,72.6908,72.6908,72.6908,70700000,0.00%,184250579,389864909079,5139239.56,0
2045-01-25,72.6908,72.6908,72.6908,72.6908,50008000,0.00%,134242579,389864909079,3635121.53,0
2045-01-26,72.6908,72.6908,72.6908,72.6908,59527999,0.00%,74714579,389864909079,4327137.94,0
2045-01-27,72.6908,72.6908,72.6908,72.6908,67424000,0.00%,7290579,389864909079,4901104.5,0
2045-01-30,72.6908,72.7635,72.7635,72.6908,66107999,0.10%,515548212,390439274712,4810249.46,574365633
2045-01-31,72.7635,72.7635,72.7635,72.7635,39760000,0.00%,475788212,390439274712,2893076.76,0
2045-02-06,72.7635,72.7635,72.7635,72.7635,78176000,0.00%,397612212,390439274712,5688359.38,0
2045-02-07,72.7635,72.7635,72.7635,72.7635,87584000,0.00%,310028212,390439274712,6372918.38,0
2045-02-08,72.7635,72.7635,72.7635,72.7635,89964000,0.00%,220064212,390439274712,6546095.51,0
2045-02-09,72.7635,72.7635,72.7635,72.7635,54852000,0.00%,165212212,390439274712,3991223.5,0
2045-02-10,72.7635,72.7635,72.7635,72.7635,96796000,0.00%,68416212,390439274712,7043215.75,0
2045-02-13,72.7635,72.8363,72.8363,72.7635,87948000,0.10%,562512427,391021318927,6405806.91,582044214
2045-02-14,72.8363,72.8363,72.8363,72.8363,86492000,0.00%,476020427,391021318927,6299757.26,0
2045-02-15,72.8363,72.8363,72.8363,72.8363,107128000,0.00%,368892427,391021318927,7802807.15,0
2045-02-16,72.8363,72.8363,72.8363,72.8363,170772000,0.00%,198120427,391021318927,12438400.62,0
2045-02-17,72.8363,72.9091,72.9091,72.8363,208656000,0.10%,576875550,391608730050,15212921.17,587411122
2045-02-20,72.9091,72.9091,72.9091,72.9091,353416000,0.00%,223459550,391608730050,25767242.49,0
2045-02-21,72.9091,72.9091,72.9091,72.9091,175084000,0.00%,48375550,391608730050,12765216.86,0
2045-02-22,72.9091,72.982,72.982,72.9091,95564000,0.10%,559780926,392215699426,6974451.85,606969376
2045-02-23,72.982,72.982,72.982,72.982,96740000,0.00%,463040926,392215699426,7060278.68,0
2045-02-24,72.982,72.982,72.982,72.982,205940000,0.00%,257100926,392215699426,15029913.08,0
2045-02-27,72.982,72.982,72.982,72.982,189112000,0.00%,67988926,392215699426,13801771.98,0
2045-02-28,72.982,73.055,73.055,72.982,158228000,0.10%,528916405,392834854905,11559346.54,619155479
2045-03-01,73.055,73.055,73.055,73.055,113372000,0.00%,415544405,392834854905,8282391.46,0
2045-03-02,73.055,73.055,73.055,73.055,108920000,0.00%,306624405,392834854905,7957150.6,0
2045-03-03,73.055,73.055,73.055,73.055,146048000,0.00%,160576405,392834854905,10669536.64,0
2045-03-06,73.055,73.055,73.055,73.055,91700000,0.00%,68876405,392834854905,6699143.5,0
2045-03-07,73.055,73.1281,73.1281,73.055,87136000,0.10%,613215093,393466329593,6372090.12,631474687
2045-03-08,73.1281,73.1281,73.1281,73.1281,98476000,0.00%,514739093,393466329593,7201362.78,0
2045-03-09,73.1281,73.1281,73.1281,73.1281,223104000,0.00%,291635093,393466329593,16315171.62,0
2045-03-10,73.1281,73.1281,73.1281,73.1281,130171999,0.00%,161463093,393466329593,9519231.03,0
2045-03-13,73.1281,73.1281,73.1281,73.1281,96376000,0.00%,65087093,393466329593,7047793.77,0
2045-03-14,73.1281,73.2012,73.2012,73.1281,94780000,0.10%,614835154,394110857654,6938009.74,644528061
2045-03-15,73.2012,73.2012,73.2012,73.2012,78484000,0.00%,536351154,394110857654,5745122.98,0
2045-03-16,73.2012,73.2012,73.2012,73.2012,76524000,0.00%,459827154,394110857654,5601648.63,0
2045-03-17,73.2012,73.2012,73.2012,73.2012,85988000,0.00%,373839154,394110857654,6294424.79,0
2045-03-20,73.2012,73.2012,73.2012,73.2012,61879999,0.00%,311959154,394110857654,4529690.26,0
2045-03-21,73.2012,73.2012,73.2012,73.2012,94192000,0.00%,217767154,394110857654,6894967.43,0
2045-03-22,73.2012,73.2012,73.2012,73.2012,88480000,0.00%,129287154,394110857654,6476842.18,0
2045-03-23,73.2012,73.2744,73.2744,73.2012,139580000,0.10%,628161226,394749311726,10227640.75,638454071
2045-03-24,73.2744,73.2744,73.2744,73.2744,118327999,0.00%,509833226,394749311726,8670413.2,0
2045-03-27,73.2744,73.2744,73.2744,73.2744,68880000,0.00%,440953226,394749311726,5047140.67,0
2045-03-28,73.2744,73.2744,73.2744,73.2744,77672000,0.00%,363281226,394749311726,5691369.2,0
2045-03-29,73.2744,73.2744,73.2744,73.2744,48468000,0.00%,314813226,394749311726,3551463.62,0
2045-03-30,73.2744,73.2744,73.2744,73.2744,49280000,0.00%,265533226,394749311726,3610962.43,0
2045-03-31,73.2744,73.2744,73.2744,73.2744,52052000,0.00%,213481226,394749311726,3814079.07,0
2045-04-03,73.2744,73.2744,73.2744,73.2744,78512000,0.00%,134969226,394749311726,5752919.69,0
2045-04-04,73.2744,73.2744,73.2744,73.2744,54656000,0.00%,80313226,394749311726,4004885.61,0
2045-04-05,73.2744,73.2744,73.2744,73.2744,39900000,0.00%,40413226,394749311726,2923648.56,0
2045-04-06,73.2744,73.3477,73.3477,73.2744,81816000,0.10%,601330001,395392044501,6001015.42,642732774
2045-04-10,73.3477,73.3477,73.3477,73.3477,345408000,0.00%,255922001,395392044501,25334882.36,0
2045-04-11,73.3477,73.3477,73.3477,73.3477,182336000,0.00%,73586001,395392044501,13373926.23,0
2045-04-12,73.3477,73.421,73.421,73.3477,186144000,0.10%,544286665,396048889165,13666878.62,656844664
2045-04-13,73.421,73.421,73.421,73.421,161840000,0.00%,382446665,396048889165,11882454.64,0
2045-04-14,73.421,73.421,73.421,73.421,130451999,0.00%,251994665,396048889165,9577916.29,0
2045-04-17,73.421,73.421,73.421,73.421,84980000,0.00%,167014665,396048889165,6239316.58,0
2045-04-18,73.421,73.421,73.421,73.421,56700000,0.00%,110314665,396048889165,4162970.7,0
2045-04-19,73.421,73.421,73.421,73.421,76496000,0.00%,33818665,396048889165,5616412.82,0
2045-04-20,73.421,73.4944,73.4944,73.421,68544000,0.10%,627492131,396711106631,5037600.15,662217465
2045-04-25,73.4944,73.4944,73.4944,73.4944,67312000,0.00%,560180131,396711106631,4947055.05,0
2045-04-26,73.4944,73.4944,73.4944,73.4944,75600000,0.00%,484580131,396711106631,5556176.64,0
2045-04-27,73.4944,73.4944,73.4944,73.4944,52948000,0.00%,431632131,396711106631,3891381.49,0
2045-04-28,73.4944,73.4944,73.4944,73.4944,80500000,0.00%,351132131,396711106631,5916299.2,0
2045-05-01,73.4944,73.4944,73.4944,73.4944,38668000,0.00%,312464131,396711106631,2841881.46,0
2045-05-02,73.4944,73.4944,73.4944,73.4944,45836000,0.00%,266628131,396711106631,3368689.32,0
2045-05-03,73.4944,73.4944,73.4944,73.4944,42868000,0.00%,223760131,396711106631,3150557.94,0
2045-05-05,73.4944,73.4944,73.4944,73.4944,37072000,0.00%,186688131,396711106631,2724584.4,0
2045-05-09,73.4944,73.4944,73.4944,73.4944,55468000,0.00%,131220131,396711106631,4076587.38,0
2045-05-10,73.4944,73.4944,73.4944,73.4944,71736000,0.00%,59484131,396711106631,5272194.28,0
2045-05-11,73.4944,73.4944,73.4944,73.4944,55496000,0.00%,3988131,396711106631,4078645.22,0
2045-05-12,73.4944,73.5679,73.5679,73.4944,38584000,0.10%,626272648,397371975148,2838543.85,660868517
2045-05-15,73.5679,73.5679,73.5679,73.5679,100380000,0.00%,525892648,397371975148,7384745.8,0
2045-05-16,73.5679,73.5679,73.5679,73.5679,64735999,0.00%,461156648,397371975148,4762491.57,0
2045-05-17,73.5679,73.5679,73.5679,73.5679,68012000,0.00%,393144648,397371975148,5003500.01,0
2045-05-18,73.5679,73.5679,73.5679,73.5679,91839999,0.00%,301304648,397371975148,6756475.94,0
2045-05-19,73.5679,73.5679,73.5679,73.5679,59723999,0.00%,241580648,397371975148,4393769.26,0
2045-05-22,73.5679,73.5679,73.5679,73.5679,62887999,0.00%,178692648,397371975148,4626538.1,0
2045-05-23,73.5679,73.5679,73.5679,73.5679,44212000,0.00%,134480648,397371975148,3252583.99,0
2045-05-24,73.5679,73.5679,73.5679,73.5679,52976000,0.00%,81504648,397371975148,3897333.07,0
2045-05-25,73.5679,73.5679,73.5679,73.5679,39984000,0.00%,41520648,397371975148,2941538.91,0
2045-05-26,73.5679,73.6415,73.6415,73.5679,45528000,0.10%,662606919,398038589419,3352750.21,666614270
2045-05-29,73.6415,73.6415,73.6415,73.6415,48412000,0.00%,614194919,398038589419,3565132.3,0
2045-05-30,73.6415,73.6415,73.6415,73.6415,41972000,0.00%,572222919,398038589419,3090881.04,0
2045-05-31,73.6415,73.6415,73.6415,73.6415,47068000,0.00%,525154919,398038589419,3466158.12,0
2045-06-01,73.6415,73.6415,73.6415,73.6415,54236000,0.00%,470918919,398038589419,3994020.39,0
2045-06-02,73.6415,73.6415,73.6415,73.6415,79184000,0.00%,391734919,398038589419,5831228.54,0
2045-06-05,73.6415,73.6415,73.6415,73.6415,36652000,0.00%,355082919,398038589419,2699108.26,0
2045-06-06,73.6415,73.6415,73.6415,73.6415,40908000,0.00%,314174919,398038589419,3012526.48,0
2045-06-07,73.6415,73.6415,73.6415,73.6415,51464000,0.00%,262710919,398038589419,3789886.16,0
2045-06-08,73.6415,73.6415,73.6415,73.6415,54124000,0.00%,208586919,398038589419,3985772.55,0
2045-06-09,73.6415,73.6415,73.6415,73.6415,36792000,0.00%,171794919,398038589419,2709418.07,0
2045-06-12,73.6415,73.6415,73.6415,73.6415,51744000,0.00%,120050919,398038589419,3810505.78,0
2045-06-13,73.6415,73.6415,73.6415,73.6415,47712000,0.00%,72338919,398038589419,3513583.25,0
2045-06-14,73.6415,73.6415,73.6415,73.6415,41384000,0.00%,30954919,398038589419,3047579.84,0
2045-06-15,73.6415,73.7151,73.7151,73.6415,37436000,0.10%,654598130,398699668630,2759598.48,661079211
2045-06-16,73.7151,73.7151,73.7151,73.7151,53452000,0.00%,601146130,398699668630,3940219.53,0
2045-06-19,73.7151,73.7151,73.7151,73.7151,38584000,0.00%,562562130,398699668630,2844223.42,0
2045-06-20,73.7151,73.7151,73.7151,73.7151,32255999,0.00%,530306130,398699668630,2377754.27,0
2045-06-21,73.7151,73.7151,73.7151,73.7151,42532000,0.00%,487774130,398699668630,3135250.63,0
2045-06-22,73.7151,73.7151,73.7151,73.7151,54292000,0.00%,433482130,398699668630,4002140.21,0
2045-06-23,73.7151,73.7151,73.7151,73.7151,57736000,0.00%,375746130,398699668630,4256015.01,0
2045-06-26,73.7151,73.7151,73.7151,73.7151,39900000,0.00%,335846130,398699668630,2941232.49,0
2045-06-27,73.7151,73.7151,73.7151,73.7151,49756000,0.00%,286090130,398699668630,3667768.52,0
2045-06-28,73.7151,73.7151,73.7151,73.7151,49252000,0.00%,236838130,398699668630,3630616.11,0
2045-06-29,73.7151,73.7151,73.7151,73.7151,42000000,0.00%,194838130,398699668630,3096034.2,0
2045-06-30,73.7151,73.7151,73.7151,73.7151,42504000,0.00%,152334130,398699668630,3133186.61,0
2045-07-03,73.7151,73.7151,73.7151,73.7151,51688000,0.00%,100646130,398699668630,3810186.09,0
2045-07-05,73.7151,73.7151,73.7151,73.7151,50960000,0.00%,49686130,398699668630,3756521.5,0
2045-07-06,73.7151,73.7888,73.7888,73.7151,53088000,0.10%,648731309,399351801809,3917299.81,652133178
2045-07-07,73.7888,73.7888,73.7888,73.7888,41048000,0.00%,607683309,399351801809,3028882.66,0
2045-07-10,73.7888,73.7888,73.7888,73.7888,32563999,0.00%,575119309,399351801809,2402858.48,0
2045-07-11,73.7888,73.7888,73.7888,73.7888,36876000,0.00%,538243309,399351801809,2721035.79,0
2045-07-12,73.7888,73.7888,73.7888,73.7888,49896000,0.00%,488347309,399351801809,3681765.96,0
2045-07-13,73.7888,73.7888,73.7888,73.7888,39284000,0.00%,449063309,399351801809,2898719.22,0
2045-07-14,73.7888,73.7888,73.7888,73.7888,53844000,0.00%,395219309,399351801809,3973084.15,0
2045-07-17,73.7888,73.7888,73.7888,73.7888,32759999,0.00%,362459309,399351801809,2417321.09,0
2045-07-18,73.7888,73.7888,73.7888,73.7888,76860000,0.00%,285599309,399351801809,5671407.17,0
2045-07-19,73.7888,73.7888,73.7888,73.7888,65099999,0.00%,220499309,399351801809,4803650.88,0
2045-07-20,73.7888,73.7888,73.7888,73.7888,38472000,0.00%,182027309,399351801809,2838802.71,0
2045-07-21,73.7888,73.7888,73.7888,73.7888,38584000,0.00%,143443309,399351801809,2847067.06,0
2045-07-24,73.7888,73.7888,73.7888,73.7888,37156000,0.00%,106287309,399351801809,2741696.65,0
2045-07-25,73.7888,73.7888,73.7888,73.7888,49280000,0.00%,57007309,399351801809,3636312.06,0
2045-07-26,73.7888,73.8626,73.8626,73.7888,130871999,0.10%,568222204,399993888704,9666546.19,642086895
2045-07-27,73.8626,73.8626,73.8626,73.8626,67704000,0.00%,500518204,399993888704,5000793.47,0
2045-07-28,73.8626,73.8626,73.8626,73.8626,55692000,0.00%,444826204,399993888704,4113555.92,0
2045-07-31,73.8626,73.8626,73.8626,73.8626,41048000,0.00%,403778204,399993888704,3031912.0,0
2045-08-01,73.8626,73.8626,73.8626,73.8626,47180000,0.00%,356598204,399993888704,3484837.47,0
2045-08-02,73.8626,73.8626,73.8626,73.8626,54208000,0.00%,302390204,399993888704,4003943.82,0
2045-08-03,73.8626,73.8626,73.8626,73.8626,57260000,0.00%,245130204,399993888704,4229372.48,0
2045-08-04,73.8626,73.8626,73.8626,73.8626,59359999,0.00%,185770204,399993888704,4384483.94,0
2045-08-07,73.8626,73.8626,73.8626,73.8626,48552000,0.00%,137218204,399993888704,3586176.96,0
2045-08-08,73.8626,73.8626,73.8626,73.8626,48580000,0.00%,88638204,399993888704,3588245.11,0
2045-08-09,73.8626,73.8626,73.8626,73.8626,58072000,0.00%,30566204,399993888704,4289348.91,0
2045-08-10,73.8626,73.9365,73.9365,73.8626,47432000,0.10%,623174781,400633929281,3506956.07,640040577
2045-08-11,73.9365,73.9365,73.9365,73.9365,37268000,0.00%,585906781,400633929281,2755465.48,0
2045-08-14,73.9365,73.9365,73.9365,73.9365,33011999,0.00%,552894781,400633929281,2440791.74,0
2045-08-15,73.9365,73.9365,73.9365,73.9365,38724000,0.00%,514170781,400633929281,2863117.03,0
2045-08-16,73.9365,73.9365,73.9365,73.9365,105280000,0.00%,408890781,400633929281,7784034.72,0
2045-08-17,73.9365,73.9365,73.9365,73.9365,101752000,0.00%,307138781,400633929281,7523186.75,0
2045-08-18,73.9365,73.9365,73.9365,73.9365,62103999,0.00%,245034781,400633929281,4591752.4,0
2045-08-21,73.9365,73.9365,73.9365,73.9365,49252000,0.00%,195782781,400633929281,3641520.5,0
2045-08-22,73.9365,73.9365,73.9365,73.9365,45808000,0.00%,149974781,400633929281,3386883.19,0
2045-08-23,73.9365,73.9365,73.9365,73.9365,44660000,0.00%,105314781,400633929281,3302004.09,0
2045-08-24,73.9365,73.9365,73.9365,73.9365,40012000,0.00%,65302781,400633929281,2958347.24,0
2045-08-25,73.9365,73.9365,73.9365,73.9365,54264000,0.00%,11038781,400633929281,4012090.24,0
2045-08-28,73.9365,74.0104,74.0104,73.9365,71932000,0.10%,574746944,401269569444,5323716.09,635640162
2045-08-29,74.0104,74.0104,74.0104,74.0104,57848000,0.00%,516898944,401269569444,4281353.62,0
2045-08-30,74.0104,74.0104,74.0104,74.0104,59527999,0.00%,457370944,401269569444,4405691.09,0
2045-08-31,74.0104,74.0104,74.0104,74.0104,60787999,0.00%,396582944,401269569444,4498944.2,0
2045-09-01,74.0104,74.0104,74.0104,74.0104,51044000,0.00%,345538944,401269569444,3777786.86,0
2045-09-04,74.0104,74.0104,74.0104,74.0104,44688000,0.00%,300850944,401269569444,3307376.76,0
2045-09-05,74.0104,74.0104,74.0104,74.0104,41468000,0.00%,259382944,401269569444,3069063.27,0
2045-09-06,74.0104,74.0104,74.0104,74.0104,43456000,0.00%,215926944,401269569444,3216195.94,0
2045-09-07,74.0104,74.0104,74.0104,74.0104,50400000,0.00%,165526944,401269569444,3730124.16,0
2045-09-08,74.0104,74.0104,74.0104,74.0104,53340000,0.00%,112186944,401269569444,3947714.74,0
2045-09-11,74.0104,74.0104,74.0104,74.0104,61095999,0.00%,51090944,401269569444,4521739.4,0
2045-09-12,74.0104,74.0844,74.0844,74.0104,55636000,0.10%,632177017,401906291517,4121759.68,636722073
2045-09-13,74.0844,74.0844,74.0844,74.0844,53732000,0.00%,578445017,401906291517,3980702.98,0
2045-09-14,74.0844,74.0844,74.0844,74.0844,50932000,0.00%,527513017,401906291517,3773266.66,0
2045-09-15,74.0844,74.0844,74.0844,74.0844,58184000,0.00%,469329017,401906291517,4310526.73,0
2045-09-18,74.0844,74.0844,74.0844,74.0844,45836000,0.00%,423493017,401906291517,3395732.56,0
2045-09-19,74.0844,74.0844,74.0844,74.0844,37352000,0.00%,386141017,401906291517,2767200.51,0
2045-09-20,74.0844,74.0844,74.0844,74.0844,62579999,0.00%,323561017,401906291517,4636201.75,0
2045-09-21,74.0844,74.0844,74.0844,74.0844,83972000,0.00%,239589017,401906291517,6221015.24,0
2045-09-22,74.0844,74.0844,74.0844,74.0844,58268000,0.00%,181321017,401906291517,4316749.82,0
2045-09-25,74.0844,74.0844,74.0844,74.0844,36120000,0.00%,145201017,401906291517,2675928.53,0
2045-09-26,74.0844,74.0844,74.0844,74.0844,42812000,0.00%,102389017,401906291517,3171701.33,0
2045-09-27,74.0844,74.0844,74.0844,74.0844,51632000,0.00%,50757017,401906291517,3825125.74,0
2045-09-28,74.0844,74.0844,74.0844,74.0844,48664000,0.00%,2093017,401906291517,3605243.24,0
2045-09-29,74.0844,74.1585,74.1585,74.0844,54600000,0.10%,587766046,402546564546,4049054.1,640273028
2045-10-02,74.1585,74.1585,74.1585,74.1585,57372000,0.00%,530394046,402546564546,4254621.46,0
2045-10-03,74.1585,74.1585,74.1585,74.1585,57708000,0.00%,472686046,402546564546,4279538.72,0
2045-10-05,74.1585,74.1585,74.1585,74.1585,47992000,0.00%,424694046,402546564546,3559014.73,0
2045-10-06,74.1585,74.1585,74.1585,74.1585,19964000,0.00%,404730046,402546564546,1480500.29,0
2045-10-09,74.1585,74.1585,74.1585,74.1585,21924000,0.00%,382806046,402546564546,1625850.95,0
2045-10-11,74.1585,74.1585,74.1585,74.1585,29511999,0.00%,353294046,402546564546,2188565.65,0
2045-10-12,74.1585,74.1585,74.1585,74.1585,40460000,0.00%,312834046,402546564546,3000452.91,0
2045-10-13,74.1585,74.1585,74.1585,74.1585,55720000,0.00%,257114046,402546564546,4132111.62,0
2045-10-16,74.1585,74.1585,74.1585,74.1585,106428000,0.00%,150686046,402546564546,7892540.84,0
2045-10-17,74.1585,74.1585,74.1585,74.1585,75040000,0.00%,75646046,402546564546,5564853.84,0
2045-10-18,74.1585,74.1585,74.1585,74.1585,51464000,0.00%,24182046,402546564546,3816493.04,0
2045-10-19,74.1585,74.2327,74.2327,74.1585,40012000,0.10%,624805233,403187199733,2970198.79,640635187
2045-10-20,74.2327,74.2327,74.2327,74.2327,52220000,0.00%,572585233,403187199733,3876431.59,0
2045-10-23,74.2327,74.2327,74.2327,74.2327,41888000,0.00%,530697233,403187199733,3109459.34,0
2045-10-24,74.2327,74.2327,74.2327,74.2327,39676000,0.00%,491021233,403187199733,2945256.61,0
2045-10-25,74.2327,74.2327,74.2327,74.2327,27944000,0.00%,463077233,403187199733,2074358.57,0
2045-10-26,74.2327,74.2327,74.2327,74.2327,34776000,0.00%,428301233,403187199733,2581516.38,0
2045-10-27,74.2327,74.2327,74.2327,74.2327,33600000,0.00%,394701233,403187199733,2494218.72,0
2045-10-30,74.2327,74.2327,74.2327,74.2327,44912000,0.00%,349789233,403187199733,3333939.02,0
2045-10-31,74.2327,74.2327,74.2327,74.2327,45640000,0.00%,304149233,403187199733,3387980.43,0
2045-11-02,74.2327,74.2327,74.2327,74.2327,60955999,0.00%,243193233,403187199733,4524928.46,0
2045-11-03,74.2327,74.2327,74.2327,74.2327,57624000,0.00%,185569233,403187199733,4277585.1,0
2045-11-06,74.2327,74.2327,74.2327,74.2327,32451999,0.00%,153117233,403187199733,2408999.58,0
2045-11-07,74.2327,74.2327,74.2327,74.2327,41916000,0.00%,111201233,403187199733,3111537.85,0
2045-11-08,74.2327,74.2327,74.2327,74.2327,37268000,0.00%,73933233,403187199733,2766504.26,0
2045-11-09,74.2327,74.2327,74.2327,74.2327,36624000,0.00%,37309233,403187199733,2718698.4,0
2045-11-10,74.2327,74.2327,74.2327,74.2327,37268000,0.00%,41233,403187199733,2766504.26,0
2045-11-13,74.2327,74.3069,74.3069,74.2327,40628000,0.10%,598907022,403826693522,3018940.73,639493789
2045-11-14,74.3069,74.3069,74.3069,74.3069,36652000,0.00%,562255022,403826693522,2723496.5,0
2045-11-15,74.3069,74.3069,74.3069,74.3069,38248000,0.00%,524007022,403826693522,2842090.31,0
2045-11-16,74.3069,74.3069,74.3069,74.3069,48440000,0.00%,475567022,403826693522,3599426.24,0
2045-11-17,74.3069,74.3069,74.3069,74.3069,55888000,0.00%,419679022,403826693522,4152864.03,0
2045-11-20,74.3069,74.3069,74.3069,74.3069,38612000,0.00%,381067022,403826693522,2869138.02,0
2045-11-21,74.3069,74.3069,74.3069,74.3069,52696000,0.00%,328371022,403826693522,3915676.4,0
2045-11-22,74.3069,74.3069,74.3069,74.3069,39088000,0.00%,289283022,403826693522,2904508.11,0
2045-11-23,74.3069,74.3069,74.3069,74.3069,39256000,0.00%,250027022,403826693522,2916991.67,0
2045-11-24,74.3069,74.3069,74.3069,74.3069,66443999,0.00%,183583022,403826693522,4937247.66,0
2045-11-27,74.3069,74.3069,74.3069,74.3069,62663999,0.00%,120919022,403826693522,4656367.58,0
2045-11-28,74.3069,74.3069,74.3069,74.3069,41664000,0.00%,79255022,403826693522,3095922.68,0
2045-11-29,74.3069,74.3069,74.3069,74.3069,40404000,0.00%,38851022,403826693522,3002295.99,0
2045-11-30,74.3069,74.3812,74.3812,74.3069,43372000,0.10%,637855331,404469069831,3226061.41,642376308
2045-12-01,74.3812,74.3812,74.3812,74.3812,37016000,0.00%,600839331,404469069831,2753294.5,0
2045-12-04,74.3812,74.3812,74.3812,74.3812,35392000,0.00%,565447331,404469069831,2632499.43,0
2045-12-05,74.3812,74.3812,74.3812,74.3812,32087999,0.00%,533359331,404469069831,2386743.95,0
2045-12-06,74.3812,74.3812,74.3812,74.3812,30799999,0.00%,502559331,404469069831,2290940.96,0
2045-12-07,74.3812,74.3812,74.3812,74.3812,42924000,0.00%,459635331,404469069831,3192738.63,0
2045-12-08,74.3812,74.3812,74.3812,74.3812,40992000,0.00%,418643331,404469069831,3049034.15,0
2045-12-11,74.3812,74.3812,74.3812,74.3812,37576000,0.00%,381067331,404469069831,2794947.97,0
2045-12-12,74.3812,74.3812,74.3812,74.3812,48804000,0.00%,332263331,404469069831,3630100.08,0
2045-12-13,74.3812,74.3812,74.3812,74.3812,41300000,0.00%,290963331,404469069831,3071943.56,0
2045-12-14,74.3812,74.3812,74.3812,74.3812,34944000,0.00%,256019331,404469069831,2599176.65,0
2045-12-15,74.3812,74.3812,74.3812,74.3812,49924000,0.00%,206095331,404469069831,3713407.03,0
2045-12-18,74.3812,74.3812,74.3812,74.3812,42476000,0.00%,163619331,404469069831,3159415.85,0
2045-12-19,74.3812,74.3812,74.3812,74.3812,44772000,0.00%,118847331,404469069831,3330195.09,0
2045-12-20,74.3812,74.3812,74.3812,74.3812,41496000,0.00%,77351331,404469069831,3086522.28,0
2045-12-21,74.3812,74.3812,74.3812,74.3812,28420000,0.00%,48931331,404469069831,2113913.7,0
2045-12-22,74.3812,74.4556,74.4556,74.3812,49756000,0.10%,621709949,405091604449,3704612.83,622534617
2045-12-25,74.4556,74.4556,74.4556,74.4556,38836000,0.00%,582873949,405091604449,2891557.68,0
2045-12-26,74.4556,74.4556,74.4556,74.4556,43736000,0.00%,539137949,405091604449,3256390.12,0
2045-12-27,74.4556,74.4556,74.4556,74.4556,20496000,0.00%,518641949,405091604449,1526041.98,0
2046-01-01,74.4556,74.4556,74.4556,74.4556,52725000,0.00%,465916949,405091604449,3925671.51,0
2046-01-02,74.4556,74.4556,74.4556,74.4556,38703000,0.00%,427213949,405091604449,2881655.09,0
2046-01-03,74.4556,74.4556,74.4556,74.4556,30894000,0.00%,396319949,405091604449,2300231.31,0
2046-01-05,74.4556,74.4556,74.4556,74.4556,46170000,0.00%,350149949,405091604449,3437615.05,0
2046-01-08,74.4556,74.4556,74.4556,74.4556,56857500,0.00%,293292449,405091604449,4233359.28,0
2046-01-09,74.4556,74.4556,74.4556,74.4556,68884500,0.00%,224407949,405091604449,5128836.78,0
2046-01-10,74.4556,74.4556,74.4556,74.4556,60933000,0.00%,163474949,405091604449,4536803.07,0
2046-01-11,74.4556,74.4556,74.4556,74.4556,53409000,0.00%,110065949,405091604449,3976599.14,0
2046-01-12,74.4556,74.4556,74.4556,74.4556,50758500,0.00%,59307449,405091604449,3779254.57,0
2046-01-15,74.4556,74.5301,74.5301,74.4556,78460500,0.10%,590082353,405700839853,5847668.91,609235404
2046-01-16,74.5301,74.5301,74.5301,74.5301,68998500,0.00%,521083853,405700839853,5142465.1,0
2046-01-17,74.5301,74.5301,74.5301,74.5301,81738000,0.00%,439345853,405700839853,6091941.31,0
2046-01-18,74.5301,74.5301,74.5301,74.5301,74641500,0.00%,364704353,405700839853,5563038.46,0
2046-01-19,74.5301,74.5301,74.5301,74.5301,58767000,0.00%,305937353,405700839853,4379910.39,0
2046-01-22,74.5301,74.5301,74.5301,74.5301,37705500,0.00%,268231853,405700839853,2810194.69,0
2046-01-23,74.5301,74.5301,74.5301,74.5301,69340500,0.00%,198891353,405700839853,5167954.4,0
2046-01-24,74.5301,74.5301,74.5301,74.5301,45600000,0.00%,153291353,405700839853,3398572.56,0
2046-01-25,74.5301,74.5301,74.5301,74.5301,77434500,0.00%,75856853,405700839853,5771201.03,0
2046-01-26,74.5301,74.5301,74.5301,74.5301,54663000,0.00%,21193853,405700839853,4074038.86,0
2046-01-29,74.5301,74.6046,74.6046,74.5301,49704000,0.10%,588132103,406317482103,3708147.04,616642250
2046-01-30,74.6046,74.6046,74.6046,74.6046,68086500,0.00%,520045603,406317482103,5079566.1,0
2046-01-31,74.6046,74.6046,74.6046,74.6046,72903000,0.00%,447142603,406317482103,5438899.15,0
2046-02-01,74.6046,74.6046,74.6046,74.6046,65407500,0.00%,381735103,406317482103,4879700.37,0
2046-02-02,74.6046,74.6046,74.6046,74.6046,61218000,0.00%,320517103,406317482103,4567144.4,0
2046-02-05,74.6046,74.6046,74.6046,74.6046,79600500,0.00%,240916603,406317482103,5938563.46,0
2046-02-06,74.6046,74.6046,74.6046,74.6046,185620499,0.00%,55296103,406317482103,13848143.15,0
2046-02-07,74.6046,74.6792,74.6792,74.6046,172054500,0.10%,503706875,406937947375,12848892.42,620465271
2046-02-08,74.6792,74.6792,74.6792,74.6792,226033500,0.00%,277673375,406937947375,16880000.95,0
2046-02-09,74.6792,74.6792,74.6792,74.6792,100890000,0.00%,176783375,406937947375,7534384.49,0
2046-02-12,74.6792,74.6792,74.6792,74.6792,75183000,0.00%,101600375,406937947375,5614606.29,0
2046-02-13,74.6792,74.6792,74.6792,74.6792,83248500,0.00%,18351875,406937947375,6216931.38,0
2046-02-14,74.6792,74.7539,74.7539,74.6792,67716000,0.10%,584211506,407571523006,5062035.09,633575631
2046-02-15,74.7539,74.7539,74.7539,74.7539,113401500,0.00%,470810006,407571523006,8477204.39,0
2046-02-16,74.7539,74.7539,74.7539,74.7539,76665000,0.00%,394145006,407571523006,5731007.74,0
2046-02-19,74.7539,74.7539,74.7539,74.7539,20577000,0.00%,373568006,407571523006,1538211.0,0
2046-02-23,74.7539,74.7539,74.7539,74.7539,60847500,0.00%,312720506,407571523006,4548587.93,0
2046-02-26,74.7539,74.7539,74.7539,74.7539,63099000,0.00%,249621506,407571523006,4716896.34,0
2046-02-27,74.7539,74.7539,74.7539,74.7539,102970500,0.00%,146651006,407571523006,7697446.46,0
2046-02-28,74.7539,74.7539,74.7539,74.7539,65094000,0.00%,81557006,407571523006,4866030.37,0
2046-03-01,74.7539,74.7539,74.7539,74.7539,72817500,0.00%,8739506,407571523006,5443392.11,0
2046-03-02,74.7539,74.8286,74.8286,74.7539,91855499,0.10%,557780411,408212419411,6873418.47,640896405
2046-03-05,74.8286,74.8286,74.8286,74.8286,87837000,0.00%,469943411,408212419411,6572719.74,0
2046-03-06,74.8286,74.8286,74.8286,74.8286,78004500,0.00%,391938911,408212419411,5836967.53,0
2046-03-07,74.8286,74.8286,74.8286,74.8286,93964500,0.00%,297974411,408212419411,7031231.98,0
2046-03-08,74.8286,74.8286,74.8286,74.8286,68286000,0.00%,229688411,408212419411,5109745.78,0
2046-03-09,74.8286,74.8286,74.8286,74.8286,86526000,0.00%,143162411,408212419411,6474619.44,0
2046-03-12,74.8286,74.8286,74.8286,74.8286,89433000,0.00%,53729411,408212419411,6692146.18,0
2046-03-13,74.8286,74.9035,74.9035,74.8286,164901000,0.10%,536016329,408859607329,12351662.05,647187917
2046-03-14,74.9035,74.9035,74.9035,74.9035,135717000,0.00%,400299329,408859607329,10165678.31,0
2046-03-15,74.9035,74.9035,74.9035,74.9035,56031000,0.00%,344268329,408859607329,4196918.01,0
2046-03-16,74.9035,74.9035,74.9035,74.9035,48963000,0.00%,295305329,408859607329,3667500.07,0
2046-03-19,74.9035,74.9035,74.9035,74.9035,69027000,0.00%,226278329,408859607329,5170363.89,0
2046-03-20,74.9035,74.9035,74.9035,74.9035,65179500,0.00%,161098829,408859607329,4882172.68,0
2046-03-21,74.9035,74.9035,74.9035,74.9035,60847500,0.00%,100251329,408859607329,4557690.72,0
2046-03-22,74.9035,74.9784,74.9784,74.9035,169375500,0.10%,583826472,409512557972,12699503.99,652950642
2046-03-23,74.9784,74.9784,74.9784,74.9784,71022000,0.00%,512804472,409512557972,5325115.92,0
2046-03-26,74.9784,74.9784,74.9784,74.9784,100092000,0.00%,412712472,409512557972,7504738.01,0
2046-03-27,74.9784,74.9784,74.9784,74.9784,83676000,0.00%,329036472,409512557972,6273892.6,0
2046-03-28,74.9784,74.9784,74.9784,74.9784,106447500,0.00%,222588972,409512557972,7981263.23,0
2046-03-29,74.9784,74.9784,74.9784,74.9784,64467000,0.00%,158121972,409512557972,4833632.51,0
2046-03-30,74.9784,74.9784,74.9784,74.9784,57997500,0.00%,100124472,409512557972,4348559.75,0
2046-04-02,74.9784,74.9784,74.9784,74.9784,80968500,0.00%,19155972,409512557972,6070888.58,0
2046-04-03,74.9784,75.0533,75.0533,74.9784,73530000,0.10%,593117097,410160049097,5518669.15,647491125
2046-04-04,75.0533,75.0533,75.0533,75.0533,60648000,0.00%,532469097,410160049097,4551832.54,0
2046-04-05,75.0533,75.0533,75.0533,75.0533,48535500,0.00%,483933597,410160049097,3642749.44,0
2046-04-11,75.0533,75.0533,75.0533,75.0533,93651000,0.00%,390282597,410160049097,7028816.6,0
2046-04-12,75.0533,75.0533,75.0533,75.0533,59052000,0.00%,331230597,410160049097,4432047.47,0
2046-04-13,75.0533,75.0533,75.0533,75.0533,58909500,0.00%,272321097,410160049097,4421352.38,0
2046-04-16,75.0533,75.0533,75.0533,75.0533,60249000,0.00%,212072097,410160049097,4521886.27,0
2046-04-17,75.0533,75.0533,75.0533,75.0533,50815500,0.00%,161256597,410160049097,3813870.97,0
2046-04-18,75.0533,75.0533,75.0533,75.0533,57826500,0.00%,103430097,410160049097,4340069.65,0
2046-04-19,75.0533,75.0533,75.0533,75.0533,64296000,0.00%,39134097,410160049097,4825626.98,0
2046-04-20,75.0533,75.1284,75.1284,75.0533,39187500,0.10%,639585297,410799687797,2944094.18,639638699
2046-04-23,75.1284,75.1284,75.1284,75.1284,66775500,0.00%,572809797,410799687797,5016736.47,0
2046-04-24,75.1284,75.1284,75.1284,75.1284,37363500,0.00%,535446297,410799687797,2807059.97,0
2046-04-25,75.1284,75.1284,75.1284,75.1284,66034500,0.00%,469411797,410799687797,4961066.33,0
2046-04-26,75.1284,75.1284,75.1284,75.1284,66975000,0.00%,402436797,410799687797,5031724.59,0
2046-04-27,75.1284,75.1284,75.1284,75.1284,52924500,0.00%,349512297,410799687797,3976133.01,0
2046-04-30,75.1284,75.1284,75.1284,75.1284,128392500,0.00%,221119797,410799687797,9645923.1,0
2046-05-01,75.1284,75.1284,75.1284,75.1284,73501500,0.00%,147618297,410799687797,5522050.09,0
2046-05-02,75.1284,75.1284,75.1284,75.1284,55062000,0.00%,92556297,410799687797,4136719.96,0
2046-05-03,75.1284,75.2035,75.2035,75.1284,109468500,0.10%,621491476,411438091476,8232414.34,638403679
2046-05-07,75.2035,75.2035,75.2035,75.2035,67716000,0.00%,553775476,411438091476,5092480.21,0
2046-05-08,75.2035,75.2035,75.2035,75.2035,37050000,0.00%,516725476,411438091476,2786289.68,0
2046-05-09,75.2035,75.2035,75.2035,75.2035,126454500,0.00%,390270976,411438091476,9509820.99,0
2046-05-10,75.2035,75.2035,75.2035,75.2035,116821500,0.00%,273449476,411438091476,8785385.68,0
2046-05-11,75.2035,75.2035,75.2035,75.2035,71848500,0.00%,201600976,411438091476,5403258.67,0
2046-05-14,75.2035,75.2035,75.2035,75.2035,79258500,0.00%,122342476,411438091476,5960516.6,0
2046-05-15,75.2035,75.2035,75.2035,75.2035,92539500,0.00%,29802976,411438091476,6959294.29,0
2046-05-16,75.2035,75.2787,75.2787,75.2035,75867000,0.10%,574913320,412059068820,5711169.13,620977344
2046-05-17,75.2787,75.2787,75.2787,75.2787,112119000,0.00%,462794320,412059068820,8440172.57,0
2046-05-18,75.2787,75.2787,75.2787,75.2787,75382500,0.00%,387411820,412059068820,5674696.6,0
2046-05-21,75.2787,75.2787,75.2787,75.2787,84075000,0.00%,303336820,412059068820,6329056.7,0
2046-05-22,75.2787,75.2787,75.2787,75.2787,96159000,0.00%,207177820,412059068820,7238724.51,0
2046-05-23,75.2787,75.2787,75.2787,75.2787,53950500,0.00%,153227320,412059068820,4061323.5,0
2046-05-24,75.2787,75.2787,75.2787,75.2787,113002500,0.00%,40224820,412059068820,8506681.3,0
2046-05-25,75.2787,75.354,75.354,75.2787,68400000,0.10%,580871538,412668115538,5154213.6,609046717
2046-05-29,75.354,75.354,75.354,75.354,93479999,0.00%,487391538,412668115538,7044091.92,0
2046-05-30,75.354,75.354,75.354,75.354,70851000,0.00%,416540538,412668115538,5338906.25,0
2046-05-31,75.354,75.354,75.354,75.354,120270000,0.00%,296270538,412668115538,9062825.58,0
2046-06-01,75.354,75.354,75.354,75.354,136828500,0.00%,159442038,412668115538,10310574.79,0
2046-06-04,75.354,75.354,75.354,75.354,100206000,0.00%,59236038,412668115538,7550922.92,0
2046-06-05,75.354,75.4294,75.4294,75.354,290329500,0.10%,374477320,413273686320,21899379.99,605570781
2046-06-06,75.4294,75.4294,75.4294,75.4294,139935000,0.00%,234542320,413273686320,10555213.09,0
2046-06-07,75.4294,75.4294,75.4294,75.4294,82792500,0.00%,151749820,413273686320,6244988.6,0
2046-06-08,75.4294,75.4294,75.4294,75.4294,90202500,0.00%,61547320,413273686320,6803920.45,0
2046-06-11,75.4294,75.5048,75.5048,75.4294,82707000,0.10%,593494520,413888340520,6244775.49,614654200
2046-06-12,75.5048,75.5048,75.5048,75.5048,106561500,0.00%,486933020,413888340520,8045904.75,0
2046-06-13,75.5048,75.5048,75.5048,75.5048,102001500,0.00%,384931520,413888340520,7701602.86,0
2046-06-14,75.5048,75.5048,75.5048,75.5048,81453000,0.00%,303478520,413888340520,6150092.47,0
2046-06-15,75.5048,75.5048,75.5048,75.5048,63640500,0.00%,239838020,413888340520,4805163.22,0
2046-06-18,75.5048,75.5048,75.5048,75.5048,56287500,0.00%,183550520,413888340520,4249976.43,0
2046-06-19,75.5048,75.5048,75.5048,75.5048,69312000,0.00%,114238520,413888340520,5233388.7,0
2046-06-20,75.5048,75.5048,75.5048,75.5048,48336000,0.00%,65902520,413888340520,3649600.01,0
2046-06-21,75.5048,75.5803,75.5803,75.5048,85842000,0.10%,592754045,414501034045,6487964.11,612693524
2046-06-25,75.5803,75.5803,75.5803,75.5803,89946000,0.00%,502808045,414501034045,6798145.66,0
2046-06-26,75.5803,75.5803,75.5803,75.5803,123804000,0.00%,379004045,414501034045,9357143.46,0
2046-06-27,75.5803,75.5803,75.5803,75.5803,113886000,0.00%,265118045,414501034045,8607538.05,0
2046-06-28,75.5803,75.5803,75.5803,75.5803,83989500,0.00%,181128545,414501034045,6347951.61,0
2046-06-29,75.5803,75.5803,75.5803,75.5803,90829500,0.00%,90299045,414501034045,6864920.86,0
2046-07-02,75.5803,75.6559,75.6559,75.5803,94249500,0.10%,616691079,415121675579,7130530.75,620641533
2046-07-03,75.6559,75.6559,75.6559,75.6559,111121500,0.00%,505569579,415121675579,8406997.09,0
2046-07-05,75.6559,75.6559,75.6559,75.6559,116593500,0.00%,388976079,415121675579,8820986.18,0
2046-07-06,75.6559,75.6559,75.6559,75.6559,71136000,0.00%,317840079,415121675579,5381858.1,0
2046-07-09,75.6559,75.6559,75.6559,75.6559,118275000,0.00%,199565079,415121675579,8948201.57,0
2046-07-10,75.6559,75.6559,75.6559,75.6559,157947000,0.00%,41618079,415121675579,11949622.44,0
2046-07-11,75.6559,75.7315,75.7315,75.6559,160398000,0.10%,489524892,415729980392,12147181.14,608304813
2046-07-12,75.7315,75.7315,75.7315,75.7315,120840000,0.00%,368684892,415729980392,9151394.46,0
2046-07-13,75.7315,75.7315,75.7315,75.7315,115254000,0.00%,253430892,415729980392,8728358.3,0
2046-07-16,75.7315,75.7315,75.7315,75.7315,87324000,0.00%,166106892,415729980392,6613177.51,0
2046-07-17,75.7315,75.7315,75.7315,75.7315,94420500,0.00%,71686392,415729980392,7150606.1,0
2046-07-18,75.7315,75.7315,75.7315,75.7315,56743500,0.00%,14942892,415729980392,4297270.37,0
2046-07-19,75.7315,75.8073,75.8073,75.7315,57513000,0.10%,573970326,416346520826,4359905.24,616540434
2046-07-20,75.8073,75.8073,75.8073,75.8073,42066000,0.00%,531904326,416346520826,3188909.88,0
2046-07-23,75.8073,75.8073,75.8073,75.8073,48193500,0.00%,483710826,416346520826,3653419.11,0
2046-07-24,75.8073,75.8073,75.8073,75.8073,56458500,0.00%,427252326,416346520826,4279966.45,0
2046-07-25,75.8073,75.8073,75.8073,75.8073,57855000,0.00%,369397326,416346520826,4385831.34,0
2046-07-26,75.8073,75.8073,75.8073,75.8073,44716500,0.00%,324680826,416346520826,3389837.13,0
2046-07-27,75.8073,75.8073,75.8073,75.8073,47766000,0.00%,276914826,416346520826,3621011.49,0
2046-07-30,75.8073,75.8073,75.8073,75.8073,234526500,0.00%,42388326,416346520826,17778820.74,0
2046-07-31,75.8073,75.8831,75.8831,75.8073,307885500,0.10%,356815824,416968833824,23363306.19,622312998
2046-08-01,75.8831,75.8831,75.8831,75.8831,321651000,0.00%,35164824,416968833824,24407875.0,0
2046-08-02,75.8831,75.959,75.959,75.8831,207765000,0.10%,465730443,417607164443,15781621.63,638330619
2046-08-03,75.959,75.959,75.959,75.959,115311000,0.00%,350419443,417607164443,8758908.25,0
2046-08-06,75.959,75.959,75.959,75.959,83932500,0.00%,266486943,417607164443,6375428.77,0
2046-08-07,75.959,76.0349,76.0349,75.959,335758500,0.10%,575113139,418251549139,25529363.97,644384695
2046-08-08,76.0349,76.0349,76.0349,76.0349,131385000,0.00%,443728139,418251549139,9989845.34,0
2046-08-09,76.0349,76.0349,76.0349,76.0349,167095500,0.00%,276632639,418251549139,12705089.63,0
2046-08-10,76.0349,76.0349,76.0349,76.0349,122407500,0.00%,154225139,418251549139,9307242.02,0
2046-08-13,76.0349,76.0349,76.0349,76.0349,116736000,0.00%,37489139,418251549139,8876010.09,0
2046-08-14,76.0349,76.1109,76.1109,76.0349,116508000,0.10%,585287583,418915855583,8867528.74,664306443
2046-08-15,76.1109,76.1109,76.1109,76.1109,57427500,0.00%,527860083,418915855583,4370858.71,0
2046-08-16,76.1109,76.1109,76.1109,76.1109,46597500,0.00%,481262583,418915855583,3546577.66,0
2046-08-17,76.1109,76.1109,76.1109,76.1109,75297000,0.00%,405965583,418915855583,5730922.44,0
2046-08-20,76.1109,76.1109,76.1109,76.1109,82707000,0.00%,323258583,418915855583,6294904.21,0
2046-08-21,76.1109,76.1109,76.1109,76.1109,122949000,0.00%,200309583,418915855583,9357759.04,0
2046-08-22,76.1109,76.1109,76.1109,76.1109,75810000,0.00%,124499583,418915855583,5769967.33,0
2046-08-23,76.1109,76.1871,76.1871,76.1109,145635000,0.10%,650448038,419587439038,11095508.31,671583454
2046-08-24,76.1871,76.1871,76.1871,76.1871,148599000,0.00%,501849038,419587439038,11321326.87,0
2046-08-27,76.1871,76.1871,76.1871,76.1871,127167000,0.00%,374682038,419587439038,9688484.95,0
2046-08-28,76.1871,76.1871,76.1871,76.1871,141132000,0.00%,233550038,419587439038,10752437.8,0
2046-08-29,76.1871,76.1871,76.1871,76.1871,117505500,0.00%,116044538,419587439038,8952403.28,0
2046-08-30,76.1871,76.1871,76.1871,76.1871,49305000,0.00%,66739538,419587439038,3756404.97,0
2046-08-31,76.1871,76.2632,76.2632,76.1871,66861000,0.10%,685765834,420273326334,5099033.82,685887296
2046-09-03,76.2632,76.2632,76.2632,76.2632,52668000,0.00%,633097834,420273326334,4016630.22,0
2046-09-04,76.2632,76.2632,76.2632,76.2632,148713000,0.00%,484384834,420273326334,11341329.26,0
2046-09-05,76.2632,76.2632,76.2632,76.2632,100605000,0.00%,383779834,420273326334,7672459.24,0
2046-09-06,76.2632,76.2632,76.2632,76.2632,115339500,0.00%,268440334,420273326334,8796159.36,0
2046-09-07,76.2632,76.2632,76.2632,76.2632,77349000,0.00%,191091334,420273326334,5898882.26,0
2046-09-10,76.2632,76.2632,76.2632,76.2632,76294500,0.00%,114796834,420273326334,5818462.71,0
2046-09-11,76.2632,76.2632,76.2632,76.2632,71136000,0.00%,43660834,420273326334,5425059.0,0
2046-09-12,76.2632,76.3395,76.3395,76.2632,94050000,0.10%,646655103,420970370603,7179729.98,697044269
2046-09-13,76.3395,76.3395,76.3395,76.3395,154156500,0.00%,492498603,420970370603,11768230.13,0
2046-09-14,76.3395,76.3395,76.3395,76.3395,101659500,0.00%,390839103,420970370603,7760635.4,0
2046-09-17,76.3395,76.3395,76.3395,76.3395,79287000,0.00%,311552103,420970370603,6052729.94,0
2046-09-18,76.3395,76.3395,76.3395,76.3395,56743500,0.00%,254808603,420970370603,4331770.42,0
2046-09-19,76.3395,76.3395,76.3395,76.3395,103084500,0.00%,151724103,420970370603,7869419.19,0
2046-09-20,76.3395,76.3395,76.3395,76.3395,69882000,0.00%,81842103,420970370603,5334756.94,0
2046-09-21,76.3395,76.3395,76.3395,76.3395,68343000,0.00%,13499103,420970370603,5217270.45,0
2046-09-24,76.3395,76.4158,76.4158,76.3395,44203500,0.10%,677298841,421678373841,3377845.82,708003237
2046-09-25,76.4158,76.4158,76.4158,76.4158,47195999,0.00%,630102841,421678373841,3606520.1,0
2046-09-27,76.4158,76.4158,76.4158,76.4158,63298500,0.00%,566804341,421678373841,4837005.52,0
2046-09-28,76.4158,76.4158,76.4158,76.4158,47481000,0.00%,519323341,421678373841,3628298.6,0
2046-10-01,76.4158,76.4158,76.4158,76.4158,51214500,0.00%,468108841,421678373841,3913596.99,0
2046-10-02,76.4158,76.4158,76.4158,76.4158,59707500,0.00%,408401341,421678373841,4562596.38,0
2046-10-03,76.4158,76.4158,76.4158,76.4158,52012500,0.00%,356388841,421678373841,3974576.8,0
2046-10-04,76.4158,76.4158,76.4158,76.4158,49419000,0.00%,306969841,421678373841,3776392.42,0
2046-10-08,76.4158,76.4158,76.4158,76.4158,33402000,0.00%,273567841,421678373841,2552440.55,0
2046-10-09,76.4158,76.4158,76.4158,76.4158,33858000,0.00%,239709841,421678373841,2587286.16,0
2046-10-10,76.4158,76.4158,76.4158,76.4158,30922500,0.00%,208787341,421678373841,2362967.58,0
2046-10-11,76.4158,76.4158,76.4158,76.4158,41467500,0.00%,167319841,421678373841,3168772.19,0
2046-10-12,76.4158,76.4158,76.4158,76.4158,84958500,0.00%,82361341,421678373841,6492171.74,0
2046-10-15,76.4158,76.4158,76.4158,76.4158,74670000,0.00%,7691341,421678373841,5705967.79,0
2046-10-16,76.4158,76.4923,76.4923,76.4158,46882500,0.10%,668526251,422386091251,3586150.25,707717410
2046-10-19,76.4923,76.4923,76.4923,76.4923,83020500,0.00%,585505751,422386091251,6350428.99,0
2046-10-22,76.4923,76.4923,76.4923,76.4923,59080500,0.00%,526425251,422386091251,4519203.33,0
2046-10-23,76.4923,76.4923,76.4923,76.4923,43975500,0.00%,482449751,422386091251,3363787.14,0
2046-10-24,76.4923,76.4923,76.4923,76.4923,93252000,0.00%,389197751,422386091251,7133059.96,0
2046-10-25,76.4923,76.4923,76.4923,76.4923,47538000,0.00%,341659751,422386091251,3636290.96,0
2046-10-26,76.4923,76.4923,76.4923,76.4923,36309000,0.00%,305350751,422386091251,2777358.92,0
2046-10-29,76.4923,76.4923,76.4923,76.4923,34941000,0.00%,270409751,422386091251,2672717.45,0
2046-10-30,76.4923,76.4923,76.4923,76.4923,43633500,0.00%,226776251,422386091251,3337626.77,0
2046-10-31,76.4923,76.4923,76.4923,76.4923,53352000,0.00%,173424251,422386091251,4081017.19,0
2046-11-01,76.4923,76.4923,76.4923,76.4923,38959500,0.00%,134464751,422386091251,2980101.76,0
2046-11-02,76.4923,76.4923,76.4923,76.4923,46854000,0.00%,87610751,422386091251,3583970.22,0
2046-11-05,76.4923,76.4923,76.4923,76.4923,64552500,0.00%,23058251,422386091251,4937769.2,0
2046-11-06,76.4923,76.5688,76.5688,76.4923,94078499,0.10%,637831500,423094943000,7203477.85,708851749
2046-11-07,76.5688,76.5688,76.5688,76.5688,55176000,0.00%,582655500,423094943000,4224760.11,0
2046-11-08,76.5688,76.5688,76.5688,76.5688,46854000,0.00%,535801500,423094943000,3587554.56,0
2046-11-09,76.5688,76.5688,76.5688,76.5688,57057000,0.00%,478744500,423094943000,4368786.02,0
2046-11-12,76.5688,76.5688,76.5688,76.5688,63669000,0.00%,415075500,423094943000,4875058.93,0
2046-11-13,76.5688,76.5688,76.5688,76.5688,38788500,0.00%,376287000,423094943000,2969988.9,0
2046-11-14,76.5688,76.5688,76.5688,76.5688,87267000,0.00%,289020000,423094943000,6681929.47,0
2046-11-15,76.5688,76.5688,76.5688,76.5688,102714000,0.00%,186306000,423094943000,7864687.72,0
2046-11-16,76.5688,76.5688,76.5688,76.5688,67915500,0.00%,118390500,423094943000,5200208.34,0
2046-11-19,76.5688,76.5688,76.5688,76.5688,55261500,0.00%,63129000,423094943000,4231306.74,0
2046-11-20,76.5688,76.6453,76.6453,76.5688,80541000,0.10%,693110773,423805465773,6173089.11,710522773
2046-11-21,76.6453,76.6453,76.6453,76.6453,61104000,0.00%,632006773,423805465773,4683334.41,0
2046-11-22,76.6453,76.6453,76.6453,76.6453,55062000,0.00%,576944773,423805465773,4220243.51,0
2046-11-23,76.6453,76.6453,76.6453,76.6453,43348500,0.00%,533596273,423805465773,3322458.79,0
2046-11-26,76.6453,76.6453,76.6453,76.6453,41866500,0.00%,491729773,423805465773,3208870.45,0
2046-11-27,76.6453,76.6453,76.6453,76.6453,53380500,0.00%,438349273,423805465773,4091364.44,0
2046-11-28,76.6453,76.6453,76.6453,76.6453,74157000,0.00%,364192273,423805465773,5683785.51,0
2046-11-29,76.6453,76.6453,76.6453,76.6453,48279000,0.00%,315913273,423805465773,3700358.44,0
2046-11-30,76.6453,76.6453,76.6453,76.6453,93736500,0.00%,222176773,423805465773,7184462.16,0
2046-12-03,76.6453,76.6453,76.6453,76.6453,55603500,0.00%,166573273,423805465773,4261746.94,0
2046-12-04,76.6453,76.6453,76.6453,76.6453,101431500,0.00%,65141773,423805465773,7774247.75,0
2046-12-05,76.6453,76.6453,76.6453,76.6453,57969000,0.00%,7172773,423805465773,4443051.4,0
2046-12-06,76.6453,76.722,76.722,76.6453,50502000,0.10%,671405569,424520200569,3874614.44,714734795
2046-12-07,76.722,76.722,76.722,76.722,64125000,0.00%,607280569,424520200569,4919798.25,0
2046-12-10,76.722,76.722,76.722,76.722,88236000,0.00%,519044569,424520200569,6769642.39,0
2046-12-11,76.722,76.722,76.722,76.722,66234000,0.00%,452810569,424520200569,5081604.95,0
2046-12-12,76.722,76.722,76.722,76.722,43234500,0.00%,409576069,424520200569,3317037.31,0
2046-12-13,76.722,76.722,76.722,76.722,38047500,0.00%,371528569,424520200569,2919080.29,0
2046-12-14,76.722,76.722,76.722,76.722,43405500,0.00%,328123069,424520200569,3330156.77,0
2046-12-17,76.722,76.722,76.722,76.722,63384000,0.00%,264739069,424520200569,4862947.25,0
2046-12-18,76.722,76.722,76.722,76.722,38902500,0.00%,225836569,424520200569,2984677.6,0
2046-12-19,76.722,76.722,76.722,76.722,38104500,0.00%,187732069,424520200569,2923453.45,0
2046-12-20,76.722,76.722,76.722,76.722,59935500,0.00%,127796569,424520200569,4598371.43,0
2046-12-21,76.722,76.722,76.722,76.722,80598000,0.00%,47198569,424520200569,6183639.76,0
2046-12-24,76.722,76.7987,76.7987,76.722,58168500,0.10%,705048669,425236219169,4467265.18,716018600
2046-12-25,76.7987,76.7987,76.7987,76.7987,49105500,0.00%,655943169,425236219169,3771238.56,0
2046-12-26,76.7987,76.7987,76.7987,76.7987,39444000,0.00%,616499169,425236219169,3029247.92,0
2046-12-27,76.7987,76.7987,76.7987,76.7987,93907500,0.00%,522591669,425236219169,7211973.92,0
2046-12-28,76.7987,76.7987,76.7987,76.7987,27103500,0.00%,495488169,425236219169,2081513.57,0
2047-01-01,76.7987,76.7987,76.7987,76.7987,54955000,0.00%,440533169,425236219169,4220472.56,0
2047-01-02,76.7987,76.7987,76.7987,76.7987,27811000,0.00%,412722169,425236219169,2135848.65,0
2047-01-03,76.7987,76.7987,76.7987,76.7987,22214000,0.00%,390508169,425236219169,1706006.32,0
2047-01-04,76.7987,76.7987,76.7987,76.7987,28652000,0.00%,361856169,425236219169,2200436.35,0
2047-01-07,76.7987,76.7987,76.7987,76.7987,17458000,0.00%,344398169,425236219169,1340751.7,0
2047-01-08,76.7987,76.7987,76.7987,76.7987,39324000,0.00%,305074169,425236219169,3020032.08,0
2047-01-09,76.7987,76.7987,76.7987,76.7987,92597000,0.00%,212477169,425236219169,7111329.22,0
2047-01-10,76.7987,76.7987,76.7987,76.7987,64931000,0.00%,147546169,425236219169,4986616.39,0
2047-01-11,76.7987,76.7987,76.7987,76.7987,60349000,0.00%,87197169,425236219169,4634724.75,0
2047-01-14,76.7987,76.7987,76.7987,76.7987,56724000,0.00%,30473169,425236219169,4356329.46,0
2047-01-15,76.7987,76.8755,76.8755,76.7987,47589000,0.10%,698742191,425952077191,3658428.17,715858021
2047-01-16,76.8755,76.8755,76.8755,76.8755,81983000,0.00%,616759191,425952077191,6302484.12,0
2047-01-17,76.8755,76.8755,76.8755,76.8755,53099000,0.00%,563660191,425952077191,4082012.17,0
2047-01-18,76.8755,76.8755,76.8755,76.8755,39788000,0.00%,523872191,425952077191,3058722.39,0
2047-01-21,76.8755,76.8755,76.8755,76.8755,36772000,0.00%,487100191,425952077191,2826865.89,0
2047-01-22,76.8755,76.8755,76.8755,76.8755,68266000,0.00%,418834191,425952077191,5247982.88,0
2047-01-23,76.8755,76.8755,76.8755,76.8755,50721000,0.00%,368113191,425952077191,3899202.24,0
2047-01-24,76.8755,76.8755,76.8755,76.8755,85666000,0.00%,282447191,425952077191,6585616.58,0
2047-01-25,76.8755,76.8755,76.8755,76.8755,77778000,0.00%,204669191,425952077191,5979222.64,0
2047-01-28,76.8755,76.8755,76.8755,76.8755,42572000,0.00%,162097191,425952077191,3272743.79,0
2047-01-29,76.8755,76.8755,76.8755,76.8755,72500000,0.00%,89597191,425952077191,5573473.75,0
2047-01-30,76.8755,76.8755,76.8755,76.8755,62698000,0.00%,26899191,425952077191,4819940.1,0
2047-01-31,76.8755,76.9524,76.9524,76.8755,59479000,0.10%,690371780,426675028780,4577051.8,722951588
2047-02-01,76.9524,76.9524,76.9524,76.9524,43587000,0.00%,646784780,426675028780,3354124.26,0
2047-02-04,76.9524,76.9524,76.9524,76.9524,33147000,0.00%,613637780,426675028780,2550741.2,0
2047-02-08,76.9524,76.9524,76.9524,76.9524,46197000,0.00%,567440780,426675028780,3554970.02,0
2047-02-11,76.9524,76.9524,76.9524,76.9524,44602000,0.00%,522838780,426675028780,3432230.94,0
2047-02-12,76.9524,76.9524,76.9524,76.9524,54375000,0.00%,468463780,426675028780,4184286.75,0
2047-02-13,76.9524,76.9524,76.9524,76.9524,67773000,0.00%,400690780,426675028780,5215295.01,0
2047-02-14,76.9524,76.9524,76.9524,76.9524,54549000,0.00%,346141780,426675028780,4197676.47,0
2047-02-15,76.9524,76.9524,76.9524,76.9524,45008000,0.00%,301133780,426675028780,3463473.62,0
2047-02-18,76.9524,76.9524,76.9524,76.9524,37294000,0.00%,263839780,426675028780,2869862.81,0
2047-02-19,76.9524,76.9524,76.9524,76.9524,40281000,0.00%,223558780,426675028780,3099719.62,0
2047-02-20,76.9524,76.9524,76.9524,76.9524,35409000,0.00%,188149780,426675028780,2724807.53,0
2047-02-21,76.9524,76.9524,76.9524,76.9524,37468000,0.00%,150681780,426675028780,2883252.52,0
2047-02-22,76.9524,76.9524,76.9524,76.9524,69687000,0.00%,80994780,426675028780,5362581.9,0
2047-02-25,76.9524,77.0293,77.0293,76.9524,133516000,0.10%,671059460,427398609460,10284644.02,723580680
2047-02-26,77.0293,77.0293,77.0293,77.0293,88624000,0.00%,582435460,427398609460,6826644.68,0
2047-02-27,77.0293,77.0293,77.0293,77.0293,58696000,0.00%,523739460,427398609460,4521311.79,0
2047-02-28,77.0293,77.0293,77.0293,77.0293,98513000,0.00%,425226460,427398609460,7588387.43,0
2047-03-01,77.0293,77.0293,77.0293,77.0293,74037000,0.00%,351189460,427398609460,5703018.28,0
2047-03-04,77.0293,77.0293,77.0293,77.0293,77865000,0.00%,273324460,427398609460,5997886.44,0
2047-03-05,77.0293,77.0293,77.0293,77.0293,55999000,0.00%,217325460,427398609460,4313563.77,0
2047-03-06,77.0293,77.0293,77.0293,77.0293,40629000,0.00%,176696460,427398609460,3129623.43,0
2047-03-07,77.0293,77.0293,77.0293,77.0293,57623000,0.00%,119073460,427398609460,4438659.35,0
2047-03-08,77.0293,77.1063,77.1063,77.0293,120495000,0.10%,732566008,428132597008,9290923.62,733987548
2047-03-11,77.1063,77.1063,77.1063,77.1063,115652000,0.00%,616914008,428132597008,8917497.81,0
2047-03-12,77.1063,77.1063,77.1063,77.1063,93554000,0.00%,523360008,428132597008,7213602.79,0
2047-03-13,77.1063,77.1063,77.1063,77.1063,96309000,0.00%,427051008,428132597008,7426030.65,0
2047-03-14,77.1063,77.1063,77.1063,77.1063,69774000,0.00%,357277008,428132597008,5380014.98,0
2047-03-15,77.1063,77.1063,77.1063,77.1063,140476000,0.00%,216801008,428132597008,10831584.6,0
2047-03-18,77.1063,77.1063,77.1063,77.1063,194039000,0.00%,22762008,428132597008,14961629.35,0
2047-03-19,77.1063,77.1835,77.1835,77.1063,343360000,0.10%,430045926,428883240926,26501726.56,750643918
2047-03-20,77.1835,77.1835,77.1835,77.1835,312446000,0.00%,117599926,428883240926,24115675.84,0
2047-03-21,77.1835,77.2606,77.2606,77.1835,202101000,0.10%,683456496,429651198496,15614444.52,767957569
2047-03-22,77.2606,77.2606,77.2606,77.2606,109359000,0.00%,574097496,429651198496,8449141.96,0
2047-03-25,77.2606,77.2606,77.2606,77.2606,89030000,0.00%,485067496,429651198496,6878511.22,0
2047-03-26,77.2606,77.2606,77.2606,77.2606,89929000,0.00%,395138496,429651198496,6947968.5,0
2047-03-27,77.2606,77.2606,77.2606,77.2606,122554000,0.00%,272584496,429651198496,9468595.57,0
2047-03-28,77.2606,77.2606,77.2606,77.2606,136097000,0.00%,136487496,429651198496,10514935.88,0
2047-03-29,77.2606,77.2606,77.2606,77.2606,111070000,0.00%,25417496,429651198496,8581334.84,0
2047-04-01,77.2606,77.3379,77.3379,77.2606,78097000,0.10%,731726951,430435604951,6039857.98,784406455
2047-04-02,77.3379,77.3379,77.3379,77.3379,60610000,0.00%,671116951,430435604951,4687450.12,0
2047-04-03,77.3379,77.3379,77.3379,77.3379,78155000,0.00%,592961951,430435604951,6044343.57,0
2047-04-04,77.3379,77.3379,77.3379,77.3379,42311000,0.00%,550650951,430435604951,3272243.89,0
2047-04-05,77.3379,77.3379,77.3379,77.3379,42050000,0.00%,508600951,430435604951,3252058.7,0
2047-04-08,77.3379,77.3379,77.3379,77.3379,45443000,0.00%,463157951,430435604951,3514466.19,0
2047-04-10,77.3379,77.3379,77.3379,77.3379,49677000,0.00%,413480951,430435604951,3841914.86,0
2047-04-11,77.3379,77.3379,77.3379,77.3379,46023000,0.00%,367457951,430435604951,3559322.17,0
2047-04-12,77.3379,77.3379,77.3379,77.3379,56840000,0.00%,310617951,430435604951,4395886.24,0
2047-04-15,77.3379,77.3379,77.3379,77.3379,66091000,0.00%,244526951,430435604951,5111339.15,0
2047-04-16,77.3379,77.3379,77.3379,77.3379,76589000,0.00%,167937951,430435604951,5923232.42,0
2047-04-17,77.3379,77.3379,77.3379,77.3379,62756000,0.00%,105181951,430435604951,4853417.25,0
2047-04-18,77.3379,77.3379,77.3379,77.3379,43964000,0.00%,61217951,430435604951,3400083.44,0
2047-04-23,77.3379,77.3379,77.3379,77.3379,51446000,0.00%,9771951,430435604951,3978725.6,0
2047-04-24,77.3379,77.4152,77.4152,77.3379,31465000,0.10%,760072745,431217370745,2435869.27,781765793
2047-04-25,77.4152,77.4152,77.4152,77.4152,74646000,0.00%,685426745,431217370745,5778735.02,0
2047-04-26,77.4152,77.4152,77.4152,77.4152,81287000,0.00%,604139745,431217370745,6292849.36,0
2047-04-29,77.4152,77.4152,77.4152,77.4152,74791000,0.00%,529348745,431217370745,5789960.22,0
2047-04-30,77.4152,77.4152,77.4152,77.4152,79141000,0.00%,450207745,431217370745,6126716.34,0
2047-05-01,77.4152,77.4152,77.4152,77.4152,67889000,0.00%,382318745,431217370745,5255640.51,0
2047-05-02,77.4152,77.4152,77.4152,77.4152,61567000,0.00%,320751745,431217370745,4766221.62,0
2047-05-03,77.4152,77.4152,77.4152,77.4152,137663000,0.00%,183088745,431217370745,10657208.68,0
2047-05-07,77.4152,77.4152,77.4152,77.4152,74153000,0.00%,108935745,431217370745,5740569.33,0
2047-05-08,77.4152,77.4152,77.4152,77.4152,40890000,0.00%,68045745,431217370745,3165507.53,0
2047-05-09,77.4152,77.4152,77.4152,77.4152,62031000,0.00%,6014745,431217370745,4802142.27,0
2047-05-10,77.4152,77.4927,77.4927,77.4152,66468000,0.10%,708114105,431985938105,5150784.78,768567360
2047-05-14,77.4927,77.4927,77.4927,77.4927,82360000,0.00%,625754105,431985938105,6382298.77,0
2047-05-15,77.4927,77.4927,77.4927,77.4927,70615000,0.00%,555139105,431985938105,5472147.01,0
2047-05-16,77.4927,77.4927,77.4927,77.4927,58058000,0.00%,497081105,431985938105,4499071.18,0
2047-05-17,77.4927,77.4927,77.4927,77.4927,56521000,0.00%,440560105,431985938105,4379964.9,0
2047-05-20,77.4927,77.4927,77.4927,77.4927,45124000,0.00%,395436105,431985938105,3496780.59,0
2047-05-21,77.4927,77.4927,77.4927,77.4927,87348000,0.00%,308088105,431985938105,6768832.36,0
2047-05-22,77.4927,77.4927,77.4927,77.4927,82186000,0.00%,225902105,431985938105,6368815.04,0
2047-05-23,77.4927,77.4927,77.4927,77.4927,174435000,0.00%,51467105,431985938105,13517439.12,0
2047-05-24,77.4927,77.5701,77.5701,77.4927,82157000,0.10%,739787479,432756415479,6372926.71,770477373
2047-05-27,77.5701,77.5701,77.5701,77.5701,49387000,0.00%,690400479,432756415479,3830954.53,0
2047-05-28,77.5701,77.5701,77.5701,77.5701,57130000,0.00%,633270479,432756415479,4431579.81,0
2047-05-29,77.5701,77.5701,77.5701,77.5701,62495000,0.00%,570775479,432756415479,4847743.4,0
2047-05-30,77.5701,77.5701,77.5701,77.5701,53650000,0.00%,517125479,432756415479,4161635.87,0
2047-05-31,77.5701,77.5701,77.5701,77.5701,60204000,0.00%,456921479,432756415479,4670030.3,0
2047-06-03,77.5701,77.5701,77.5701,77.5701,64670000,0.00%,392251479,432756415479,5016458.37,0
2047-06-04,77.5701,77.5701,77.5701,77.5701,187804000,0.00%,204447479,432756415479,14567975.06,0
2047-06-05,77.5701,77.5701,77.5701,77.5701,78068000,0.00%,126379479,432756415479,6055742.57,0
2047-06-06,77.5701,77.5701,77.5701,77.5701,41122000,0.00%,85257479,432756415479,3189837.65,0
2047-06-10,77.5701,77.5701,77.5701,77.5701,69310000,0.00%,15947479,432756415479,5376383.63,0
2047-06-11,77.5701,77.6477,77.6477,77.5701,78561000,0.10%,701344716,433520373716,6100080.96,763958237
2047-06-12,77.6477,77.6477,77.6477,77.6477,137692000,0.00%,563652716,433520373716,10691467.11,0
2047-06-13,77.6477,77.6477,77.6477,77.6477,113535000,0.00%,450117716,433520373716,8815731.62,0
2047-06-14,77.6477,77.6477,77.6477,77.6477,86304000,0.00%,363813716,433520373716,6701307.1,0
2047-06-17,77.6477,77.6477,77.6477,77.6477,72326000,0.00%,291487716,433520373716,5615947.55,0
2047-06-18,77.6477,77.6477,77.6477,77.6477,47299000,0.00%,244188716,433520373716,3672658.56,0
2047-06-19,77.6477,77.6477,77.6477,77.6477,61596000,0.00%,182592716,433520373716,4782787.73,0
2047-06-20,77.6477,77.6477,77.6477,77.6477,64206000,0.00%,118386716,433520373716,4985448.23,0
2047-06-21,77.6477,77.6477,77.6477,77.6477,56492000,0.00%,61894716,433520373716,4386473.87,0
2047-06-24,77.6477,77.6477,77.6477,77.6477,33756000,0.00%,28138716,433520373716,2621075.76,0
2047-06-25,77.6477,77.7254,77.7254,77.6477,43529000,0.10%,745156032,434280920032,3383308.94,760546315
2047-06-26,77.7254,77.7254,77.7254,77.7254,39759000,0.00%,705397032,434280920032,3090284.18,0
2047-06-27,77.7254,77.7254,77.7254,77.7254,36598000,0.00%,668799032,434280920032,2844594.19,0
2047-06-28,77.7254,77.7254,77.7254,77.7254,52780000,0.00%,616019032,434280920032,4102346.61,0
2047-07-01,77.7254,77.7254,77.7254,77.7254,166460000,0.00%,449559032,434280920032,12938170.08,0
2047-07-02,77.7254,77.7254,77.7254,77.7254,169911000,0.00%,279648032,434280920032,13206400.44,0
2047-07-03,77.7254,77.7254,77.7254,77.7254,101442000,0.00%,178206032,434280920032,7884620.03,0
2047-07-04,77.7254,77.7254,77.7254,77.7254,96831000,0.00%,81375032,434280920032,7526228.21,0
2047-07-08,77.7254,77.8031,77.8031,77.7254,111534000,0.10%,735266018,435046345018,8677690.96,765424986
2047-07-09,77.8031,77.8031,77.8031,77.8031,56521000,0.00%,678745018,435046345018,4397509.02,0
2047-07-10,77.8031,77.8031,77.8031,77.8031,71978000,0.00%,606767018,435046345018,5600111.53,0
2047-07-11,77.8031,77.8031,77.8031,77.8031,55071000,0.00%,551696018,435046345018,4284694.52,0
2047-07-12,77.8031,77.8031,77.8031,77.8031,54375000,0.00%,497321018,435046345018,4230543.56,0
2047-07-15,77.8031,77.8031,77.8031,77.8031,59740000,0.00%,437581018,435046345018,4647957.19,0
2047-07-16,77.8031,77.8031,77.8031,77.8031,50199000,0.00%,387382018,435046345018,3905637.82,0
2047-07-17,77.8031,77.8031,77.8031,77.8031,49677000,0.00%,337705018,435046345018,3865024.6,0
2047-07-18,77.8031,77.8031,77.8031,77.8031,48633000,0.00%,289072018,435046345018,3783798.16,0
2047-07-19,77.8031,77.8031,77.8031,77.8031,76357000,0.00%,212715018,435046345018,5940811.31,0
2047-07-22,77.8031,77.8031,77.8031,77.8031,59073000,0.00%,153642018,435046345018,4596062.53,0
2047-07-23,77.8031,77.8031,77.8031,77.8031,36714000,0.00%,116928018,435046345018,2856463.01,0
2047-07-24,77.8031,77.8031,77.8031,77.8031,46342000,0.00%,70586018,435046345018,3605551.26,0
2047-07-25,77.8031,77.8031,77.8031,77.8031,55419000,0.00%,15167018,435046345018,4311770.0,0
2047-07-26,77.8031,77.8809,77.8809,77.8031,43732000,0.10%,733294691,435808204691,3405887.52,761859673
2047-07-29,77.8809,77.8809,77.8809,77.8809,48865000,0.00%,684429691,435808204691,3805650.18,0
2047-07-30,77.8809,77.8809,77.8809,77.8809,40194000,0.00%,644235691,435808204691,3130344.89,0
2047-07-31,77.8809,77.8809,77.8809,77.8809,57478000,0.00%,586757691,435808204691,4476438.37,0
2047-08-01,77.8809,77.8809,77.8809,77.8809,44515000,0.00%,542242691,435808204691,3466868.26,0
2047-08-02,77.8809,77.8809,77.8809,77.8809,107851000,0.00%,434391691,435808204691,8399532.95,0
2047-08-05,77.8809,77.8809,77.8809,77.8809,115971000,0.00%,318420691,435808204691,9031925.85,0
2047-08-06,77.8809,77.8809,77.8809,77.8809,123801000,0.00%,194619691,435808204691,9641733.3,0
2047-08-07,77.8809,77.8809,77.8809,77.8809,79460000,0.00%,115159691,435808204691,6188416.31,0
2047-08-08,77.8809,77.8809,77.8809,77.8809,57391000,0.00%,57768691,435808204691,4469662.73,0
2047-08-09,77.8809,77.8809,77.8809,77.8809,47676000,0.00%,10092691,435808204691,3713049.79,0
2047-08-12,77.8809,77.9588,77.9588,77.8809,43645000,0.10%,721772579,436563529579,3402511.83,755324888
2047-08-13,77.9588,77.9588,77.9588,77.9588,41151000,0.00%,680621579,436563529579,3208082.58,0
2047-08-14,77.9588,77.9588,77.9588,77.9588,44544000,0.00%,636077579,436563529579,3472596.79,0
2047-08-15,77.9588,77.9588,77.9588,77.9588,43094000,0.00%,592983579,436563529579,3359556.53,0
2047-08-16,77.9588,77.9588,77.9588,77.9588,31842000,0.00%,561141579,436563529579,2482364.11,0
2047-08-19,77.9588,77.9588,77.9588,77.9588,33698000,0.00%,527443579,436563529579,2627055.64,0
2047-08-20,77.9588,77.9588,77.9588,77.9588,68237000,0.00%,459206579,436563529579,5319674.64,0
2047-08-21,77.9588,77.9588,77.9588,77.9588,51098000,0.00%,408108579,436563529579,3983538.76,0
2047-08-22,77.9588,77.9588,77.9588,77.9588,93409000,0.00%,314699579,436563529579,7282053.55,0
2047-08-23,77.9588,77.9588,77.9588,77.9588,67483000,0.00%,247216579,436563529579,5260893.7,0
2047-08-26,77.9588,77.9588,77.9588,77.9588,42862000,0.00%,204354579,436563529579,3341470.09,0
2047-08-27,77.9588,77.9588,77.9588,77.9588,39237000,0.00%,165117579,436563529579,3058869.44,0
2047-08-28,77.9588,77.9588,77.9588,77.9588,37845000,0.00%,127272579,436563529579,2950350.79,0
2047-08-29,77.9588,77.9588,77.9588,77.9588,56376000,0.00%,70896579,436563529579,4395005.31,0
2047-08-30,77.9588,77.9588,77.9588,77.9588,53882000,0.00%,17014579,436563529579,4200576.06,0
2047-09-02,77.9588,78.0367,78.0367,77.9588,35931000,0.10%,708257191,437290703191,2803936.67,727173611
2047-09-03,78.0367,78.0367,78.0367,78.0367,40716000,0.00%,667541191,437290703191,3177342.28,0
2047-09-04,78.0367,78.0367,78.0367,78.0367,76009000,0.00%,591532191,437290703191,5931491.53,0
2047-09-05,78.0367,78.0367,78.0367,78.0367,69397000,0.00%,522135191,437290703191,5415512.87,0
2047-09-06,78.0367,78.0367,78.0367,78.0367,73921000,0.00%,448214191,437290703191,5768550.9,0
2047-09-09,78.0367,78.0367,78.0367,78.0367,59073000,0.00%,389141191,437290703191,4609861.98,0
2047-09-10,78.0367,78.0367,78.0367,78.0367,47067000,0.00%,342074191,437290703191,3672953.36,0
2047-09-11,78.0367,78.0367,78.0367,78.0367,44022000,0.00%,298052191,437290703191,3435331.61,0
2047-09-12,78.0367,78.0367,78.0367,78.0367,68353000,0.00%,229699191,437290703191,5334042.56,0
2047-09-13,78.0367,78.0367,78.0367,78.0367,49764000,0.00%,179935191,437290703191,3883418.34,0
2047-09-17,78.0367,78.0367,78.0367,78.0367,49793000,0.00%,130142191,437290703191,3885681.4,0
2047-09-18,78.0367,78.0367,78.0367,78.0367,52171000,0.00%,77971191,437290703191,4071252.68,0
2047-09-19,78.0367,78.0367,78.0367,78.0367,38628000,0.00%,39343191,437290703191,3014401.65,0
2047-09-20,78.0367,78.1148,78.1148,78.0367,72326000,0.10%,681621596,438005307596,5649731.02,714604405
2047-09-23,78.1148,78.1148,78.1148,78.1148,66468000,0.00%,615153596,438005307596,5192134.53,0
2047-09-24,78.1148,78.1148,78.1148,78.1148,43906000,0.00%,571247596,438005307596,3429708.41,0
2047-09-25,78.1148,78.1148,78.1148,78.1148,46661000,0.00%,524586596,438005307596,3644914.68,0
2047-09-26,78.1148,78.1148,78.1148,78.1148,50866000,0.00%,473720596,438005307596,3973387.42,0
2047-09-27,78.1148,78.1148,78.1148,78.1148,57043000,0.00%,416677596,438005307596,4455902.54,0
2047-09-30,78.1148,78.1148,78.1148,78.1148,71485000,0.00%,345192596,438005307596,5584036.48,0
2047-10-01,78.1148,78.1148,78.1148,78.1148,65917000,0.00%,279275596,438005307596,5149093.27,0
2047-10-02,78.1148,78.1148,78.1148,78.1148,64264000,0.00%,215011596,438005307596,5019969.51,0
2047-10-03,78.1148,78.1148,78.1148,78.1148,58464000,0.00%,156547596,438005307596,4566903.67,0
2047-10-04,78.1148,78.1148,78.1148,78.1148,65134000,0.00%,91413596,438005307596,5087929.38,0
2047-10-07,78.1148,78.1148,78.1148,78.1148,40571000,0.00%,50842596,438005307596,3169195.55,0
2047-10-09,78.1148,78.1929,78.1929,78.1148,52606000,0.10%,697704558,438704775558,4113415.7,699467961
2047-10-10,78.1929,78.1929,78.1929,78.1929,30073000,0.00%,667631558,438704775558,2351495.08,0
2047-10-11,78.1929,78.1929,78.1929,78.1929,28942000,0.00%,638689558,438704775558,2263058.91,0
2047-10-14,78.1929,78.1929,78.1929,78.1929,45472000,0.00%,593217558,438704775558,3555587.55,0
2047-10-15,78.1929,78.1929,78.1929,78.1929,61828000,0.00%,531389558,438704775558,4834510.62,0
2047-10-16,78.1929,78.1929,78.1929,78.1929,92887000,0.00%,438502558,438704775558,7263103.9,0
2047-10-17,78.1929,78.1929,78.1929,78.1929,64264000,0.00%,374238558,438704775558,5024988.53,0
2047-10-18,78.1929,78.1929,78.1929,78.1929,91234000,0.00%,283004558,438704775558,7133851.04,0
2047-10-21,78.1929,78.1929,78.1929,78.1929,76328000,0.00%,206676558,438704775558,5968307.67,0
2047-10-22,78.1929,78.1929,78.1929,78.1929,64177000,0.00%,142499558,438704775558,5018185.74,0
2047-10-23,78.1929,78.1929,78.1929,78.1929,60784000,0.00%,81715558,438704775558,4752877.23,0
2047-10-24,78.1929,78.2711,78.2711,78.1929,143289000,0.10%,611648934,439377997934,11215387.65,673222375
2047-10-25,78.2711,78.2711,78.2711,78.2711,76995000,0.00%,534653934,439377997934,6026483.34,0
2047-10-28,78.2711,78.2711,78.2711,78.2711,246703000,0.00%,287950934,439377997934,19309715.18,0
2047-10-29,78.2711,78.2711,78.2711,78.2711,211758000,0.00%,76192934,439377997934,16574531.59,0
2047-10-30,78.2711,78.3493,78.3493,78.2711,146015000,0.10%,601604045,440049424045,11440173.04,671426111
2047-10-31,78.3493,78.3493,78.3493,78.3493,123888000,0.00%,477716045,440049424045,9706538.08,0
2047-11-01,78.3493,78.3493,78.3493,78.3493,118407000,0.00%,359309045,440049424045,9277105.57,0
2047-11-04,78.3493,78.3493,78.3493,78.3493,143579000,0.00%,215730045,440049424045,11249314.14,0
2047-11-05,78.3493,78.4277,78.4277,78.3493,225736000,0.10%,667992719,440727422719,17703955.29,677998673
2047-11-06,78.4277,78.4277,78.4277,78.4277,101935000,0.00%,566057719,440727422719,7994527.6,0
2047-11-07,78.4277,78.4277,78.4277,78.4277,88827000,0.00%,477230719,440727422719,6966497.31,0
2047-11-08,78.4277,78.4277,78.4277,78.4277,194764000,0.00%,282466719,440727422719,15274892.56,0
2047-11-11,78.4277,78.4277,78.4277,78.4277,127542000,0.00%,154924719,440727422719,10002825.71,0
2047-11-12,78.4277,78.4277,78.4277,78.4277,68266000,0.00%,86658719,440727422719,5353945.37,0
2047-11-13,78.4277,78.5061,78.5061,78.4277,91814000,0.10%,678421745,441410999745,7207959.07,683577026
2047-11-14,78.5061,78.5061,78.5061,78.5061,67454000,0.00%,610967745,441410999745,5295550.47,0
2047-11-15,78.5061,78.5061,78.5061,78.5061,153729000,0.00%,457238745,441410999745,12068664.25,0
2047-11-18,78.5061,78.5061,78.5061,78.5061,140360000,0.00%,316878745,441410999745,11019116.2,0
2047-11-19,78.5061,78.5061,78.5061,78.5061,182990000,0.00%,133888745,441410999745,14365831.24,0
2047-11-20,78.5061,78.5846,78.5846,78.5061,179191000,0.10%,642978435,442099280435,14081653.06,688280690
2047-11-21,78.5846,78.5846,78.5846,78.5846,202478000,0.00%,440500435,442099280435,15911652.64,0
2047-11-22,78.5846,78.5846,78.5846,78.5846,129804000,0.00%,310696435,442099280435,10200595.42,0
2047-11-25,78.5846,78.5846,78.5846,78.5846,90799000,0.00%,219897435,442099280435,7135403.1,0
2047-11-26,78.5846,78.5846,78.5846,78.5846,82534000,0.00%,137363435,442099280435,6485901.38,0
2047-11-27,78.5846,78.5846,78.5846,78.5846,67802000,0.00%,69561435,442099280435,5328193.05,0
2047-11-28,78.5846,78.5846,78.5846,78.5846,49793000,0.00%,19768435,442099280435,3912962.99,0
2047-11-29,78.5846,78.6632,78.6632,78.5846,90828000,0.10%,622854522,442793194522,7144821.13,693914087
2047-12-02,78.6632,78.6632,78.6632,78.6632,97150000,0.00%,525704522,442793194522,7642129.88,0
2047-12-03,78.6632,78.6632,78.6632,78.6632,96106000,0.00%,429598522,442793194522,7560005.5,0
2047-12-04,78.6632,78.6632,78.6632,78.6632,135227000,0.00%,294371522,442793194522,10637388.55,0
2047-12-05,78.6632,78.6632,78.6632,78.6632,132095000,0.00%,162276522,442793194522,10391015.4,0
2047-12-06,78.6632,78.6632,78.6632,78.6632,72761000,0.00%,89515522,442793194522,5723613.1,0
2047-12-09,78.6632,78.7419,78.7419,78.6632,173507000,0.10%,611441616,443488627616,13662270.84,695433094
2047-12-10,78.7419,78.7419,78.7419,78.7419,84274000,0.00%,527167616,443488627616,6635894.88,0
2047-12-11,78.7419,78.7419,78.7419,78.7419,119219000,0.00%,407948616,443488627616,9387530.58,0
2047-12-12,78.7419,78.7419,78.7419,78.7419,98861000,0.00%,309087616,443488627616,7784502.98,0
2047-12-13,78.7419,78.7419,78.7419,78.7419,117160000,0.00%,191927616,443488627616,9225401.0,0
2047-12-16,78.7419,78.7419,78.7419,78.7419,59479000,0.00%,132448616,443488627616,4683489.47,0
2047-12-17,78.7419,78.7419,78.7419,78.7419,58899000,0.00%,73549616,443488627616,4637819.17,0
2047-12-18,78.7419,78.7419,78.7419,78.7419,70296000,0.00%,3253616,443488627616,5535240.6,0
2047-12-19,78.7419,78.8206,78.8206,78.7419,54984000,0.10%,654576306,444194934306,4333871.87,706306689
2047-12-20,78.8206,78.8206,78.8206,78.8206,72877000,0.00%,581699306,444194934306,5744208.87,0
2047-12-23,78.8206,78.8206,78.8206,78.8206,72210000,0.00%,509489306,444194934306,5691635.53,0
2047-12-24,78.8206,78.8206,78.8206,78.8206,84274000,0.00%,425215306,444194934306,6642527.24,0
2047-12-25,78.8206,78.8206,78.8206,78.8206,44428000,0.00%,380787306,444194934306,3501841.62,0
2047-12-26,78.8206,78.8206,78.8206,78.8206,70325000,0.00%,310462306,444194934306,5543058.7,0
2047-12-27,78.8206,78.8206,78.8206,78.8206,44950000,0.00%,265512306,444194934306,3542985.97,0
2048-01-01,78.8206,78.8206,78.8206,78.8206,71360500,0.00%,194151806,444194934306,5624677.43,0
2048-01-02,78.8206,78.8206,78.8206,78.8206,88765500,0.00%,105386306,444194934306,6996549.97,0
2048-01-03,78.8206,78.8206,78.8206,78.8206,80269500,0.00%,25116806,444194934306,6326890.15,0
2048-01-07,78.8206,78.8994,78.8994,78.8206,88382000,0.10%,648216561,444906416061,6973286.77,711481755
2048-01-08,78.8994,78.8994,78.8994,78.8994,110418500,0.00%,537798061,444906416061,8711953.4,0
2048-01-09,78.8994,78.8994,78.8994,78.8994,120360000,0.00%,417438061,444906416061,9496331.78,0
2048-01-10,78.8994,78.8994,78.8994,78.8994,79915500,0.00%,337522561,444906416061,6305285.0,0
2048-01-13,78.8994,78.8994,78.8994,78.8994,83544000,0.00%,253978561,444906416061,6591571.47,0
2048-01-14,78.8994,78.8994,78.8994,78.8994,58557500,0.00%,195421061,444906416061,4620151.62,0
2048-01-15,78.8994,78.8994,78.8994,78.8994,105374000,0.00%,90047061,444906416061,8313945.38,0
2048-01-16,78.8994,78.9783,78.9783,78.8994,119622500,0.10%,691182231,445627173731,9447581.69,720757669
2048-01-17,78.9783,78.9783,78.9783,78.9783,61861500,0.00%,629320731,445627173731,4885716.11,0
2048-01-20,78.9783,78.9783,78.9783,78.9783,58970500,0.00%,570350231,445627173731,4657389.84,0
2048-01-21,78.9783,78.9783,78.9783,78.9783,47495000,0.00%,522855231,445627173731,3751074.36,0
2048-01-22,78.9783,78.9783,78.9783,78.9783,80004000,0.00%,442851231,445627173731,6318579.91,0
2048-01-23,78.9783,78.9783,78.9783,78.9783,51182500,0.00%,391668731,445627173731,4042306.84,0
2048-01-24,78.9783,78.9783,78.9783,78.9783,49737000,0.00%,341931731,445627173731,3928143.71,0
2048-01-30,78.9783,78.9783,78.9783,78.9783,70003500,0.00%,271928231,445627173731,5528757.42,0
2048-01-31,78.9783,78.9783,78.9783,78.9783,54958500,0.00%,216969731,445627173731,4340528.9,0
2048-02-03,78.9783,78.9783,78.9783,78.9783,158208500,0.00%,58761231,445627173731,12495038.38,0
2048-02-04,78.9783,79.0573,79.0573,78.9783,164492000,0.10%,621351988,446354256488,13004293.39,727082756
2048-02-05,79.0573,79.0573,79.0573,79.0573,92689000,0.00%,528662988,446354256488,7327742.08,0
2048-02-06,79.0573,79.0573,79.0573,79.0573,70092000,0.00%,458570988,446354256488,5541284.27,0
2048-02-07,79.0573,79.0573,79.0573,79.0573,76523000,0.00%,382047988,446354256488,6049701.77,0
2048-02-10,79.0573,79.0573,79.0573,79.0573,75490500,0.00%,306557488,446354256488,5968075.11,0
2048-02-11,79.0573,79.0573,79.0573,79.0573,58410000,0.00%,248147488,446354256488,4617736.89,0
2048-02-12,79.0573,79.0573,79.0573,79.0573,50946500,0.00%,197200988,446354256488,4027692.73,0
2048-02-13,79.0573,79.0573,79.0573,79.0573,78647000,0.00%,118553988,446354256488,6217619.47,0
2048-02-14,79.0573,79.0573,79.0573,79.0573,72599500,0.00%,45954488,446354256488,5739520.45,0
2048-02-17,79.0573,79.1364,79.1364,79.0573,60062000,0.10%,717736951,447086100951,4753090.46,731844463
2048-02-18,79.1364,79.1364,79.1364,79.1364,52893500,0.00%,664843451,447086100951,4185801.17,0
2048-02-19,79.1364,79.1364,79.1364,79.1364,48675000,0.00%,616168451,447086100951,3851964.27,0
2048-02-20,79.1364,79.1364,79.1364,79.1364,64634500,0.00%,551533951,447086100951,5114941.65,0
2048-02-21,79.1364,79.1364,79.1364,79.1364,52274000,0.00%,499259951,447086100951,4136776.17,0
2048-02-24,79.1364,79.1364,79.1364,79.1364,36314500,0.00%,462945451,447086100951,2873798.8,0
2048-02-25,79.1364,79.1364,79.1364,79.1364,86464500,0.00%,376480951,447086100951,6842489.26,0
2048-02-26,79.1364,79.1364,79.1364,79.1364,97792500,0.00%,278688451,447086100951,7738946.4,0
2048-02-27,79.1364,79.1364,79.1364,79.1364,57318500,0.00%,221369951,447086100951,4535979.74,0
2048-02-28,79.1364,79.1364,79.1364,79.1364,72039000,0.00%,149330951,447086100951,5700907.12,0
2048-03-02,79.1364,79.1364,79.1364,79.1364,60416000,0.00%,88914951,447086100951,4781104.74,0
2048-03-03,79.1364,79.1364,79.1364,79.1364,76729500,0.00%,12185451,447086100951,6072096.4,0
2048-03-04,79.1364,79.2155,79.2155,79.1364,105049500,0.10%,638233991,447817198991,8321548.67,731098039
2048-03-05,79.2155,79.2155,79.2155,79.2155,43660000,0.00%,594573991,447817198991,3458548.73,0
2048-03-06,79.2155,79.2155,79.2155,79.2155,52451000,0.00%,542122991,447817198991,4154932.19,0
2048-03-09,79.2155,79.2155,79.2155,79.2155,37258500,0.00%,504864491,447817198991,2951450.71,0
2048-03-10,79.2155,79.2155,79.2155,79.2155,50268000,0.00%,454596491,447817198991,3982004.75,0
2048-03-11,79.2155,79.2155,79.2155,79.2155,62569500,0.00%,392026991,447817198991,4956474.23,0
2048-03-12,79.2155,79.2155,79.2155,79.2155,50946500,0.00%,341080491,447817198991,4035752.47,0
2048-03-13,79.2155,79.2155,79.2155,79.2155,110920000,0.00%,230160491,447817198991,8786583.26,0
2048-03-16,79.2155,79.2155,79.2155,79.2155,80033500,0.00%,150126991,447817198991,6339893.72,0
2048-03-17,79.2155,79.2155,79.2155,79.2155,62894000,0.00%,87232991,447817198991,4982179.66,0
2048-03-18,79.2155,79.2155,79.2155,79.2155,48881500,0.00%,38351491,447817198991,3872172.46,0
2048-03-19,79.2155,79.2947,79.2947,79.2155,70003500,0.10%,702819904,448551670904,5550906.53,734471912
2048-03-20,79.2947,79.2947,79.2947,79.2947,85638500,0.00%,617181404,448551670904,6790679.17,0
2048-03-23,79.2947,79.2947,79.2947,79.2947,60298000,0.00%,556883404,448551670904,4781311.82,0
2048-03-24,79.2947,79.2947,79.2947,79.2947,62776000,0.00%,494107404,448551670904,4977804.09,0
2048-03-25,79.2947,79.2947,79.2947,79.2947,57967500,0.00%,436139904,448551670904,4596515.52,0
2048-03-26,79.2947,79.2947,79.2947,79.2947,138207500,0.00%,297932404,448551670904,10959122.25,0
2048-03-27,79.2947,79.2947,79.2947,79.2947,97999000,0.00%,199933404,448551670904,7770801.31,0
2048-03-30,79.2947,79.2947,79.2947,79.2947,76110000,0.00%,123823404,448551670904,6035119.62,0
2048-03-31,79.2947,79.2947,79.2947,79.2947,92453000,0.00%,31370404,448551670904,7331032.9,0
2048-04-01,79.2947,79.374,79.374,79.2947,106495000,0.10%,670992582,449297788082,8452934.13,746117178
2048-04-02,79.374,79.374,79.374,79.374,74458000,0.00%,596534582,449297788082,5910029.29,0
2048-04-03,79.374,79.374,79.374,79.374,76582000,0.00%,519952582,449297788082,6078619.67,0
2048-04-06,79.374,79.374,79.374,79.374,55371500,0.00%,464581082,449297788082,4395057.44,0
2048-04-07,79.374,79.374,79.374,79.374,42037500,0.00%,422543582,449297788082,3336684.52,0
2048-04-09,79.374,79.374,79.374,79.374,44102500,0.00%,378441082,449297788082,3500591.83,0
2048-04-14,79.374,79.374,79.374,79.374,64693500,0.00%,313747582,449297788082,5134981.87,0
2048-04-15,79.374,79.374,79.374,79.374,119386500,0.00%,194361082,449297788082,9476184.05,0
2048-04-16,79.374,79.374,79.374,79.374,73632000,0.00%,120729082,449297788082,5844466.37,0
2048-04-17,79.374,79.374,79.374,79.374,37583000,0.00%,83146082,449297788082,2983113.04,0
2048-04-20,79.374,79.374,79.374,79.374,46344500,0.00%,36801582,449297788082,3678548.34,0
2048-04-21,79.374,79.4534,79.4534,79.374,40385500,0.10%,745175807,450046547807,3208765.29,748759724
2048-04-22,79.4534,79.4534,79.4534,79.4534,48026000,0.00%,697149807,450046547807,3815828.99,0
2048-04-23,79.4534,79.4534,79.4534,79.4534,31063500,0.00%,666086307,450046547807,2468100.69,0
2048-04-24,79.4534,79.4534,79.4534,79.4534,48734000,0.00%,617352307,450046547807,3872082.0,0
2048-04-27,79.4534,79.4534,79.4534,79.4534,60386500,0.00%,556965807,450046547807,4797912.74,0
2048-04-28,79.4534,79.4534,79.4534,79.4534,61802500,0.00%,495163307,450046547807,4910418.75,0
2048-04-29,79.4534,79.4534,79.4534,79.4534,73809000,0.00%,421354307,450046547807,5864376.0,0
2048-04-30,79.4534,79.4534,79.4534,79.4534,43542000,0.00%,377812307,450046547807,3459559.94,0
2048-05-01,79.4534,79.4534,79.4534,79.4534,45400500,0.00%,332411807,450046547807,3607224.09,0
2048-05-05,79.4534,79.4534,79.4534,79.4534,25517500,0.00%,306894307,450046547807,2027452.13,0
2048-05-06,79.4534,79.4534,79.4534,79.4534,31122500,0.00%,275771807,450046547807,2472788.44,0
2048-05-07,79.4534,79.4534,79.4534,79.4534,51861000,0.00%,223910807,450046547807,4120532.78,0
2048-05-08,79.4534,79.4534,79.4534,79.4534,43689500,0.00%,180221307,450046547807,3471279.32,0
2048-05-11,79.4534,79.4534,79.4534,79.4534,31624000,0.00%,148597307,450046547807,2512634.32,0
2048-05-12,79.4534,79.4534,79.4534,79.4534,69443000,0.00%,79154307,450046547807,5517482.46,0
2048-05-13,79.4534,79.4534,79.4534,79.4534,45931500,0.00%,33222807,450046547807,3649413.84,0
2048-05-14,79.4534,79.5328,79.5328,79.4534,51831500,0.10%,729465190,450794621690,4122304.32,748073883
2048-05-15,79.5328,79.5328,79.5328,79.5328,53070500,0.00%,676394690,450794621690,4220845.46,0
2048-05-18,79.5328,79.5328,79.5328,79.5328,70033000,0.00%,606361690,450794621690,5569920.58,0
2048-05-19,79.5328,79.5328,79.5328,79.5328,41654000,0.00%,564707690,450794621690,3312859.25,0
2048-05-20,79.5328,79.5328,79.5328,79.5328,57702000,0.00%,507005690,450794621690,4589201.63,0
2048-05-21,79.5328,79.5328,79.5328,79.5328,101509500,0.00%,405496190,450794621690,8073334.76,0
2048-05-22,79.5328,79.5328,79.5328,79.5328,66935500,0.00%,338560690,450794621690,5323567.73,0
2048-05-25,79.5328,79.5328,79.5328,79.5328,59118000,0.00%,279442690,450794621690,4701820.07,0
2048-05-26,79.5328,79.5328,79.5328,79.5328,44309000,0.00%,235133690,450794621690,3524018.84,0
2048-05-27,79.5328,79.5328,79.5328,79.5328,39972500,0.00%,195161190,450794621690,3179124.85,0
2048-05-28,79.5328,79.5328,79.5328,79.5328,76788500,0.00%,118372690,450794621690,6107204.41,0
2048-06-01,79.5328,79.5328,79.5328,79.5328,85078000,0.00%,33294690,450794621690,6766491.56,0
2048-06-02,79.5328,79.6124,79.6124,79.5328,64133000,0.10%,709732989,451535192989,5105782.05,740571299
2048-06-03,79.6124,79.6124,79.6124,79.6124,94783500,0.00%,614949489,451535192989,7545941.92,0
2048-06-04,79.6124,79.6124,79.6124,79.6124,67702500,0.00%,547246989,451535192989,5389958.51,0
2048-06-05,79.6124,79.6124,79.6124,79.6124,94577000,0.00%,452669989,451535192989,7529501.95,0
2048-06-08,79.6124,79.6124,79.6124,79.6124,58675500,0.00%,393994489,451535192989,4671297.38,0
2048-06-09,79.6124,79.6124,79.6124,79.6124,49265000,0.00%,344729489,451535192989,3922104.89,0
2048-06-10,79.6124,79.6124,79.6124,79.6124,53837500,0.00%,290891989,451535192989,4286132.58,0
2048-06-11,79.6124,79.6124,79.6124,79.6124,38733500,0.00%,252158489,451535192989,3083666.9,0
2048-06-12,79.6124,79.6124,79.6124,79.6124,47731000,0.00%,204427489,451535192989,3799979.46,0
2048-06-15,79.6124,79.6124,79.6124,79.6124,39795500,0.00%,164631989,451535192989,3168215.26,0
2048-06-16,79.6124,79.6124,79.6124,79.6124,68204000,0.00%,96427989,451535192989,5429884.13,0
2048-06-17,79.6124,79.6124,79.6124,79.6124,65136000,0.00%,31291989,451535192989,5185633.29,0
2048-06-18,79.6124,79.692,79.692,79.6124,73779500,0.10%,663251236,452240931736,5879635.91,705738746
2048-06-19,79.692,79.692,79.692,79.692,105757500,0.00%,557493736,452240931736,8428026.69,0
2048-06-22,79.692,79.692,79.692,79.692,59796500,0.00%,497697236,452240931736,4765302.68,0
2048-06-23,79.692,79.692,79.692,79.692,48026000,0.00%,449671236,452240931736,3827287.99,0
2048-06-24,79.692,79.692,79.692,79.692,56935000,0.00%,392736236,452240931736,4537264.02,0
2048-06-26,79.692,79.692,79.692,79.692,41005000,0.00%,351731236,452240931736,3267770.46,0
2048-06-29,79.692,79.692,79.692,79.692,53572000,0.00%,298159236,452240931736,4269259.82,0
2048-06-30,79.692,79.692,79.692,79.692,51595500,0.00%,246563736,452240931736,4111748.59,0
2048-07-01,79.692,79.692,79.692,79.692,46875500,0.00%,199688236,452240931736,3735602.35,0
2048-07-02,79.692,79.692,79.692,79.692,39884000,0.00%,159804236,452240931736,3178435.73,0
2048-07-03,79.692,79.692,79.692,79.692,47790000,0.00%,112014236,452240931736,3808480.68,0
2048-07-06,79.692,79.692,79.692,79.692,41890000,0.00%,70124236,452240931736,3338297.88,0
2048-07-07,79.692,79.692,79.692,79.692,27848000,0.00%,42276236,452240931736,2219262.82,0
2048-07-08,79.692,79.692,79.692,79.692,29087000,0.00%,13189236,452240931736,2318001.2,0
2048-07-09,79.692,79.7717,79.7717,79.692,58351000,0.10%,654013402,452940106902,4654758.47,699175166
2048-07-10,79.7717,79.7717,79.7717,79.7717,63720000,0.00%,590293402,452940106902,5083052.72,0
2048-07-13,79.7717,79.7717,79.7717,79.7717,51005500,0.00%,539287902,452940106902,4068795.44,0
2048-07-14,79.7717,79.7717,79.7717,79.7717,36462000,0.00%,502825902,452940106902,2908635.73,0
2048-07-15,79.7717,79.7717,79.7717,79.7717,49707500,0.00%,453118402,452940106902,3965251.78,0
2048-07-16,79.7717,79.7717,79.7717,79.7717,80594000,0.00%,372524402,452940106902,6429120.39,0
2048-07-17,79.7717,79.7717,79.7717,79.7717,62569500,0.00%,309954902,452940106902,4991275.38,0
2048-07-21,79.7717,79.7717,79.7717,79.7717,85992500,0.00%,223962402,452940106902,6859767.91,0
2048-07-22,79.7717,79.7717,79.7717,79.7717,64634500,0.00%,159327902,452940106902,5156003.94,0
2048-07-23,79.7717,79.7717,79.7717,79.7717,48852000,0.00%,110475902,452940106902,3897007.09,0
2048-07-24,79.7717,79.7717,79.7717,79.7717,34928000,0.00%,75547902,452940106902,2786265.94,0
2048-07-27,79.7717,79.7717,79.7717,79.7717,51477500,0.00%,24070402,452940106902,4106447.69,0
2048-07-28,79.7717,79.8515,79.8515,79.7717,86140000,0.10%,633633734,453635810234,6878408.21,695703331
2048-07-29,79.8515,79.8515,79.8515,79.8515,44073000,0.00%,589560734,453635810234,3519295.16,0
2048-07-30,79.8515,79.8515,79.8515,79.8515,40267500,0.00%,549293234,453635810234,3215420.28,0
2048-07-31,79.8515,79.8515,79.8515,79.8515,65608000,0.00%,483685234,453635810234,5238897.21,0
2048-08-03,79.8515,79.8515,79.8515,79.8515,108560000,0.00%,375125234,453635810234,8668678.84,0
2048-08-04,79.8515,79.8515,79.8515,79.8515,69148000,0.00%,305977234,453635810234,5521571.52,0
2048-08-05,79.8515,79.8515,79.8515,79.8515,62068000,0.00%,243909234,453635810234,4956222.9,0
2048-08-06,79.8515,79.8515,79.8515,79.8515,49147000,0.00%,194762234,453635810234,3924461.67,0
2048-08-07,79.8515,79.8515,79.8515,79.8515,56345000,0.00%,138417234,453635810234,4499232.77,0
2048-08-10,79.8515,79.8515,79.8515,79.8515,27966000,0.00%,110451234,453635810234,2233127.05,0
2048-08-11,79.8515,79.8515,79.8515,79.8515,45371000,0.00%,65080234,453635810234,3622942.41,0
2048-08-12,79.8515,79.8515,79.8515,79.8515,35164000,0.00%,29916234,453635810234,2807898.15,0
2048-08-13,79.8515,79.9313,79.9313,79.8515,33010500,0.10%,686161565,454325066065,2638572.18,689255830
2048-08-14,79.9313,79.9313,79.9313,79.9313,36285000,0.00%,649876565,454325066065,2900307.22,0
2048-08-17,79.9313,79.9313,79.9313,79.9313,46462500,0.00%,603414065,454325066065,3713808.03,0
2048-08-18,79.9313,79.9313,79.9313,79.9313,31830500,0.00%,571583565,454325066065,2544253.24,0
2048-08-19,79.9313,79.9313,79.9313,79.9313,48616000,0.00%,522967565,454325066065,3885940.08,0
2048-08-20,79.9313,79.9313,79.9313,79.9313,85019000,0.00%,437948565,454325066065,6795679.19,0
2048-08-21,79.9313,79.9313,79.9313,79.9313,53424500,0.00%,384524065,454325066065,4270289.74,0
2048-08-24,79.9313,79.9313,79.9313,79.9313,75815000,0.00%,308709065,454325066065,6059991.51,0
2048-08-25,79.9313,79.9313,79.9313,79.9313,72806000,0.00%,235903065,454325066065,5819478.23,0
2048-08-26,79.9313,79.9313,79.9313,79.9313,50858000,0.00%,185045065,454325066065,4065146.06,0
2048-08-27,79.9313,79.9313,79.9313,79.9313,65903000,0.00%,119142065,454325066065,5267712.46,0
2048-08-28,79.9313,79.9313,79.9313,79.9313,36993000,0.00%,82149065,454325066065,2956898.58,0
2048-08-31,79.9313,79.9313,79.9313,79.9313,57230000,0.00%,24919065,454325066065,4574468.3,0
2048-09-01,79.9313,80.0112,80.0112,79.9313,45371000,0.10%,657101623,455002619623,3630188.16,677553557
2048-09-02,80.0112,80.0112,80.0112,80.0112,44810500,0.00%,612291123,455002619623,3585341.88,0
2048-09-03,80.0112,80.0112,80.0112,80.0112,146733000,0.00%,465558123,455002619623,11740283.41,0
2048-09-07,80.0112,80.0112,80.0112,80.0112,90712500,0.00%,374845623,455002619623,7258015.98,0
2048-09-08,80.0112,80.0112,80.0112,80.0112,39087500,0.00%,335758123,455002619623,3127437.78,0
2048-09-09,80.0112,80.0112,80.0112,80.0112,48645500,0.00%,287112623,455002619623,3892184.83,0
2048-09-10,80.0112,80.0112,80.0112,80.0112,49324000,0.00%,237788623,455002619623,3946472.43,0
2048-09-14,80.0112,80.0112,80.0112,80.0112,55489500,0.00%,182299123,455002619623,4439781.48,0
2048-09-15,80.0112,80.0112,80.0112,80.0112,30680000,0.00%,151619123,455002619623,2454743.62,0
2048-09-16,80.0112,80.0112,80.0112,80.0112,31447000,0.00%,120172123,455002619623,2516112.21,0
2048-09-17,80.0112,80.0112,80.0112,80.0112,29942500,0.00%,90229623,455002619623,2395735.36,0
2048-09-18,80.0112,80.0112,80.0112,80.0112,56699000,0.00%,33530623,455002619623,4536555.03,0
2048-09-21,80.0112,80.0912,80.0912,80.0112,43483000,0.10%,662923634,455675495634,3482605.65,672876011
2048-09-22,80.0912,80.0912,80.0912,80.0912,45961000,0.00%,616962634,455675495634,3681071.64,0
2048-09-23,80.0912,80.0912,80.0912,80.0912,40297000,0.00%,576665634,455675495634,3227435.09,0
2048-09-24,80.0912,80.0912,80.0912,80.0912,56404000,0.00%,520261634,455675495634,4517464.04,0
2048-09-25,80.0912,80.0912,80.0912,80.0912,62658000,0.00%,457603634,455675495634,5018354.41,0
2048-09-28,80.0912,80.0912,80.0912,80.0912,54014500,0.00%,403589134,455675495634,4326086.12,0
2048-09-29,80.0912,80.0912,80.0912,80.0912,46964000,0.00%,356625134,455675495634,3761403.12,0
2048-09-30,80.0912,80.0912,80.0912,80.0912,41890000,0.00%,314735134,455675495634,3355020.37,0
2048-10-01,80.0912,80.0912,80.0912,80.0912,46020000,0.00%,268715134,455675495634,3685797.02,0
2048-10-02,80.0912,80.0912,80.0912,80.0912,33187500,0.00%,235527634,455675495634,2658026.7,0
2048-10-06,80.0912,80.0912,80.0912,80.0912,44604000,0.00%,190923634,455675495634,3572387.88,0
2048-10-07,80.0912,80.0912,80.0912,80.0912,32273000,0.00%,158650634,455675495634,2584783.3,0
2048-10-08,80.0912,80.0912,80.0912,80.0912,31860000,0.00%,126790634,455675495634,2551705.63,0
2048-10-09,80.0912,80.0912,80.0912,80.0912,32686000,0.00%,94104634,455675495634,2617860.96,0
2048-10-12,80.0912,80.0912,80.0912,80.0912,33630000,0.00%,60474634,455675495634,2693467.06,0
2048-10-13,80.0912,80.0912,80.0912,80.0912,48527500,0.00%,11947134,455675495634,3886625.71,0
2048-10-14,80.0912,80.1713,80.1713,80.0912,48439000,0.10%,626743216,456338730716,3883417.6,663235081
2048-10-15,80.1713,80.1713,80.1713,80.1713,39677500,0.00%,587065716,456338730716,3180996.76,0
2048-10-16,80.1713,80.1713,80.1713,80.1713,39441500,0.00%,547624216,456338730716,3162076.33,0
2048-10-19,80.1713,80.1713,80.1713,80.1713,36727500,0.00%,510896716,456338730716,2944491.42,0
2048-10-20,80.1713,80.1713,80.1713,80.1713,27140000,0.00%,483756716,456338730716,2175849.08,0
2048-10-21,80.1713,80.1713,80.1713,80.1713,35400000,0.00%,448356716,456338730716,2838064.02,0
2048-10-22,80.1713,80.1713,80.1713,80.1713,50799000,0.00%,397557716,456338730716,4072621.87,0
2048-10-23,80.1713,80.1713,80.1713,80.1713,56669500,0.00%,340888216,456338730716,4543267.49,0
2048-10-27,80.1713,80.1713,80.1713,80.1713,63779000,0.00%,277109216,456338730716,5113245.34,0
2048-10-28,80.1713,80.1713,80.1713,80.1713,51654500,0.00%,225454716,456338730716,4141208.42,0
2048-10-29,80.1713,80.1713,80.1713,80.1713,33777500,0.00%,191677216,456338730716,2707986.09,0
2048-10-30,80.1713,80.1713,80.1713,80.1713,48557000,0.00%,143120216,456338730716,3892877.81,0
2048-11-02,80.1713,80.1713,80.1713,80.1713,42362000,0.00%,100758216,456338730716,3396216.61,0
2048-11-03,80.1713,80.1713,80.1713,80.1713,40503500,0.00%,60254716,456338730716,3247218.25,0
2048-11-04,80.1713,80.1713,80.1713,80.1713,32479500,0.00%,27775216,456338730716,2603923.74,0
2048-11-05,80.1713,80.2515,80.2515,80.1713,30916000,0.10%,651860302,456993731802,2481055.37,655001086
2048-11-06,80.2515,80.2515,80.2515,80.2515,63661000,0.00%,588199302,456993731802,5108890.74,0
2048-11-09,80.2515,80.2515,80.2515,80.2515,79237000,0.00%,508962302,456993731802,6358888.11,0
2048-11-10,80.2515,80.2515,80.2515,80.2515,39530000,0.00%,469432302,456993731802,3172341.79,0
2048-11-11,80.2515,80.2515,80.2515,80.2515,37996000,0.00%,431436302,456993731802,3049235.99,0
2048-11-12,80.2515,80.2515,80.2515,80.2515,30296500,0.00%,401139802,456993731802,2431339.57,0
2048-11-13,80.2515,80.2515,80.2515,80.2515,29116500,0.00%,372023302,456993731802,2336642.8,0
2048-11-16,80.2515,80.2515,80.2515,80.2515,40090500,0.00%,331932802,456993731802,3217322.76,0
2048-11-17,80.2515,80.2515,80.2515,80.2515,36816000,0.00%,295116802,456993731802,2954539.22,0
2048-11-18,80.2515,80.2515,80.2515,80.2515,95727500,0.00%,199389302,456993731802,7682275.47,0
2048-11-19,80.2515,80.2515,80.2515,80.2515,104135000,0.00%,95254302,456993731802,8356989.95,0
2048-11-20,80.2515,80.2515,80.2515,80.2515,64811500,0.00%,30442802,456993731802,5201220.09,0
2048-11-23,80.2515,80.3318,80.3318,80.2515,81951000,0.10%,605853418,457651093418,6583271.34,657361615
2048-11-24,80.3318,80.3318,80.3318,80.3318,71360500,0.00%,534492918,457651093418,5732517.41,0
2048-11-25,80.3318,80.3318,80.3318,80.3318,41801500,0.00%,492691418,457651093418,3357989.74,0
2048-11-26,80.3318,80.3318,80.3318,80.3318,42863500,0.00%,449827918,457651093418,3443302.11,0
2048-11-27,80.3318,80.3318,80.3318,80.3318,44958000,0.00%,404869918,457651093418,3611557.06,0
2048-11-30,80.3318,80.3318,80.3318,80.3318,36078500,0.00%,368791418,457651093418,2898250.85,0
2048-12-01,80.3318,80.3318,80.3318,80.3318,44692500,0.00%,324098918,457651093418,3590228.97,0
2048-12-02,80.3318,80.3318,80.3318,80.3318,49737000,0.00%,274361918,457651093418,3995462.74,0
2048-12-03,80.3318,80.3318,80.3318,80.3318,89414500,0.00%,184947418,457651093418,7182827.73,0
2048-12-04,80.3318,80.3318,80.3318,80.3318,44692500,0.00%,140254918,457651093418,3590228.97,0
2048-12-07,80.3318,80.3318,80.3318,80.3318,43984500,0.00%,96270418,457651093418,3533354.06,0
2048-12-08,80.3318,80.3318,80.3318,80.3318,70003500,0.00%,26266918,457651093418,5623507.16,0
2048-12-09,80.3318,80.4121,80.4121,80.3318,46905000,0.10%,637568409,458309299909,3771729.55,658206490
2048-12-10,80.4121,80.4121,80.4121,80.4121,40415000,0.00%,597153409,458309299909,3249855.02,0
2048-12-11,80.4121,80.4121,80.4121,80.4121,48970000,0.00%,548183409,458309299909,3937780.54,0
2048-12-14,80.4121,80.4121,80.4121,80.4121,54280000,0.00%,493903409,458309299909,4364768.79,0
2048-12-15,80.4121,80.4121,80.4121,80.4121,38350000,0.00%,455553409,458309299909,3083804.04,0
2048-12-16,80.4121,80.4121,80.4121,80.4121,41742500,0.00%,413810909,458309299909,3356602.08,0
2048-12-17,80.4121,80.4121,80.4121,80.4121,50740000,0.00%,363070909,458309299909,4080109.95,0
2048-12-18,80.4121,80.4121,80.4121,80.4121,91214000,0.00%,271856909,458309299909,7334709.29,0
2048-12-21,80.4121,80.4121,80.4121,80.4121,35665500,0.00%,236191409,458309299909,2867937.75,0
2048-12-22,80.4121,80.4121,80.4121,80.4121,36963500,0.00%,199227909,458309299909,2972312.66,0
2048-12-23,80.4121,80.4121,80.4121,80.4121,41860500,0.00%,157367409,458309299909,3366090.71,0
2048-12-24,80.4121,80.4121,80.4121,80.4121,30001500,0.00%,127365909,458309299909,2412483.62,0
2048-12-25,80.4121,80.4925,80.4925,80.4121,433679500,0.10%,348242318,458963855818,34907947.15,654555908
2048-12-30,80.4925,80.4925,80.4925,80.4925,190186500,0.00%,158055818,458963855818,15308586.85,0
2048-12-31,80.4925,80.4925,80.4925,80.4925,111628000,0.00%,46427818,458963855818,8985216.79,0
2049-01-01,80.4925,80.573,80.573,80.4925,58860000,0.10%,663150672,459639438672,4742526.78,675582854
2049-01-05,80.573,80.573,80.573,80.573,70050000,0.00%,593100672,459639438672,5644138.65,0
2049-01-06,80.573,80.573,80.573,80.573,61170000,0.00%,531930672,459639438672,4928650.41,0
2049-01-07,80.573,80.573,80.573,80.573,60660000,0.00%,471270672,459639438672,4887558.18,0
2049-01-08,80.573,80.573,80.573,80.573,71250000,0.00%,400020672,459639438672,5740826.25,0
2049-01-11,80.573,80.573,80.573,80.573,50159999,0.00%,349860672,459639438672,4041541.68,0
2049-01-12,80.573,80.573,80.573,80.573,50790000,0.00%,299070672,459639438672,4092302.67,0
2049-01-13,80.573,80.573,80.573,80.573,57450000,0.00%,241620672,459639438672,4628918.85,0
2049-01-14,80.573,80.573,80.573,80.573,61800000,0.00%,179820672,459639438672,4979411.4,0
2049-01-15,80.573,80.573,80.573,80.573,47310000,0.00%,132510672,459639438672,3811908.63,0
2049-01-18,80.573,80.573,80.573,80.573,48989999,0.00%,83520672,459639438672,3947271.27,0
2049-01-19,80.573,80.573,80.573,80.573,66720000,0.00%,16800672,459639438672,5375830.56,0
2049-01-20,80.573,80.6536,80.6536,80.573,108330000,0.10%,568151901,460299119901,8737204.49,659681229
2049-01-21,80.6536,80.6536,80.6536,80.6536,73800000,0.00%,494351901,460299119901,5952235.68,0
2049-01-22,80.6536,80.6536,80.6536,80.6536,80700000,0.00%,413651901,460299119901,6508745.52,0
2049-01-25,80.6536,80.6536,80.6536,80.6536,100950000,0.00%,312701901,460299119901,8141980.92,0
2049-01-26,80.6536,80.6536,80.6536,80.6536,106830000,0.00%,205871901,460299119901,8616224.09,0
2049-01-27,80.6536,80.6536,80.6536,80.6536,101580000,0.00%,104291901,460299119901,8192792.69,0
2049-01-28,80.6536,80.6536,80.6536,80.6536,102480000,0.00%,1811901,460299119901,8265380.93,0
2049-01-29,80.6536,80.7342,80.7342,80.6536,74460000,0.10%,579397852,460951165852,6011468.53,652045950
2049-02-01,80.7342,80.7342,80.7342,80.7342,60480000,0.00%,518917852,460951165852,4882804.42,0
2049-02-02,80.7342,80.7342,80.7342,80.7342,64530000,0.00%,454387852,460951165852,5209777.93,0
2049-02-03,80.7342,80.7342,80.7342,80.7342,60150000,0.00%,394237852,460951165852,4856162.13,0
2049-02-04,80.7342,80.7342,80.7342,80.7342,51990000,0.00%,342247852,460951165852,4197371.06,0
2049-02-05,80.7342,80.7342,80.7342,80.7342,93150000,0.00%,249097852,460951165852,7520390.73,0
2049-02-08,80.7342,80.7342,80.7342,80.7342,61380000,0.00%,187717852,460951165852,4955465.2,0
2049-02-09,80.7342,80.7342,80.7342,80.7342,86580000,0.00%,101137852,460951165852,6989967.04,0
2049-02-10,80.7342,80.7342,80.7342,80.7342,79020000,0.00%,22117852,460951165852,6379616.48,0
2049-02-11,80.7342,80.815,80.815,80.7342,53730000,0.10%,603197986,461585975986,4342189.95,634810134
2049-02-12,80.815,80.815,80.815,80.815,20190000,0.00%,583007986,461585975986,1631654.85,0
2049-02-17,80.815,80.815,80.815,80.815,34710000,0.00%,548297986,461585975986,2805088.65,0
2049-02-18,80.815,80.815,80.815,80.815,37710000,0.00%,510587986,461585975986,3047533.65,0
2049-02-19,80.815,80.815,80.815,80.815,51660000,0.00%,458927986,461585975986,4174902.9,0
2049-02-22,80.815,80.815,80.815,80.815,46260000,0.00%,412667986,461585975986,3738501.9,0
2049-02-23,80.815,80.815,80.815,80.815,47310000,0.00%,365357986,461585975986,3823357.65,0
2049-02-24,80.815,80.815,80.815,80.815,71850000,0.00%,293507986,461585975986,5806557.75,0
2049-02-25,80.815,80.815,80.815,80.815,37320000,0.00%,256187986,461585975986,3016015.8,0
2049-02-26,80.815,80.815,80.815,80.815,39690000,0.00%,216497986,461585975986,3207547.35,0
2049-03-01,80.815,80.815,80.815,80.815,37230000,0.00%,179267986,461585975986,3008742.45,0
2049-03-02,80.815,80.815,80.815,80.815,70830000,0.00%,108437986,461585975986,5724126.45,0
2049-03-03,80.815,80.815,80.815,80.815,77700000,0.00%,30737986,461585975986,6279325.5,0
2049-03-04,80.815,80.8958,80.8958,80.815,89160000,0.10%,552171316,462196569316,7212669.53,610593330
2049-03-05,80.8958,80.8958,80.8958,80.8958,83850000,0.00%,468321316,462196569316,6783112.83,0
2049-03-08,80.8958,80.8958,80.8958,80.8958,41490000,0.00%,426831316,462196569316,3356366.74,0
2049-03-09,80.8958,80.8958,80.8958,80.8958,78180000,0.00%,348651316,462196569316,6324433.64,0
2049-03-10,80.8958,80.8958,80.8958,80.8958,69870000,0.00%,278781316,462196569316,5652189.55,0
2049-03-11,80.8958,80.8958,80.8958,80.8958,51480000,0.00%,227301316,462196569316,4164515.78,0
2049-03-12,80.8958,80.8958,80.8958,80.8958,37260000,0.00%,190041316,462196569316,3014177.51,0
2049-03-15,80.8958,80.8958,80.8958,80.8958,53610000,0.00%,136431316,462196569316,4336823.84,0
2049-03-16,80.8958,80.8958,80.8958,80.8958,109590000,0.00%,26841316,462196569316,8865370.72,0
2049-03-17,80.8958,80.9767,80.9767,80.8958,60210000,0.10%,574774334,462804712334,4875607.11,608143017
2049-03-18,80.9767,80.9767,80.9767,80.9767,42690000,0.00%,532084334,462804712334,3456895.32,0
2049-03-19,80.9767,80.9767,80.9767,80.9767,87540000,0.00%,444544334,462804712334,7088700.32,0
2049-03-22,80.9767,80.9767,80.9767,80.9767,58890000,0.00%,385654334,462804712334,4768717.86,0
2049-03-23,80.9767,80.9767,80.9767,80.9767,46920000,0.00%,338734334,462804712334,3799426.76,0
2049-03-24,80.9767,80.9767,80.9767,80.9767,46860000,0.00%,291874334,462804712334,3794568.16,0
2049-03-25,80.9767,80.9767,80.9767,80.9767,110610000,0.00%,181264334,462804712334,8956832.79,0
2049-03-26,80.9767,80.9767,80.9767,80.9767,79290000,0.00%,101974334,462804712334,6420642.54,0
2049-03-29,80.9767,80.9767,80.9767,80.9767,63390000,0.00%,38584334,462804712334,5133113.01,0
2049-03-30,80.9767,81.0576,81.0576,80.9767,102000000,0.10%,544632206,463412760206,8267875.2,608047871
2049-03-31,81.0576,81.0576,81.0576,81.0576,116250000,0.00%,428382206,463412760206,9422946.0,0
2049-04-01,81.0576,81.0576,81.0576,81.0576,90000000,0.00%,338382206,463412760206,7295184.0,0
2049-04-06,81.0576,81.0576,81.0576,81.0576,79680000,0.00%,258702206,463412760206,6458669.57,0
2049-04-07,81.0576,81.0576,81.0576,81.0576,59100000,0.00%,199602206,463412760206,4790504.16,0
2049-04-09,81.0576,81.0576,81.0576,81.0576,40740000,0.00%,158862206,463412760206,3302286.62,0
2049-04-12,81.0576,81.0576,81.0576,81.0576,64980000,0.00%,93882206,463412760206,5267122.85,0
2049-04-13,81.0576,81.0576,81.0576,81.0576,53640000,0.00%,40242206,463412760206,4347929.66,0
2049-04-14,81.0576,81.1387,81.1387,81.0576,74190000,0.10%,571275690,464017983690,6019680.15,605223483
2049-04-15,81.1387,81.1387,81.1387,81.1387,56490000,0.00%,514785690,464017983690,4583525.16,0
2049-04-16,81.1387,81.1387,81.1387,81.1387,69090000,0.00%,445695690,464017983690,5605872.78,0
2049-04-19,81.1387,81.1387,81.1387,81.1387,54900000,0.00%,390795690,464017983690,4454514.63,0
2049-04-20,81.1387,81.1387,81.1387,81.1387,59070000,0.00%,331725690,464017983690,4792863.01,0
2049-04-21,81.1387,81.1387,81.1387,81.1387,43230000,0.00%,288495690,464017983690,3507626.0,0
2049-04-22,81.1387,81.1387,81.1387,81.1387,57180000,0.00%,231315690,464017983690,4639510.87,0
2049-04-23,81.1387,81.1387,81.1387,81.1387,58410000,0.00%,172905690,464017983690,4739311.47,0
2049-04-26,81.1387,81.1387,81.1387,81.1387,123390000,0.00%,49515690,464017983690,10011704.19,0
2049-04-27,81.1387,81.2198,81.2198,81.1387,131460000,0.10%,520273913,464620201913,10677154.91,602218223
2049-04-28,81.2198,81.2198,81.2198,81.2198,124410000,0.00%,395863913,464620201913,10104555.32,0
2049-04-29,81.2198,81.2198,81.2198,81.2198,83190000,0.00%,312673913,464620201913,6756675.16,0
2049-04-30,81.2198,81.2198,81.2198,81.2198,88800000,0.00%,223873913,464620201913,7212318.24,0
2049-05-03,81.2198,81.2198,81.2198,81.2198,76260000,0.00%,147613913,464620201913,6193821.95,0
2049-05-04,81.2198,81.2198,81.2198,81.2198,47880000,0.00%,99733913,464620201913,3888804.02,0
2049-05-06,81.2198,81.2198,81.2198,81.2198,67440000,0.00%,32293913,464620201913,5477463.31,0
2049-05-07,81.2198,81.3011,81.3011,81.2198,70770000,0.10%,569092628,465227770628,5753678.85,607568714
2049-05-10,81.3011,81.3011,81.3011,81.3011,78630000,0.00%,490462628,465227770628,6392705.49,0
2049-05-11,81.3011,81.3011,81.3011,81.3011,58230000,0.00%,432232628,465227770628,4734163.05,0
2049-05-12,81.3011,81.3011,81.3011,81.3011,60180000,0.00%,372052628,465227770628,4892700.2,0
2049-05-13,81.3011,81.3011,81.3011,81.3011,48090000,0.00%,323962628,465227770628,3909769.9,0
2049-05-14,81.3011,81.3011,81.3011,81.3011,47070000,0.00%,276892628,465227770628,3826842.78,0
2049-05-17,81.3011,81.3011,81.3011,81.3011,61680000,0.00%,215212628,465227770628,5014651.85,0
2049-05-18,81.3011,81.3011,81.3011,81.3011,64800000,0.00%,150412628,465227770628,5268311.28,0
2049-05-20,81.3011,81.3824,81.3824,81.3011,175290000,0.10%,584608864,465837256864,14265520.9,609486235
2049-05-21,81.3824,81.3824,81.3824,81.3824,83760000,0.00%,500848864,465837256864,6816589.82,0
2049-05-24,81.3824,81.3824,81.3824,81.3824,66990000,0.00%,433858864,465837256864,5451806.98,0
2049-05-25,81.3824,81.3824,81.3824,81.3824,92040000,0.00%,341818864,465837256864,7490436.1,0
2049-05-26,81.3824,81.3824,81.3824,81.3824,67110000,0.00%,274708864,465837256864,5461572.86,0
2049-05-27,81.3824,81.3824,81.3824,81.3824,54960000,0.00%,219748864,465837256864,4472776.7,0
2049-05-28,81.3824,81.3824,81.3824,81.3824,57420000,0.00%,162328864,465837256864,4672977.41,0
2049-05-31,81.3824,81.3824,81.3824,81.3824,96390000,0.00%,65938864,465837256864,7844449.54,0
2049-06-01,81.3824,81.3824,81.3824,81.3824,49830000,0.00%,16108864,465837256864,4055284.99,0
2049-06-02,81.3824,81.4637,81.4637,81.3824,82140000,0.10%,549703953,466452991953,6691428.32,615735089
2049-06-03,81.4637,81.4637,81.4637,81.4637,66030000,0.00%,483673953,466452991953,5379048.11,0
2049-06-04,81.4637,81.4637,81.4637,81.4637,120120000,0.00%,363553953,466452991953,9785419.64,0
2049-06-07,81.4637,81.4637,81.4637,81.4637,84390000,0.00%,279163953,466452991953,6874721.64,0
2049-06-08,81.4637,81.4637,81.4637,81.4637,54120000,0.00%,225043953,466452991953,4408815.44,0
2049-06-09,81.4637,81.4637,81.4637,81.4637,60630000,0.00%,164413953,466452991953,4939144.13,0
2049-06-10,81.4637,81.4637,81.4637,81.4637,56670000,0.00%,107743953,466452991953,4616547.88,0
2049-06-11,81.4637,81.4637,81.4637,81.4637,75750000,0.00%,31993953,466452991953,6170875.28,0
2049-06-15,81.4637,81.5452,81.5452,81.4637,79500000,0.10%,571775493,467072273493,6482843.4,619281539
2049-06-16,81.5452,81.5452,81.5452,81.5452,44880000,0.00%,526895493,467072273493,3659748.58,0
2049-06-17,81.5452,81.5452,81.5452,81.5452,46020000,0.00%,480875493,467072273493,3752710.1,0
2049-06-18,81.5452,81.5452,81.5452,81.5452,62580000,0.00%,418295493,467072273493,5103098.62,0
2049-06-21,81.5452,81.5452,81.5452,81.5452,45840000,0.00%,372455493,467072273493,3738031.97,0
2049-06-22,81.5452,81.5452,81.5452,81.5452,42840000,0.00%,329615493,467072273493,3493396.37,0
2049-06-23,81.5452,81.5452,81.5452,81.5452,66930000,0.00%,262685493,467072273493,5457820.24,0
2049-06-24,81.5452,81.5452,81.5452,81.5452,42150000,0.00%,220535493,467072273493,3437130.18,0
2049-06-25,81.5452,81.5452,81.5452,81.5452,77580000,0.00%,142955493,467072273493,6326276.62,0
2049-06-28,81.5452,81.5452,81.5452,81.5452,38760000,0.00%,104195493,467072273493,3160691.95,0
2049-06-29,81.5452,81.5452,81.5452,81.5452,38370000,0.00%,65825493,467072273493,3128889.32,0
2049-06-30,81.5452,81.5452,81.5452,81.5452,35670000,0.00%,30155493,467072273493,2908717.28,0
2049-07-01,81.5452,81.6268,81.6268,81.5452,52530000,0.10%,586457066,467681105066,4287855.8,608831573
2049-07-02,81.6268,81.6268,81.6268,81.6268,46680000,0.00%,539777066,467681105066,3810339.02,0
2049-07-06,81.6268,81.6268,81.6268,81.6268,81810000,0.00%,457967066,467681105066,6677888.51,0
2049-07-07,81.6268,81.6268,81.6268,81.6268,66780000,0.00%,391187066,467681105066,5451037.7,0
2049-07-08,81.6268,81.6268,81.6268,81.6268,46320000,0.00%,344867066,467681105066,3780953.38,0
2049-07-09,81.6268,81.6268,81.6268,81.6268,31560000,0.00%,313307066,467681105066,2576141.81,0
2049-07-12,81.6268,81.6268,81.6268,81.6268,34860000,0.00%,278447066,467681105066,2845510.25,0
2049-07-13,81.6268,81.6268,81.6268,81.6268,39060000,0.00%,239387066,467681105066,3188342.81,0
2049-07-14,81.6268,81.6268,81.6268,81.6268,46770000,0.00%,192617066,467681105066,3817685.44,0
2049-07-15,81.6268,81.6268,81.6268,81.6268,49770000,0.00%,142847066,467681105066,4062565.84,0
2049-07-16,81.6268,81.6268,81.6268,81.6268,82560000,0.00%,60287066,467681105066,6739108.61,0
2049-07-19,81.6268,81.6268,81.6268,81.6268,41040000,0.00%,19247066,467681105066,3349963.87,0
2049-07-20,81.6268,81.7084,81.7084,81.6268,57180000,0.10%,571248844,468290286844,4672086.31,609181777
2049-07-21,81.7084,81.7084,81.7084,81.7084,77580000,0.00%,493668844,468290286844,6338937.67,0
2049-07-22,81.7084,81.7084,81.7084,81.7084,56820000,0.00%,436848844,468290286844,4642671.29,0
2049-07-23,81.7084,81.7084,81.7084,81.7084,69270000,0.00%,367578844,468290286844,5659940.87,0
2049-07-26,81.7084,81.7084,81.7084,81.7084,50880000,0.00%,316698844,468290286844,4157323.39,0
2049-07-27,81.7084,81.7084,81.7084,81.7084,36300000,0.00%,280398844,468290286844,2966014.92,0
2049-07-28,81.7084,81.7084,81.7084,81.7084,35400000,0.00%,244998844,468290286844,2892477.36,0
2049-07-29,81.7084,81.7084,81.7084,81.7084,77370000,0.00%,167628844,468290286844,6321778.91,0
2049-07-30,81.7084,81.7084,81.7084,81.7084,39810000,0.00%,127818844,468290286844,3252811.4,0
2049-08-02,81.7084,81.7084,81.7084,81.7084,38610000,0.00%,89208844,468290286844,3154761.32,0
2049-08-03,81.7084,81.7084,81.7084,81.7084,29250000,0.00%,59958844,468290286844,2389970.7,0
2049-08-04,81.7084,81.7901,81.7901,81.7084,60900000,0.10%,611233916,468902461916,4981017.09,612175071
2049-08-05,81.7901,81.7901,81.7901,81.7901,37230000,0.00%,574003916,468902461916,3045045.42,0
2049-08-06,81.7901,81.7901,81.7901,81.7901,53130000,0.00%,520873916,468902461916,4345508.01,0
2049-08-09,81.7901,81.7901,81.7901,81.7901,68880000,0.00%,451993916,468902461916,5633702.09,0
2049-08-10,81.7901,81.7901,81.7901,81.7901,53010000,0.00%,398983916,468902461916,4335693.2,0
2049-08-11,81.7901,81.7901,81.7901,81.7901,47520000,0.00%,351463916,468902461916,3886665.55,0
2049-08-12,81.7901,81.7901,81.7901,81.7901,56430000,0.00%,295033916,468902461916,4615415.34,0
2049-08-13,81.7901,81.7901,81.7901,81.7901,49050000,0.00%,245983916,468902461916,4011804.41,0
2049-08-16,81.7901,81.7901,81.7901,81.7901,30660000,0.00%,215323916,468902461916,2507684.47,0
2049-08-17,81.7901,81.7901,81.7901,81.7901,40770000,0.00%,174553916,468902461916,3334582.38,0
2049-08-18,81.7901,81.7901,81.7901,81.7901,56070000,0.00%,118483916,468902461916,4585970.91,0
2049-08-19,81.7901,81.7901,81.7901,81.7901,64320000,0.00%,54163916,468902461916,5260739.23,0
2049-08-20,81.7901,81.7901,81.7901,81.7901,49230000,0.00%,4933916,468902461916,4026526.62,0
2049-08-23,81.7901,81.8719,81.8719,81.7901,45630000,0.10%,568279976,469511437976,3735814.8,608976060
2049-08-24,81.8719,81.8719,81.8719,81.8719,35550000,0.00%,532729976,469511437976,2910546.04,0
2049-08-25,81.8719,81.8719,81.8719,81.8719,34950000,0.00%,497779976,469511437976,2861422.91,0
2049-08-26,81.8719,81.8719,81.8719,81.8719,50370000,0.00%,447409976,469511437976,4123887.6,0
2049-08-27,81.8719,81.8719,81.8719,81.8719,39180000,0.00%,408229976,469511437976,3207741.04,0
2049-08-30,81.8719,81.8719,81.8719,81.8719,48750000,0.00%,359479976,469511437976,3991255.12,0
2049-08-31,81.8719,81.8719,81.8719,81.8719,41040000,0.00%,318439976,469511437976,3360022.78,0
2049-09-01,81.8719,81.8719,81.8719,81.8719,43800000,0.00%,274639976,469511437976,3585989.22,0
2049-09-02,81.8719,81.8719,81.8719,81.8719,38670000,0.00%,235969976,469511437976,3165986.37,0
2049-09-03,81.8719,81.8719,81.8719,81.8719,92610000,0.00%,143359976,469511437976,7582156.66,0
2049-09-06,81.8719,81.8719,81.8719,81.8719,41640000,0.00%,101719976,469511437976,3409145.92,0
2049-09-07,81.8719,81.8719,81.8719,81.8719,29430000,0.00%,72289976,469511437976,2409490.02,0
2049-09-08,81.8719,81.8719,81.8719,81.8719,39840000,0.00%,32449976,469511437976,3261776.5,0
2049-09-09,81.8719,81.8719,81.8719,81.8719,28740000,0.00%,3709976,469511437976,2352998.41,0
2049-09-13,81.8719,81.9538,81.9538,81.8719,60240000,0.10%,543815239,470111783239,4936896.91,600345262
2049-09-14,81.9538,81.9538,81.9538,81.9538,36900000,0.00%,506915239,470111783239,3024095.22,0
2049-09-15,81.9538,81.9538,81.9538,81.9538,36120000,0.00%,470795239,470111783239,2960171.26,0
2049-09-16,81.9538,81.9538,81.9538,81.9538,41400000,0.00%,429395239,470111783239,3392887.32,0
2049-09-17,81.9538,81.9538,81.9538,81.9538,33030000,0.00%,396365239,470111783239,2706934.01,0
2049-09-20,81.9538,81.9538,81.9538,81.9538,23070000,0.00%,373295239,470111783239,1890674.17,0
2049-09-21,81.9538,81.9538,81.9538,81.9538,30450000,0.00%,342845239,470111783239,2495493.21,0
2049-09-23,81.9538,81.9538,81.9538,81.9538,77400000,0.00%,265445239,470111783239,6343224.12,0
2049-09-24,81.9538,81.9538,81.9538,81.9538,85230000,0.00%,180215239,470111783239,6984922.37,0
2049-09-27,81.9538,81.9538,81.9538,81.9538,45660000,0.00%,134555239,470111783239,3742010.51,0
2049-09-28,81.9538,81.9538,81.9538,81.9538,128760000,0.00%,5795239,470111783239,10552371.29,0
2049-09-29,81.9538,82.0357,82.0357,81.9538,120330000,0.10%,491223579,470717541579,9871355.78,605758340
2049-09-30,82.0357,82.0357,82.0357,82.0357,150750000,0.00%,340473579,470717541579,12366881.78,0
2049-10-01,82.0357,82.0357,82.0357,82.0357,171450000,0.00%,169023579,470717541579,14065020.77,0
2049-10-04,82.0357,82.1177,82.1177,82.0357,226380000,0.10%,558833419,471333731419,18589804.93,616189839
2049-10-06,82.1177,82.1177,82.1177,82.1177,146310000,0.00%,412523419,471333731419,12014640.69,0
2049-10-07,82.1177,82.1177,82.1177,82.1177,94800000,0.00%,317723419,471333731419,7784757.96,0
2049-10-08,82.1177,82.1177,82.1177,82.1177,73980000,0.00%,243743419,471333731419,6075067.45,0
2049-10-11,82.1177,82.1177,82.1177,82.1177,75990000,0.00%,167753419,471333731419,6240124.02,0
2049-10-12,82.1177,82.1999,82.1999,82.1177,211410000,0.10%,584182588,471961570588,17377880.86,627839169
2049-10-13,82.1999,82.1999,82.1999,82.1999,139110000,0.00%,445072588,471961570588,11434828.09,0
2049-10-14,82.1999,82.1999,82.1999,82.1999,99330000,0.00%,345742588,471961570588,8164916.07,0
2049-10-18,82.1999,82.1999,82.1999,82.1999,90960000,0.00%,254782588,471961570588,7476902.9,0
2049-10-19,82.1999,82.1999,82.1999,82.1999,100439999,0.00%,154342588,471961570588,8256157.96,0
2049-10-20,82.1999,82.1999,82.1999,82.1999,67470000,0.00%,86872588,471961570588,5546027.25,0
2049-10-21,82.1999,82.1999,82.1999,82.1999,49440000,0.00%,37432588,471961570588,4063963.06,0
2049-10-22,82.1999,82.2821,82.2821,82.1999,77880000,0.10%,601990788,472604008788,6408129.95,642438200
2049-10-25,82.2821,82.2821,82.2821,82.2821,48989999,0.00%,553000788,472604008788,4031000.08,0
2049-10-26,82.2821,82.2821,82.2821,82.2821,33090000,0.00%,519910788,472604008788,2722714.69,0
2049-10-27,82.2821,82.2821,82.2821,82.2821,43980000,0.00%,475930788,472604008788,3618766.76,0
2049-10-28,82.2821,82.2821,82.2821,82.2821,33600000,0.00%,442330788,472604008788,2764678.56,0
2049-10-29,82.2821,82.2821,82.2821,82.2821,35850000,0.00%,406480788,472604008788,2949813.29,0
2049-11-01,82.2821,82.2821,82.2821,82.2821,46650000,0.00%,359830788,472604008788,3838459.96,0
2049-11-02,82.2821,82.2821,82.2821,82.2821,41400000,0.00%,318430788,472604008788,3406478.94,0
2049-11-03,82.2821,82.2821,82.2821,82.2821,53700000,0.00%,264730788,472604008788,4418548.77,0
2049-11-04,82.2821,82.2821,82.2821,82.2821,68250000,0.00%,196480788,472604008788,5615753.33,0
2049-11-05,82.2821,82.2821,82.2821,82.2821,63270000,0.00%,133210788,472604008788,5205988.47,0
2049-11-08,82.2821,82.2821,82.2821,82.2821,35130000,0.00%,98080788,472604008788,2890570.17,0
2049-11-09,82.2821,82.2821,82.2821,82.2821,45810000,0.00%,52270788,472604008788,3769343.0,0
2049-11-10,82.2821,82.3643,82.3643,82.2821,62280000,0.10%,632500088,473246518088,5129648.6,642509299
2049-11-11,82.3643,82.3643,82.3643,82.3643,59760000,0.00%,572740088,473246518088,4922090.57,0
2049-11-12,82.3643,82.3643,82.3643,82.3643,58170000,0.00%,514570088,473246518088,4791131.33,0
2049-11-15,82.3643,82.3643,82.3643,82.3643,68580000,0.00%,445990088,473246518088,5648543.69,0
2049-11-16,82.3643,82.3643,82.3643,82.3643,81900000,0.00%,364090088,473246518088,6745636.17,0
2049-11-17,82.3643,82.3643,82.3643,82.3643,84930000,0.00%,279160088,473246518088,6995200.0,0
2049-11-18,82.3643,82.3643,82.3643,82.3643,104700000,0.00%,174460088,473246518088,8623542.21,0
2049-11-19,82.3643,82.3643,82.3643,82.3643,87180000,0.00%,87280088,473246518088,7180519.67,0
2049-11-22,82.3643,82.3643,82.3643,82.3643,61470000,0.00%,25810088,473246518088,5062933.52,0
2049-11-23,82.3643,82.4467,82.4467,82.3643,41640000,0.10%,632230305,473894578305,3433080.59,648060217
2049-11-24,82.4467,82.4467,82.4467,82.4467,45030000,0.00%,587200305,473894578305,3712574.9,0
2049-11-25,82.4467,82.4467,82.4467,82.4467,37500000,0.00%,549700305,473894578305,3091751.25,0
2049-11-26,82.4467,82.4467,82.4467,82.4467,50850000,0.00%,498850305,473894578305,4192414.7,0
2049-11-29,82.4467,82.4467,82.4467,82.4467,83670000,0.00%,415180305,473894578305,6898315.39,0
2049-11-30,82.4467,82.4467,82.4467,82.4467,50820000,0.00%,364360305,473894578305,4189941.29,0
2049-12-01,82.4467,82.4467,82.4467,82.4467,50070000,0.00%,314290305,473894578305,4128106.27,0
2049-12-02,82.4467,82.4467,82.4467,82.4467,39210000,0.00%,275080305,473894578305,3232735.11,0
2049-12-03,82.4467,82.4467,82.4467,82.4467,46890000,0.00%,228190305,473894578305,3865925.76,0
2049-12-06,82.4467,82.4467,82.4467,82.4467,39990000,0.00%,188200305,473894578305,3297043.53,0
2049-12-07,82.4467,82.4467,82.4467,82.4467,55080000,0.00%,133120305,473894578305,4541164.24,0
2049-12-08,82.4467,82.4467,82.4467,82.4467,42150000,0.00%,90970305,473894578305,3475128.41,0
2049-12-09,82.4467,82.4467,82.4467,82.4467,39930000,0.00%,51040305,473894578305,3292096.73,0
2049-12-10,82.4467,82.5292,82.5292,82.4467,83130000,0.10%,614312451,474540980451,6860652.4,646402146
2049-12-13,82.5292,82.5292,82.5292,82.5292,67380000,0.00%,546932451,474540980451,5560817.5,0
2049-12-14,82.5292,82.5292,82.5292,82.5292,90840000,0.00%,456092451,474540980451,7496952.53,0
2049-12-15,82.5292,82.5292,82.5292,82.5292,39300000,0.00%,416792451,474540980451,3243397.56,0
2049-12-16,82.5292,82.5292,82.5292,82.5292,70230000,0.00%,346562451,474540980451,5796025.72,0
2049-12-17,82.5292,82.5292,82.5292,82.5292,48900000,0.00%,297662451,474540980451,4035677.88,0
2049-12-20,82.5292,82.5292,82.5292,82.5292,42180000,0.00%,255482451,474540980451,3481081.66,0
2049-12-21,82.5292,82.5292,82.5292,82.5292,50340000,0.00%,205142451,474540980451,4154519.93,0
2049-12-22,82.5292,82.5292,82.5292,82.5292,44730000,0.00%,160412451,474540980451,3691531.12,0
2049-12-23,82.5292,82.5292,82.5292,82.5292,104010000,0.00%,56402451,474540980451,8583862.09,0
2049-12-24,82.5292,82.6117,82.6117,82.5292,134490000,0.10%,575413437,475194481437,11110447.53,653500986
2049-12-27,82.6117,82.6117,82.6117,82.6117,62580000,0.00%,512833437,475194481437,5169840.19,0
2049-12-28,82.6117,82.6117,82.6117,82.6117,23610000,0.00%,489223437,475194481437,1950462.24,0
2049-12-31,82.6117,82.6117,82.6117,82.6117,40650000,0.00%,448573437,475194481437,3358165.6,0
2050-01-03,82.6117,82.6117,82.6117,82.6117,41236000,0.00%,407337437,475194481437,3406576.06,0
2050-01-04,82.6117,82.6117,82.6117,82.6117,33153500,0.00%,374183937,475194481437,2738867.0,0
2050-01-06,82.6117,82.6117,82.6117,82.6117,63226500,0.00%,310957437,475194481437,5223248.65,0
2050-01-07,82.6117,82.6117,82.6117,82.6117,51362000,0.00%,259595437,475194481437,4243102.14,0
2050-01-10,82.6117,82.6117,82.6117,82.6117,51453500,0.00%,208141937,475194481437,4250661.11,0
2050-01-11,82.6117,82.6943,82.6943,82.6117,435906000,0.10%,432300764,475854546264,36046941.54,660064827
2050-01-12,82.6943,82.6943,82.6943,82.6943,291153000,0.00%,141147764,475854546264,24076693.53,0
2050-01-13,82.6943,82.777,82.777,82.6943,184769000,0.10%,640327006,476538494506,15294623.51,683948241
2050-01-14,82.777,82.777,82.777,82.777,113002500,0.00%,527324506,476538494506,9354007.94,0
2050-01-17,82.777,82.777,82.777,82.777,106109500,0.00%,421215006,476538494506,8783426.08,0
2050-01-18,82.777,82.777,82.777,82.777,123891000,0.00%,297324006,476538494506,10255325.31,0
2050-01-19,82.777,82.777,82.777,82.777,88938000,0.00%,208386006,476538494506,7362020.83,0
2050-01-20,82.777,82.777,82.777,82.777,79727000,0.00%,128659006,476538494506,6599561.88,0
2050-01-21,82.777,82.777,82.777,82.777,52277000,0.00%,76382006,476538494506,4327333.23,0
2050-01-24,82.777,82.8598,82.8598,82.777,94977000,0.10%,680172300,477237261800,7869775.22,698767294
2050-01-25,82.8598,82.8598,82.8598,82.8598,77012500,0.00%,603159800,477237261800,6381240.35,0
2050-01-26,82.8598,82.8598,82.8598,82.8598,54473000,0.00%,548686800,477237261800,4513621.89,0
2050-01-27,82.8598,82.8598,82.8598,82.8598,64843000,0.00%,483843800,477237261800,5372878.01,0
2050-01-28,82.8598,82.8598,82.8598,82.8598,73444000,0.00%,410399800,477237261800,6085555.15,0
2050-01-31,82.8598,82.8598,82.8598,82.8598,72010500,0.00%,338389300,477237261800,5966775.63,0
2050-02-01,82.8598,82.8598,82.8598,82.8598,43310000,0.00%,295079300,477237261800,3588657.94,0
2050-02-07,82.8598,82.8598,82.8598,82.8598,85156000,0.00%,209923300,477237261800,7056009.13,0
2050-02-08,82.8598,82.8598,82.8598,82.8598,95404000,0.00%,114519300,477237261800,7905156.36,0
2050-02-09,82.8598,82.8598,82.8598,82.8598,97996500,0.00%,16522800,477237261800,8119970.39,0
2050-02-10,82.8598,82.9426,82.9426,82.8598,59749500,0.10%,668009302,477948497802,4955778.88,711236002
2050-02-11,82.9426,82.9426,82.9426,82.9426,105438500,0.00%,562570802,477948497802,8745343.33,0
2050-02-14,82.9426,82.9426,82.9426,82.9426,95800500,0.00%,466770302,477948497802,7945942.55,0
2050-02-15,82.9426,82.9426,82.9426,82.9426,94214500,0.00%,372555802,477948497802,7814395.59,0
2050-02-16,82.9426,82.9426,82.9426,82.9426,116693000,0.00%,255862802,477948497802,9678820.82,0
2050-02-17,82.9426,82.9426,82.9426,82.9426,186019500,0.00%,69843302,477948497802,15428940.98,0
2050-02-18,82.9426,83.0256,83.0256,82.9426,227286000,0.10%,561588231,478667528731,18870556.52,719030929
2050-02-21,83.0256,83.0256,83.0256,83.0256,384971000,0.00%,176617231,478667528731,31962448.26,0
2050-02-22,83.0256,83.1086,83.1086,83.0256,190716500,0.10%,723628814,479405256814,15850181.31,737728082
2050-02-23,83.1086,83.1086,83.1086,83.1086,104096500,0.00%,619532314,479405256814,8651314.38,0
2050-02-24,83.1086,83.1086,83.1086,83.1086,105377500,0.00%,514154814,479405256814,8757776.5,0
2050-02-25,83.1086,83.1086,83.1086,83.1086,224327500,0.00%,289827314,479405256814,18643544.47,0
2050-02-28,83.1086,83.1086,83.1086,83.1086,205997000,0.00%,83830314,479405256814,17120122.27,0
2050-03-01,83.1086,83.1917,83.1917,83.1086,172355500,0.10%,669274462,480163056462,14338547.05,757799648
2050-03-02,83.1917,83.1917,83.1917,83.1917,123494500,0.00%,545779962,480163056462,10273717.4,0
2050-03-03,83.1917,83.1917,83.1917,83.1917,118645000,0.00%,427134962,480163056462,9870279.25,0
2050-03-04,83.1917,83.1917,83.1917,83.1917,159088000,0.00%,268046962,480163056462,13234801.17,0
2050-03-07,83.1917,83.1917,83.1917,83.1917,99887500,0.00%,168159462,480163056462,8309810.93,0
2050-03-08,83.1917,83.1917,83.1917,83.1917,94916000,0.00%,73243462,480163056462,7896223.4,0
2050-03-09,83.1917,83.2749,83.2749,83.1917,107268500,0.10%,740443765,480937525265,8932773.61,774468802
2050-03-10,83.2749,83.2749,83.2749,83.2749,243024000,0.00%,497419765,480937525265,20237799.3,0
2050-03-11,83.2749,83.2749,83.2749,83.2749,141794500,0.00%,355625265,480937525265,11807922.81,0
2050-03-14,83.2749,83.2749,83.2749,83.2749,104981000,0.00%,250644265,480937525265,8742282.28,0
2050-03-15,83.2749,83.2749,83.2749,83.2749,103242500,0.00%,147401765,480937525265,8597508.86,0
2050-03-16,83.2749,83.2749,83.2749,83.2749,85491500,0.00%,61910265,480937525265,7119296.11,0
2050-03-17,83.2749,83.3582,83.3582,83.2749,83356500,0.10%,769552825,481728524325,6948447.8,790999059
2050-03-18,83.3582,83.3582,83.3582,83.3582,93665500,0.00%,675887325,481728524325,7807787.48,0
2050-03-21,83.3582,83.3582,83.3582,83.3582,67405000,0.00%,608482325,481728524325,5618759.47,0
2050-03-22,83.3582,83.3582,83.3582,83.3582,102602000,0.00%,505880325,481728524325,8552718.04,0
2050-03-23,83.3582,83.3582,83.3582,83.3582,96380000,0.00%,409500325,481728524325,8034063.32,0
2050-03-24,83.3582,83.3582,83.3582,83.3582,152042500,0.00%,257457825,481728524325,12673989.12,0
2050-03-25,83.3582,83.3582,83.3582,83.3582,128893000,0.00%,128564825,481728524325,10744288.47,0
2050-03-28,83.3582,83.3582,83.3582,83.3582,75030000,0.00%,53534825,481728524325,6254365.75,0
2050-03-29,83.3582,83.4415,83.4415,83.3582,84607000,0.10%,754309182,482513905682,7059734.99,785381357
2050-03-30,83.4415,83.4415,83.4415,83.4415,52795500,0.00%,701513682,482513905682,4405335.71,0
2050-03-31,83.4415,83.4415,83.4415,83.4415,53680000,0.00%,647833682,482513905682,4479139.72,0
2050-04-01,83.4415,83.4415,83.4415,83.4415,56699500,0.00%,591134182,482513905682,4731091.33,0
2050-04-04,83.4415,83.4415,83.4415,83.4415,85522000,0.00%,505612182,482513905682,7136083.96,0
2050-04-05,83.4415,83.4415,83.4415,83.4415,59536000,0.00%,446076182,482513905682,4967773.14,0
2050-04-06,83.4415,83.4415,83.4415,83.4415,43462500,0.00%,402613682,482513905682,3626576.19,0
2050-04-07,83.4415,83.4415,83.4415,83.4415,89121000,0.00%,313492682,482513905682,7436389.92,0
2050-04-11,83.4415,83.525,83.525,83.4415,376248000,0.10%,724865280,483301526280,31426114.2,787620597
2050-04-12,83.525,83.525,83.525,83.525,198616000,0.00%,526249280,483301526280,16589401.4,0
2050-04-13,83.525,83.525,83.525,83.525,202764000,0.00%,323485280,483301526280,16935863.1,0
2050-04-14,83.525,83.525,83.525,83.525,176290000,0.00%,147195280,483301526280,14724622.25,0
2050-04-15,83.525,83.525,83.525,83.525,142099500,0.00%,5095780,483301526280,11868860.74,0
2050-04-18,83.525,83.6085,83.6085,83.525,92567500,0.10%,725227685,484114225685,7739429.82,812699404
2050-04-19,83.6085,83.6085,83.6085,83.6085,61762500,0.00%,663465185,484114225685,5163869.98,0
2050-04-20,83.6085,83.6085,83.6085,83.6085,83326000,0.00%,580139185,484114225685,6966761.87,0
2050-04-21,83.6085,83.6085,83.6085,83.6085,74664000,0.00%,505475185,484114225685,6242545.04,0
2050-04-26,83.6085,83.6085,83.6085,83.6085,73322000,0.00%,432153185,484114225685,6130342.44,0
2050-04-27,83.6085,83.6085,83.6085,83.6085,82350000,0.00%,349803185,484114225685,6885159.98,0
2050-04-28,83.6085,83.6085,83.6085,83.6085,57675500,0.00%,292127685,484114225685,4822162.04,0
2050-04-29,83.6085,83.6085,83.6085,83.6085,87687500,0.00%,204440185,484114225685,7331420.34,0
2050-05-02,83.6085,83.6085,83.6085,83.6085,42120500,0.00%,162319685,484114225685,3521631.82,0
2050-05-03,83.6085,83.6085,83.6085,83.6085,49928500,0.00%,112391185,484114225685,4174446.99,0
2050-05-04,83.6085,83.6085,83.6085,83.6085,46695500,0.00%,65695685,484114225685,3904140.71,0
2050-05-06,83.6085,83.6085,83.6085,83.6085,40382000,0.00%,25313685,484114225685,3376278.45,0
2050-05-10,83.6085,83.6921,83.6921,83.6085,60420500,0.10%,771812690,484921145190,5056718.53,806919504
2050-05-11,83.6921,83.6921,83.6921,83.6921,78141000,0.00%,693671690,484921145190,6539784.39,0
2050-05-12,83.6921,83.6921,83.6921,83.6921,60451000,0.00%,633220690,484921145190,5059271.14,0
2050-05-13,83.6921,83.6921,83.6921,83.6921,42029000,0.00%,591191690,484921145190,3517495.27,0
2050-05-16,83.6921,83.6921,83.6921,83.6921,109342500,0.00%,481849190,484921145190,9151103.44,0
2050-05-17,83.6921,83.6921,83.6921,83.6921,70516000,0.00%,411333190,484921145190,5901632.12,0
2050-05-18,83.6921,83.6921,83.6921,83.6921,74084500,0.00%,337248690,484921145190,6200287.38,0
2050-05-19,83.6921,83.6921,83.6921,83.6921,100040000,0.00%,237208690,484921145190,8372557.68,0
2050-05-20,83.6921,83.6921,83.6921,83.6921,65056500,0.00%,172152190,484921145190,5444715.1,0
2050-05-23,83.6921,83.6921,83.6921,83.6921,68503000,0.00%,103649190,484921145190,5733159.93,0
2050-05-24,83.6921,83.6921,83.6921,83.6921,48159500,0.00%,55489690,484921145190,4030569.69,0
2050-05-25,83.6921,83.7758,83.7758,83.6921,57706000,0.10%,813561519,485736923019,4834366.31,815777829
2050-05-26,83.7758,83.7758,83.7758,83.7758,43554000,0.00%,770007519,485736923019,3648771.19,0
2050-05-27,83.7758,83.7758,83.7758,83.7758,49593000,0.00%,720414519,485736923019,4154693.25,0
2050-05-30,83.7758,83.7758,83.7758,83.7758,52734500,0.00%,667680019,485736923019,4417874.93,0
2050-05-31,83.7758,83.7758,83.7758,83.7758,45719500,0.00%,621960519,485736923019,3830187.69,0
2050-06-01,83.7758,83.7758,83.7758,83.7758,51270500,0.00%,570690019,485736923019,4295227.15,0
2050-06-02,83.7758,83.7758,83.7758,83.7758,59078500,0.00%,511611519,485736923019,4949348.6,0
2050-06-03,83.7758,83.7758,83.7758,83.7758,86254000,0.00%,425357519,485736923019,7225997.85,0
2050-06-06,83.7758,83.7758,83.7758,83.7758,39924500,0.00%,385433019,485736923019,3344706.93,0
2050-06-07,83.7758,83.7758,83.7758,83.7758,44560500,0.00%,340872519,485736923019,3733091.54,0
2050-06-08,83.7758,83.7758,83.7758,83.7758,56059000,0.00%,284813519,485736923019,4696387.57,0
2050-06-09,83.7758,83.7758,83.7758,83.7758,58956500,0.00%,225857019,485736923019,4939127.95,0
2050-06-10,83.7758,83.7758,83.7758,83.7758,40077000,0.00%,185780019,485736923019,3357482.74,0
2050-06-13,83.7758,83.7758,83.7758,83.7758,56364000,0.00%,129416019,485736923019,4721939.19,0
2050-06-14,83.7758,83.7758,83.7758,83.7758,51972000,0.00%,77444019,485736923019,4353995.88,0
2050-06-15,83.7758,83.7758,83.7758,83.7758,45079000,0.00%,32365019,485736923019,3776529.29,0
2050-06-16,83.7758,83.8596,83.8596,83.7758,40778500,0.10%,800311944,486545648444,3419668.7,808725424
2050-06-17,83.8596,83.8596,83.8596,83.8596,58224500,0.00%,742087444,486545648444,4882683.28,0
2050-06-20,83.8596,83.8596,83.8596,83.8596,42029000,0.00%,700058444,486545648444,3524535.13,0
2050-06-21,83.8596,83.8596,83.8596,83.8596,35136000,0.00%,664922444,486545648444,2946490.91,0
2050-06-22,83.8596,83.8596,83.8596,83.8596,46329500,0.00%,618592944,486545648444,3885173.34,0
2050-06-23,83.8596,83.8596,83.8596,83.8596,59139500,0.00%,559453444,486545648444,4959414.81,0
2050-06-24,83.8596,83.8596,83.8596,83.8596,62891000,0.00%,496562444,486545648444,5274014.1,0
2050-06-27,83.8596,83.8596,83.8596,83.8596,43462500,0.00%,453099944,486545648444,3644747.87,0
2050-06-28,83.8596,83.8596,83.8596,83.8596,54198500,0.00%,398901444,486545648444,4545064.53,0
2050-06-29,83.8596,83.8596,83.8596,83.8596,53649500,0.00%,345251944,486545648444,4499025.61,0
2050-06-30,83.8596,83.8596,83.8596,83.8596,45750000,0.00%,299501944,486545648444,3836576.7,0
2050-07-01,83.8596,83.8596,83.8596,83.8596,46299000,0.00%,253202944,486545648444,3882615.62,0
2050-07-04,83.8596,83.8596,83.8596,83.8596,56303000,0.00%,196899944,486545648444,4721547.06,0
2050-07-06,83.8596,83.8596,83.8596,83.8596,55510000,0.00%,141389944,486545648444,4655046.4,0
2050-07-07,83.8596,83.8596,83.8596,83.8596,57828000,0.00%,83561944,486545648444,4849432.95,0
2050-07-08,83.8596,83.8596,83.8596,83.8596,44713000,0.00%,38848944,486545648444,3749614.29,0
2050-07-11,83.8596,83.8596,83.8596,83.8596,35471500,0.00%,3377444,486545648444,2974625.8,0
2050-07-12,83.8596,83.9434,83.9434,83.8596,40168500,0.10%,759533502,487341973002,3371880.46,796324557
2050-07-13,83.9434,83.9434,83.9434,83.9434,54351000,0.00%,705182502,487341973002,4562407.73,0
2050-07-14,83.9434,83.9434,83.9434,83.9434,42791500,0.00%,662391002,487341973002,3592064.0,0
2050-07-15,83.9434,83.9434,83.9434,83.9434,58651500,0.00%,603739502,487341973002,4923406.33,0
2050-07-18,83.9434,83.9434,83.9434,83.9434,35685000,0.00%,568054502,487341973002,2995520.23,0
2050-07-19,83.9434,83.9434,83.9434,83.9434,83722500,0.00%,484332002,487341973002,7027951.31,0
2050-07-20,83.9434,83.9434,83.9434,83.9434,70912500,0.00%,413419502,487341973002,5952636.35,0
2050-07-21,83.9434,83.9434,83.9434,83.9434,41907000,0.00%,371512502,487341973002,3517816.06,0
2050-07-22,83.9434,83.9434,83.9434,83.9434,42029000,0.00%,329483502,487341973002,3528057.16,0
2050-07-25,83.9434,83.9434,83.9434,83.9434,40473500,0.00%,289010002,487341973002,3397483.2,0
2050-07-26,83.9434,83.9434,83.9434,83.9434,53680000,0.00%,235330002,487341973002,4506081.71,0
2050-07-27,83.9434,83.9434,83.9434,83.9434,142557000,0.00%,92773002,487341973002,11966719.27,0
2050-07-28,83.9434,83.9434,83.9434,83.9434,73749000,0.00%,19024002,487341973002,6190741.81,0
2050-07-29,83.9434,84.0274,84.0274,83.9434,60664500,0.10%,746423803,488130037303,5097480.21,788064301
2050-08-01,84.0274,84.0274,84.0274,84.0274,44713000,0.00%,701710803,488130037303,3757117.14,0
2050-08-02,84.0274,84.0274,84.0274,84.0274,51392500,0.00%,650318303,488130037303,4318378.15,0
2050-08-03,84.0274,84.0274,84.0274,84.0274,59048000,0.00%,591270303,488130037303,4961649.92,0
2050-08-04,84.0274,84.0274,84.0274,84.0274,62372500,0.00%,528897803,488130037303,5240999.01,0
2050-08-05,84.0274,84.0274,84.0274,84.0274,64660000,0.00%,464237803,488130037303,5433211.68,0
2050-08-08,84.0274,84.0274,84.0274,84.0274,52887000,0.00%,411350803,488130037303,4443957.1,0
2050-08-09,84.0274,84.0274,84.0274,84.0274,52917500,0.00%,358433303,488130037303,4446519.94,0
2050-08-10,84.0274,84.0274,84.0274,84.0274,63257000,0.00%,295176303,488130037303,5315321.24,0
2050-08-11,84.0274,84.0274,84.0274,84.0274,51667000,0.00%,243509303,488130037303,4341443.68,0
2050-08-12,84.0274,84.0274,84.0274,84.0274,40595500,0.00%,202913803,488130037303,3411134.32,0
2050-08-15,84.0274,84.0274,84.0274,84.0274,35959500,0.00%,166954303,488130037303,3021583.29,0
2050-08-16,84.0274,84.0274,84.0274,84.0274,42181500,0.00%,124772803,488130037303,3544401.77,0
2050-08-17,84.0274,84.0274,84.0274,84.0274,114680000,0.00%,10092803,488130037303,9636262.23,0
2050-08-18,84.0274,84.1114,84.1114,84.0274,110837000,0.10%,680238403,488911019903,9322655.24,780982599
2050-08-19,84.1114,84.1114,84.1114,84.1114,67649000,0.00%,612589403,488911019903,5690052.1,0
2050-08-22,84.1114,84.1114,84.1114,84.1114,53649500,0.00%,558939903,488911019903,4512534.55,0
2050-08-23,84.1114,84.1114,84.1114,84.1114,49898000,0.00%,509041903,488911019903,4196990.64,0
2050-08-24,84.1114,84.1114,84.1114,84.1114,48647500,0.00%,460394403,488911019903,4091809.33,0
2050-08-25,84.1114,84.1114,84.1114,84.1114,43584500,0.00%,416809903,488911019903,3665953.31,0
2050-08-26,84.1114,84.1114,84.1114,84.1114,59109000,0.00%,357700903,488911019903,4971740.74,0
2050-08-29,84.1114,84.1114,84.1114,84.1114,78354500,0.00%,279346403,488911019903,6590506.69,0
2050-08-30,84.1114,84.1114,84.1114,84.1114,63013000,0.00%,216333403,488911019903,5300111.65,0
2050-08-31,84.1114,84.1114,84.1114,84.1114,64843000,0.00%,151490403,488911019903,5454035.51,0
2050-09-01,84.1114,84.1114,84.1114,84.1114,66215500,0.00%,85274903,488911019903,5569478.41,0
2050-09-02,84.1114,84.1114,84.1114,84.1114,55601500,0.00%,29673403,488911019903,4676720.01,0
2050-09-05,84.1114,84.1955,84.1955,84.1114,48678000,0.10%,758696934,489688721434,4098468.55,777701531
2050-09-06,84.1955,84.1955,84.1955,84.1955,45170500,0.00%,713526434,489688721434,3803152.83,0
2050-09-07,84.1955,84.1955,84.1955,84.1955,47336000,0.00%,666190434,489688721434,3985478.19,0
2050-09-08,84.1955,84.1955,84.1955,84.1955,54900000,0.00%,611290434,489688721434,4622332.95,0
2050-09-09,84.1955,84.1955,84.1955,84.1955,58102500,0.00%,553187934,489688721434,4891969.04,0
2050-09-12,84.1955,84.1955,84.1955,84.1955,66551000,0.00%,486636934,489688721434,5603294.72,0
2050-09-13,84.1955,84.1955,84.1955,84.1955,60603500,0.00%,426033434,489688721434,5102541.98,0
2050-09-14,84.1955,84.1955,84.1955,84.1955,58529500,0.00%,367503934,489688721434,4927920.52,0
2050-09-15,84.1955,84.1955,84.1955,84.1955,55479500,0.00%,312024434,489688721434,4671124.24,0
2050-09-16,84.1955,84.1955,84.1955,84.1955,63379000,0.00%,248645434,489688721434,5336226.59,0
2050-09-19,84.1955,84.1955,84.1955,84.1955,49928500,0.00%,198716934,489688721434,4203755.02,0
2050-09-20,84.1955,84.1955,84.1955,84.1955,40687000,0.00%,158029934,489688721434,3425662.31,0
2050-09-21,84.1955,84.1955,84.1955,84.1955,68167500,0.00%,89862434,489688721434,5739396.75,0
2050-09-22,84.1955,84.2797,84.2797,84.1955,91469500,0.10%,777883826,490468212326,7709022.02,779490891
2050-09-23,84.2797,84.2797,84.2797,84.2797,63470500,0.00%,714413326,490468212326,5349274.7,0
2050-09-26,84.2797,84.2797,84.2797,84.2797,39345000,0.00%,675068326,490468212326,3315984.8,0
2050-09-27,84.2797,84.2797,84.2797,84.2797,46634500,0.00%,628433826,490468212326,3930341.67,0
2050-09-28,84.2797,84.2797,84.2797,84.2797,56242000,0.00%,572191826,490468212326,4740058.89,0
2050-09-29,84.2797,84.2797,84.2797,84.2797,53009000,0.00%,519182826,490468212326,4467582.62,0
2050-09-30,84.2797,84.2797,84.2797,84.2797,59475000,0.00%,459707826,490468212326,5012535.16,0
2050-10-03,84.2797,84.2797,84.2797,84.2797,62494500,0.00%,397213326,490468212326,5267017.71,0
2050-10-04,84.2797,84.2797,84.2797,84.2797,62860500,0.00%,334352826,490468212326,5297864.08,0
2050-10-06,84.2797,84.2797,84.2797,84.2797,52277000,0.00%,282075826,490468212326,4405889.88,0
2050-10-07,84.2797,84.2797,84.2797,84.2797,21746500,0.00%,260329326,490468212326,1832788.5,0
2050-10-10,84.2797,84.2797,84.2797,84.2797,23881500,0.00%,236447826,490468212326,2012725.66,0
2050-10-12,84.2797,84.2797,84.2797,84.2797,32147000,0.00%,204300826,490468212326,2709339.52,0
2050-10-13,84.2797,84.2797,84.2797,84.2797,44072500,0.00%,160228326,490468212326,3714417.08,0
2050-10-14,84.2797,84.2797,84.2797,84.2797,60695000,0.00%,99533326,490468212326,5115356.39,0
2050-10-17,84.2797,84.364,84.364,84.2797,115930500,0.10%,762996696,491247606196,9780360.7,779393870
2050-10-18,84.364,84.364,84.364,84.364,81740000,0.00%,681256696,491247606196,6895913.36,0
2050-10-19,84.364,84.364,84.364,84.364,56059000,0.00%,625197696,491247606196,4729361.48,0
2050-10-20,84.364,84.364,84.364,84.364,43584500,0.00%,581613196,491247606196,3676962.76,0
2050-10-21,84.364,84.364,84.364,84.364,56882500,0.00%,524730696,491247606196,4798835.23,0
2050-10-24,84.364,84.364,84.364,84.364,45628000,0.00%,479102696,491247606196,3849360.59,0
2050-10-25,84.364,84.364,84.364,84.364,43218500,0.00%,435884196,491247606196,3646085.53,0
2050-10-26,84.364,84.364,84.364,84.364,30439000,0.00%,405445196,491247606196,2567955.8,0
2050-10-27,84.364,84.364,84.364,84.364,37881000,0.00%,367564196,491247606196,3195792.68,0
2050-10-28,84.364,84.364,84.364,84.364,36600000,0.00%,330964196,491247606196,3087722.4,0
2050-10-31,84.364,84.364,84.364,84.364,48922000,0.00%,282042196,491247606196,4127255.61,0
2050-11-01,84.364,84.364,84.364,84.364,49715000,0.00%,232327196,491247606196,4194156.26,0
2050-11-03,84.364,84.364,84.364,84.364,66398500,0.00%,165928696,491247606196,5601643.05,0
2050-11-04,84.364,84.364,84.364,84.364,62769000,0.00%,103159696,491247606196,5295443.92,0
2050-11-07,84.364,84.364,84.364,84.364,35349500,0.00%,67810196,491247606196,2982225.22,0
2050-11-08,84.364,84.364,84.364,84.364,45658500,0.00%,22151696,491247606196,3851933.69,0
2050-11-09,84.364,84.4484,84.4484,84.364,40595500,0.10%,764358912,492030408912,3428225.02,782802716
2050-11-10,84.4484,84.4484,84.4484,84.4484,39894000,0.00%,724464912,492030408912,3368984.47,0
2050-11-11,84.4484,84.4484,84.4484,84.4484,40595500,0.00%,683869412,492030408912,3428225.02,0
2050-11-14,84.4484,84.4484,84.4484,84.4484,44255500,0.00%,639613912,492030408912,3737306.17,0
2050-11-15,84.4484,84.4484,84.4484,84.4484,39924500,0.00%,599689412,492030408912,3371560.15,0
2050-11-16,84.4484,84.4484,84.4484,84.4484,41663000,0.00%,558026412,492030408912,3518373.69,0
2050-11-17,84.4484,84.4484,84.4484,84.4484,52765000,0.00%,505261412,492030408912,4455919.83,0
2050-11-18,84.4484,84.4484,84.4484,84.4484,60878000,0.00%,444383412,492030408912,5141049.7,0
2050-11-21,84.4484,84.4484,84.4484,84.4484,42059500,0.00%,402323912,492030408912,3551857.48,0
2050-11-22,84.4484,84.4484,84.4484,84.4484,57401000,0.00%,344922912,492030408912,4847422.61,0
2050-11-23,84.4484,84.4484,84.4484,84.4484,42578000,0.00%,302344912,492030408912,3595643.98,0
2050-11-24,84.4484,84.4484,84.4484,84.4484,42761000,0.00%,259583912,492030408912,3611098.03,0
2050-11-25,84.4484,84.4484,84.4484,84.4484,72376500,0.00%,187207412,492030408912,6112079.62,0
2050-11-28,84.4484,84.4484,84.4484,84.4484,68259000,0.00%,118948412,492030408912,5764363.34,0
2050-11-29,84.4484,84.4484,84.4484,84.4484,45384000,0.00%,73564412,492030408912,3832606.19,0
2050-11-30,84.4484,84.4484,84.4484,84.4484,44011500,0.00%,29552912,492030408912,3716700.76,0
2050-12-01,84.4484,84.5328,84.5328,84.4484,47244500,0.10%,767344617,492815445117,3993709.87,785036205
2050-12-02,84.5328,84.5328,84.5328,84.5328,40321000,0.00%,727023617,492815445117,3408447.03,0
2050-12-05,84.5328,84.5328,84.5328,84.5328,38552000,0.00%,688471617,492815445117,3258908.51,0
2050-12-06,84.5328,84.5328,84.5328,84.5328,34953000,0.00%,653518617,492815445117,2954674.96,0
2050-12-07,84.5328,84.5328,84.5328,84.5328,33550000,0.00%,619968617,492815445117,2836075.44,0
2050-12-08,84.5328,84.5328,84.5328,84.5328,46756500,0.00%,573212117,492815445117,3952457.86,0
2050-12-09,84.5328,84.5328,84.5328,84.5328,44652000,0.00%,528560117,492815445117,3774558.59,0
2050-12-12,84.5328,84.5328,84.5328,84.5328,40931000,0.00%,487629117,492815445117,3460012.04,0
2050-12-13,84.5328,84.5328,84.5328,84.5328,53161500,0.00%,434467617,492815445117,4493890.45,0
2050-12-14,84.5328,84.5328,84.5328,84.5328,44987500,0.00%,389480117,492815445117,3802919.34,0
2050-12-15,84.5328,84.5328,84.5328,84.5328,38064000,0.00%,351416117,492815445117,3217656.5,0
2050-12-16,84.5328,84.5328,84.5328,84.5328,54381500,0.00%,297034617,492815445117,4597020.46,0
2050-12-19,84.5328,84.5328,84.5328,84.5328,46268500,0.00%,250766117,492815445117,3911205.86,0
2050-12-20,84.5328,84.5328,84.5328,84.5328,48769500,0.00%,201996617,492815445117,4122622.39,0
2050-12-21,84.5328,84.5328,84.5328,84.5328,45201000,0.00%,156795617,492815445117,3820967.09,0
2050-12-22,84.5328,84.5328,84.5328,84.5328,30957500,0.00%,125838117,492815445117,2616924.16,0
2050-12-23,84.5328,84.5328,84.5328,84.5328,54198500,0.00%,71639617,492815445117,4581550.96,0
2050-12-26,84.5328,84.5328,84.5328,84.5328,42303500,0.00%,29336117,492815445117,3576033.3,0
2050-12-27,84.5328,84.6173,84.6173,84.5328,47641000,0.10%,739883363,493573633363,4031252.79,758188245
2050-12-28,84.6173,84.6173,84.6173,84.6173,22326000,0.00%,717557363,493573633363,1889165.84,0
