日期,开盘,收盘,高,低,成交量,涨跌幅,流通股本,总股本,交易收入,增发股数
2010-01-04,1.1,1.1044,1.1044,1.1,12386000,0.40%,2613999,15000000,13679.1,12000000
2010-01-05,1.1044,1.1144,1.1144,1.1044,26862000,0.91%,2751999,42000000,29935.01,27000000
2010-01-06,1.1144,1.1233,1.1233,1.1144,25608000,0.80%,1143999,66000000,28765.47,24000000
2010-01-07,1.1233,1.1346,1.1346,1.1233,30723000,1.01%,420999,96000000,34858.32,30000000
2010-01-08,1.1346,1.1437,1.1437,1.1346,21978000,0.80%,2442999,120000000,25136.24,24000000
2010-01-11,1.1437,1.1506,1.1506,1.1437,19547000,0.60%,895999,138000000,22490.78,18000000
2010-01-12,1.1506,1.1575,1.1575,1.1506,17292000,0.60%,1603999,156000000,20015.49,18000000
2010-01-13,1.1575,1.1703,1.1703,1.1575,33605000,1.11%,998999,189000000,39327.93,33000000
2010-01-14,1.1703,1.1785,1.1785,1.1703,20834000,0.70%,1164999,210000000,24552.87,21000000
2010-01-15,1.1785,1.188,1.188,1.1785,22462000,0.81%,2702999,234000000,26684.86,24000000
2010-01-18,1.188,1.1999,1.1999,1.188,30602000,1.00%,2100999,264000000,36719.34,30000000
2010-01-19,1.1999,1.2266,1.2266,1.1999,67144000,2.23%,956999,330000000,82358.83,66000000
2010-01-20,1.2266,1.2464,1.2464,1.2266,48455000,1.61%,501999,378000000,60394.31,48000000
2010-01-21,1.2464,1.2728,1.2728,1.2464,63151000,2.12%,350999,441000000,80378.59,63000000
2010-01-22,1.2728,1.3063,1.3063,1.2728,76208000,2.63%,2142999,519000000,99550.51,78000000
2010-01-25,1.3063,1.3274,1.3274,1.3063,47949000,1.62%,2193999,567000000,63647.5,48000000
2010-01-26,1.3274,1.3474,1.3474,1.3274,45166000,1.51%,2027999,612000000,60856.67,45000000
2010-01-27,1.3474,1.3733,1.3733,1.3474,56342000,1.92%,2685999,669000000,77374.47,57000000
2010-01-28,1.3733,1.3982,1.3982,1.3733,56496000,1.81%,189999,723000000,78992.71,54000000
2010-01-29,1.3982,1.4165,1.4165,1.3982,37202000,1.31%,1987999,762000000,52696.63,39000000
2010-02-01,1.4165,1.4365,1.4365,1.4165,43472000,1.41%,515999,804000000,62447.53,42000000
2010-02-02,1.4365,1.4538,1.4538,1.4365,35706000,1.20%,809999,840000000,51909.38,36000000
2010-02-03,1.4538,1.4802,1.4802,1.4538,53801000,1.82%,1008999,894000000,79636.24,54000000
2010-02-04,1.4802,1.4906,1.4906,1.4802,21230000,0.70%,778999,915000000,31645.44,21000000
2010-02-05,1.4906,1.5222,1.5222,1.4906,61358000,2.12%,2420999,978000000,93399.15,63000000
2010-02-08,1.5222,1.5406,1.5406,1.5222,38071000,1.21%,349999,1014000000,58652.18,36000000
2010-02-09,1.5406,1.5607,1.5607,1.5406,39138000,1.30%,211999,1053000000,61082.68,39000000
2010-02-10,1.5607,1.5795,1.5795,1.5607,35024000,1.20%,1187999,1089000000,55320.41,36000000
2010-02-11,1.5795,1.6034,1.6034,1.5795,45221000,1.51%,966999,1134000000,72507.35,45000000
2010-02-12,1.6034,1.6227,1.6227,1.6034,36300000,1.20%,666999,1170000000,58904.01,36000000
2010-02-17,1.6227,1.639,1.639,1.6227,28578000,1.00%,2088999,1200000000,46839.34,30000000
2010-02-18,1.639,1.6473,1.6473,1.639,15906000,0.51%,1182999,1215000000,26201.95,15000000
2010-02-19,1.6473,1.6588,1.6588,1.6473,20680000,0.70%,1502999,1236000000,34303.98,21000000
2010-02-22,1.6588,1.6738,1.6738,1.6588,26048000,0.90%,2454999,1263000000,43599.14,27000000
2010-02-23,1.6738,1.6872,1.6872,1.6738,24090000,0.80%,2364999,1287000000,40644.65,24000000
2010-02-24,1.6872,1.6974,1.6974,1.6872,18513000,0.60%,1851999,1305000000,31423.97,18000000
2010-02-25,1.6974,1.7059,1.7059,1.6974,16346000,0.50%,505999,1320000000,27884.64,15000000
2010-02-26,1.7059,1.7162,1.7162,1.7059,16467000,0.60%,2038999,1338000000,28260.67,18000000
2010-03-01,1.7162,1.7282,1.7282,1.7162,20240000,0.70%,2798999,1359000000,34978.77,21000000
2010-03-02,1.7282,1.7438,1.7438,1.7282,28138000,0.90%,1660999,1386000000,49067.04,27000000
2010-03-03,1.7438,1.7526,1.7526,1.7438,16148000,0.50%,512999,1401000000,28300.98,15000000
2010-03-04,1.7526,1.7666,1.7666,1.7526,23650000,0.80%,862999,1425000000,41780.09,24000000
2010-03-05,1.7666,1.7862,1.7862,1.7666,32197000,1.11%,1665999,1458000000,57510.28,33000000
2010-03-08,1.7862,1.8023,1.8023,1.7862,27412000,0.90%,1253999,1485000000,49404.65,27000000
2010-03-09,1.8023,1.8131,1.8131,1.8023,16368000,0.60%,2885999,1503000000,29676.82,18000000
2010-03-10,1.8131,1.8295,1.8295,1.8131,27522000,0.90%,2363999,1530000000,50351.5,27000000
2010-03-11,1.8295,1.8405,1.8405,1.8295,18876000,0.60%,1487999,1548000000,34741.28,18000000
2010-03-12,1.8405,1.8516,1.8516,1.8405,18920000,0.60%,567999,1566000000,35032.27,18000000
2010-03-15,1.8516,1.8702,1.8702,1.8516,28105000,1.00%,2462999,1596000000,52561.97,30000000
2010-03-16,1.8702,1.9003,1.9003,1.8702,49126000,1.61%,1336999,1644000000,93354.14,48000000
2010-03-17,1.9003,1.9233,1.9233,1.9003,36949000,1.21%,387999,1680000000,71064.01,36000000
2010-03-18,1.9233,1.9739,1.9739,1.9233,76945000,2.63%,1442999,1758000000,151881.74,78000000
2010-03-19,1.9739,2.034,2.034,1.9739,90387000,3.04%,1055999,1848000000,183847.16,90000000
2010-03-22,2.034,2.0524,2.0524,2.034,26048000,0.90%,2007999,1875000000,53460.92,27000000
2010-03-23,2.0524,2.0689,2.0689,2.0524,25014000,0.80%,993999,1899000000,51751.46,24000000
2010-03-24,2.0689,2.0917,2.0917,2.0689,31526000,1.10%,2467999,1932000000,65942.93,33000000
2010-03-25,2.0917,2.1106,2.1106,2.0917,27170000,0.90%,2297999,1959000000,57345.0,27000000
2010-03-26,2.1106,2.1276,2.1276,2.1106,24662000,0.81%,1635999,1983000000,52470.87,24000000
2010-03-29,2.1276,2.1404,2.1404,2.1276,16852000,0.60%,2783999,2001000000,36070.02,18000000
2010-03-30,2.1404,2.1597,2.1597,2.1404,28138000,0.90%,1645999,2028000000,60769.64,27000000
2010-03-31,2.1597,2.1727,2.1727,2.1597,19503000,0.60%,142999,2046000000,42374.17,18000000
2010-04-01,2.1727,2.1967,2.1967,2.1727,32274000,1.10%,868999,2079000000,70896.3,33000000
2010-04-07,2.1967,2.2411,2.2411,2.1967,58399000,2.02%,2469999,2139000000,130878.0,60000000
2010-04-08,2.2411,2.2591,2.2591,2.2411,24145000,0.80%,2324999,2163000000,54545.97,24000000
2010-04-09,2.2591,2.2886,2.2886,2.2591,40117000,1.31%,1207999,2202000000,91811.77,39000000
2010-04-12,2.2886,2.3162,2.3162,2.2886,34848000,1.21%,2359999,2238000000,80714.94,36000000
2010-04-13,2.3162,2.3395,2.3395,2.3162,31108000,1.01%,1251999,2268000000,72777.17,30000000
2010-04-14,2.3395,2.3512,2.3512,2.3395,13761000,0.50%,2490999,2283000000,32354.86,15000000
2010-04-15,2.3512,2.363,2.363,2.3512,15180000,0.50%,2310999,2298000000,35870.34,15000000
2010-04-16,2.363,2.3772,2.3772,2.363,19085000,0.60%,1225999,2316000000,45368.86,18000000
2010-04-19,2.3772,2.3963,2.3963,2.3772,23287000,0.80%,1938999,2340000000,55802.64,24000000
2010-04-20,2.3963,2.4107,2.4107,2.3963,18942000,0.60%,996999,2358000000,45663.48,18000000
2010-04-21,2.4107,2.4301,2.4301,2.4107,24453000,0.80%,543999,2382000000,59423.24,24000000
2010-04-22,2.4301,2.4447,2.4447,2.4301,18194000,0.60%,349999,2400000000,44478.87,18000000
2010-04-23,2.4447,2.4791,2.4791,2.4447,39556000,1.41%,2793999,2442000000,98063.28,42000000
2010-04-26,2.4791,2.499,2.499,2.4791,26719000,0.80%,74999,2466000000,66770.78,24000000
2010-04-27,2.499,2.5141,2.5141,2.499,17325000,0.60%,749999,2484000000,43556.78,18000000
2010-04-28,2.5141,2.5292,2.5292,2.5141,18623000,0.60%,126999,2502000000,47101.29,18000000
2010-04-29,2.5292,2.5444,2.5444,2.5292,17391000,0.60%,735999,2520000000,44249.66,18000000
2010-04-30,2.5444,2.5648,2.5648,2.5444,23793000,0.80%,942999,2544000000,61024.29,24000000
2010-05-03,2.5648,2.588,2.588,2.5648,25861000,0.90%,2081999,2571000000,66928.27,27000000
2010-05-04,2.588,2.6114,2.6114,2.588,28006000,0.90%,1075999,2598000000,73134.87,27000000
2010-05-05,2.6114,2.635,2.635,2.6114,26862000,0.90%,1213999,2625000000,70781.37,27000000
2010-05-06,2.635,2.6721,2.6721,2.635,40964000,1.41%,2249999,2667000000,109459.9,42000000
2010-05-07,2.6721,2.7152,2.7152,2.6721,48026000,1.61%,2223999,2715000000,130400.2,48000000
2010-05-10,2.7152,2.7342,2.7342,2.7152,21802000,0.70%,1421999,2736000000,59611.03,21000000
2010-05-11,2.7342,2.77,2.77,2.7342,38599000,1.31%,1822999,2775000000,106919.23,39000000
2010-05-12,2.77,2.8147,2.8147,2.77,49104000,1.61%,718999,2823000000,138213.03,48000000
2010-05-13,2.8147,2.8744,2.8744,2.8147,62986000,2.12%,732999,2886000000,181046.96,63000000
2010-05-14,2.8744,2.9207,2.9207,2.8744,47454000,1.61%,1278999,2934000000,138598.9,48000000
2010-05-17,2.9207,2.9737,2.9737,2.9207,52371000,1.81%,2907999,2988000000,155735.64,54000000
2010-05-18,2.9737,2.9976,2.9976,2.9737,26499000,0.80%,408999,3012000000,79433.4,24000000
2010-05-19,2.9976,3.0247,3.0247,2.9976,24783000,0.90%,2625999,3039000000,74961.14,27000000
2010-05-20,3.0247,3.0642,3.0642,3.0247,40370000,1.31%,1255999,3078000000,123701.75,39000000
2010-05-24,3.0642,3.1043,3.1043,3.0642,38962000,1.31%,1293999,3117000000,120949.74,39000000
2010-05-25,3.1043,3.1481,3.1481,3.1043,42064000,1.41%,1229999,3159000000,132421.68,42000000
2010-05-26,3.1481,3.202,3.202,3.1481,49764000,1.71%,2465999,3210000000,159344.33,51000000
2010-05-27,3.202,3.2342,3.2342,3.202,31251000,1.01%,1214999,3240000000,101071.98,30000000
2010-05-28,3.2342,3.2667,3.2667,3.2342,30327000,1.00%,887999,3270000000,99069.21,30000000
2010-05-31,3.2667,3.2863,3.2863,3.2667,15961000,0.60%,2926999,3288000000,52452.63,18000000
2010-06-01,3.2863,3.3061,3.3061,3.2863,18557000,0.60%,2369999,3306000000,61351.3,18000000
2010-06-02,3.3061,3.3293,3.3293,3.3061,20900000,0.70%,2469999,3327000000,69582.37,21000000
2010-06-03,3.3293,3.356,3.356,3.3293,24090000,0.80%,2652016,3351272016,80846.04,24272016
2010-06-04,3.356,3.3762,3.3762,3.356,19976000,0.60%,1223009,3369819009,67442.97,18546993
2010-06-07,3.3762,3.4033,3.4033,3.3762,25839000,0.80%,565546,3395000546,87937.87,25181536
2010-06-08,3.4033,3.4755,3.4755,3.4033,65988999,2.12%,2475957,3462899957,229344.77,67899410
2010-06-09,3.4755,3.5992,3.5992,3.4755,119756999,3.56%,1677380,3581858380,431029.39,118958423
2010-06-10,3.5992,3.7648,3.7648,3.5992,164087000,4.60%,701113,3744969113,617754.74,163110732
2010-06-11,3.7648,3.8524,3.8524,3.7648,85492000,2.33%,2967166,3832727166,329349.38,87758052
2010-06-14,3.8524,3.8949,3.8949,3.8524,45716000,1.10%,677730,3876153730,178059.25,43426563
2010-06-15,3.8949,3.9617,3.9617,3.8949,69091000,1.72%,1431346,3945998346,273717.81,69844616
2010-06-17,3.9617,4.0376,4.0376,3.9617,81191000,1.92%,1374780,4027132780,327816.78,81134434
2010-06-18,4.0376,4.1689,4.1689,4.0376,142681000,3.25%,4009859,4172448859,594822.82,145316078
2010-06-21,4.1689,4.215,4.215,4.1689,55990000,1.11%,739337,4225168337,235997.85,52719478
2010-06-22,4.215,4.2786,4.2786,4.215,73117000,1.51%,1072777,4298618777,312838.4,73450440
2010-06-23,4.2786,4.3825,4.3825,4.2786,116907999,2.43%,4880507,4419334507,512349.31,120715729
2010-06-24,4.3825,4.4133,4.4133,4.3825,39973999,0.70%,926249,4455354249,176417.25,36019742
2010-06-25,4.4133,4.4443,4.4443,4.4133,34143999,0.70%,3361064,4491933064,151746.18,36578814
2010-06-28,4.4443,4.4665,4.4665,4.4443,27643000,0.50%,2198338,4518413338,123467.46,26480274
2010-06-29,4.4665,4.4934,4.4934,4.4665,33671000,0.60%,623299,4550509299,151297.27,32095960
2010-06-30,4.4934,4.5204,4.5204,4.4934,30921000,0.60%,2255354,4583062354,139775.29,32553054
2010-07-02,4.5204,4.5476,4.5476,4.5204,33297000,0.60%,1862482,4615966482,151421.44,32904127
2010-07-05,4.5476,4.5613,4.5613,4.5476,17875000,0.30%,672336,4632651336,81533.24,16684854
2010-07-06,4.5613,4.5933,4.5933,4.5613,35365000,0.70%,5176601,4672520601,162442.05,39869265
2010-07-07,4.5933,4.6255,4.6255,4.5933,41943000,0.70%,3544728,4712831728,194007.35,40311126
2010-07-08,4.6255,4.6441,4.6441,4.6255,26829000,0.40%,117538,4736233538,124596.56,23401810
2010-07-09,4.6441,4.6673,4.6673,4.6441,26510000,0.50%,3255232,4765881232,123730.12,29647693
2010-07-12,4.6673,4.6767,4.6767,4.6673,12694000,0.20%,2558099,4777878099,59366.03,11996866
2010-07-13,4.6767,4.6907,4.6907,4.6767,16445000,0.30%,4201035,4795966035,77138.56,18087936
2010-07-14,4.6907,4.7095,4.7095,4.6907,22726000,0.40%,5729452,4820220452,107028.1,24254417
2010-07-15,4.7095,4.7284,4.7284,4.7095,24838000,0.40%,5314869,4844643869,117444.0,24423417
2010-07-16,4.7284,4.7426,4.7426,4.7284,18634000,0.30%,5150459,4863113459,88373.61,18469589
2010-07-19,4.7426,4.7568,4.7568,4.7426,19019000,0.30%,4724535,4881706535,90469.58,18593075
2010-07-20,4.7568,4.7663,4.7663,4.7568,14355000,0.20%,2871360,4894208360,68420.24,12501824
2010-07-21,4.7663,4.7806,4.7806,4.7663,18524000,0.30%,3217400,4913078400,88555.83,18870040
2010-07-22,4.7806,4.795,4.795,4.7806,21153000,0.30%,1197046,4932211046,101428.64,19132646
2010-07-23,4.795,4.819,4.819,4.795,28721000,0.50%,4638513,4964373513,138406.5,32162467
2010-07-26,4.819,4.8383,4.8383,4.819,28710000,0.40%,1782647,4990227647,138907.59,25854133
2010-07-27,4.8383,4.8772,4.8772,4.8383,50632999,0.80%,3124648,5042202648,246947.27,51975001
2010-07-28,4.8772,4.9114,4.9114,4.8772,47762000,0.70%,1032516,5087872516,234578.29,45669867
2010-07-29,4.9114,4.941,4.941,4.9114,37268000,0.60%,3185270,5127293270,184141.19,39420754
2010-07-30,4.941,4.9657,4.9657,4.941,34221000,0.50%,2084119,5160413119,169931.22,33119849
2010-08-02,4.9657,4.9806,4.9806,4.9657,19448000,0.30%,2688440,5180465440,96862.71,20052320
2010-08-03,4.9806,5.0006,5.0006,4.9806,27489000,0.40%,2174316,5207440316,137461.49,26974876
2010-08-04,5.0006,5.0156,5.0156,5.0006,20031000,0.30%,2653001,5227950001,100467.48,20509685
2010-08-05,5.0156,5.0256,5.0256,5.0156,12232000,0.20%,4320506,5241849506,61473.14,13899504
2010-08-06,5.0256,5.0357,5.0357,5.0256,13783000,0.20%,4532204,5255844204,69407.05,13994698
2010-08-09,5.0357,5.0458,5.0458,5.0357,12320000,0.20%,6387847,5270019847,62164.26,14175642
2010-08-10,5.0458,5.066,5.066,5.0458,30371000,0.40%,4820380,5298823380,153859.49,28803533
2010-08-11,5.066,5.0812,5.0812,5.066,26312000,0.30%,542571,5320857571,133696.53,22034190
2010-08-12,5.0812,5.1169,5.1169,5.0812,49093000,0.70%,3492954,5372900954,251203.97,52043382
2010-08-13,5.1169,5.1374,5.1374,5.1169,33385000,0.40%,232373,5403025373,171512.1,30124418
2010-08-16,5.1374,5.1528,5.1528,5.1374,16093000,0.30%,6854697,5425740697,82924.01,22715323
2010-08-17,5.1528,5.1579,5.1579,5.1528,9416000,0.10%,5061623,5433363623,48566.79,7622926
2010-08-18,5.1579,5.1683,5.1683,5.1579,16148000,0.20%,4359534,5448809534,83457.71,15445910
2010-08-19,5.1683,5.189,5.189,5.1683,31581000,0.40%,3992816,5480023816,163873.81,31214281
2010-08-20,5.189,5.1994,5.1994,5.189,14685000,0.20%,5087236,5495803236,76353.19,15779419
2010-08-23,5.1994,5.2045,5.2045,5.1994,8239000,0.10%,4865821,5503820821,42879.88,8017585
2010-08-24,5.2045,5.2202,5.2202,5.2045,24387000,0.30%,4733499,5528075499,127305.02,24254677
2010-08-25,5.2202,5.2463,5.2463,5.2202,43263000,0.50%,2079052,5568684052,226970.68,40608552
2010-08-26,5.2463,5.2621,5.2621,5.2463,23430000,0.30%,2985174,5593020174,123291.0,24336122
2010-08-27,5.2621,5.2673,5.2673,5.2621,9438000,0.10%,1686742,5601159742,49712.78,8139568
2010-08-30,5.2673,5.2779,5.2779,5.2673,16632000,0.20%,1421713,5617526713,87782.03,16366970
2010-08-31,5.2779,5.2885,5.2885,5.2779,16720000,0.20%,1160430,5633985430,88423.72,16458717
2010-09-01,5.2885,5.299,5.299,5.2885,16918000,0.20%,767244,5650510244,89648.48,16524814
2010-09-02,5.299,5.3096,5.3096,5.299,14311000,0.20%,3083157,5667137157,75985.69,16626913
2010-09-03,5.3096,5.3256,5.3256,5.3096,22660000,0.30%,5876588,5692590588,120678.1,25453431
2010-09-06,5.3256,5.3469,5.3469,5.3256,37466000,0.40%,3657411,5727837411,200326.96,35246822
2010-09-07,5.3469,5.363,5.363,5.3469,24299000,0.30%,7218136,5755697136,130315.54,27859725
2010-09-08,5.363,5.3737,5.3737,5.363,23881000,0.20%,2362643,5774722643,128329.33,19025506
2010-09-09,5.3737,5.3791,5.3791,5.3737,11484000,0.10%,502520,5784346520,61773.58,9623876
2010-09-10,5.3791,5.3898,5.3898,5.3791,12760000,0.20%,7383702,5803987702,68773.85,19641182
2010-09-13,5.3898,5.4006,5.4006,5.3898,22770000,0.20%,4704003,5824078003,122971.66,20090300
2010-09-14,5.4006,5.4114,5.4114,5.4006,19415000,0.20%,6274768,5845063768,105062.33,20985764
2010-09-15,5.4114,5.4223,5.4223,5.4114,17622000,0.20%,9880944,5866291944,95551.77,21228176
2010-09-16,5.4223,5.4277,5.4277,5.4223,17105000,0.10%,3596533,5877112533,92840.81,10820588
2010-09-17,5.4277,5.4385,5.4385,5.4277,18645000,0.20%,7337583,5899498583,101400.83,22386050
2010-09-20,5.4385,5.4494,5.4494,5.4385,22275000,0.20%,7545660,5921981660,121385.39,22483076
2010-09-21,5.4494,5.4603,5.4603,5.4494,23980000,0.20%,6098811,5944514811,130937.99,22533151
2010-09-22,5.4603,5.4713,5.4713,5.4603,20075000,0.20%,8557414,5967048414,109836.35,22533602
2010-09-24,5.4713,5.4767,5.4767,5.4713,18953000,0.10%,921200,5978365200,103799.9,11316785
2010-09-27,5.4767,5.5042,5.5042,5.4767,56353000,0.50%,1005353,6034802353,310178.18,56437153
2010-09-28,5.5042,5.5262,5.5262,5.5042,38951000,0.40%,6814666,6079562666,215251.02,44760312
2010-09-29,5.5262,5.5373,5.5373,5.5262,26576000,0.20%,2468891,6101792891,147159.28,22230225
2010-09-30,5.5373,5.5539,5.5539,5.5373,25080000,0.30%,10801904,6135205904,139291.81,33413012
2010-10-04,5.5539,5.565,5.565,5.5539,23100000,0.20%,10077259,6157581259,128551.5,22375354
2010-10-05,5.565,5.5706,5.5706,5.565,20658000,0.10%,638783,6168800783,115077.45,11219524
2010-10-06,5.5706,5.5817,5.5817,5.5706,14685000,0.20%,8456397,6191303397,81967.26,22502613
2010-10-07,5.5817,5.5929,5.5929,5.5817,27181000,0.20%,3706137,6213734137,152020.61,22430740
2010-10-08,5.5929,5.6097,5.6097,5.5929,27346000,0.30%,9872850,6247246850,153402.86,33512712
2010-10-11,5.6097,5.6265,5.6265,5.6097,39138000,0.30%,4144180,6280656180,220209.96,33409330
2010-10-12,5.6265,5.6491,5.6491,5.6265,47751000,0.40%,756562,6325019562,269750.17,44363381
2010-10-13,5.6491,5.6717,5.6717,5.6491,40887000,0.40%,3899016,6369049016,231898.8,44029453
2010-10-14,5.6717,5.6887,5.6887,5.6717,35343000,0.30%,1411773,6401904773,201055.72,32855757
2010-10-15,5.6887,5.7058,5.7058,5.6887,28600000,0.30%,5516273,6434609273,163185.88,32704499
2010-10-18,5.7058,5.7172,5.7172,5.7058,19921000,0.20%,7370496,6456384496,113892.34,21775223
2010-10-19,5.7172,5.7287,5.7287,5.7172,22429000,0.20%,6748454,6478191454,128489.01,21806957
2010-10-20,5.7287,5.7401,5.7401,5.7287,21076000,0.20%,7565644,6500084644,120978.35,21893190
2010-10-21,5.7401,5.7516,5.7516,5.7401,24981000,0.20%,4565717,6522065717,143680.72,21981072
2010-10-22,5.7516,5.7574,5.7574,5.7516,12265000,0.10%,3428180,6533193180,70614.51,11127463
2010-10-25,5.7574,5.7631,5.7631,5.7574,11176000,0.10%,3526271,6544467271,64408.41,11274091
2010-10-26,5.7631,5.7747,5.7747,5.7631,15356000,0.20%,10902173,6567199173,88676.29,22731902
2010-10-27,5.7747,5.7804,5.7804,5.7747,16005000,0.10%,6340134,6578642134,92515.3,11442960
2010-10-28,5.7804,5.7862,5.7862,5.7804,16863000,0.10%,953788,6590118788,97572.69,11476653
2010-10-29,5.7862,5.8036,5.8036,5.7862,26785000,0.30%,8701032,6624651032,155449.43,34532244
2010-11-01,5.8036,5.8094,5.8094,5.8036,17787000,0.10%,2423937,6636160937,103331.8,11509904
2010-11-02,5.8094,5.821,5.821,5.8094,21197000,0.20%,4228736,6659162736,123387.74,23001798
2010-11-03,5.821,5.8327,5.8327,5.821,23320000,0.20%,3873442,6682127442,136018.56,22964705
2010-11-04,5.8327,5.8678,5.8678,5.8327,66561000,0.60%,5757014,6750572014,390566.64,68444571
2010-11-05,5.8678,5.8854,5.8854,5.8678,33000000,0.30%,6847808,6784662808,194218.2,34090794
2010-11-08,5.8854,5.909,5.909,5.8854,44572000,0.40%,7710850,6830097850,263375.95,45435042
2010-11-09,5.909,5.9267,5.9267,5.909,35145000,0.30%,6868527,6864400527,208293.87,34302676
2010-11-10,5.9267,5.9445,5.9445,5.9267,34331000,0.30%,6941318,6898804318,204080.63,34403791
2010-11-11,5.9445,5.9683,5.9683,5.9445,47795000,0.40%,4857918,6944515918,285254.9,45711599
2010-11-12,5.9683,5.9862,5.9862,5.9683,38280000,0.30%,647194,6978585194,229151.74,34069276
2010-11-15,5.9862,6.0042,6.0042,5.9862,23672000,0.30%,10972030,7012582030,142131.42,33996836
2010-11-16,6.0042,6.0222,6.0222,6.0042,36674000,0.30%,8440509,7046724509,220858.16,34142478
2010-11-17,6.0222,6.0403,6.0403,6.0222,36421000,0.30%,6086173,7080791173,219993.77,34066664
2010-11-18,6.0403,6.0524,6.0524,6.0403,24211000,0.20%,4508393,7103424393,146534.66,22633219
2010-11-19,6.0524,6.0645,6.0645,6.0524,16302000,0.20%,10923429,7126141429,98863.48,22717035
2010-11-22,6.0645,6.0706,6.0706,6.0645,19206000,0.10%,3204180,7137628180,116591.94,11486750
2010-11-23,6.0706,6.0888,6.0888,6.0706,28523000,0.30%,9261505,7172208505,173670.84,34580325
2010-11-24,6.0888,6.101,6.101,6.0888,30228000,0.20%,2029745,7195204745,184421.03,22996240
2010-11-25,6.101,6.1132,6.1132,6.101,24068000,0.20%,971509,7218214509,147132.5,23009763
2010-11-26,6.1132,6.1254,6.1254,6.1132,20284000,0.20%,3723380,7241250380,124247.61,23035871
2010-11-29,6.1254,6.1377,6.1377,6.1254,26477000,0.20%,317503,7264321503,162507.88,23071122
2010-11-30,6.1377,6.1561,6.1561,6.1377,34463000,0.30%,448831,7298915831,212157.67,34594328
2010-12-01,6.1561,6.1685,6.1685,6.1561,21406000,0.20%,2149848,7322022848,132042.91,23107017
2010-12-02,6.1685,6.1808,6.1808,6.1685,17567000,0.20%,7884108,7345324108,108578.11,23301259
2010-12-03,6.1808,6.187,6.187,6.1808,16082000,0.10%,3509088,7357031088,99499.33,11706980
2010-12-06,6.187,6.1994,6.1994,6.187,23144000,0.20%,3889593,7380555593,143478.91,23524504
2010-12-07,6.1994,6.2118,6.2118,6.1994,20284000,0.20%,7118092,7404068092,126000.15,23512499
2010-12-08,6.2118,6.218,6.218,6.2118,17325000,0.10%,1558800,7415833800,107726.85,11765708
2010-12-09,6.218,6.2242,6.2242,6.218,12309000,0.10%,1073349,7427657349,76613.68,11823549
2010-12-10,6.2242,6.2366,6.2366,6.2242,22000000,0.20%,2803709,7451387709,137205.2,23730360
2010-12-13,6.2366,6.2491,6.2491,6.2366,18909000,0.20%,7662552,7475155552,118164.23,23767842
2010-12-14,6.2491,6.2554,6.2554,6.2491,17270000,0.10%,2303601,7487066601,108030.76,11911049
2010-12-15,6.2554,6.2679,6.2679,6.2554,21296000,0.20%,4898484,7510957484,133481.2,23890883
2010-12-16,6.2679,6.2804,6.2804,6.2679,26257000,0.20%,2607438,7534923438,164904.46,23965954
2010-12-17,6.2804,6.293,6.293,6.2804,20625000,0.20%,6027514,7558968514,129793.12,24045075
2010-12-20,6.293,6.3056,6.3056,6.293,18623000,0.20%,11509030,7583073030,117429.19,24104516
2010-12-21,6.3056,6.3119,6.3119,6.3056,13728000,0.10%,9867845,7595159845,86649.76,12086815
2010-12-22,6.3119,6.3182,6.3182,6.3119,13519000,0.10%,8626736,7607437736,85415.75,12277890
2010-12-23,6.3182,6.3245,6.3245,6.3182,10219000,0.10%,10807894,7619837894,64630.07,12400157
2010-12-24,6.3245,6.3245,6.3245,6.3245,4763000,0.00%,6044894,7619837894,30123.59,0
2010-12-28,6.3245,6.3309,6.3309,6.3245,9438000,0.10%,9176507,7632407507,59751.03,12569613
2010-12-29,6.3309,6.3372,6.3372,6.3309,9724000,0.10%,12083936,7645038936,61622.93,12631428
2010-12-30,6.3372,6.3435,6.3435,6.3372,16896000,0.10%,7870866,7657721866,107179.78,12682929
2010-12-31,6.3435,6.3499,6.3499,6.3435,9086000,0.10%,11488916,7670425916,57695.19,12704050
2011-01-03,6.3499,6.3562,6.3562,6.3499,14856000,0.10%,9414339,7683207339,94427.71,12781422
2011-01-04,6.3562,6.3626,6.3626,6.3562,19968000,0.10%,2299826,7696060826,127048.4,12853487
2011-01-05,6.3626,6.3689,6.3689,6.3626,11364000,0.10%,3902365,7709027365,72376.18,12966538
2011-01-06,6.3689,6.3817,6.3817,6.3689,17136000,0.20%,12983599,7735244599,109356.81,26217234
2011-01-07,6.3817,6.3817,6.3817,6.3817,9612000,0.00%,3371599,7735244599,61340.9,0
2011-01-10,6.3817,6.3881,6.3881,6.3817,12744000,0.10%,3975563,7748592563,81409.95,13347964
2011-01-11,6.3881,6.3944,6.3944,6.3881,13068000,0.10%,4329744,7762014744,83562.02,13422181
2011-01-12,6.3944,6.4201,6.4201,6.3944,46404000,0.40%,11606720,7815695720,297918.32,53680975
2011-01-13,6.4201,6.4393,6.4393,6.4201,49572000,0.30%,2153615,7855814615,319208.98,40118894
2011-01-14,6.4393,6.4716,6.4716,6.4393,65112000,0.50%,3600043,7922373043,421378.82,66558428
2011-01-17,6.4716,6.491,6.491,6.4716,38616000,0.30%,4755817,7962144817,250656.46,39771773
2011-01-18,6.491,6.504,6.504,6.491,29064000,0.20%,2123151,7988576151,189032.26,26431334
2011-01-19,6.504,6.517,6.517,6.504,21300000,0.20%,7206472,8014959472,138812.1,26383321
2011-01-20,6.517,6.5301,6.5301,6.517,32760000,0.20%,833165,8041346165,213926.08,26386692
2011-01-21,6.5301,6.5497,6.5497,6.5301,28932000,0.30%,11436127,8080881127,189495.92,39534961
2011-01-24,6.5497,6.5562,6.5562,6.5497,21612000,0.10%,3004905,8094061905,141692.59,13180778
2011-01-25,6.5562,6.5759,6.5759,6.5562,40584000,0.30%,2110975,8133751975,266876.33,39690069
2011-01-26,6.5759,6.5957,6.5957,6.5759,41112000,0.30%,625848,8173378848,271162.42,39626872
2011-01-27,6.5957,6.6089,6.6089,6.5957,25848000,0.20%,1199798,8199800798,170826.85,26421949
2011-01-28,6.6089,6.6221,6.6221,6.6089,24588000,0.20%,3103085,8226292085,162824.19,26491287
2011-01-31,6.6221,6.6354,6.6354,6.6221,21552000,0.20%,8453833,8253194833,143006.14,26902748
2011-02-01,6.6354,6.6486,6.6486,6.6354,28235999,0.20%,7268105,8280245105,187729.87,27050271
2011-02-02,6.6486,6.6553,6.6553,6.6486,19104000,0.10%,1810210,8293891210,127142.85,13646105
2011-02-07,6.6553,6.6753,6.6753,6.6553,35748000,0.30%,7246115,8335075115,238628.62,41183904
2011-02-08,6.6753,6.702,6.702,6.6753,54360000,0.40%,7932596,8390121596,364320.72,55046480
2011-02-09,6.702,6.7289,6.7289,6.702,50640000,0.40%,12580397,8445409397,340751.5,55287801
2011-02-10,6.7289,6.7491,6.7491,6.7289,47268000,0.30%,6888916,8486985916,319016.46,41576519
2011-02-11,6.7491,6.7761,6.7761,6.7491,54612000,0.40%,7652274,8542361274,370056.37,55375357
2011-02-14,6.7761,6.7964,6.7964,6.7761,42624000,0.30%,6655380,8583988380,289689.75,41627105
2011-02-15,6.7964,6.8032,6.8032,6.7964,19428000,0.10%,1171188,8597932188,132172.57,13943808
2011-02-16,6.8032,6.8169,6.8169,6.8032,17388000,0.20%,11774033,8625923033,118532.26,27990845
2011-02-17,6.8169,6.8237,6.8237,6.8169,22404000,0.10%,3387878,8639940878,152878.17,14017844
2011-02-18,6.8237,6.8442,6.8442,6.8237,32268000,0.30%,13235907,8682056907,220848.65,42116029
2011-02-21,6.8442,6.851,6.851,6.8442,16836000,0.10%,10486603,8696143603,115343.44,14086695
2011-02-22,6.851,6.8647,6.8647,6.851,34788000,0.20%,4029631,8724474631,238809.18,28331027
2011-02-23,6.8647,6.8853,6.8853,6.8647,41784000,0.30%,4797784,8767026784,287695.38,42552153
2011-02-24,6.8853,6.8991,6.8991,6.8853,30708000,0.20%,2451873,8795388873,211857.56,28362088
2011-02-25,6.8991,6.9129,6.9129,6.8991,20268000,0.20%,10631104,8823836104,140110.66,28447231
2011-02-28,6.9129,6.9267,6.9267,6.9129,31524000,0.20%,7726679,8852455679,218357.29,28619575
2011-03-01,6.9267,6.9406,6.9406,6.9267,35760000,0.20%,627716,8881116716,248195.86,28661037
2011-03-02,6.9406,6.9545,6.9545,6.9406,19487999,0.20%,9803315,8909780315,135529.3,28663598
2011-03-03,6.9545,6.9615,6.9615,6.9545,21072000,0.10%,3084661,8924133661,146692.73,14353345
2011-03-04,6.9615,6.9824,6.9824,6.9615,42864000,0.30%,3404202,8967317202,299293.59,43183541
2011-03-07,6.9824,6.9963,6.9963,6.9824,21276000,0.20%,10915001,8996104001,148853.28,28786799
2011-03-08,6.9963,7.0033,7.0033,6.9963,23424000,0.10%,1910264,9010523264,164045.3,14419262
2011-03-09,7.0033,7.0244,7.0244,7.0033,35772000,0.30%,9387655,9053772655,251276.84,43249390
2011-03-10,7.0244,7.0314,7.0314,7.0244,18180000,0.10%,5647151,9068212151,127830.85,14439496
2011-03-11,7.0314,7.0454,7.0454,7.0314,33108000,0.20%,1492267,9097165267,233259.1,28953116
2011-03-14,7.0454,7.0595,7.0595,7.0454,19440000,0.20%,11020397,9126133397,137236.68,28968129
2011-03-15,7.0595,7.0807,7.0807,7.0595,49284000,0.30%,5292366,9169689366,348965.22,43555969
2011-03-16,7.0807,7.102,7.102,7.0807,34536000,0.30%,14358852,9213291852,245274.67,43602485
2011-03-17,7.102,7.1519,7.1519,7.102,113448000,0.70%,2602404,9314983404,811368.75,101691551
2011-03-18,7.1519,7.1805,7.1805,7.1519,59004000,0.40%,1293566,9372678566,423678.22,57695162
2011-03-21,7.1805,7.2093,7.2093,7.1805,52116000,0.40%,6720183,9430221183,375719.88,57542617
2011-03-22,7.2093,7.2309,7.2309,7.2093,49788000,0.30%,18215,9473307215,360012.05,43086031
2011-03-23,7.2309,7.2527,7.2527,7.2309,36804000,0.30%,6214165,9516307165,266928.37,42999950
2011-03-24,7.2527,7.2817,7.2817,7.2527,49656000,0.40%,13759841,9573508841,361580.1,57201675
2011-03-25,7.2817,7.3036,7.3036,7.2817,47256000,0.30%,9327632,9616332632,345138.92,42823790
2011-03-28,7.3036,7.3255,7.3255,7.3036,38304000,0.30%,13792977,9659101977,280595.95,42769344
2011-03-29,7.3255,7.3402,7.3402,7.3255,32592000,0.20%,9760618,9687661618,239231.8,28559641
2011-03-30,7.3402,7.3696,7.3696,7.3402,55667999,0.40%,11213800,9744782800,410250.89,57121181
2011-03-31,7.3696,7.4065,7.4065,7.3696,75360000,0.50%,7260512,9816189512,558153.84,71406711
2011-04-01,7.4065,7.4287,7.4287,7.4065,42192000,0.30%,7912769,9859033769,313431.71,42844257
2011-04-04,7.4287,7.4436,7.4436,7.4287,33912000,0.20%,2570304,9887603304,252427.36,28569534
2011-04-06,7.4436,7.4809,7.4809,7.4436,62880000,0.50%,11325883,9959238883,470398.99,71635578
2011-04-07,7.4809,7.4959,7.4959,7.4809,31776000,0.20%,8158952,9987847952,238189.72,28609068
2011-04-08,7.4959,7.5109,7.5109,7.4959,24624000,0.20%,12191014,10016504014,184948.4,28656062
2011-04-11,7.5109,7.5259,7.5259,7.5109,28404000,0.20%,12511106,10045228106,213765.66,28724091
2011-04-12,7.5259,7.556,7.556,7.5259,63036000,0.40%,7603789,10103356789,476300.02,58128683
2011-04-13,7.556,7.5712,7.5712,7.556,36180000,0.20%,765748,10132698748,273926.02,29341959
2011-04-14,7.5712,7.5939,7.5939,7.5712,37032000,0.30%,8441062,10177406062,281217.3,44707314
2011-04-15,7.5939,7.6167,7.6167,7.5939,38507999,0.30%,14995293,10222468293,293303.88,45062230
2011-04-18,7.6167,7.6243,7.6243,7.6167,21900000,0.10%,8190909,10237563909,166972.17,15095616
2011-04-19,7.6243,7.6396,7.6396,7.6243,29784000,0.20%,8722373,10267879373,227537.85,30315463
2011-04-20,7.6396,7.6855,7.6855,7.6396,85476000,0.60%,14791399,10359424399,656925.8,91545026
2011-04-21,7.6855,7.7086,7.7086,7.6855,48672000,0.30%,11938860,10405243860,375192.98,45819461
2011-04-26,7.7086,7.7163,7.7163,7.7086,26856000,0.10%,387525,10420548525,207228.95,15304664
2011-04-27,7.7163,7.7395,7.7395,7.7163,42864000,0.30%,3852238,10466877238,331745.93,46328713
2011-04-28,7.7395,7.755,7.755,7.7395,29460000,0.20%,5517000,10498002000,228462.3,31124762
2011-04-29,7.755,7.7705,7.7705,7.755,24192000,0.20%,12591245,10529268245,187983.94,31266244
2011-05-03,7.7705,7.7783,7.7783,7.7705,20976000,0.10%,7320656,10544973656,163157.62,15705411
2011-05-04,7.7783,7.8016,7.8016,7.7783,42732000,0.30%,11890849,10592275849,333377.97,47302193
2011-05-05,7.8016,7.8172,7.8172,7.8016,28092000,0.20%,15457713,10623934713,219600.78,31658863
2011-05-06,7.8172,7.825,7.825,7.8172,16824000,0.10%,14506377,10639807377,131647.8,15872663
2011-05-09,7.825,7.8329,7.8329,7.825,26964000,0.10%,3544653,10655809653,211206.32,16002276
2011-05-11,7.8329,7.8564,7.8564,7.8329,41244000,0.30%,10880562,10704389562,324029.36,48579909
2011-05-12,7.8564,7.8879,7.8879,7.8564,67668000,0.40%,8577009,10769754009,533758.42,65364446
2011-05-13,7.8879,7.9036,7.9036,7.8879,31164000,0.20%,10296683,10802637683,246307.79,32883673
2011-05-16,7.9036,7.9195,7.9195,7.9036,27852000,0.20%,15696633,10835889633,220573.91,33251949
2011-05-17,7.9195,7.9353,7.9353,7.9195,34812000,0.20%,14404532,10869409532,276243.66,33519899
2011-05-18,7.9353,7.9432,7.9432,7.9353,26112000,0.10%,5079234,10886196234,207412.84,16786701
2011-05-19,7.9432,7.9591,7.9591,7.9432,27384000,0.20%,11327518,10919828518,217951.99,33632284
2011-05-20,7.9591,7.9671,7.9671,7.9591,14520000,0.10%,13673557,10936694557,115682.29,16866039
2011-05-23,7.9671,7.9751,7.9751,7.9671,15000000,0.10%,15653388,10953674388,119626.5,16979830
2011-05-24,7.9751,7.983,7.983,7.9751,24444000,0.10%,8233955,10970698955,195136.45,17024567
2011-05-25,7.983,7.991,7.991,7.983,22092000,0.10%,3277233,10987834233,176537.17,17135277
2011-05-26,7.991,7.999,7.999,7.991,17604000,0.10%,2952338,11005113338,140814.4,17279104
2011-05-27,7.999,8.015,8.015,7.999,26076000,0.20%,11621607,11039858607,208999.14,34745268
2011-05-30,8.015,8.023,8.023,8.015,22584000,0.10%,6446314,11057267314,181191.43,17408707
2011-05-31,8.023,8.0391,8.0391,8.023,28932000,0.20%,12511642,11092264642,232587.24,34997327
2011-06-01,8.0391,8.0471,8.0471,8.0391,23760000,0.10%,6350249,11109863249,191199.1,17598607
2011-06-02,8.0471,8.0552,8.0552,8.0471,22812000,0.10%,1177593,11127502593,183755.22,17639343
2011-06-03,8.0552,8.0713,8.0713,8.0552,29532000,0.20%,7007869,11162864869,238361.63,35362275
2011-06-07,8.0713,8.0874,8.0874,8.0713,32472000,0.20%,10142748,11198471748,262614.05,35606879
2011-06-08,8.0874,8.0955,8.0955,8.0874,16668000,0.10%,11307120,11216304120,134935.79,17832371
2011-06-09,8.0955,8.1198,8.1198,8.0955,55500000,0.30%,9461203,11269958203,450648.9,53654082
2011-06-10,8.1198,8.1361,8.1361,8.1198,44016000,0.20%,1311664,11305824664,358118.58,35866461
2011-06-13,8.1361,8.1442,8.1442,8.1361,18960000,0.10%,285150,11323758150,154414.03,17933485
2011-06-14,8.1442,8.1605,8.1605,8.1442,34680000,0.20%,1673958,11359826958,283006.14,36068807
2011-06-15,8.1605,8.1769,8.1769,8.1605,29076000,0.20%,8689383,11395918383,237751.54,36091424
2011-06-16,8.1769,8.1932,8.1932,8.1769,40536000,0.20%,4550102,11432315102,332119.56,36396719
2011-06-17,8.1932,8.226,8.226,8.1932,66192000,0.40%,11370711,11505327711,544495.39,73012609
2011-06-20,8.226,8.259,8.259,8.226,69252000,0.40%,16536245,11579745245,571952.27,74417533
2011-06-21,8.259,8.2755,8.2755,8.259,36540000,0.20%,17415169,11617164169,302386.77,37418924
2011-06-22,8.2755,8.2921,8.2921,8.2755,53640000,0.20%,1466711,11654855711,444788.24,37691541
2011-06-23,8.2921,8.3087,8.3087,8.2921,22488000,0.20%,16865927,11692742927,186846.05,37887215
2011-06-24,8.3087,8.317,8.317,8.3087,28356000,0.10%,7549520,11711782520,235836.85,19039593
2011-06-27,8.317,8.3253,8.3253,8.317,19884000,0.10%,6861849,11730978849,165540.27,19196329
2011-06-28,8.3253,8.3336,8.3336,8.3253,17340000,0.10%,8875785,11750332785,144504.62,19353935
2011-06-29,8.3336,8.342,8.342,8.3336,19536000,0.10%,8803925,11769796925,162969.31,19464140
2011-06-30,8.342,8.367,8.367,8.342,57588000,0.30%,9796180,11828377180,481838.8,58580254
2011-07-04,8.367,8.3754,8.3754,8.367,25284000,0.10%,4154237,11848019237,211763.61,19642057
2011-07-05,8.3754,8.3837,8.3837,8.3754,13392000,0.10%,10674996,11867931996,112274.51,19912758
2011-07-06,8.3837,8.3921,8.3921,8.3837,18696000,0.10%,12002866,11887955866,156898.7,20023870
2011-07-07,8.3921,8.4005,8.4005,8.3921,16272000,0.10%,15829224,11908054224,136692.94,20098358
2011-07-08,8.4005,8.4089,8.4089,8.4005,28380000,0.10%,7751202,11928356202,238644.58,20301977
2011-07-11,8.4089,8.4173,8.4173,8.4089,26652000,0.10%,1432343,11948689343,224337.88,20333141
2011-07-12,8.4173,8.4342,8.4342,8.4173,24588000,0.20%,17513163,11989358163,207380.11,40668819
2011-07-13,8.4342,8.4426,8.4426,8.4342,20688000,0.10%,17183884,12009716884,174660.51,20358721
2011-07-14,8.4426,8.4511,8.4511,8.4426,24600000,0.10%,13142740,12030275740,207897.06,20558855
2011-07-15,8.4511,8.4595,8.4595,8.4511,29736000,0.10%,4031898,12050900898,251551.69,20625158
2011-07-18,8.4595,8.468,8.468,8.4595,13584000,0.10%,11147706,12071600706,115029.31,20699807
2011-07-19,8.468,8.4764,8.4764,8.468,24072000,0.10%,7875788,12092400788,204043.9,20800081
2011-07-20,8.4764,8.4849,8.4849,8.4764,15972000,0.10%,12714919,12113211919,135520.82,20811131
2011-07-21,8.4849,8.4934,8.4934,8.4849,25488000,0.10%,8085986,12134070986,216479.78,20859066
2011-07-22,8.4934,8.5019,8.5019,8.4934,18696000,0.10%,10568381,12155249381,158951.52,21178394
2011-07-25,8.5019,8.5104,8.5104,8.5019,20340000,0.10%,11531130,12176552130,173101.54,21302749
2011-07-26,8.5104,8.5189,8.5189,8.5104,20448000,0.10%,12418819,12197887819,174194.47,21335688
2011-07-27,8.5189,8.5274,8.5274,8.5189,24588000,0.10%,9274522,12219331522,209671.71,21443702
2011-07-28,8.5274,8.5359,8.5359,8.5274,26604000,0.10%,4154367,12240815367,227089.08,21483844
2011-07-29,8.5359,8.5445,8.5445,8.5359,20028000,0.10%,5614928,12262303928,171129.25,21488561
2011-08-01,8.5445,8.553,8.553,8.5445,26268000,0.10%,841013,12283798013,224670.2,21494084
2011-08-02,8.553,8.5616,8.5616,8.553,14616000,0.10%,7825076,12305398076,125136.35,21600062
2011-08-03,8.5616,8.5701,8.5701,8.5616,28332000,0.10%,1154730,12327059730,242808.07,21661654
2011-08-04,8.5701,8.5787,8.5787,8.5701,15900000,0.10%,6900292,12348705292,136401.33,21645562
2011-08-05,8.5787,8.6045,8.6045,8.5787,60156000,0.30%,11707081,12413668081,517612.3,64962788
2011-08-08,8.6045,8.6217,8.6217,8.6045,41544000,0.20%,13465052,12456970052,358179.9,43301970
2011-08-09,8.6217,8.6476,8.6476,8.6217,78828000,0.30%,57654,12522390654,681673.01,65420602
2011-08-10,8.6476,8.6822,8.6822,8.6476,68592000,0.40%,18269238,12609194238,595529.46,86803583
2011-08-11,8.6822,8.7257,8.7257,8.6822,107928000,0.50%,18215396,12717068396,941747.35,107874157
2011-08-12,8.7257,8.7432,8.7432,8.7257,48192000,0.20%,12947905,12759992905,421352.29,42924508
2011-08-15,8.7432,8.7607,8.7607,8.7432,35628000,0.20%,20200898,12802873898,312126.22,42880993
2011-08-16,8.7607,8.7782,8.7782,8.7607,46344000,0.20%,16766771,12845783771,406816.9,42909873
2011-08-17,8.7782,8.7958,8.7958,8.7782,48360000,0.20%,11183118,12888560118,425364.89,42776346
2011-08-18,8.7958,8.8134,8.8134,8.7958,34716000,0.20%,19102097,12931195097,305965.99,42634979
2011-08-19,8.8134,8.831,8.831,8.8134,49128000,0.20%,12612310,12973833310,433849.37,42638213
2011-08-22,8.831,8.8487,8.8487,8.831,43908000,0.20%,11299423,13016428423,388528.72,42595113
2011-08-23,8.8487,8.8575,8.8575,8.8487,31080000,0.10%,1484445,13037693445,275291.1,21265021
2011-08-24,8.8575,8.8752,8.8752,8.8575,35556000,0.20%,8529653,13080294653,315566.61,42601207
2011-08-25,8.8752,8.8841,8.8841,8.8752,17820000,0.10%,12022665,13101607665,158314.66,21313012
2011-08-26,8.8841,8.8841,8.8841,8.8841,11208000,0.00%,814665,13101607665,99572.99,0
2011-08-29,8.8841,8.893,8.893,8.8841,20688000,0.10%,1568369,13123049369,183978.38,21441704
2011-08-30,8.893,8.9019,8.9019,8.893,19536000,0.10%,3503478,13144520478,173907.52,21471108
2011-08-31,8.9019,8.9108,8.9108,8.9019,19463999,0.10%,5540392,13166021392,173439.81,21500914
2011-09-01,8.9108,8.9286,8.9286,8.9108,42384000,0.20%,6202808,13209067808,378429.78,43046416
2011-09-02,8.9286,8.9376,8.9376,8.9286,24744000,0.10%,2948065,13230557065,221151.97,21489257
2011-09-05,8.9376,8.9465,8.9465,8.9376,20688000,0.10%,3939613,13252236613,185085.19,21679547
2011-09-06,8.9465,8.9644,8.9644,8.9465,29628000,0.20%,17919494,13295844494,265597.24,43607881
2011-09-07,8.9644,8.9734,8.9734,8.9644,31068000,0.10%,8648399,13317641399,278785.59,21796904
2011-09-08,8.9734,8.9823,8.9823,8.9734,18912000,0.10%,11611799,13339516799,169873.26,21875400
2011-09-09,8.9823,8.9913,8.9913,8.9823,13368000,0.10%,20196256,13361469256,120195.7,21952457
2011-09-12,8.9913,8.9913,8.9913,8.9913,17280000,0.00%,2916256,13361469256,155369.66,0
2011-09-14,8.9913,9.0093,9.0093,8.9913,32220000,0.20%,15390971,13406163971,290279.65,44694715
2011-09-15,9.0093,9.0183,9.0183,9.0093,25824000,0.10%,12136146,13428733146,232888.58,22569174
2011-09-16,9.0183,9.0273,9.0273,9.0183,22932000,0.10%,11830936,13451359936,207014.04,22626790
2011-09-19,9.0273,9.0364,9.0364,9.0273,20352000,0.10%,14282810,13474163810,183908.81,22803873
2011-09-20,9.0364,9.0454,9.0454,9.0364,27264000,0.10%,9834948,13496979948,246613.79,22816138
2011-09-21,9.0454,9.0635,9.0635,9.0454,34416000,0.20%,21094156,13542655156,311929.42,45675207
2011-09-22,9.0635,9.0816,9.0816,9.0635,55260000,0.20%,11429804,13588250804,501849.22,45595648
2011-09-23,9.0816,9.0998,9.0998,9.0816,48995999,0.20%,7898105,13633715105,445853.8,45464300
2011-09-26,9.0998,9.118,9.118,9.0998,30960000,0.20%,22316369,13679093369,282293.28,45378264
2011-09-27,9.118,9.1363,9.1363,9.118,57624000,0.20%,10410248,13724811248,526470.15,45717878
2011-09-28,9.1363,9.1637,9.1637,9.1363,70056000,0.30%,8790518,13793247518,641972.17,68436270
2011-09-30,9.1637,9.2004,9.2004,9.1637,92652000,0.40%,6850391,13883959391,852435.46,90711873
2011-10-03,9.2004,9.228,9.228,9.2004,60276000,0.30%,14188567,13951573567,556226.93,67614176
2011-10-04,9.228,9.2465,9.2465,9.228,58044000,0.20%,1080245,13996509245,536703.85,44935677
2011-10-06,9.2465,9.2743,9.2743,9.2465,56280000,0.30%,12130744,14063839744,521957.6,67330498
2011-10-07,9.2743,9.3021,9.3021,9.2743,59316000,0.30%,20089000,14131114000,551763.36,67274255
2011-10-10,9.3021,9.3021,9.3021,9.3021,20087999,0.00%,1000,14131114000,186860.58,0
2011-10-11,9.3021,9.3207,9.3207,9.3021,23688000,0.20%,21228214,14176029214,220788.74,44915214
2011-10-12,9.3207,9.3301,9.3301,9.3207,23172000,0.10%,20565323,14198538323,216197.08,22509109
2011-10-13,9.3301,9.3394,9.3394,9.3301,29616000,0.10%,13533258,14221122258,276595.67,22583935
2011-10-14,9.3394,9.3487,9.3487,9.3394,24096000,0.10%,12003378,14243688378,225266.28,22566119
2011-10-17,9.3487,9.3581,9.3581,9.3487,22212000,0.10%,12398467,14266295467,207862.12,22607089
2011-10-18,9.3581,9.3674,9.3674,9.3581,26928000,0.10%,8082793,14288907793,252245.35,22612326
2011-10-19,9.3674,9.3768,9.3768,9.3674,16896000,0.10%,13828200,14311549200,158430.41,22641406
2011-10-20,9.3768,9.3862,9.3862,9.3768,26808000,0.10%,9665626,14334194626,251625.25,22645426
2011-10-21,9.3862,9.3956,9.3956,9.3862,15108000,0.10%,17227635,14356864635,141948.72,22670009
2011-10-24,9.3956,9.405,9.405,9.3956,25836000,0.10%,14087370,14379560370,242987.58,22695734
2011-10-25,9.405,9.4144,9.4144,9.405,17988000,0.10%,18811044,14402272044,169346.23,22711673
2011-10-26,9.4144,9.4238,9.4238,9.4144,18816000,0.10%,22728795,14425005795,177318.22,22733750
2011-10-27,9.4238,9.4332,9.4332,9.4238,37560000,0.10%,7908065,14447745065,354310.99,22739270
2011-10-28,9.4332,9.4521,9.4521,9.4332,43044000,0.20%,10334329,14493215329,406856.19,45470263
2011-10-31,9.4521,9.4615,9.4615,9.4521,20856000,0.10%,12174042,14515911042,197329.04,22695712
2011-11-01,9.4615,9.471,9.471,9.4615,24432000,0.10%,10508896,14538677896,231395.47,22766854
2011-11-02,9.471,9.4805,9.4805,9.471,23640000,0.10%,9619374,14561428374,224119.02,22750477
2011-11-03,9.4805,9.4899,9.4899,9.4805,24588000,0.10%,7988822,14584385822,233337.66,22957448
2011-11-04,9.4899,9.4994,9.4994,9.4899,19800000,0.10%,11252781,14607449781,188088.12,23063958
2011-11-07,9.4994,9.5184,9.5184,9.4994,36672000,0.20%,21278215,14654147215,349058.76,46697434
2011-11-08,9.5184,9.547,9.547,9.5184,85536000,0.30%,6435242,14724840242,816612.19,70693026
2011-11-09,9.547,9.5661,9.5661,9.547,35520000,0.20%,18703979,14772628979,339787.87,47788737
2011-11-10,9.5661,9.5853,9.5853,9.5661,64763999,0.20%,1995314,14820684314,620782.37,48055334
2011-11-11,9.5853,9.6045,9.6045,9.5853,31476000,0.20%,18607136,14868772136,302311.24,48087822
2011-11-14,9.6045,9.6237,9.6237,9.6045,44388000,0.20%,22556371,14917109371,427176.8,48337234
2011-11-15,9.6237,9.6333,9.6333,9.6237,31668000,0.10%,15172218,14941393218,305067.34,24283846
2011-11-16,9.6333,9.6429,9.6429,9.6333,17328000,0.10%,22207911,14965756911,167092.17,24363693
2011-11-17,9.6429,9.6526,9.6526,9.6429,27324000,0.10%,19416759,14990289759,263747.64,24532848
2011-11-18,9.6526,9.6622,9.6622,9.6526,34680000,0.10%,9337679,15014890679,335085.1,24600919
2011-11-21,9.6622,9.6719,9.6719,9.6622,33144000,0.10%,704490,15039401490,320565.45,24510811
2011-11-22,9.6719,9.6912,9.6912,9.6719,41664000,0.20%,7774847,15088135847,403774.16,48734357
2011-11-23,9.6912,9.7009,9.7009,9.6912,18936000,0.10%,13074770,15112371770,183696.24,24235922
2011-11-24,9.7009,9.7106,9.7106,9.7009,17940000,0.10%,19313671,15136550671,174208.16,24178900
2011-11-25,9.7106,9.7106,9.7106,9.7106,18936000,0.00%,377671,15136550671,183879.92,0
2011-11-28,9.7106,9.7301,9.7301,9.7106,41412000,0.20%,7102791,15184687791,402942.9,48137119
2011-11-29,9.7301,9.7593,9.7593,9.7301,70692000,0.30%,7946815,15256223815,689904.44,71536023
2011-11-30,9.7593,9.7788,9.7788,9.7593,40620000,0.20%,15001821,15303898821,397214.86,47675006
2011-12-01,9.7788,9.7984,9.7984,9.7788,46152000,0.20%,16380781,15351429781,452215.76,47530959
2011-12-02,9.7984,9.8082,9.8082,9.7984,27288000,0.10%,12680030,15375017030,267646.16,23587248
2011-12-05,9.8082,9.818,9.818,9.8082,19188000,0.10%,17115973,15398640973,188387.78,23623942
2011-12-06,9.818,9.8278,9.8278,9.818,20544000,0.10%,20264007,15422333007,201902.32,23692034
2011-12-07,9.8278,9.8376,9.8376,9.8278,24060000,0.10%,19910112,15446039112,236692.66,23706104
2011-12-08,9.8376,9.8475,9.8475,9.8376,20087999,0.10%,23496869,15469713869,197816.58,23674756
2011-12-09,9.8475,9.8573,9.8573,9.8475,27288000,0.10%,19884692,15493389692,268986.0,23675823
2011-12-12,9.8573,9.8573,9.8573,9.8573,16692000,0.00%,3192692,15493389692,164538.05,0
2011-12-13,9.8573,9.8672,9.8672,9.8573,23880000,0.10%,3122143,15517199143,235628.74,23809450
2011-12-14,9.8672,9.8869,9.8869,9.8672,32784000,0.20%,17987561,15564848561,324132.13,47649417
2011-12-15,9.8869,9.8968,9.8968,9.8869,24996000,0.10%,16790715,15588647715,247380.41,23799153
2011-12-16,9.8968,9.9067,9.9067,9.8968,33684000,0.10%,6957133,15612498133,333697.28,23850418
2011-12-19,9.9067,9.9166,9.9166,9.9067,20580000,0.10%,10301125,15636422125,204083.63,23923991
2011-12-20,9.9166,9.9265,9.9265,9.9166,14136000,0.10%,20319722,15660576722,140321.0,24154597
2011-12-21,9.9265,9.9265,9.9265,9.9265,16620000,0.00%,3699722,15660576722,164978.43,0
2011-12-22,9.9265,9.9365,9.9365,9.9265,12804000,0.10%,15341087,15685022087,127226.95,24445365
2011-12-23,9.9365,9.9365,9.9365,9.9365,12792000,0.00%,2549087,15685022087,127107.71,0
2011-12-28,9.9365,9.9464,9.9464,9.9365,10824000,0.10%,16711260,15710008260,107659.83,24986173
2011-12-29,9.9464,9.9464,9.9464,9.9464,8592000,0.00%,8119260,15710008260,85459.47,0
2011-12-30,9.9464,9.9464,9.9464,9.9464,7788000,0.00%,331260,15710008260,77462.56,0
2012-01-03,9.9464,9.9563,9.9563,9.9464,15249000,0.10%,11029333,15735955333,151823.62,25947073
2012-01-04,9.9563,9.9663,9.9663,9.9563,12051000,0.10%,25137497,15762114497,120103.88,26159163
2012-01-05,9.9663,9.9663,9.9663,9.9663,20553000,0.00%,4584497,15762114497,204837.36,0
2012-01-06,9.9663,9.9763,9.9763,9.9663,19721000,0.10%,11256396,15788507396,196742.61,26392899
2012-01-09,9.9763,9.9862,9.9862,9.9763,18317000,0.10%,19301771,15814869771,182917.23,26362374
2012-01-10,9.9862,9.9962,9.9962,9.9862,36998000,0.10%,8641345,15841207345,369839.41,26337574
2012-01-11,9.9962,10.0162,10.0162,9.9962,41860000,0.20%,19429198,15893855198,419278.13,52647852
2012-01-12,10.0162,10.0262,10.0262,10.0162,35230000,0.10%,10478347,15920134347,353223.03,26279149
2012-01-13,10.0262,10.0363,10.0363,10.0262,28717000,0.10%,8038192,15946411192,288212.43,26276845
2012-01-16,10.0363,10.0463,10.0463,10.0363,15613000,0.10%,18721237,15972707237,156852.88,26296044
2012-01-17,10.0463,10.0563,10.0563,10.0463,28847000,0.10%,16174139,15999007139,290094.09,26299902
2012-01-18,10.0563,10.0765,10.0765,10.0563,45149000,0.20%,23704443,16051686443,454943.9,52679303
2012-01-19,10.0765,10.0865,10.0865,10.0765,35269000,0.10%,14720491,16077971491,355740.77,26285047
2012-01-20,10.0865,10.0966,10.0966,10.0865,27859000,0.10%,13180443,16104290443,281281.18,26318951
2012-01-26,10.0966,10.1067,10.1067,10.0966,17043000,0.10%,22425798,16130578798,172248.49,26288355
2012-01-27,10.1067,10.1067,10.1067,10.1067,14664000,0.00%,7761798,16130578798,148204.65,0
2012-01-30,10.1067,10.127,10.127,10.1067,38038000,0.20%,22442822,16183297822,385210.83,52719023
2012-01-31,10.127,10.1472,10.1472,10.127,54340000,0.20%,20950532,16236145532,551398.85,52847709
2012-02-01,10.1472,10.1574,10.1574,10.1472,36621000,0.10%,10711821,16262527821,371974.15,26382289
2012-02-02,10.1574,10.1675,10.1675,10.1574,26455000,0.10%,10671150,16288942150,268981.21,26414328
2012-02-03,10.1675,10.1777,10.1777,10.1675,17134000,0.10%,19984245,16315389245,174384.71,26447095
2012-02-06,10.1777,10.1879,10.1879,10.1777,20202000,0.10%,26252993,16341859993,205815.96,26470747
2012-02-07,10.1879,10.1981,10.1981,10.1879,43043000,0.10%,9707421,16368357421,438956.82,26497428
2012-02-08,10.1981,10.2083,10.2083,10.1981,26702000,0.10%,9592539,16394944539,272582.03,26587118
2012-02-09,10.2083,10.2185,10.2185,10.2083,28548000,0.10%,7982936,16421882936,291717.74,26938396
2012-02-10,10.2185,10.2287,10.2287,10.2185,20943000,0.10%,14012983,16448855983,214219.66,26973046
2012-02-13,10.2287,10.2287,10.2287,10.2287,12844000,0.00%,1168983,16448855983,131377.42,0
2012-02-14,10.2287,10.2389,10.2389,10.2287,12389000,0.10%,16129976,16476205976,126849.73,27349993
2012-02-15,10.2389,10.2491,10.2491,10.2389,30537000,0.10%,13106625,16503719625,312976.77,27513648
2012-02-16,10.2491,10.2697,10.2697,10.2491,53664000,0.20%,14565431,16558842431,551113.18,55122806
2012-02-17,10.2697,10.2799,10.2799,10.2697,38025000,0.10%,4029085,16586331085,390893.2,27488653
2012-02-20,10.2799,10.2902,10.2902,10.2799,23582000,0.10%,7964572,16613848572,242663.5,27517486
2012-02-21,10.2902,10.3005,10.3005,10.2902,19474000,0.10%,16086609,16641444609,200591.94,27596037
2012-02-22,10.3005,10.3108,10.3108,10.3005,22074000,0.10%,21655289,16669087289,227600.6,27642679
2012-02-23,10.3108,10.3211,10.3211,10.3108,23179000,0.10%,26234836,16696845836,239232.78,27758546
2012-02-24,10.3211,10.3211,10.3211,10.3211,15093000,0.00%,11141836,16696845836,155776.36,0
2012-02-27,10.3211,10.3314,10.3314,10.3211,18603000,0.10%,20333409,16724640409,192195.03,27794573
2012-02-28,10.3314,10.3418,10.3418,10.3314,23400000,0.10%,24748937,16752455937,241998.12,27815528
2012-02-29,10.3418,10.3521,10.3521,10.3418,27794000,0.10%,24885544,16780386544,287726.27,27930607
2012-03-01,10.3521,10.3625,10.3625,10.3521,30550000,0.10%,22540874,16808591874,316574.38,28205329
2012-03-02,10.3625,10.3625,10.3625,10.3625,15639000,0.00%,6901874,16808591874,162059.14,0
2012-03-05,10.3625,10.3728,10.3728,10.3625,12259000,0.10%,23143595,16837092595,127160.16,28500721
2012-03-06,10.3728,10.3728,10.3728,10.3728,19695000,0.00%,3448595,16837092595,204292.3,0
2012-03-07,10.3728,10.3832,10.3832,10.3728,13000000,0.10%,19032868,16865676868,134981.6,28584273
2012-03-08,10.3832,10.3832,10.3832,10.3832,18473000,0.00%,559868,16865676868,191808.85,0
2012-03-09,10.3832,10.3936,10.3936,10.3832,16133000,0.10%,13078317,16894328317,167679.95,28651448
2012-03-12,10.3936,10.3936,10.3936,10.3936,10491000,0.00%,2587317,16894328317,109039.26,0
2012-03-13,10.3936,10.4144,10.4144,10.3936,49062000,0.20%,10850281,16951653281,510951.29,57324964
2012-03-14,10.4144,10.4248,10.4248,10.4144,29731000,0.10%,9658388,16980192388,309939.73,28539106
2012-03-15,10.4248,10.4456,10.4456,10.4248,62010000,0.20%,4691627,17037235627,647731.66,57043238
2012-03-16,10.4456,10.4665,10.4665,10.4456,52728000,0.20%,8936048,17094208048,551877.61,56972421
2012-03-19,10.4665,10.4875,10.4875,10.4665,49725000,0.20%,16075812,17151072812,521490.94,56864763
2012-03-20,10.4875,10.5085,10.5085,10.4875,48243000,0.20%,24714367,17207954367,506961.57,56881554
2012-03-21,10.5085,10.5085,10.5085,10.5085,20501000,0.00%,4213367,17207954367,215434.76,0
2012-03-22,10.5085,10.5295,10.5295,10.5085,38415000,0.20%,22551179,17264707179,404490.74,56752812
2012-03-23,10.5295,10.54,10.54,10.5295,25038000,0.10%,25824530,17293018530,263900.52,28311350
2012-03-26,10.54,10.54,10.54,10.54,17095000,0.00%,8729530,17293018530,180181.3,0
2012-03-27,10.54,10.5506,10.5506,10.54,16237000,0.10%,20664313,17321190313,171310.09,28171783
2012-03-28,10.5506,10.5506,10.5506,10.5506,12519000,0.00%,8145313,17321190313,132082.96,0
2012-03-29,10.5506,10.5611,10.5611,10.5506,19708000,0.10%,16484539,17349237539,208138.16,28047226
2012-03-30,10.5611,10.5717,10.5717,10.5611,28587000,0.10%,15877083,17377217083,302213.19,27979543
2012-04-02,10.5717,10.5717,10.5717,10.5717,15730000,0.00%,147083,17377217083,166292.84,0
2012-04-03,10.5717,10.5823,10.5823,10.5717,26247000,0.10%,1845159,17405162159,277753.63,27945076
2012-04-05,10.5823,10.5928,10.5928,10.5823,19812000,0.10%,9987517,17433116517,209864.55,27954357
2012-04-10,10.5928,10.6034,10.6034,10.5928,17251000,0.10%,20699660,17461079660,182919.25,27963143
2012-04-11,10.6034,10.6034,10.6034,10.6034,19032000,0.00%,1667660,17461079660,201803.91,0
2012-04-12,10.6034,10.614,10.614,10.6034,25740000,0.10%,4070651,17489222651,273204.36,28142991
2012-04-13,10.614,10.6353,10.6353,10.614,33332000,0.20%,27295937,17545779937,354495.82,56557285
2012-04-16,10.6353,10.6353,10.6353,10.6353,20085000,0.00%,7210937,17545779937,213610.0,0
2012-04-17,10.6353,10.6459,10.6459,10.6353,20163000,0.10%,15494291,17574226291,214653.28,28446354
2012-04-18,10.6459,10.6566,10.6566,10.6459,25272000,0.10%,18646713,17602650713,269313.6,28424421
2012-04-19,10.6566,10.6672,10.6672,10.6566,22126000,0.10%,25008207,17631138207,236022.47,28487494
2012-04-20,10.6672,10.6672,10.6672,10.6672,18018000,0.00%,6990207,17631138207,192201.61,0
2012-04-23,10.6672,10.6779,10.6779,10.6672,19188000,0.10%,16555291,17659891291,204887.55,28753084
2012-04-24,10.6779,10.6886,10.6886,10.6779,22217000,0.10%,23049803,17688602803,237468.63,28711511
2012-04-25,10.6886,10.6992,10.6992,10.6886,41600000,0.10%,10128339,17717281339,445086.72,28678536
2012-04-26,10.6992,10.7099,10.7099,10.6992,24635000,0.10%,14063040,17745851040,263838.39,28569701
2012-04-27,10.7099,10.7207,10.7207,10.7099,25116000,0.10%,17595177,17774499177,269261.1,28648136
2012-04-30,10.7207,10.7314,10.7314,10.7207,23205000,0.10%,23209521,17803318521,249022.14,28819344
2012-05-02,10.7314,10.7421,10.7421,10.7314,24492000,0.10%,27579711,17832180711,263095.51,28862189
2012-05-03,10.7421,10.7421,10.7421,10.7421,18577000,0.00%,9002711,17832180711,199555.99,0
2012-05-04,10.7421,10.7528,10.7528,10.7421,18486000,0.10%,19390694,17861054694,198776.26,28873982
2012-05-07,10.7528,10.7636,10.7636,10.7528,36517000,0.10%,11731827,17889912827,393054.38,28858132
2012-05-08,10.7636,10.7744,10.7744,10.7636,17849000,0.10%,22820945,17918850945,192312.27,28938118
2012-05-09,10.7744,10.7851,10.7851,10.7744,33761000,0.10%,18048863,17947839863,364115.76,28988917
2012-05-10,10.7851,10.7959,10.7959,10.7851,31616000,0.10%,15470174,17976877174,341323.17,29037310
2012-05-11,10.7959,10.8067,10.8067,10.7959,32435000,0.10%,12075186,18005917186,350515.31,29040011
2012-05-14,10.8067,10.8175,10.8175,10.8067,37037000,0.10%,4012259,18034891259,400647.75,28974073
2012-05-15,10.8175,10.8283,10.8283,10.8175,26806000,0.10%,6100157,18063785157,290263.41,28893897
2012-05-16,10.8283,10.85,10.85,10.8283,38961000,0.20%,25036351,18121682351,422726.85,57897194
2012-05-17,10.85,10.8609,10.8609,10.85,53755000,0.10%,402153,18150803153,583827.68,29120801
2012-05-18,10.8609,10.8826,10.8826,10.8609,38545000,0.20%,20174473,18209120473,419469.82,58317319
2012-05-21,10.8826,10.8935,10.8935,10.8826,38090000,0.10%,11210342,18238246342,414933.42,29125868
2012-05-22,10.8935,10.9153,10.9153,10.8935,49555999,0.20%,19859612,18296451612,540918.61,58205269
2012-05-23,10.9153,10.9371,10.9371,10.9153,52806000,0.20%,25212389,18354610389,577544.5,58158776
2012-05-24,10.9371,10.9481,10.9481,10.9371,29510000,0.10%,24766297,18383674297,323078.43,29063908
2012-05-25,10.9481,10.959,10.959,10.9481,25909000,0.10%,27891963,18412708963,283936.73,29034666
2012-05-28,10.959,10.959,10.959,10.959,13546000,0.00%,14345963,18412708963,148450.61,0
2012-05-29,10.959,10.97,10.97,10.959,18967000,0.10%,24486232,18441816232,208067.99,29107268
2012-05-30,10.97,10.9809,10.9809,10.97,35269000,0.10%,18414804,18471013804,387285.36,29197572
2012-05-31,10.9809,10.9919,10.9919,10.9809,23933000,0.10%,23730174,18500262174,263069.14,29248369
2012-06-01,10.9919,10.9919,10.9919,10.9919,19721000,0.00%,4009174,18500262174,216771.26,0
2012-06-04,10.9919,11.0029,11.0029,10.9919,21216000,0.10%,12027098,18529496098,233437.53,29233923
2012-06-05,11.0029,11.0139,11.0139,11.0029,18551000,0.10%,22728297,18558748297,204318.86,29252199
2012-06-06,11.0139,11.0249,11.0249,11.0139,23621000,0.10%,28333132,18587974132,260419.16,29225835
2012-06-07,11.0249,11.0249,11.0249,11.0249,20787000,0.00%,7546132,18587974132,229174.6,0
2012-06-08,11.0249,11.0359,11.0359,11.0249,17654000,0.10%,19134734,18617216734,194827.78,29242602
2012-06-11,11.0359,11.047,11.047,11.0359,23387000,0.10%,24981776,18646450776,258356.19,29234041
2012-06-12,11.047,11.047,11.047,11.047,18395000,0.00%,6586776,18646450776,203209.57,0
2012-06-13,11.047,11.058,11.058,11.047,14391000,0.10%,21744887,18675999887,159135.68,29549110
2012-06-14,11.058,11.058,11.058,11.058,15015000,0.00%,6729887,18675999887,166035.87,0
2012-06-15,11.058,11.0691,11.0691,11.058,17290000,0.10%,19558058,18706118058,191384.74,30118171
2012-06-18,11.0691,11.0691,11.0691,11.0691,16952000,0.00%,2606058,18706118058,187643.38,0
2012-06-19,11.0691,11.0802,11.0802,11.0691,29666000,0.10%,3486885,18736664885,328705.21,30546826
2012-06-20,11.0802,11.0912,11.0912,11.0802,14235000,0.10%,19822654,18767235654,157883.23,30570768
2012-06-21,11.0912,11.1023,11.1023,11.0912,30056000,0.10%,20483488,18797952488,333690.73,30716834
2012-06-22,11.1023,11.1134,11.1134,11.1023,22542000,0.10%,28681423,18828692423,250518.26,30739934
2012-06-25,11.1134,11.1134,11.1134,11.1134,16978000,0.00%,11703423,18828692423,188683.31,0
2012-06-26,11.1134,11.1245,11.1245,11.1134,24895000,0.10%,17580833,18859464833,276944.43,30772410
2012-06-27,11.1245,11.1357,11.1357,11.1245,21970000,0.10%,26368639,18890222639,244651.33,30757805
2012-06-28,11.1357,11.1468,11.1468,11.1357,26793000,0.10%,30360055,18921007055,298656.21,30784415
2012-06-29,11.1468,11.1468,11.1468,11.1468,30199000,0.00%,161055,18921007055,336622.21,0
2012-07-03,11.1468,11.1579,11.1579,11.1468,23400000,0.10%,7534050,18951780050,261094.86,30772995
2012-07-04,11.1579,11.1691,11.1691,11.1579,18863000,0.10%,19418545,18982527545,210682.73,30747495
2012-07-05,11.1691,11.1691,11.1691,11.1691,9880000,0.00%,9538545,18982527545,110350.71,0
2012-07-06,11.1691,11.1803,11.1803,11.1691,10725000,0.10%,29457788,19013171788,119908.72,30644242
2012-07-09,11.1803,11.1803,11.1803,11.1803,13351000,0.00%,16106788,19013171788,149268.19,0
2012-07-10,11.1803,11.1803,11.1803,11.1803,9516000,0.00%,6590788,19013171788,106391.73,0
2012-07-11,11.1803,11.1915,11.1915,11.1803,22529000,0.10%,14884880,19043994880,252133.3,30823092
2012-07-12,11.1915,11.2026,11.2026,11.1915,28301000,0.10%,17397239,19074808239,317044.78,30813358
2012-07-13,11.2026,11.2026,11.2026,11.2026,11882000,0.00%,5515239,19074808239,133109.29,0
2012-07-16,11.2026,11.2138,11.2138,11.2026,15756000,0.10%,20595732,19105644732,176684.63,30836493
2012-07-17,11.2138,11.2251,11.2251,11.2138,21554000,0.10%,29865151,19136468151,241945.81,30823419
2012-07-18,11.2251,11.2251,11.2251,11.2251,27950000,0.00%,1915151,19136468151,313741.54,0
2012-07-19,11.2251,11.2363,11.2363,11.2251,31577000,0.10%,1146612,19167276612,354808.65,30808460
2012-07-20,11.2363,11.2475,11.2475,11.2363,21099000,0.10%,10860859,19198089859,237311.0,30813247
2012-07-23,11.2475,11.2588,11.2588,11.2475,22802000,0.10%,18996677,19229027677,256723.16,30937817
2012-07-24,11.2588,11.2588,11.2588,11.2588,12415000,0.00%,6581677,19229027677,139778.0,0
2012-07-25,11.2588,11.27,11.27,11.2588,15509000,0.10%,22087853,19260042853,174786.43,31015175
2012-07-26,11.27,11.27,11.27,11.27,19630000,0.00%,2457853,19260042853,221230.1,0
2012-07-27,11.27,11.2813,11.2813,11.27,25779000,0.10%,7633470,19290997470,290820.63,30954616
2012-07-30,11.2813,11.2926,11.2926,11.2813,24635000,0.10%,13883742,19321882742,278193.2,30885272
2012-07-31,11.2926,11.3039,11.3039,11.2926,21658000,0.10%,23025974,19352682974,244819.87,30800231
2012-08-01,11.3039,11.3039,11.3039,11.3039,15522000,0.00%,7503974,19352682974,175459.14,0
2012-08-02,11.3039,11.3152,11.3152,11.3039,12454000,0.10%,25935229,19383568229,140919.5,30885255
2012-08-03,11.3152,11.3152,11.3152,11.3152,12064000,0.00%,13871229,19383568229,136506.57,0
2012-08-06,11.3152,11.3152,11.3152,11.3152,13455000,0.00%,416229,19383568229,152246.02,0
2012-08-07,11.3152,11.3265,11.3265,11.3152,14911000,0.10%,16706964,19414769964,168889.44,31201734
2012-08-08,11.3265,11.3378,11.3378,11.3265,19695000,0.10%,28352454,19446110454,223297.97,31340490
2012-08-09,11.3378,11.3378,11.3378,11.3378,20085000,0.00%,8267454,19446110454,227719.71,0
2012-08-10,11.3378,11.3605,11.3605,11.3378,40027000,0.20%,31123765,19508993765,454726.73,62883310
2012-08-13,11.3605,11.3719,11.3719,11.3605,35711000,0.10%,27000441,19540581441,406101.92,31587675
2012-08-14,11.3719,11.3719,11.3719,11.3719,23894000,0.00%,3106441,19540581441,271720.18,0
2012-08-15,11.3719,11.3946,11.3946,11.3719,37895000,0.20%,28761308,19604131308,431798.37,63549867
2012-08-16,11.3946,11.4174,11.4174,11.3946,86021000,0.20%,6497042,19667888042,982136.17,63756734
2012-08-17,11.4174,11.4288,11.4288,11.4174,37414000,0.10%,1033611,19699838611,427597.12,31950568
2012-08-20,11.4288,11.4403,11.4403,11.4288,19721000,0.10%,13297275,19731823275,225614.16,31984663
2012-08-21,11.4403,11.4403,11.4403,11.4403,13260000,0.00%,37275,19731823275,151698.38,0
2012-08-22,11.4403,11.4517,11.4517,11.4403,13780000,0.10%,18233997,19763799997,157804.43,31976722
2012-08-23,11.4517,11.4517,11.4517,11.4517,15925000,0.00%,2308997,19763799997,182368.32,0
2012-08-24,11.4517,11.4632,11.4632,11.4517,12610000,0.10%,21777068,19795878068,144550.95,32078070
2012-08-27,11.4632,11.4632,11.4632,11.4632,9581000,0.00%,12196068,19795878068,109828.92,0
2012-08-28,11.4632,11.4746,11.4746,11.4632,13572000,0.10%,30774887,19828028887,155733.27,32150819
2012-08-29,11.4746,11.4746,11.4746,11.4746,13299000,0.00%,17475887,19828028887,152600.71,0
2012-08-30,11.4746,11.4861,11.4861,11.4746,20865000,0.10%,28755095,19860173095,239657.48,32144207
2012-08-31,11.4861,11.4861,11.4861,11.4861,16679000,0.00%,12076095,19860173095,191576.66,0
2012-09-03,11.4861,11.4976,11.4976,11.4861,12909000,0.10%,31101035,19892107035,148422.52,31933939
2012-09-04,11.4976,11.4976,11.4976,11.4976,12753000,0.00%,18348035,19892107035,146628.89,0
2012-09-05,11.4976,11.4976,11.4976,11.4976,17316000,0.00%,1032035,19892107035,199092.44,0
2012-09-06,11.4976,11.5091,11.5091,11.4976,12870000,0.10%,19931280,19923876280,148122.12,31769245
2012-09-07,11.5091,11.5091,11.5091,11.5091,19916000,0.00%,15280,19923876280,229215.24,0
2012-09-10,11.5091,11.5206,11.5206,11.5091,18759000,0.10%,12898328,19955518328,216114.94,31642048
2012-09-11,11.5206,11.5321,11.5321,11.5206,23309000,0.10%,21166403,19987095403,268801.72,31577074
2012-09-12,11.5321,11.5321,11.5321,11.5321,20189000,0.00%,977403,19987095403,232821.57,0
2012-09-13,11.5321,11.5436,11.5436,11.5321,16588000,0.10%,15965415,20018671415,191485.24,31576011
2012-09-14,11.5436,11.5552,11.5552,11.5436,32396000,0.10%,15044344,20050146344,374342.26,31474928
2012-09-17,11.5552,11.5667,11.5667,11.5552,16549000,0.10%,29879904,20081530904,191417.32,31384560
2012-09-18,11.5667,11.5667,11.5667,11.5667,19916000,0.00%,9963904,20081530904,230362.4,0
2012-09-19,11.5667,11.5783,11.5783,11.5667,18512000,0.10%,22794242,20112873242,214337.49,31342337
2012-09-20,11.5783,11.5783,11.5783,11.5783,18889000,0.00%,3905242,20112873242,218702.51,0
2012-09-21,11.5783,11.5899,11.5899,11.5783,17823000,0.10%,17373948,20144164948,206566.79,31291705
2012-09-24,11.5899,11.5899,11.5899,11.5899,14742000,0.00%,2631948,20144164948,170858.31,0
2012-09-25,11.5899,11.6015,11.6015,11.5899,11908000,0.10%,22153066,20175594066,138150.66,31429117
2012-09-26,11.6015,11.6015,11.6015,11.6015,16055000,0.00%,6098066,20175594066,186262.08,0
2012-09-27,11.6015,11.6131,11.6131,11.6015,32760000,0.10%,4693512,20206949512,380445.16,31355446
2012-09-28,11.6131,11.6247,11.6247,11.6131,22074000,0.10%,13866855,20238196855,256603.63,31247342
2012-10-03,11.6247,11.6363,11.6363,11.6247,18226000,0.10%,26804966,20269360966,212083.2,31164110
2012-10-04,11.6363,11.6363,11.6363,11.6363,15158000,0.00%,11646966,20269360966,176383.04,0
2012-10-05,11.6363,11.648,11.648,11.6363,17459000,0.10%,25283705,20300456705,203362.43,31095739
2012-10-08,11.648,11.648,11.648,11.648,17108000,0.00%,8175705,20300456705,199273.98,0
2012-10-09,11.648,11.6596,11.6596,11.648,15626000,0.10%,23512665,20331419665,182192.91,30962960
2012-10-10,11.6596,11.6596,11.6596,11.6596,9932000,0.00%,13580665,20331419665,115803.15,0
2012-10-11,11.6596,11.6713,11.6713,11.6596,15444000,0.10%,29027099,20362310099,180251.56,30890434
2012-10-12,11.6713,11.6713,11.6713,11.6713,8476000,0.00%,20551099,20362310099,98925.94,0
2012-10-15,11.6713,11.6713,11.6713,11.6713,9412000,0.00%,11139099,20362310099,109850.28,0
2012-10-16,11.6713,11.6713,11.6713,11.6713,9100000,0.00%,2039099,20362310099,106208.83,0
2012-10-17,11.6713,11.6829,11.6829,11.6713,14573000,0.10%,18572583,20393416583,170254.9,31106483
2012-10-18,11.6829,11.6829,11.6829,11.6829,16497000,0.00%,2075583,20393416583,192732.8,0
2012-10-19,11.6829,11.6946,11.6946,11.6829,14092000,0.10%,19122321,20424555321,164800.3,31138738
2012-10-22,11.6946,11.6946,11.6946,11.6946,13312000,0.00%,5810321,20424555321,155678.52,0
2012-10-24,11.6946,11.7063,11.7063,11.6946,23517000,0.10%,13403815,20455665815,275297.06,31110493
2012-10-25,11.7063,11.718,11.718,11.7063,24167000,0.10%,20270591,20486699591,283188.91,31033776
2012-10-26,11.718,11.7297,11.7297,11.718,20722000,0.10%,30604927,20517755927,243062.84,31056335
2012-10-29,11.7297,11.7297,11.7297,11.7297,13962000,0.00%,16642927,20517755927,163770.07,0
2012-10-30,11.7297,11.7415,11.7415,11.7297,20007000,0.10%,27678243,20548798243,234912.19,31042316
2012-10-31,11.7415,11.7415,11.7415,11.7415,17550000,0.00%,10128243,20548798243,206063.33,0
2012-11-01,11.7415,11.7532,11.7532,11.7415,17355000,0.10%,23743713,20579768713,203976.79,30970470
2012-11-02,11.7532,11.7532,11.7532,11.7532,19032000,0.00%,4711713,20579768713,223686.9,0
2012-11-05,11.7532,11.765,11.765,11.7532,16549000,0.10%,19159484,20610765484,194698.99,30996770
2012-11-06,11.765,11.765,11.765,11.765,14859000,0.00%,4300484,20610765484,174816.14,0
2012-11-07,11.765,11.7767,11.7767,11.765,16120000,0.10%,19235333,20641820333,189840.4,31054849
2012-11-08,11.7767,11.7885,11.7885,11.7767,19565000,0.10%,30903282,20673053282,230642.0,31232948
2012-11-09,11.7885,11.7885,11.7885,11.7885,20995000,0.00%,9908282,20673053282,247499.56,0
2012-11-12,11.7885,11.8003,11.8003,11.7885,17901000,0.10%,23395462,20704441462,211237.17,31388180
2012-11-13,11.8003,11.8003,11.8003,11.8003,22711000,0.00%,684462,20704441462,267996.61,0
2012-11-14,11.8003,11.8121,11.8121,11.8003,19071000,0.10%,13549331,20736377331,225268.56,31935868
2012-11-15,11.8121,11.8357,11.8357,11.8121,73879000,0.20%,3813298,20800520298,874409.68,64142967
2012-11-16,11.8357,11.8594,11.8594,11.8357,57525000,0.20%,10211033,20864443033,682211.98,63922734
2012-11-19,11.8594,11.8713,11.8713,11.8594,35412000,0.10%,6634827,20896278827,420386.48,31835794
2012-11-20,11.8713,11.8831,11.8831,11.8713,31070000,0.10%,7371373,20928085373,369207.92,31806545
2012-11-21,11.8831,11.895,11.895,11.8831,27989000,0.10%,11065890,20959768890,332929.16,31683516
2012-11-22,11.895,11.9069,11.9069,11.895,18902000,0.10%,23746197,20991351197,225064.22,31582307
2012-11-23,11.9069,11.9188,11.9188,11.9069,24271000,0.10%,31033895,21022909895,289281.19,31558697
2012-11-26,11.9188,11.9188,11.9188,11.9188,21879000,0.00%,9154895,21022909895,260771.43,0
2012-11-27,11.9188,11.9307,11.9307,11.9188,21762000,0.10%,18843377,21054360377,259635.89,31450482
2012-11-28,11.9307,11.9427,11.9427,11.9307,20982000,0.10%,29289900,21085788900,250581.73,31428523
2012-11-29,11.9427,11.9427,11.9427,11.9427,19448000,0.00%,9841900,21085788900,232261.63,0
2012-11-30,11.9427,11.9546,11.9546,11.9427,26806000,0.10%,14165997,21116918997,320455.01,31130096
2012-12-03,11.9546,11.9666,11.9666,11.9546,34931000,0.10%,10295850,21147979850,418005.3,31060853
2012-12-04,11.9666,11.9785,11.9785,11.9666,29627000,0.10%,11619858,21178930858,354887.02,30951007
2012-12-05,11.9785,11.9905,11.9905,11.9785,35425000,0.10%,7116987,21209852987,424763.46,30922129
2012-12-06,11.9905,12.0025,12.0025,11.9905,26013000,0.10%,12011985,21240760985,312221.03,30907997
2012-12-07,12.0025,12.0145,12.0145,12.0025,19084000,0.10%,23861760,21271694760,229284.72,30933775
2012-12-10,12.0145,12.0145,12.0145,12.0145,16432000,0.00%,7429760,21271694760,197422.26,0
2012-12-11,12.0145,12.0265,12.0265,12.0145,19669000,0.10%,18805086,21302739086,236549.23,31044326
2012-12-12,12.0265,12.0385,12.0385,12.0265,21320000,0.10%,28436194,21333690194,256660.82,30951107
2012-12-13,12.0385,12.0385,12.0385,12.0385,19058000,0.00%,9378194,21333690194,229429.73,0
2012-12-14,12.0385,12.0506,12.0506,12.0385,14690000,0.10%,25769305,21364771305,177023.31,31081110
2012-12-17,12.0506,12.0506,12.0506,12.0506,21671000,0.00%,4098305,21364771305,261148.55,0
2012-12-18,12.0506,12.0626,12.0626,12.0506,15834000,0.10%,19427451,21395934451,190999.21,31163146
2012-12-19,12.0626,12.0747,12.0747,12.0626,22880000,0.10%,27731871,21427118871,276269.14,31184420
2012-12-20,12.0747,12.0747,12.0747,12.0747,21736000,0.00%,5995871,21427118871,262455.68,0
2012-12-21,12.0747,12.0868,12.0868,12.0747,18564000,0.10%,18590821,21458277821,224379.36,31158949
2012-12-24,12.0868,12.0868,12.0868,12.0868,6227000,0.00%,12363821,21458277821,75264.5,0
2012-12-27,12.0868,12.0989,12.0989,12.0868,18070000,0.10%,25460028,21489444028,218627.12,31166206
2012-12-28,12.0989,12.0989,12.0989,12.0989,14456000,0.00%,11004028,21489444028,174901.7,0
2012-12-31,12.0989,12.0989,12.0989,12.0989,8567000,0.00%,2437028,21489444028,103651.28,0
2013-01-02,12.0989,12.1231,12.1231,12.0989,37366000,0.20%,27813322,21552186322,452991.75,62742293
2013-01-03,12.1231,12.1352,12.1352,12.1231,31541999,0.10%,27643535,21583558535,382768.48,31372213
2013-01-04,12.1352,12.1352,12.1352,12.1352,18424000,0.00%,9219535,21583558535,223578.92,0
2013-01-07,12.1352,12.1473,12.1473,12.1352,27692000,0.10%,12897618,21614928618,336383.03,31370083
2013-01-08,12.1473,12.1595,12.1595,12.1473,20790000,0.10%,23478127,21646299127,252796.01,31370508
2013-01-09,12.1595,12.1716,12.1716,12.1595,23744000,0.10%,31083099,21677648099,289002.47,31348972
2013-01-10,12.1716,12.1716,12.1716,12.1716,21742000,0.00%,9341099,21677648099,264634.93,0
2013-01-11,12.1716,12.1838,12.1838,12.1716,21546000,0.10%,19060938,21708913938,262512.15,31265838
2013-01-14,12.1838,12.196,12.196,12.1838,29637999,0.10%,20665201,21740156201,361465.05,31242263
2013-01-15,12.196,12.2082,12.2082,12.196,23982000,0.10%,27862431,21771335431,292777.05,31179229
2013-01-16,12.2082,12.2204,12.2204,12.2082,51156000,0.10%,7909518,21802538518,625146.78,31203086
2013-01-17,12.2204,12.2449,12.2449,12.2204,55720000,0.20%,14490317,21864839317,682285.83,62300799
2013-01-18,12.2449,12.2571,12.2571,12.2449,34958000,0.10%,10645820,21895952820,428483.7,31113503
2013-01-21,12.2571,12.2694,12.2694,12.2571,28448000,0.10%,13155771,21926910771,349039.89,30957950
2013-01-22,12.2694,12.2816,12.2816,12.2694,17360000,0.10%,26741978,21957856978,213208.58,30946207
2013-01-23,12.2816,12.2816,12.2816,12.2816,22890000,0.00%,3851978,21957856978,281125.82,0
2013-01-24,12.2816,12.2939,12.2939,12.2816,20258000,0.10%,14293072,21988556072,249049.83,30699093
2013-01-25,12.2939,12.3062,12.3062,12.2939,36134000,0.10%,8582004,22018979004,444672.23,30422932
2013-01-28,12.3062,12.3185,12.3185,12.3062,21028000,0.10%,17907090,22049332090,259033.42,30353086
2013-01-29,12.3185,12.3308,12.3308,12.3185,18452000,0.10%,29798138,22079675138,227527.92,30343047
2013-01-30,12.3308,12.3308,12.3308,12.3308,22554000,0.00%,7244138,22079675138,278108.86,0
2013-01-31,12.3308,12.3432,12.3432,12.3308,20692000,0.10%,16766656,22109889656,255405.49,30214518
2013-02-01,12.3432,12.3432,12.3432,12.3432,11942000,0.00%,4824656,22109889656,147402.49,0
2013-02-04,12.3432,12.3555,12.3555,12.3432,14420000,0.10%,20513054,22139998054,178166.31,30108397
2013-02-05,12.3555,12.3555,12.3555,12.3555,18606000,0.00%,1907054,22139998054,229886.43,0
2013-02-06,12.3555,12.3679,12.3679,12.3555,13286000,0.10%,18681367,22170058367,164319.92,30060313
2013-02-07,12.3679,12.3802,12.3802,12.3679,20524000,0.10%,28250306,22200151306,254091.22,30092938
2013-02-08,12.3802,12.3802,12.3802,12.3802,23268000,0.00%,4982306,22200151306,288062.49,0
2013-02-14,12.3802,12.3926,12.3926,12.3802,16435999,0.10%,18757232,22230362232,203684.77,30210925
2013-02-15,12.3926,12.3926,12.3926,12.3926,18718000,0.00%,39232,22230362232,231964.69,0
2013-02-18,12.3926,12.405,12.405,12.3926,16884000,0.10%,13814486,22261021486,209446.02,30659254
2013-02-19,12.405,12.4174,12.4174,12.405,28392000,0.10%,16402344,22292001344,352554.82,30979858
2013-02-20,12.4174,12.4298,12.4298,12.4174,24976000,0.10%,22471369,22323046369,310446.68,31045024
2013-02-21,12.4298,12.4422,12.4422,12.4298,26810000,0.10%,26810797,22354195797,333575.38,31149428
2013-02-22,12.4422,12.4547,12.4547,12.4422,42980000,0.10%,15073393,22385438393,535303.01,31242595
2013-02-25,12.4547,12.4671,12.4671,12.4547,16477999,0.10%,29802312,22416645312,205432.87,31206919
2013-02-26,12.4671,12.4671,12.4671,12.4671,24850000,0.00%,4952312,22416645312,309807.43,0
2013-02-27,12.4671,12.4796,12.4796,12.4671,24360000,0.10%,11881083,22447934083,304003.06,31288771
2013-02-28,12.4796,12.4921,12.4921,12.4796,29595999,0.10%,13656026,22479305026,369716.19,31370942
2013-03-01,12.4921,12.5046,12.5046,12.4921,22344000,0.10%,22734260,22510727260,279402.78,31422234
2013-03-04,12.5046,12.5171,12.5171,12.5046,37254000,0.10%,16906856,22542153856,466312.04,31426595
2013-03-05,12.5171,12.5296,12.5296,12.5171,32731999,0.10%,15645351,22573624351,410118.87,31470495
2013-03-06,12.5296,12.5421,12.5421,12.5296,45794000,0.10%,1441436,22605214436,574352.93,31590084
2013-03-07,12.5421,12.5547,12.5547,12.5421,21378000,0.10%,11716294,22636867294,268394.38,31652858
2013-03-08,12.5547,12.5672,12.5672,12.5547,33628000,0.10%,9873632,22668652632,422609.8,31785337
2013-03-11,12.5672,12.5798,12.5798,12.5672,23716000,0.10%,17957386,22700452386,298342.54,31799754
2013-03-12,12.5798,12.5924,12.5924,12.5798,20664000,0.10%,29008118,22732167118,260209.35,31714731
2013-03-13,12.5924,12.5924,12.5924,12.5924,27342000,0.00%,1666118,22732167118,344301.4,0
2013-03-14,12.5924,12.6176,12.6176,12.5924,40740000,0.20%,24171393,22795412393,514041.02,63245275
2013-03-15,12.6176,12.6681,12.6681,12.6176,122709999,0.40%,27795059,22921746059,1554502.55,126333665
2013-03-18,12.6681,12.6935,12.6935,12.6681,63741999,0.20%,26656776,22984349776,809109.08,62603717
2013-03-19,12.6935,12.7062,12.7062,12.6935,57288000,0.10%,353986,23015334986,727912.79,30985210
2013-03-20,12.7062,12.7316,12.7316,12.7062,44240000,0.20%,17823502,23077044502,563245.98,61709515
2013-03-21,12.7316,12.7826,12.7826,12.7316,120231999,0.40%,20775935,23200228935,1536877.56,123184432
2013-03-22,12.7826,12.821,12.821,12.7826,86576000,0.30%,26147092,23292176092,1109990.9,91947156
2013-03-25,12.821,12.8466,12.8466,12.821,70056000,0.20%,17117931,23353202931,899981.41,61026839
2013-03-26,12.8466,12.8723,12.8723,12.8466,52752000,0.20%,25401443,23414238443,679039.57,61035512
2013-03-27,12.8723,12.8852,12.8852,12.8723,39928000,0.10%,15907919,23444672919,514480.27,30434476
2013-03-28,12.8852,12.8981,12.8981,12.8852,38038000,0.10%,8309414,23475112414,490617.93,30439495
2013-04-02,12.8981,12.9239,12.9239,12.8981,41020000,0.20%,28144793,23535967793,530138.38,60855378
2013-04-03,12.9239,12.9368,12.9368,12.9239,30561999,0.10%,27971513,23566356513,395374.48,30388719
2013-04-05,12.9368,12.9498,12.9498,12.9368,34888000,0.10%,23640660,23596913660,451792.62,30557147
2013-04-08,12.9498,12.9627,12.9627,12.9498,30687999,0.10%,23608043,23627569043,397799.34,30655382
2013-04-09,12.9627,12.9757,12.9757,12.9627,36820000,0.10%,17495938,23658276938,477765.27,30707895
2013-04-10,12.9757,12.9887,12.9887,12.9757,28700000,0.10%,19570135,23689051135,372775.69,30774197
2013-04-11,12.9887,13.0016,13.0016,12.9887,33025999,0.10%,17398974,23719905974,429390.84,30854838
2013-04-12,13.0016,13.0146,13.0146,13.0016,30981999,0.10%,17321880,23750810880,403218.34,30904906
2013-04-15,13.0146,13.0277,13.0277,13.0146,18746000,0.10%,29551475,23781786475,244217.26,30975594
2013-04-16,13.0277,13.0407,13.0407,13.0277,32311999,0.10%,28308878,23812855878,421371.1,31069402
2013-04-17,13.0407,13.0537,13.0537,13.0407,49742000,0.10%,9683601,23843972601,649317.15,31116723
2013-04-18,13.0537,13.0668,13.0668,13.0537,21868000,0.10%,18877360,23875034360,285744.78,31061759
2013-04-19,13.0668,13.0798,13.0798,13.0668,33445999,0.10%,16785934,23906388934,437466.99,31354573
2013-04-22,13.0798,13.0929,13.0929,13.0798,21560000,0.10%,26864247,23938027247,282282.92,31638312
2013-04-23,13.0929,13.0929,13.0929,13.0929,16771999,0.00%,10092247,23938027247,219594.12,0
2013-04-24,13.0929,13.106,13.106,13.0929,21980000,0.10%,19983111,23969898111,288069.88,31870864
2013-04-25,13.106,13.1191,13.1191,13.106,24318000,0.10%,27582515,24001815515,319030.27,31917403
2013-04-26,13.1191,13.1191,13.1191,13.1191,23702000,0.00%,3880515,24001815515,310948.91,0
2013-04-29,13.1191,13.1322,13.1322,13.1191,23926000,0.10%,11637930,24033498930,314201.02,31683415
2013-04-30,13.1322,13.1454,13.1454,13.1322,34580000,0.10%,8859544,24065300544,454567.93,31801613
2013-05-02,13.1454,13.1717,13.1717,13.1454,48020000,0.20%,24225148,24128686148,632505.03,63385603
2013-05-03,13.1717,13.1849,13.1849,13.1717,27888000,0.10%,28006359,24160355359,367700.49,31669210
2013-05-06,13.1849,13.1849,13.1849,13.1849,16954000,0.00%,11052359,24160355359,223536.79,0
2013-05-07,13.1849,13.1849,13.1849,13.1849,9954000,0.00%,1098359,24160355359,131242.49,0
2013-05-08,13.1849,13.198,13.198,13.1849,11984000,0.10%,20737465,24191978465,158164.83,31623106
2013-05-09,13.198,13.198,13.198,13.198,11578000,0.00%,9159465,24191978465,152806.44,0
2013-05-10,13.198,13.2112,13.2112,13.198,11998000,0.10%,28774841,24223591841,158507.98,31613376
2013-05-13,13.2112,13.2112,13.2112,13.2112,17976000,0.00%,10798841,24223591841,237484.53,0
2013-05-14,13.2112,13.2244,13.2244,13.2112,21518000,0.10%,20823091,24255134091,284562.64,31542250
2013-05-15,13.2244,13.2244,13.2244,13.2244,20286000,0.00%,537091,24255134091,268270.18,0
2013-05-16,13.2244,13.2642,13.2642,13.2244,89138000,0.30%,6492842,24350227842,1182344.26,95093751
2013-05-20,13.2642,13.304,13.304,13.2642,87416000,0.30%,14230408,24445381408,1162982.46,95153566
2013-05-21,13.304,13.3306,13.3306,13.304,46619999,0.20%,30830190,24508601190,621472.57,63219781
2013-05-22,13.3306,13.3306,13.3306,13.3306,22106000,0.00%,8724190,24508601190,294686.24,0
2013-05-23,13.3306,13.3439,13.3439,13.3306,38206000,0.10%,1988927,24540071927,509817.04,31470737
2013-05-24,13.3439,13.3573,13.3573,13.3439,31541999,0.10%,1895655,24571520655,421315.96,31448727
2013-05-27,13.3573,13.3706,13.3706,13.3573,15805999,0.10%,17733061,24603164061,211335.7,31643405
2013-05-28,13.3706,13.384,13.384,13.3706,19460000,0.10%,29981260,24634872260,260452.64,31708199
2013-05-29,13.384,13.384,13.384,13.384,28336000,0.00%,1645260,24634872260,379249.02,0
2013-05-30,13.384,13.3974,13.3974,13.384,25396000,0.10%,8086780,24666709780,340240.37,31837519
2013-05-31,13.3974,13.4108,13.4108,13.3974,27580000,0.10%,12481028,24698684028,369869.86,31974247
2013-06-03,13.4108,13.4242,13.4242,13.4108,24556000,0.10%,19944668,24730703668,329644.66,32019640
2013-06-04,13.4242,13.4376,13.4376,13.4242,20510000,0.10%,31665031,24762934031,275605.18,32230363
2013-06-05,13.4376,13.4376,13.4376,13.4376,17234000,0.00%,14431031,24762934031,231583.6,0
2013-06-06,13.4376,13.4511,13.4511,13.4376,24290000,0.10%,22692635,24795485635,326727.22,32551603
2013-06-07,13.4511,13.4645,13.4645,13.4511,23030000,0.10%,32265377,24828088377,310087.43,32602741
2013-06-10,13.4645,13.4645,13.4645,13.4645,26754000,0.00%,5511377,24828088377,360229.23,0
2013-06-11,13.4645,13.478,13.478,13.4645,24528000,0.10%,13726477,24860831477,330588.38,32743100
2013-06-13,13.478,13.505,13.505,13.478,47810000,0.20%,31635441,24926550441,645674.05,65718963
2013-06-14,13.505,13.505,13.505,13.505,20748000,0.00%,10887441,24926550441,280201.74,0
2013-06-17,13.505,13.5185,13.5185,13.505,22890000,0.10%,21168421,24959721421,309438.47,33170980
2013-06-18,13.5185,13.532,13.532,13.5185,22792000,0.10%,32433656,24993778656,308421.34,34057234
2013-06-19,13.532,13.5455,13.5455,13.532,32465999,0.10%,34457606,25028268606,439768.2,34489950
2013-06-20,13.5455,13.5591,13.5591,13.5455,43484000,0.10%,25830265,25063125265,589603.9,34856659
2013-06-21,13.5591,13.5862,13.5862,13.5591,61543999,0.20%,34511885,25133350885,836149.09,70225619
2013-06-24,13.5862,13.5998,13.5998,13.5862,39410000,0.10%,30989092,25169238092,535968.12,35887207
2013-06-25,13.5998,13.6134,13.6134,13.5998,47992000,0.10%,19440815,25205681815,653334.29,36443723
2013-06-26,13.6134,13.627,13.627,13.6134,36078000,0.10%,20172006,25242491006,491634.91,36809191
2013-06-27,13.627,13.6406,13.6406,13.627,35910000,0.10%,21329472,25279558472,489833.95,37067465
2013-06-28,13.6406,13.6543,13.6543,13.6406,35546000,0.10%,23012770,25316787770,485355.75,37229298
2013-07-02,13.6543,13.6679,13.6679,13.6543,28546000,0.10%,31760570,25354081570,390163.87,37293800
2013-07-03,13.6679,13.6816,13.6816,13.6679,33403999,0.10%,35733425,25391458425,457020.17,37376854
2013-07-04,13.6816,13.6816,13.6816,13.6816,20440000,0.00%,15293425,25391458425,279651.9,0
2013-07-05,13.6816,13.6953,13.6953,13.6816,16982000,0.10%,35807777,25428954777,232573.58,37496352
2013-07-08,13.6953,13.6953,13.6953,13.6953,27230000,0.00%,8577777,25428954777,372923.02,0
2013-07-09,13.6953,13.709,13.709,13.6953,19348000,0.10%,26970424,25466695424,265241.73,37740646
2013-07-10,13.709,13.709,13.709,13.709,21252000,0.00%,5718424,25466695424,291343.67,0
2013-07-11,13.709,13.7227,13.7227,13.709,22008000,0.10%,21496343,25504481343,302009.18,37785918
2013-07-12,13.7227,13.7227,13.7227,13.7227,13132000,0.00%,8364343,25504481343,180206.5,0
2013-07-15,13.7227,13.7364,13.7364,13.7227,36764000,0.10%,9507156,25542388156,505005.01,37906813
2013-07-16,13.7364,13.7501,13.7501,13.7364,41300000,0.10%,6226560,25580407560,567879.13,38019403
2013-07-17,13.7501,13.7639,13.7639,13.7501,33193999,0.10%,11188139,25618563139,456878.9,38155579
2013-07-18,13.7639,13.7776,13.7776,13.7639,22526000,0.10%,26676151,25656577151,310354.22,38014012
2013-07-19,13.7776,13.7914,13.7914,13.7776,35098000,0.10%,29649886,25694648886,484050.56,38071734
2013-07-22,13.7914,13.7914,13.7914,13.7914,20762000,0.00%,8887886,25694648886,286337.05,0
2013-07-23,13.7914,13.8052,13.8052,13.7914,24542000,0.10%,22404651,25732707651,338807.22,38058765
2013-07-24,13.8052,13.8052,13.8052,13.8052,17458000,0.00%,4946651,25732707651,241011.18,0
2013-07-25,13.8052,13.819,13.819,13.8052,22609999,0.10%,20391320,25770762320,312447.59,38054668
2013-07-26,13.819,13.8328,13.8328,13.819,43890000,0.10%,14581208,25808842208,607121.59,38079888
2013-07-29,13.8328,13.8467,13.8467,13.8328,34622000,0.10%,18007877,25846890877,479400.45,38048668
2013-07-30,13.8467,13.8605,13.8605,13.8467,46312000,0.10%,9856320,25885051320,641907.48,38160443
2013-07-31,13.8605,13.8882,13.8882,13.8605,49826000,0.20%,36816486,25961837486,691993.45,76786166
2013-08-01,13.8882,13.8882,13.8882,13.8882,31163999,0.00%,5652486,25961837486,432811.86,0
2013-08-02,13.8882,13.9021,13.9021,13.8882,23660000,0.10%,20372858,26000217858,328923.69,38380371
2013-08-05,13.9021,13.916,13.916,13.9021,28056000,0.10%,30486573,26038387573,390427.3,38169715
2013-08-06,13.916,13.916,13.916,13.916,27608000,0.00%,2878573,26038387573,384192.93,0
2013-08-07,13.916,13.9299,13.9299,13.916,34188000,0.10%,6650200,26076347200,476235.42,37959626
2013-08-08,13.9299,13.9439,13.9439,13.9299,28182000,0.10%,16369638,26114248638,392966.99,37901438
2013-08-09,13.9439,13.9439,13.9439,13.9439,16281999,0.00%,87638,26114248638,227034.58,0
2013-08-12,13.9439,13.9578,13.9578,13.9439,22624000,0.10%,15388704,26152173704,315781.27,37925066
2013-08-13,13.9578,13.9718,13.9718,13.9578,21406000,0.10%,31965708,26190156708,299080.35,37983003
2013-08-15,13.9718,13.9997,13.9997,13.9718,82950000,0.20%,26202345,26267343345,1161275.11,77186637
2013-08-16,13.9997,14.0137,14.0137,13.9997,34118000,0.10%,31101503,26306360503,478119.42,39017158
2013-08-19,14.0137,14.0137,14.0137,14.0137,15343999,0.00%,15757503,26306360503,215026.21,0
2013-08-20,14.0137,14.0278,14.0278,14.0137,31373999,0.10%,23583294,26345560294,440108.2,39199791
2013-08-21,14.0278,14.0418,14.0418,14.0278,25074000,0.10%,37880063,26384931063,352084.09,39370768
2013-08-22,14.0418,14.0418,14.0418,14.0418,31499999,0.00%,6380063,26384931063,442316.7,0
2013-08-23,14.0418,14.0558,14.0558,14.0418,23407999,0.10%,22452422,26424411422,329018.17,39480359
2013-08-26,14.0558,14.0558,14.0558,14.0558,14909999,0.00%,7542422,26424411422,209571.98,0
2013-08-27,14.0558,14.0699,14.0699,14.0558,20104000,0.10%,27077807,26464050807,282861.27,39639384
2013-08-28,14.0699,14.0699,14.0699,14.0699,19194000,0.00%,7883807,26464050807,270057.66,0
2013-08-29,14.0699,14.0839,14.0839,14.0699,17360000,0.10%,30384025,26503911025,244496.5,39860218
2013-08-30,14.0839,14.0839,14.0839,14.0839,16687999,0.00%,13696025,26503911025,235032.12,0
2013-09-02,14.0839,14.098,14.098,14.0839,28112000,0.10%,25370156,26543697156,396322.98,39786131
2013-09-03,14.098,14.1121,14.1121,14.098,27090000,0.10%,37855356,26583272356,382296.79,39575200
2013-09-04,14.1121,14.1121,14.1121,14.1121,24920000,0.00%,12935356,26583272356,351673.53,0
2013-09-05,14.1121,14.1262,14.1262,14.1121,32297999,0.10%,20007200,26622642200,456248.01,39369844
2013-09-06,14.1262,14.1404,14.1404,14.1262,25354000,0.10%,33949357,26661938357,358515.7,39296156
2013-09-09,14.1404,14.1404,14.1404,14.1404,20510000,0.00%,13439357,26661938357,290019.6,0
2013-09-10,14.1404,14.1545,14.1545,14.1404,25634000,0.10%,27324632,26701457632,362836.45,39519274
2013-09-11,14.1545,14.1545,14.1545,14.1545,27244000,0.00%,80632,26701457632,385625.2,0
2013-09-12,14.1545,14.1687,14.1687,14.1545,28182000,0.10%,11462737,26741021737,399302.3,39564104
2013-09-13,14.1687,14.1828,14.1828,14.1687,24080000,0.10%,26999671,26780638671,341521.82,39616934
2013-09-16,14.1828,14.1828,14.1828,14.1828,26180000,0.00%,819671,26780638671,371305.7,0
2013-09-17,14.1828,14.197,14.197,14.1828,34034000,0.10%,6769890,26820622890,483180.7,39984218
2013-09-18,14.197,14.2112,14.2112,14.197,45234000,0.10%,1821216,26860908216,642829.42,40285325
2013-09-19,14.2112,14.2396,14.2396,14.2112,45626000,0.20%,37060234,26941773234,649695.99,80865017
2013-09-23,14.2396,14.2396,14.2396,14.2396,25438000,0.00%,11622234,26941773234,362226.94,0
2013-09-24,14.2396,14.2539,14.2539,14.2396,29497999,0.10%,22872176,26982521176,420461.54,40747942
2013-09-25,14.2539,14.2539,14.2539,14.2539,18844000,0.00%,4028176,26982521176,268600.49,0
2013-09-26,14.2539,14.2681,14.2681,14.2539,18746000,0.10%,26338868,27023577868,267469.8,41056691
2013-09-27,14.2681,14.2681,14.2681,14.2681,23226000,0.00%,3112868,27023577868,331390.89,0
2013-09-30,14.2681,14.2824,14.2824,14.2681,25830000,0.10%,18474330,27064769330,368914.39,41191461
2013-10-02,14.2824,14.2967,14.2967,14.2824,25732000,0.10%,33942100,27105969100,367882.68,41199770
2013-10-03,14.2967,14.2967,14.2967,14.2967,16029999,0.00%,17912100,27105969100,229176.1,0
2013-10-04,14.2967,14.2967,14.2967,14.2967,17304000,0.00%,608100,27105969100,247390.1,0
2013-10-07,14.2967,14.311,14.311,14.2967,14196000,0.10%,27678094,27147235094,203158.96,41265993
2013-10-08,14.311,14.311,14.311,14.311,24248000,0.00%,3430094,27147235094,347013.13,0
2013-10-09,14.311,14.3253,14.3253,14.311,36050000,0.10%,8735334,27188590334,516427.07,41355240
2013-10-10,14.3253,14.3396,14.3396,14.3253,26460000,0.10%,23542399,27229857399,379425.82,41267064
2013-10-11,14.3396,14.3396,14.3396,14.3396,23198000,0.00%,344399,27229857399,332650.04,0
2013-10-15,14.3396,14.354,14.354,14.3396,23772000,0.10%,18058677,27271343677,341223.29,41486278
2013-10-16,14.354,14.354,14.354,14.354,12684000,0.00%,5374677,27271343677,182066.14,0
2013-10-17,14.354,14.3683,14.3683,14.354,11340000,0.10%,35667401,27312976401,162936.52,41632724
2013-10-18,14.3683,14.3683,14.3683,14.3683,22946000,0.00%,12721401,27312976401,329695.01,0
2013-10-21,14.3683,14.3827,14.3827,14.3683,34594000,0.10%,19937415,27354786415,497555.12,41810013
2013-10-22,14.3827,14.3971,14.3971,14.3827,27664000,0.10%,34110606,27396623606,398281.37,41837191
2013-10-23,14.3971,14.3971,14.3971,14.3971,21616000,0.00%,12494606,27396623606,311207.71,0
2013-10-24,14.3971,14.4115,14.4115,14.3971,24626000,0.10%,29657666,27438412666,354897.6,41789059
2013-10-25,14.4115,14.4115,14.4115,14.4115,19068000,0.00%,10589666,27438412666,274798.48,0
2013-10-28,14.4115,14.4259,14.4259,14.4115,19488000,0.10%,33131434,27480442434,281131.94,42029768
2013-10-29,14.4259,14.4403,14.4403,14.4259,46619999,0.10%,28723697,27522654697,673206.79,42212262
2013-10-30,14.4403,14.4403,14.4403,14.4403,24808000,0.00%,3915697,27522654697,358234.96,0
2013-10-31,14.4403,14.4547,14.4547,14.4403,21742000,0.10%,24584566,27565065566,314274.09,42410869
2013-11-01,14.4547,14.4547,14.4547,14.4547,17542000,0.00%,7042566,27565065566,253564.35,0
2013-11-04,14.4547,14.4692,14.4692,14.4547,24346000,0.10%,24995002,27607364002,352267.14,42298435
2013-11-05,14.4692,14.4837,14.4837,14.4692,32535999,0.10%,34738314,27649643314,471241.66,42279312
2013-11-06,14.4837,14.4837,14.4837,14.4837,16099999,0.00%,18638314,27649643314,233187.57,0
2013-11-07,14.4837,14.4981,14.4981,14.4837,20538000,0.10%,40361436,27691904436,297761.98,42261121
2013-11-08,14.4981,14.4981,14.4981,14.4981,32325999,0.00%,8035436,27691904436,468665.58,0
2013-11-11,14.4981,14.5126,14.5126,14.4981,27762000,0.10%,22331094,27733962094,402898.8,42057658
2013-11-12,14.5126,14.5272,14.5272,14.5126,29330000,0.10%,35043935,27776004935,426082.78,42042840
2013-11-13,14.5272,14.5417,14.5417,14.5272,50904000,0.10%,26753535,27818618535,740230.7,42613599
2013-11-14,14.5417,14.5562,14.5562,14.5417,68810000,0.10%,623087,27861298087,1001612.12,42679552
2013-11-15,14.5562,14.5708,14.5708,14.5562,33543999,0.10%,9539394,27903758394,488762.92,42460306
2013-11-18,14.5708,14.5854,14.5854,14.5708,47726000,0.10%,4338225,27946283225,696102.8,42524830
2013-11-19,14.5854,14.5999,14.5999,14.5854,27748000,0.10%,19110715,27988803715,405118.03,42520489
2013-11-20,14.5999,14.6145,14.6145,14.5999,29371999,0.10%,32353258,28031418258,429257.09,42614543
2013-11-21,14.6145,14.6145,14.6145,14.6145,21518000,0.00%,10835258,28031418258,314474.81,0
2013-11-22,14.6145,14.6292,14.6292,14.6145,18900000,0.10%,34542440,28074025440,276491.88,42607181
2013-11-25,14.6292,14.6438,14.6438,14.6292,44842000,0.10%,32328290,28116653290,656657.28,42627850
2013-11-26,14.6438,14.6438,14.6438,14.6438,25970000,0.00%,6358290,28116653290,380299.49,0
2013-11-27,14.6438,14.6584,14.6584,14.6438,36652000,0.10%,12268468,28159215468,537259.68,42562177
2013-11-28,14.6584,14.6731,14.6731,14.6584,31989999,0.10%,22801009,28201738009,469392.47,42522540
2013-11-29,14.6731,14.6731,14.6731,14.6731,20636000,0.00%,2165009,28201738009,302794.09,0
2013-12-02,14.6731,14.6878,14.6878,14.6731,19824000,0.10%,25064193,28244461193,291170.95,42723184
2013-12-03,14.6878,14.6878,14.6878,14.6878,22526000,0.00%,2538193,28244461193,330857.38,0
2013-12-04,14.6878,14.7024,14.7024,14.6878,24570000,0.10%,20910201,28287403201,361237.97,42942007
2013-12-05,14.7024,14.7172,14.7172,14.7024,24710000,0.10%,39150626,28330353626,363662.01,42950425
2013-12-06,14.7172,14.7172,14.7172,14.7172,37590000,0.00%,1560626,28330353626,553219.55,0
2013-12-09,14.7172,14.7319,14.7319,14.7172,26096000,0.10%,18437636,28373326636,384443.66,42973010
2013-12-10,14.7319,14.7319,14.7319,14.7319,16729999,0.00%,1707636,28373326636,246464.69,0
2013-12-11,14.7319,14.7466,14.7466,14.7319,38066000,0.10%,6790603,28416475603,561344.08,43148966
2013-12-12,14.7466,14.7613,14.7613,14.7466,22735999,0.10%,27190159,28459611159,335612.92,43135556
2013-12-13,14.7613,14.7613,14.7613,14.7613,24010000,0.00%,3180159,28459611159,354418.81,0
2013-12-16,14.7613,14.7761,14.7761,14.7613,19292000,0.10%,27185799,28502908799,285060.52,43297640
2013-12-17,14.7761,14.7761,14.7761,14.7761,22022000,0.00%,5163799,28502908799,325399.27,0
2013-12-18,14.7761,14.7909,14.7909,14.7761,20734000,0.10%,28146249,28546625249,306674.52,43716449
2013-12-19,14.7909,14.7909,14.7909,14.7909,22106000,0.00%,6040249,28546625249,326967.64,0
2013-12-20,14.7909,14.8057,14.8057,14.7909,31247999,0.10%,18729305,28590562305,462648.51,43937056
2013-12-23,14.8057,14.8205,14.8205,14.8057,20566000,0.10%,42122306,28634521306,304798.4,43959001
2013-12-24,14.8205,14.8205,14.8205,14.8205,16015999,0.00%,26106306,28634521306,237365.13,0
2013-12-27,14.8205,14.8205,14.8205,14.8205,24556000,0.00%,1550306,28634521306,363932.2,0
2013-12-30,14.8205,14.8353,14.8353,14.8205,27160000,0.10%,18552900,28678683900,402926.75,44162593
2013-12-31,14.8353,14.8501,14.8501,14.8353,20748000,0.10%,41972298,28722851298,308109.87,44167397
2014-01-02,14.8501,14.8501,14.8501,14.8501,24150000,0.00%,17822298,28722851298,358629.92,0
2014-01-03,14.8501,14.865,14.865,14.8501,27900000,0.10%,34119928,28767048928,414733.5,44197630
2014-01-06,14.865,14.865,14.865,14.865,30570000,0.00%,3549928,28767048928,454423.05,0
2014-01-07,14.865,14.8799,14.8799,14.865,22530000,0.10%,25150205,28811179205,335244.15,44130276
2014-01-08,14.8799,14.8947,14.8947,14.8799,28305000,0.10%,41068920,28855402920,421594.48,44223715
2014-01-09,14.8947,14.8947,14.8947,14.8947,33720000,0.00%,7348920,28855402920,502249.28,0
2014-01-10,14.8947,14.9096,14.9096,14.8947,27645000,0.10%,23978517,28899677517,412175.89,44274596
2014-01-13,14.9096,14.9096,14.9096,14.9096,19995000,0.00%,3983517,28899677517,298117.45,0
2014-01-14,14.9096,14.9245,14.9245,14.9096,20310000,0.10%,27999300,28944003300,303116.6,44325783
2014-01-15,14.9245,14.9395,14.9395,14.9245,29850000,0.10%,42416730,28988270730,445944.08,44267430
2014-01-16,14.9395,14.9395,14.9395,14.9395,39435000,0.00%,2981730,28988270730,589139.18,0
2014-01-17,14.9395,14.9694,14.9694,14.9395,50610000,0.20%,41041612,29076940612,757601.33,88669882
2014-01-20,14.9694,14.9694,14.9694,14.9694,35460000,0.00%,5581612,29076940612,530814.92,0
2014-01-21,14.9694,14.9843,14.9843,14.9694,30180000,0.10%,19755106,29121294106,452226.17,44353493
2014-01-22,14.9843,14.9993,14.9993,14.9843,42015000,0.10%,22165446,29165719446,630195.59,44425340
2014-01-23,14.9993,15.0143,15.0143,14.9993,31005000,0.10%,35580114,29210139114,465518.37,44419668
2014-01-24,15.0143,15.0293,15.0293,15.0143,61920000,0.10%,18100060,29254579060,930614.26,44439945
2014-01-27,15.0293,15.0594,15.0594,15.0293,65535000,0.20%,41786719,29343800719,986917.78,89221659
2014-01-28,15.0594,15.0745,15.0745,15.0594,67605000,0.10%,18736849,29388355849,1019111.57,44555129
2014-01-29,15.0745,15.1046,15.1046,15.0745,88275000,0.20%,19399002,29477293002,1333358.56,88937153
2014-01-30,15.1046,15.1197,15.1197,15.1046,60975000,0.10%,2617840,29521486840,921923.71,44193837
2014-02-04,15.1197,15.15,15.15,15.1197,73065000,0.20%,17710230,29609644230,1106934.75,88157390
2014-02-05,15.15,15.1651,15.1651,15.15,51105000,0.10%,10671943,29653710943,775012.44,44066713
2014-02-06,15.1651,15.1803,15.1803,15.1651,44460000,0.10%,10105587,29697604587,674916.14,43893643
2014-02-07,15.1803,15.1955,15.1955,15.1803,51135000,0.10%,2508027,29741142027,777021.89,43537439
2014-02-10,15.1955,15.2259,15.2259,15.1955,49155000,0.20%,40403588,29828192588,748429.11,87050561
2014-02-11,15.2259,15.2259,15.2259,15.2259,37740000,0.00%,2663588,29828192588,574625.47,0
2014-02-12,15.2259,15.2411,15.2411,15.2259,41295000,0.10%,5032584,29871856584,629381.22,43663996
2014-02-13,15.2411,15.2563,15.2563,15.2411,39495000,0.10%,9492869,29915811869,602547.57,43955284
2014-02-14,15.2563,15.2716,15.2716,15.2563,42555000,0.10%,11335637,29960209637,649882.94,44397768
2014-02-17,15.2716,15.2869,15.2869,15.2716,48420000,0.10%,7446199,30004740199,740191.7,44530561
2014-02-18,15.2869,15.3022,15.3022,15.2869,44400000,0.10%,7835648,30049529648,679417.68,44789449
2014-02-19,15.3022,15.3175,15.3175,15.3022,37035000,0.10%,15658698,30094387698,567283.61,44858049
2014-02-20,15.3175,15.3481,15.3481,15.3175,64125000,0.20%,41462505,30184316505,984196.91,89928807
2014-02-21,15.3481,15.3635,15.3635,15.3481,45060000,0.10%,41293642,30229207642,692279.31,44891136
2014-02-24,15.3635,15.3635,15.3635,15.3635,23790000,0.00%,17503642,30229207642,365497.66,0
2014-02-25,15.3635,15.3788,15.3788,15.3635,38970000,0.10%,23672804,30274346804,599311.84,45139161
2014-02-26,15.3788,15.3942,15.3942,15.3788,37530000,0.10%,31352963,30319556963,577744.33,45210158
2014-02-27,15.3942,15.4096,15.4096,15.3942,71820000,0.10%,4890737,30364914737,1106717.47,45357774
2014-02-28,15.4096,15.425,15.425,15.4096,47490000,0.10%,2795821,30410309821,732533.25,45395083
2014-03-03,15.425,15.4559,15.4559,15.425,50655000,0.20%,42864147,30501033147,782918.61,90723326
2014-03-04,15.4559,15.4559,15.4559,15.4559,41115000,0.00%,1749147,30501033147,635469.33,0
2014-03-05,15.4559,15.4713,15.4713,15.4559,33585000,0.10%,13459868,30546328868,519603.61,45295720
2014-03-06,15.4713,15.4868,15.4868,15.4713,32175000,0.10%,26618465,30591662465,498287.79,45333597
2014-03-07,15.4868,15.5023,15.5023,15.4868,38010000,0.10%,34003696,30637057696,589242.42,45395230
2014-03-10,15.5023,15.5178,15.5178,15.5023,46425000,0.10%,33055427,30682534427,720413.86,45476731
2014-03-11,15.5178,15.5178,15.5178,15.5178,28290000,0.00%,4765427,30682534427,438998.56,0
2014-03-12,15.5178,15.5488,15.5488,15.5178,69735000,0.20%,26014291,30773518291,1084295.57,90983863
2014-03-13,15.5488,15.5644,15.5644,15.5488,52425000,0.10%,19159785,30819088785,815963.67,45570493
2014-03-14,15.5644,15.5955,15.5955,15.5644,102585000,0.20%,7685392,30910199392,1599864.37,91110606
2014-03-17,15.5955,15.6267,15.6267,15.5955,77340000,0.20%,21209298,31001063298,1208568.98,90863906
2014-03-18,15.6267,15.658,15.658,15.6267,72060000,0.20%,39858407,31091772407,1128315.48,90709109
2014-03-19,15.658,15.6737,15.6737,15.658,53355000,0.10%,31829148,31137098148,836270.26,45325740
2014-03-20,15.6737,15.6893,15.6893,15.6737,68100000,0.10%,9036164,31182405164,1068441.33,45307015
2014-03-21,15.6893,15.7207,15.7207,15.6893,56520000,0.20%,42889878,31272778878,888533.96,90373713
2014-03-24,15.7207,15.7365,15.7365,15.7207,45750000,0.10%,42378411,31318017411,719944.88,45238533
2014-03-25,15.7365,15.7522,15.7522,15.7365,60195000,0.10%,27414713,31363248713,948203.68,45231301
2014-03-26,15.7522,15.7679,15.7679,15.7522,48389999,0.10%,24185217,31408409217,763008.68,45160504
2014-03-27,15.7679,15.8153,15.8153,15.7679,127005000,0.30%,32822594,31544051594,2008622.18,135642377
2014-03-28,15.8153,15.8311,15.8311,15.8153,52440000,0.10%,25465787,31589134787,830182.88,45083192
2014-03-31,15.8311,15.8469,15.8469,15.8311,44145000,0.10%,26400086,31634214086,699561.4,45079299
2014-04-01,15.8469,15.8628,15.8628,15.8469,46875000,0.10%,24684285,31679373285,743568.75,45159199
2014-04-02,15.8628,15.8787,15.8787,15.8628,38970000,0.10%,30951627,31724610627,618792.94,45237342
2014-04-03,15.8787,15.8945,15.8945,15.8787,41805000,0.10%,34543988,31770007988,664469.57,45397360
2014-04-04,15.8945,15.9104,15.9104,15.8945,71865000,0.10%,8149240,31815478240,1143400.9,45470251
2014-04-07,15.9104,15.9423,15.9423,15.9104,85770000,0.20%,13440891,31906539891,1367371.07,91061651
2014-04-08,15.9423,15.9742,15.9742,15.9423,63150000,0.20%,41470941,31997719941,1008770.73,91180049
2014-04-09,15.9742,15.9901,15.9901,15.9742,55380000,0.10%,31722264,32043351264,885531.74,45631323
2014-04-10,15.9901,16.0221,16.0221,15.9901,96404999,0.20%,26591441,32134625441,1544610.55,91274176
2014-04-11,16.0221,16.0542,16.0542,16.0221,84570000,0.20%,33134429,32225738429,1357703.69,91112987
2014-04-14,16.0542,16.0702,16.0702,16.0542,47550000,0.10%,31113838,32271267838,764138.01,45529409
2014-04-15,16.0702,16.0863,16.0863,16.0702,31320000,0.10%,45466418,32316940418,503822.92,45672579
2014-04-16,16.0863,16.0863,16.0863,16.0863,30960000,0.00%,14506418,32316940418,498031.85,0
2014-04-17,16.0863,16.1024,16.1024,16.0863,30165000,0.10%,30493266,32363092266,485728.9,46151847
2014-04-22,16.1024,16.1024,16.1024,16.1024,25215000,0.00%,5278266,32363092266,406022.02,0
2014-04-23,16.1024,16.1185,16.1185,16.1024,40305000,0.10%,11475364,32409594364,649656.14,46502097
2014-04-24,16.1185,16.1346,16.1346,16.1185,23640000,0.10%,34449976,32456208976,381421.94,46614612
2014-04-25,16.1346,16.1346,16.1346,16.1346,24690000,0.00%,9759976,32456208976,398363.27,0
2014-04-28,16.1346,16.1508,16.1508,16.1346,36735000,0.10%,20532511,32503716511,593299.64,47507534
2014-04-29,16.1508,16.1669,16.1669,16.1508,54750000,0.10%,13757547,32551691547,885137.77,47975036
2014-04-30,16.1669,16.1993,16.1993,16.1669,80790000,0.20%,30123447,32648847447,1308741.45,97155899
2014-05-02,16.1993,16.2155,16.2155,16.1993,44160000,0.10%,34793507,32697677507,716076.48,48830060
2014-05-05,16.2155,16.2155,16.2155,16.2155,28830000,0.00%,5963507,32697677507,467492.86,0
2014-05-07,16.2155,16.2479,16.2479,16.2155,61110000,0.20%,44029812,32796853812,992909.17,99176304
2014-05-08,16.2479,16.2642,16.2642,16.2479,47895000,0.10%,45843420,32846562420,778973.86,49708608
2014-05-09,16.2642,16.2642,16.2642,16.2642,31830000,0.00%,14013420,32846562420,517689.49,0
2014-05-12,16.2642,16.2967,16.2967,16.2642,64740000,0.20%,49130856,32946419856,1055048.36,99857436
2014-05-13,16.2967,16.2967,16.2967,16.2967,40830000,0.00%,8300856,32946419856,665394.26,0
2014-05-14,16.2967,16.313,16.313,16.2967,30075000,0.10%,28101629,32996295629,490613.47,49875773
2014-05-15,16.313,16.3293,16.3293,16.313,77535000,0.10%,560933,33046289933,1266092.28,49994303
2014-05-16,16.3293,16.3456,16.3456,16.3293,32715000,0.10%,17872547,33096316547,534746.3,50026613
2014-05-19,16.3456,16.362,16.362,16.3456,23445000,0.10%,44715328,33146604328,383607.09,50287781
2014-05-20,16.362,16.3783,16.3783,16.362,47865000,0.10%,47355901,33197109901,783947.33,50505573
2014-05-21,16.3783,16.3783,16.3783,16.3783,35505000,0.00%,11850901,33197109901,581511.54,0
2014-05-22,16.3783,16.3947,16.3947,16.3783,40245000,0.10%,22597174,33248101174,659804.7,50991272
2014-05-23,16.3947,16.4111,16.4111,16.3947,28455000,0.10%,45322558,33299281558,466977.85,51180383
2014-05-26,16.4111,16.4111,16.4111,16.4111,18045000,0.00%,27277558,33299281558,296138.3,0
2014-05-27,16.4111,16.4111,16.4111,16.4111,11805000,0.00%,15472558,33299281558,193733.04,0
2014-05-28,16.4111,16.4275,16.4275,16.4111,35775000,0.10%,31217778,33350801778,587693.81,51520219
2014-05-29,16.4275,16.4275,16.4275,16.4275,24165000,0.00%,7052778,33350801778,396970.54,0
2014-05-30,16.4275,16.444,16.444,16.4275,33285000,0.10%,25889153,33402923153,547338.54,52121374
2014-06-03,16.444,16.4604,16.4604,16.444,31395000,0.10%,46840077,33455269077,516774.26,52345924
2014-06-04,16.4604,16.4604,16.4604,16.4604,19320000,0.00%,27520077,33455269077,318014.93,0
2014-06-05,16.4604,16.4604,16.4604,16.4604,22995000,0.00%,4525077,33455269077,378506.9,0
2014-06-06,16.4604,16.4769,16.4769,16.4604,24750000,0.10%,32611501,33508105501,407803.28,52836424
2014-06-09,16.4769,16.4769,16.4769,16.4769,26415000,0.00%,6196501,33508105501,435237.31,0
2014-06-10,16.4769,16.4933,16.4933,16.4769,37185000,0.10%,22262446,33561356446,613303.36,53250944
2014-06-11,16.4933,16.5098,16.5098,16.4933,40485000,0.10%,35077635,33614656635,668399.25,53300188
2014-06-12,16.5098,16.5263,16.5263,16.5098,42900000,0.10%,45879187,33668358187,708978.27,53701551
2014-06-13,16.5263,16.5263,16.5263,16.5263,16920000,0.00%,28959187,33668358187,279625.0,0
2014-06-16,16.5263,16.5263,16.5263,16.5263,17640000,0.00%,11319187,33668358187,291523.93,0
2014-06-17,16.5263,16.5429,16.5429,16.5263,16365000,0.10%,50307811,33723711811,270724.56,55353624
2014-06-18,16.5429,16.5429,16.5429,16.5429,28665000,0.00%,21642811,33723711811,474202.23,0
2014-06-19,16.5429,16.5429,16.5429,16.5429,21345000,0.00%,297811,33723711811,353108.2,0
2014-06-20,16.5429,16.5594,16.5594,16.5429,21765000,0.10%,35276119,33780455119,360415.34,56743307
2014-06-23,16.5594,16.5594,16.5594,16.5594,31680000,0.00%,3596119,33780455119,524601.79,0
2014-06-24,16.5594,16.576,16.576,16.5594,20070000,0.10%,40904008,33837833008,332680.32,57377888
2014-06-25,16.576,16.576,16.576,16.576,23430000,0.00%,17474008,33837833008,388375.68,0
2014-06-26,16.576,16.5925,16.5925,16.576,40830000,0.10%,34490456,33895679456,677471.78,57846447
2014-06-27,16.5925,16.5925,16.5925,16.5925,23505000,0.00%,10985456,33895679456,390006.71,0
2014-06-30,16.5925,16.6091,16.6091,16.5925,28980000,0.10%,41073137,33954747137,481331.72,59067681
2014-07-02,16.6091,16.6257,16.6257,16.6091,53325000,0.10%,46939633,34013938633,886565.45,59191496
2014-07-03,16.6257,16.6257,16.6257,16.6257,33660000,0.00%,13279633,34013938633,559621.06,0
2014-07-04,16.6257,16.6424,16.6424,16.6257,29475000,0.10%,43228845,34073362845,490534.74,59424212
2014-07-07,16.6424,16.6424,16.6424,16.6424,18330000,0.00%,24898845,34073362845,305055.19,0
2014-07-08,16.6424,16.6424,16.6424,16.6424,23400000,0.00%,1498845,34073362845,389432.16,0
2014-07-09,16.6424,16.659,16.659,16.6424,53460000,0.10%,8689572,34134013572,890590.14,60650726
2014-07-10,16.659,16.6757,16.6757,16.659,21150000,0.10%,48249437,34194723437,352691.05,60709865
2014-07-11,16.6757,16.6757,16.6757,16.6757,19920000,0.00%,28329437,34194723437,332179.94,0
2014-07-14,16.6757,16.6757,16.6757,16.6757,15420000,0.00%,12909437,34194723437,257139.29,0
2014-07-15,16.6757,16.6924,16.6924,16.6757,18630000,0.10%,56373628,34256817628,310979.41,62094190
2014-07-16,16.6924,16.6924,16.6924,16.6924,19320000,0.00%,37053628,34256817628,322497.17,0
2014-07-17,16.6924,16.6924,16.6924,16.6924,21945000,0.00%,15108628,34256817628,366314.72,0
2014-07-18,16.6924,16.709,16.709,16.6924,15780000,0.10%,61855670,34319344670,263668.02,62527042
2014-07-21,16.709,16.709,16.709,16.709,17460000,0.00%,44395670,34319344670,291739.14,0
2014-07-22,16.709,16.709,16.709,16.709,34995000,0.00%,9400670,34319344670,584731.45,0
2014-07-23,16.709,16.7258,16.7258,16.709,20190000,0.10%,51921280,34382055280,337693.9,62710609
2014-07-24,16.7258,16.7258,16.7258,16.7258,23790000,0.00%,28131280,34382055280,397906.78,0
2014-07-25,16.7258,16.7425,16.7425,16.7258,29925000,0.10%,60878409,34444727409,501019.31,62672129
2014-07-28,16.7425,16.7425,16.7425,16.7425,42930000,0.00%,17948409,34444727409,718755.53,0
2014-07-29,16.7425,16.7592,16.7592,16.7425,32325000,0.10%,48693076,34507797076,541741.14,63069667
2014-07-30,16.7592,16.7592,16.7592,16.7592,33180000,0.00%,15513076,34507797076,556070.26,0
2014-07-31,16.7592,16.776,16.776,16.7592,30195000,0.10%,49103153,34571582153,506551.32,63785077
2014-08-01,16.776,16.776,16.776,16.776,27300000,0.00%,21803153,34571582153,457984.8,0
2014-08-04,16.776,16.776,16.776,16.776,19935000,0.00%,1868153,34571582153,334429.56,0
2014-08-05,16.776,16.7928,16.7928,16.776,29565000,0.10%,36735512,34636014512,496479.13,64432359
2014-08-06,16.7928,16.7928,16.7928,16.7928,29355000,0.00%,7380512,34636014512,492952.64,0
2014-08-07,16.7928,16.8095,16.8095,16.7928,44310000,0.10%,27921855,34700865855,744828.95,64851342
2014-08-08,16.8095,16.8264,16.8264,16.8095,29865000,0.10%,62852797,34765661797,502520.44,64795942
2014-08-11,16.8264,16.8264,16.8264,16.8264,26295000,0.00%,36557797,34765661797,442450.19,0
2014-08-12,16.8264,16.8264,16.8264,16.8264,22365000,0.00%,14192797,34765661797,376322.44,0
2014-08-13,16.8264,16.8432,16.8432,16.8264,34125000,0.10%,45337473,34830931473,574774.2,65269675
2014-08-14,16.8432,16.86,16.86,16.8432,65220000,0.10%,45251724,34896065724,1099609.2,65134250
2014-08-15,16.86,16.86,16.86,16.86,30675000,0.00%,14576724,34896065724,517180.5,0
2014-08-18,16.86,16.8769,16.8769,16.86,33060000,0.10%,46755971,34961304971,557950.31,65239247
2014-08-19,16.8769,16.8769,16.8769,16.8769,25545000,0.00%,21210971,34961304971,431120.41,0
2014-08-20,16.8769,16.8938,16.8938,16.8769,25815000,0.10%,60689404,35026598404,436113.45,65293433
2014-08-21,16.8938,16.8938,16.8938,16.8938,25980000,0.00%,34709404,35026598404,438900.92,0
2014-08-22,16.8938,16.8938,16.8938,16.8938,18810000,0.00%,15899404,35026598404,317772.38,0
2014-08-25,16.8938,16.8938,16.8938,16.8938,14820000,0.00%,1079404,35026598404,250366.12,0
2014-08-26,16.8938,16.9107,16.9107,16.8938,18525000,0.10%,47575495,35091619495,313270.72,65021090
2014-08-27,16.9107,16.9107,16.9107,16.9107,20760000,0.00%,26815495,35091619495,351066.13,0
2014-08-28,16.9107,16.9276,16.9276,16.9107,27810000,0.10%,64075948,35156689948,470756.56,65070453
2014-08-29,16.9276,16.9276,16.9276,16.9276,24510000,0.00%,39565948,35156689948,414895.48,0
2014-09-01,16.9276,16.9276,16.9276,16.9276,14595000,0.00%,24970948,35156689948,247058.32,0
2014-09-02,16.9276,16.9276,16.9276,16.9276,19305000,0.00%,5665948,35156689948,326787.32,0
2014-09-03,16.9276,16.9445,16.9445,16.9276,35700000,0.10%,34402864,35221126864,604918.65,64436915
2014-09-04,16.9445,16.9445,16.9445,16.9445,18675000,0.00%,15727864,35221126864,316438.54,0
2014-09-05,16.9445,16.9445,16.9445,16.9445,15240000,0.00%,487864,35221126864,258234.18,0
2014-09-08,16.9445,16.9614,16.9614,16.9445,30225000,0.10%,34641662,35285505662,512658.32,64378798
2014-09-10,16.9614,16.9784,16.9784,16.9614,45450000,0.10%,52848169,35349162169,771668.28,63656506
2014-09-11,16.9784,16.9784,16.9784,16.9784,37155000,0.00%,15693169,35349162169,630832.45,0
2014-09-12,16.9784,16.9954,16.9954,16.9784,27885000,0.10%,50570649,35411924649,473916.73,62762479
2014-09-15,16.9954,16.9954,16.9954,16.9954,21720000,0.00%,28850649,35411924649,369140.09,0
2014-09-16,16.9954,16.9954,16.9954,16.9954,24210000,0.00%,4640649,35411924649,411458.63,0
2014-09-17,16.9954,17.0124,17.0124,16.9954,30480000,0.10%,36581685,35474345685,518537.95,62421036
2014-09-18,17.0124,17.0124,17.0124,17.0124,26190000,0.00%,10391685,35474345685,445554.76,0
2014-09-19,17.0124,17.0294,17.0294,17.0124,59910000,0.10%,12742156,35536606156,1020231.35,62260471
2014-09-22,17.0294,17.0464,17.0464,17.0294,40710000,0.10%,34046867,35598620867,693958.94,62014710
2014-09-23,17.0464,17.0635,17.0635,17.0464,39840000,0.10%,56232328,35660646328,679809.84,62025461
2014-09-24,17.0635,17.0635,17.0635,17.0635,27015000,0.00%,29217328,35660646328,460970.45,0
2014-09-25,17.0635,17.0805,17.0805,17.0635,32040000,0.10%,59062207,35722531207,547259.22,61884878
2014-09-26,17.0805,17.0805,17.0805,17.0805,42150000,0.00%,16912207,35722531207,719943.08,0
2014-09-29,17.0805,17.0976,17.0976,17.0805,48960000,0.10%,30026688,35784605688,837098.5,62074481
2014-09-30,17.0976,17.1147,17.1147,17.0976,37620000,0.10%,54424046,35846623046,643855.01,62017357
2014-10-03,17.1147,17.1147,17.1147,17.1147,43260000,0.00%,11164046,35846623046,740381.92,0
2014-10-06,17.1147,17.1318,17.1318,17.1147,32655000,0.10%,40151572,35908265572,559438.93,61642526
2014-10-07,17.1318,17.1318,17.1318,17.1318,25260000,0.00%,14891572,35908265572,432749.27,0
2014-10-08,17.1318,17.149,17.149,17.1318,15885000,0.10%,60819499,35970078499,272411.86,61812926
2014-10-09,17.149,17.149,17.149,17.149,21870000,0.00%,38949499,35970078499,375048.63,0
2014-10-10,17.149,17.149,17.149,17.149,20400000,0.00%,18549499,35970078499,349839.6,0
2014-10-13,17.149,17.1661,17.1661,17.149,24030000,0.10%,56270311,36031829311,412501.38,61750811
2014-10-14,17.1661,17.1661,17.1661,17.1661,27810000,0.00%,28460311,36031829311,477389.24,0
2014-10-15,17.1661,17.1661,17.1661,17.1661,22380000,0.00%,6080311,36031829311,384177.32,0
2014-10-16,17.1661,17.1833,17.1833,17.1661,27690000,0.10%,39999728,36093438728,475805.58,61609417
2014-10-17,17.1833,17.1833,17.1833,17.1833,22605000,0.00%,17394728,36093438728,388428.5,0
2014-10-20,17.1833,17.1833,17.1833,17.1833,17340000,0.00%,54728,36093438728,297958.42,0
2014-10-21,17.1833,17.2005,17.2005,17.1833,18030000,0.10%,43458203,36154872203,310125.02,61433474
2014-10-22,17.2005,17.2005,17.2005,17.2005,26280000,0.00%,17178203,36154872203,452029.14,0
2014-10-23,17.2005,17.2177,17.2177,17.2005,19560000,0.10%,59220444,36216474444,336778.21,61602241
2014-10-24,17.2177,17.2177,17.2177,17.2177,16410000,0.00%,42810444,36216474444,282542.46,0
2014-10-27,17.2177,17.2177,17.2177,17.2177,19095000,0.00%,23715444,36216474444,328771.98,0
2014-10-28,17.2177,17.2177,17.2177,17.2177,18360000,0.00%,5355444,36216474444,316116.97,0
2014-10-29,17.2177,17.2349,17.2349,17.2177,28545000,0.10%,39186087,36278850087,491970.22,62375642
2014-10-30,17.2349,17.2349,17.2349,17.2349,22665000,0.00%,16521087,36278850087,390629.01,0
2014-10-31,17.2349,17.2521,17.2521,17.2349,27645000,0.10%,51244222,36341218222,476934.3,62368134
2014-11-03,17.2521,17.2521,17.2521,17.2521,20205000,0.00%,31039222,36341218222,348578.68,0
2014-11-04,17.2521,17.2521,17.2521,17.2521,19830000,0.00%,11209222,36341218222,342109.14,0
2014-11-05,17.2521,17.2694,17.2694,17.2521,18045000,0.10%,55033109,36403087109,311626.32,61868887
2014-11-06,17.2694,17.2694,17.2694,17.2694,15105000,0.00%,39928109,36403087109,260854.29,0
2014-11-07,17.2694,17.2694,17.2694,17.2694,23190000,0.00%,16738109,36403087109,400477.39,0
2014-11-10,17.2694,17.2866,17.2866,17.2694,31935000,0.10%,46692226,36464976226,552047.57,61889117
2014-11-11,17.2866,17.2866,17.2866,17.2866,30900000,0.00%,15792226,36464976226,534155.94,0
2014-11-12,17.2866,17.3039,17.3039,17.2866,32940000,0.10%,45261451,36527385451,569990.47,62409224
2014-11-13,17.3039,17.3212,17.3212,17.3039,79440000,0.10%,28193769,36589757769,1375996.13,62372317
2014-11-14,17.3212,17.3385,17.3385,17.3212,46470000,0.10%,43959712,36651993712,805720.09,62235943
2014-11-17,17.3385,17.3559,17.3559,17.3385,50940000,0.10%,55135987,36714109987,884109.55,62116274
2014-11-18,17.3559,17.3559,17.3559,17.3559,35595000,0.00%,19540987,36714109987,617783.26,0
2014-11-19,17.3559,17.3732,17.3732,17.3559,33045000,0.10%,48536913,36776150913,574097.39,62040926
2014-11-20,17.3732,17.3732,17.3732,17.3732,23505000,0.00%,25031913,36776150913,408357.07,0
2014-11-21,17.3732,17.3906,17.3906,17.3732,26865000,0.10%,60065588,36838049588,467198.47,61898675
2014-11-24,17.3906,17.3906,17.3906,17.3906,38055000,0.00%,22010588,36838049588,661799.28,0
2014-11-25,17.3906,17.408,17.408,17.3906,34980000,0.10%,48775064,36899794064,608931.84,61744475
2014-11-26,17.408,17.408,17.408,17.408,27990000,0.00%,20785064,36899794064,487249.92,0
2014-11-27,17.408,17.408,17.408,17.408,17055000,0.00%,3730064,36899794064,296893.44,0
2014-11-28,17.408,17.4254,17.4254,17.408,19545000,0.10%,45766601,36961375601,340579.44,61581536
2014-12-01,17.4254,17.4254,17.4254,17.4254,42120000,0.00%,3646601,36961375601,733957.85,0
2014-12-02,17.4254,17.4428,17.4428,17.4254,44550000,0.10%,20718362,37022997362,777076.74,61621761
2014-12-03,17.4428,17.4603,17.4603,17.4428,46260000,0.10%,35886742,37084425742,807713.48,61428380
2014-12-04,17.4603,17.4777,17.4777,17.4603,41430000,0.10%,55595271,37145564271,724101.11,61138529
2014-12-05,17.4777,17.4777,17.4777,17.4777,43290000,0.00%,12305271,37145564271,756609.63,0
2014-12-08,17.4777,17.4952,17.4952,17.4777,34050000,0.10%,39270682,37206579682,595711.56,61015410
2014-12-09,17.4952,17.4952,17.4952,17.4952,39225000,0.00%,45682,37206579682,686249.22,0
2014-12-10,17.4952,17.5127,17.5127,17.4952,40845000,0.10%,20118751,37267497751,715306.23,60918069
2014-12-11,17.5127,17.5302,17.5302,17.5127,28725000,0.10%,52154629,37328258629,503554.99,60760877
2014-12-12,17.5302,17.5302,17.5302,17.5302,29250000,0.00%,22904629,37328258629,512758.35,0
2014-12-15,17.5302,17.5477,17.5477,17.5302,25155000,0.10%,58473728,37388982728,441412.39,60724099
2014-12-16,17.5477,17.5653,17.5653,17.5477,61920000,0.10%,57231993,37449660993,1087643.38,60678265
2014-12-17,17.5653,17.5829,17.5829,17.5653,66330000,0.10%,51829171,37510588171,1166273.76,60927178
2014-12-18,17.5829,17.6004,17.6004,17.5829,72960000,0.10%,39858450,37571577450,1284125.18,60989278
2014-12-19,17.6004,17.618,17.618,17.6004,66060000,0.10%,34764219,37632543219,1163845.08,60965768
2014-12-22,17.618,17.6357,17.6357,17.618,41700000,0.10%,53945508,37693424508,735408.69,60881288
2014-12-23,17.6357,17.6357,17.6357,17.6357,31035000,0.00%,22910508,37693424508,547323.95,0
2014-12-24,17.6357,17.6357,17.6357,17.6357,9735000,0.00%,13175508,37693424508,171683.54,0
2014-12-29,17.6357,17.6533,17.6533,17.6357,16500000,0.10%,58173010,37754922010,291279.45,61497502
2014-12-30,17.6533,17.6533,17.6533,17.6533,19125000,0.00%,39048010,37754922010,337619.36,0
2014-12-31,17.6533,17.6533,17.6533,17.6533,14115000,0.00%,24933010,37754922010,249176.33,0
2015-01-02,17.6533,17.6533,17.6533,17.6533,17376000,0.00%,7557010,37754922010,306743.74,0
2015-01-05,17.6533,17.671,17.671,17.6533,34896000,0.10%,34541683,37816802683,616647.22,61880673
2015-01-06,17.671,17.6886,17.6886,17.671,69888000,0.10%,26340324,37878489324,1236220.88,61686640
2015-01-07,17.6886,17.7063,17.7063,17.6886,65376000,0.10%,22491064,37940016064,1157567.07,61526740
2015-01-08,17.7063,17.724,17.724,17.7063,57024000,0.10%,26815238,38001364238,1010693.38,61348173
2015-01-09,17.724,17.7417,17.7417,17.724,50944000,0.10%,37146177,38062639177,903833.16,61274938
2015-01-12,17.7417,17.7417,17.7417,17.7417,28608000,0.00%,8538177,38062639177,507554.55,0
2015-01-13,17.7417,17.7595,17.7595,17.7417,26944000,0.10%,42713948,38123758948,478511.97,61119771
2015-01-14,17.7595,17.7595,17.7595,17.7595,26944000,0.00%,15769948,38123758948,478511.97,0
2015-01-15,17.7595,17.7772,17.7772,17.7595,25600000,0.10%,51138216,38184727216,455096.32,60968267
2015-01-16,17.7772,17.7772,17.7772,17.7772,40368000,0.00%,10770216,38184727216,717630.01,0
2015-01-17,17.7772,17.7772,17.7772,17.7772,0,0.00%,10770216,38184727216,0.0,0
2015-01-19,17.7772,17.795,17.795,17.7772,34560000,0.10%,36971691,38245488691,614995.2,60761474
2015-01-20,17.795,17.795,17.795,17.795,16304000,0.00%,20667691,38245488691,290129.68,0
2015-01-21,17.795,17.8128,17.8128,17.795,54064000,0.10%,27227795,38306112795,963031.22,60624104
2015-01-22,17.8128,17.8306,17.8306,17.8128,62496000,0.10%,25163101,38366544101,1114341.18,60431305
2015-01-23,17.8306,17.8485,17.8485,17.8306,47952000,0.10%,37452700,38426785700,855871.27,60241599
2015-01-26,17.8485,17.8663,17.8663,17.8485,55920000,0.10%,41802533,38487055533,999083.5,60269832
2015-01-27,17.8663,17.8663,17.8663,17.8663,39136000,0.00%,2666533,38487055533,699215.52,0
2015-01-28,17.8663,17.8842,17.8842,17.8663,25952000,0.10%,36925975,38547266975,464130.76,60211441
2015-01-29,17.8842,17.8842,17.8842,17.8842,23424000,0.00%,13501975,38547266975,418919.5,0
2015-01-30,17.8842,17.9021,17.9021,17.8842,47008000,0.10%,26277979,38607050979,841541.92,59784004
2015-02-02,17.9021,17.92,17.92,17.9021,28240000,0.10%,57762185,38666775185,506060.8,59724206
2015-02-03,17.92,17.92,17.92,17.92,23008000,0.00%,34754185,38666775185,412303.36,0
2015-02-04,17.92,17.92,17.92,17.92,15200000,0.00%,19554185,38666775185,272384.0,0
2015-02-05,17.92,17.9379,17.9379,17.92,28816000,0.10%,50454707,38726491707,516898.53,59716521
2015-02-06,17.9379,17.9379,17.9379,17.9379,17456000,0.00%,32998707,38726491707,313123.98,0
2015-02-09,17.9379,17.9379,17.9379,17.9379,19904000,0.00%,13094707,38726491707,357035.96,0
2015-02-10,17.9379,17.9558,17.9558,17.9379,22400000,0.10%,51305529,38787102529,402209.92,60610822
2015-02-11,17.9558,17.9558,17.9558,17.9558,19408000,0.00%,31897529,38787102529,348486.17,0
2015-02-12,17.9558,17.9738,17.9738,17.9558,38448000,0.10%,54687611,38848340611,691056.66,61238081
2015-02-13,17.9738,17.9738,17.9738,17.9738,24752000,0.00%,29935611,38848340611,444887.5,0
2015-02-16,17.9738,17.9738,17.9738,17.9738,16272000,0.00%,13663611,38848340611,292469.67,0
2015-02-17,17.9738,17.9738,17.9738,17.9738,13408000,0.00%,255611,38848340611,240992.71,0
2015-02-18,17.9738,17.9917,17.9917,17.9738,11664000,0.10%,50164228,38909913228,209855.19,61572617
2015-02-23,17.9917,17.9917,17.9917,17.9917,38768000,0.00%,11396228,38909913228,697502.23,0
2015-02-24,17.9917,18.0097,18.0097,17.9917,27552000,0.10%,45643218,38971712218,496203.25,61798990
2015-02-25,18.0097,18.0097,18.0097,18.0097,30304000,0.00%,15339218,38971712218,545765.95,0
2015-02-26,18.0097,18.0277,18.0277,18.0097,34656000,0.10%,42466570,39033495570,624767.97,61783352
2015-02-27,18.0277,18.0277,18.0277,18.0277,28736000,0.00%,13730570,39033495570,518043.99,0
2015-03-02,18.0277,18.0458,18.0458,18.0277,20304000,0.10%,55292863,39095361863,366401.92,61866292
2015-03-03,18.0458,18.0458,18.0458,18.0458,28192000,0.00%,27100863,39095361863,508747.19,0
2015-03-04,18.0458,18.0458,18.0458,18.0458,19808000,0.00%,7292863,39095361863,357451.21,0
2015-03-05,18.0458,18.0638,18.0638,18.0458,19712000,0.10%,50063500,39157844500,356073.63,62482637
2015-03-06,18.0638,18.0638,18.0638,18.0638,22192000,0.00%,27871500,39157844500,400871.85,0
2015-03-09,18.0638,18.0638,18.0638,18.0638,21056000,0.00%,6815500,39157844500,380351.37,0
2015-03-10,18.0638,18.0819,18.0819,18.0638,20832000,0.10%,48752060,39220613060,376682.14,62768560
2015-03-11,18.0819,18.0819,18.0819,18.0819,22672000,0.00%,26080060,39220613060,409952.84,0
2015-03-12,18.0819,18.1,18.1,18.0819,27328000,0.10%,61779898,39283640898,494636.8,63027837
2015-03-13,18.1,18.1,18.1,18.1,24720000,0.00%,37059898,39283640898,447432.0,0
2015-03-16,18.1,18.1,18.1,18.1,36336000,0.00%,723898,39283640898,657681.6,0
2015-03-17,18.1,18.1181,18.1181,18.1,30688000,0.10%,33541136,39347146136,556008.25,63505238
2015-03-18,18.1181,18.1362,18.1362,18.1181,36688000,0.10%,60750007,39411043007,665380.91,63896870
2015-03-19,18.1362,18.1543,18.1543,18.1362,102544000,0.10%,22595072,39475432072,1861614.54,64389065
2015-03-20,18.1543,18.1906,18.1906,18.1543,114032000,0.20%,37691805,39604560805,2074310.5,129128732
2015-03-23,18.1906,18.2088,18.2088,18.1906,49232000,0.10%,52932469,39669033469,896455.64,64472663
2015-03-24,18.2088,18.2088,18.2088,18.2088,26688000,0.00%,26244469,39669033469,485956.45,0
2015-03-25,18.2088,18.227,18.227,18.2088,33312000,0.10%,57187655,39733288655,607177.82,64255186
2015-03-26,18.227,18.227,18.227,18.227,29760000,0.00%,27427655,39733288655,542435.52,0
2015-03-27,18.227,18.227,18.227,18.227,25312000,0.00%,2115655,39733288655,461361.82,0
2015-03-30,18.227,18.2453,18.2453,18.227,37632000,0.10%,28500923,39797305923,686607.13,64017267
2015-03-31,18.2453,18.2635,18.2635,18.2453,38544000,0.10%,53923002,39861272002,703948.34,63966078
2015-04-01,18.2635,18.2635,18.2635,18.2635,27472000,0.00%,26451002,39861272002,501734.87,0
2015-04-02,18.2635,18.2635,18.2635,18.2635,23488000,0.00%,2963002,39861272002,428973.09,0
2015-04-08,18.2635,18.2818,18.2818,18.2635,58672000,0.10%,9275720,39926256720,1072629.77,64984718
2015-04-09,18.2818,18.3184,18.3184,18.2818,106960000,0.20%,32620685,40056561685,1959336.06,130304964
2015-04-10,18.3184,18.3367,18.3367,18.3184,59360000,0.10%,38397568,40121698568,1088466.51,65136882
2015-04-13,18.3367,18.355,18.355,18.3367,69952000,0.10%,33499030,40186752030,1283968.96,65053462
2015-04-14,18.355,18.3734,18.3734,18.355,94384000,0.10%,4067969,40251704969,1734154.99,64952939
2015-04-15,18.3734,18.4101,18.4101,18.3734,74112000,0.20%,59468646,40381217646,1364409.33,129512676
2015-04-16,18.4101,18.4101,18.4101,18.4101,52032000,0.00%,7436646,40381217646,957914.32,0
2015-04-17,18.4101,18.4286,18.4286,18.4101,34832000,0.10%,37166174,40445779174,641905.0,64561528
2015-04-20,18.4286,18.447,18.447,18.4286,45520000,0.10%,55941748,40510074748,839707.44,64295573
2015-04-21,18.447,18.447,18.447,18.447,37216000,0.00%,18725748,40510074748,686523.55,0
2015-04-22,18.447,18.4654,18.4654,18.447,40448000,0.10%,42559505,40574356505,746888.5,64281757
2015-04-23,18.4654,18.4654,18.4654,18.4654,36448000,0.00%,6111505,40574356505,673026.9,0
2015-04-24,18.4654,18.4839,18.4839,18.4654,30624000,0.10%,40410109,40639279109,566050.95,64922603
2015-04-27,18.4839,18.4839,18.4839,18.4839,31936000,0.00%,8474109,40639279109,590301.83,0
2015-04-28,18.4839,18.5024,18.5024,18.4839,32384000,0.10%,41540951,40704729951,599181.72,65450842
2015-04-29,18.5024,18.5024,18.5024,18.5024,33152000,0.00%,8388951,40704729951,613391.56,0
2015-04-30,18.5024,18.5209,18.5209,18.5024,34288000,0.10%,39642496,40770271496,635044.62,65541544
2015-05-04,18.5209,18.5209,18.5209,18.5209,35680000,0.00%,3962496,40770271496,660825.71,0
2015-05-05,18.5209,18.5394,18.5394,18.5209,31264000,0.10%,38009847,40835582847,579615.8,65311351
2015-05-06,18.5394,18.5394,18.5394,18.5394,31248000,0.00%,6761847,40835582847,579319.17,0
2015-05-07,18.5394,18.5579,18.5579,18.5394,31760000,0.10%,40136208,40900717208,589398.9,65134360
2015-05-08,18.5579,18.5579,18.5579,18.5579,28976000,0.00%,11160208,40900717208,537733.71,0
2015-05-11,18.5579,18.5765,18.5765,18.5579,33280000,0.10%,42911695,40965748695,618225.92,65031487
2015-05-12,18.5765,18.5765,18.5765,18.5765,35008000,0.00%,7903695,40965748695,650326.11,0
2015-05-13,18.5765,18.5951,18.5951,18.5765,31232000,0.10%,41605912,41030682912,580762.16,64934217
2015-05-14,18.5951,18.5951,18.5951,18.5951,41424000,0.00%,181912,41030682912,770283.42,0
2015-05-15,18.5951,18.6137,18.6137,18.5951,34624000,0.10%,30252286,41095377286,644480.75,64694373
2015-05-18,18.6137,18.6137,18.6137,18.6137,22416000,0.00%,7836286,41095377286,417244.7,0
2015-05-19,18.6137,18.6323,18.6323,18.6137,20128000,0.10%,52451499,41160120499,375030.93,64743213
2015-05-20,18.6323,18.6323,18.6323,18.6323,26336000,0.00%,26115499,41160120499,490700.25,0
2015-05-21,18.6323,18.6509,18.6509,18.6323,28848000,0.10%,61912893,41224765893,538041.16,64645393
2015-05-22,18.6509,18.6509,18.6509,18.6509,22368000,0.00%,39544893,41224765893,417183.33,0
2015-05-26,18.6509,18.6509,18.6509,18.6509,33456000,0.00%,6088893,41224765893,623984.51,0
2015-05-27,18.6509,18.6696,18.6696,18.6509,26208000,0.10%,44620401,41289505401,489292.88,64739508
2015-05-28,18.6696,18.6696,18.6696,18.6696,38864000,0.00%,5756401,41289505401,725575.33,0
2015-05-29,18.6696,18.6882,18.6882,18.6696,40240000,0.10%,30327942,41354316942,752013.17,64811541
2015-06-01,18.6882,18.6882,18.6882,18.6882,23776000,0.00%,6551942,41354316942,444330.64,0
2015-06-02,18.6882,18.7069,18.7069,18.6882,23616000,0.10%,47710532,41419091532,441782.15,64774589
2015-06-03,18.7069,18.7069,18.7069,18.7069,22320000,0.00%,25390532,41419091532,417538.01,0
2015-06-04,18.7069,18.7256,18.7256,18.7069,34064000,0.10%,56161901,41483926901,637868.84,64835369
2015-06-05,18.7256,18.7256,18.7256,18.7256,24112000,0.00%,32049901,41483926901,451511.67,0
2015-06-08,18.7256,18.7256,18.7256,18.7256,27040000,0.00%,5009901,41483926901,506340.22,0
2015-06-09,18.7256,18.7444,18.7444,18.7256,22816000,0.10%,47025292,41548758292,427672.23,64831391
2015-06-10,18.7444,18.7444,18.7444,18.7444,21568000,0.00%,25457292,41548758292,404279.22,0
2015-06-11,18.7444,18.7444,18.7444,18.7444,21472000,0.00%,3985292,41548758292,402479.76,0
2015-06-12,18.7444,18.7631,18.7631,18.7444,19776000,0.10%,49114597,41613663597,371059.07,64905304
2015-06-15,18.7631,18.7631,18.7631,18.7631,19840000,0.00%,29274597,41613663597,372259.9,0
2015-06-16,18.7631,18.7631,18.7631,18.7631,15424000,0.00%,13850597,41613663597,289402.05,0
2015-06-17,18.7631,18.7819,18.7819,18.7631,21136000,0.10%,57983379,41678932379,396974.24,65268782
2015-06-18,18.7819,18.7819,18.7819,18.7819,14176000,0.00%,43807379,41678932379,266252.21,0
2015-06-19,18.7819,18.7819,18.7819,18.7819,21888000,0.00%,21919379,41678932379,411098.23,0
2015-06-22,18.7819,18.8006,18.8006,18.7819,22928000,0.10%,66267471,41746208471,431060.16,67276091
2015-06-23,18.8006,18.8006,18.8006,18.8006,22288000,0.00%,43979471,41746208471,419027.77,0
2015-06-24,18.8006,18.8006,18.8006,18.8006,34912000,0.00%,9067471,41746208471,656366.55,0
2015-06-25,18.8006,18.8194,18.8194,18.8006,22064000,0.10%,54637947,41813842947,415231.24,67634476
2015-06-26,18.8194,18.8194,18.8194,18.8194,31024000,0.00%,23613947,41813842947,583853.07,0
2015-06-29,18.8194,18.8383,18.8383,18.8194,45280000,0.10%,45966330,41881475330,852998.22,67632382
2015-06-30,18.8383,18.8383,18.8383,18.8383,31776000,0.00%,14190330,41881475330,598605.82,0
2015-07-02,18.8383,18.8571,18.8571,18.8383,36224000,0.10%,45862762,41949371762,683079.59,67896432
2015-07-03,18.8571,18.8571,18.8571,18.8571,21072000,0.00%,24790762,41949371762,397356.81,0
2015-07-06,18.8571,18.876,18.876,18.8571,76096000,0.10%,16484672,42017161672,1436388.1,67789909
2015-07-07,18.876,18.8948,18.8948,18.876,43232000,0.10%,41066278,42084975278,816859.99,67813605
2015-07-08,18.8948,18.9326,18.9326,18.8948,116656000,0.20%,61457991,42222022991,2208601.39,137047712
2015-07-09,18.9326,18.9516,18.9516,18.9326,72704000,0.10%,57267175,42290536175,1377857.13,68513184
2015-07-10,18.9516,18.9705,18.9705,18.9516,57712000,0.10%,68269577,42359250577,1094825.5,68714402
2015-07-13,18.9705,18.9705,18.9705,18.9705,30176000,0.00%,38093577,42359250577,572453.81,0
2015-07-14,18.9705,18.9705,18.9705,18.9705,28896000,0.00%,9197577,42359250577,548171.57,0
2015-07-15,18.9705,18.9895,18.9895,18.9705,24912000,0.10%,53945338,42428910338,473066.42,69659761
2015-07-16,18.9895,18.9895,18.9895,18.9895,20880000,0.00%,33065338,42428910338,396500.76,0
2015-07-17,18.9895,18.9895,18.9895,18.9895,22336000,0.00%,10729338,42428910338,424149.47,0
2015-07-20,18.9895,19.0085,19.0085,18.9895,25792000,0.10%,54266659,42498239659,490267.23,69329320
2015-07-21,19.0085,19.0085,19.0085,19.0085,17344000,0.00%,36922659,42498239659,329683.42,0
2015-07-22,19.0085,19.0085,19.0085,19.0085,16464000,0.00%,20458659,42498239659,312955.94,0
2015-07-23,19.0085,19.0085,19.0085,19.0085,18224000,0.00%,2234659,42498239659,346410.9,0
2015-07-24,19.0085,19.0275,19.0275,19.0085,18208000,0.10%,53208460,42567421460,346452.72,69181800
2015-07-27,19.0275,19.0275,19.0275,19.0275,34016000,0.00%,19192460,42567421460,647239.44,0
2015-07-28,19.0275,19.0465,19.0465,19.0275,40240000,0.10%,48088287,42636557287,766431.16,69135827
2015-07-29,19.0465,19.0465,19.0465,19.0465,36304000,0.00%,11784287,42636557287,691464.14,0
2015-07-30,19.0465,19.0656,19.0656,19.0465,25024000,0.10%,55852913,42705649913,477097.57,69092626
2015-07-31,19.0656,19.0656,19.0656,19.0656,23056000,0.00%,32796913,42705649913,439576.47,0
2015-08-03,19.0656,19.0656,19.0656,19.0656,18464000,0.00%,14332913,42705649913,352027.24,0
2015-08-04,19.0656,19.0846,19.0846,19.0656,26288000,0.10%,57059572,42774664572,501695.96,69014658
2015-08-05,19.0846,19.0846,19.0846,19.0846,18816000,0.00%,38243572,42774664572,359095.83,0
2015-08-06,19.0846,19.0846,19.0846,19.0846,22704000,0.00%,15539572,42774664572,433296.76,0
2015-08-07,19.0846,19.1037,19.1037,19.0846,17264000,0.10%,67175057,42843564057,329806.28,68899484
2015-08-10,19.1037,19.1037,19.1037,19.1037,18032000,0.00%,49143057,42843564057,344477.92,0
2015-08-11,19.1037,19.1037,19.1037,19.1037,24576000,0.00%,24567057,42843564057,469492.53,0
2015-08-12,19.1037,19.1228,19.1228,19.1037,63392000,0.10%,30371863,42912760863,1212232.54,69196805
2015-08-13,19.1228,19.1419,19.1419,19.1228,66768000,0.10%,32354803,42981511803,1278066.38,68750939
2015-08-14,19.1419,19.1419,19.1419,19.1419,25984000,0.00%,6370803,42981511803,497383.13,0
2015-08-17,19.1419,19.1611,19.1611,19.1419,27536000,0.10%,47142070,43049819070,527620.05,68307267
2015-08-18,19.1611,19.1611,19.1611,19.1611,20416000,0.00%,26726070,43049819070,391193.02,0
2015-08-19,19.1611,19.1611,19.1611,19.1611,26720000,0.00%,6070,43049819070,511984.59,0
2015-08-20,19.1611,19.1803,19.1803,19.1611,41472000,0.10%,26818437,43118103437,795445.4,68284366
2015-08-21,19.1803,19.1994,19.1994,19.1803,60112000,0.10%,34878463,43186275463,1154114.33,68172026
2015-08-24,19.1994,19.2186,19.2186,19.1994,76256000,0.10%,26704183,43254357183,1465533.56,68081720
2015-08-25,19.2186,19.2378,19.2378,19.2186,81456000,0.10%,13311649,43322420649,1567034.24,68063466
2015-08-26,19.2378,19.2571,19.2571,19.2378,50976000,0.10%,29936688,43390021688,981649.93,67601038
2015-08-27,19.2571,19.2763,19.2763,19.2571,68656000,0.10%,28634026,43457375026,1323433.65,67353338
2015-08-28,19.2763,19.2956,19.2956,19.2763,54784000,0.10%,40578602,43524103602,1057090.15,66728575
2015-08-31,19.2956,19.2956,19.2956,19.2956,31504000,0.00%,9074602,43524103602,607888.58,0
2015-09-01,19.2956,19.3149,19.3149,19.2956,32672000,0.10%,42548394,43590249394,631056.41,66145792
2015-09-02,19.3149,19.3149,19.3149,19.3149,41792000,0.00%,756394,43590249394,807208.3,0
2015-09-04,19.3149,19.3342,19.3342,19.3149,29232000,0.10%,37216298,43655941298,565177.33,65691904
2015-09-07,19.3342,19.3342,19.3342,19.3342,33440000,0.00%,3776298,43655941298,646535.65,0
2015-09-08,19.3342,19.3536,19.3536,19.3342,37840000,0.10%,31264397,43721269397,732340.22,65328098
2015-09-09,19.3536,19.3729,19.3729,19.3536,44096000,0.10%,52233520,43786334520,854267.4,65065123
2015-09-10,19.3729,19.3729,19.3729,19.3729,30624000,0.00%,21609520,43786334520,593275.69,0
2015-09-11,19.3729,19.3923,19.3923,19.3729,37792000,0.10%,47947615,43850464615,732873.8,64130095
2015-09-14,19.3923,19.3923,19.3923,19.3923,20992000,0.00%,26955615,43850464615,407083.16,0
2015-09-15,19.3923,19.4117,19.4117,19.3923,31776000,0.10%,58927987,43914212987,616826.18,63748372
2015-09-16,19.4117,19.4117,19.4117,19.4117,39472000,0.00%,19455987,43914212987,766218.62,0
2015-09-17,19.4117,19.4311,19.4311,19.4117,38576000,0.10%,44375955,43977708955,749574.11,63495967
2015-09-18,19.4311,19.4311,19.4311,19.4311,38880000,0.00%,5495955,43977708955,755481.17,0
2015-09-21,19.4311,19.4505,19.4505,19.4311,26528000,0.10%,42151599,44040892599,515982.86,63183643
2015-09-22,19.4505,19.4505,19.4505,19.4505,31184000,0.00%,10967599,44040892599,606544.39,0
2015-09-23,19.4505,19.47,19.47,19.4505,29184000,0.10%,44460336,44103569336,568212.48,62676737
2015-09-24,19.47,19.47,19.47,19.47,25632000,0.00%,18828336,44103569336,499055.04,0
2015-09-25,19.47,19.4894,19.4894,19.47,28448000,0.10%,52802920,44165991920,554434.45,62422583
2015-09-29,19.4894,19.4894,19.4894,19.4894,40080000,0.00%,12722920,44165991920,781135.15,0
2015-09-30,19.4894,19.5089,19.5089,19.4894,38032000,0.10%,36723818,44228024818,741962.48,62032898
2015-10-02,19.5089,19.5284,19.5284,19.5089,45600000,0.10%,53717907,44290618907,890495.04,62594089
2015-10-05,19.5284,19.5284,19.5284,19.5284,39584000,0.00%,14133907,44290618907,773012.19,0
2015-10-06,19.5284,19.548,19.548,19.5284,30480000,0.10%,47360478,44354325478,595823.04,63706570
2015-10-07,19.548,19.548,19.548,19.548,34272000,0.00%,13088478,44354325478,669949.06,0
2015-10-08,19.548,19.5675,19.5675,19.548,27200000,0.10%,50423133,44418860133,532236.0,64534654
2015-10-09,19.5675,19.5675,19.5675,19.5675,25168000,0.00%,25255133,44418860133,492474.84,0
2015-10-12,19.5675,19.5675,19.5675,19.5675,22112000,0.00%,3143133,44418860133,432676.56,0
2015-10-13,19.5675,19.5871,19.5871,19.5675,16608000,0.10%,51227471,44483552471,325302.56,64692338
2015-10-14,19.5871,19.5871,19.5871,19.5871,18000000,0.00%,33227471,44483552471,352567.8,0
2015-10-15,19.5871,19.5871,19.5871,19.5871,24480000,0.00%,8747471,44483552471,479492.21,0
2015-10-16,19.5871,19.6067,19.6067,19.5871,25760000,0.10%,47120938,44547685938,505068.59,64133467
2015-10-19,19.6067,19.6067,19.6067,19.6067,16752000,0.00%,30368938,44547685938,328451.44,0
2015-10-20,19.6067,19.6067,19.6067,19.6067,14288000,0.00%,16080938,44547685938,280140.53,0
2015-10-22,19.6067,19.6263,19.6263,19.6067,19968000,0.10%,59782334,44611355334,391897.96,63669395
2015-10-23,19.6263,19.6263,19.6263,19.6263,30528000,0.00%,29254334,44611355334,599151.69,0
2015-10-26,19.6263,19.6263,19.6263,19.6263,23568000,0.00%,5686334,44611355334,462552.64,0
2015-10-27,19.6263,19.6459,19.6459,19.6263,22112000,0.10%,47167198,44674948198,434410.14,63592864
2015-10-28,19.6459,19.6459,19.6459,19.6459,16848000,0.00%,30319198,44674948198,330994.12,0
2015-10-29,19.6459,19.6459,19.6459,19.6459,17648000,0.00%,12671198,44674948198,346710.84,0
2015-10-30,19.6459,19.6656,19.6656,19.6459,21120000,0.10%,55021298,44738418298,415337.47,63470099
2015-11-02,19.6656,19.6656,19.6656,19.6656,17312000,0.00%,37709298,44738418298,340450.87,0
2015-11-03,19.6656,19.6656,19.6656,19.6656,35968000,0.00%,1741298,44738418298,707332.3,0
2015-11-04,19.6656,19.6852,19.6852,19.6656,44240000,0.10%,20776163,44801693163,870873.25,63274865
2015-11-05,19.6852,19.7049,19.7049,19.6852,25168000,0.10%,58780134,44864865134,495932.92,63171971
2015-11-06,19.7049,19.7049,19.7049,19.7049,17936000,0.00%,40844134,44864865134,353427.09,0
2015-11-09,19.7049,19.7049,19.7049,19.7049,22384000,0.00%,18460134,44864865134,441074.48,0
2015-11-10,19.7049,19.7246,19.7246,19.7049,22304000,0.10%,59442933,44928151933,439937.48,63286798
2015-11-11,19.7246,19.7246,19.7246,19.7246,40896000,0.00%,18546933,44928151933,806657.24,0
2015-11-12,19.7246,19.7443,19.7443,19.7246,36944000,0.10%,45775239,44992324239,729433.42,64172306
2015-11-13,19.7443,19.7443,19.7443,19.7443,20784000,0.00%,24991239,44992324239,410365.53,0
2015-11-16,19.7443,19.7443,19.7443,19.7443,22576000,0.00%,2415239,44992324239,445747.32,0
2015-11-17,19.7443,19.7641,19.7641,19.7443,24880000,0.10%,41748972,45056537972,491730.81,64213732
2015-11-18,19.7641,19.7641,19.7641,19.7641,15328000,0.00%,26420972,45056537972,302944.12,0
2015-11-19,19.7641,19.7641,19.7641,19.7641,21296000,0.00%,5124972,45056537972,420896.27,0
2015-11-20,19.7641,19.7838,19.7838,19.7641,17840000,0.10%,52271800,45121524800,352942.99,64986828
2015-11-23,19.7838,19.7838,19.7838,19.7838,21456000,0.00%,30815800,45121524800,424481.21,0
2015-11-24,19.7838,19.7838,19.7838,19.7838,15856000,0.00%,14959800,45121524800,313691.93,0
2015-11-25,19.7838,19.8036,19.8036,19.7838,20928000,0.10%,60394265,45187887265,414449.74,66362464
2015-11-26,19.8036,19.8036,19.8036,19.8036,22464000,0.00%,37930265,45187887265,444868.07,0
2015-11-27,19.8036,19.8036,19.8036,19.8036,26256000,0.00%,11674265,45187887265,519963.32,0
2015-11-30,19.8036,19.8234,19.8234,19.8036,52272000,0.10%,26942818,45255427818,1036208.76,67540552
2015-12-01,19.8234,19.8433,19.8433,19.8234,41568000,0.10%,52931237,45322984237,824846.29,67556419
2015-12-02,19.8433,19.8433,19.8433,19.8433,33136000,0.00%,19795237,45322984237,657527.59,0
2015-12-03,19.8433,19.8631,19.8631,19.8433,44960000,0.10%,42661094,45390810094,893044.98,67825856
2015-12-04,19.8631,19.883,19.883,19.8631,79840000,0.10%,30676116,45458665116,1587458.72,67855021
2015-12-07,19.883,19.9028,19.9028,19.883,34032000,0.10%,64532163,45526553163,677332.09,67888047
2015-12-08,19.9028,19.9028,19.9028,19.9028,28464000,0.00%,36068163,45526553163,566513.3,0
2015-12-09,19.9028,19.9028,19.9028,19.9028,30128000,0.00%,5940163,45526553163,599631.56,0
2015-12-10,19.9028,19.9227,19.9227,19.9028,21520000,0.10%,52683055,45594816055,428736.5,68262892
2015-12-11,19.9227,19.9227,19.9227,19.9227,31488000,0.00%,21195055,45594816055,627325.98,0
2015-12-14,19.9227,19.9427,19.9427,19.9227,26896000,0.10%,62441510,45662958510,536378.86,68142454
2015-12-15,19.9427,19.9427,19.9427,19.9427,25792000,0.00%,36649510,45662958510,514362.12,0
2015-12-16,19.9427,19.9427,19.9427,19.9427,23072000,0.00%,13577510,45662958510,460117.97,0
2015-12-17,19.9427,19.9626,19.9626,19.9427,25584000,0.10%,56661894,45731626894,510723.16,68668383
2015-12-18,19.9626,19.9626,19.9626,19.9626,29248000,0.00%,27413894,45731626894,583866.12,0
2015-12-21,19.9626,19.9626,19.9626,19.9626,14368000,0.00%,13045894,45731626894,286822.64,0
2015-12-22,19.9626,19.9626,19.9626,19.9626,11104000,0.00%,1941894,45731626894,221664.71,0
2015-12-23,19.9626,19.9826,19.9826,19.9626,11872000,0.10%,58952444,45800509444,237233.43,68882550
2015-12-24,19.9826,19.9826,19.9826,19.9826,7648000,0.00%,51304444,45800509444,152826.92,0
2015-12-28,19.9826,19.9826,19.9826,19.9826,10736000,0.00%,40568444,45800509444,214533.19,0
2015-12-29,19.9826,19.9826,19.9826,19.9826,11792000,0.00%,28776444,45800509444,235634.82,0
2015-12-30,19.9826,19.9826,19.9826,19.9826,11408000,0.00%,17368444,45800509444,227961.5,0
2015-12-31,19.9826,19.9826,19.9826,19.9826,10960000,0.00%,6408444,45800509444,219009.3,0
2016-01-04,19.9826,20.0026,20.0026,19.9826,27285000,0.10%,49574608,45870960608,545770.94,70451164
2016-01-05,20.0026,20.0026,20.0026,20.0026,27489000,0.00%,22085608,45870960608,549851.47,0
2016-01-06,20.0026,20.0226,20.0226,20.0026,26537000,0.10%,66132840,45941544840,531339.74,70584231
2016-01-07,20.0226,20.0226,20.0226,20.0226,40222000,0.00%,25910840,45941544840,805349.02,0
2016-01-08,20.0226,20.0426,20.0426,20.0226,31552000,0.10%,64882715,46012068715,632384.12,70523875
2016-01-11,20.0426,20.0426,20.0426,20.0426,38012000,0.00%,26870715,46012068715,761859.31,0
2016-01-12,20.0426,20.0626,20.0626,20.0426,37536000,0.10%,59502707,46082236707,753069.75,70167992
2016-01-13,20.0626,20.0626,20.0626,20.0626,40562000,0.00%,18940707,46082236707,813779.18,0
2016-01-14,20.0626,20.0827,20.0827,20.0626,45067000,0.10%,43916650,46152279650,905067.04,70042943
2016-01-15,20.0827,20.0827,20.0827,20.0827,40749000,0.00%,3167650,46152279650,818349.94,0
2016-01-18,20.0827,20.1028,20.1028,20.0827,37264000,0.10%,35687575,46222063575,749110.74,69783924
2016-01-19,20.1028,20.1229,20.1229,20.1028,38420000,0.10%,66962482,46291758482,773121.82,69694907
2016-01-20,20.1229,20.1229,20.1229,20.1229,44948000,0.00%,22014482,46291758482,904484.11,0
2016-01-21,20.1229,20.143,20.143,20.1229,51918000,0.10%,39630133,46361292133,1045784.27,69533651
2016-01-22,20.143,20.1631,20.1631,20.143,41735000,0.10%,67314529,46430711529,841506.98,69419396
2016-01-25,20.1631,20.1631,20.1631,20.1631,52955000,0.00%,14359529,46430711529,1067736.96,0
2016-01-26,20.1631,20.1833,20.1833,20.1631,43078000,0.10%,40450123,46499880123,869456.2,69168593
2016-01-27,20.1833,20.2035,20.2035,20.1833,46580000,0.10%,62922153,46568932153,941079.03,69052029
2016-01-28,20.2035,20.2035,20.2035,20.2035,40936000,0.00%,21986153,46568932153,827050.48,0
2016-01-29,20.2035,20.2237,20.2237,20.2035,48161000,0.10%,42551769,46637658769,973993.62,68726615
2016-02-01,20.2237,20.2237,20.2237,20.2237,34782000,0.00%,7769769,46637658769,703420.73,0
2016-02-02,20.2237,20.2439,20.2439,20.2237,29257000,0.10%,47370696,46706516696,592275.78,68857927
2016-02-03,20.2439,20.2439,20.2439,20.2439,37961000,0.00%,9409696,46706516696,768478.69,0
2016-02-04,20.2439,20.2642,20.2642,20.2439,27727000,0.10%,50442632,46775276632,561865.47,68759935
2016-02-05,20.2642,20.2642,20.2642,20.2642,21624000,0.00%,28818632,46775276632,438193.06,0
2016-02-11,20.2642,20.2844,20.2844,20.2642,61540000,0.10%,36391155,46844389155,1248301.98,69112522
2016-02-12,20.2844,20.3047,20.3047,20.2844,42296000,0.10%,63316885,46913610885,858807.59,69221730
2016-02-15,20.3047,20.3047,20.3047,20.3047,36890000,0.00%,26426885,46913610885,749040.38,0
2016-02-16,20.3047,20.3047,20.3047,20.3047,26401000,0.00%,25885,46913610885,536064.38,0
2016-02-17,20.3047,20.325,20.325,20.3047,29342000,0.10%,39843293,46982770293,596376.15,69159408
2016-02-18,20.325,20.325,20.325,20.325,34748000,0.00%,5095293,46982770293,706253.1,0
2016-02-19,20.325,20.3453,20.3453,20.325,21097000,0.10%,53151310,47051923310,429224.79,69153016
2016-02-22,20.3453,20.3453,20.3453,20.3453,16881000,0.00%,36270310,47051923310,343449.01,0
2016-02-23,20.3453,20.3453,20.3453,20.3453,19584000,0.00%,16686310,47051923310,398442.36,0
2016-02-24,20.3453,20.3657,20.3657,20.3453,25721000,0.10%,60105485,47121063485,523826.17,69140175
2016-02-25,20.3657,20.3657,20.3657,20.3657,18547000,0.00%,41558485,47121063485,377722.64,0
2016-02-26,20.3657,20.3657,20.3657,20.3657,29512000,0.00%,12046485,47121063485,601032.54,0
2016-02-29,20.3657,20.386,20.386,20.3657,24276000,0.10%,56711377,47190004377,494890.54,68940892
2016-03-01,20.386,20.386,20.386,20.386,26350000,0.00%,30361377,47190004377,537171.1,0
2016-03-02,20.386,20.4064,20.4064,20.386,41633000,0.10%,58266871,47259542871,849579.65,69538493
2016-03-03,20.4064,20.4064,20.4064,20.4064,27132000,0.00%,31134871,47259542871,553666.44,0
2016-03-04,20.4064,20.4268,20.4268,20.4064,33507000,0.10%,67478106,47329393106,684440.79,69850234
2016-03-07,20.4268,20.4268,20.4268,20.4268,23375000,0.00%,44103106,47329393106,477476.45,0
2016-03-08,20.4268,20.4268,20.4268,20.4268,19448000,0.00%,24655106,47329393106,397260.41,0
2016-03-09,20.4268,20.4268,20.4268,20.4268,23919000,0.00%,736106,47329393106,488588.63,0
2016-03-10,20.4268,20.4473,20.4473,20.4268,17170000,0.10%,53932441,47399759441,351080.14,70366335
2016-03-11,20.4473,20.4473,20.4473,20.4473,29750000,0.00%,24182441,47399759441,608307.18,0
2016-03-14,20.4473,20.4677,20.4677,20.4473,50456000,0.10%,44157877,47470190877,1032718.27,70431435
2016-03-15,20.4677,20.4677,20.4677,20.4677,27557000,0.00%,16600877,47470190877,564028.41,0
2016-03-16,20.4677,20.4882,20.4882,20.4677,23664000,0.10%,63096864,47540350864,484832.76,70159987
2016-03-17,20.4882,20.4882,20.4882,20.4882,23205000,0.00%,39891864,47540350864,475428.68,0
2016-03-18,20.4882,20.5087,20.5087,20.4882,88417000,0.10%,21503256,47610379256,1813317.73,70028391
2016-03-21,20.5087,20.5292,20.5292,20.5087,31654000,0.10%,59706203,47680236203,649831.3,69856947
2016-03-22,20.5292,20.5292,20.5292,20.5292,33915000,0.00%,25791203,47680236203,696247.82,0
2016-03-23,20.5292,20.5497,20.5497,20.5292,26248000,0.10%,69211742,47749904742,539388.53,69668538
2016-03-24,20.5497,20.5497,20.5497,20.5497,31348000,0.00%,37863742,47749904742,644192.0,0
2016-03-29,20.5497,20.5497,20.5497,20.5497,28594000,0.00%,9269742,47749904742,587598.12,0
2016-03-30,20.5497,20.5703,20.5703,20.5497,35411000,0.10%,43148186,47819194186,728414.89,69289443
2016-03-31,20.5703,20.5703,20.5703,20.5703,29784000,0.00%,13364186,47819194186,612665.82,0
2016-04-01,20.5703,20.5908,20.5908,20.5703,27268000,0.10%,55117238,47888215238,561469.93,69021052
2016-04-05,20.5908,20.5908,20.5908,20.5908,24650000,0.00%,30467238,47888215238,507563.22,0
2016-04-06,20.5908,20.5908,20.5908,20.5908,30192000,0.00%,275238,47888215238,621677.43,0
2016-04-07,20.5908,20.6114,20.6114,20.5908,37009000,0.10%,32333958,47957282958,762807.3,69067719
2016-04-08,20.6114,20.6114,20.6114,20.6114,25772000,0.00%,6561958,47957282958,531197.0,0
2016-04-11,20.6114,20.632,20.632,20.6114,15980000,0.10%,59941711,48026642711,329699.36,69359753
2016-04-12,20.632,20.632,20.632,20.632,20927000,0.00%,39014711,48026642711,431765.86,0
2016-04-13,20.632,20.6527,20.6527,20.632,55318000,0.10%,53531798,48096477798,1142466.06,69835087
2016-04-14,20.6527,20.6527,20.6527,20.6527,43010000,0.00%,10521798,48096477798,888272.63,0
2016-04-15,20.6527,20.6733,20.6733,20.6527,19397000,0.10%,61297423,48166650423,401000.0,70172624
2016-04-18,20.6733,20.6733,20.6733,20.6733,15504000,0.00%,45793423,48166650423,320518.84,0
2016-04-19,20.6733,20.6733,20.6733,20.6733,23188000,0.00%,22605423,48166650423,479372.48,0
2016-04-20,20.6733,20.694,20.694,20.6733,26316000,0.10%,67180764,48237541764,544583.3,70891340
2016-04-21,20.694,20.694,20.694,20.694,22304000,0.00%,44876764,48237541764,461558.98,0
2016-04-22,20.694,20.694,20.694,20.694,14994000,0.00%,29882764,48237541764,310285.84,0
2016-04-25,20.694,20.694,20.694,20.694,18241000,0.00%,11641764,48237541764,377479.25,0
2016-04-26,20.694,20.7147,20.7147,20.694,14705000,0.10%,69128048,48309733048,304609.66,72191284
2016-04-27,20.7147,20.7147,20.7147,20.7147,19635000,0.00%,49493048,48309733048,406733.13,0
2016-04-28,20.7147,20.7147,20.7147,20.7147,31722000,0.00%,17771048,48309733048,657111.71,0
2016-04-29,20.7147,20.7354,20.7354,20.7147,18530000,0.10%,72285994,48382777994,384226.96,73044946
2016-05-03,20.7354,20.7354,20.7354,20.7354,26078000,0.00%,46207994,48382777994,540737.76,0
2016-05-04,20.7354,20.7354,20.7354,20.7354,27846000,0.00%,18361994,48382777994,577397.95,0
2016-05-05,20.7354,20.7561,20.7561,20.7354,23205000,0.10%,68292407,48455913407,481645.3,73135412
2016-05-06,20.7561,20.7561,20.7561,20.7561,26996000,0.00%,41296407,48455913407,560331.68,0
2016-05-09,20.7561,20.7561,20.7561,20.7561,16014000,0.00%,25282407,48455913407,332388.19,0
2016-05-10,20.7561,20.7561,20.7561,20.7561,20145000,0.00%,5137407,48455913407,418131.63,0
2016-05-11,20.7561,20.7769,20.7769,20.7561,19703000,0.10%,58634192,48529113192,409367.26,73199785
2016-05-12,20.7769,20.7769,20.7769,20.7769,22576000,0.00%,36058192,48529113192,469059.29,0
2016-05-13,20.7769,20.7769,20.7769,20.7769,30753000,0.00%,5305192,48529113192,638952.01,0
2016-05-16,20.7769,20.7977,20.7977,20.7769,36686000,0.10%,42523847,48603017847,762984.42,73904655
2016-05-17,20.7977,20.7977,20.7977,20.7977,38471000,0.00%,4052847,48603017847,800108.32,0
2016-05-18,20.7977,20.8185,20.8185,20.7977,35122000,0.10%,42909050,48676996050,731187.36,73978202
2016-05-19,20.8185,20.8393,20.8393,20.8185,59976000,0.10%,57063827,48751126827,1249857.86,74130777
2016-05-20,20.8393,20.8393,20.8393,20.8393,32623000,0.00%,24440827,48751126827,679840.48,0
2016-05-23,20.8393,20.8393,20.8393,20.8393,20774000,0.00%,3666827,48751126827,432915.62,0
2016-05-24,20.8393,20.8601,20.8601,20.8393,20961000,0.10%,56168447,48824589447,437248.56,73462619
2016-05-25,20.8601,20.8601,20.8601,20.8601,36686000,0.00%,19482447,48824589447,765273.63,0
2016-05-26,20.8601,20.881,20.881,20.8601,24582000,0.10%,68091639,48897780639,513296.74,73191192
2016-05-27,20.881,20.9019,20.9019,20.881,70159000,0.10%,71162662,48971010662,1466456.4,73230023
2016-05-30,20.9019,20.9019,20.9019,20.9019,36975000,0.00%,34187662,48971010662,772847.75,0
2016-05-31,20.9019,20.9228,20.9228,20.9019,95591000,0.10%,11485756,49043899756,2000031.37,72889093
2016-06-01,20.9228,20.9437,20.9437,20.9228,29495000,0.10%,54844937,49116753937,617734.43,72854181
2016-06-02,20.9437,20.9437,20.9437,20.9437,36482000,0.00%,18362937,49116753937,764068.06,0
2016-06-03,20.9437,20.9646,20.9646,20.9437,46648000,0.10%,44688016,49189727016,977956.66,72973078
2016-06-06,20.9646,20.9646,20.9646,20.9646,29104000,0.00%,15584016,49189727016,610153.72,0
2016-06-07,20.9646,20.9856,20.9856,20.9646,29325000,0.10%,58573774,49262041774,615402.72,72314758
2016-06-08,20.9856,20.9856,20.9856,20.9856,32079000,0.00%,26494774,49262041774,673197.06,0
2016-06-10,20.9856,21.0066,21.0066,20.9856,34680000,0.10%,63432717,49333659717,728508.89,71617943
2016-06-13,21.0066,21.0066,21.0066,21.0066,35989000,0.00%,27443717,49333659717,756006.53,0
2016-06-14,21.0066,21.0276,21.0276,21.0066,30141000,0.10%,69139887,49405496887,633792.89,71837169
2016-06-15,21.0276,21.0276,21.0276,21.0276,32028000,0.00%,37111887,49405496887,673471.97,0
2016-06-16,21.0276,21.0276,21.0276,21.0276,25653000,0.00%,11458887,49405496887,539421.02,0
2016-06-17,21.0276,21.0486,21.0486,21.0276,30396000,0.10%,53182701,49477616701,639793.25,72119813
2016-06-20,21.0486,21.0486,21.0486,21.0486,16031000,0.00%,37151701,49477616701,337430.11,0
2016-06-21,21.0486,21.0486,21.0486,21.0486,17136000,0.00%,20015701,49477616701,360688.81,0
2016-06-22,21.0486,21.0697,21.0697,21.0486,33371000,0.10%,59937872,49550909872,703116.96,73293170
2016-06-23,21.0697,21.0697,21.0697,21.0697,20808000,0.00%,39129872,49550909872,438418.32,0
2016-06-24,21.0697,21.0907,21.0907,21.0697,52003000,0.10%,59964309,49623747309,1096779.67,72837437
2016-06-27,21.0907,21.0907,21.0907,21.0907,26622000,0.00%,33342309,49623747309,561476.62,0
2016-06-28,21.0907,21.0907,21.0907,21.0907,30515000,0.00%,2827309,49623747309,643582.71,0
2016-06-29,21.0907,21.1118,21.1118,21.0907,23035000,0.10%,52399440,49696354440,486310.31,72607130
2016-06-30,21.1118,21.1118,21.1118,21.1118,28764000,0.00%,23635440,49696354440,607259.82,0
2016-07-04,21.1118,21.1329,21.1329,21.1118,27591000,0.10%,68733393,49769043393,583077.84,72688953
2016-07-05,21.1329,21.1329,21.1329,21.1329,16252000,0.00%,52481393,49769043393,343451.89,0
2016-07-06,21.1329,21.1329,21.1329,21.1329,19822000,0.00%,32659393,49769043393,418896.34,0
2016-07-07,21.1329,21.1329,21.1329,21.1329,13634000,0.00%,19025393,49769043393,288125.96,0
2016-07-08,21.1329,21.1541,21.1541,21.1329,23494000,0.10%,68555580,49842067580,496994.43,73024186
2016-07-11,21.1541,21.1541,21.1541,21.1541,21845000,0.00%,46710580,49842067580,462111.31,0
2016-07-12,21.1541,21.1541,21.1541,21.1541,23528000,0.00%,23182580,49842067580,497713.66,0
2016-07-13,21.1541,21.1541,21.1541,21.1541,19057000,0.00%,4125580,49842067580,403133.68,0
2016-07-14,21.1541,21.1752,21.1752,21.1541,21539000,0.10%,55678179,49915159179,456092.63,73091598
2016-07-15,21.1752,21.1752,21.1752,21.1752,26333000,0.00%,29345179,49915159179,557606.54,0
2016-07-18,21.1752,21.1752,21.1752,21.1752,17051000,0.00%,12294179,49915159179,361058.34,0
2016-07-19,21.1752,21.1964,21.1964,21.1752,20026000,0.10%,65058222,49987949222,424479.11,72790043
2016-07-20,21.1964,21.1964,21.1964,21.1964,22661000,0.00%,42397222,49987949222,480331.62,0
2016-07-21,21.1964,21.1964,21.1964,21.1964,25160000,0.00%,17237222,49987949222,533301.42,0
2016-07-22,21.1964,21.1964,21.1964,21.1964,13260000,0.00%,3977222,49987949222,281064.26,0
2016-07-25,21.1964,21.2176,21.2176,21.1964,13226000,0.10%,63240646,50060438646,280623.98,72489423
2016-07-26,21.2176,21.2176,21.2176,21.2176,25024000,0.00%,38216646,50060438646,530949.22,0
2016-07-27,21.2176,21.2176,21.2176,21.2176,20553000,0.00%,17663646,50060438646,436085.33,0
2016-07-28,21.2176,21.2388,21.2388,21.2176,19805000,0.10%,70571784,50133151784,420634.43,72713137
2016-07-29,21.2388,21.2388,21.2388,21.2388,22695000,0.00%,47876784,50133151784,482014.57,0
2016-08-01,21.2388,21.2388,21.2388,21.2388,35241000,0.00%,12635784,50133151784,748476.55,0
2016-08-03,21.2388,21.26,21.26,21.2388,31297000,0.10%,54290110,50206103110,665374.22,72951326
2016-08-04,21.26,21.26,21.26,21.26,16388000,0.00%,37902110,50206103110,348408.88,0
2016-08-05,21.26,21.26,21.26,21.26,17051000,0.00%,20851110,50206103110,362504.26,0
2016-08-08,21.26,21.26,21.26,21.26,20247000,0.00%,604110,50206103110,430451.22,0
2016-08-09,21.26,21.2813,21.2813,21.26,13821000,0.10%,59784236,50279104236,294128.85,73001126
2016-08-10,21.2813,21.2813,21.2813,21.2813,12750000,0.00%,47034236,50279104236,271336.58,0
2016-08-11,21.2813,21.2813,21.2813,21.2813,19363000,0.00%,27671236,50279104236,412069.81,0
2016-08-12,21.2813,21.3026,21.3026,21.2813,30855000,0.10%,70210775,50352498775,657291.72,73394539
2016-08-15,21.3026,21.3026,21.3026,21.3026,22423000,0.00%,47787775,50352498775,477668.2,0
2016-08-16,21.3026,21.3026,21.3026,21.3026,41769000,0.00%,6018775,50352498775,889788.3,0
2016-08-17,21.3026,21.3239,21.3239,21.3026,31399000,0.10%,48637058,50426516058,669549.14,74017282
2016-08-18,21.3239,21.3452,21.3452,21.3239,70227000,0.10%,52593692,50500699692,1499009.36,74183634
2016-08-19,21.3452,21.3452,21.3452,21.3452,21369000,0.00%,31224692,50500699692,456125.58,0
2016-08-22,21.3452,21.3452,21.3452,21.3452,19465000,0.00%,11759692,50500699692,415484.32,0
2016-08-23,21.3452,21.3666,21.3666,21.3452,15164000,0.10%,70855144,50574959144,324003.12,74259451
2016-08-24,21.3666,21.3666,21.3666,21.3666,23154000,0.00%,47701144,50574959144,494722.26,0
2016-08-25,21.3666,21.3666,21.3666,21.3666,18683000,0.00%,29018144,50574959144,399192.19,0
2016-08-26,21.3666,21.3666,21.3666,21.3666,13753000,0.00%,15265144,50574959144,293854.85,0
2016-08-29,21.3666,21.3879,21.3879,21.3666,16728000,0.10%,74709883,50651131883,357776.79,76172738
2016-08-30,21.3879,21.3879,21.3879,21.3879,19975000,0.00%,54734883,50651131883,427223.3,0
2016-08-31,21.3879,21.3879,21.3879,21.3879,26044000,0.00%,28690883,50651131883,557026.47,0
2016-09-01,21.3879,21.3879,21.3879,21.3879,23137000,0.00%,5553883,50651131883,494851.84,0
2016-09-02,21.3879,21.4093,21.4093,21.3879,27931000,0.10%,54344596,50727853596,597983.16,76721713
2016-09-05,21.4093,21.4093,21.4093,21.4093,32130000,0.00%,22214596,50727853596,687880.81,0
2016-09-06,21.4093,21.4307,21.4307,21.4093,32402000,0.10%,66036230,50804077230,694397.54,76223633
2016-09-07,21.4307,21.4307,21.4307,21.4307,29937000,0.00%,36099230,50804077230,641570.87,0
2016-09-08,21.4307,21.4307,21.4307,21.4307,26333000,0.00%,9766230,50804077230,564334.62,0
2016-09-09,21.4307,21.4522,21.4522,21.4307,34476000,0.10%,51019212,50879806212,739586.05,75728981
2016-09-12,21.4522,21.4522,21.4522,21.4522,33864000,0.00%,17155212,50879806212,726457.3,0
2016-09-13,21.4522,21.4736,21.4736,21.4522,25279000,0.10%,67610855,50955540855,542831.13,75734642
2016-09-14,21.4736,21.4736,21.4736,21.4736,13090000,0.00%,54520855,50955540855,281089.42,0
2016-09-15,21.4736,21.4736,21.4736,21.4736,30702000,0.00%,23818855,50955540855,659282.47,0
2016-09-19,21.4736,21.4951,21.4951,21.4736,31263000,0.10%,68078766,51031063766,672001.31,75522911
2016-09-20,21.4951,21.4951,21.4951,21.4951,20638000,0.00%,47440766,51031063766,443615.87,0
2016-09-21,21.4951,21.4951,21.4951,21.4951,19567000,0.00%,27873766,51031063766,420594.62,0
2016-09-22,21.4951,21.5166,21.5166,21.4951,30328000,0.10%,73317329,51106835329,652555.44,75771562
2016-09-23,21.5166,21.5166,21.5166,21.5166,42466000,0.00%,30851329,51106835329,913723.94,0
2016-09-26,21.5166,21.5381,21.5381,21.5166,31586000,0.10%,74242045,51181812045,680302.43,74976715
2016-09-27,21.5381,21.5381,21.5381,21.5381,25058000,0.00%,49184045,51181812045,539701.71,0
2016-09-28,21.5381,21.5381,21.5381,21.5381,13889000,0.00%,35295045,51181812045,299142.67,0
2016-09-29,21.5381,21.5381,21.5381,21.5381,18904000,0.00%,16391045,51181812045,407156.24,0
2016-09-30,21.5381,21.5596,21.5596,21.5381,25262000,0.10%,64791534,51255474534,544638.62,73662489
2016-10-03,21.5596,21.5596,21.5596,21.5596,17034000,0.00%,47757534,51255474534,367246.23,0
2016-10-04,21.5596,21.5596,21.5596,21.5596,13141000,0.00%,34616534,51255474534,283314.7,0
2016-10-05,21.5596,21.5596,21.5596,21.5596,11322000,0.00%,23294534,51255474534,244097.79,0
2016-10-06,21.5596,21.5596,21.5596,21.5596,18122000,0.00%,5172534,51255474534,390703.07,0
2016-10-07,21.5596,21.5812,21.5812,21.5596,15130000,0.10%,63228284,51328660284,326523.56,73185749
2016-10-11,21.5812,21.5812,21.5812,21.5812,21607000,0.00%,41621284,51328660284,466304.99,0
2016-10-12,21.5812,21.5812,21.5812,21.5812,28339000,0.00%,13282284,51328660284,611589.63,0
2016-10-13,21.5812,21.6028,21.6028,21.5812,28713000,0.10%,57675017,51401766017,620281.2,73105732
2016-10-14,21.6028,21.6028,21.6028,21.6028,23851000,0.00%,33824017,51401766017,515248.38,0
2016-10-17,21.6028,21.6028,21.6028,21.6028,16609000,0.00%,17215017,51401766017,358800.91,0
2016-10-18,21.6028,21.6244,21.6244,21.6028,20842000,0.10%,69232417,51474625417,450695.74,72859400
2016-10-19,21.6244,21.6244,21.6244,21.6244,12886000,0.00%,56346417,51474625417,278652.02,0
2016-10-20,21.6244,21.6244,21.6244,21.6244,13991000,0.00%,42355417,51474625417,302546.98,0
2016-10-24,21.6244,21.6244,21.6244,21.6244,26469000,0.00%,15886417,51474625417,572376.24,0
2016-10-25,21.6244,21.6244,21.6244,21.6244,14229000,0.00%,1657417,51474625417,307693.59,0
2016-10-26,21.6244,21.646,21.646,21.6244,14926000,0.10%,59331926,51547225926,323088.2,72600508
2016-10-27,21.646,21.646,21.646,21.646,18173000,0.00%,41158926,51547225926,393372.76,0
2016-10-28,21.646,21.646,21.646,21.646,30396000,0.00%,10762926,51547225926,657951.82,0
2016-10-31,21.646,21.6676,21.6676,21.646,20553000,0.10%,62780338,51619796338,445334.18,72570412
2016-11-01,21.6676,21.6676,21.6676,21.6676,25551000,0.00%,37229338,51619796338,553628.85,0
2016-11-02,21.6676,21.6676,21.6676,21.6676,23579000,0.00%,13650338,51619796338,510900.34,0
2016-11-03,21.6676,21.6893,21.6893,21.6676,29682000,0.10%,56557748,51692385748,643781.8,72589409
2016-11-04,21.6893,21.6893,21.6893,21.6893,28934000,0.00%,27623748,51692385748,627558.21,0
2016-11-07,21.6893,21.6893,21.6893,21.6893,27353000,0.00%,270748,51692385748,593267.42,0
2016-11-08,21.6893,21.711,21.711,21.6893,21012000,0.10%,51577853,51764704853,456191.53,72319104
2016-11-09,21.711,21.7327,21.7327,21.711,57205000,0.10%,66668297,51837000297,1243219.1,72295444
2016-11-10,21.7327,21.7327,21.7327,21.7327,32266000,0.00%,34402297,51837000297,701227.3,0
2016-11-11,21.7327,21.7544,21.7544,21.7327,77095000,0.10%,29501007,51909194007,1677155.47,72193709
2016-11-14,21.7544,21.7762,21.7762,21.7544,85561000,0.10%,16128353,51981382353,1863193.45,72188346
2016-11-15,21.7762,21.798,21.798,21.7762,52173000,0.10%,36104888,52053531888,1137267.05,72149534
2016-11-16,21.798,21.8198,21.8198,21.798,45900000,0.10%,62935486,52126262486,1001528.82,72730597
2016-11-17,21.8198,21.8198,21.8198,21.8198,46359000,0.00%,16576486,52126262486,1011544.11,0
2016-11-18,21.8198,21.8416,21.8416,21.8198,29053000,0.10%,60051028,52198790028,634564.0,72527542
2016-11-21,21.8416,21.8416,21.8416,21.8416,25755000,0.00%,34296028,52198790028,562530.41,0
2016-11-22,21.8416,21.8416,21.8416,21.8416,22117000,0.00%,12179028,52198790028,483070.67,0
2016-11-23,21.8416,21.8634,21.8634,21.8416,26571000,0.10%,58061047,52271243047,580932.4,72453019
2016-11-24,21.8634,21.8634,21.8634,21.8634,26282000,0.00%,31779047,52271243047,574613.88,0
2016-11-25,21.8634,21.8634,21.8634,21.8634,13294000,0.00%,18485047,52271243047,290652.04,0
2016-11-28,21.8634,21.8853,21.8853,21.8634,28135000,0.10%,62775457,52343668457,615742.92,72425409
2016-11-29,21.8853,21.8853,21.8853,21.8853,33558000,0.00%,29217457,52343668457,734426.9,0
2016-11-30,21.8853,21.9072,21.9072,21.8853,30413000,0.10%,71419946,52416283946,666263.67,72615489
2016-12-01,21.9072,21.9072,21.9072,21.9072,26299000,0.00%,45120946,52416283946,576137.45,0
2016-12-02,21.9072,21.9291,21.9291,21.9072,53805000,0.10%,64277665,52489245665,1179895.23,72961718
2016-12-05,21.9291,21.9291,21.9291,21.9291,25296000,0.00%,38981665,52489245665,554718.51,0
2016-12-06,21.9291,21.9291,21.9291,21.9291,18411000,0.00%,20570665,52489245665,403736.66,0
2016-12-07,21.9291,21.9291,21.9291,21.9291,16932000,0.00%,3638665,52489245665,371303.52,0
2016-12-08,21.9291,21.951,21.951,21.9291,26826000,0.10%,50175256,52562608256,588857.53,73362591
2016-12-09,21.951,21.951,21.951,21.951,39083000,0.00%,11092256,52562608256,857910.93,0
2016-12-12,21.951,21.973,21.973,21.951,37332000,0.10%,47277816,52636125816,820296.04,73517559
2016-12-13,21.973,21.973,21.973,21.973,27863000,0.00%,19414816,52636125816,612233.7,0
2016-12-14,21.973,21.9949,21.9949,21.973,31501000,0.10%,61203278,52709415278,692861.34,73289461
2016-12-15,21.9949,21.9949,21.9949,21.9949,40477000,0.00%,20726278,52709415278,890287.57,0
2016-12-16,21.9949,22.0169,22.0169,21.9949,37026000,0.10%,56998459,52782713459,815197.74,73298180
2016-12-19,22.0169,22.0169,22.0169,22.0169,18581000,0.00%,38417459,52782713459,409096.02,0
2016-12-20,22.0169,22.0169,22.0169,22.0169,21828000,0.00%,16589459,52782713459,480584.89,0
2016-12-21,22.0169,22.039,22.039,22.0169,19244000,0.10%,69728985,52855096985,424118.52,72383526
2016-12-22,22.039,22.039,22.039,22.039,25551000,0.00%,44177985,52855096985,563118.49,0
2016-12-23,22.039,22.039,22.039,22.039,27812000,0.00%,16365985,52855096985,612948.67,0
2016-12-28,22.039,22.061,22.061,22.039,30974000,0.10%,57205407,52926910407,683317.41,71813421
2016-12-29,22.061,22.061,22.061,22.061,37604000,0.00%,19601407,52926910407,829581.84,0
2016-12-30,22.061,22.0831,22.0831,22.061,23086000,0.10%,68294189,52998689189,509810.45,71778781
2017-01-03,22.0831,22.0831,22.0831,22.0831,17352000,0.00%,50942189,52998689189,383185.95,0
2017-01-04,22.0831,22.0831,22.0831,22.0831,20538000,0.00%,30404189,52998689189,453542.71,0
2017-01-05,22.0831,22.1051,22.1051,22.0831,36972000,0.10%,65050375,53070307375,817269.76,71618185
2017-01-06,22.1051,22.1051,22.1051,22.1051,36144000,0.00%,28906375,53070307375,798966.73,0
2017-01-09,22.1051,22.1051,22.1051,22.1051,24498000,0.00%,4408375,53070307375,541530.74,0
2017-01-10,22.1051,22.1272,22.1272,22.1051,28134000,0.10%,47901274,53141934274,622526.64,71626899
2017-01-11,22.1272,22.1272,22.1272,22.1272,37260000,0.00%,10641274,53141934274,824459.47,0
2017-01-12,22.1272,22.1494,22.1494,22.1272,29448000,0.10%,52980484,53213721484,652255.53,71787209
2017-01-13,22.1494,22.1494,22.1494,22.1494,18288000,0.00%,34692484,53213721484,405068.23,0
2017-01-16,22.1494,22.1494,22.1494,22.1494,20880000,0.00%,13812484,53213721484,462479.47,0
2017-01-17,22.1494,22.1715,22.1715,22.1494,15930000,0.10%,69473863,53285312863,353191.99,71591379
2017-01-18,22.1715,22.1715,22.1715,22.1715,19728000,0.00%,49745863,53285312863,437399.35,0
2017-01-19,22.1715,22.1715,22.1715,22.1715,17388000,0.00%,32357863,53285312863,385518.04,0
2017-01-20,22.1715,22.1715,22.1715,22.1715,13842000,0.00%,18515863,53285312863,306897.9,0
2017-01-23,22.1715,22.1715,22.1715,22.1715,12708000,0.00%,5807863,53285312863,281755.42,0
2017-01-24,22.1715,22.1937,22.1937,22.1715,15894000,0.10%,61479976,53356878976,352746.67,71566113
2017-01-25,22.1937,22.1937,22.1937,22.1937,30636000,0.00%,30843976,53356878976,679926.19,0
2017-01-26,22.1937,22.2159,22.2159,22.1937,37872000,0.10%,64801396,53428708396,841360.56,71829419
2017-01-27,22.2159,22.2159,22.2159,22.2159,15696000,0.00%,49105396,53428708396,348700.77,0
2017-02-01,22.2159,22.2159,22.2159,22.2159,35082000,0.00%,14023396,53428708396,779378.2,0
2017-02-02,22.2159,22.2381,22.2381,22.2159,25650000,0.10%,59605406,53499940406,570407.27,71232009
2017-02-03,22.2381,22.2381,22.2381,22.2381,22554000,0.00%,37051406,53499940406,501558.11,0
2017-02-06,22.2381,22.2381,22.2381,22.2381,16632000,0.00%,20419406,53499940406,369864.08,0
2017-02-07,22.2381,22.2603,22.2603,22.2381,20772000,0.10%,71248334,53571541334,462390.95,71600928
2017-02-08,22.2603,22.2603,22.2603,22.2603,28764000,0.00%,42484334,53571541334,640295.27,0
2017-02-09,22.2603,22.2603,22.2603,22.2603,23346000,0.00%,19138334,53571541334,519688.96,0
2017-02-10,22.2603,22.2826,22.2826,22.2603,24012000,0.10%,66938260,53643353260,535049.79,71811926
2017-02-13,22.2826,22.2826,22.2826,22.2826,20646000,0.00%,46292260,53643353260,460046.56,0
2017-02-14,22.2826,22.2826,22.2826,22.2826,21132000,0.00%,25160260,53643353260,470875.9,0
2017-02-15,22.2826,22.3049,22.3049,22.2826,37746000,0.10%,60166147,53716105147,841920.76,72751887
2017-02-16,22.3049,22.3049,22.3049,22.3049,55170000,0.00%,4996147,53716105147,1230561.33,0
2017-02-17,22.3049,22.3272,22.3272,22.3049,33426000,0.10%,44246637,53788781637,746308.99,72676489
2017-02-20,22.3272,22.3272,22.3272,22.3272,25902000,0.00%,18344637,53788781637,578319.13,0
2017-02-21,22.3272,22.3495,22.3495,22.3272,26964000,0.10%,64110522,53861511522,602631.92,72729885
2017-02-22,22.3495,22.3495,22.3495,22.3495,25704000,0.00%,38406522,53861511522,574471.55,0
2017-02-23,22.3495,22.3495,22.3495,22.3495,28314000,0.00%,10092522,53861511522,632803.74,0
2017-02-24,22.3495,22.3719,22.3719,22.3495,30996000,0.10%,51727682,53934142682,693439.41,72631159
2017-02-27,22.3719,22.3719,22.3719,22.3719,25452000,0.00%,26275682,53934142682,569409.6,0
2017-02-28,22.3719,22.3942,22.3942,22.3719,29448000,0.10%,69201140,54006516140,659464.4,72373458
2017-03-01,22.3942,22.3942,22.3942,22.3942,34470000,0.00%,34731140,54006516140,771928.07,0
2017-03-02,22.3942,22.3942,22.3942,22.3942,28458000,0.00%,6273140,54006516140,637294.14,0
2017-03-03,22.3942,22.4166,22.4166,22.3942,29214000,0.10%,49620032,54079077032,654878.55,72560892
2017-03-06,22.4166,22.4166,22.4166,22.4166,20466000,0.00%,29154032,54079077032,458778.14,0
2017-03-07,22.4166,22.4166,22.4166,22.4166,21690000,0.00%,7464032,54079077032,486216.05,0
2017-03-08,22.4166,22.439,22.439,22.4166,19548000,0.10%,60670252,54151831252,438637.57,72754219
2017-03-09,22.439,22.439,22.439,22.439,25416000,0.00%,35254252,54151831252,570309.62,0
2017-03-10,22.439,22.439,22.439,22.439,28584000,0.00%,6670252,54151831252,641396.38,0
2017-03-13,22.439,22.4615,22.4615,22.439,36018000,0.10%,43506358,54224685358,809018.31,72854106
2017-03-14,22.4615,22.4615,22.4615,22.4615,27180000,0.00%,16326358,54224685358,610503.57,0
2017-03-15,22.4615,22.4839,22.4839,22.4615,19332000,0.10%,70104605,54297795605,434658.75,73110246
2017-03-16,22.4839,22.4839,22.4839,22.4839,48906000,0.00%,21198605,54297795605,1099597.61,0
2017-03-17,22.4839,22.5064,22.5064,22.4839,39798000,0.10%,54721055,54371116055,895709.71,73320450
2017-03-20,22.5064,22.5064,22.5064,22.5064,44100000,0.00%,10621055,54371116055,992532.24,0
2017-03-21,22.5064,22.5289,22.5289,22.5064,51030000,0.10%,32714648,54444239648,1149649.77,73123593
2017-03-22,22.5289,22.5515,22.5515,22.5289,44694000,0.10%,60999209,54517218209,1007916.74,72978560
2017-03-23,22.5515,22.574,22.574,22.5515,71370000,0.10%,62531917,54590120917,1611106.38,72902707
2017-03-24,22.574,22.574,22.574,22.574,29898000,0.00%,32633917,54590120917,674917.45,0
2017-03-27,22.574,22.5966,22.5966,22.574,37098000,0.10%,68336934,54662921934,838288.67,72801017
2017-03-28,22.5966,22.5966,22.5966,22.5966,25938000,0.00%,42398934,54662921934,586110.61,0
2017-03-29,22.5966,22.5966,22.5966,22.5966,29033999,0.00%,13364934,54662921934,656069.68,0
2017-03-30,22.5966,22.6192,22.6192,22.5966,31302000,0.10%,55291913,54736150913,708026.2,73228978
2017-03-31,22.6192,22.6192,22.6192,22.6192,29016000,0.00%,26275913,54736150913,656318.71,0
2017-04-03,22.6192,22.6192,22.6192,22.6192,23472000,0.00%,2803913,54736150913,530917.86,0
2017-04-05,22.6192,22.6418,22.6418,22.6192,38826000,0.10%,37402714,54809575714,879090.53,73424801
2017-04-06,22.6418,22.6418,22.6418,22.6418,20142000,0.00%,17260714,54809575714,456051.14,0
2017-04-07,22.6418,22.6645,22.6645,22.6418,26874000,0.10%,64229551,54883418551,609085.77,73842836
2017-04-10,22.6645,22.6645,22.6645,22.6645,13464000,0.00%,50765551,54883418551,305154.83,0
2017-04-11,22.6645,22.6645,22.6645,22.6645,17010000,0.00%,33755551,54883418551,385523.15,0
2017-04-12,22.6645,22.6645,22.6645,22.6645,28332000,0.00%,5423551,54883418551,642130.61,0
2017-04-13,22.6645,22.6871,22.6871,22.6645,37188000,0.10%,42539051,54957722051,843687.87,74303500
2017-04-18,22.6871,22.6871,22.6871,22.6871,26658000,0.00%,15881051,54957722051,604792.71,0
2017-04-19,22.6871,22.7098,22.7098,22.6871,29898000,0.10%,60330021,55032069021,678977.6,74346969
2017-04-20,22.7098,22.7098,22.7098,22.7098,38520000,0.00%,21810021,55032069021,874781.5,0
2017-04-21,22.7098,22.7325,22.7325,22.7098,30582000,0.10%,65571449,55106412449,695205.32,74343428
2017-04-24,22.7325,22.7325,22.7325,22.7325,26190000,0.00%,39381449,55106412449,595364.18,0
2017-04-25,22.7325,22.7325,22.7325,22.7325,33822000,0.00%,5559449,55106412449,768858.61,0
2017-04-26,22.7325,22.7552,22.7552,22.7325,37098000,0.10%,42211648,55180162648,844172.41,73750198
2017-04-27,22.7552,22.7552,22.7552,22.7552,31140000,0.00%,11071648,55180162648,708596.93,0
2017-04-28,22.7552,22.778,22.778,22.7552,24210000,0.10%,61024910,55254325910,551455.38,74163261
2017-05-02,22.778,22.778,22.778,22.778,34884000,0.00%,26140910,55254325910,794587.75,0
2017-05-04,22.778,22.8008,22.8008,22.778,42588000,0.10%,57724249,55328497249,971040.47,74171338
2017-05-05,22.8008,22.8008,22.8008,22.8008,26820000,0.00%,30904249,55328497249,611517.46,0
2017-05-08,22.8008,22.8236,22.8236,22.8008,34758000,0.10%,70298561,55402649561,793302.69,74152312
2017-05-09,22.8236,22.8236,22.8236,22.8236,35424000,0.00%,34874561,55402649561,808503.21,0
2017-05-10,22.8236,22.8464,22.8464,22.8236,53262000,0.10%,55686267,55476723267,1216844.96,74073705
2017-05-11,22.8464,22.8464,22.8464,22.8464,36522000,0.00%,19164267,55476723267,834396.22,0
2017-05-12,22.8464,22.8692,22.8692,22.8464,46530000,0.10%,46848434,55550937434,1064103.88,74214167
2017-05-15,22.8692,22.8692,22.8692,22.8692,38826000,0.00%,8022434,55550937434,887919.56,0
2017-05-16,22.8692,22.8921,22.8921,22.8692,41310000,0.10%,40959728,55625184728,945672.65,74247294
2017-05-17,22.8921,22.8921,22.8921,22.8921,32418000,0.00%,8541728,55625184728,742116.1,0
2017-05-18,22.8921,22.9379,22.9379,22.8921,97272000,0.20%,60454943,55774369943,2231215.41,149185215
2017-05-19,22.9379,22.9379,22.9379,22.9379,52740000,0.00%,7714943,55774369943,1209744.85,0
2017-05-22,22.9379,22.9609,22.9609,22.9379,48888000,0.10%,33766555,55849309555,1122512.48,74939611
2017-05-23,22.9609,22.9838,22.9838,22.9609,62910000,0.10%,45598916,55924051916,1445910.86,74742361
2017-05-24,22.9838,22.9838,22.9838,22.9838,41652000,0.00%,3946916,55924051916,957321.24,0
2017-05-25,22.9838,23.0068,23.0068,22.9838,32508000,0.10%,45938045,55998551045,747905.05,74499129
2017-05-26,23.0068,23.0068,23.0068,23.0068,30276000,0.00%,15662045,55998551045,696553.88,0
2017-05-29,23.0068,23.0298,23.0298,23.0068,30204000,0.10%,59529678,56072622678,695592.08,74071632
2017-05-31,23.0298,23.0528,23.0528,23.0298,66960000,0.10%,66681403,56146734403,1543615.49,74111725
2017-06-01,23.0528,23.0528,23.0528,23.0528,57384000,0.00%,9297403,56146734403,1322861.88,0
2017-06-02,23.0528,23.0759,23.0759,23.0528,32508000,0.10%,50884764,56220829764,750151.36,74095361
2017-06-05,23.0759,23.0759,23.0759,23.0759,22428000,0.00%,28456764,56220829764,517546.29,0
2017-06-06,23.0759,23.0759,23.0759,23.0759,22302000,0.00%,6154764,56220829764,514638.72,0
2017-06-07,23.0759,23.099,23.099,23.0759,23544000,0.10%,56882786,56295101786,543842.86,74272021
2017-06-08,23.099,23.099,23.099,23.099,26982000,0.00%,29900786,56295101786,623257.22,0
2017-06-09,23.099,23.1452,23.1452,23.099,124524000,0.20%,54126324,56443851324,2882132.88,148749537
2017-06-12,23.1452,23.1683,23.1683,23.1452,68436000,0.10%,59865368,56518026368,1585545.78,74175043
2017-06-13,23.1683,23.1683,23.1683,23.1683,41400000,0.00%,18465368,56518026368,959167.62,0
2017-06-14,23.1683,23.1915,23.1915,23.1683,40698000,0.10%,52130963,56592389963,943847.67,74363595
2017-06-15,23.1915,23.1915,23.1915,23.1915,32796000,0.00%,19334963,56592389963,760588.43,0
2017-06-16,23.1915,23.2147,23.2147,23.1915,37674000,0.10%,56289688,56667018688,874590.61,74628724
2017-06-19,23.2147,23.2147,23.2147,23.2147,30528000,0.00%,25761688,56667018688,708698.36,0
2017-06-20,23.2147,23.2379,23.2379,23.2147,28998000,0.10%,72305709,56742560709,673852.62,75542021
2017-06-21,23.2379,23.2379,23.2379,23.2379,29736000,0.00%,42569709,56742560709,691002.19,0
2017-06-22,23.2379,23.2379,23.2379,23.2379,28026000,0.00%,14543709,56742560709,651265.39,0
2017-06-23,23.2379,23.2612,23.2612,23.2379,22968000,0.10%,68523461,56819508461,534263.24,76947751
2017-06-26,23.2612,23.2612,23.2612,23.2612,29628000,0.00%,38895461,56819508461,689182.83,0
2017-06-27,23.2612,23.2612,23.2612,23.2612,36054000,0.00%,2841461,56819508461,838659.3,0
2017-06-28,23.2612,23.2844,23.2844,23.2612,45684000,0.10%,35050057,56897401057,1063724.53,77892596
2017-06-29,23.2844,23.2844,23.2844,23.2844,28656000,0.00%,6394057,56897401057,667237.77,0
2017-06-30,23.2844,23.3077,23.3077,23.2844,37656000,0.10%,46542244,56975205244,877674.75,77804186
2017-07-03,23.3077,23.3077,23.3077,23.3077,23364000,0.00%,23178244,56975205244,544561.1,0
2017-07-04,23.3077,23.331,23.331,23.3077,70236000,0.10%,30753165,57053016165,1638676.12,77810920
2017-07-05,23.331,23.3543,23.3543,23.331,80046000,0.10%,28288449,57130597449,1869418.3,77581283
2017-07-06,23.3543,23.3777,23.3777,23.3543,30420000,0.10%,75359518,57208088518,711149.63,77491068
2017-07-07,23.3777,23.3777,23.3777,23.3777,32490000,0.00%,42869518,57208088518,759541.47,0
2017-07-10,23.3777,23.3777,23.3777,23.3777,23472000,0.00%,19397518,57208088518,548721.37,0
2017-07-11,23.3777,23.4011,23.4011,23.3777,33984000,0.10%,62447243,57285122243,795262.98,77033725
2017-07-12,23.4011,23.4011,23.4011,23.4011,27720000,0.00%,34727243,57285122243,648678.49,0
2017-07-13,23.4011,23.4011,23.4011,23.4011,34002000,0.00%,725243,57285122243,795684.2,0
2017-07-14,23.4011,23.4245,23.4245,23.4011,21366000,0.10%,56010901,57361773901,500487.87,76651658
2017-07-17,23.4245,23.4245,23.4245,23.4245,25758000,0.00%,30252901,57361773901,603368.27,0
2017-07-18,23.4245,23.4245,23.4245,23.4245,20466000,0.00%,9786901,57361773901,479405.82,0
2017-07-19,23.4245,23.4479,23.4479,23.4245,51084000,0.10%,35227073,57438298073,1197812.52,76524171
2017-07-20,23.4479,23.4479,23.4479,23.4479,28800000,0.00%,6427073,57438298073,675299.52,0
2017-07-21,23.4479,23.4713,23.4713,23.4479,20826000,0.10%,61898928,57514595928,488813.29,76297855
2017-07-24,23.4713,23.4713,23.4713,23.4713,28044000,0.00%,33854928,57514595928,658229.14,0
2017-07-25,23.4713,23.4713,23.4713,23.4713,33012000,0.00%,842928,57514595928,774834.56,0
2017-07-26,23.4713,23.4948,23.4948,23.4713,27792000,0.10%,49639965,57591184965,652967.48,76589036
2017-07-27,23.4948,23.4948,23.4948,23.4948,31158000,0.00%,18481965,57591184965,732050.98,0
2017-07-28,23.4948,23.5183,23.5183,23.4948,40068000,0.10%,55258546,57668029546,942331.24,76844580
2017-07-31,23.5183,23.5183,23.5183,23.5183,38898000,0.00%,16360546,57668029546,914814.83,0
2017-08-01,23.5183,23.5418,23.5418,23.5183,37440000,0.10%,55583170,57744692170,881404.99,76662624
2017-08-02,23.5418,23.5418,23.5418,23.5418,33282000,0.00%,22301170,57744692170,783518.19,0
2017-08-03,23.5418,23.5654,23.5654,23.5418,42246000,0.10%,56957460,57821594460,995543.89,76902290
2017-08-04,23.5654,23.5654,23.5654,23.5654,30996000,0.00%,25961460,57821594460,730433.14,0
2017-08-07,23.5654,23.5889,23.5889,23.5654,38340000,0.10%,65024630,57898997630,904398.43,77403169
2017-08-08,23.5889,23.5889,23.5889,23.5889,40986000,0.00%,24038630,57898997630,966814.66,0
2017-08-09,23.5889,23.6125,23.6125,23.5889,46908000,0.10%,55186658,57977053658,1107615.15,78056028
2017-08-10,23.6125,23.6125,23.6125,23.6125,49662000,0.00%,5524658,57977053658,1172643.98,0
2017-08-11,23.6125,23.6598,23.6598,23.6125,103806000,0.20%,58613882,58133948882,2456029.2,156895223
2017-08-14,23.6598,23.6598,23.6598,23.6598,55188000,0.00%,3425882,58133948882,1305737.04,0
2017-08-15,23.6598,23.6834,23.6834,23.6598,43074000,0.10%,40012971,58213609971,1020138.77,79661088
2017-08-16,23.6834,23.7071,23.7071,23.6834,42462000,0.10%,77598734,58293657734,1006650.88,80047763
2017-08-17,23.7071,23.7308,23.7308,23.7071,79794000,0.10%,78422006,58374275006,1893575.46,80617271
2017-08-18,23.7308,23.7308,23.7308,23.7308,43596000,0.00%,34826006,58374275006,1034567.96,0
2017-08-21,23.7308,23.7308,23.7308,23.7308,28098000,0.00%,6728006,58374275006,666788.02,0
2017-08-22,23.7308,23.7546,23.7546,23.7308,26478000,0.10%,60885149,58454910149,628974.3,80635143
2017-08-24,23.7546,23.7546,23.7546,23.7546,42174000,0.00%,18711149,58454910149,1001826.5,0
2017-08-25,23.7546,23.7783,23.7783,23.7546,35874000,0.10%,64276535,58536349535,853022.73,81439385
2017-08-28,23.7783,23.7783,23.7783,23.7783,40212000,0.00%,24064535,58536349535,956173.0,0
2017-08-29,23.7783,23.8021,23.8021,23.7783,39978000,0.10%,66204933,58618467933,951560.35,82118398
2017-08-30,23.8021,23.8021,23.8021,23.8021,31734000,0.00%,34470933,58618467933,755335.84,0
2017-08-31,23.8021,23.8021,23.8021,23.8021,31176000,0.00%,3294933,58618467933,742054.27,0
2017-09-01,23.8021,23.8259,23.8259,23.8021,42210000,0.10%,42828313,58700211313,1005691.24,81743379
2017-09-04,23.8259,23.8259,23.8259,23.8259,27936000,0.00%,14892313,58700211313,665600.34,0
2017-09-05,23.8259,23.8497,23.8497,23.8259,24912000,0.10%,73270111,58783501111,594143.73,83289798
2017-09-06,23.8497,23.8497,23.8497,23.8497,31068000,0.00%,42202111,58783501111,740962.48,0
2017-09-07,23.8497,23.8497,23.8497,23.8497,29195999,0.00%,13006111,58783501111,696315.84,0
2017-09-08,23.8497,23.8736,23.8736,23.8497,19512000,0.10%,77229843,58867236843,465821.68,83735732
2017-09-11,23.8736,23.8736,23.8736,23.8736,42930000,0.00%,34299843,58867236843,1024893.65,0
2017-09-12,23.8736,23.8736,23.8736,23.8736,27486000,0.00%,6813843,58867236843,656189.77,0
2017-09-13,23.8736,23.8974,23.8974,23.8736,26640000,0.10%,64253192,58951316192,636626.74,84079348
2017-09-14,23.8974,23.8974,23.8974,23.8974,34308000,0.00%,29945192,58951316192,819872.0,0
2017-09-15,23.8974,23.9213,23.9213,23.8974,44226000,0.10%,69838031,59035435031,1057943.41,84118839
2017-09-18,23.9213,23.9213,23.9213,23.9213,33102000,0.00%,36736031,59035435031,791842.87,0
2017-09-19,23.9213,23.9453,23.9453,23.9213,39510000,0.10%,81332297,59119541297,946078.8,84106265
2017-09-20,23.9453,23.9453,23.9453,23.9453,24606000,0.00%,56726297,59119541297,589198.05,0
2017-09-21,23.9453,23.9453,23.9453,23.9453,26802000,0.00%,29924297,59119541297,641781.93,0
2017-09-22,23.9453,23.9453,23.9453,23.9453,25830000,0.00%,4094297,59119541297,618507.1,0
2017-09-25,23.9453,23.9692,23.9692,23.9453,40194000,0.10%,48598489,59204239489,963418.02,84698192
2017-09-26,23.9692,23.9932,23.9932,23.9692,62496000,0.10%,71033314,59289170314,1499479.03,84930825
2017-09-27,23.9932,23.9932,23.9932,23.9932,24336000,0.00%,46697314,59289170314,583898.52,0
2017-09-28,23.9932,23.9932,23.9932,23.9932,31122000,0.00%,15575314,59289170314,746716.37,0
2017-09-29,23.9932,24.0172,24.0172,23.9932,23148000,0.10%,78351604,59375094604,555950.15,85924289
2017-10-03,24.0172,24.0172,24.0172,24.0172,33336000,0.00%,45015604,59375094604,800637.38,0
2017-10-04,24.0172,24.0172,24.0172,24.0172,21078000,0.00%,23937604,59375094604,506234.54,0
2017-10-06,24.0172,24.0412,24.0412,24.0172,24048000,0.10%,86181808,59461386808,578142.78,86292204
2017-10-09,24.0412,24.0412,24.0412,24.0412,24228000,0.00%,61953808,59461386808,582470.19,0
2017-10-10,24.0412,24.0412,24.0412,24.0412,19476000,0.00%,42477808,59461386808,468226.41,0
2017-10-11,24.0412,24.0412,24.0412,24.0412,31752000,0.00%,10725808,59461386808,763356.18,0
2017-10-12,24.0412,24.0652,24.0652,24.0412,26766000,0.10%,70931987,59548358987,644129.14,86972178
2017-10-13,24.0652,24.0652,24.0652,24.0652,37674000,0.00%,33257987,59548358987,906632.34,0
2017-10-16,24.0652,24.0652,24.0652,24.0652,31662000,0.00%,1595987,59548358987,761952.36,0
2017-10-17,24.0652,24.0893,24.0893,24.0652,23202000,0.10%,65766360,59635731360,558919.94,87372372
2017-10-18,24.0893,24.0893,24.0893,24.0893,21546000,0.00%,44220360,59635731360,519028.06,0
2017-10-19,24.0893,24.0893,24.0893,24.0893,38916000,0.00%,5304360,59635731360,937459.2,0
2017-10-20,24.0893,24.1134,24.1134,24.0893,25776000,0.10%,66988564,59723191564,621547.0,87460204
2017-10-23,24.1134,24.1134,24.1134,24.1134,17586000,0.00%,49402564,59723191564,424058.25,0
2017-10-24,24.1134,24.1134,24.1134,24.1134,27756000,0.00%,21646564,59723191564,669291.53,0
2017-10-25,24.1134,24.1375,24.1375,24.1134,23382000,0.10%,86209679,59811136679,564383.03,87945114
2017-10-26,24.1375,24.1375,24.1375,24.1375,28494000,0.00%,57715679,59811136679,687773.93,0
2017-10-27,24.1375,24.1375,24.1375,24.1375,29088000,0.00%,28627679,59811136679,702111.6,0
2017-10-30,24.1375,24.1616,24.1616,24.1375,29772000,0.10%,87510551,59899791551,719339.16,88654872
2017-10-31,24.1616,24.1616,24.1616,24.1616,22878000,0.00%,64632551,59899791551,552769.08,0
2017-11-01,24.1616,24.1616,24.1616,24.1616,39654000,0.00%,24978551,59899791551,958104.09,0
2017-11-02,24.1616,24.1858,24.1858,24.1616,32274000,0.10%,81512164,59988599164,780572.51,88807612
2017-11-03,24.1858,24.1858,24.1858,24.1858,29933999,0.00%,51578164,59988599164,723977.74,0
2017-11-06,24.1858,24.1858,24.1858,24.1858,45072000,0.00%,6506164,59988599164,1090102.38,0
2017-11-07,24.1858,24.21,24.21,24.1858,46062000,0.10%,49607484,60077762484,1115161.02,89163319
2017-11-08,24.21,24.2342,24.2342,24.21,79164000,0.10%,59960497,60167279497,1918476.21,89517012
2017-11-09,24.2342,24.2342,24.2342,24.2342,43038000,0.00%,16922497,60167279497,1042991.5,0
2017-11-10,24.2342,24.2584,24.2584,24.2342,30870000,0.10%,76854083,60258081083,748856.81,90801586
2017-11-13,24.2584,24.2584,24.2584,24.2584,31806000,0.00%,45048083,60258081083,771562.67,0
2017-11-14,24.2584,24.2584,24.2584,24.2584,36882000,0.00%,8166083,60258081083,894698.31,0
2017-11-15,24.2584,24.2827,24.2827,24.2584,42192000,0.10%,56866349,60348973349,1024535.68,90892265
2017-11-16,24.2827,24.307,24.307,24.2827,58644000,0.10%,89296935,60440047935,1425459.71,91074585
2017-11-17,24.307,24.307,24.307,24.307,62172000,0.00%,27124935,60440047935,1511214.8,0
2017-11-20,24.307,24.3313,24.3313,24.307,63414000,0.10%,54291963,60530628963,1542945.06,90581028
2017-11-21,24.3313,24.3556,24.3556,24.3313,90846000,0.10%,54112631,60621295631,2212608.84,90666668
2017-11-22,24.3556,24.38,24.38,24.3556,71280000,0.10%,73377510,60711840510,1737806.4,90544879
2017-11-23,24.38,24.38,24.38,24.38,57617999,0.00%,15759510,60711840510,1404726.84,0
2017-11-24,24.38,24.4043,24.4043,24.38,59526000,0.10%,46804776,60802411776,1452690.36,90571265
2017-11-27,24.4043,24.4043,24.4043,24.4043,46350000,0.00%,454776,60802411776,1131139.3,0
2017-11-28,24.4043,24.4287,24.4287,24.4043,70938000,0.10%,19956073,60892851073,1732923.12,90439297
2017-11-29,24.4287,24.4532,24.4532,24.4287,48726000,0.10%,61704595,60983325595,1191506.62,90474522
2017-11-30,24.4532,24.4776,24.4776,24.4532,100746000,0.10%,51407785,61073774785,2466020.29,90449189
2017-12-01,24.4776,24.5266,24.5266,24.4776,142254000,0.20%,89408177,61254029177,3489006.96,180254392
2017-12-04,24.5266,24.5266,24.5266,24.5266,83034000,0.00%,6374177,61254029177,2036541.7,0
2017-12-05,24.5266,24.5511,24.5511,24.5266,79902000,0.10%,16277679,61343834679,1961681.99,89805501
2017-12-06,24.5511,24.5757,24.5757,24.5511,104940000,0.10%,802076,61433299076,2578973.96,89464396
2017-12-07,24.5757,24.6003,24.6003,24.5757,70614000,0.10%,19688938,61522799938,1737125.58,89500862
2017-12-08,24.6003,24.6249,24.6249,24.6003,74628000,0.10%,34202602,61611941602,1837707.04,89141663
2017-12-11,24.6249,24.6495,24.6495,24.6249,57636000,0.10%,65573858,61700948858,1420698.58,89007256
2017-12-12,24.6495,24.6495,24.6495,24.6495,58572000,0.00%,7001858,61700948858,1443770.51,0
2017-12-13,24.6495,24.6741,24.6741,24.6495,40734000,0.10%,55491646,61790172646,1005074.79,89223787
2017-12-14,24.6741,24.6741,24.6741,24.6741,30024000,0.00%,25467646,61790172646,740815.18,0
2017-12-15,24.6741,24.6988,24.6988,24.6741,41760000,0.10%,73217490,61879682490,1031421.89,89509844
2017-12-18,24.6988,24.6988,24.6988,24.6988,36468000,0.00%,36749490,61879682490,900715.84,0
2017-12-19,24.6988,24.7235,24.7235,24.6988,37998000,0.10%,88393303,61969324303,939443.55,89641812
2017-12-20,24.7235,24.7235,24.7235,24.7235,24102000,0.00%,64291303,61969324303,595885.8,0
2017-12-21,24.7235,24.7235,24.7235,24.7235,33174000,0.00%,31117303,61969324303,820177.39,0
2017-12-22,24.7235,24.7235,24.7235,24.7235,29069999,0.00%,2047303,61969324303,718712.15,0
2017-12-27,24.7235,24.7482,24.7482,24.7235,30024000,0.10%,62686482,62059987482,743039.96,90663179
2017-12-28,24.7482,24.7482,24.7482,24.7482,20988000,0.00%,41698482,62059987482,519415.22,0
2017-12-29,24.7482,24.7482,24.7482,24.7482,29880000,0.00%,11818482,62059987482,739476.22,0
2018-01-02,24.7482,24.773,24.773,24.7482,45752000,0.10%,57086031,62151007031,1133414.3,91019549
2018-01-03,24.773,24.773,24.773,24.773,43282000,0.00%,13804031,62151007031,1072224.99,0
2018-01-04,24.773,24.7977,24.7977,24.773,53010000,0.10%,51783404,62241996404,1314526.08,90989373
2018-01-05,24.7977,24.7977,24.7977,24.7977,37924000,0.00%,13859404,62241996404,940427.97,0
2018-01-08,24.7977,24.8225,24.8225,24.7977,34181000,0.10%,70504247,62332822247,848457.87,90825842
2018-01-09,24.8225,24.8225,24.8225,24.8225,46512000,0.00%,23992247,62332822247,1154544.12,0
2018-01-10,24.8225,24.8474,24.8474,24.8225,34219000,0.10%,80916341,62423965341,850253.18,91143094
2018-01-11,24.8474,24.8474,24.8474,24.8474,52516000,0.00%,28400341,62423965341,1304886.06,0
2018-01-12,24.8474,24.8722,24.8722,24.8474,36480000,0.10%,83329709,62515374709,907337.86,91409367
2018-01-15,24.8722,24.8722,24.8722,24.8722,44441000,0.00%,38888709,62515374709,1105345.44,0
2018-01-16,24.8722,24.8971,24.8971,24.8722,39121000,0.10%,91122563,62606729563,973999.45,91354853
2018-01-17,24.8971,24.8971,24.8971,24.8971,47272000,0.00%,43850563,62606729563,1176935.71,0
2018-01-18,24.8971,24.8971,24.8971,24.8971,41420000,0.00%,2430563,62606729563,1031237.88,0
2018-01-19,24.8971,24.922,24.922,24.8971,28025000,0.10%,65685324,62698009324,698439.05,91279761
2018-01-22,24.922,24.922,24.922,24.922,36784000,0.00%,28901324,62698009324,916730.85,0
2018-01-23,24.922,24.9469,24.9469,24.922,45353000,0.10%,74994105,62789455105,1131416.76,91445781
2018-01-24,24.9469,24.9469,24.9469,24.9469,47367000,0.00%,27627105,62789455105,1181659.81,0
2018-01-25,24.9469,24.9719,24.9719,24.9469,52687000,0.10%,66639695,62881154695,1315694.5,91699589
2018-01-26,24.9719,24.9719,24.9719,24.9719,41819000,0.00%,24820695,62881154695,1044299.89,0
2018-01-29,24.9719,24.9968,24.9968,24.9719,42750000,0.10%,73706184,62972790184,1068613.2,91635489
2018-01-30,24.9968,24.9968,24.9968,24.9968,42294000,0.00%,31412184,62972790184,1057214.66,0
2018-01-31,24.9968,25.0218,25.0218,24.9968,52459000,0.10%,70722179,63064559179,1312618.61,91768995
2018-02-01,25.0218,25.0218,25.0218,25.0218,32528000,0.00%,38194179,63064559179,813909.11,0
2018-02-02,25.0218,25.0468,25.0468,25.0218,46227000,0.10%,83544504,63156136504,1157838.42,91577324
2018-02-05,25.0468,25.0468,25.0468,25.0468,76741000,0.00%,6803504,63156136504,1922116.48,0
2018-02-06,25.0468,25.097,25.097,25.0468,165015000,0.20%,27017038,63341365038,4141381.46,185228534
2018-02-07,25.097,25.1221,25.1221,25.097,115995000,0.10%,3483947,63433826947,2914037.99,92461908
2018-02-08,25.1221,25.1472,25.1472,25.1221,67336000,0.10%,28391172,63526070172,1693311.86,92243225
2018-02-09,25.1472,25.1975,25.1975,25.1472,131404000,0.20%,81598533,63710681533,3311052.29,184611360
2018-02-12,25.1975,25.1975,25.1975,25.1975,64315000,0.00%,17283533,63710681533,1620577.21,0
2018-02-13,25.1975,25.2227,25.2227,25.1975,45049000,0.10%,64674386,63803121386,1136257.41,92439852
2018-02-14,25.2227,25.2227,25.2227,25.2227,42351000,0.00%,22323386,63803121386,1068206.57,0
2018-02-15,25.2227,25.2479,25.2479,25.2227,31065000,0.10%,84760923,63896623923,784326.01,93502537
2018-02-20,25.2479,25.2479,25.2479,25.2479,38912000,0.00%,45848923,63896623923,982446.28,0
2018-02-21,25.2479,25.2479,25.2479,25.2479,38760000,0.00%,7088923,63896623923,978608.6,0
2018-02-22,25.2479,25.2732,25.2732,25.2479,42541000,0.10%,60257840,63992333840,1075147.2,95709917
2018-02-23,25.2732,25.2732,25.2732,25.2732,28481000,0.00%,31776840,63992333840,719806.01,0
2018-02-26,25.2732,25.2984,25.2984,25.2732,40375000,0.10%,87990565,64088922565,1021422.9,96588725
2018-02-27,25.2984,25.2984,25.2984,25.2984,41819000,0.00%,46171565,64088922565,1057953.79,0
2018-02-28,25.2984,25.3237,25.3237,25.2984,61864000,0.10%,81737315,64186352315,1566625.38,97429749
2018-03-01,25.3237,25.3237,25.3237,25.3237,51509000,0.00%,30228315,64186352315,1304398.46,0
2018-03-02,25.3237,25.3491,25.3491,25.3237,49191000,0.10%,79685134,64285000134,1246947.58,98647819
2018-03-05,25.3491,25.3491,25.3491,25.3491,45676000,0.00%,34009134,64285000134,1157845.49,0
2018-03-06,25.3491,25.3744,25.3744,25.3491,47139000,0.10%,88133699,64386263699,1196123.84,101263564
2018-03-07,25.3744,25.3744,25.3744,25.3744,36594000,0.00%,51539699,64386263699,928550.79,0
2018-03-08,25.3744,25.3744,25.3744,25.3744,33269000,0.00%,18270699,64386263699,844180.91,0
2018-03-09,25.3744,25.3998,25.3998,25.3744,24757000,0.10%,97462909,64490212909,628822.85,103949210
2018-03-12,25.3998,25.3998,25.3998,25.3998,48469000,0.00%,48993909,64490212909,1231102.91,0
2018-03-13,25.3998,25.3998,25.3998,25.3998,35150000,0.00%,13843909,64490212909,892802.97,0
2018-03-14,25.3998,25.4252,25.4252,25.3998,42959000,0.10%,76193329,64595521329,1092241.17,105308419
2018-03-15,25.4252,25.4252,25.4252,25.4252,46930000,0.00%,29263329,64595521329,1193204.64,0
2018-03-16,25.4252,25.4506,25.4506,25.4252,45410000,0.10%,89368887,64701036887,1155711.75,105515558
2018-03-19,25.4506,25.4506,25.4506,25.4506,30951000,0.00%,58417887,64701036887,787721.52,0
2018-03-20,25.4506,25.4506,25.4506,25.4506,41705000,0.00%,16712887,64701036887,1061417.27,0
2018-03-21,25.4506,25.4761,25.4761,25.4506,53656000,0.10%,69146019,64807126019,1366945.62,106089131
2018-03-22,25.4761,25.5015,25.5015,25.4761,136515000,0.10%,38605788,64913100788,3481337.27,105974769
2018-03-23,25.5015,25.6549,25.6549,25.5015,586036000,0.60%,84879945,65545410945,15034694.98,632310157
2018-03-26,25.6549,25.6806,25.6806,25.6549,89870000,0.10%,97778383,65648179383,2307915.52,102768438
2018-03-27,25.6806,25.6806,25.6806,25.6806,81016000,0.00%,16762383,65648179383,2080539.49,0
2018-03-28,25.6806,25.7063,25.7063,25.6806,93024000,0.10%,26133484,65750574484,2391302.85,102395100
2018-03-29,25.7063,25.732,25.732,25.7063,78128000,0.10%,50123830,65852692830,2010389.7,102118345
2018-04-03,25.732,25.7577,25.7577,25.732,62491000,0.10%,89787364,65954847364,1609624.43,102154533
2018-04-04,25.7577,25.7577,25.7577,25.7577,68134000,0.00%,21653364,65954847364,1754975.13,0
2018-04-06,25.7577,25.7835,25.7835,25.7577,50521000,0.10%,73767391,66057482391,1302608.2,102635026
2018-04-09,25.7835,25.7835,25.7835,25.7835,40318000,0.00%,33449391,66057482391,1039539.15,0
2018-04-10,25.7835,25.8092,25.8092,25.7835,48602000,0.10%,87820902,66160455902,1254378.74,102973511
2018-04-11,25.8092,25.8092,25.8092,25.8092,45429000,0.00%,42391902,66160455902,1172486.15,0
2018-04-12,25.8092,25.8092,25.8092,25.8092,39140000,0.00%,3251902,66160455902,1010172.09,0
2018-04-13,25.8092,25.8351,25.8351,25.8092,37183000,0.10%,69940020,66264327020,960626.52,103871118
2018-04-16,25.8351,25.8351,25.8351,25.8351,47310000,0.00%,22630020,66264327020,1222258.58,0
2018-04-17,25.8351,25.8609,25.8609,25.8351,53979000,0.10%,73020163,66368696163,1395945.52,104369143
2018-04-18,25.8609,25.8609,25.8609,25.8609,53428000,0.00%,19592163,66368696163,1381696.17,0
2018-04-19,25.8609,25.8867,25.8867,25.8609,41439000,0.10%,82824620,66473367620,1072718.96,104671457
2018-04-20,25.8867,25.8867,25.8867,25.8867,34409000,0.00%,48415620,66473367620,890735.46,0
2018-04-23,25.8867,25.8867,25.8867,25.8867,36708000,0.00%,11707620,66473367620,950248.98,0
2018-04-24,25.8867,25.9126,25.9126,25.8867,27588000,0.10%,89101173,66578349173,714876.81,104981552
2018-04-25,25.9126,25.9126,25.9126,25.9126,66158000,0.00%,22943173,66578349173,1714325.79,0
2018-04-26,25.9126,25.9385,25.9385,25.9126,66424000,0.10%,61904560,66683734560,1722938.92,105385386
2018-04-27,25.9385,25.9385,25.9385,25.9385,50255000,0.00%,11649560,66683734560,1303539.32,0
2018-04-30,25.9385,25.9645,25.9645,25.9385,24472000,0.10%,92672979,66789229979,635403.24,105495419
2018-05-02,25.9645,25.9645,25.9645,25.9645,36480000,0.00%,56192979,66789229979,947184.96,0
2018-05-03,25.9645,25.9645,25.9645,25.9645,45429000,0.00%,10763979,66789229979,1179541.27,0
2018-05-04,25.9645,25.9905,25.9905,25.9645,36727000,0.10%,79198504,66894391504,954553.09,105161525
2018-05-07,25.9905,25.9905,25.9905,25.9905,65113000,0.00%,14085504,66894391504,1692319.43,0
2018-05-08,25.9905,26.0164,26.0164,25.9905,63441000,0.10%,55543719,66999290719,1650506.43,104899214
2018-05-09,26.0164,26.0164,26.0164,26.0164,39786000,0.00%,15757719,66999290719,1035088.49,0
2018-05-10,26.0164,26.0425,26.0425,26.0164,59128000,0.10%,64050181,67106711181,1539840.94,107420462
2018-05-11,26.0425,26.0425,26.0425,26.0425,46930000,0.00%,17120181,67106711181,1222174.53,0
2018-05-14,26.0425,26.0685,26.0685,26.0425,39577000,0.10%,86801701,67215969701,1031713.02,109258520
2018-05-15,26.0685,26.0685,26.0685,26.0685,62966000,0.00%,23835701,67215969701,1641429.17,0
2018-05-16,26.0685,26.0946,26.0946,26.0685,56259000,0.10%,78815208,67327208208,1468056.1,111238506
2018-05-17,26.0946,26.1207,26.1207,26.0946,131290000,0.10%,58943528,67438626528,3429386.7,111418320
2018-05-18,26.1207,26.1207,26.1207,26.1207,40679000,0.00%,18264528,67438626528,1062563.96,0
2018-05-21,26.1207,26.1468,26.1468,26.1207,40736000,0.10%,88581480,67549679480,1065116.04,111052951
2018-05-23,26.1468,26.1468,26.1468,26.1468,46683000,0.00%,41898480,67549679480,1220611.06,0
2018-05-24,26.1468,26.1468,26.1468,26.1468,32604000,0.00%,9294480,67549679480,852490.27,0
2018-05-25,26.1468,26.1729,26.1729,26.1468,31825000,0.10%,88642598,67660852598,832952.54,111173118
2018-05-28,26.1729,26.1729,26.1729,26.1729,25441000,0.00%,63201598,67660852598,665864.75,0
2018-05-29,26.1729,26.1729,26.1729,26.1729,23047000,0.00%,40154598,67660852598,603206.83,0
2018-05-30,26.1729,26.1991,26.1991,26.1729,44175000,0.10%,107797186,67772670186,1157345.24,111817587
2018-05-31,26.1991,26.1991,26.1991,26.1991,69863000,0.00%,37934186,67772670186,1830347.72,0
2018-06-01,26.1991,26.2253,26.2253,26.1991,43985000,0.10%,106246201,67884967201,1153519.82,112297015
2018-06-04,26.2253,26.2253,26.2253,26.2253,59432000,0.00%,46814201,67884967201,1558622.03,0
2018-06-05,26.2253,26.2515,26.2515,26.2253,49172000,0.10%,110176458,67997501458,1290838.76,112534257
2018-06-06,26.2515,26.2515,26.2515,26.2515,44118000,0.00%,66058458,67997501458,1158163.68,0
2018-06-07,26.2515,26.2515,26.2515,26.2515,46911000,0.00%,19147458,67997501458,1231484.12,0
2018-06-08,26.2515,26.2778,26.2778,26.2515,54967000,0.10%,76700548,68110021548,1444411.83,112520089
2018-06-11,26.2778,26.2778,26.2778,26.2778,29412000,0.00%,47288548,68110021548,772882.65,0
2018-06-12,26.2778,26.2778,26.2778,26.2778,23484000,0.00%,23804548,68110021548,617107.86,0
2018-06-13,26.2778,26.2778,26.2778,26.2778,23199000,0.00%,605548,68110021548,609618.68,0
2018-06-14,26.2778,26.3041,26.3041,26.2778,33611000,0.10%,80323354,68223350354,884107.11,113328805
2018-06-15,26.3041,26.3041,26.3041,26.3041,44042000,0.00%,36281354,68223350354,1158485.17,0
2018-06-19,26.3041,26.3304,26.3304,26.3041,65645000,0.10%,84334048,68337048048,1728459.11,113697694
2018-06-20,26.3304,26.3304,26.3304,26.3304,43624000,0.00%,40710048,68337048048,1148637.37,0
2018-06-21,26.3304,26.3304,26.3304,26.3304,38304000,0.00%,2406048,68337048048,1008559.64,0
2018-06-22,26.3304,26.3567,26.3567,26.3304,38323000,0.10%,78180563,68451145563,1010067.81,114097514
2018-06-25,26.3567,26.3567,26.3567,26.3567,41211000,0.00%,36969563,68451145563,1086185.96,0
2018-06-26,26.3567,26.383,26.383,26.3567,56677000,0.10%,104777675,68575630675,1495309.29,124485112
2018-06-27,26.383,26.383,26.383,26.383,53352000,0.00%,51425675,68575630675,1407585.82,0
2018-06-28,26.383,26.4094,26.4094,26.383,52269000,0.10%,124941875,68701415875,1380392.93,125785199
2018-06-29,26.4094,26.4094,26.4094,26.4094,53789000,0.00%,71152875,68701415875,1420535.22,0
2018-07-03,26.4094,26.4094,26.4094,26.4094,48716000,0.00%,22436875,68701415875,1286560.33,0
2018-07-04,26.4094,26.4358,26.4358,26.4094,28633000,0.10%,121331037,68828943037,756936.26,127527161
2018-07-05,26.4358,26.4358,26.4358,26.4358,26562000,0.00%,94769037,68828943037,702187.72,0
2018-07-06,26.4358,26.4358,26.4358,26.4358,34200000,0.00%,60569037,68828943037,904104.36,0
2018-07-09,26.4358,26.4358,26.4358,26.4358,34903000,0.00%,25666037,68828943037,922688.73,0
2018-07-10,26.4358,26.4623,26.4623,26.4358,50901000,0.10%,103931654,68958109654,1346957.53,129166617
2018-07-11,26.4623,26.4623,26.4623,26.4623,46588000,0.00%,57343654,68958109654,1232825.63,0
2018-07-12,26.4623,26.4623,26.4623,26.4623,29450000,0.00%,27893654,68958109654,779314.73,0
2018-07-13,26.4623,26.4623,26.4623,26.4623,23256000,0.00%,4637654,68958109654,615407.25,0
2018-07-16,26.4623,26.4887,26.4887,26.4623,20976000,0.10%,113864010,69088312010,555626.97,130202355
2018-07-17,26.4887,26.4887,26.4887,26.4887,29526000,0.00%,84338010,69088312010,782105.36,0
2018-07-18,26.4887,26.4887,26.4887,26.4887,25080000,0.00%,59258010,69088312010,664336.6,0
2018-07-19,26.4887,26.4887,26.4887,26.4887,19931000,0.00%,39327010,69088312010,527946.28,0
2018-07-20,26.4887,26.4887,26.4887,26.4887,32452000,0.00%,6875010,69088312010,859611.29,0
2018-07-23,26.4887,26.5152,26.5152,26.4887,37886000,0.10%,100282919,69219605919,1004554.87,131293908
2018-07-24,26.5152,26.5152,26.5152,26.5152,39634000,0.00%,60648919,69219605919,1050903.44,0
2018-07-25,26.5152,26.5152,26.5152,26.5152,35530000,0.00%,25118919,69219605919,942085.06,0
2018-07-26,26.5152,26.5417,26.5417,26.5152,42351000,0.10%,115096159,69351934159,1124067.54,132328240
2018-07-27,26.5417,26.5417,26.5417,26.5417,27474000,0.00%,87622159,69351934159,729206.67,0
2018-07-30,26.5417,26.5417,26.5417,26.5417,48279000,0.00%,39343159,69351934159,1281406.73,0
2018-07-31,26.5417,26.5683,26.5683,26.5417,70262000,0.10%,101468111,69484321111,1866741.89,132386952
2018-08-01,26.5683,26.5683,26.5683,26.5683,48849000,0.00%,52619111,69484321111,1297834.89,0
2018-08-02,26.5683,26.5949,26.5949,26.5683,77482000,0.10%,107456831,69616640831,2060626.04,132319720
2018-08-03,26.5949,26.5949,26.5949,26.5949,57513000,0.00%,49943831,69616640831,1529552.48,0
2018-08-06,26.5949,26.5949,26.5949,26.5949,40755000,0.00%,9188831,69616640831,1083875.15,0
2018-08-07,26.5949,26.6214,26.6214,26.5949,34447000,0.10%,107280388,69749179388,917027.37,132538556
2018-08-08,26.6214,26.6214,26.6214,26.6214,48355000,0.00%,58925388,69749179388,1287277.8,0
2018-08-09,26.6214,26.6214,26.6214,26.6214,50597000,0.00%,8328388,69749179388,1346962.98,0
2018-08-10,26.6214,26.6481,26.6481,26.6214,37107000,0.10%,104280177,69882238177,988831.05,133058789
2018-08-13,26.6481,26.6481,26.6481,26.6481,32205000,0.00%,72075177,69882238177,858202.06,0
2018-08-14,26.6481,26.6747,26.6747,26.6481,76323000,0.10%,129387918,70015873918,2035893.13,133635740
2018-08-15,26.6747,26.6747,26.6747,26.6747,70851000,0.00%,58536918,70015873918,1889929.17,0
2018-08-16,26.6747,26.7014,26.7014,26.6747,131575000,0.10%,61694229,70150606229,3513236.71,134732310
2018-08-17,26.7014,26.7281,26.7281,26.7014,81130000,0.10%,114565076,70284607076,2168450.75,134000846
2018-08-20,26.7281,26.7281,26.7281,26.7281,66443000,0.00%,48122076,70284607076,1775895.15,0
2018-08-21,26.7281,26.7281,26.7281,26.7281,43301000,0.00%,4821076,70284607076,1157353.46,0
2018-08-22,26.7281,26.7548,26.7548,26.7281,54986000,0.10%,83537542,70418309542,1471139.43,133702466
2018-08-23,26.7548,26.7548,26.7548,26.7548,38114000,0.00%,45423542,70418309542,1019732.45,0
2018-08-24,26.7548,26.7548,26.7548,26.7548,33345000,0.00%,12078542,70418309542,892138.81,0
2018-08-27,26.7548,26.7816,26.7816,26.7548,26524000,0.10%,119082441,70551837441,710355.16,133527899
2018-08-28,26.7816,26.7816,26.7816,26.7816,39083000,0.00%,79999441,70551837441,1046705.27,0
2018-08-29,26.7816,26.7816,26.7816,26.7816,29887000,0.00%,50112441,70551837441,800421.68,0
2018-08-30,26.7816,26.7816,26.7816,26.7816,23047000,0.00%,27065441,70551837441,617235.54,0
2018-08-31,26.7816,26.8084,26.8084,26.7816,97926000,0.10%,64160429,70686858429,2625239.38,135020988
2018-09-03,26.8084,26.8084,26.8084,26.8084,52573000,0.00%,11587429,70686858429,1409398.01,0
2018-09-04,26.8084,26.8352,26.8352,26.8084,34257000,0.10%,111812205,70821340205,919293.45,134481775
2018-09-05,26.8352,26.8352,26.8352,26.8352,59812000,0.00%,52000205,70821340205,1605066.98,0
2018-09-06,26.8352,26.862,26.862,26.8352,84151000,0.10%,101899056,70955390056,2260464.16,134049850
2018-09-07,26.862,26.862,26.862,26.862,75886000,0.00%,26013056,70955390056,2038449.73,0
2018-09-10,26.862,26.8889,26.8889,26.862,47215000,0.10%,111322291,71087914291,1269559.41,132524235
2018-09-11,26.8889,26.8889,26.8889,26.8889,56943000,0.00%,54379291,71087914291,1531134.63,0
2018-09-12,26.8889,26.8889,26.8889,26.8889,44631000,0.00%,9748291,71087914291,1200078.5,0
2018-09-13,26.8889,26.9158,26.9158,26.8889,58596000,0.10%,83981223,71220743223,1577158.22,132828931
2018-09-14,26.9158,26.9158,26.9158,26.9158,50217000,0.00%,33764223,71220743223,1351630.73,0
2018-09-17,26.9158,26.9427,26.9427,26.9158,35834000,0.10%,130593520,71353406520,965464.71,132663297
2018-09-18,26.9427,26.9427,26.9427,26.9427,46512000,0.00%,84081520,71353406520,1253158.86,0
2018-09-19,26.9427,26.9427,26.9427,26.9427,39463000,0.00%,44618520,71353406520,1063239.77,0
2018-09-20,26.9427,26.9427,26.9427,26.9427,36993000,0.00%,7625520,71353406520,996691.3,0
2018-09-21,26.9427,26.9696,26.9696,26.9427,57228000,0.10%,83875146,71486884146,1543416.27,133477625
2018-09-24,26.9696,26.9696,26.9696,26.9696,35226000,0.00%,48649146,71486884146,950031.13,0
2018-09-26,26.9696,26.9696,26.9696,26.9696,43928000,0.00%,4721146,71486884146,1184720.59,0
2018-09-27,26.9696,26.9966,26.9966,26.9696,37943000,0.10%,101136284,71621242284,1024331.99,134358138
2018-09-28,26.9966,26.9966,26.9966,26.9966,31198000,0.00%,69938284,71621242284,842239.93,0
2018-10-02,26.9966,26.9966,26.9966,26.9966,41268000,0.00%,28670284,71621242284,1114095.69,0
2018-10-03,26.9966,26.9966,26.9966,26.9966,24966000,0.00%,3704284,71621242284,673997.12,0
2018-10-04,26.9966,27.0236,27.0236,26.9966,42655000,0.10%,95180053,71755373053,1152691.66,134130768
2018-10-05,27.0236,27.0236,27.0236,27.0236,40622000,0.00%,54558053,71755373053,1097752.68,0
2018-10-08,27.0236,27.0236,27.0236,27.0236,42218000,0.00%,12340053,71755373053,1140882.34,0
2018-10-09,27.0236,27.0506,27.0506,27.0236,49590000,0.10%,97005462,71889628462,1341439.25,134255408
2018-10-10,27.0506,27.0506,27.0506,27.0506,63269999,0.00%,33735462,71889628462,1711491.46,0
2018-10-11,27.0506,27.0777,27.0777,27.0506,128497000,0.10%,38610266,72023000266,3479403.22,133371803
2018-10-12,27.0777,27.1047,27.1047,27.0777,103398000,0.10%,67793565,72155581565,2802571.77,132581299
2018-10-15,27.1047,27.1047,27.1047,27.1047,52421000,0.00%,15372565,72155581565,1420855.48,0
2018-10-16,27.1047,27.1318,27.1318,27.1047,47709000,0.10%,99317259,72287235259,1294431.05,131653694
2018-10-18,27.1318,27.1318,27.1318,27.1318,41762000,0.00%,57555259,72287235259,1133078.23,0
2018-10-19,27.1318,27.1318,27.1318,27.1318,47937000,0.00%,9618259,72287235259,1300617.1,0
2018-10-22,27.1318,27.159,27.159,27.1318,53675000,0.10%,87364301,72418656301,1457759.32,131421041
2018-10-23,27.159,27.159,27.159,27.159,58824000,0.00%,28540301,72418656301,1597601.02,0
2018-10-24,27.159,27.1861,27.1861,27.159,50122000,0.10%,109375639,72549613639,1362621.7,130957338
2018-10-25,27.1861,27.1861,27.1861,27.1861,59109000,0.00%,50266639,72549613639,1606943.18,0
2018-10-26,27.1861,27.1861,27.1861,27.1861,50122000,0.00%,144639,72549613639,1362621.7,0
2018-10-29,27.1861,27.2133,27.2133,27.1861,45638000,0.10%,85541783,72680648783,1241960.59,131035143
2018-10-30,27.2133,27.2133,27.2133,27.2133,56012000,0.00%,29529783,72680648783,1524271.36,0
2018-10-31,27.2133,27.2405,27.2405,27.2133,65284000,0.10%,95784356,72812187356,1778368.8,131538573
2018-11-01,27.2405,27.2405,27.2405,27.2405,78052000,0.00%,17732356,72812187356,2126175.51,0
2018-11-02,27.2405,27.2678,27.2678,27.2405,127129000,0.10%,21276003,72942860003,3466528.15,130672647
2018-11-05,27.2678,27.295,27.295,27.2678,51718000,0.10%,99419821,73072721821,1411642.81,129861817
2018-11-06,27.295,27.295,27.295,27.295,44346000,0.00%,55073821,73072721821,1210424.07,0
2018-11-07,27.295,27.295,27.295,27.295,48887000,0.00%,6186821,73072721821,1334370.67,0
2018-11-08,27.295,27.3223,27.3223,27.295,58235000,0.10%,77687011,73202457011,1591114.14,129735189
2018-11-09,27.3223,27.3223,27.3223,27.3223,54644000,0.00%,23043011,73202457011,1492999.76,0
2018-11-12,27.3223,27.3497,27.3497,27.3223,51870000,0.10%,101236575,73332520575,1418628.94,130063563
2018-11-13,27.3497,27.3497,27.3497,27.3497,63593000,0.00%,37643575,73332520575,1739249.47,0
2018-11-14,27.3497,27.377,27.377,27.3497,40527000,0.10%,128358995,73463762995,1109507.68,131242420
2018-11-15,27.377,27.377,27.377,27.377,87438000,0.00%,40920995,73463762995,2393790.13,0
2018-11-16,27.377,27.4044,27.4044,27.377,49248000,0.10%,123819082,73595909082,1349611.89,132146087
2018-11-19,27.4044,27.4044,27.4044,27.4044,34276000,0.00%,89543082,73595909082,939313.21,0
2018-11-20,27.4044,27.4044,27.4044,27.4044,32414000,0.00%,57129082,73595909082,888286.22,0
2018-11-21,27.4044,27.4044,27.4044,27.4044,42484000,0.00%,14645082,73595909082,1164248.53,0
2018-11-22,27.4044,27.4318,27.4318,27.4044,37924000,0.10%,108609852,73727797852,1040323.58,131888769
2018-11-23,27.4318,27.4318,27.4318,27.4318,22838000,0.00%,85771852,73727797852,626487.45,0
2018-11-26,27.4318,27.4318,27.4318,27.4318,28804000,0.00%,56967852,73727797852,790145.57,0
2018-11-27,27.4318,27.4318,27.4318,27.4318,51984000,0.00%,4983852,73727797852,1426014.69,0
2018-11-28,27.4318,27.4592,27.4592,27.4318,65322000,0.10%,70712659,73858848659,1793689.86,131050807
2018-11-29,27.4592,27.4867,27.4867,27.4592,72371000,0.10%,129996629,73990503629,1989239.97,131654970
2018-11-30,27.4867,27.4867,27.4867,27.4867,44004000,0.00%,85992629,73990503629,1209524.75,0
2018-12-03,27.4867,27.4867,27.4867,27.4867,66766000,0.00%,19226629,73990503629,1835177.01,0
2018-12-04,27.4867,27.5142,27.5142,27.4867,47918000,0.10%,103265844,74122460844,1318425.44,131957214
2018-12-05,27.5142,27.5142,27.5142,27.5142,49419000,0.00%,53846844,74122460844,1359724.25,0
2018-12-06,27.5142,27.5417,27.5417,27.5142,59774000,0.10%,127318671,74255706671,1646277.58,133245826
2018-12-07,27.5417,27.5417,27.5417,27.5417,58843000,0.00%,68475671,74255706671,1620636.25,0
2018-12-10,27.5417,27.5417,27.5417,27.5417,33193000,0.00%,35282671,74255706671,914191.65,0
2018-12-11,27.5417,27.5417,27.5417,27.5417,32395000,0.00%,2887671,74255706671,892213.37,0
2018-12-12,27.5417,27.5692,27.5692,27.5417,30513999,0.10%,106370727,74389703727,841246.57,133997055
2018-12-13,27.5692,27.5692,27.5692,27.5692,26847000,0.00%,79523727,74389703727,740150.31,0
2018-12-14,27.5692,27.5692,27.5692,27.5692,32376000,0.00%,47147727,74389703727,892580.42,0
2018-12-17,27.5692,27.5692,27.5692,27.5692,26201000,0.00%,20946727,74389703727,722340.61,0
2018-12-18,27.5692,27.5968,27.5968,27.5692,35663000,0.10%,119127026,74523547026,984184.68,133843299
2018-12-19,27.5968,27.5968,27.5968,27.5968,27873000,0.00%,91254026,74523547026,769205.61,0
2018-12-20,27.5968,27.5968,27.5968,27.5968,30951000,0.00%,60303026,74523547026,854148.56,0
2018-12-21,27.5968,27.6244,27.6244,27.5968,79097000,0.10%,115520388,74657861388,2185007.17,134314361
2018-12-24,27.6244,27.6244,27.6244,27.6244,27702000,0.00%,87818388,74657861388,765251.13,0
2018-12-27,27.6244,27.6244,27.6244,27.6244,33535000,0.00%,54283388,74657861388,926384.25,0
2018-12-28,27.6244,27.6244,27.6244,27.6244,21926000,0.00%,32357388,74657861388,605692.59,0
2018-12-31,27.6244,27.6244,27.6244,27.6244,18791000,0.00%,13566388,74657861388,519090.1,0
2019-01-02,27.6244,27.652,27.652,27.6244,31440000,0.10%,116733502,74792468502,869378.88,134607113
2019-01-03,27.652,27.652,27.652,27.652,32840000,0.00%,83893502,74792468502,908091.68,0
2019-01-04,27.652,27.652,27.652,27.652,38660000,0.00%,45233502,74792468502,1069026.32,0
2019-01-07,27.652,27.6797,27.6797,27.652,49780000,0.10%,130292410,74927307410,1377895.47,134838907
2019-01-08,27.6797,27.6797,27.6797,27.6797,32520000,0.00%,97772410,74927307410,900143.84,0
2019-01-09,27.6797,27.6797,27.6797,27.6797,63760000,0.00%,34012410,74927307410,1764857.67,0
2019-01-10,27.6797,27.7073,27.7073,27.6797,49820000,0.10%,121043352,75064158352,1380377.69,136850942
2019-01-11,27.7073,27.7073,27.7073,27.7073,40300000,0.00%,80743352,75064158352,1116604.19,0
2019-01-14,27.7073,27.7073,27.7073,27.7073,37960000,0.00%,42783352,75064158352,1051769.11,0
2019-01-15,27.7073,27.7073,27.7073,27.7073,33900000,0.00%,8883352,75064158352,939277.47,0
2019-01-16,27.7073,27.735,27.735,27.7073,32780000,0.10%,114395376,75202450376,909153.3,138292023
2019-01-17,27.735,27.735,27.735,27.735,46300000,0.00%,68095376,75202450376,1284130.5,0
2019-01-18,27.735,27.735,27.735,27.735,31320000,0.00%,36775376,75202450376,868660.2,0
2019-01-21,27.735,27.7628,27.7628,27.735,38120000,0.10%,137527589,75341322589,1058317.94,138872212
2019-01-22,27.7628,27.7628,27.7628,27.7628,42080000,0.00%,95447589,75341322589,1168258.62,0
2019-01-23,27.7628,27.7628,27.7628,27.7628,32820000,0.00%,62627589,75341322589,911175.1,0
2019-01-24,27.7628,27.7628,27.7628,27.7628,34220000,0.00%,28407589,75341322589,950043.02,0
2019-01-25,27.7628,27.7905,27.7905,27.7628,63060000,0.10%,104896075,75480871075,1752468.93,139548485
2019-01-28,27.7905,27.7905,27.7905,27.7905,44480000,0.00%,60416075,75480871075,1236121.44,0
2019-01-29,27.7905,27.7905,27.7905,27.7905,31600000,0.00%,28816075,75480871075,878179.8,0
2019-01-30,27.7905,27.7905,27.7905,27.7905,26180000,0.00%,2636075,75480871075,727555.29,0
2019-01-31,27.7905,27.8183,27.8183,27.7905,48380000,0.10%,95401456,75622016456,1345849.35,141145381
2019-02-01,27.8183,27.8183,27.8183,27.8183,27940000,0.00%,67461456,75622016456,777243.3,0
2019-02-04,27.8183,27.8183,27.8183,27.8183,11720000,0.00%,55741456,75622016456,326030.48,0
2019-02-08,27.8183,27.8183,27.8183,27.8183,29800000,0.00%,25941456,75622016456,828985.34,0
2019-02-11,27.8183,27.8462,27.8462,27.8183,34700000,0.10%,132807867,75763582867,966263.14,141566410
2019-02-12,27.8462,27.8462,27.8462,27.8462,30020000,0.00%,102787867,75763582867,835942.92,0
2019-02-13,27.8462,27.8462,27.8462,27.8462,45760000,0.00%,57027867,75763582867,1274242.11,0
2019-02-14,27.8462,27.8462,27.8462,27.8462,38540000,0.00%,18487867,75763582867,1073192.55,0
2019-02-15,27.8462,27.874,27.874,27.8462,37120000,0.10%,123782320,75905997320,1034682.88,142414452
2019-02-18,27.874,27.874,27.874,27.874,24080000,0.00%,99702320,75905997320,671205.92,0
2019-02-19,27.874,27.874,27.874,27.874,18620000,0.00%,81082320,75905997320,519013.88,0
2019-02-20,27.874,27.874,27.874,27.874,34200000,0.00%,46882320,75905997320,953290.8,0
2019-02-21,27.874,27.874,27.874,27.874,23600000,0.00%,23282320,75905997320,657826.4,0
2019-02-22,27.874,27.9019,27.9019,27.874,27500000,0.10%,139379854,76049594854,767302.25,143597534
2019-02-25,27.9019,27.9019,27.9019,27.9019,34360000,0.00%,105019854,76049594854,958709.28,0
2019-02-26,27.9019,27.9019,27.9019,27.9019,27660000,0.00%,77359854,76049594854,771766.55,0
2019-02-27,27.9019,27.9019,27.9019,27.9019,31560000,0.00%,45799854,76049594854,880583.96,0
2019-02-28,27.9019,27.9019,27.9019,27.9019,37440000,0.00%,8359854,76049594854,1044647.14,0
2019-03-01,27.9019,27.9298,27.9298,27.9019,34020000,0.10%,118630523,76193885523,950171.8,144290669
2019-03-04,27.9298,27.9298,27.9298,27.9298,57180000,0.00%,61450523,76193885523,1597025.96,0
2019-03-05,27.9298,27.9577,27.9577,27.9298,73240000,0.10%,132981372,76338656372,2047621.95,144770848
2019-03-06,27.9577,27.9577,27.9577,27.9577,59740000,0.00%,73241372,76338656372,1670193.0,0
2019-03-07,27.9577,27.9577,27.9577,27.9577,34540000,0.00%,38701372,76338656372,965658.96,0
2019-03-08,27.9577,27.9857,27.9857,27.9577,51740000,0.10%,132037208,76483732208,1447980.12,145075835
2019-03-11,27.9857,27.9857,27.9857,27.9857,36780000,0.00%,95257208,76483732208,1029314.05,0
2019-03-12,27.9857,27.9857,27.9857,27.9857,32759999,0.00%,62497208,76483732208,916811.53,0
2019-03-13,27.9857,27.9857,27.9857,27.9857,24240000,0.00%,38257208,76483732208,678373.37,0
2019-03-14,27.9857,27.9857,27.9857,27.9857,24100000,0.00%,14157208,76483732208,674455.37,0
2019-03-15,27.9857,28.0136,28.0136,27.9857,32140000,0.10%,127756642,76629471642,900357.1,145739434
2019-03-18,28.0136,28.0136,28.0136,28.0136,38960000,0.00%,88796642,76629471642,1091409.86,0
2019-03-19,28.0136,28.0136,28.0136,28.0136,30800000,0.00%,57996642,76629471642,862818.88,0
2019-03-20,28.0136,28.0136,28.0136,28.0136,32320000,0.00%,25676642,76629471642,905399.55,0
2019-03-21,28.0136,28.0417,28.0417,28.0136,42360000,0.10%,128567887,76774722887,1187846.41,145251244
2019-03-22,28.0417,28.0417,28.0417,28.0417,50840000,0.00%,77727887,76774722887,1425640.03,0
2019-03-25,28.0417,28.0417,28.0417,28.0417,41700000,0.00%,36027887,76774722887,1169338.89,0
2019-03-26,28.0417,28.0417,28.0417,28.0417,32460000,0.00%,3567887,76774722887,910233.58,0
2019-03-27,28.0417,28.0697,28.0697,28.0417,27180000,0.10%,122057720,76920392720,762934.45,145669832
2019-03-28,28.0697,28.0697,28.0697,28.0697,21940000,0.00%,100117720,76920392720,615849.22,0
2019-03-29,28.0697,28.0697,28.0697,28.0697,35200000,0.00%,64917720,76920392720,988053.44,0
2019-04-01,28.0697,28.0697,28.0697,28.0697,29600000,0.00%,35317720,76920392720,830863.12,0
2019-04-02,28.0697,28.0697,28.0697,28.0697,26800000,0.00%,8517720,76920392720,752267.96,0
2019-04-03,28.0697,28.0978,28.0978,28.0697,55320000,0.10%,98572832,77065767832,1554370.3,145375112
2019-04-04,28.0978,28.0978,28.0978,28.0978,27400000,0.00%,71172832,77065767832,769879.72,0
2019-04-08,28.0978,28.0978,28.0978,28.0978,32520000,0.00%,38652832,77065767832,913740.46,0
2019-04-09,28.0978,28.0978,28.0978,28.0978,29160000,0.00%,9492832,77065767832,819331.85,0
2019-04-10,28.0978,28.1259,28.1259,28.0978,31100000,0.10%,124543388,77211918388,874715.49,146150555
2019-04-11,28.1259,28.1259,28.1259,28.1259,67200000,0.00%,57343388,77211918388,1890060.48,0
2019-04-12,28.1259,28.1259,28.1259,28.1259,25580000,0.00%,31763388,77211918388,719460.52,0
2019-04-15,28.1259,28.1259,28.1259,28.1259,28000000,0.00%,3763388,77211918388,787525.2,0
2019-04-16,28.1259,28.154,28.154,28.1259,26040000,0.10%,124361229,77358556229,733130.16,146637841
2019-04-17,28.154,28.154,28.154,28.154,25580000,0.00%,98781229,77358556229,720179.32,0
2019-04-18,28.154,28.154,28.154,28.154,26280000,0.00%,72501229,77358556229,739887.12,0
2019-04-23,28.154,28.154,28.154,28.154,26620000,0.00%,45881229,77358556229,749459.48,0
2019-04-24,28.154,28.154,28.154,28.154,30440000,0.00%,15441229,77358556229,857007.76,0
2019-04-25,28.154,28.1821,28.1821,28.154,31080000,0.10%,131489981,77505684981,875899.67,147128752
2019-04-26,28.1821,28.1821,28.1821,28.1821,25780000,0.00%,105709981,77505684981,726534.54,0
2019-04-29,28.1821,28.1821,28.1821,28.1821,26900000,0.00%,78809981,77505684981,758098.49,0
2019-04-30,28.1821,28.1821,28.1821,28.1821,19320000,0.00%,59489981,77505684981,544478.17,0
2019-05-02,28.1821,28.1821,28.1821,28.1821,18100000,0.00%,41389981,77505684981,510096.01,0
2019-05-03,28.1821,28.1821,28.1821,28.1821,19320000,0.00%,22069981,77505684981,544478.17,0
2019-05-06,28.1821,28.2103,28.2103,28.1821,45460000,0.10%,123728142,77652803142,1282440.24,147118160
2019-05-07,28.2103,28.2103,28.2103,28.2103,34580000,0.00%,89148142,77652803142,975512.17,0
2019-05-08,28.2103,28.2103,28.2103,28.2103,68440000,0.00%,20708142,77652803142,1930712.93,0
2019-05-09,28.2103,28.2385,28.2385,28.2103,39600000,0.10%,127442272,77799137272,1118244.6,146334130
2019-05-10,28.2385,28.2385,28.2385,28.2385,51840000,0.00%,75602272,77799137272,1463883.84,0
2019-05-14,28.2385,28.2385,28.2385,28.2385,52980000,0.00%,22622272,77799137272,1496075.73,0
2019-05-15,28.2385,28.2668,28.2668,28.2385,32680000,0.10%,134945740,77944140740,923759.02,145003468
2019-05-16,28.2668,28.2668,28.2668,28.2668,46000000,0.00%,88945740,77944140740,1300272.8,0
2019-05-17,28.2668,28.2668,28.2668,28.2668,45880000,0.00%,43065740,77944140740,1296880.78,0
2019-05-20,28.2668,28.295,28.295,28.2668,53740000,0.10%,133212816,78088027816,1520573.3,143887075
2019-05-21,28.295,28.295,28.295,28.295,45460000,0.00%,87752816,78088027816,1286290.7,0
2019-05-22,28.295,28.295,28.295,28.295,38440000,0.00%,49312816,78088027816,1087659.8,0
2019-05-23,28.295,28.3233,28.3233,28.295,73960000,0.10%,117782078,78230457078,2094791.27,142429262
2019-05-24,28.3233,28.3233,28.3233,28.3233,42800000,0.00%,74982078,78230457078,1212237.24,0
2019-05-27,28.3233,28.3233,28.3233,28.3233,39600000,0.00%,35382078,78230457078,1121602.68,0
2019-05-28,28.3233,28.3517,28.3517,28.3233,57920000,0.10%,117421993,78370416993,1642130.46,139959914
2019-05-29,28.3517,28.3517,28.3517,28.3517,39940000,0.00%,77481993,78370416993,1132366.9,0
2019-05-30,28.3517,28.3517,28.3517,28.3517,25980000,0.00%,51501993,78370416993,736577.17,0
2019-05-31,28.3517,28.3517,28.3517,28.3517,37960000,0.00%,13541993,78370416993,1076230.53,0
2019-06-03,28.3517,28.38,28.38,28.3517,40840000,0.10%,110471828,78508186828,1159039.2,137769835
2019-06-04,28.38,28.38,28.38,28.38,39340000,0.00%,71131828,78508186828,1116469.2,0
2019-06-05,28.38,28.38,28.38,28.38,36540000,0.00%,34591828,78508186828,1037005.2,0
2019-06-06,28.38,28.38,28.38,28.38,24780000,0.00%,9811828,78508186828,703256.4,0
2019-06-10,28.38,28.4084,28.4084,28.38,47780000,0.10%,100217959,78646372959,1357353.35,138186130
2019-06-11,28.4084,28.4084,28.4084,28.4084,35740000,0.00%,64477959,78646372959,1015316.22,0
2019-06-12,28.4084,28.4084,28.4084,28.4084,35080000,0.00%,29397959,78646372959,996566.67,0
2019-06-13,28.4084,28.4368,28.4368,28.4084,40640000,0.10%,127012354,78784627354,1155671.55,138254394
2019-06-14,28.4368,28.4368,28.4368,28.4368,28140000,0.00%,98872354,78784627354,800211.55,0
2019-06-17,28.4368,28.4368,28.4368,28.4368,21180000,0.00%,77692354,78784627354,602291.42,0
2019-06-18,28.4368,28.4368,28.4368,28.4368,23940000,0.00%,53752354,78784627354,680776.99,0
2019-06-19,28.4368,28.4368,28.4368,28.4368,47120000,0.00%,6632354,78784627354,1339942.02,0
2019-06-20,28.4368,28.4652,28.4652,28.4368,38460000,0.10%,106300797,78922755797,1094771.59,138128443
2019-06-21,28.4652,28.4652,28.4652,28.4652,40220000,0.00%,66080797,78922755797,1144870.34,0
2019-06-24,28.4652,28.4652,28.4652,28.4652,21300000,0.00%,44780797,78922755797,606308.76,0
2019-06-25,28.4652,28.4652,28.4652,28.4652,22940000,0.00%,21840797,78922755797,652991.69,0
2019-06-26,28.4652,28.4652,28.4652,28.4652,21320000,0.00%,520797,78922755797,606878.06,0
2019-06-27,28.4652,28.4937,28.4937,28.4652,22580000,0.10%,116446204,79061261204,643387.75,138505407
2019-06-28,28.4937,28.4937,28.4937,28.4937,25540000,0.00%,90906204,79061261204,727729.1,0
2019-07-02,28.4937,28.4937,28.4937,28.4937,45020000,0.00%,45886204,79061261204,1282786.37,0
2019-07-03,28.4937,28.4937,28.4937,28.4937,20720000,0.00%,25166204,79061261204,590389.46,0
2019-07-04,28.4937,28.4937,28.4937,28.4937,13620000,0.00%,11546204,79061261204,388084.19,0
2019-07-05,28.4937,28.4937,28.4937,28.4937,10260000,0.00%,1286204,79061261204,292345.36,0
2019-07-08,28.4937,28.5222,28.5222,28.4937,20040000,0.10%,119643286,79199658286,571584.89,138397081
2019-07-09,28.5222,28.5222,28.5222,28.5222,19320000,0.00%,100323286,79199658286,551048.9,0
2019-07-10,28.5222,28.5222,28.5222,28.5222,25740000,0.00%,74583286,79199658286,734161.43,0
2019-07-11,28.5222,28.5222,28.5222,28.5222,17820000,0.00%,56763286,79199658286,508265.6,0
2019-07-12,28.5222,28.5222,28.5222,28.5222,16579999,0.00%,40183286,79199658286,472898.08,0
2019-07-15,28.5222,28.5222,28.5222,28.5222,23620000,0.00%,16563286,79199658286,673694.36,0
2019-07-16,28.5222,28.5507,28.5507,28.5222,20840000,0.10%,134400624,79338335624,594996.59,138677338
2019-07-17,28.5507,28.5507,28.5507,28.5507,19300000,0.00%,115100624,79338335624,551028.51,0
2019-07-18,28.5507,28.5507,28.5507,28.5507,20980000,0.00%,94120624,79338335624,598993.69,0
2019-07-19,28.5507,28.5507,28.5507,28.5507,16100000,0.00%,78020624,79338335624,459666.27,0
2019-07-22,28.5507,28.5507,28.5507,28.5507,17340000,0.00%,60680624,79338335624,495069.14,0
2019-07-23,28.5507,28.5507,28.5507,28.5507,17520000,0.00%,43160624,79338335624,500208.26,0
2019-07-24,28.5507,28.5507,28.5507,28.5507,35500000,0.00%,7660624,79338335624,1013549.85,0
2019-07-25,28.5507,28.5793,28.5793,28.5507,27880000,0.10%,117487864,79476042864,796790.88,137707239
2019-07-26,28.5793,28.5793,28.5793,28.5793,23300000,0.00%,94187864,79476042864,665897.69,0
2019-07-29,28.5793,28.5793,28.5793,28.5793,22560000,0.00%,71627864,79476042864,644749.01,0
2019-07-30,28.5793,28.5793,28.5793,28.5793,21080000,0.00%,50547864,79476042864,602451.64,0
2019-07-31,28.5793,28.5793,28.5793,28.5793,21000000,0.00%,29547864,79476042864,600165.3,0
2019-08-01,28.5793,28.5793,28.5793,28.5793,24760000,0.00%,4787864,79476042864,707623.47,0
2019-08-02,28.5793,28.6079,28.6079,28.5793,50560000,0.10%,88703053,79610518053,1446415.42,134475189
2019-08-05,28.6079,28.6079,28.6079,28.6079,61120000,0.00%,27583053,79610518053,1748514.85,0
2019-08-06,28.6079,28.6365,28.6365,28.6079,62520000,0.10%,98594654,79744049654,1790353.98,133531600
2019-08-07,28.6365,28.6365,28.6365,28.6365,30300000,0.00%,68294654,79744049654,867685.95,0
2019-08-08,28.6365,28.6365,28.6365,28.6365,30920000,0.00%,37374654,79744049654,885440.58,0
2019-08-09,28.6365,28.6365,28.6365,28.6365,27480000,0.00%,9894654,79744049654,786931.02,0
2019-08-12,28.6365,28.6651,28.6651,28.6365,24680000,0.10%,119140893,79877975893,707454.67,133926238
2019-08-13,28.6651,28.6651,28.6651,28.6651,26300000,0.00%,92840893,79877975893,753892.13,0
2019-08-14,28.6651,28.6651,28.6651,28.6651,34960000,0.00%,57880893,79877975893,1002131.9,0
2019-08-15,28.6651,28.6938,28.6938,28.6651,60020000,0.10%,132474131,80012589131,1722201.88,134613237
2019-08-16,28.6938,28.6938,28.6938,28.6938,47460000,0.00%,85014131,80012589131,1361807.75,0
2019-08-19,28.6938,28.6938,28.6938,28.6938,43600000,0.00%,41414131,80012589131,1251049.68,0
2019-08-20,28.6938,28.6938,28.6938,28.6938,31040000,0.00%,10374131,80012589131,890655.55,0
2019-08-21,28.6938,28.7225,28.7225,28.6938,20860000,0.10%,124361970,80147436970,599151.35,134847839
2019-08-22,28.7225,28.7225,28.7225,28.7225,21040000,0.00%,103321970,80147436970,604321.4,0
2019-08-23,28.7225,28.7225,28.7225,28.7225,23600000,0.00%,79721970,80147436970,677851.0,0
2019-08-26,28.7225,28.7225,28.7225,28.7225,45520000,0.00%,34201970,80147436970,1307448.2,0
2019-08-27,28.7225,28.7512,28.7512,28.7225,35840000,0.10%,133387205,80282462205,1030443.01,135025234
2019-08-28,28.7512,28.7512,28.7512,28.7512,45260000,0.00%,88127205,80282462205,1301279.31,0
2019-08-29,28.7512,28.7512,28.7512,28.7512,50060000,0.00%,38067205,80282462205,1439285.07,0
2019-08-30,28.7512,28.7799,28.7799,28.7512,38840000,0.10%,134299141,80417534141,1117811.32,135071936
2019-09-02,28.7799,28.7799,28.7799,28.7799,33920000,0.00%,100379141,80417534141,976214.21,0
2019-09-03,28.7799,28.7799,28.7799,28.7799,27920000,0.00%,72459141,80417534141,803534.81,0
2019-09-04,28.7799,28.7799,28.7799,28.7799,44680000,0.00%,27779141,80417534141,1285885.93,0
2019-09-05,28.7799,28.8087,28.8087,28.7799,36260000,0.10%,126377752,80552392752,1044603.46,134858610
2019-09-06,28.8087,28.8087,28.8087,28.8087,26900000,0.00%,99477752,80552392752,774954.03,0
2019-09-09,28.8087,28.8087,28.8087,28.8087,17620000,0.00%,81857752,80552392752,507609.29,0
2019-09-10,28.8087,28.8087,28.8087,28.8087,21360000,0.00%,60497752,80552392752,615353.83,0
2019-09-11,28.8087,28.8087,28.8087,28.8087,31580000,0.00%,28917752,80552392752,909778.75,0
2019-09-12,28.8087,28.8375,28.8375,28.8087,30600000,0.10%,126589325,80680664325,882427.5,128271573
2019-09-13,28.8375,28.8375,28.8375,28.8375,19880000,0.00%,106709325,80680664325,573289.5,0
2019-09-16,28.8375,28.8375,28.8375,28.8375,46740000,0.00%,59969325,80680664325,1347864.75,0
2019-09-17,28.8375,28.8375,28.8375,28.8375,18460000,0.00%,41509325,80680664325,532340.25,0
2019-09-18,28.8375,28.8375,28.8375,28.8375,14680000,0.00%,26829325,80680664325,423334.5,0
2019-09-19,28.8375,28.8375,28.8375,28.8375,18880000,0.00%,7949325,80680664325,544452.0,0
2019-09-20,28.8375,28.8664,28.8664,28.8375,38560000,0.10%,95333040,80806608040,1113088.38,125943715
2019-09-23,28.8664,28.8664,28.8664,28.8664,16620000,0.00%,78713040,80806608040,479759.57,0
2019-09-24,28.8664,28.8664,28.8664,28.8664,21440000,0.00%,57273040,80806608040,618895.62,0
2019-09-25,28.8664,28.8664,28.8664,28.8664,34860000,0.00%,22413040,80806608040,1006282.7,0
2019-09-26,28.8664,28.8952,28.8952,28.8664,24900000,0.10%,122896675,80931991675,719490.48,125383634
2019-09-27,28.8952,28.8952,28.8952,28.8952,21640000,0.00%,101256675,80931991675,625292.13,0
2019-09-30,28.8952,28.8952,28.8952,28.8952,29380000,0.00%,71876675,80931991675,848940.98,0
2019-10-02,28.8952,28.8952,28.8952,28.8952,34560000,0.00%,37316675,80931991675,998618.11,0
2019-10-03,28.8952,28.8952,28.8952,28.8952,31660000,0.00%,5656675,80931991675,914822.03,0
2019-10-04,28.8952,28.9241,28.9241,28.8952,25220000,0.10%,104267300,81055822300,729465.8,123830625
2019-10-08,28.9241,28.9241,28.9241,28.9241,30560000,0.00%,73707300,81055822300,883920.5,0
2019-10-09,28.9241,28.9241,28.9241,28.9241,35380000,0.00%,38327300,81055822300,1023334.66,0
2019-10-10,28.9241,28.9241,28.9241,28.9241,32979999,0.00%,5347300,81055822300,953916.82,0
2019-10-11,28.9241,28.953,28.953,28.9241,39220000,0.10%,89234624,81178929624,1135536.66,123107324
2019-10-14,28.953,28.953,28.953,28.953,48020000,0.00%,41214624,81178929624,1390323.06,0
2019-10-15,28.953,28.953,28.953,28.953,28400000,0.00%,12814624,81178929624,822265.2,0
2019-10-16,28.953,28.982,28.982,28.953,27900000,0.10%,106581294,81300596294,808597.8,121666669
2019-10-17,28.982,28.982,28.982,28.982,20680000,0.00%,85901294,81300596294,599347.76,0
2019-10-18,28.982,28.982,28.982,28.982,19800000,0.00%,66101294,81300596294,573843.6,0
2019-10-21,28.982,28.982,28.982,28.982,27900000,0.00%,38201294,81300596294,808597.8,0
2019-10-22,28.982,28.982,28.982,28.982,20900000,0.00%,17301294,81300596294,605723.8,0
2019-10-23,28.982,29.011,29.011,28.982,39720000,0.10%,98598660,81421613660,1152316.92,121017366
2019-10-24,29.011,29.011,29.011,29.011,36940000,0.00%,61658660,81421613660,1071666.34,0
2019-10-25,29.011,29.011,29.011,29.011,31580000,0.00%,30078660,81421613660,916167.38,0
2019-10-28,29.011,29.04,29.04,29.011,35220000,0.10%,114823651,81541578651,1022788.8,119964991
2019-10-29,29.04,29.04,29.04,29.04,39860000,0.00%,74963651,81541578651,1157534.4,0
2019-10-30,29.04,29.04,29.04,29.04,26380000,0.00%,48583651,81541578651,766075.2,0
2019-10-31,29.04,29.04,29.04,29.04,32220000,0.00%,16363651,81541578651,935668.8,0
2019-11-01,29.04,29.069,29.069,29.04,20800000,0.10%,116063160,81662078160,604635.2,120499508
2019-11-04,29.069,29.069,29.069,29.069,29560000,0.00%,86503160,81662078160,859279.64,0
2019-11-05,29.069,29.069,29.069,29.069,45500000,0.00%,41003160,81662078160,1322639.5,0
2019-11-06,29.069,29.069,29.069,29.069,24860000,0.00%,16143160,81662078160,722655.34,0
2019-11-07,29.069,29.0981,29.0981,29.069,31060000,0.10%,104291928,81781286928,903786.99,119208767
2019-11-08,29.0981,29.0981,29.0981,29.0981,33320000,0.00%,70971928,81781286928,969548.69,0
2019-11-11,29.0981,29.0981,29.0981,29.0981,30180000,0.00%,40791928,81781286928,878180.66,0
2019-11-12,29.0981,29.0981,29.0981,29.0981,31820000,0.00%,8971928,81781286928,925901.54,0
2019-11-13,29.0981,29.1272,29.1272,29.0981,31860000,0.10%,97333822,81901508822,927992.59,120221894
2019-11-14,29.1272,29.1272,29.1272,29.1272,51380000,0.00%,45953822,81901508822,1496555.54,0
2019-11-15,29.1272,29.1272,29.1272,29.1272,27180000,0.00%,18773822,81901508822,791677.3,0
2019-11-18,29.1272,29.1563,29.1563,29.1272,51580000,0.10%,86890980,82021205980,1503881.95,119697157
2019-11-19,29.1563,29.1563,29.1563,29.1563,49280000,0.00%,37610980,82021205980,1436822.46,0
2019-11-20,29.1563,29.1563,29.1563,29.1563,27480000,0.00%,10130980,82021205980,801215.12,0
2019-11-21,29.1563,29.1855,29.1855,29.1563,26680000,0.10%,102501804,82140256804,778669.14,119050824
2019-11-22,29.1855,29.1855,29.1855,29.1855,21320000,0.00%,81181804,82140256804,622234.86,0
2019-11-25,29.1855,29.1855,29.1855,29.1855,35860000,0.00%,45321804,82140256804,1046592.03,0
2019-11-26,29.1855,29.2147,29.2147,29.1855,58880000,0.10%,105954878,82259769878,1720161.54,119513073
2019-11-27,29.2147,29.2147,29.2147,29.2147,22420000,0.00%,83534878,82259769878,654993.57,0
2019-11-28,29.2147,29.2147,29.2147,29.2147,36380000,0.00%,47154878,82259769878,1062830.79,0
2019-11-29,29.2147,29.2147,29.2147,29.2147,27620000,0.00%,19534878,82259769878,806910.01,0
2019-12-02,29.2147,29.2439,29.2439,29.2147,20400000,0.10%,119080507,82379715507,596575.56,119945628
2019-12-03,29.2439,29.2439,29.2439,29.2439,25480000,0.00%,93600507,82379715507,745134.57,0
2019-12-04,29.2439,29.2439,29.2439,29.2439,24520000,0.00%,69080507,82379715507,717060.43,0
2019-12-05,29.2439,29.2439,29.2439,29.2439,23400000,0.00%,45680507,82379715507,684307.26,0
2019-12-06,29.2439,29.2439,29.2439,29.2439,31280000,0.00%,14400507,82379715507,914749.19,0
2019-12-09,29.2439,29.2731,29.2731,29.2439,19680000,0.10%,113995406,82498990406,576094.61,119274899
2019-12-10,29.2731,29.2731,29.2731,29.2731,20940000,0.00%,93055406,82498990406,612978.71,0
2019-12-11,29.2731,29.2731,29.2731,29.2731,25080000,0.00%,67975406,82498990406,734169.35,0
2019-12-12,29.2731,29.2731,29.2731,29.2731,66560000,0.00%,1415406,82498990406,1948417.54,0
2019-12-13,29.2731,29.3024,29.3024,29.2731,65580000,0.10%,54226207,82617381207,1921651.39,118390801
2019-12-16,29.3024,29.3024,29.3024,29.3024,38480000,0.00%,15746207,82617381207,1127556.35,0
2019-12-17,29.3024,29.3317,29.3317,29.3024,65120000,0.10%,68352461,82735107461,1910080.3,117726253
2019-12-18,29.3317,29.3317,29.3317,29.3317,63120000,0.00%,5232461,82735107461,1851416.9,0
2019-12-19,29.3317,29.361,29.361,29.3317,36880000,0.10%,85808134,82852563134,1082833.68,117455673
2019-12-20,29.361,29.361,29.361,29.361,43320000,0.00%,42488134,82852563134,1271918.52,0
2019-12-23,29.361,29.361,29.361,29.361,23340000,0.00%,19148134,82852563134,685285.74,0
2019-12-24,29.361,29.361,29.361,29.361,12720000,0.00%,6428134,82852563134,373471.92,0
2019-12-27,29.361,29.3904,29.3904,29.361,38360000,0.10%,85077145,82969572145,1127415.74,117009010
2019-12-30,29.3904,29.3904,29.3904,29.3904,28660000,0.00%,56417145,82969572145,842328.86,0
2019-12-31,29.3904,29.3904,29.3904,29.3904,20760000,0.00%,35657145,82969572145,610144.7,0
2020-01-02,29.3904,29.3904,29.3904,29.3904,29379000,0.00%,6278145,82969572145,863460.56,0
2020-01-03,29.3904,29.4198,29.4198,29.3904,32151000,0.10%,91611112,83087056112,945875.99,117483966
2020-01-06,29.4198,29.4198,29.4198,29.4198,25452000,0.00%,66159112,83087056112,748792.75,0
2020-01-07,29.4198,29.4198,29.4198,29.4198,37149000,0.00%,29010112,83087056112,1092916.15,0
2020-01-08,29.4198,29.4492,29.4492,29.4198,32613000,0.10%,114204079,83204863079,960426.76,117806967
2020-01-09,29.4492,29.4492,29.4492,29.4492,33495000,0.00%,80709079,83204863079,986400.95,0
2020-01-10,29.4492,29.4492,29.4492,29.4492,53109000,0.00%,27600079,83204863079,1564017.56,0
2020-01-13,29.4492,29.4787,29.4787,29.4492,57897000,0.10%,87698780,83322858780,1706728.29,117995700
2020-01-14,29.4787,29.4787,29.4787,29.4787,56343000,0.00%,31355780,83322858780,1660918.39,0
2020-01-15,29.4787,29.5081,29.5081,29.4787,33474000,0.10%,115426606,83440403606,987754.14,117544825
2020-01-16,29.5081,29.5081,29.5081,29.5081,28917000,0.00%,86509606,83440403606,853285.73,0
2020-01-17,29.5081,29.5081,29.5081,29.5081,28707000,0.00%,57802606,83440403606,847089.03,0
2020-01-20,29.5081,29.5081,29.5081,29.5081,27888000,0.00%,29914606,83440403606,822921.89,0
2020-01-21,29.5081,29.5376,29.5376,29.5081,50757000,0.10%,95398289,83556644289,1499239.96,116240682
2020-01-22,29.5376,29.5376,29.5376,29.5376,39228000,0.00%,56170289,83556644289,1158700.97,0
2020-01-23,29.5376,29.5376,29.5376,29.5376,39102000,0.00%,17068289,83556644289,1154979.24,0
2020-01-24,29.5376,29.5376,29.5376,29.5376,16905000,0.00%,163289,83556644289,499333.13,0
2020-01-29,29.5376,29.5672,29.5672,29.5376,66696000,0.10%,49654983,83672831983,1972013.97,116187694
2020-01-30,29.5672,29.5967,29.5967,29.5672,52395000,0.10%,113298925,83788870925,1550719.1,116038941
2020-01-31,29.5967,29.5967,29.5967,29.5967,42630000,0.00%,70668925,83788870925,1261707.32,0
2020-02-03,29.5967,29.5967,29.5967,29.5967,60228000,0.00%,10440925,83788870925,1782550.05,0
2020-02-04,29.5967,29.6263,29.6263,29.5967,59703000,0.10%,65628926,83903761926,1768778.99,114891001
2020-02-05,29.6263,29.6263,29.6263,29.6263,47040000,0.00%,18588926,83903761926,1393621.15,0
2020-02-06,29.6263,29.656,29.656,29.6263,37359000,0.10%,94699829,84017231829,1107918.5,113469902
2020-02-07,29.656,29.656,29.656,29.656,31290000,0.00%,63409829,84017231829,927936.24,0
2020-02-10,29.656,29.656,29.656,29.656,34566000,0.00%,28843829,84017231829,1025089.3,0
2020-02-11,29.656,29.6856,29.6856,29.656,48678000,0.10%,93131140,84130197140,1445035.64,112965310
2020-02-12,29.6856,29.6856,29.6856,29.6856,37170000,0.00%,55961140,84130197140,1103413.75,0
2020-02-13,29.6856,29.6856,29.6856,29.6856,37506000,0.00%,18455140,84130197140,1113388.11,0
2020-02-14,29.6856,29.7153,29.7153,29.6856,29169000,0.10%,102663846,84243574846,866765.59,113377706
2020-02-17,29.7153,29.7153,29.7153,29.7153,22428000,0.00%,80235846,84243574846,666454.75,0
2020-02-18,29.7153,29.7153,29.7153,29.7153,27363000,0.00%,52872846,84243574846,813099.75,0
2020-02-19,29.7153,29.7153,29.7153,29.7153,26250000,0.00%,26622846,84243574846,780026.62,0
2020-02-20,29.7153,29.745,29.745,29.7153,34818000,0.10%,105407995,84357177995,1035661.41,113603148
2020-02-21,29.745,29.745,29.745,29.745,36645000,0.00%,68762995,84357177995,1090005.52,0
2020-02-24,29.745,29.745,29.745,29.745,48678000,0.00%,20084995,84357177995,1447927.11,0
2020-02-25,29.745,29.7748,29.7748,29.745,50568000,0.10%,82532663,84470193663,1505652.09,113015667
2020-02-26,29.7748,29.7748,29.7748,29.7748,38493000,0.00%,44039663,84470193663,1146121.38,0
2020-02-27,29.7748,29.7748,29.7748,29.7748,40278000,0.00%,3761663,84470193663,1199269.39,0
2020-02-28,29.7748,29.8045,29.8045,29.7748,67032000,0.10%,49043588,84582507588,1997855.24,112313925
2020-03-02,29.8045,29.8045,29.8045,29.8045,48489000,0.00%,554588,84582507588,1445190.4,0
2020-03-03,29.8045,29.8343,29.8343,29.8045,45801000,0.10%,66390485,84694144485,1366440.77,111636896
2020-03-04,29.8343,29.8343,29.8343,29.8343,41076000,0.00%,25314485,84694144485,1225473.71,0
2020-03-05,29.8343,29.8642,29.8642,29.8343,56805000,0.10%,79585573,84805220573,1696435.88,111076087
2020-03-06,29.8642,29.8642,29.8642,29.8642,63819000,0.00%,15766573,84805220573,1905903.38,0
2020-03-09,29.8642,29.894,29.894,29.8642,75852000,0.10%,50606846,84915912846,2267519.69,110692273
2020-03-10,29.894,29.9239,29.9239,29.894,66990000,0.10%,94037234,85026333234,2004602.06,110420388
2020-03-11,29.9239,29.9239,29.9239,29.9239,42945000,0.00%,51092234,85026333234,1285081.89,0
2020-03-12,29.9239,29.9539,29.9539,29.9239,79884000,0.10%,81041718,85136166718,2392837.35,109833483
2020-03-13,29.9539,29.9838,29.9838,29.9539,120519000,0.10%,70895172,85246539172,3613617.59,110372454
2020-03-16,29.9838,30.0138,30.0138,29.9838,104391000,0.10%,77088430,85357123430,3133170.6,110584257
2020-03-17,30.0138,30.0438,30.0438,30.0138,88515000,0.10%,99066724,85467616724,2659326.96,110493294
2020-03-18,30.0438,30.0438,30.0438,30.0438,93240000,0.00%,5826724,85467616724,2801283.91,0
2020-03-19,30.0438,30.1039,30.1039,30.0438,125475000,0.20%,102827785,85690092785,3777286.85,222476060
2020-03-20,30.1039,30.134,30.134,30.1039,109830000,0.10%,104253381,85801348381,3309617.22,111255595
2020-03-23,30.134,30.134,30.134,30.134,81249000,0.00%,23004381,85801348381,2448357.37,0
2020-03-24,30.134,30.1642,30.1642,30.134,76881000,0.10%,56814491,85912039491,2319053.86,110691110
2020-03-25,30.1642,30.1943,30.1943,30.1642,76083000,0.10%,91009065,86022317065,2297272.93,110277573
2020-03-26,30.1943,30.1943,30.1943,30.1943,61572000,0.00%,29437065,86022317065,1859123.44,0
2020-03-27,30.1943,30.2245,30.2245,30.1943,60354000,0.10%,78784692,86132018692,1824169.47,109701627
2020-03-30,30.2245,30.2245,30.2245,30.2245,45864000,0.00%,32920692,86132018692,1386216.47,0
2020-03-31,30.2245,30.2548,30.2548,30.2245,46620000,0.10%,94039752,86239757752,1410478.78,107739059
2020-04-01,30.2548,30.2548,30.2548,30.2548,49602000,0.00%,44437752,86239757752,1500698.59,0
2020-04-02,30.2548,30.2548,30.2548,30.2548,25473000,0.00%,18964752,86239757752,770680.52,0
2020-04-03,30.2548,30.285,30.285,30.2548,29967000,0.10%,96423311,86347183311,907550.59,107425559
2020-04-06,30.285,30.285,30.285,30.285,29127000,0.00%,67296311,86347183311,882111.2,0
2020-04-07,30.285,30.285,30.285,30.285,39732000,0.00%,27564311,86347183311,1203283.62,0
2020-04-08,30.285,30.3153,30.3153,30.285,31878000,0.10%,103137711,86454634711,966391.13,107451400
2020-04-09,30.3153,30.3153,30.3153,30.3153,32970000,0.00%,70167711,86454634711,999495.44,0
2020-04-14,30.3153,30.3153,30.3153,30.3153,55020000,0.00%,15147711,86454634711,1667947.81,0
2020-04-15,30.3153,30.3456,30.3456,30.3153,43071000,0.10%,79935194,86562493194,1307015.34,107858482
2020-04-16,30.3456,30.3456,30.3456,30.3456,60585000,0.00%,19350194,86562493194,1838488.18,0
2020-04-17,30.3456,30.376,30.376,30.3456,62223000,0.10%,64571495,86669937495,1890085.85,107444300
2020-04-20,30.376,30.376,30.376,30.376,32214000,0.00%,32357495,86669937495,978532.46,0
2020-04-21,30.376,30.4063,30.4063,30.376,43743000,0.10%,95601623,86776924623,1330062.78,106987128
2020-04-22,30.4063,30.4063,30.4063,30.4063,36015000,0.00%,59586623,86776924623,1095082.89,0
2020-04-23,30.4063,30.4063,30.4063,30.4063,37401000,0.00%,22185623,86776924623,1137226.03,0
2020-04-24,30.4063,30.4367,30.4367,30.4063,26250000,0.10%,101755076,86882744076,798963.38,105819452
2020-04-27,30.4367,30.4367,30.4367,30.4367,32907000,0.00%,68848076,86882744076,1001580.49,0
2020-04-28,30.4367,30.4367,30.4367,30.4367,27531000,0.00%,41317076,86882744076,837952.79,0
2020-04-29,30.4367,30.4367,30.4367,30.4367,27867000,0.00%,13450076,86882744076,848179.52,0
2020-05-04,30.4367,30.4672,30.4672,30.4367,51744000,0.10%,68650822,86989688822,1576494.8,106944746
2020-05-05,30.4672,30.4672,30.4672,30.4672,26418000,0.00%,42232822,86989688822,804882.49,0
2020-05-06,30.4672,30.4672,30.4672,30.4672,41580000,0.00%,652822,86989688822,1266826.18,0
2020-05-07,30.4672,30.4976,30.4976,30.4672,25830000,0.10%,81763942,87096629942,787753.01,106941120
2020-05-08,30.4976,30.4976,30.4976,30.4976,46242000,0.00%,35521942,87096629942,1410270.02,0
2020-05-11,30.4976,30.5281,30.5281,30.4976,70266000,0.10%,72296383,87203670383,2145087.47,107040440
2020-05-12,30.5281,30.5281,30.5281,30.5281,46284000,0.00%,26012383,87203670383,1412962.58,0
2020-05-13,30.5281,30.5587,30.5587,30.5281,50988000,0.10%,82365138,87311011138,1558127.0,107340755
2020-05-14,30.5587,30.5587,30.5587,30.5587,69153000,0.00%,13212138,87311011138,2113225.78,0
2020-05-15,30.5587,30.5892,30.5892,30.5587,51639000,0.10%,69019473,87418457473,1579595.7,107446335
2020-05-18,30.5892,30.5892,30.5892,30.5892,43239000,0.00%,25780473,87418457473,1322646.42,0
2020-05-19,30.5892,30.6198,30.6198,30.5892,41664000,0.10%,91290874,87525631874,1275743.35,107174400
2020-05-20,30.6198,30.6198,30.6198,30.6198,44625000,0.00%,46665874,87525631874,1366408.57,0
2020-05-21,30.6198,30.6198,30.6198,30.6198,39438000,0.00%,7227874,87525631874,1207583.67,0
2020-05-22,30.6198,30.6504,30.6504,30.6198,79527000,0.10%,34141722,87632072722,2437534.36,106440847
2020-05-25,30.6504,30.6811,30.6811,30.6504,41895000,0.10%,98644275,87738470275,1285384.68,106397553
2020-05-26,30.6811,30.6811,30.6811,30.6811,33600000,0.00%,65044275,87738470275,1030884.96,0
2020-05-27,30.6811,30.6811,30.6811,30.6811,43743000,0.00%,21301275,87738470275,1342083.36,0
2020-05-28,30.6811,30.7118,30.7118,30.6811,60774000,0.10%,67055688,87844998688,1866478.93,106528412
2020-05-29,30.7118,30.7118,30.7118,30.7118,61488000,0.00%,5567688,87844998688,1888407.16,0
2020-06-01,30.7118,30.7425,30.7425,30.7118,48279000,0.10%,64424279,87952134279,1484217.16,107135591
2020-06-02,30.7425,30.7425,30.7425,30.7425,37485000,0.00%,26939279,87952134279,1152382.61,0
2020-06-03,30.7425,30.7732,30.7732,30.7425,42063000,0.10%,92642437,88059900437,1294413.11,107766157
2020-06-04,30.7732,30.7732,30.7732,30.7732,38787000,0.00%,53855437,88059900437,1193600.11,0
2020-06-05,30.7732,30.804,30.804,30.7732,55713000,0.10%,107196122,88168954122,1716183.25,109053684
2020-06-08,30.804,30.804,30.804,30.804,41412000,0.00%,65784122,88168954122,1275655.25,0
2020-06-09,30.804,30.804,30.804,30.804,38850000,0.00%,26934122,88168954122,1196735.4,0
2020-06-10,30.804,30.8348,30.8348,30.804,71274000,0.10%,66495438,88279789438,2197719.54,110835315
2020-06-11,30.8348,30.8348,30.8348,30.8348,56553000,0.00%,9942438,88279789438,1743800.44,0
2020-06-12,30.8348,30.8656,30.8656,30.8348,36666000,0.10%,85955643,88392468643,1131718.09,112679205
2020-06-15,30.8656,30.8656,30.8656,30.8656,33621000,0.00%,52334643,88392468643,1037732.34,0
2020-06-16,30.8656,30.8656,30.8656,30.8656,47145000,0.00%,5189643,88392468643,1455158.71,0
2020-06-17,30.8656,30.8965,30.8965,30.8656,29568000,0.10%,92016971,88508863971,913547.71,116395327
2020-06-18,30.8965,30.8965,30.8965,30.8965,39123000,0.00%,52893971,88508863971,1208763.77,0
2020-06-19,30.8965,30.9274,30.9274,30.8965,53193000,0.10%,119532500,88628695500,1645121.19,119831528
2020-06-22,30.9274,30.9274,30.9274,30.9274,54516000,0.00%,65016500,88628695500,1686038.14,0
2020-06-23,30.9274,30.9583,30.9583,30.9274,65793000,0.10%,120636345,88750108345,2036839.43,121412844
2020-06-24,30.9583,30.9583,30.9583,30.9583,48426000,0.00%,72210345,88750108345,1499186.64,0
2020-06-26,30.9583,30.9583,30.9583,30.9583,37548000,0.00%,34662345,88750108345,1162422.25,0
2020-06-29,30.9583,30.9893,30.9893,30.9583,46368000,0.10%,110893901,88872707901,1436911.86,122599556
2020-06-30,30.9893,30.9893,30.9893,30.9893,46494000,0.00%,64399901,88872707901,1440816.51,0
2020-07-02,30.9893,31.0203,31.0203,30.9893,66738000,0.10%,120518611,88995564611,2070232.78,122856710
2020-07-03,31.0203,31.0203,31.0203,31.0203,44100000,0.00%,76418611,88995564611,1367995.23,0
2020-07-06,31.0203,31.0203,31.0203,31.0203,48846000,0.00%,27572611,88995564611,1515217.57,0
2020-07-07,31.0203,31.0513,31.0513,31.0203,52962000,0.10%,97418870,89118372870,1644538.95,122808258
2020-07-08,31.0513,31.0513,31.0513,31.0513,57981000,0.00%,39437870,89118372870,1800385.43,0
2020-07-09,31.0513,31.0823,31.0823,31.0513,54747000,0.10%,107381665,89241063665,1701662.68,122690795
2020-07-10,31.0823,31.0823,31.0823,31.0823,49266000,0.00%,58115665,89241063665,1531300.59,0
2020-07-13,31.0823,31.0823,31.0823,31.0823,42084000,0.00%,16031665,89241063665,1308067.51,0
2020-07-14,31.0823,31.1134,31.1134,31.0823,54264000,0.10%,84658244,89363954244,1688337.54,122890578
2020-07-15,31.1134,31.1134,31.1134,31.1134,46557000,0.00%,38101244,89363954244,1448546.56,0
2020-07-16,31.1134,31.1445,31.1445,31.1134,56805000,0.10%,104524346,89487182346,1769163.32,123228101
2020-07-17,31.1445,31.1445,31.1445,31.1445,36876000,0.00%,67648346,89487182346,1148484.58,0
2020-07-20,31.1445,31.1445,31.1445,31.1445,27279000,0.00%,40369346,89487182346,849590.82,0
2020-07-21,31.1445,31.1757,31.1757,31.1445,61110000,0.10%,103279153,89611202153,1905147.03,124019807
2020-07-22,31.1757,31.1757,31.1757,31.1757,43953000,0.00%,59326153,89611202153,1370265.54,0
2020-07-23,31.1757,31.1757,31.1757,31.1757,40089000,0.00%,19237153,89611202153,1249802.64,0
2020-07-24,31.1757,31.2069,31.2069,31.1757,59094000,0.10%,84288468,89735347468,1844140.55,124145315
2020-07-27,31.2069,31.2069,31.2069,31.2069,39249000,0.00%,45039468,89735347468,1224839.62,0
2020-07-28,31.2069,31.2381,31.2381,31.2069,45213000,0.10%,123919092,89859440092,1412368.22,124092623
2020-07-29,31.2381,31.2381,31.2381,31.2381,26208000,0.00%,97711092,89859440092,818688.12,0
2020-07-30,31.2381,31.2381,31.2381,31.2381,28770000,0.00%,68941092,89859440092,898720.14,0
2020-07-31,31.2381,31.2381,31.2381,31.2381,32823000,0.00%,36118092,89859440092,1025328.16,0
2020-08-03,31.2381,31.2693,31.2693,31.2381,37968000,0.10%,122564535,89983854535,1187232.78,124414442
2020-08-04,31.2693,31.2693,31.2693,31.2693,42378000,0.00%,80186535,89983854535,1325130.4,0
2020-08-05,31.2693,31.2693,31.2693,31.2693,33348000,0.00%,46838535,89983854535,1042768.62,0
2020-08-06,31.2693,31.2693,31.2693,31.2693,43197000,0.00%,3641535,89983854535,1350739.95,0
2020-08-07,31.2693,31.3319,31.3319,31.2693,130452000,0.20%,125212464,90235877464,4087309.02,252022929
2020-08-10,31.3319,31.3319,31.3319,31.3319,102018000,0.00%,23194464,90235877464,3196417.77,0
2020-08-11,31.3319,31.3632,31.3632,31.3319,53550000,0.10%,96039279,90362272279,1679499.36,126394814
2020-08-12,31.3632,31.3632,31.3632,31.3632,39774000,0.00%,56265279,90362272279,1247439.92,0
2020-08-13,31.3632,31.3946,31.3946,31.3632,57225000,0.10%,126085664,90489317664,1796555.99,127045384
2020-08-14,31.3946,31.3946,31.3946,31.3946,37779000,0.00%,88306664,90489317664,1186056.59,0
2020-08-17,31.3946,31.3946,31.3946,31.3946,31059000,0.00%,57247664,90489317664,975084.88,0
2020-08-18,31.3946,31.3946,31.3946,31.3946,28119000,0.00%,29128664,90489317664,882784.76,0
2020-08-19,31.3946,31.3946,31.3946,31.3946,23310000,0.00%,5818664,90489317664,731808.13,0
2020-08-20,31.3946,31.426,31.426,31.3946,30198000,0.10%,103248516,90616945516,949002.35,127627852
2020-08-21,31.426,31.426,31.426,31.426,38325000,0.00%,64923516,90616945516,1204401.45,0
2020-08-24,31.426,31.426,31.426,31.426,57561000,0.00%,7362516,90616945516,1808911.99,0
2020-08-25,31.426,31.4574,31.4574,31.426,37821000,0.10%,97672108,90745076108,1189750.33,128130591
2020-08-26,31.4574,31.4574,31.4574,31.4574,32823000,0.00%,64849108,90745076108,1032526.24,0
2020-08-27,31.4574,31.4574,31.4574,31.4574,35763000,0.00%,29086108,90745076108,1125011.0,0
2020-08-28,31.4574,31.4888,31.4888,31.4574,47334000,0.10%,111154273,90874478273,1490490.86,129402165
2020-08-31,31.4888,31.4888,31.4888,31.4888,45381000,0.00%,65773273,90874478273,1428993.23,0
2020-09-01,31.4888,31.4888,31.4888,31.4888,41517000,0.00%,24256273,90874478273,1307320.51,0
2020-09-02,31.4888,31.5203,31.5203,31.4888,30597000,0.10%,123730273,91004549273,964426.62,130071000
2020-09-03,31.5203,31.5203,31.5203,31.5203,35868000,0.00%,87862273,91004549273,1130570.12,0
2020-09-04,31.5203,31.5203,31.5203,31.5203,69447000,0.00%,18415273,91004549273,2188990.27,0
2020-09-07,31.5203,31.5519,31.5519,31.5203,37884000,0.10%,111253288,91135271288,1195312.18,130722014
2020-09-08,31.5519,31.5519,31.5519,31.5519,38892000,0.00%,72361288,91135271288,1227116.49,0
2020-09-09,31.5519,31.5519,31.5519,31.5519,37296000,0.00%,35065288,91135271288,1176759.66,0
2020-09-10,31.5519,31.5519,31.5519,31.5519,28728000,0.00%,6337288,91135271288,906422.98,0
2020-09-11,31.5519,31.5834,31.5834,31.5519,26754000,0.10%,111354988,91267042988,844982.28,131771700
2020-09-14,31.5834,31.5834,31.5834,31.5834,40488000,0.00%,70866988,91267042988,1278748.7,0
2020-09-15,31.5834,31.5834,31.5834,31.5834,23772000,0.00%,47094988,91267042988,750800.58,0
2020-09-16,31.5834,31.5834,31.5834,31.5834,21399000,0.00%,25695988,91267042988,675853.18,0
2020-09-17,31.5834,31.5834,31.5834,31.5834,24717000,0.00%,978988,91267042988,780646.9,0
2020-09-18,31.5834,31.615,31.615,31.5834,45570000,0.10%,88909717,91400543717,1440695.55,133500728
2020-09-21,31.615,31.615,31.615,31.615,22071000,0.00%,66838717,91400543717,697774.67,0
2020-09-22,31.615,31.615,31.615,31.615,26355000,0.00%,40483717,91400543717,833213.33,0
2020-09-23,31.615,31.615,31.615,31.615,26292000,0.00%,14191717,91400543717,831221.58,0
2020-09-24,31.615,31.6466,31.6466,31.615,30135000,0.10%,118364417,91534851417,953670.29,134307700
2020-09-25,31.6466,31.6466,31.6466,31.6466,27783000,0.00%,90581417,91534851417,879237.49,0
2020-09-28,31.6466,31.6466,31.6466,31.6466,22974000,0.00%,67607417,91534851417,727048.99,0
2020-09-29,31.6466,31.6466,31.6466,31.6466,24003000,0.00%,43604417,91534851417,759613.34,0
2020-09-30,31.6466,31.6466,31.6466,31.6466,21525000,0.00%,22079417,91534851417,681193.07,0
2020-10-05,31.6466,31.6782,31.6782,31.6466,38304000,0.10%,120893456,91671969456,1213401.77,137118039
2020-10-06,31.6782,31.6782,31.6782,31.6782,16485000,0.00%,104408456,91671969456,522215.13,0
2020-10-07,31.6782,31.6782,31.6782,31.6782,24192000,0.00%,80216456,91671969456,766359.01,0
2020-10-08,31.6782,31.6782,31.6782,31.6782,17073000,0.00%,63143456,91671969456,540841.91,0
2020-10-09,31.6782,31.6782,31.6782,31.6782,31899000,0.00%,31244456,91671969456,1010502.9,0
2020-10-12,31.6782,31.7099,31.7099,31.6782,39690000,0.10%,130900142,91811315142,1258565.93,139345685
2020-10-14,31.7099,31.7099,31.7099,31.7099,54390000,0.00%,76510142,91811315142,1724701.46,0
2020-10-15,31.7099,31.7099,31.7099,31.7099,32592000,0.00%,43918142,91811315142,1033489.06,0
2020-10-16,31.7099,31.7099,31.7099,31.7099,21672000,0.00%,22246142,91811315142,687216.95,0
2020-10-19,31.7099,31.7099,31.7099,31.7099,20517000,0.00%,1729142,91811315142,650592.02,0
2020-10-20,31.7099,31.7416,31.7416,31.7099,20895000,0.10%,121824568,91952305568,663240.73,140990426
2020-10-21,31.7416,31.7416,31.7416,31.7416,25641000,0.00%,96183568,91952305568,813886.37,0
2020-10-22,31.7416,31.7416,31.7416,31.7416,26565000,0.00%,69618568,91952305568,843215.6,0
2020-10-23,31.7416,31.7416,31.7416,31.7416,15855000,0.00%,53763568,91952305568,503263.07,0
2020-10-27,31.7416,31.7734,31.7734,31.7416,59052000,0.10%,136074622,92093668622,1876282.82,141363053
2020-10-28,31.7734,31.7734,31.7734,31.7734,52332000,0.00%,83742622,92093668622,1662765.57,0
2020-10-29,31.7734,31.7734,31.7734,31.7734,48405000,0.00%,35337622,92093668622,1537991.43,0
2020-10-30,31.7734,31.8052,31.8052,31.7734,52269000,0.10%,123680110,92234280110,1662426.0,140611487
2020-11-02,31.8052,31.8052,31.8052,31.8052,32571000,0.00%,91109110,92234280110,1035927.17,0
2020-11-03,31.8052,31.8052,31.8052,31.8052,35658000,0.00%,55451110,92234280110,1134109.82,0
2020-11-04,31.8052,31.837,31.837,31.8052,59766000,0.10%,136099826,92374694826,1902770.14,140414715
2020-11-05,31.837,31.837,31.837,31.837,54516000,0.00%,81583826,92374694826,1735625.89,0
2020-11-06,31.837,31.837,31.837,31.837,44835000,0.00%,36748826,92374694826,1427411.9,0
2020-11-09,31.837,31.837,31.837,31.837,36414000,0.00%,334826,92374694826,1159312.52,0
2020-11-10,31.837,31.8688,31.8688,31.837,75852000,0.10%,67404288,92517616288,2417312.22,142921462
2020-11-11,31.8688,31.9007,31.9007,31.8688,138747000,0.10%,71396550,92660355550,4426126.42,142739261
2020-11-12,31.9007,31.9007,31.9007,31.9007,67851000,0.00%,3545550,92660355550,2164494.4,0
2020-11-13,31.9007,31.9326,31.9326,31.9007,59766000,0.10%,86364332,92802940332,1908483.77,142584782
2020-11-16,31.9326,31.9326,31.9326,31.9326,40719000,0.00%,45645332,92802940332,1300263.54,0
2020-11-17,31.9326,31.9326,31.9326,31.9326,40677000,0.00%,4968332,92802940332,1298922.37,0
2020-11-18,31.9326,31.9645,31.9645,31.9326,28308000,0.10%,118587734,92944867734,904851.07,141927402
2020-11-19,31.9645,31.9645,31.9645,31.9645,32991000,0.00%,85596734,92944867734,1054540.82,0
2020-11-20,31.9645,31.9645,31.9645,31.9645,34797000,0.00%,50799734,92944867734,1112268.71,0
2020-11-23,31.9645,31.9645,31.9645,31.9645,43890000,0.00%,6909734,92944867734,1402921.91,0
2020-11-24,31.9645,31.9965,31.9965,31.9645,33390000,0.10%,116014075,93087362075,1068363.14,142494340
2020-11-25,31.9965,31.9965,31.9965,31.9965,43260000,0.00%,72754075,93087362075,1384168.59,0
2020-11-26,31.9965,31.9965,31.9965,31.9965,23394000,0.00%,49360075,93087362075,748526.12,0
2020-11-27,31.9965,31.9965,31.9965,31.9965,23478000,0.00%,25882075,93087362075,751213.83,0
2020-11-30,31.9965,32.0285,32.0285,31.9965,68901000,0.10%,100436745,93230817745,2206795.68,143455669
2020-12-01,32.0285,32.0285,32.0285,32.0285,46662000,0.00%,53774745,93230817745,1494513.87,0
2020-12-02,32.0285,32.0285,32.0285,32.0285,28308000,0.00%,25466745,93230817745,906662.78,0
2020-12-03,32.0285,32.0605,32.0605,32.0285,32676000,0.10%,135941067,93373968067,1047608.9,143150322
2020-12-04,32.0605,32.0605,32.0605,32.0605,30156000,0.00%,105785067,93373968067,966816.44,0
2020-12-07,32.0605,32.0605,32.0605,32.0605,25473000,0.00%,80312067,93373968067,816677.12,0
2020-12-08,32.0605,32.0605,32.0605,32.0605,20496000,0.00%,59816067,93373968067,657112.01,0
2020-12-09,32.0605,32.0605,32.0605,32.0605,20769000,0.00%,39047067,93373968067,665864.52,0
2020-12-10,32.0605,32.0605,32.0605,32.0605,21483000,0.00%,17564067,93373968067,688755.72,0
2020-12-11,32.0605,32.0925,32.0925,32.0605,25284000,0.10%,137161897,93518849897,811426.77,144881829
2020-12-14,32.0925,32.0925,32.0925,32.0925,44478000,0.00%,92683897,93518849897,1427410.22,0
2020-12-15,32.0925,32.0925,32.0925,32.0925,48972000,0.00%,43711897,93518849897,1571633.91,0
2020-12-16,32.0925,32.0925,32.0925,32.0925,36372000,0.00%,7339897,93518849897,1167268.41,0
2020-12-17,32.0925,32.1246,32.1246,32.0925,29064000,0.10%,123560788,93664134788,933669.37,145284891
2020-12-18,32.1246,32.1246,32.1246,32.1246,40341000,0.00%,83219788,93664134788,1295938.49,0
2020-12-21,32.1246,32.1246,32.1246,32.1246,27636000,0.00%,55583788,93664134788,887795.45,0
2020-12-22,32.1246,32.1246,32.1246,32.1246,21567000,0.00%,34016788,93664134788,692831.25,0
2020-12-23,32.1246,32.1246,32.1246,32.1246,23919000,0.00%,10097788,93664134788,768388.31,0
2020-12-24,32.1246,32.1568,32.1568,32.1246,28854000,0.10%,127292578,93810183578,927852.31,146048789
2020-12-28,32.1568,32.1568,32.1568,32.1568,127176000,0.00%,116578,93810183578,4089573.2,0
2020-12-29,32.1568,32.1889,32.1889,32.1568,76125000,0.10%,69600264,93955792264,2450380.01,145608686
2020-12-30,32.1889,32.1889,32.1889,32.1889,61278000,0.00%,8322264,93955792264,1972471.41,0
2020-12-31,32.1889,32.2211,32.2211,32.1889,27720000,0.10%,125820521,94101010521,893168.89,145218256
2021-01-04,32.2211,32.2211,32.2211,32.2211,45716000,0.00%,80104521,94101010521,1473019.81,0
2021-01-05,32.2211,32.2211,32.2211,32.2211,41074000,0.00%,39030521,94101010521,1323449.46,0
2021-01-06,32.2211,32.2533,32.2533,32.2211,56562000,0.10%,127662690,94246204690,1824311.15,145194169
2021-01-07,32.2533,32.2533,32.2533,32.2533,87736000,0.00%,39926690,94246204690,2829775.53,0
2021-01-08,32.2533,32.2856,32.2856,32.2533,50292000,0.10%,134303979,94390873979,1623707.4,144669289
2021-01-11,32.2856,32.2856,32.2856,32.2856,84480000,0.00%,49823979,94390873979,2727487.49,0
2021-01-12,32.2856,32.2856,32.2856,32.2856,44374000,0.00%,5449979,94390873979,1432641.21,0
2021-01-13,32.2856,32.3179,32.3179,32.2856,49742000,0.10%,100972859,94536138859,1607556.98,145264879
2021-01-14,32.3179,32.3179,32.3179,32.3179,80542000,0.00%,20430859,94536138859,2602948.3,0
2021-01-15,32.3179,32.3502,32.3502,32.3179,67452000,0.10%,97381098,94680541098,2182085.69,144402239
2021-01-18,32.3502,32.3502,32.3502,32.3502,73700000,0.00%,23681098,94680541098,2384209.74,0
2021-01-19,32.3502,32.3825,32.3825,32.3502,66704000,0.10%,99966337,94823530337,2160042.28,142989238
2021-01-20,32.3825,32.3825,32.3825,32.3825,79662000,0.00%,20304337,94823530337,2579654.71,0
2021-01-21,32.3825,32.4149,32.4149,32.3825,61050000,0.10%,101496862,94965772862,1978929.65,142242525
2021-01-22,32.4149,32.4149,32.4149,32.4149,66726000,0.00%,34770862,94965772862,2162916.62,0
2021-01-25,32.4149,32.4473,32.4473,32.4149,103312000,0.10%,74487246,95108801246,3352195.46,143028383
2021-01-26,32.4473,32.4798,32.4798,32.4473,109934000,0.10%,107617391,95251865391,3570634.33,143064144
2021-01-27,32.4798,32.4798,32.4798,32.4798,82258000,0.00%,25359391,95251865391,2671723.39,0
2021-01-28,32.4798,32.5123,32.5123,32.4798,82038000,0.10%,85780519,95394324519,2667244.07,142459127
2021-01-29,32.5123,32.5123,32.5123,32.5123,74734000,0.00%,11046519,95394324519,2429774.23,0
2021-02-01,32.5123,32.5448,32.5448,32.5123,63008000,0.10%,90350853,95536636853,2050582.76,142312334
2021-02-02,32.5448,32.5448,32.5448,32.5448,57926000,0.00%,32424853,95536636853,1885190.08,0
2021-02-03,32.5448,32.5773,32.5773,32.5448,37356000,0.10%,137990806,95679558806,1216957.62,142921953
2021-02-04,32.5773,32.5773,32.5773,32.5773,52008000,0.00%,85982806,95679558806,1694280.22,0
2021-02-05,32.5773,32.5773,32.5773,32.5773,41052000,0.00%,44930806,95679558806,1337363.32,0
2021-02-08,32.5773,32.5773,32.5773,32.5773,32604000,0.00%,12326806,95679558806,1062150.29,0
2021-02-09,32.5773,32.6099,32.6099,32.5773,23430000,0.10%,135463181,95826125181,764049.96,146566375
2021-02-10,32.6099,32.6099,32.6099,32.6099,37224000,0.00%,98239181,95826125181,1213870.92,0
2021-02-11,32.6099,32.6099,32.6099,32.6099,22572000,0.00%,75667181,95826125181,736070.66,0
2021-02-16,32.6099,32.6099,32.6099,32.6099,51876000,0.00%,23791181,95826125181,1691671.17,0
2021-02-17,32.6099,32.6425,32.6425,32.6099,35288000,0.10%,135478108,95973100108,1151888.54,146974927
2021-02-18,32.6425,32.6425,32.6425,32.6425,53328000,0.00%,82150108,95973100108,1740759.24,0
2021-02-19,32.6425,32.6425,32.6425,32.6425,49698000,0.00%,32452108,95973100108,1622266.97,0
2021-02-22,32.6425,32.6751,32.6751,32.6425,60060000,0.10%,119373909,96120081909,1962466.51,146981800
2021-02-23,32.6751,32.6751,32.6751,32.6751,59246000,0.00%,60127909,96120081909,1935868.97,0
2021-02-24,32.6751,32.7078,32.7078,32.6751,91498000,0.10%,115844764,96267296764,2992698.28,147214854
2021-02-25,32.7078,32.7078,32.7078,32.7078,52822000,0.00%,63022764,96267296764,1727691.41,0
2021-02-26,32.7078,32.7405,32.7405,32.7078,81576000,0.10%,128080674,96413930674,2670839.03,146633909
2021-03-01,32.7405,32.7405,32.7405,32.7405,59576000,0.00%,68504674,96413930674,1950548.03,0
2021-03-02,32.7405,32.7405,32.7405,32.7405,50776000,0.00%,17728674,96413930674,1662431.63,0
2021-03-03,32.7405,32.7733,32.7733,32.7405,40238000,0.10%,124595829,96561035829,1318732.05,147105155
2021-03-04,32.7733,32.7733,32.7733,32.7733,53900000,0.00%,70695829,96561035829,1766480.87,0
2021-03-05,32.7733,32.7733,32.7733,32.7733,59708000,0.00%,10987829,96561035829,1956828.2,0
2021-03-08,32.7733,32.806,32.806,32.7733,79706000,0.10%,78561952,96708315952,2614835.04,147280122
2021-03-09,32.806,32.8389,32.8389,32.806,85382000,0.10%,139924180,96855060180,2803850.96,146744227
2021-03-10,32.8389,32.8389,32.8389,32.8389,51172000,0.00%,88752180,96855060180,1680432.19,0
2021-03-11,32.8389,32.8389,32.8389,32.8389,46134000,0.00%,42618180,96855060180,1514989.81,0
2021-03-12,32.8389,32.8717,32.8717,32.8389,57178000,0.10%,131550723,97001170723,1879538.06,146110543
2021-03-15,32.8717,32.8717,32.8717,32.8717,77022000,0.00%,54528723,97001170723,2531844.08,0
2021-03-16,32.8717,32.8717,32.8717,32.8717,42988000,0.00%,11540723,97001170723,1413088.64,0
2021-03-17,32.8717,32.9046,32.9046,32.8717,42020000,0.10%,116194603,97147844603,1382651.29,146673880
2021-03-18,32.9046,32.9046,32.9046,32.9046,49192000,0.00%,67002603,97147844603,1618643.08,0
2021-03-19,32.9046,32.9046,32.9046,32.9046,49588000,0.00%,17414603,97147844603,1631673.3,0
2021-03-22,32.9046,32.9375,32.9375,32.9046,30822000,0.10%,133216913,97294468913,1015199.63,146624309
2021-03-23,32.9375,32.9375,32.9375,32.9375,32142000,0.00%,101074913,97294468913,1058677.13,0
2021-03-24,32.9375,32.9375,32.9375,32.9375,39710000,0.00%,61364913,97294468913,1307948.12,0
2021-03-25,32.9375,32.9704,32.9704,32.9375,97438000,0.10%,110195625,97440737625,3212569.84,146268712
2021-03-26,32.9704,32.9704,32.9704,32.9704,53878000,0.00%,56317625,97440737625,1776379.21,0
2021-03-29,32.9704,33.0034,33.0034,32.9704,63822000,0.10%,140755471,97588997471,2106342.99,148259845
2021-03-30,33.0034,33.0034,33.0034,33.0034,45232000,0.00%,95523471,97588997471,1492809.79,0
2021-03-31,33.0034,33.0034,33.0034,33.0034,35068000,0.00%,60455471,97588997471,1157363.23,0
2021-04-01,33.0034,33.0364,33.0364,33.0034,72380000,0.10%,137156000,97738078000,2391174.63,149080529
2021-04-07,33.0364,33.0364,33.0364,33.0364,59796000,0.00%,77360000,97738078000,1975444.57,0
2021-04-08,33.0364,33.1687,33.1687,33.0364,544258000,0.40%,131491707,98336467707,18052330.32,598389706
2021-04-09,33.1687,33.1687,33.1687,33.1687,49412000,0.00%,82079707,98336467707,1638931.8,0
2021-04-12,33.1687,33.1687,33.1687,33.1687,61556000,0.00%,20523707,98336467707,2041732.5,0
2021-04-13,33.1687,33.2019,33.2019,33.1687,40568000,0.10%,128854716,98485366716,1346934.68,148899008
2021-04-14,33.2019,33.2019,33.2019,33.2019,39600000,0.00%,89254716,98485366716,1314795.24,0
2021-04-15,33.2019,33.2019,33.2019,33.2019,32010000,0.00%,57244716,98485366716,1062792.82,0
2021-04-16,33.2019,33.2019,33.2019,33.2019,45672000,0.00%,11572716,98485366716,1516397.18,0
2021-04-19,33.2019,33.2351,33.2351,33.2019,44528000,0.10%,118079669,98636401669,1479892.53,151034953
2021-04-20,33.2351,33.2351,33.2351,33.2351,33506000,0.00%,84573669,98636401669,1113575.26,0
2021-04-21,33.2351,33.2351,33.2351,33.2351,45452000,0.00%,39121669,98636401669,1510601.77,0
2021-04-22,33.2351,33.2351,33.2351,33.2351,33836000,0.00%,5285669,98636401669,1124542.84,0
2021-04-23,33.2351,33.2683,33.2683,33.2351,35860000,0.10%,123395514,98790371514,1193001.24,153969844
2021-04-26,33.2683,33.2683,33.2683,33.2683,31240000,0.00%,92155514,98790371514,1039301.69,0
2021-04-27,33.2683,33.2683,33.2683,33.2683,30426000,0.00%,61729514,98790371514,1012221.3,0
2021-04-28,33.2683,33.2683,33.2683,33.2683,24640000,0.00%,37089514,98790371514,819730.91,0
2021-04-29,33.2683,33.2683,33.2683,33.2683,27434000,0.00%,9655514,98790371514,912682.54,0
2021-04-30,33.2683,33.3016,33.3016,33.2683,26378000,0.10%,143078225,98950172225,878429.6,159800711
2021-05-03,33.3016,33.3016,33.3016,33.3016,17468000,0.00%,125610225,98950172225,581712.35,0
2021-05-04,33.3016,33.3016,33.3016,33.3016,13926000,0.00%,111684225,98950172225,463758.08,0
2021-05-05,33.3016,33.3016,33.3016,33.3016,25586000,0.00%,86098225,98950172225,852054.74,0
2021-05-06,33.3016,33.3016,33.3016,33.3016,47102000,0.00%,38996225,98950172225,1568571.96,0
2021-05-07,33.3016,33.3016,33.3016,33.3016,38412000,0.00%,584225,98950172225,1279181.06,0
2021-05-10,33.3016,33.3349,33.3349,33.3016,45188000,0.10%,117484314,99112260314,1506337.46,162088088
2021-05-11,33.3349,33.3349,33.3349,33.3349,76164000,0.00%,41320314,99112260314,2538919.32,0
2021-05-12,33.3349,33.3682,33.3682,33.3349,50380000,0.10%,152669650,99273989650,1681089.92,161729336
2021-05-13,33.3682,33.3682,33.3682,33.3682,39556000,0.00%,113113650,99273989650,1319912.52,0
2021-05-14,33.3682,33.3682,33.3682,33.3682,35222000,0.00%,77891650,99273989650,1175294.74,0
2021-05-17,33.3682,33.3682,33.3682,33.3682,42174000,0.00%,35717650,99273989650,1407270.47,0
2021-05-18,33.3682,33.3682,33.3682,33.3682,26818000,0.00%,8899650,99273989650,894868.39,0
2021-05-20,33.3682,33.4016,33.4016,33.3682,34386000,0.10%,136633141,99436109141,1148547.42,162119491
2021-05-21,33.4016,33.4016,33.4016,33.4016,88748000,0.00%,47885141,99436109141,2964325.2,0
2021-05-24,33.4016,33.4016,33.4016,33.4016,36542000,0.00%,11343141,99436109141,1220561.27,0
2021-05-25,33.4016,33.435,33.435,33.4016,59488000,0.10%,115320946,99599574946,1988981.28,163465804
2021-05-26,33.435,33.435,33.435,33.435,41206000,0.00%,74114946,99599574946,1377722.61,0
2021-05-27,33.435,33.435,33.435,33.435,56628000,0.00%,17486946,99599574946,1893357.18,0
2021-05-28,33.435,33.4684,33.4684,33.435,33396000,0.10%,149963761,99765447761,1117710.69,165872815
2021-05-31,33.4684,33.4684,33.4684,33.4684,34144000,0.00%,115819761,99765447761,1142745.05,0
2021-06-01,33.4684,33.4684,33.4684,33.4684,39688000,0.00%,76131761,99765447761,1328293.86,0
2021-06-02,33.4684,33.4684,33.4684,33.4684,35926000,0.00%,40205761,99765447761,1202385.74,0
2021-06-03,33.4684,33.4684,33.4684,33.4684,27082000,0.00%,13123761,99765447761,906391.21,0
2021-06-04,33.4684,33.5019,33.5019,33.4684,41668000,0.10%,138624701,99932616701,1395957.17,167168940
2021-06-07,33.5019,33.5019,33.5019,33.5019,43494000,0.00%,95130701,99932616701,1457131.64,0
2021-06-08,33.5019,33.5019,33.5019,33.5019,22704000,0.00%,72426701,99932616701,760627.14,0
2021-06-09,33.5019,33.5019,33.5019,33.5019,17094000,0.00%,55332701,99932616701,572681.48,0
2021-06-10,33.5019,33.5019,33.5019,33.5019,25806000,0.00%,29526701,99932616701,864550.03,0
2021-06-11,33.5019,33.5354,33.5354,33.5019,31900000,0.10%,167090605,100102080605,1069779.26,169463904
2021-06-15,33.5354,33.5354,33.5354,33.5354,25366000,0.00%,141724605,100102080605,850658.96,0
2021-06-16,33.5354,33.5354,33.5354,33.5354,21494000,0.00%,120230605,100102080605,720809.89,0
2021-06-17,33.5354,33.5354,33.5354,33.5354,30294000,0.00%,89936605,100102080605,1015921.41,0
2021-06-18,33.5354,33.5354,33.5354,33.5354,27060000,0.00%,62876605,100102080605,907467.92,0
2021-06-21,33.5354,33.5354,33.5354,33.5354,51722000,0.00%,11154605,100102080605,1734517.96,0
2021-06-22,33.5354,33.5689,33.5689,33.5354,67914000,0.10%,115073364,100273913364,2279798.27,171832758
2021-06-23,33.5689,33.5689,33.5689,33.5689,40458000,0.00%,74615364,100273913364,1358130.56,0
2021-06-24,33.5689,33.5689,33.5689,33.5689,24090000,0.00%,50525364,100273913364,808674.8,0
2021-06-25,33.5689,33.5689,33.5689,33.5689,42350000,0.00%,8175364,100273913364,1421642.92,0
2021-06-28,33.5689,33.6025,33.6025,33.5689,25278000,0.10%,156222135,100447238135,849404.0,173324771
2021-06-29,33.6025,33.6025,33.6025,33.6025,32362000,0.00%,123860135,100447238135,1087444.1,0
2021-06-30,33.6025,33.6025,33.6025,33.6025,29964000,0.00%,93896135,100447238135,1006865.31,0
2021-07-02,33.6025,33.6025,33.6025,33.6025,54868000,0.00%,39028135,100447238135,1843701.97,0
2021-07-05,33.6025,33.6361,33.6361,33.6025,95348000,0.10%,117650979,100621208979,3207134.86,173970843
2021-07-06,33.6361,33.6361,33.6361,33.6361,42834000,0.00%,74816979,100621208979,1440768.71,0
2021-07-07,33.6361,33.6361,33.6361,33.6361,67144000,0.00%,7672979,100621208979,2258462.3,0
2021-07-08,33.6361,33.6698,33.6698,33.6361,100518000,0.10%,91418877,100805472877,3384420.96,184263898
2021-07-09,33.6698,33.7034,33.7034,33.6698,94424000,0.10%,180815741,100989293741,3182409.84,183820863
2021-07-12,33.7034,33.7034,33.7034,33.7034,67408000,0.00%,113407741,100989293741,2271878.79,0
2021-07-13,33.7034,33.7034,33.7034,33.7034,72886000,0.00%,40521741,100989293741,2456506.01,0
2021-07-14,33.7034,33.7371,33.7371,33.7034,43802000,0.10%,179765994,101172339994,1477752.45,183046253
2021-07-15,33.7371,33.7371,33.7371,33.7371,44396000,0.00%,135369994,101172339994,1497792.29,0
2021-07-16,33.7371,33.7371,33.7371,33.7371,32472000,0.00%,102897994,101172339994,1095511.11,0
2021-07-19,33.7371,33.7371,33.7371,33.7371,37202000,0.00%,65695994,101172339994,1255087.59,0
2021-07-20,33.7371,33.7371,33.7371,33.7371,43582000,0.00%,22113994,101172339994,1470330.29,0
2021-07-21,33.7371,33.7709,33.7709,33.7371,44660000,0.10%,159424870,101354310870,1508208.39,181970875
2021-07-22,33.7709,33.7709,33.7709,33.7709,34518000,0.00%,124906870,101354310870,1165703.93,0
2021-07-23,33.7709,33.7709,33.7709,33.7709,36872000,0.00%,88034870,101354310870,1245200.62,0
2021-07-26,33.7709,33.8046,33.8046,33.7709,181038000,0.10%,88390323,101535704323,6119917.17,181393453
2021-07-27,33.8046,33.8384,33.8384,33.8046,237666000,0.10%,30736319,101715716319,8042237.17,180011995
2021-07-28,33.8384,33.9061,33.9061,33.8384,248292000,0.20%,138531087,102071803087,8418613.38,356086767
2021-07-29,33.9061,33.9401,33.9401,33.9061,160380000,0.10%,154320560,102247972560,5443313.24,176169472
2021-07-30,33.9401,33.9401,33.9401,33.9401,89012000,0.00%,65308560,102247972560,3021076.18,0
2021-08-02,33.9401,33.9401,33.9401,33.9401,64790000,0.00%,518560,102247972560,2198979.08,0
2021-08-03,33.9401,34.008,34.008,33.9401,259182000,0.20%,89196126,102595832126,8814261.46,347859566
2021-08-04,34.008,34.042,34.042,34.008,101420000,0.10%,160392506,102768448506,3452539.64,172616379
2021-08-05,34.042,34.042,34.042,34.042,128986000,0.00%,31406506,102768448506,4390941.41,0
2021-08-06,34.042,34.076,34.076,34.042,94490000,0.10%,108831105,102940363105,3219841.24,171914598
2021-08-09,34.076,34.076,34.076,34.076,90112000,0.00%,18719105,102940363105,3070656.51,0
2021-08-10,34.076,34.1101,34.1101,34.076,89936000,0.10%,100825675,103112405675,3067725.95,172042570
2021-08-11,34.1101,34.1101,34.1101,34.1101,44330000,0.00%,56495675,103112405675,1512100.73,0
2021-08-12,34.1101,34.1101,34.1101,34.1101,35970000,0.00%,20525675,103112405675,1226940.3,0
2021-08-13,34.1101,34.1442,34.1442,34.1101,58124000,0.10%,133935934,103283939934,1984597.48,171534259
2021-08-16,34.1442,34.1442,34.1442,34.1442,63844000,0.00%,70091934,103283939934,2179902.3,0
2021-08-17,34.1442,34.1783,34.1783,34.1442,94908000,0.10%,145590300,103454346300,3243794.1,170406365
2021-08-18,34.1783,34.1783,34.1783,34.1783,58520000,0.00%,87070300,103454346300,2000114.12,0
2021-08-19,34.1783,34.2125,34.2125,34.1783,112420000,0.10%,145358116,103625054116,3846169.25,170707816
2021-08-20,34.2125,34.2125,34.2125,34.2125,114708000,0.00%,30650116,103625054116,3924447.45,0
2021-08-23,34.2125,34.2467,34.2467,34.2125,98164000,0.10%,102159946,103794727946,3361793.06,169673830
2021-08-24,34.2467,34.281,34.281,34.2467,108944000,0.10%,162334386,103963846386,3734709.26,169118440
2021-08-25,34.281,34.281,34.281,34.281,90706000,0.00%,71628386,103963846386,3109492.39,0
2021-08-26,34.281,34.281,34.281,34.281,38060000,0.00%,33568386,103963846386,1304734.86,0
2021-08-27,34.281,34.3153,34.3153,34.281,51612000,0.10%,149286561,104131176561,1771081.26,167330174
2021-08-30,34.3153,34.3153,34.3153,34.3153,40656000,0.00%,108630561,104131176561,1395122.84,0
2021-08-31,34.3153,34.3496,34.3496,34.3153,114796000,0.10%,158986631,104296328631,3943196.68,165152070
2021-09-01,34.3496,34.3496,34.3496,34.3496,77660000,0.00%,81326631,104296328631,2667589.94,0
2021-09-02,34.3496,34.3839,34.3839,34.3496,89034000,0.10%,155652143,104459688143,3061336.15,163359512
2021-09-03,34.3839,34.3839,34.3839,34.3839,59708000,0.00%,95944143,104459688143,2052993.9,0
2021-09-06,34.3839,34.3839,34.3839,34.3839,58894000,0.00%,37050143,104459688143,2025005.41,0
2021-09-07,34.3839,34.4183,34.4183,34.3839,54912000,0.10%,141600119,104619150119,1889977.69,159461975
2021-09-08,34.4183,34.4183,34.4183,34.4183,72600000,0.00%,69000119,104619150119,2498768.58,0
2021-09-09,34.4183,34.4527,34.4527,34.4183,118998000,0.10%,107945893,104777093893,4099802.39,157943774
2021-09-10,34.4527,34.4527,34.4527,34.4527,78474000,0.00%,29471893,104777093893,2703641.18,0
2021-09-13,34.4527,34.4872,34.4872,34.4527,61204000,0.10%,124563508,104933389508,2110754.59,156295615
2021-09-14,34.4872,34.4872,34.4872,34.4872,43802000,0.00%,80761508,104933389508,1510608.33,0
2021-09-15,34.4872,34.4872,34.4872,34.4872,79574000,0.00%,1187508,104933389508,2744284.45,0
2021-09-16,34.4872,34.5217,34.5217,34.4872,53944000,0.10%,103599832,105089745832,1862238.58,156356324
2021-09-17,34.5217,34.5217,34.5217,34.5217,52756000,0.00%,50843832,105089745832,1821226.81,0
2021-09-20,34.5217,34.5217,34.5217,34.5217,34122000,0.00%,16721832,105089745832,1177949.45,0
2021-09-21,34.5217,34.5562,34.5562,34.5217,36432000,0.10%,136903705,105246359705,1258951.48,156613873
2021-09-23,34.5562,34.5562,34.5562,34.5562,48862000,0.00%,88041705,105246359705,1688485.04,0
2021-09-24,34.5562,34.5562,34.5562,34.5562,36652000,0.00%,51389705,105246359705,1266553.84,0
2021-09-27,34.5562,34.5562,34.5562,34.5562,39534000,0.00%,11855705,105246359705,1366144.81,0
2021-09-28,34.5562,34.5908,34.5908,34.5562,46090000,0.10%,122282456,105402876456,1594289.97,156516750
2021-09-29,34.5908,34.5908,34.5908,34.5908,40150000,0.00%,82132456,105402876456,1388820.62,0
2021-09-30,34.5908,34.5908,34.5908,34.5908,38148000,0.00%,43984456,105402876456,1319569.84,0
2021-10-04,34.5908,34.5908,34.5908,34.5908,25784000,0.00%,18200456,105402876456,891889.19,0
2021-10-05,34.5908,34.6253,34.6253,34.5908,26136000,0.10%,151288126,105562100126,904966.84,159223669
2021-10-06,34.6253,34.6253,34.6253,34.6253,23870000,0.00%,127418126,105562100126,826505.91,0
2021-10-07,34.6253,34.6253,34.6253,34.6253,32010000,0.00%,95408126,105562100126,1108355.85,0
2021-10-08,34.6253,34.6253,34.6253,34.6253,65582000,0.00%,29826126,105562100126,2270796.42,0
2021-10-11,34.6253,34.66,34.66,34.6253,57640000,0.10%,134246822,105724160822,1997802.4,162060696
2021-10-12,34.66,34.66,34.66,34.66,36190000,0.00%,98056822,105724160822,1254345.4,0
2021-10-15,34.66,34.66,34.66,34.66,64086000,0.00%,33970822,105724160822,2221220.76,0
2021-10-18,34.66,34.6946,34.6946,34.66,45606000,0.10%,150613386,105886409386,1582281.93,162248563
2021-10-19,34.6946,34.6946,34.6946,34.6946,33946000,0.00%,116667386,105886409386,1177742.89,0
2021-10-20,34.6946,34.6946,34.6946,34.6946,71984000,0.00%,44683386,105886409386,2497456.09,0
2021-10-21,34.6946,34.6946,34.6946,34.6946,36696000,0.00%,7987386,105886409386,1273153.04,0
2021-10-22,34.6946,34.7293,34.7293,34.6946,28028000,0.10%,142397333,106048847333,973392.82,162437947
2021-10-25,34.7293,34.7293,34.7293,34.7293,26972000,0.00%,115425333,106048847333,936718.68,0
2021-10-26,34.7293,34.7293,34.7293,34.7293,33682000,0.00%,81743333,106048847333,1169752.28,0
2021-10-27,34.7293,34.7293,34.7293,34.7293,41184000,0.00%,40559333,106048847333,1430291.49,0
2021-10-28,34.7293,34.7293,34.7293,34.7293,30074000,0.00%,10485333,106048847333,1044448.97,0
2021-10-29,34.7293,34.7641,34.7641,34.7293,36168000,0.10%,150377728,106224907728,1257347.97,176060395
2021-11-01,34.7641,34.7641,34.7641,34.7641,49830000,0.00%,100547728,106224907728,1732295.1,0
2021-11-02,34.7641,34.7641,34.7641,34.7641,72622000,0.00%,27925728,106224907728,2524638.47,0
2021-11-03,34.7641,34.7988,34.7988,34.7641,42592000,0.10%,166979224,106406553224,1482150.49,181645495
2021-11-04,34.7988,34.7988,34.7988,34.7988,36168000,0.00%,130811224,106406553224,1258603.0,0
2021-11-05,34.7988,34.7988,34.7988,34.7988,44044000,0.00%,86767224,106406553224,1532678.35,0
2021-11-08,34.7988,34.7988,34.7988,34.7988,49148000,0.00%,37619224,106406553224,1710291.42,0
2021-11-09,34.7988,34.7988,34.7988,34.7988,29942000,0.00%,7677224,106406553224,1041945.67,0
2021-11-10,34.7988,34.8336,34.8336,34.7988,67364000,0.10%,126379301,106592619301,2346530.63,186066076
2021-11-11,34.8336,34.8336,34.8336,34.8336,79288000,0.00%,47091301,106592619301,2761886.48,0
2021-11-12,34.8336,34.8684,34.8684,34.8336,52426000,0.10%,180081077,106778035077,1828010.74,185415776
2021-11-15,34.8684,34.8684,34.8684,34.8684,42658000,0.00%,137423077,106778035077,1487416.21,0
2021-11-16,34.8684,34.8684,34.8684,34.8684,62172000,0.00%,75251077,106778035077,2167838.16,0
2021-11-17,34.8684,34.8684,34.8684,34.8684,47168000,0.00%,28083077,106778035077,1644672.69,0
2021-11-18,34.8684,34.9033,34.9033,34.8684,42504000,0.10%,173633338,106966089338,1483529.86,188054260
2021-11-19,34.9033,34.9033,34.9033,34.9033,33462000,0.00%,140171338,106966089338,1167934.22,0
2021-11-22,34.9033,34.9033,34.9033,34.9033,32318000,0.00%,107853338,106966089338,1128004.85,0
2021-11-23,34.9033,34.9033,34.9033,34.9033,41206000,0.00%,66647338,106966089338,1438225.38,0
2021-11-24,34.9033,34.9033,34.9033,34.9033,57244000,0.00%,9403338,106966089338,1998004.51,0
2021-11-25,34.9033,34.9382,34.9382,34.9033,37268000,0.10%,164483757,107158437757,1302076.84,192348418
2021-11-26,34.9382,34.9382,34.9382,34.9382,72358000,0.00%,92125757,107158437757,2528058.28,0
2021-11-29,34.9382,34.9382,34.9382,34.9382,42922000,0.00%,49203757,107158437757,1499617.42,0
2021-11-30,34.9382,34.9732,34.9732,34.9382,78298000,0.10%,164464420,107351996420,2738331.61,193558663
2021-12-01,34.9732,34.9732,34.9732,34.9732,44748000,0.00%,119716420,107351996420,1564980.75,0
2021-12-02,34.9732,34.9732,34.9732,34.9732,38984000,0.00%,80732420,107351996420,1363395.23,0
2021-12-03,34.9732,34.9732,34.9732,34.9732,49500000,0.00%,31232420,107351996420,1731173.4,0
2021-12-06,34.9732,35.0081,35.0081,34.9732,68112000,0.10%,158545570,107547421570,2384471.71,195425150
2021-12-07,35.0081,35.0081,35.0081,35.0081,51128000,0.00%,107417570,107547421570,1789894.14,0
2021-12-08,35.0081,35.0081,35.0081,35.0081,33374000,0.00%,74043570,107547421570,1168360.33,0
2021-12-09,35.0081,35.0081,35.0081,35.0081,29370000,0.00%,44673570,107547421570,1028187.9,0
2021-12-10,35.0081,35.0081,35.0081,35.0081,33506000,0.00%,11167570,107547421570,1172981.4,0
2021-12-13,35.0081,35.0431,35.0431,35.0081,48928000,0.10%,160458059,107745640059,1714588.8,198218488
2021-12-14,35.0431,35.0431,35.0431,35.0431,30030000,0.00%,130428059,107745640059,1052344.29,0
2021-12-15,35.0431,35.0431,35.0431,35.0431,29414000,0.00%,101014059,107745640059,1030757.74,0
2021-12-16,35.0431,35.0431,35.0431,35.0431,46266000,0.00%,54748059,107745640059,1621304.06,0
2021-12-17,35.0431,35.0782,35.0782,35.0431,62216000,0.10%,191348526,107944456526,2182425.29,198816467
2021-12-20,35.0782,35.0782,35.0782,35.0782,44902000,0.00%,146446526,107944456526,1575081.34,0
2021-12-21,35.0782,35.0782,35.0782,35.0782,37906000,0.00%,108540526,107944456526,1329674.25,0
2021-12-22,35.0782,35.0782,35.0782,35.0782,30448000,0.00%,78092526,107944456526,1068061.03,0
2021-12-23,35.0782,35.0782,35.0782,35.0782,72490000,0.00%,5602526,107944456526,2542818.72,0
2021-12-24,35.0782,35.1133,35.1133,35.0782,20922000,0.10%,182191650,108141967650,734640.46,197511123
2021-12-28,35.1133,35.1133,35.1133,35.1133,41690000,0.00%,140501650,108141967650,1463873.48,0
2021-12-29,35.1133,35.1133,35.1133,35.1133,21098000,0.00%,119403650,108141967650,740820.4,0
2021-12-30,35.1133,35.1133,35.1133,35.1133,16852000,0.00%,102551650,108141967650,591729.33,0
2021-12-31,35.1133,35.1133,35.1133,35.1133,21736000,0.00%,80815650,108141967650,763222.69,0
2022-01-03,35.1133,35.1133,35.1133,35.1133,13845999,0.00%,66969650,108141967650,486178.75,0
2022-01-04,35.1133,35.1133,35.1133,35.1133,31187999,0.00%,35781650,108141967650,1095113.6,0
2022-01-05,35.1133,35.1484,35.1484,35.1133,73439000,0.10%,158935104,108338560104,2581263.35,196592453
2022-01-06,35.1484,35.1484,35.1484,35.1484,51496999,0.00%,107438104,108338560104,1810037.15,0
2022-01-07,35.1484,35.1484,35.1484,35.1484,47863000,0.00%,59575104,108338560104,1682307.87,0
2022-01-10,35.1484,35.1484,35.1484,35.1484,44988000,0.00%,14587104,108338560104,1581256.22,0
2022-01-11,35.1484,35.1835,35.1835,35.1484,37743000,0.10%,173835453,108535551453,1327930.84,196991349
2022-01-12,35.1835,35.1835,35.1835,35.1835,65020999,0.00%,108814453,108535551453,2287666.35,0
2022-01-13,35.1835,35.1835,35.1835,35.1835,42113000,0.00%,66701453,108535551453,1481682.74,0
2022-01-14,35.1835,35.1835,35.1835,35.1835,31555999,0.00%,35145453,108535551453,1110250.53,0
2022-01-17,35.1835,35.1835,35.1835,35.1835,29163999,0.00%,5981453,108535551453,1026091.59,0
2022-01-18,35.1835,35.2187,35.2187,35.1835,54141999,0.10%,149354136,108733066136,1906810.86,197514683
2022-01-19,35.2187,35.2187,35.2187,35.2187,40227000,0.00%,109127136,108733066136,1416742.64,0
2022-01-20,35.2187,35.2187,35.2187,35.2187,67942000,0.00%,41185136,108733066136,2392828.92,0
2022-01-21,35.2187,35.2539,35.2539,35.2187,61685999,0.10%,175033659,108928600659,2174672.08,195534522
2022-01-24,35.2539,35.2539,35.2539,35.2539,33764000,0.00%,141269659,108928600659,1190312.68,0
2022-01-25,35.2539,35.2539,35.2539,35.2539,57499999,0.00%,83769659,108928600659,2027099.25,0
2022-01-26,35.2539,35.2539,35.2539,35.2539,49725999,0.00%,34043659,108928600659,1753035.43,0
2022-01-27,35.2539,35.2892,35.2892,35.2539,47173000,0.10%,181374841,109123104841,1664697.43,194504181
2022-01-28,35.2892,35.2892,35.2892,35.2892,34569000,0.00%,146805841,109123104841,1219912.35,0
2022-01-31,35.2892,35.2892,35.2892,35.2892,26288999,0.00%,120516841,109123104841,927717.78,0
2022-02-04,35.2892,35.2892,35.2892,35.2892,36639000,0.00%,83877841,109123104841,1292961.0,0
2022-02-07,35.2892,35.2892,35.2892,35.2892,35374000,0.00%,48503841,109123104841,1248320.16,0
2022-02-08,35.2892,35.2892,35.2892,35.2892,43125000,0.00%,5378841,109123104841,1521846.75,0
2022-02-09,35.2892,35.3245,35.3245,35.2892,53750999,0.10%,147398217,109318875217,1898727.2,195770375
2022-02-10,35.3245,35.3245,35.3245,35.3245,43263000,0.00%,104135217,109318875217,1528243.84,0
2022-02-11,35.3245,35.3245,35.3245,35.3245,35696000,0.00%,68439217,109318875217,1260943.35,0
2022-02-14,35.3245,35.3245,35.3245,35.3245,29577999,0.00%,38861217,109318875217,1044828.06,0
2022-02-15,35.3245,35.3245,35.3245,35.3245,31946999,0.00%,6914217,109318875217,1128511.8,0
2022-02-16,35.3245,35.3598,35.3598,35.3245,28082999,0.10%,176045260,109516089260,993009.26,197214043
2022-02-17,35.3598,35.3598,35.3598,35.3598,29715999,0.00%,146329260,109516089260,1050751.82,0
2022-02-18,35.3598,35.3598,35.3598,35.3598,55268999,0.00%,91060260,109516089260,1954300.79,0
2022-02-21,35.3598,35.3952,35.3952,35.3598,105891999,0.10%,181981727,109712902727,3748068.52,196813467
2022-02-22,35.3952,35.3952,35.3952,35.3952,70288000,0.00%,111693727,109712902727,2487857.82,0
2022-02-23,35.3952,35.3952,35.3952,35.3952,46552000,0.00%,65141727,109712902727,1647717.35,0
2022-02-24,35.3952,35.4305,35.4305,35.3952,78131000,0.10%,182972327,109908864327,2768220.4,195961599
2022-02-25,35.4305,35.4305,35.4305,35.4305,58718999,0.00%,124253327,109908864327,2080443.53,0
2022-02-28,35.4305,35.4305,35.4305,35.4305,61754999,0.00%,62498327,109908864327,2188010.53,0
2022-03-01,35.4305,35.4305,35.4305,35.4305,44413000,0.00%,18085327,109908864327,1573574.8,0
2022-03-02,35.4305,35.466,35.466,35.4305,32222999,0.10%,183054834,110106056834,1142820.92,197192507
2022-03-03,35.466,35.466,35.466,35.466,45701000,0.00%,137353834,110106056834,1620831.67,0
2022-03-04,35.466,35.466,35.466,35.466,95565000,0.00%,41788834,110106056834,3389308.29,0
2022-03-07,35.466,35.5014,35.5014,35.466,91724000,0.10%,147850957,110303842957,3256330.41,197786123
2022-03-08,35.5014,35.5014,35.5014,35.5014,74197999,0.00%,73652957,110303842957,2634132.88,0
2022-03-09,35.5014,35.5369,35.5369,35.5014,76383000,0.10%,194443291,110501016291,2714415.03,197173333
2022-03-10,35.5369,35.5369,35.5369,35.5369,55337999,0.00%,139105291,110501016291,1966540.97,0
2022-03-11,35.5369,35.5369,35.5369,35.5369,111411999,0.00%,27693291,110501016291,3959237.1,0
2022-03-14,35.5369,35.5725,35.5725,35.5369,153893000,0.10%,70374851,110697590851,5474358.74,196574560
2022-03-15,35.5725,35.6437,35.6437,35.5725,272320000,0.20%,188670907,111088206907,9706492.38,390616055
2022-03-16,35.6437,35.6793,35.6793,35.6437,247801999,0.10%,134203300,111281541300,8841401.9,193334393
2022-03-17,35.6793,35.715,35.715,35.6793,160287000,0.10%,166020770,111473645770,5724650.21,192104469
2022-03-18,35.715,35.715,35.715,35.715,86733000,0.00%,79287770,111473645770,3097669.1,0
2022-03-21,35.715,35.715,35.715,35.715,70610000,0.00%,8677770,111473645770,2521836.15,0
2022-03-22,35.715,35.7507,35.7507,35.715,71323000,0.10%,129020326,111665311326,2549847.18,191665555
2022-03-23,35.7507,35.7507,35.7507,35.7507,97197999,0.00%,31822326,111665311326,3474896.54,0
2022-03-24,35.7507,35.7865,35.7865,35.7507,107938999,0.10%,115762136,111857190136,3862759.02,191878810
2022-03-25,35.7865,35.7865,35.7865,35.7865,88090000,0.00%,27672136,111857190136,3152432.78,0
2022-03-28,35.7865,35.8222,35.8222,35.7865,61938999,0.10%,156746636,112048203636,2218791.25,191013500
2022-03-29,35.8222,35.8222,35.8222,35.8222,48070000,0.00%,108676636,112048203636,1721973.15,0
2022-03-30,35.8222,35.8222,35.8222,35.8222,61984999,0.00%,46691636,112048203636,2220439.07,0
2022-03-31,35.8222,35.8222,35.8222,35.8222,33557000,0.00%,13134636,112048203636,1202085.57,0
2022-04-01,35.8222,35.8581,35.8581,35.8222,33349999,0.10%,168883060,112237302060,1195867.63,189098423
2022-04-04,35.8581,35.8581,35.8581,35.8581,36041000,0.00%,132842060,112237302060,1292361.78,0
2022-04-06,35.8581,35.8581,35.8581,35.8581,39399000,0.00%,93443060,112237302060,1412773.28,0
2022-04-07,35.8581,35.8581,35.8581,35.8581,36501000,0.00%,56942060,112237302060,1308856.51,0
2022-04-08,35.8581,35.8581,35.8581,35.8581,45080000,0.00%,11862060,112237302060,1616483.15,0
2022-04-11,35.8581,35.8939,35.8939,35.8581,52416999,0.10%,150722541,112428579541,1881450.56,191277481
2022-04-12,35.8939,35.8939,35.8939,35.8939,60742999,0.00%,89979541,112428579541,2180303.17,0
2022-04-13,35.8939,35.8939,35.8939,35.8939,49771999,0.00%,40207541,112428579541,1786511.19,0
2022-04-14,35.8939,35.8939,35.8939,35.8939,34868000,0.00%,5339541,112428579541,1251548.51,0
2022-04-19,35.8939,35.9298,35.9298,35.8939,40802000,0.10%,155216748,112619258748,1466007.7,190679206
2022-04-20,35.9298,35.9298,35.9298,35.9298,24954999,0.00%,130261748,112619258748,896628.16,0
2022-04-21,35.9298,35.9298,35.9298,35.9298,59201999,0.00%,71059748,112619258748,2127116.02,0
2022-04-22,35.9298,35.9298,35.9298,35.9298,64468999,0.00%,6590748,112619258748,2316358.28,0
2022-04-25,35.9298,35.9657,35.9657,35.9298,59316999,0.10%,138082962,112810067962,2133377.43,190809214
2022-04-26,35.9657,35.9657,35.9657,35.9657,62766999,0.00%,75315962,112810067962,2257459.09,0
2022-04-27,35.9657,35.9657,35.9657,35.9657,53842999,0.00%,21472962,112810067962,1936501.19,0
2022-04-28,35.9657,36.0017,36.0017,35.9657,48828999,0.10%,163219388,113000643388,1757927.01,190575425
2022-04-29,36.0017,36.0017,36.0017,36.0017,109180999,0.00%,54038388,113000643388,3930701.61,0
2022-05-03,36.0017,36.0377,36.0377,36.0017,58810999,0.10%,183965707,113189381707,2119413.17,188738319
2022-05-04,36.0377,36.0377,36.0377,36.0377,32429999,0.00%,151535707,113189381707,1168702.61,0
2022-05-05,36.0377,36.0377,36.0377,36.0377,49196999,0.00%,102338707,113189381707,1772946.73,0
2022-05-06,36.0377,36.0377,36.0377,36.0377,52715999,0.00%,49622707,113189381707,1899763.39,0
2022-05-10,36.0377,36.0737,36.0737,36.0377,65319999,0.10%,172179136,113377258136,2356334.08,187876429
2022-05-11,36.0737,36.0737,36.0737,36.0737,56004999,0.00%,116174136,113377258136,2020307.57,0
2022-05-12,36.0737,36.0737,36.0737,36.0737,46046000,0.00%,70128136,113377258136,1661049.59,0
2022-05-13,36.0737,36.0737,36.0737,36.0737,44827000,0.00%,25301136,113377258136,1617075.75,0
2022-05-16,36.0737,36.1098,36.1098,36.0737,35788000,0.10%,177575858,113565320858,1292297.52,188062722
2022-05-17,36.1098,36.1098,36.1098,36.1098,69276000,0.00%,108299858,113565320858,2501542.5,0
2022-05-18,36.1098,36.1098,36.1098,36.1098,65181999,0.00%,43117858,113565320858,2353708.98,0
2022-05-19,36.1098,36.1459,36.1459,36.1098,138345000,0.10%,92252344,113752800344,5000604.54,187479485
2022-05-20,36.1459,36.1459,36.1459,36.1459,65158999,0.00%,27093344,113752800344,2355230.7,0
2022-05-23,36.1459,36.1821,36.1821,36.1459,39169000,0.10%,174211600,113939087600,1417216.67,186287256
2022-05-24,36.1821,36.1821,36.1821,36.1821,45310000,0.00%,128901600,113939087600,1639410.95,0
2022-05-25,36.1821,36.1821,36.1821,36.1821,49564999,0.00%,79336600,113939087600,1793365.79,0
2022-05-26,36.1821,36.1821,36.1821,36.1821,42550000,0.00%,36786600,113939087600,1539548.35,0
2022-05-27,36.1821,36.2183,36.2183,36.1821,47748000,0.10%,178620055,114128669055,1729351.39,189581454
2022-05-30,36.2183,36.2183,36.2183,36.2183,51289999,0.00%,127330055,114128669055,1857636.61,0
2022-05-31,36.2183,36.2545,36.2545,36.2183,148948000,0.10%,169049455,114319336455,5400035.27,190667399
2022-06-01,36.2545,36.2545,36.2545,36.2545,61915999,0.00%,107133455,114319336455,2244733.62,0
2022-06-02,36.2545,36.2545,36.2545,36.2545,32613999,0.00%,74519455,114319336455,1182404.26,0
2022-06-06,36.2545,36.2545,36.2545,36.2545,54969999,0.00%,19549455,114319336455,1992909.86,0
2022-06-07,36.2545,36.2907,36.2907,36.2545,62306999,0.10%,148415758,114510509758,2261164.64,191173303
2022-06-08,36.2907,36.2907,36.2907,36.2907,109203999,0.00%,39211758,114510509758,3963089.6,0
2022-06-09,36.2907,36.327,36.327,36.2907,90045000,0.10%,141551805,114702894805,3271064.71,192385046
2022-06-10,36.327,36.327,36.327,36.327,68448000,0.00%,73103805,114702894805,2486510.5,0
2022-06-13,36.327,36.327,36.327,36.327,57361999,0.00%,15741805,114702894805,2083789.37,0
2022-06-14,36.327,36.3633,36.3633,36.327,37512999,0.10%,172770205,114897436205,1364096.47,194541400
2022-06-15,36.3633,36.3633,36.3633,36.3633,48851999,0.00%,123918205,114897436205,1776419.93,0
2022-06-16,36.3633,36.3633,36.3633,36.3633,50921999,0.00%,72996205,114897436205,1851691.96,0
2022-06-17,36.3633,36.3633,36.3633,36.3633,44804000,0.00%,28192205,114897436205,1629221.29,0
2022-06-20,36.3633,36.3633,36.3633,36.3633,26771999,0.00%,1420205,114897436205,973518.27,0
2022-06-21,36.3633,36.3997,36.3997,36.3633,34523000,0.10%,174402954,115104941954,1256626.84,207505749
2022-06-22,36.3997,36.3997,36.3997,36.3997,31532999,0.00%,142869954,115104941954,1147791.74,0
2022-06-23,36.3997,36.3997,36.3997,36.3997,29025999,0.00%,113843954,115104941954,1056537.69,0
2022-06-24,36.3997,36.3997,36.3997,36.3997,41860000,0.00%,71983954,115104941954,1523691.44,0
2022-06-27,36.3997,36.4361,36.4361,36.3997,132019999,0.10%,151026725,115316004725,4810293.92,211062770
2022-06-28,36.4361,36.4361,36.4361,36.4361,134757000,0.00%,16269725,115316004725,4910019.53,0
2022-06-29,36.4361,36.4725,36.4725,36.4361,80454000,0.10%,145992411,115526181411,2934358.51,210176686
2022-06-30,36.4725,36.4725,36.4725,36.4725,76797000,0.00%,69195411,115526181411,2800978.58,0
2022-07-04,36.4725,36.509,36.509,36.4725,88458000,0.10%,190073577,115735517577,3229513.12,209336165
2022-07-05,36.509,36.509,36.509,36.509,44827000,0.00%,145246577,115735517577,1636588.94,0
2022-07-06,36.509,36.509,36.509,36.509,57085999,0.00%,88160577,115735517577,2084152.77,0
2022-07-07,36.509,36.509,36.509,36.509,43677000,0.00%,44483577,115735517577,1594603.59,0
2022-07-08,36.509,36.509,36.509,36.509,43125000,0.00%,1358577,115735517577,1574450.62,0
2022-07-11,36.509,36.5455,36.5455,36.509,47380000,0.10%,160514707,115942053707,1731525.79,206536129
2022-07-12,36.5455,36.5455,36.5455,36.5455,39813000,0.00%,120701707,115942053707,1454985.99,0
2022-07-13,36.5455,36.5455,36.5455,36.5455,39399000,0.00%,81302707,115942053707,1439856.15,0
2022-07-14,36.5455,36.5455,36.5455,36.5455,38571000,0.00%,42731707,115942053707,1409596.48,0
2022-07-15,36.5455,36.5821,36.5821,36.5455,60558999,0.10%,187610189,116147491189,2215375.39,205437482
2022-07-18,36.5821,36.5821,36.5821,36.5821,46851000,0.00%,140759189,116147491189,1713907.97,0
2022-07-19,36.5821,36.5821,36.5821,36.5821,29117999,0.00%,111641189,116147491189,1065197.59,0
2022-07-20,36.5821,36.5821,36.5821,36.5821,36754000,0.00%,74887189,116147491189,1344538.5,0
2022-07-21,36.5821,36.5821,36.5821,36.5821,43953000,0.00%,30934189,116147491189,1607893.04,0
2022-07-22,36.5821,36.6187,36.6187,36.5821,34684000,0.10%,199346786,116350587786,1270082.99,203096596
2022-07-25,36.6187,36.6187,36.6187,36.6187,38755000,0.00%,160591786,116350587786,1419157.72,0
2022-07-26,36.6187,36.6187,36.6187,36.6187,31877999,0.00%,128713786,116350587786,1167330.92,0
2022-07-27,36.6187,36.6187,36.6187,36.6187,45586000,0.00%,83127786,116350587786,1669300.06,0
2022-07-28,36.6187,36.6187,36.6187,36.6187,35305000,0.00%,47822786,116350587786,1292823.2,0
2022-07-29,36.6187,36.6553,36.6553,36.6187,85537000,0.10%,167838330,116556140330,3135384.4,205552544
2022-08-01,36.6553,36.6553,36.6553,36.6553,91977000,0.00%,75861330,116556140330,3371444.53,0
2022-08-02,36.6553,36.6919,36.6919,36.6553,98186999,0.10%,182811722,116761277722,3602667.59,205137392
2022-08-03,36.6919,36.6919,36.6919,36.6919,63019999,0.00%,119791722,116761277722,2312323.54,0
2022-08-04,36.6919,36.6919,36.6919,36.6919,45517000,0.00%,74274722,116761277722,1670105.21,0
2022-08-05,36.6919,36.6919,36.6919,36.6919,37812000,0.00%,36462722,116761277722,1387394.12,0
2022-08-08,36.6919,36.6919,36.6919,36.6919,34615000,0.00%,1847722,116761277722,1270090.12,0
2022-08-09,36.6919,36.7286,36.7286,36.6919,32636999,0.10%,174976230,116967043230,1198711.32,205765508
2022-08-10,36.7286,36.7286,36.7286,36.7286,35328000,0.00%,139648230,116967043230,1297547.98,0
2022-08-11,36.7286,36.7286,36.7286,36.7286,34178000,0.00%,105470230,116967043230,1255310.09,0
2022-08-12,36.7286,36.7286,36.7286,36.7286,25253999,0.00%,80216230,116967043230,927544.06,0
2022-08-15,36.7286,36.7286,36.7286,36.7286,26725999,0.00%,53490230,116967043230,981608.56,0
2022-08-16,36.7286,36.7654,36.7654,36.7286,54118999,0.10%,206647810,117174319810,1989706.68,207276579
2022-08-17,36.7654,36.7654,36.7654,36.7654,40526000,0.00%,166121810,117174319810,1489954.6,0
2022-08-18,36.7654,36.7654,36.7654,36.7654,74083000,0.00%,92038810,117174319810,2723691.13,0
2022-08-19,36.7654,36.7654,36.7654,36.7654,53520999,0.00%,38517810,117174319810,1967720.97,0
2022-08-22,36.7654,36.7654,36.7654,36.7654,33994000,0.00%,4523810,117174319810,1249803.01,0
2022-08-23,36.7654,36.8021,36.8021,36.7654,31118999,0.10%,180255221,117381170221,1145244.55,206850410
2022-08-24,36.8021,36.8021,36.8021,36.8021,30014999,0.00%,150240221,117381170221,1104615.03,0
2022-08-25,36.8021,36.8021,36.8021,36.8021,44712000,0.00%,105528221,117381170221,1645495.5,0
2022-08-26,36.8021,36.8021,36.8021,36.8021,42734000,0.00%,62794221,117381170221,1572700.94,0
2022-08-29,36.8021,36.8021,36.8021,36.8021,28496999,0.00%,34297221,117381170221,1048749.44,0
2022-08-30,36.8021,36.8021,36.8021,36.8021,32291999,0.00%,2005221,117381170221,1188413.41,0
2022-08-31,36.8021,36.8389,36.8389,36.8021,60282999,0.10%,149972534,117589420534,2220759.41,208250312
2022-09-01,36.8389,36.8389,36.8389,36.8389,55038999,0.00%,94933534,117589420534,2027576.22,0
2022-09-02,36.8389,36.8389,36.8389,36.8389,58626999,0.00%,36306534,117589420534,2159754.19,0
2022-09-05,36.8389,36.8758,36.8758,36.8389,46851000,0.10%,199827193,117799792193,1727668.11,210371659
2022-09-06,36.8758,36.8758,36.8758,36.8758,37329000,0.00%,162498193,117799792193,1376536.74,0
2022-09-07,36.8758,36.8758,36.8758,36.8758,34914000,0.00%,127584193,117799792193,1287481.68,0
2022-09-08,36.8758,36.8758,36.8758,36.8758,54210999,0.00%,73373193,117799792193,1999073.99,0
2022-09-09,36.8758,36.8758,36.8758,36.8758,39468000,0.00%,33905193,117799792193,1455414.07,0
2022-09-13,36.8758,36.9126,36.9126,36.8758,39491000,0.10%,205230754,118010608754,1457715.49,210816561
2022-09-14,36.9126,36.9126,36.9126,36.9126,41377000,0.00%,163853754,118010608754,1527332.65,0
2022-09-15,36.9126,36.9126,36.9126,36.9126,30635999,0.00%,133217754,118010608754,1130854.41,0
2022-09-16,36.9126,36.9126,36.9126,36.9126,57361999,0.00%,75855754,118010608754,2117380.56,0
2022-09-19,36.9126,36.9126,36.9126,36.9126,52715999,0.00%,23139754,118010608754,1945884.62,0
2022-09-20,36.9126,36.9495,36.9495,36.9126,34822000,0.10%,197319738,118219610738,1286655.49,209001984
2022-09-21,36.9495,36.9495,36.9495,36.9495,37007000,0.00%,160312738,118219610738,1367390.15,0
2022-09-22,36.9495,36.9495,36.9495,36.9495,40342000,0.00%,119970738,118219610738,1490616.73,0
2022-09-23,36.9495,36.9495,36.9495,36.9495,45241000,0.00%,74729738,118219610738,1671632.33,0
2022-09-26,36.9495,36.9495,36.9495,36.9495,56694999,0.00%,18034738,118219610738,2094851.9,0
2022-09-27,36.9495,36.9865,36.9865,36.9495,52278999,0.10%,173049461,118426904461,1933617.23,207293722
2022-09-28,36.9865,36.9865,36.9865,36.9865,50967999,0.00%,122081461,118426904461,1885127.93,0
2022-09-29,36.9865,36.9865,36.9865,36.9865,46368000,0.00%,75713461,118426904461,1714990.03,0
2022-09-30,36.9865,36.9865,36.9865,36.9865,51657999,0.00%,24055461,118426904461,1910648.62,0
2022-10-03,36.9865,37.0235,37.0235,36.9865,32176999,0.10%,200255175,118635281175,1191305.16,208376714
2022-10-05,37.0235,37.0235,37.0235,37.0235,41722000,0.00%,158533175,118635281175,1544694.47,0
2022-10-06,37.0235,37.0235,37.0235,37.0235,23851000,0.00%,134682175,118635281175,883047.5,0
2022-10-07,37.0235,37.0235,37.0235,37.0235,22954000,0.00%,111728175,118635281175,849837.42,0
2022-10-10,37.0235,37.0235,37.0235,37.0235,36064000,0.00%,75664175,118635281175,1335215.5,0
2022-10-11,37.0235,37.0235,37.0235,37.0235,49035999,0.00%,26628175,118635281175,1815484.35,0
2022-10-12,37.0235,37.0605,37.0605,37.0235,73669000,0.10%,162481004,118844803004,2730209.97,209521828
2022-10-13,37.0605,37.0605,37.0605,37.0605,50967999,0.00%,111513004,118844803004,1888899.56,0
2022-10-14,37.0605,37.0605,37.0605,37.0605,72358000,0.00%,39155004,118844803004,2681623.66,0
2022-10-17,37.0605,37.0976,37.0976,37.0605,60535999,0.10%,187811799,119053995799,2245740.31,209192794
2022-10-18,37.0976,37.0976,37.0976,37.0976,50898999,0.00%,136912799,119053995799,1888230.74,0
2022-10-19,37.0976,37.0976,37.0976,37.0976,48208000,0.00%,88704799,119053995799,1788401.1,0
2022-10-20,37.0976,37.1347,37.1347,37.0976,113642999,0.10%,184543759,119263477759,4220098.71,209481959
2022-10-21,37.1347,37.1347,37.1347,37.1347,61064999,0.00%,123478759,119263477759,2267630.46,0
2022-10-24,37.1347,37.1718,37.1718,37.1347,195660999,0.10%,136329434,119471989434,7273071.56,208511675
2022-10-25,37.1718,37.209,37.209,37.1718,167946000,0.10%,175448036,119679054036,6249102.71,207064601
2022-10-26,37.209,37.209,37.209,37.209,115804999,0.00%,59643036,119679054036,4308988.25,0
2022-10-27,37.209,37.2462,37.2462,37.209,98255999,0.10%,168302656,119885969656,3659662.63,206915620
2022-10-28,37.2462,37.2462,37.2462,37.2462,93909000,0.00%,74393656,119885969656,3497753.4,0
2022-10-31,37.2462,37.2834,37.2834,37.2462,113872999,0.10%,168219046,120093668046,4245572.61,207698389
2022-11-01,37.2834,37.3207,37.3207,37.2834,179032000,0.10%,196255109,120300736109,6681599.56,207068063
2022-11-02,37.3207,37.3207,37.3207,37.3207,80845000,0.00%,115410109,120300736109,3017191.99,0
2022-11-03,37.3207,37.3207,37.3207,37.3207,70449000,0.00%,44961109,120300736109,2629205.99,0
2022-11-04,37.3207,37.358,37.358,37.3207,154468000,0.10%,95357212,120505600212,5770615.54,204864102
2022-11-07,37.358,37.3954,37.3954,37.358,101153999,0.10%,198074568,120709471568,3782694.29,203871356
2022-11-08,37.3954,37.3954,37.3954,37.3954,54141999,0.00%,143932568,120709471568,2024661.75,0
2022-11-09,37.3954,37.3954,37.3954,37.3954,72818000,0.00%,71114568,120709471568,2723058.24,0
2022-11-10,37.3954,37.3954,37.3954,37.3954,53497999,0.00%,17616568,120709471568,2000579.11,0
2022-11-11,37.3954,37.4328,37.4328,37.3954,121922999,0.10%,97948771,120911726771,4563919.27,202255203
2022-11-14,37.4328,37.4702,37.4702,37.4328,111319999,0.10%,188289169,121113387169,4171182.66,201660397
2022-11-15,37.4702,37.4702,37.4702,37.4702,145130000,0.00%,43159169,121113387169,5438050.13,0
2022-11-16,37.4702,37.5077,37.5077,37.4702,142117000,0.10%,102452772,121314797772,5330481.8,201410603
2022-11-17,37.5077,37.5452,37.5452,37.5077,160586000,0.10%,142519203,121515450203,6029233.49,200652430
2022-11-18,37.5452,37.5452,37.5452,37.5452,102947999,0.00%,39571203,121515450203,3865203.25,0
2022-11-21,37.5452,37.5827,37.5827,37.5452,72013000,0.10%,166474763,121714366763,2706442.98,198916559
2022-11-22,37.5827,37.5827,37.5827,37.5827,65457999,0.00%,101016763,121714366763,2460088.38,0
2022-11-23,37.5827,37.5827,37.5827,37.5827,53773999,0.00%,47242763,121714366763,2020972.11,0
2022-11-24,37.5827,37.5827,37.5827,37.5827,39491000,0.00%,7751763,121714366763,1484178.41,0
2022-11-25,37.5827,37.6203,37.6203,37.5827,72036000,0.10%,134749509,121913400509,2710015.93,199033746
2022-11-28,37.6203,37.6203,37.6203,37.6203,77050000,0.00%,57699509,121913400509,2898644.12,0
2022-11-29,37.6203,37.6579,37.6579,37.6203,76222000,0.10%,181146086,122113069086,2870360.45,199668577
2022-11-30,37.6579,37.6579,37.6579,37.6579,107248999,0.00%,73897086,122113069086,4038772.12,0
2022-12-01,37.6579,37.6956,37.6956,37.6579,104764999,0.10%,168868746,122312805746,3949179.53,199736660
2022-12-02,37.6956,37.6956,37.6956,37.6956,57706999,0.00%,111161746,122312805746,2175299.99,0
2022-12-05,37.6956,37.7333,37.7333,37.6956,137609000,0.10%,172067465,122511320465,5192441.68,198514718
2022-12-06,37.7333,37.7333,37.7333,37.7333,66837999,0.00%,105229465,122511320465,2522018.31,0
2022-12-07,37.7333,37.7333,37.7333,37.7333,94553000,0.00%,10676465,122511320465,3567796.71,0
2022-12-08,37.7333,37.771,37.771,37.7333,78407000,0.10%,130035396,122709086396,2961510.8,197765930
2022-12-09,37.771,37.771,37.771,37.771,92920000,0.00%,37115396,122709086396,3509681.32,0
2022-12-12,37.771,37.8088,37.8088,37.771,47173000,0.10%,187216380,122906360380,1783554.52,197273983
2022-12-13,37.8088,37.8088,37.8088,37.8088,46713000,0.00%,140503380,122906360380,1766162.47,0
2022-12-14,37.8088,37.8088,37.8088,37.8088,55751999,0.00%,84751380,122906360380,2107916.22,0
2022-12-15,37.8088,37.8088,37.8088,37.8088,43608000,0.00%,41143380,122906360380,1648766.15,0
2022-12-16,37.8088,37.8466,37.8466,37.8088,57798999,0.10%,180171535,123103187535,2187495.63,196827155
2022-12-19,37.8466,37.8466,37.8466,37.8466,57269999,0.00%,122901535,123103187535,2167474.78,0
2022-12-20,37.8466,37.8466,37.8466,37.8466,66837999,0.00%,56063535,123103187535,2529591.05,0
2022-12-21,37.8466,37.8466,37.8466,37.8466,35236000,0.00%,20827535,123103187535,1333562.8,0
2022-12-22,37.8466,37.8845,37.8845,37.8466,55774999,0.10%,160220710,123298355710,2113007.99,195168175
2022-12-23,37.8845,37.8845,37.8845,37.8845,35650000,0.00%,124570710,123298355710,1350582.43,0
2022-12-28,37.8845,37.8845,37.8845,37.8845,55636999,0.00%,68933710,123298355710,2107779.93,0
2022-12-29,37.8845,37.9223,37.9223,37.8845,69207000,0.10%,194895328,123493524328,2624488.62,195168617
2022-12-30,37.9223,37.9223,37.9223,37.9223,62582999,0.00%,132312328,123493524328,2373291.3,0
2023-01-03,37.9223,37.9223,37.9223,37.9223,71904000,0.00%,60408328,123493524328,2726765.06,0
2023-01-04,37.9223,37.9603,37.9603,37.9223,89832000,0.10%,164914142,123687862142,3410049.67,194337813
2023-01-05,37.9603,37.9603,37.9603,37.9603,97920000,0.00%,66994142,123687862142,3717072.58,0
2023-01-06,37.9603,37.9603,37.9603,37.9603,65016000,0.00%,1978142,123687862142,2468026.86,0
2023-01-09,37.9603,37.9982,37.9982,37.9603,67968000,0.10%,127366101,123881218101,2582661.66,193355958
2023-01-10,37.9982,37.9982,37.9982,37.9982,47640000,0.00%,79726101,123881218101,1810234.25,0
2023-01-11,37.9982,38.0362,38.0362,37.9982,85728000,0.10%,183923245,124071143245,3260767.35,189925144
2023-01-12,38.0362,38.0362,38.0362,38.0362,97320000,0.00%,86603245,124071143245,3701682.98,0
2023-01-13,38.0362,38.0362,38.0362,38.0362,50328000,0.00%,36275245,124071143245,1914285.87,0
2023-01-16,38.0362,38.0743,38.0743,38.0362,47976000,0.10%,174234525,124257078525,1826652.62,185935279
2023-01-17,38.0743,38.0743,38.0743,38.0743,38640000,0.00%,135594525,124257078525,1471190.95,0
2023-01-18,38.0743,38.0743,38.0743,38.0743,65088000,0.00%,70506525,124257078525,2478180.04,0
2023-01-19,38.0743,38.0743,38.0743,38.0743,41640000,0.00%,28866525,124257078525,1585413.85,0
2023-01-20,38.0743,38.1123,38.1123,38.0743,40464000,0.10%,174730438,124443406438,1542176.11,186327913
2023-01-26,38.1123,38.1123,38.1123,38.1123,56952000,0.00%,117778438,124443406438,2170571.71,0
2023-01-27,38.1123,38.1123,38.1123,38.1123,44712000,0.00%,73066438,124443406438,1704077.16,0
2023-01-30,38.1123,38.1504,38.1504,38.1123,128712000,0.10%,134174126,124633226126,4910414.28,189819687
2023-01-31,38.1504,38.1504,38.1504,38.1504,133824000,0.00%,350126,124633226126,5105439.13,0
2023-02-01,38.1504,38.1886,38.1886,38.1504,75408000,0.10%,116261456,124824545456,2879725.95,191319329
2023-02-02,38.1886,38.1886,38.1886,38.1886,57024000,0.00%,59237456,124824545456,2177666.73,0
2023-02-03,38.1886,38.2268,38.2268,38.1886,62256000,0.10%,191232103,125018796103,2379847.66,194250647
2023-02-06,38.2268,38.2268,38.2268,38.2268,61416000,0.00%,129816103,125018796103,2347737.15,0
2023-02-07,38.2268,38.2268,38.2268,38.2268,47520000,0.00%,82296103,125018796103,1816537.54,0
2023-02-08,38.2268,38.2268,38.2268,38.2268,41448000,0.00%,40848103,125018796103,1584424.41,0
2023-02-09,38.2268,38.265,38.265,38.2268,63984000,0.10%,172681391,125214613391,2448347.76,195817287
2023-02-10,38.265,38.265,38.265,38.265,59064000,0.00%,113617391,125214613391,2260083.96,0
2023-02-13,38.265,38.265,38.265,38.265,48864000,0.00%,64753391,125214613391,1869780.96,0
2023-02-14,38.265,38.265,38.265,38.265,43032000,0.00%,21721391,125214613391,1646619.48,0
2023-02-15,38.265,38.3033,38.3033,38.265,39600000,0.10%,179612888,125412104888,1516810.68,197491497
2023-02-16,38.3033,38.3033,38.3033,38.3033,52584000,0.00%,127028888,125412104888,2014140.73,0
2023-02-17,38.3033,38.3033,38.3033,38.3033,42528000,0.00%,84500888,125412104888,1628962.74,0
2023-02-20,38.3033,38.3033,38.3033,38.3033,29544000,0.00%,54956888,125412104888,1131632.7,0
2023-02-21,38.3033,38.3416,38.3416,38.3033,70344000,0.10%,188691728,125616183728,2697101.51,204078839
2023-02-22,38.3416,38.3416,38.3416,38.3416,79560000,0.00%,109131728,125616183728,3050457.7,0
2023-02-23,38.3416,38.3416,38.3416,38.3416,46632000,0.00%,62499728,125616183728,1787945.49,0
2023-02-24,38.3416,38.3416,38.3416,38.3416,58608000,0.00%,3891728,125616183728,2247124.49,0
2023-02-27,38.3416,38.3799,38.3799,38.3416,49152000,0.10%,158398839,125819842839,1886448.84,203659111
2023-02-28,38.3799,38.3799,38.3799,38.3799,62424000,0.00%,95974839,125819842839,2395826.88,0
2023-03-01,38.3799,38.3799,38.3799,38.3799,85464000,0.00%,10510839,125819842839,3280099.77,0
2023-03-02,38.3799,38.4183,38.4183,38.3799,35520000,0.10%,178437025,126023289025,1364618.02,203446185
2023-03-03,38.4183,38.4183,38.4183,38.4183,42672000,0.00%,135765025,126023289025,1639385.7,0
2023-03-06,38.4183,38.4183,38.4183,38.4183,30312000,0.00%,105453025,126023289025,1164535.51,0
2023-03-07,38.4183,38.4183,38.4183,38.4183,40896000,0.00%,64557025,126023289025,1571154.8,0
2023-03-08,38.4183,38.4183,38.4183,38.4183,50904000,0.00%,13653025,126023289025,1955645.14,0
2023-03-09,38.4183,38.4567,38.4567,38.4183,41448000,0.10%,180292098,126231376098,1593953.3,208087072
2023-03-10,38.4567,38.4567,38.4567,38.4567,90240000,0.00%,90052098,126231376098,3470332.61,0
2023-03-13,38.4567,38.4567,38.4567,38.4567,65112000,0.00%,24940098,126231376098,2503992.65,0
2023-03-14,38.4567,38.4952,38.4952,38.4567,51168000,0.10%,184343892,126441947892,1969722.39,210571793
2023-03-15,38.4952,38.4952,38.4952,38.4952,39768000,0.00%,144575892,126441947892,1530877.11,0
2023-03-16,38.4952,38.4952,38.4952,38.4952,56952000,0.00%,87623892,126441947892,2192378.63,0
2023-03-17,38.4952,38.4952,38.4952,38.4952,69672000,0.00%,17951892,126441947892,2682037.57,0
2023-03-20,38.4952,38.5337,38.5337,38.4952,49056000,0.10%,179736314,126652788314,1890309.19,210840422
2023-03-21,38.5337,38.5337,38.5337,38.5337,51072000,0.00%,128664314,126652788314,1967993.13,0
2023-03-22,38.5337,38.5337,38.5337,38.5337,47160000,0.00%,81504314,126652788314,1817249.29,0
2023-03-23,38.5337,38.5722,38.5722,38.5337,112440000,0.10%,181346144,126865070144,4337058.17,212281829
2023-03-24,38.5722,38.5722,38.5722,38.5722,79728000,0.00%,101618144,126865070144,3075284.36,0
2023-03-27,38.5722,38.5722,38.5722,38.5722,61920000,0.00%,39698144,126865070144,2388390.62,0
2023-03-28,38.5722,38.6108,38.6108,38.5722,75216000,0.10%,175903615,127076491615,2904149.93,211421470
2023-03-29,38.6108,38.6108,38.6108,38.6108,86640000,0.00%,89263615,127076491615,3345239.71,0
2023-03-30,38.6108,38.6108,38.6108,38.6108,60576000,0.00%,28687615,127076491615,2338887.82,0
2023-03-31,38.6108,38.6494,38.6494,38.6108,62304000,0.10%,177978822,127288086822,2408012.22,211595207
2023-04-03,38.6494,38.6494,38.6494,38.6494,45048000,0.00%,132930822,127288086822,1741078.17,0
2023-04-04,38.6494,38.6494,38.6494,38.6494,34200000,0.00%,98730822,127288086822,1321809.48,0
2023-04-06,38.6494,38.6494,38.6494,38.6494,35880000,0.00%,62850822,127288086822,1386740.47,0
2023-04-11,38.6494,38.6494,38.6494,38.6494,52632000,0.00%,10218822,127288086822,2034195.22,0
2023-04-12,38.6494,38.688,38.688,38.6494,97128000,0.10%,128324614,127503320614,3757688.06,215233791
2023-04-13,38.688,38.688,38.688,38.688,59904000,0.00%,68420614,127503320614,2317565.95,0
2023-04-14,38.688,38.688,38.688,38.688,30576000,0.00%,37844614,127503320614,1182924.29,0
2023-04-17,38.688,38.688,38.688,38.688,37704000,0.00%,140614,127503320614,1458692.35,0
2023-04-18,38.688,38.7267,38.7267,38.688,32856000,0.10%,184905251,127720941251,1272404.46,217620637
2023-04-19,38.7267,38.7267,38.7267,38.7267,39072000,0.00%,145833251,127720941251,1513129.62,0
2023-04-20,38.7267,38.7267,38.7267,38.7267,25272000,0.00%,120561251,127720941251,978701.16,0
2023-04-21,38.7267,38.7267,38.7267,38.7267,39648000,0.00%,80913251,127720941251,1535436.2,0
2023-04-24,38.7267,38.7267,38.7267,38.7267,49128000,0.00%,31785251,127720941251,1902565.32,0
2023-04-25,38.7267,38.7654,38.7654,38.7267,50280000,0.10%,199446535,127938882535,1949124.31,217941283
2023-04-26,38.7654,38.7654,38.7654,38.7654,60048000,0.00%,139398535,127938882535,2327784.74,0
2023-04-27,38.7654,38.7654,38.7654,38.7654,35424000,0.00%,103974535,127938882535,1373225.53,0
2023-04-28,38.7654,38.7654,38.7654,38.7654,36936000,0.00%,67038535,127938882535,1431838.81,0
2023-05-02,38.7654,38.7654,38.7654,38.7654,20760000,0.00%,46278535,127938882535,804769.7,0
2023-05-03,38.7654,38.7654,38.7654,38.7654,25320000,0.00%,20958535,127938882535,981539.93,0
2023-05-04,38.7654,38.8042,38.8042,38.7654,42192000,0.10%,201124182,128161240182,1637226.81,222357647
2023-05-05,38.8042,38.8042,38.8042,38.8042,35544000,0.00%,165580182,128161240182,1379256.48,0
2023-05-08,38.8042,38.8042,38.8042,38.8042,25728000,0.00%,139852182,128161240182,998354.46,0
2023-05-09,38.8042,38.8042,38.8042,38.8042,56496000,0.00%,83356182,128161240182,2192282.08,0
2023-05-10,38.8042,38.8042,38.8042,38.8042,37368000,0.00%,45988182,128161240182,1450035.35,0
2023-05-11,38.8042,38.8042,38.8042,38.8042,42168000,0.00%,3820182,128161240182,1636295.51,0
2023-05-12,38.8042,38.843,38.843,38.8042,43176000,0.10%,184731459,128385327459,1677085.37,224087276
2023-05-15,38.843,38.843,38.843,38.843,56976000,0.00%,127755459,128385327459,2213118.77,0
2023-05-16,38.843,38.843,38.843,38.843,33888000,0.00%,93867459,128385327459,1316311.58,0
2023-05-17,38.843,38.843,38.843,38.843,46944000,0.00%,46923459,128385327459,1823445.79,0
2023-05-18,38.843,38.8819,38.8819,38.843,82584000,0.10%,188053236,128609041236,3211022.83,223713776
2023-05-19,38.8819,38.8819,38.8819,38.8819,54456000,0.00%,133597236,128609041236,2117352.75,0
2023-05-22,38.8819,38.8819,38.8819,38.8819,48096000,0.00%,85501236,128609041236,1870063.86,0
2023-05-23,38.8819,38.8819,38.8819,38.8819,36048000,0.00%,49453236,128609041236,1401614.73,0
2023-05-24,38.8819,38.8819,38.8819,38.8819,32520000,0.00%,16933236,128609041236,1264439.39,0
2023-05-25,38.8819,38.9207,38.9207,38.8819,62472000,0.10%,178474845,128833054845,2431453.97,224013608
2023-05-29,38.9207,38.9207,38.9207,38.9207,69216000,0.00%,109258845,128833054845,2693935.17,0
2023-05-30,38.9207,38.9207,38.9207,38.9207,52176000,0.00%,57082845,128833054845,2030726.44,0
2023-05-31,38.9207,38.9597,38.9597,38.9207,77112000,0.10%,204016637,129057100637,3004260.39,224045791
2023-06-01,38.9597,38.9597,38.9597,38.9597,55080000,0.00%,148936637,129057100637,2145900.28,0
2023-06-02,38.9597,38.9597,38.9597,38.9597,76944000,0.00%,71992637,129057100637,2997715.16,0
2023-06-05,38.9597,38.9597,38.9597,38.9597,47736000,0.00%,24256637,129057100637,1859780.24,0
2023-06-06,38.9597,38.9986,38.9986,38.9597,40080000,0.10%,208376710,129281300710,1563063.89,224200073
2023-06-07,38.9986,38.9986,38.9986,38.9986,43800000,0.00%,164576710,129281300710,1708138.68,0
2023-06-08,38.9986,38.9986,38.9986,38.9986,31512000,0.00%,133064710,129281300710,1228923.88,0
2023-06-09,38.9986,38.9986,38.9986,38.9986,38832000,0.00%,94232710,129281300710,1514393.64,0
2023-06-12,38.9986,38.9986,38.9986,38.9986,32376000,0.00%,61856710,129281300710,1262618.67,0
2023-06-13,38.9986,38.9986,38.9986,38.9986,55488000,0.00%,6368710,129281300710,2163954.32,0
2023-06-14,38.9986,39.0376,39.0376,38.9986,52992000,0.10%,179497943,129507421943,2068680.5,226121232
2023-06-15,39.0376,39.0376,39.0376,39.0376,60024000,0.00%,119473943,129507421943,2343192.9,0
2023-06-16,39.0376,39.0376,39.0376,39.0376,86040000,0.00%,33433943,129507421943,3358795.1,0
2023-06-19,39.0376,39.0767,39.0767,39.0376,48648000,0.10%,210963279,129733599279,1901003.3,226177336
2023-06-20,39.0767,39.0767,39.0767,39.0767,39072000,0.00%,171891279,129733599279,1526804.82,0
2023-06-21,39.0767,39.0767,39.0767,39.0767,46320000,0.00%,125571279,129733599279,1810032.74,0
2023-06-23,39.0767,39.0767,39.0767,39.0767,33360000,0.00%,92211279,129733599279,1303598.71,0
2023-06-26,39.0767,39.0767,39.0767,39.0767,43584000,0.00%,48627279,129733599279,1703118.89,0
2023-06-27,39.0767,39.0767,39.0767,39.0767,41976000,0.00%,6651279,129733599279,1640283.56,0
2023-06-28,39.0767,39.1157,39.1157,39.0767,38136000,0.10%,198739880,129963823880,1491716.34,230224601
2023-06-29,39.1157,39.1157,39.1157,39.1157,32448000,0.00%,166291880,129963823880,1269226.23,0
2023-06-30,39.1157,39.1157,39.1157,39.1157,38880000,0.00%,127411880,129963823880,1520818.42,0
2023-07-03,39.1157,39.1157,39.1157,39.1157,34080000,0.00%,93331880,129963823880,1333063.06,0
2023-07-04,39.1157,39.1157,39.1157,39.1157,22656000,0.00%,70675880,129963823880,886205.3,0
2023-07-05,39.1157,39.1157,39.1157,39.1157,23664000,0.00%,47011880,129963823880,925633.92,0
2023-07-06,39.1157,39.1549,39.1549,39.1157,47472000,0.10%,232025899,130196309899,1858761.41,232486018
2023-07-07,39.1549,39.1549,39.1549,39.1549,51840000,0.00%,180185899,130196309899,2029790.02,0
2023-07-10,39.1549,39.1549,39.1549,39.1549,41496000,0.00%,138689899,130196309899,1624771.73,0
2023-07-11,39.1549,39.1549,39.1549,39.1549,29664000,0.00%,109025899,130196309899,1161490.95,0
2023-07-12,39.1549,39.1549,39.1549,39.1549,40440000,0.00%,68585899,130196309899,1583424.16,0
2023-07-13,39.1549,39.1549,39.1549,39.1549,65568000,0.00%,3017899,130196309899,2567308.48,0
2023-07-14,39.1549,39.194,39.194,39.1549,50904000,0.10%,185228041,130429424041,1995131.38,233114141
2023-07-18,39.194,39.194,39.194,39.194,69960000,0.00%,115268041,130429424041,2742012.24,0
2023-07-19,39.194,39.194,39.194,39.194,52584000,0.00%,62684041,130429424041,2060977.3,0
2023-07-20,39.194,39.194,39.194,39.194,39744000,0.00%,22940041,130429424041,1557726.34,0
2023-07-21,39.194,39.2332,39.2332,39.194,28416000,0.10%,226231774,130661131774,1114850.61,231707733
2023-07-24,39.2332,39.2332,39.2332,39.2332,41880000,0.00%,184351774,130661131774,1643086.42,0
2023-07-25,39.2332,39.2332,39.2332,39.2332,70080000,0.00%,114271774,130661131774,2749462.66,0
2023-07-26,39.2332,39.2332,39.2332,39.2332,35856000,0.00%,78415774,130661131774,1406745.62,0
2023-07-27,39.2332,39.2332,39.2332,39.2332,32760000,0.00%,45655774,130661131774,1285279.63,0
2023-07-28,39.2332,39.2724,39.2724,39.2332,53376000,0.10%,224780010,130893632010,2096203.62,232500235
2023-07-31,39.2724,39.2724,39.2724,39.2724,88320000,0.00%,136460010,130893632010,3468538.37,0
2023-08-01,39.2724,39.2724,39.2724,39.2724,56256000,0.00%,80204010,130893632010,2209308.13,0
2023-08-02,39.2724,39.2724,39.2724,39.2724,50496000,0.00%,29708010,130893632010,1983099.11,0
2023-08-03,39.2724,39.3117,39.3117,39.2724,39984000,0.10%,220640499,131124548499,1571839.01,230916488
2023-08-04,39.3117,39.3117,39.3117,39.3117,45840000,0.00%,174800499,131124548499,1802048.33,0
2023-08-07,39.3117,39.3117,39.3117,39.3117,22752000,0.00%,152048499,131124548499,894419.8,0
2023-08-08,39.3117,39.3117,39.3117,39.3117,36912000,0.00%,115136499,131124548499,1451073.47,0
2023-08-09,39.3117,39.3117,39.3117,39.3117,28608000,0.00%,86528499,131124548499,1124629.11,0
2023-08-10,39.3117,39.3117,39.3117,39.3117,26856000,0.00%,59672499,131124548499,1055755.02,0
2023-08-11,39.3117,39.3117,39.3117,39.3117,29520000,0.00%,30152499,131124548499,1160481.38,0
2023-08-14,39.3117,39.351,39.351,39.3117,37800000,0.10%,222843263,131355039263,1487467.8,230490764
2023-08-15,39.351,39.351,39.351,39.351,25896000,0.00%,196947263,131355039263,1019033.5,0
2023-08-16,39.351,39.351,39.351,39.351,39552000,0.00%,157395263,131355039263,1556410.75,0
2023-08-17,39.351,39.351,39.351,39.351,69168000,0.00%,88227263,131355039263,2721829.97,0
2023-08-18,39.351,39.351,39.351,39.351,43464000,0.00%,44763263,131355039263,1710351.86,0
2023-08-21,39.351,39.3904,39.3904,39.351,61680000,0.10%,213856781,131585812781,2429599.87,230773518
2023-08-22,39.3904,39.3904,39.3904,39.3904,59232000,0.00%,154624781,131585812781,2333172.17,0
2023-08-23,39.3904,39.3904,39.3904,39.3904,41376000,0.00%,113248781,131585812781,1629817.19,0
2023-08-24,39.3904,39.3904,39.3904,39.3904,53616000,0.00%,59632781,131585812781,2111955.69,0
2023-08-25,39.3904,39.3904,39.3904,39.3904,30096000,0.00%,29536781,131585812781,1185493.48,0
2023-08-28,39.3904,39.4298,39.4298,39.3904,46560000,0.10%,212980116,131815816116,1835851.49,230003334
2023-08-29,39.4298,39.4298,39.4298,39.4298,36912000,0.00%,176068116,131815816116,1455432.78,0
2023-08-30,39.4298,39.4298,39.4298,39.4298,36456000,0.00%,139612116,131815816116,1437452.79,0
2023-08-31,39.4298,39.4298,39.4298,39.4298,119376000,0.00%,20236116,131815816116,4706971.8,0
2023-09-04,39.4298,39.4692,39.4692,39.4298,73800000,0.10%,171527261,132040907261,2912826.96,225091144
2023-09-05,39.4692,39.4692,39.4692,39.4692,31800000,0.00%,139727261,132040907261,1255120.56,0
2023-09-06,39.4692,39.4692,39.4692,39.4692,39576000,0.00%,100151261,132040907261,1562033.06,0
2023-09-07,39.4692,39.4692,39.4692,39.4692,40128000,0.00%,60023261,132040907261,1583820.06,0
2023-09-11,39.4692,39.4692,39.4692,39.4692,45144000,0.00%,14879261,132040907261,1781797.56,0
2023-09-12,39.4692,39.5087,39.5087,39.4692,24960000,0.10%,209289382,132260277382,986137.15,219370121
2023-09-13,39.5087,39.5087,39.5087,39.5087,25584000,0.00%,183705382,132260277382,1010790.58,0
2023-09-14,39.5087,39.5087,39.5087,39.5087,24360000,0.00%,159345382,132260277382,962431.93,0
2023-09-15,39.5087,39.5087,39.5087,39.5087,46128000,0.00%,113217382,132260277382,1822457.31,0
2023-09-18,39.5087,39.5087,39.5087,39.5087,35376000,0.00%,77841382,132260277382,1397659.77,0
2023-09-19,39.5087,39.5087,39.5087,39.5087,37392000,0.00%,40449382,132260277382,1477309.31,0
2023-09-20,39.5087,39.5087,39.5087,39.5087,32784000,0.00%,7665382,132260277382,1295253.22,0
2023-09-21,39.5087,39.5482,39.5482,39.5087,45888000,0.10%,180735440,132479235440,1814787.8,218958057
2023-09-22,39.5482,39.5482,39.5482,39.5482,50976000,0.00%,129759440,132479235440,2016009.04,0
2023-09-25,39.5482,39.5482,39.5482,39.5482,43944000,0.00%,85815440,132479235440,1737906.1,0
2023-09-26,39.5482,39.5482,39.5482,39.5482,38208000,0.00%,47607440,132479235440,1511057.63,0
2023-09-27,39.5482,39.5482,39.5482,39.5482,34080000,0.00%,13527440,132479235440,1347802.66,0
2023-09-28,39.5482,39.5877,39.5877,39.5482,37440000,0.10%,195065636,132698213636,1482163.49,218978196
2023-09-29,39.5877,39.5877,39.5877,39.5877,27000000,0.00%,168065636,132698213636,1068867.9,0
2023-10-03,39.5877,39.5877,39.5877,39.5877,36288000,0.00%,131777636,132698213636,1436558.46,0
2023-10-04,39.5877,39.5877,39.5877,39.5877,26256000,0.00%,105521636,132698213636,1039414.65,0
2023-10-05,39.5877,39.5877,39.5877,39.5877,25920000,0.00%,79601636,132698213636,1026113.18,0
2023-10-06,39.5877,39.5877,39.5877,39.5877,26592000,0.00%,53009636,132698213636,1052716.12,0
2023-10-09,39.5877,39.5877,39.5877,39.5877,27360000,0.00%,25649636,132698213636,1083119.47,0
2023-10-10,39.5877,39.6273,39.6273,39.5877,39480000,0.10%,204702805,132916746805,1564485.8,218533168
2023-10-11,39.6273,39.6273,39.6273,39.6273,39408000,0.00%,165294805,132916746805,1561632.64,0
2023-10-12,39.6273,39.6273,39.6273,39.6273,32280000,0.00%,133014805,132916746805,1279169.24,0
2023-10-13,39.6273,39.6273,39.6273,39.6273,32088000,0.00%,100926805,132916746805,1271560.8,0
2023-10-16,39.6273,39.6273,39.6273,39.6273,29880000,0.00%,71046805,132916746805,1184063.72,0
2023-10-17,39.6273,39.6273,39.6273,39.6273,22080000,0.00%,48966805,132916746805,874970.78,0
2023-10-18,39.6273,39.6273,39.6273,39.6273,28800000,0.00%,20166805,132916746805,1141266.24,0
2023-10-19,39.6273,39.6669,39.6669,39.6273,41328000,0.10%,197128588,133135036588,1639353.64,218289783
2023-10-20,39.6669,39.6669,39.6669,39.6669,46104000,0.00%,151024588,133135036588,1828802.76,0
2023-10-24,39.6669,39.6669,39.6669,39.6669,51888000,0.00%,99136588,133135036588,2058236.11,0
2023-10-25,39.6669,39.6669,39.6669,39.6669,42024000,0.00%,57112588,133135036588,1666961.81,0
2023-10-26,39.6669,39.6669,39.6669,39.6669,27480000,0.00%,29632588,133135036588,1090046.41,0
2023-10-27,39.6669,39.7066,39.7066,39.6669,39504000,0.10%,208474593,133353382593,1568569.53,218346005
2023-10-30,39.7066,39.7066,39.7066,39.7066,34464000,0.00%,174010593,133353382593,1368448.26,0
2023-10-31,39.7066,39.7066,39.7066,39.7066,32952000,0.00%,141058593,133353382593,1308411.88,0
2023-11-01,39.7066,39.7066,39.7066,39.7066,26424000,0.00%,114634593,133353382593,1049207.2,0
2023-11-02,39.7066,39.7066,39.7066,39.7066,25152000,0.00%,89482593,133353382593,998700.4,0
2023-11-03,39.7066,39.7066,39.7066,39.7066,51792000,0.00%,37690593,133353382593,2056484.23,0
2023-11-06,39.7066,39.7463,39.7463,39.7066,64464000,0.10%,191248552,133571404552,2562205.48,218021959
2023-11-07,39.7463,39.7463,39.7463,39.7463,32160000,0.00%,159088552,133571404552,1278241.01,0
2023-11-08,39.7463,39.7463,39.7463,39.7463,30912000,0.00%,128176552,133571404552,1228637.63,0
2023-11-09,39.7463,39.7463,39.7463,39.7463,24648000,0.00%,103528552,133571404552,979666.8,0
2023-11-10,39.7463,39.7463,39.7463,39.7463,23688000,0.00%,79840552,133571404552,941510.35,0
2023-11-13,39.7463,39.7463,39.7463,39.7463,32616000,0.00%,47224552,133571404552,1296365.32,0
2023-11-14,39.7463,39.7463,39.7463,39.7463,29952000,0.00%,17272552,133571404552,1190481.18,0
2023-11-15,39.7463,39.7861,39.7861,39.7463,77880000,0.10%,155986592,133787998592,3098541.47,216594039
2023-11-16,39.7861,39.7861,39.7861,39.7861,84720000,0.00%,71266592,133787998592,3370678.39,0
2023-11-17,39.7861,39.7861,39.7861,39.7861,52728000,0.00%,18538592,133787998592,2097841.48,0
2023-11-20,39.7861,39.8258,39.8258,39.7861,66672000,0.10%,167394359,134003526359,2655265.74,215527766
2023-11-21,39.8258,39.8258,39.8258,39.8258,58056000,0.00%,109338359,134003526359,2312126.64,0
2023-11-22,39.8258,39.8258,39.8258,39.8258,34008000,0.00%,75330359,134003526359,1354395.81,0
2023-11-23,39.8258,39.8258,39.8258,39.8258,34872000,0.00%,40458359,134003526359,1388805.3,0
2023-11-24,39.8258,39.8258,39.8258,39.8258,36576000,0.00%,3882359,134003526359,1456668.46,0
2023-11-27,39.8258,39.8657,39.8657,39.8258,29352000,0.10%,188274286,134217270286,1170138.03,213743927
2023-11-28,39.8657,39.8657,39.8657,39.8657,36360000,0.00%,151914286,134217270286,1449516.85,0
2023-11-29,39.8657,39.8657,39.8657,39.8657,40464000,0.00%,111450286,134217270286,1613125.68,0
2023-11-30,39.8657,39.8657,39.8657,39.8657,72744000,0.00%,38706286,134217270286,2899990.48,0
2023-12-01,39.8657,39.8657,39.8657,39.8657,36360000,0.00%,2346286,134217270286,1449516.85,0
2023-12-04,39.8657,39.9055,39.9055,39.8657,35784000,0.10%,181958273,134432666273,1427978.41,215395987
2023-12-05,39.9055,39.9055,39.9055,39.9055,56952000,0.00%,125006273,134432666273,2272698.04,0
2023-12-06,39.9055,39.9055,39.9055,39.9055,38160000,0.00%,86846273,134432666273,1522793.88,0
2023-12-07,39.9055,39.9055,39.9055,39.9055,32880000,0.00%,53966273,134432666273,1312092.84,0
2023-12-08,39.9055,39.9055,39.9055,39.9055,39840000,0.00%,14126273,134432666273,1589835.12,0
2023-12-11,39.9055,39.9454,39.9454,39.9055,44160000,0.10%,185455631,134648155631,1763988.86,215489358
2023-12-12,39.9454,39.9454,39.9454,39.9454,31200000,0.00%,154255631,134648155631,1246296.48,0
2023-12-13,39.9454,39.9454,39.9454,39.9454,33960000,0.00%,120295631,134648155631,1356545.78,0
2023-12-14,39.9454,39.9454,39.9454,39.9454,41280000,0.00%,79015631,134648155631,1648946.11,0
2023-12-15,39.9454,39.9454,39.9454,39.9454,74208000,0.00%,4807631,134648155631,2964268.24,0
2023-12-18,39.9454,39.9854,39.9854,39.9454,29016000,0.10%,186725752,134859089752,1160216.37,210934120
2023-12-19,39.9854,39.9854,39.9854,39.9854,30072000,0.00%,156653752,134859089752,1202440.95,0
2023-12-20,39.9854,39.9854,39.9854,39.9854,34056000,0.00%,122597752,134859089752,1361742.78,0
2023-12-21,39.9854,39.9854,39.9854,39.9854,24408000,0.00%,98189752,134859089752,975963.64,0
2023-12-22,39.9854,40.0654,40.0654,39.9854,352824000,0.20%,168327846,135282051846,14136034.69,422962094
2023-12-27,40.0654,40.0654,40.0654,40.0654,154728000,0.00%,13599846,135282051846,6199239.21,0
2023-12-28,40.0654,40.1055,40.1055,40.0654,90816000,0.10%,130995432,135490263432,3642221.09,208211586
2023-12-29,40.1055,40.1055,40.1055,40.1055,47088000,0.00%,83907432,135490263432,1888487.78,0
2024-01-02,40.1055,40.1055,40.1055,40.1055,58375000,0.00%,25532432,135490263432,2341158.56,0
2024-01-03,40.1055,40.1456,40.1456,40.1055,50975000,0.10%,181516641,135697222641,2046421.96,206959208
2024-01-04,40.1456,40.1456,40.1456,40.1456,50550000,0.00%,130966641,135697222641,2029360.08,0
2024-01-05,40.1456,40.1456,40.1456,40.1456,59375000,0.00%,71591641,135697222641,2383645.0,0
2024-01-08,40.1456,40.1456,40.1456,40.1456,41799999,0.00%,29791641,135697222641,1678086.08,0
2024-01-09,40.1456,40.1857,40.1857,40.1456,42325000,0.10%,193541278,135903297278,1700859.75,206074637
2024-01-10,40.1857,40.1857,40.1857,40.1857,47875000,0.00%,145666278,135903297278,1923890.39,0
2024-01-11,40.1857,40.1857,40.1857,40.1857,51500000,0.00%,94166278,135903297278,2069563.55,0
2024-01-12,40.1857,40.1857,40.1857,40.1857,39425000,0.00%,54741278,135903297278,1584321.22,0
2024-01-15,40.1857,40.1857,40.1857,40.1857,40824999,0.00%,13916278,135903297278,1640581.2,0
2024-01-16,40.1857,40.2259,40.2259,40.1857,55600000,0.10%,163768018,136108749018,2236560.04,205451739
2024-01-17,40.2259,40.2259,40.2259,40.2259,90275000,0.00%,73493018,136108749018,3631393.12,0
2024-01-18,40.2259,40.2259,40.2259,40.2259,61500000,0.00%,11993018,136108749018,2473892.85,0
2024-01-19,40.2259,40.2661,40.2661,40.2259,67250000,0.10%,147678968,136311684968,2707895.23,202935950
2024-01-22,40.2661,40.2661,40.2661,40.2661,84125000,0.00%,63553968,136311684968,3387385.66,0
2024-01-23,40.2661,40.3064,40.3064,40.2661,89025000,0.10%,177091963,136514247963,3588277.26,202562994
2024-01-24,40.3064,40.3064,40.3064,40.3064,84650000,0.00%,92441963,136514247963,3411936.76,0
2024-01-25,40.3064,40.3064,40.3064,40.3064,85400000,0.00%,7041963,136514247963,3442166.56,0
2024-01-26,40.3064,40.3467,40.3467,40.3064,62050000,0.10%,146605167,136715861167,2503512.73,201613203
2024-01-29,40.3467,40.3467,40.3467,40.3467,50400000,0.00%,96205167,136715861167,2033473.68,0
2024-01-30,40.3467,40.3467,40.3467,40.3467,53775000,0.00%,42430167,136715861167,2169643.79,0
2024-01-31,40.3467,40.387,40.387,40.3467,50125000,0.10%,193436451,136916992451,2024398.38,201131284
2024-02-01,40.387,40.387,40.387,40.387,43325000,0.00%,150111451,136916992451,1749766.78,0
2024-02-02,40.387,40.387,40.387,40.387,77625000,0.00%,72486451,136916992451,3135040.88,0
2024-02-05,40.387,40.387,40.387,40.387,51150000,0.00%,21336451,136916992451,2065795.05,0
2024-02-06,40.387,40.4274,40.4274,40.387,72150000,0.10%,150141073,137117947073,2916836.91,200954621
2024-02-07,40.4274,40.4274,40.4274,40.4274,65850000,0.00%,84291073,137117947073,2662144.29,0
2024-02-08,40.4274,40.4274,40.4274,40.4274,44775000,0.00%,39516073,137117947073,1810136.83,0
2024-02-09,40.4274,40.4274,40.4274,40.4274,16825000,0.00%,22691073,137117947073,680191.01,0
2024-02-14,40.4274,40.4679,40.4679,40.4274,28925000,0.10%,193862856,137318043856,1170534.01,200096783
2024-02-15,40.4679,40.4679,40.4679,40.4679,31425000,0.00%,162437856,137318043856,1271703.76,0
2024-02-16,40.4679,40.4679,40.4679,40.4679,43050000,0.00%,119387856,137318043856,1742143.09,0
2024-02-19,40.4679,40.4679,40.4679,40.4679,38550000,0.00%,80837856,137318043856,1560037.54,0
2024-02-20,40.4679,40.4679,40.4679,40.4679,39425000,0.00%,41412856,137318043856,1595446.96,0
2024-02-21,40.4679,40.5083,40.5083,40.4679,59875000,0.10%,185052715,137521558715,2425434.46,203514859
2024-02-22,40.5083,40.5083,40.5083,40.5083,31100000,0.00%,153952715,137521558715,1259808.13,0
2024-02-23,40.5083,40.5083,40.5083,40.5083,33075000,0.00%,120877715,137521558715,1339812.02,0
2024-02-26,40.5083,40.5083,40.5083,40.5083,31025000,0.00%,89852715,137521558715,1256770.01,0
2024-02-27,40.5083,40.5083,40.5083,40.5083,59025000,0.00%,30827715,137521558715,2391002.41,0
2024-02-28,40.5083,40.5488,40.5488,40.5083,64750000,0.10%,168790818,137724271818,2625534.8,202713103
2024-02-29,40.5488,40.5488,40.5488,40.5488,74300000,0.00%,94490818,137724271818,3012775.84,0
2024-03-01,40.5488,40.5488,40.5488,40.5488,69875000,0.00%,24615818,137724271818,2833347.4,0
2024-03-04,40.5488,40.5894,40.5894,40.5488,34575000,0.10%,192849124,137927080124,1403378.51,202808306
2024-03-05,40.5894,40.5894,40.5894,40.5894,65150000,0.00%,127699124,137927080124,2644399.41,0
2024-03-06,40.5894,40.5894,40.5894,40.5894,58225000,0.00%,69474124,137927080124,2363317.81,0
2024-03-07,40.5894,40.5894,40.5894,40.5894,42900000,0.00%,26574124,137927080124,1741285.26,0
2024-03-08,40.5894,40.63,40.63,40.5894,31050000,0.10%,198150480,138129706480,1261561.5,202626355
2024-03-11,40.63,40.63,40.63,40.63,44675000,0.00%,153475480,138129706480,1815145.25,0
2024-03-12,40.63,40.63,40.63,40.63,91325000,0.00%,62150480,138129706480,3710534.75,0
2024-03-13,40.63,40.63,40.63,40.63,50175000,0.00%,11975480,138129706480,2038610.25,0
2024-03-14,40.63,40.6706,40.6706,40.63,35575000,0.10%,178739197,138332045197,1446856.59,202338716
2024-03-15,40.6706,40.6706,40.6706,40.6706,72950000,0.00%,105789197,138332045197,2966920.27,0
2024-03-18,40.6706,40.6706,40.6706,40.6706,49075000,0.00%,56714197,138332045197,1995909.7,0
2024-03-19,40.6706,40.6706,40.6706,40.6706,39100000,0.00%,17614197,138332045197,1590220.46,0
2024-03-20,40.6706,40.7113,40.7113,40.6706,39050000,0.10%,180673509,138534154509,1589776.27,202109311
2024-03-21,40.7113,40.7113,40.7113,40.7113,92175000,0.00%,88498509,138534154509,3752564.08,0
2024-03-22,40.7113,40.7113,40.7113,40.7113,66075000,0.00%,22423509,138534154509,2689999.15,0
2024-03-25,40.7113,40.752,40.752,40.7113,52825000,0.10%,177681049,138742237049,2152724.4,208082540
2024-03-26,40.752,40.752,40.752,40.752,85000000,0.00%,92681049,138742237049,3463920.0,0
2024-03-27,40.752,40.7927,40.7927,40.752,96875000,0.10%,207698363,138954129363,3951792.81,211892314
2024-03-28,40.7927,40.7927,40.7927,40.7927,75000000,0.00%,132698363,138954129363,3059452.5,0
2024-04-02,40.7927,40.7927,40.7927,40.7927,66400000,0.00%,66298363,138954129363,2708635.28,0
2024-04-03,40.7927,40.7927,40.7927,40.7927,49250000,0.00%,17048363,138954129363,2009040.48,0
2024-04-05,40.7927,40.8335,40.8335,40.7927,33950000,0.10%,194651526,139165682526,1386297.32,211553162
2024-04-08,40.8335,40.8335,40.8335,40.8335,54150000,0.00%,140501526,139165682526,2211134.02,0
2024-04-09,40.8335,40.8335,40.8335,40.8335,44700000,0.00%,95801526,139165682526,1825257.45,0
2024-04-10,40.8335,40.8335,40.8335,40.8335,61825000,0.00%,33976526,139165682526,2524531.14,0
2024-04-11,40.8335,40.8744,40.8744,40.8335,47075000,0.10%,198176741,139376957741,1924162.38,211275215
2024-04-12,40.8744,40.8744,40.8744,40.8744,57575000,0.00%,140601741,139376957741,2353343.58,0
2024-04-15,40.8744,40.8744,40.8744,40.8744,45750000,0.00%,94851741,139376957741,1870003.8,0
2024-04-16,40.8744,40.8744,40.8744,40.8744,49225000,0.00%,45626741,139376957741,2012042.34,0
2024-04-17,40.8744,40.8744,40.8744,40.8744,36025000,0.00%,9601741,139376957741,1472500.26,0
2024-04-18,40.8744,40.9152,40.9152,40.8744,47650000,0.10%,168884074,139583890074,1949609.28,206932332
2024-04-19,40.9152,40.9152,40.9152,40.9152,48675000,0.00%,120209074,139583890074,1991547.36,0
2024-04-22,40.9152,40.9152,40.9152,40.9152,102825000,0.00%,17384074,139583890074,4207105.44,0
2024-04-23,40.9152,40.9561,40.9561,40.9152,109550000,0.10%,113982417,139790038417,4486740.75,206148343
2024-04-24,40.9561,40.9561,40.9561,40.9561,103675000,0.00%,10307417,139790038417,4246123.67,0
2024-04-25,40.9561,40.9971,40.9971,40.9561,69325000,0.10%,146015057,139995071057,2842123.96,205032639
2024-04-26,40.9971,40.9971,40.9971,40.9971,74000000,0.00%,72015057,139995071057,3033785.4,0
2024-04-29,40.9971,40.9971,40.9971,40.9971,63550000,0.00%,8465057,139995071057,2605365.71,0
2024-04-30,40.9971,41.0381,41.0381,40.9971,39900000,0.10%,172178621,140198684621,1637420.19,203613563
2024-05-02,41.0381,41.0381,41.0381,41.0381,56200000,0.00%,115978621,140198684621,2306341.22,0
2024-05-03,41.0381,41.0381,41.0381,41.0381,58975000,0.00%,57003621,140198684621,2420221.95,0
2024-05-06,41.0381,41.0791,41.0791,41.0381,65525000,0.10%,194930031,140402136031,2691708.03,203451410
2024-05-07,41.0791,41.0791,41.0791,41.0791,48525000,0.00%,146405031,140402136031,1993363.33,0
2024-05-08,41.0791,41.0791,41.0791,41.0791,50150000,0.00%,96255031,140402136031,2060116.86,0
2024-05-09,41.0791,41.0791,41.0791,41.0791,40075000,0.00%,56180031,140402136031,1646244.93,0
2024-05-10,41.0791,41.0791,41.0791,41.0791,39225000,0.00%,16955031,140402136031,1611327.7,0
2024-05-13,41.0791,41.1202,41.1202,41.0791,51400000,0.10%,165016429,140601597429,2113578.28,199461398
2024-05-14,41.1202,41.1202,41.1202,41.1202,54000000,0.00%,111016429,140601597429,2220490.8,0
2024-05-16,41.1202,41.1613,41.1613,41.1202,146075000,0.10%,162499664,140799155664,6012636.9,197558234
2024-05-17,41.1613,41.1613,41.1613,41.1613,69800000,0.00%,92699664,140799155664,2873058.74,0
2024-05-20,41.1613,41.1613,41.1613,41.1613,55825000,0.00%,36874664,140799155664,2297829.57,0
2024-05-21,41.1613,41.2025,41.2025,41.1613,76700000,0.10%,156304853,140995285853,3160231.75,196130188
2024-05-22,41.2025,41.2025,41.2025,41.2025,55925000,0.00%,100379853,140995285853,2304249.81,0
2024-05-23,41.2025,41.2025,41.2025,41.2025,45800000,0.00%,54579853,140995285853,1887074.5,0
2024-05-24,41.2025,41.2025,41.2025,41.2025,47850000,0.00%,6729853,140995285853,1971539.62,0
2024-05-27,41.2025,41.2437,41.2437,41.2025,80325000,0.10%,120203031,141189084031,3312900.2,193798178
2024-05-28,41.2437,41.2437,41.2437,41.2437,41525000,0.00%,78678031,141189084031,1712644.64,0
2024-05-29,41.2437,41.2437,41.2437,41.2437,68450000,0.00%,10228031,141189084031,2823131.27,0
2024-05-30,41.2437,41.2849,41.2849,41.2437,55025000,0.10%,147206379,141381087379,2271701.62,192003347
2024-05-31,41.2849,41.2849,41.2849,41.2849,100100000,0.00%,47106379,141381087379,4132618.49,0
2024-06-03,41.2849,41.3262,41.3262,41.2849,70325000,0.10%,168934628,141573240628,2906265.02,192153249
2024-06-04,41.3262,41.3262,41.3262,41.3262,45100000,0.00%,123834628,141573240628,1863811.62,0
2024-06-05,41.3262,41.3262,41.3262,41.3262,50525000,0.00%,73309628,141573240628,2088006.26,0
2024-06-06,41.3262,41.3262,41.3262,41.3262,47225000,0.00%,26084628,141573240628,1951629.79,0
2024-06-07,41.3262,41.3676,41.3676,41.3262,63125000,0.10%,154654650,141764935650,2611329.75,191695021
2024-06-11,41.3676,41.3676,41.3676,41.3676,66250000,0.00%,88404650,141764935650,2740603.5,0
2024-06-12,41.3676,41.3676,41.3676,41.3676,37400000,0.00%,51004650,141764935650,1547148.24,0
2024-06-13,41.3676,41.3676,41.3676,41.3676,38350000,0.00%,12654650,141764935650,1586447.46,0
2024-06-14,41.3676,41.4089,41.4089,41.3676,52150000,0.10%,152868737,141957299737,2159474.14,192364086
2024-06-17,41.4089,41.4089,41.4089,41.4089,38200000,0.00%,114668737,141957299737,1581819.98,0
2024-06-18,41.4089,41.4089,41.4089,41.4089,35700000,0.00%,78968737,141957299737,1478297.73,0
2024-06-19,41.4089,41.4089,41.4089,41.4089,55775000,0.00%,23193737,141957299737,2309581.4,0
2024-06-20,41.4089,41.4503,41.4503,41.4089,35125000,0.10%,181106570,142150337570,1455941.79,193037832
2024-06-21,41.4503,41.4503,41.4503,41.4503,64650000,0.00%,116456570,142150337570,2679761.9,0
2024-06-24,41.4503,41.4503,41.4503,41.4503,32300000,0.00%,84156570,142150337570,1338844.69,0
2024-06-25,41.4503,41.4503,41.4503,41.4503,31975000,0.00%,52181570,142150337570,1325373.34,0
2024-06-26,41.4503,41.4503,41.4503,41.4503,29725000,0.00%,22456570,142150337570,1232110.17,0
2024-06-27,41.4503,41.4918,41.4918,41.4503,43775000,0.10%,173224107,142344880107,1816303.54,194542537
2024-06-28,41.4918,41.4918,41.4918,41.4918,38900000,0.00%,134324107,142344880107,1614031.02,0
2024-07-02,41.4918,41.4918,41.4918,41.4918,68175000,0.00%,66149107,142344880107,2828703.46,0
2024-07-03,41.4918,41.4918,41.4918,41.4918,55650000,0.00%,10499107,142344880107,2309018.67,0
2024-07-04,41.4918,41.5333,41.5333,41.4918,38600000,0.10%,167759640,142540740640,1603185.38,195860532
2024-07-05,41.5333,41.5333,41.5333,41.5333,26300000,0.00%,141459640,142540740640,1092325.79,0
2024-07-08,41.5333,41.5333,41.5333,41.5333,29050000,0.00%,112409640,142540740640,1206542.36,0
2024-07-09,41.5333,41.5333,41.5333,41.5333,32550000,0.00%,79859640,142540740640,1351908.92,0
2024-07-10,41.5333,41.5333,41.5333,41.5333,38975000,0.00%,40884640,142540740640,1618760.37,0
2024-07-11,41.5333,41.5748,41.5748,41.5333,41475000,0.10%,195282104,142736613104,1724314.83,195872464
2024-07-12,41.5748,41.5748,41.5748,41.5748,68800000,0.00%,126482104,142736613104,2860346.24,0
2024-07-15,41.5748,41.5748,41.5748,41.5748,34200000,0.00%,92282104,142736613104,1421858.16,0
2024-07-16,41.5748,41.5748,41.5748,41.5748,47650000,0.00%,44632104,142736613104,1981039.22,0
2024-07-17,41.5748,41.6164,41.6164,41.5748,64650000,0.10%,176092891,142932723891,2690500.26,196110787
2024-07-18,41.6164,41.6164,41.6164,41.6164,47350000,0.00%,128742891,142932723891,1970536.54,0
2024-07-19,41.6164,41.6164,41.6164,41.6164,57725000,0.00%,71017891,142932723891,2402306.69,0
2024-07-22,41.6164,41.6164,41.6164,41.6164,42400000,0.00%,28617891,142932723891,1764535.36,0
2024-07-23,41.6164,41.658,41.658,41.6164,30250000,0.10%,194759888,143129115888,1260154.5,196391996
2024-07-24,41.658,41.658,41.658,41.658,29500000,0.00%,165259888,143129115888,1228911.0,0
2024-07-25,41.658,41.658,41.658,41.658,64475000,0.00%,100784888,143129115888,2685899.55,0
2024-07-26,41.658,41.658,41.658,41.658,33175000,0.00%,67609888,143129115888,1382004.15,0
2024-07-29,41.658,41.658,41.658,41.658,32175000,0.00%,35434888,143129115888,1340346.15,0
2024-07-30,41.658,41.658,41.658,41.658,24375000,0.00%,11059888,143129115888,1015413.75,0
2024-07-31,41.658,41.6997,41.6997,41.658,50750000,0.10%,159859214,143328665214,2116259.77,199549326
2024-08-01,41.6997,41.6997,41.6997,41.6997,31025000,0.00%,128834214,143328665214,1293733.19,0
2024-08-02,41.6997,41.6997,41.6997,41.6997,44275000,0.00%,84559214,143328665214,1846254.22,0
2024-08-05,41.6997,41.6997,41.6997,41.6997,57400000,0.00%,27159214,143328665214,2393562.78,0
2024-08-06,41.6997,41.7414,41.7414,41.6997,44175000,0.10%,183779307,143529460307,1843926.34,200795093
2024-08-07,41.7414,41.7414,41.7414,41.7414,39600000,0.00%,144179307,143529460307,1652959.44,0
2024-08-08,41.7414,41.7414,41.7414,41.7414,47025000,0.00%,97154307,143529460307,1962889.33,0
2024-08-09,41.7414,41.7414,41.7414,41.7414,40875000,0.00%,56279307,143529460307,1706179.73,0
2024-08-12,41.7414,41.7414,41.7414,41.7414,25550000,0.00%,30729307,143529460307,1066492.77,0
2024-08-13,41.7414,41.7831,41.7831,41.7414,33975000,0.10%,199929295,143732635295,1419580.82,203174988
2024-08-14,41.7831,41.7831,41.7831,41.7831,46725000,0.00%,153204295,143732635295,1952315.35,0
2024-08-15,41.7831,41.7831,41.7831,41.7831,53600000,0.00%,99604295,143732635295,2239574.16,0
2024-08-16,41.7831,41.7831,41.7831,41.7831,41025000,0.00%,58579295,143732635295,1714151.68,0
2024-08-19,41.7831,41.7831,41.7831,41.7831,38025000,0.00%,20554295,143732635295,1588802.38,0
2024-08-20,41.7831,41.8249,41.8249,41.7831,29625000,0.10%,195347266,143937053266,1239062.66,204417970
2024-08-21,41.8249,41.8249,41.8249,41.8249,29125000,0.00%,166222266,143937053266,1218150.21,0
2024-08-22,41.8249,41.8249,41.8249,41.8249,41975000,0.00%,124247266,143937053266,1755600.18,0
2024-08-23,41.8249,41.8249,41.8249,41.8249,32650000,0.00%,91597266,143937053266,1365582.99,0
2024-08-26,41.8249,41.8249,41.8249,41.8249,40625000,0.00%,50972266,143937053266,1699136.56,0
2024-08-27,41.8249,41.8249,41.8249,41.8249,34200000,0.00%,16772266,143937053266,1430411.58,0
2024-08-28,41.8249,41.8667,41.8667,41.8249,36500000,0.10%,188850921,144145631921,1528134.55,208578654
2024-08-29,41.8667,41.8667,41.8667,41.8667,32225000,0.00%,156625921,144145631921,1349154.41,0
2024-08-30,41.8667,41.8667,41.8667,41.8667,77175000,0.00%,79450921,144145631921,3231062.57,0
2024-09-02,41.8667,41.8667,41.8667,41.8667,34700000,0.00%,44750921,144145631921,1452774.49,0
2024-09-03,41.8667,41.8667,41.8667,41.8667,24525000,0.00%,20225921,144145631921,1026780.82,0
2024-09-04,41.8667,41.9086,41.9086,41.8667,33200000,0.10%,196222397,144354828397,1391365.52,209196476
2024-09-05,41.9086,41.9086,41.9086,41.9086,23950000,0.00%,172272397,144354828397,1003710.97,0
2024-09-09,41.9086,41.9086,41.9086,41.9086,50200000,0.00%,122072397,144354828397,2103811.72,0
2024-09-10,41.9086,41.9086,41.9086,41.9086,30750000,0.00%,91322397,144354828397,1288689.45,0
2024-09-11,41.9086,41.9086,41.9086,41.9086,30100000,0.00%,61222397,144354828397,1261448.86,0
2024-09-12,41.9086,41.9086,41.9086,41.9086,34500000,0.00%,26722397,144354828397,1445846.7,0
2024-09-13,41.9086,41.9505,41.9505,41.9086,27525000,0.10%,207324828,144562955828,1154687.51,208127431
2024-09-16,41.9505,41.9505,41.9505,41.9505,19225000,0.00%,188099828,144562955828,806498.36,0
2024-09-17,41.9505,41.9505,41.9505,41.9505,25375000,0.00%,162724828,144562955828,1064493.94,0
2024-09-19,41.9505,41.9505,41.9505,41.9505,64500000,0.00%,98224828,144562955828,2705807.25,0
2024-09-20,41.9505,41.9505,41.9505,41.9505,71025000,0.00%,27199828,144562955828,2979534.26,0
2024-09-23,41.9505,41.9924,41.9924,41.9505,38050000,0.10%,195971107,144769777107,1597810.82,206821278
2024-09-24,41.9924,41.9924,41.9924,41.9924,107300000,0.00%,88671107,144769777107,4505784.52,0
2024-09-25,41.9924,42.0344,42.0344,41.9924,100275000,0.10%,194882608,144976263608,4214999.46,206486500
2024-09-26,42.0344,42.0344,42.0344,42.0344,125625000,0.00%,69257608,144976263608,5280571.5,0
2024-09-27,42.0344,42.0765,42.0765,42.0344,142875000,0.10%,132565362,145182446362,6011679.94,206182754
2024-09-30,42.0765,42.1185,42.1185,42.0765,188650000,0.10%,149127203,145387658203,7945655.02,205211840
2024-10-02,42.1185,42.1185,42.1185,42.1185,121925000,0.00%,27202203,145387658203,5135298.11,0
2024-10-03,42.1185,42.1607,42.1607,42.1185,79000000,0.10%,151489451,145590945451,3330695.3,203287248
2024-10-04,42.1607,42.1607,42.1607,42.1607,61650000,0.00%,89839451,145590945451,2599207.16,0
2024-10-07,42.1607,42.1607,42.1607,42.1607,63325000,0.00%,26514451,145590945451,2669826.33,0
2024-10-08,42.1607,42.2028,42.2028,42.1607,176175000,0.10%,53077411,145793683411,7435078.29,202737959
2024-10-09,42.2028,42.245,42.245,42.2028,115925000,0.10%,139421181,145995952181,4897251.62,202268770
2024-10-10,42.245,42.245,42.245,42.245,82775000,0.00%,56646181,145995952181,3496829.88,0
2024-10-14,42.245,42.2873,42.2873,42.245,75800000,0.10%,182980226,146198086226,3205377.34,202134044
2024-10-15,42.2873,42.2873,42.2873,42.2873,83699999,0.00%,99280226,146198086226,3539447.01,0
2024-10-16,42.2873,42.2873,42.2873,42.2873,56225000,0.00%,43055226,146198086226,2377603.44,0
2024-10-17,42.2873,42.2873,42.2873,42.2873,41200000,0.00%,1855226,146198086226,1742236.76,0
2024-10-18,42.2873,42.3295,42.3295,42.2873,64900000,0.10%,139791448,146400922448,2747184.55,202836221
2024-10-21,42.3295,42.3295,42.3295,42.3295,40824999,0.00%,98966448,146400922448,1728101.84,0
2024-10-22,42.3295,42.3295,42.3295,42.3295,27575000,0.00%,71391448,146400922448,1167235.96,0
2024-10-23,42.3295,42.3295,42.3295,42.3295,36650000,0.00%,34741448,146400922448,1551376.18,0
2024-10-24,42.3295,42.3295,42.3295,42.3295,28000000,0.00%,6741448,146400922448,1185226.0,0
2024-10-25,42.3295,42.3719,42.3719,42.3295,29875000,0.10%,180928509,146604984509,1265860.51,204062060
2024-10-28,42.3719,42.3719,42.3719,42.3719,38875000,0.00%,142053509,146604984509,1647207.61,0
2024-10-29,42.3719,42.3719,42.3719,42.3719,34500000,0.00%,107553509,146604984509,1461830.55,0
2024-10-30,42.3719,42.3719,42.3719,42.3719,44750000,0.00%,62803509,146604984509,1896142.52,0
2024-10-31,42.3719,42.3719,42.3719,42.3719,56875000,0.00%,5928509,146604984509,2409901.81,0
2024-11-01,42.3719,42.4143,42.4143,42.3719,52725000,0.10%,156771896,146808552896,2236293.97,203568387
2024-11-04,42.4143,42.4143,42.4143,42.4143,29275000,0.00%,127496896,146808552896,1241678.63,0
2024-11-05,42.4143,42.4143,42.4143,42.4143,38175000,0.00%,89321896,146808552896,1619165.9,0
2024-11-06,42.4143,42.4143,42.4143,42.4143,51900000,0.00%,37421896,146808552896,2201302.17,0
2024-11-07,42.4143,42.4567,42.4567,42.4143,49800000,0.10%,191349803,147012280803,2114343.66,203727907
2024-11-08,42.4567,42.4567,42.4567,42.4567,48475000,0.00%,142874803,147012280803,2058088.53,0
2024-11-11,42.4567,42.4567,42.4567,42.4567,57150000,0.00%,85724803,147012280803,2426400.41,0
2024-11-12,42.4567,42.4567,42.4567,42.4567,68250000,0.00%,17474803,147012280803,2897669.77,0
2024-11-13,42.4567,42.4991,42.4991,42.4567,70775000,0.10%,149805934,147215386934,3007873.8,203106131
2024-11-14,42.4991,42.4991,42.4991,42.4991,87250000,0.00%,62555934,147215386934,3708046.48,0
2024-11-15,42.4991,42.5416,42.5416,42.4991,72650000,0.10%,192525412,147418006412,3090647.24,202619477
2024-11-18,42.5416,42.5416,42.5416,42.5416,51225000,0.00%,141300412,147418006412,2179193.46,0
2024-11-19,42.5416,42.5416,42.5416,42.5416,34700000,0.00%,106600412,147418006412,1476193.52,0
2024-11-20,42.5416,42.5416,42.5416,42.5416,37525000,0.00%,69075412,147418006412,1596373.54,0
2024-11-21,42.5416,42.5416,42.5416,42.5416,31250000,0.00%,37825412,147418006412,1329425.0,0
2024-11-22,42.5416,42.5842,42.5842,42.5416,42375000,0.10%,196268329,147618824329,1804505.48,200817917
2024-11-25,42.5842,42.5842,42.5842,42.5842,69725000,0.00%,126543329,147618824329,2969183.35,0
2024-11-26,42.5842,42.5842,42.5842,42.5842,42350000,0.00%,84193329,147618824329,1803440.87,0
2024-11-27,42.5842,42.5842,42.5842,42.5842,41725000,0.00%,42468329,147618824329,1776825.75,0
2024-11-28,42.5842,42.5842,42.5842,42.5842,32675000,0.00%,9793329,147618824329,1391438.74,0
2024-11-29,42.5842,42.6267,42.6267,42.5842,39075000,0.10%,172287689,147820393689,1665638.3,201569359
2024-12-02,42.6267,42.6267,42.6267,42.6267,33325000,0.00%,138962689,147820393689,1420534.78,0
2024-12-03,42.6267,42.6267,42.6267,42.6267,45900000,0.00%,93062689,147820393689,1956565.53,0
2024-12-04,42.6267,42.6267,42.6267,42.6267,35125000,0.00%,57937689,147820393689,1497262.84,0
2024-12-05,42.6267,42.6267,42.6267,42.6267,33275000,0.00%,24662689,147820393689,1418403.44,0
2024-12-06,42.6267,42.6694,42.6694,42.6267,69275000,0.10%,155510518,148020516518,2955922.69,200122829
2024-12-09,42.6694,42.6694,42.6694,42.6694,56150000,0.00%,99360518,148020516518,2395886.81,0
2024-12-10,42.6694,42.6694,42.6694,42.6694,75700000,0.00%,23660518,148020516518,3230073.58,0
2024-12-11,42.6694,42.712,42.712,42.6694,32750000,0.10%,190239543,148219845543,1398818.0,199329024
2024-12-12,42.712,42.712,42.712,42.712,58525000,0.00%,131714543,148219845543,2499719.8,0
2024-12-13,42.712,42.712,42.712,42.712,40750000,0.00%,90964543,148219845543,1740514.0,0
2024-12-16,42.712,42.712,42.712,42.712,35150000,0.00%,55814543,148219845543,1501326.8,0
2024-12-17,42.712,42.712,42.712,42.712,41950000,0.00%,13864543,148219845543,1791768.4,0
2024-12-18,42.712,42.7548,42.7548,42.712,37275000,0.10%,176783329,148420039329,1593685.17,200193785
2024-12-19,42.7548,42.7548,42.7548,42.7548,86675000,0.00%,90108329,148420039329,3705772.29,0
2024-12-20,42.7548,42.7975,42.7975,42.7548,112075000,0.10%,180347513,148622353513,4796529.81,202314184
2024-12-23,42.7975,42.7975,42.7975,42.7975,52150000,0.00%,128197513,148622353513,2231889.62,0
2024-12-24,42.7975,42.7975,42.7975,42.7975,19675000,0.00%,108522513,148622353513,842040.81,0
2024-12-27,42.7975,42.7975,42.7975,42.7975,33875000,0.00%,74647513,148622353513,1449765.31,0
2024-12-30,42.7975,42.7975,42.7975,42.7975,33800000,0.00%,40847513,148622353513,1446555.5,0
2024-12-31,42.7975,42.7975,42.7975,42.7975,27175000,0.00%,13672513,148622353513,1163022.06,0
2025-01-02,42.7975,42.8403,42.8403,42.7975,53898000,0.10%,174025536,148836604536,2309006.49,214251022
2025-01-03,42.8403,42.8403,42.8403,42.8403,43784000,0.00%,130241536,148836604536,1875719.7,0
2025-01-06,42.8403,42.8403,42.8403,42.8403,43862000,0.00%,86379536,148836604536,1879061.24,0
2025-01-07,42.8403,42.926,42.926,42.8403,371592000,0.20%,150741774,149272558774,15950958.19,435954238
2025-01-08,42.926,42.969,42.969,42.926,248196000,0.10%,120062391,149490075391,10664733.92,217516617
2025-01-09,42.969,43.0119,43.0119,42.969,157508000,0.10%,179871784,149707392784,6774718.35,217317392
2025-01-10,43.0119,43.0119,43.0119,43.0119,96330000,0.00%,83541784,149707392784,4143336.33,0
2025-01-13,43.0119,43.0549,43.0549,43.0119,90454000,0.10%,210739431,149925044431,3894487.92,217651646
2025-01-14,43.0549,43.0549,43.0549,43.0549,105612000,0.00%,105127431,149925044431,4547114.1,0
2025-01-15,43.0549,43.0549,43.0549,43.0549,75816000,0.00%,29311431,149925044431,3264250.3,0
2025-01-16,43.0549,43.098,43.098,43.0549,67964000,0.10%,179110609,150142807609,2929112.47,217763177
2025-01-17,43.098,43.098,43.098,43.098,44564000,0.00%,134546609,150142807609,1920619.27,0
2025-01-20,43.098,43.098,43.098,43.098,80964000,0.00%,53582609,150142807609,3489386.47,0
2025-01-21,43.098,43.1411,43.1411,43.098,65650000,0.10%,203957864,150358832864,2832213.21,216025255
2025-01-22,43.1411,43.1411,43.1411,43.1411,46436000,0.00%,157521864,150358832864,2003300.12,0
2025-01-23,43.1411,43.1411,43.1411,43.1411,55276000,0.00%,102245864,150358832864,2384667.44,0
2025-01-24,43.1411,43.1411,43.1411,43.1411,62608000,0.00%,39637864,150358832864,2700977.99,0
2025-01-27,43.1411,43.1842,43.1842,43.1411,61386000,0.10%,193645786,150574226786,2650905.3,215393922
2025-01-28,43.1842,43.1842,43.1842,43.1842,36920000,0.00%,156725786,150574226786,1594360.66,0
2025-02-03,43.1842,43.1842,43.1842,43.1842,72592000,0.00%,84133786,150574226786,3134827.45,0
2025-02-04,43.1842,43.1842,43.1842,43.1842,81328000,0.00%,2805786,150574226786,3512084.62,0
2025-02-05,43.1842,43.2274,43.2274,43.1842,83538000,0.10%,135458436,150790417436,3611130.54,216190649
2025-02-06,43.2274,43.2274,43.2274,43.2274,50934000,0.00%,84524436,150790417436,2201744.39,0
2025-02-07,43.2274,43.2706,43.2706,43.2274,89882000,0.10%,211170463,151006945463,3889248.07,216528027
2025-02-10,43.2706,43.2706,43.2706,43.2706,81666000,0.00%,129504463,151006945463,3533736.82,0
2025-02-11,43.2706,43.2706,43.2706,43.2706,80314000,0.00%,49190463,151006945463,3475234.97,0
2025-02-12,43.2706,43.3139,43.3139,43.2706,99476000,0.10%,165588547,151222819547,4308693.52,215874083
2025-02-13,43.3139,43.3139,43.3139,43.3139,158574000,0.00%,7014547,151222819547,6868458.38,0
2025-02-14,43.3139,43.3572,43.3572,43.3139,193752000,0.10%,29166339,151438723339,8400544.21,215903792
2025-02-17,43.3572,43.444,43.444,43.3572,328172000,0.20%,133048423,151870777423,14257104.37,432054084
2025-02-18,43.444,43.4874,43.4874,43.444,162578000,0.10%,185586884,152085893884,7070094.52,215116460
2025-02-19,43.4874,43.4874,43.4874,43.4874,88738000,0.00%,96848884,152085893884,3858984.9,0
2025-02-20,43.4874,43.4874,43.4874,43.4874,89830000,0.00%,7018884,152085893884,3906473.14,0
2025-02-21,43.4874,43.5309,43.5309,43.4874,191230000,0.10%,29645365,152299750365,8324414.01,213856481
2025-02-24,43.5309,43.5744,43.5744,43.5309,175604000,0.10%,65616319,152511325319,7651838.94,211574954
2025-02-25,43.5744,43.618,43.618,43.5744,146926000,0.10%,129093581,152721728581,6408618.27,210403261
2025-02-26,43.618,43.618,43.618,43.618,105274000,0.00%,23819581,152721728581,4591841.33,0
2025-02-27,43.618,43.6616,43.6616,43.618,101140000,0.10%,133044473,152932093473,4415934.22,210364892
2025-02-28,43.6616,43.7053,43.7053,43.6616,135616000,0.10%,207720388,153142385388,5927137.96,210291915
2025-03-03,43.7053,43.7053,43.7053,43.7053,85150000,0.00%,122570388,153142385388,3721506.29,0
2025-03-04,43.7053,43.7053,43.7053,43.7053,80912000,0.00%,41658388,153142385388,3536283.23,0
2025-03-05,43.7053,43.749,43.749,43.7053,91442000,0.10%,159551698,153351720698,4000496.06,209335309
2025-03-06,43.749,43.7928,43.7928,43.749,207168000,0.10%,162083613,153561420613,9072466.79,209699915
2025-03-07,43.7928,43.7928,43.7928,43.7928,120874000,0.00%,41209613,153561420613,5293410.91,0
2025-03-10,43.7928,43.8365,43.8365,43.7928,89492000,0.10%,159597983,153769300983,3923016.06,207880370
2025-03-11,43.8365,43.8365,43.8365,43.8365,88010000,0.00%,71587983,153769300983,3858050.37,0
2025-03-12,43.8365,43.8804,43.8804,43.8365,72878000,0.10%,207529503,153978120503,3197915.79,208819520
2025-03-13,43.8804,43.8804,43.8804,43.8804,71058000,0.00%,136471503,153978120503,3118053.46,0
2025-03-14,43.8804,43.8804,43.8804,43.8804,79846000,0.00%,56625503,153978120503,3503674.42,0
2025-03-17,43.8804,43.9243,43.9243,43.8804,57460000,0.10%,208475064,154187430064,2523890.28,209309560
2025-03-18,43.9243,43.9243,43.9243,43.9243,87464000,0.00%,121011064,154187430064,3841794.98,0
2025-03-19,43.9243,43.9243,43.9243,43.9243,82160000,0.00%,38851064,154187430064,3608820.49,0
2025-03-20,43.9243,43.9682,43.9682,43.9243,129610000,0.10%,118300143,154396489143,5698718.4,209059078
2025-03-21,43.9682,43.9682,43.9682,43.9682,109876000,0.00%,8424143,154396489143,4831049.94,0
2025-03-24,43.9682,44.0122,44.0122,43.9682,63960000,0.10%,154050025,154606075025,2815020.31,209585882
2025-03-25,44.0122,44.0122,44.0122,44.0122,72124000,0.00%,81926025,154606075025,3174335.91,0
2025-03-26,44.0122,44.0122,44.0122,44.0122,45006000,0.00%,36920025,154606075025,1980813.07,0
2025-03-27,44.0122,44.0562,44.0562,44.0122,45760000,0.10%,202953793,154817868793,2016011.71,211793768
2025-03-28,44.0562,44.0562,44.0562,44.0562,48334000,0.00%,154619793,154817868793,2129412.37,0
2025-03-31,44.0562,44.0562,44.0562,44.0562,72904000,0.00%,81715793,154817868793,3211873.2,0
2025-04-01,44.0562,44.0562,44.0562,44.0562,50752000,0.00%,30963793,154817868793,2235940.26,0
2025-04-02,44.0562,44.1002,44.1002,44.0562,37050000,0.10%,205822273,155029777273,1633912.41,211908479
2025-04-03,44.1002,44.1002,44.1002,44.1002,75972000,0.00%,129850273,155029777273,3350380.39,0
2025-04-07,44.1002,44.1443,44.1443,44.1002,320736000,0.10%,21660428,155242323428,14158666.2,212546155
2025-04-08,44.1443,44.1885,44.1885,44.1443,169312000,0.10%,71479108,155461454108,7481643.31,219130679
2025-04-09,44.1885,44.2327,44.2327,44.1885,172848000,0.10%,122343397,155685166397,7645533.73,223712289
2025-04-10,44.2327,44.2769,44.2769,44.2327,150280000,0.10%,197860211,155910963211,6653932.53,225796813
2025-04-11,44.2769,44.2769,44.2769,44.2769,121134000,0.00%,76726211,155910963211,5363438.0,0
2025-04-14,44.2769,44.3212,44.3212,44.2769,78910000,0.10%,224736707,156137883707,3497385.89,226920496
2025-04-15,44.3212,44.3212,44.3212,44.3212,52650000,0.00%,172086707,156137883707,2333511.18,0
2025-04-16,44.3212,44.3212,44.3212,44.3212,71032000,0.00%,101054707,156137883707,3148223.48,0
2025-04-17,44.3212,44.3212,44.3212,44.3212,63648000,0.00%,37406707,156137883707,2820955.74,0
2025-04-22,44.3212,44.3655,44.3655,44.3212,62504000,0.10%,204909440,156367890440,2773021.21,230006732
2025-04-23,44.3655,44.3655,44.3655,44.3655,70200000,0.00%,134709440,156367890440,3114458.1,0
2025-04-24,44.3655,44.3655,44.3655,44.3655,49166000,0.00%,85543440,156367890440,2181274.17,0
2025-04-25,44.3655,44.3655,44.3655,44.3655,74750000,0.00%,10793440,156367890440,3316321.12,0
2025-04-28,44.3655,44.4099,44.4099,44.3655,35906000,0.10%,207015355,156600018355,1594581.87,232127915
2025-04-29,44.4099,44.4099,44.4099,44.4099,42562000,0.00%,164453355,156600018355,1890174.16,0
2025-04-30,44.4099,44.4099,44.4099,44.4099,39806000,0.00%,124647355,156600018355,1767780.48,0
2025-05-02,44.4099,44.4099,44.4099,44.4099,34424000,0.00%,90223355,156600018355,1528766.4,0
2025-05-06,44.4099,44.4099,44.4099,44.4099,51506000,0.00%,38717355,156600018355,2287376.31,0
2025-05-07,44.4099,44.4543,44.4543,44.4099,66612000,0.10%,207772547,156835685547,2961189.83,235667192
2025-05-08,44.4543,44.4543,44.4543,44.4543,51532000,0.00%,156240547,156835685547,2290818.99,0
2025-05-09,44.4543,44.4543,44.4543,44.4543,35828000,0.00%,120412547,156835685547,1592708.66,0
2025-05-12,44.4543,44.4543,44.4543,44.4543,93210000,0.00%,27202547,156835685547,4143585.3,0
2025-05-13,44.4543,44.4987,44.4987,44.4543,60112000,0.10%,204934633,157073529633,2674905.85,237844085
2025-05-14,44.4987,44.4987,44.4987,44.4987,63154000,0.00%,141780633,157073529633,2810270.9,0
2025-05-15,44.4987,44.4987,44.4987,44.4987,85280000,0.00%,56500633,157073529633,3794849.14,0
2025-05-16,44.4987,44.4987,44.4987,44.4987,55458000,0.00%,1042633,157073529633,2467808.9,0
2025-05-19,44.4987,44.5432,44.5432,44.4987,58396000,0.10%,188340292,157319223292,2601144.71,245693658
2025-05-20,44.5432,44.5432,44.5432,44.5432,41054000,0.00%,147286292,157319223292,1828676.53,0
2025-05-21,44.5432,44.5432,44.5432,44.5432,49192000,0.00%,98094292,157319223292,2191169.09,0
2025-05-22,44.5432,44.5432,44.5432,44.5432,37128000,0.00%,60966292,157319223292,1653799.93,0
2025-05-23,44.5432,44.5432,44.5432,44.5432,42276000,0.00%,18690292,157319223292,1883108.32,0
2025-05-26,44.5432,44.5878,44.5878,44.5432,44954000,0.10%,236212378,157581699378,2004399.96,262476086
2025-05-27,44.5878,44.5878,44.5878,44.5878,38974000,0.00%,197238378,157581699378,1737764.92,0
2025-05-28,44.5878,44.5878,44.5878,44.5878,43706000,0.00%,153532378,157581699378,1948754.39,0
2025-05-29,44.5878,44.5878,44.5878,44.5878,50362000,0.00%,103170378,157581699378,2245530.78,0
2025-05-30,44.5878,44.5878,44.5878,44.5878,73528000,0.00%,29642378,157581699378,3278451.76,0
2025-06-02,44.5878,44.6323,44.6323,44.5878,34034000,0.10%,268637366,157854728366,1519015.7,273028987
2025-06-03,44.6323,44.6323,44.6323,44.6323,37986000,0.00%,230651366,157854728366,1695402.55,0
2025-06-04,44.6323,44.6323,44.6323,44.6323,47788000,0.00%,182863366,157854728366,2132888.35,0
2025-06-05,44.6323,44.6323,44.6323,44.6323,50258000,0.00%,132605366,157854728366,2243130.13,0
2025-06-06,44.6323,44.6323,44.6323,44.6323,34164000,0.00%,98441366,157854728366,1524817.9,0
2025-06-09,44.6323,44.6323,44.6323,44.6323,48048000,0.00%,50393366,157854728366,2144492.75,0
2025-06-10,44.6323,44.6323,44.6323,44.6323,44304000,0.00%,6089366,157854728366,1977389.42,0
2025-06-11,44.6323,44.677,44.677,44.6323,38428000,0.10%,252337330,158139404330,1716847.76,284675964
2025-06-12,44.677,44.677,44.677,44.677,34762000,0.00%,217575330,158139404330,1553061.87,0
2025-06-13,44.677,44.677,44.677,44.677,49634000,0.00%,167941330,158139404330,2217498.22,0
2025-06-16,44.677,44.677,44.677,44.677,35828000,0.00%,132113330,158139404330,1600687.56,0
2025-06-17,44.677,44.677,44.677,44.677,29952000,0.00%,102161330,158139404330,1338165.5,0
2025-06-18,44.677,44.677,44.677,44.677,39494000,0.00%,62667330,158139404330,1764473.44,0
2025-06-19,44.677,44.677,44.677,44.677,50414000,0.00%,12253330,158139404330,2252346.28,0
2025-06-20,44.677,44.7217,44.7217,44.677,53612000,0.10%,243802024,158424565024,2397619.78,285160693
2025-06-23,44.7217,44.7217,44.7217,44.7217,37050000,0.00%,206752024,158424565024,1656938.99,0
2025-06-24,44.7217,44.7217,44.7217,44.7217,46202000,0.00%,160550024,158424565024,2066231.98,0
2025-06-25,44.7217,44.7217,44.7217,44.7217,45734000,0.00%,114816024,158424565024,2045302.23,0
2025-06-26,44.7217,44.7217,44.7217,44.7217,39000000,0.00%,75816024,158424565024,1744146.3,0
2025-06-27,44.7217,44.7217,44.7217,44.7217,39468000,0.00%,36348024,158424565024,1765076.06,0
2025-06-30,44.7217,44.7664,44.7664,44.7217,47996000,0.10%,275668503,158711881503,2148608.13,287316479
2025-07-02,44.7664,44.7664,44.7664,44.7664,47320000,0.00%,228348503,158711881503,2118346.05,0
2025-07-03,44.7664,44.7664,44.7664,44.7664,49296000,0.00%,179052503,158711881503,2206804.45,0
2025-07-04,44.7664,44.7664,44.7664,44.7664,38116000,0.00%,140936503,158711881503,1706316.1,0
2025-07-07,44.7664,44.7664,44.7664,44.7664,30238000,0.00%,110698503,158711881503,1353646.4,0
2025-07-08,44.7664,44.7664,44.7664,44.7664,34242000,0.00%,76456503,158711881503,1532891.07,0
2025-07-09,44.7664,44.7664,44.7664,44.7664,46332000,0.00%,30124503,158711881503,2074116.84,0
2025-07-10,44.7664,44.8111,44.8111,44.7664,36478000,0.10%,294857907,159013092907,1634619.31,301211404
2025-07-11,44.8111,44.8111,44.8111,44.8111,49998000,0.00%,244859907,159013092907,2240465.38,0
2025-07-14,44.8111,44.8111,44.8111,44.8111,30420000,0.00%,214439907,159013092907,1363153.66,0
2025-07-15,44.8111,44.8111,44.8111,44.8111,71370000,0.00%,143069907,159013092907,3198168.21,0
2025-07-16,44.8111,44.8111,44.8111,44.8111,60450000,0.00%,82619907,159013092907,2708831.0,0
2025-07-17,44.8111,44.8111,44.8111,44.8111,35724000,0.00%,46895907,159013092907,1600831.74,0
2025-07-18,44.8111,44.8111,44.8111,44.8111,35828000,0.00%,11067907,159013092907,1605492.09,0
2025-07-21,44.8111,44.856,44.856,44.8111,34502000,0.10%,281129179,159317656179,1547621.71,304563271
2025-07-22,44.856,44.856,44.856,44.856,45760000,0.00%,235369179,159317656179,2052610.56,0
2025-07-23,44.856,44.856,44.856,44.856,121524000,0.00%,113845179,159317656179,5451080.54,0
2025-07-24,44.856,44.856,44.856,44.856,62868000,0.00%,50977179,159317656179,2820007.01,0
2025-07-25,44.856,44.9008,44.9008,44.856,51714000,0.10%,303545262,159621938262,2321999.97,304282082
2025-07-28,44.9008,44.9008,44.9008,44.9008,38116000,0.00%,265429262,159621938262,1711438.89,0
2025-07-29,44.9008,44.9008,44.9008,44.9008,43810000,0.00%,221619262,159621938262,1967104.05,0
2025-07-30,44.9008,44.9008,44.9008,44.9008,50336000,0.00%,171283262,159621938262,2260126.67,0
2025-07-31,44.9008,44.9008,44.9008,44.9008,53170000,0.00%,118113262,159621938262,2387375.54,0
2025-08-01,44.9008,44.9008,44.9008,44.9008,55120000,0.00%,62993262,159621938262,2474932.1,0
2025-08-04,44.9008,44.9008,44.9008,44.9008,45084000,0.00%,17909262,159621938262,2024307.67,0
2025-08-05,44.9008,44.9457,44.9457,44.9008,45110000,0.10%,276048277,159925187277,2027500.53,303249014
2025-08-06,44.9457,44.9457,44.9457,44.9457,53924000,0.00%,222124277,159925187277,2423651.93,0
2025-08-07,44.9457,44.9457,44.9457,44.9457,44044000,0.00%,178080277,159925187277,1979588.41,0
2025-08-08,44.9457,44.9457,44.9457,44.9457,34606000,0.00%,143474277,159925187277,1555390.89,0
2025-08-11,44.9457,44.9457,44.9457,44.9457,30654000,0.00%,112820277,159925187277,1377765.49,0
2025-08-12,44.9457,44.9457,44.9457,44.9457,35958000,0.00%,76862277,159925187277,1616157.48,0
2025-08-13,44.9457,44.9907,44.9907,44.9457,97760000,0.10%,286232708,160232317708,4398290.83,307130431
2025-08-14,44.9907,44.9907,44.9907,44.9907,94484000,0.00%,191748708,160232317708,4250901.3,0
2025-08-15,44.9907,44.9907,44.9907,44.9907,57668000,0.00%,134080708,160232317708,2594523.69,0
2025-08-18,44.9907,44.9907,44.9907,44.9907,45734000,0.00%,88346708,160232317708,2057604.67,0
2025-08-19,44.9907,44.9907,44.9907,44.9907,42536000,0.00%,45810708,160232317708,1913724.42,0
2025-08-20,44.9907,44.9907,44.9907,44.9907,41470000,0.00%,4340708,160232317708,1865764.33,0
2025-08-21,44.9907,45.0357,45.0357,44.9907,37154000,0.10%,271587080,160536718080,1673256.4,304400372
2025-08-22,45.0357,45.0357,45.0357,45.0357,50388000,0.00%,221199080,160536718080,2269258.85,0
2025-08-25,45.0357,45.0357,45.0357,45.0357,66794000,0.00%,154405080,160536718080,3008114.55,0
2025-08-26,45.0357,45.0357,45.0357,45.0357,53716000,0.00%,100689080,160536718080,2419137.66,0
2025-08-27,45.0357,45.0357,45.0357,45.0357,55276000,0.00%,45413080,160536718080,2489393.35,0
2025-08-28,45.0357,45.0807,45.0807,45.0357,56446000,0.10%,292842508,160840593508,2544625.19,303875428
2025-08-29,45.0807,45.0807,45.0807,45.0807,47398000,0.00%,245444508,160840593508,2136735.02,0
2025-09-01,45.0807,45.0807,45.0807,45.0807,41496000,0.00%,203948508,160840593508,1870668.73,0
2025-09-02,45.0807,45.0807,45.0807,45.0807,38506000,0.00%,165442508,160840593508,1735877.43,0
2025-09-03,45.0807,45.0807,45.0807,45.0807,40352000,0.00%,125090508,160840593508,1819096.41,0
2025-09-04,45.0807,45.0807,45.0807,45.0807,46800000,0.00%,78290508,160840593508,2109776.76,0
2025-09-05,45.0807,45.0807,45.0807,45.0807,49530000,0.00%,28760508,160840593508,2232847.07,0
2025-09-08,45.0807,45.1258,45.1258,45.0807,56732000,0.10%,274035366,161142600366,2560076.89,302006857
2025-09-09,45.1258,45.1258,45.1258,45.1258,51662000,0.00%,222373366,161142600366,2331289.08,0
2025-09-10,45.1258,45.1258,45.1258,45.1258,49894000,0.00%,172479366,161142600366,2251506.67,0
2025-09-11,45.1258,45.1258,45.1258,45.1258,47294000,0.00%,125185366,161142600366,2134179.59,0
2025-09-12,45.1258,45.1258,45.1258,45.1258,54028000,0.00%,71157366,161142600366,2438056.72,0
2025-09-15,45.1258,45.1258,45.1258,45.1258,42562000,0.00%,28595366,161142600366,1920644.3,0
2025-09-16,45.1258,45.1709,45.1709,45.1258,34684000,0.10%,292487284,161441176284,1566707.5,298575917
2025-09-17,45.1709,45.1709,45.1709,45.1709,58110000,0.00%,234377284,161441176284,2624881.0,0
2025-09-18,45.1709,45.1709,45.1709,45.1709,77974000,0.00%,156403284,161441176284,3522155.76,0
2025-09-19,45.1709,45.1709,45.1709,45.1709,54106000,0.00%,102297284,161441176284,2444016.72,0
2025-09-22,45.1709,45.1709,45.1709,45.1709,33540000,0.00%,68757284,161441176284,1515031.99,0
2025-09-23,45.1709,45.1709,45.1709,45.1709,39754000,0.00%,29003284,161441176284,1795723.96,0
2025-09-24,45.1709,45.2161,45.2161,45.1709,47944000,0.10%,277909656,161738026656,2167840.7,296850372
2025-09-25,45.2161,45.2161,45.2161,45.2161,45188000,0.00%,232721656,161738026656,2043225.13,0
2025-09-26,45.2161,45.2161,45.2161,45.2161,50700000,0.00%,182021656,161738026656,2292456.27,0
2025-09-29,45.2161,45.2161,45.2161,45.2161,53274000,0.00%,128747656,161738026656,2408842.51,0
2025-09-30,45.2161,45.2161,45.2161,45.2161,53586000,0.00%,75161656,161738026656,2422949.93,0
2025-10-02,45.2161,45.2161,45.2161,45.2161,44564000,0.00%,30597656,161738026656,2015010.28,0
2025-10-03,45.2161,45.2161,45.2161,45.2161,18538000,0.00%,12059656,161738026656,838216.06,0
2025-10-06,45.2161,45.2613,45.2613,45.2161,20358000,0.10%,287063140,162033388140,921429.55,295361483
2025-10-08,45.2613,45.2613,45.2613,45.2613,27404000,0.00%,259659140,162033388140,1240340.67,0
2025-10-09,45.2613,45.2613,45.2613,45.2613,37570000,0.00%,222089140,162033388140,1700467.04,0
2025-10-10,45.2613,45.2613,45.2613,45.2613,51740000,0.00%,170349140,162033388140,2341819.66,0
2025-10-13,45.2613,45.2613,45.2613,45.2613,98826000,0.00%,71523140,162033388140,4472993.23,0
2025-10-14,45.2613,45.2613,45.2613,45.2613,69680000,0.00%,1843140,162033388140,3153807.38,0
2025-10-15,45.2613,45.3065,45.3065,45.2613,47788000,0.10%,245518742,162324851742,2165107.02,291463602
2025-10-16,45.3065,45.3065,45.3065,45.3065,37154000,0.00%,208364742,162324851742,1683317.7,0
2025-10-17,45.3065,45.3065,45.3065,45.3065,48490000,0.00%,159874742,162324851742,2196912.19,0
2025-10-20,45.3065,45.3065,45.3065,45.3065,38896000,0.00%,120978742,162324851742,1762241.62,0
2025-10-21,45.3065,45.3065,45.3065,45.3065,36842000,0.00%,84136742,162324851742,1669182.07,0
2025-10-22,45.3065,45.3065,45.3065,45.3065,25948000,0.00%,58188742,162324851742,1175613.06,0
2025-10-23,45.3065,45.3065,45.3065,45.3065,32292000,0.00%,25896742,162324851742,1463037.5,0
2025-10-24,45.3065,45.3518,45.3518,45.3065,31200000,0.10%,287475387,162617630387,1414976.16,292778644
2025-10-27,45.3518,45.3518,45.3518,45.3518,41704000,0.00%,245771387,162617630387,1891351.47,0
2025-10-28,45.3518,45.3518,45.3518,45.3518,42380000,0.00%,203391387,162617630387,1922009.28,0
2025-10-30,45.3518,45.3518,45.3518,45.3518,56602000,0.00%,146789387,162617630387,2567002.58,0
2025-10-31,45.3518,45.3518,45.3518,45.3518,53508000,0.00%,93281387,162617630387,2426684.11,0
2025-11-03,45.3518,45.3518,45.3518,45.3518,30134000,0.00%,63147387,162617630387,1366631.14,0
2025-11-04,45.3518,45.3518,45.3518,45.3518,38922000,0.00%,24225387,162617630387,1765182.76,0
2025-11-05,45.3518,45.3972,45.3972,45.3518,34606000,0.10%,281031572,162909042572,1571015.5,291412184
2025-11-06,45.3972,45.3972,45.3972,45.3972,34008000,0.00%,247023572,162909042572,1543867.98,0
2025-11-07,45.3972,45.3972,45.3972,45.3972,34606000,0.00%,212417572,162909042572,1571015.5,0
2025-11-10,45.3972,45.3972,45.3972,45.3972,37726000,0.00%,174691572,162909042572,1712654.77,0
2025-11-11,45.3972,45.3972,45.3972,45.3972,34034000,0.00%,140657572,162909042572,1545048.3,0
2025-11-12,45.3972,45.3972,45.3972,45.3972,35516000,0.00%,105141572,162909042572,1612326.96,0
2025-11-13,45.3972,45.3972,45.3972,45.3972,44980000,0.00%,60161572,162909042572,2041966.06,0
2025-11-14,45.3972,45.3972,45.3972,45.3972,51896000,0.00%,8265572,162909042572,2355933.09,0
2025-11-17,45.3972,45.4426,45.4426,45.3972,35854000,0.10%,264470658,163201101658,1629298.98,292059086
2025-11-18,45.4426,45.4426,45.4426,45.4426,48932000,0.00%,215538658,163201101658,2223597.3,0
2025-11-19,45.4426,45.4426,45.4426,45.4426,36296000,0.00%,179242658,163201101658,1649384.61,0
2025-11-20,45.4426,45.4426,45.4426,45.4426,36452000,0.00%,142790658,163201101658,1656473.66,0
2025-11-21,45.4426,45.4426,45.4426,45.4426,61698000,0.00%,81092658,163201101658,2803717.53,0
2025-11-24,45.4426,45.4426,45.4426,45.4426,58188000,0.00%,22904658,163201101658,2644214.01,0
2025-11-25,45.4426,45.488,45.488,45.4426,38688000,0.10%,275265594,163492150594,1759839.74,291048935
2025-11-26,45.488,45.488,45.488,45.488,37518000,0.00%,237747594,163492150594,1706618.78,0
2025-11-27,45.488,45.488,45.488,45.488,40274000,0.00%,197473594,163492150594,1831983.71,0
2025-11-28,45.488,45.488,45.488,45.488,34372000,0.00%,163101594,163492150594,1563513.54,0
2025-12-01,45.488,45.488,45.488,45.488,32864000,0.00%,130237594,163492150594,1494917.63,0
2025-12-02,45.488,45.488,45.488,45.488,29796000,0.00%,100441594,163492150594,1355360.45,0
2025-12-03,45.488,45.488,45.488,45.488,28600000,0.00%,71841594,163492150594,1300956.8,0
2025-12-04,45.488,45.488,45.488,45.488,39858000,0.00%,31983594,163492150594,1813060.7,0
2025-12-05,45.488,45.5335,45.5335,45.488,38064000,0.10%,286041102,163784272102,1733187.14,292121508
2025-12-08,45.5335,45.5335,45.5335,45.5335,34892000,0.00%,251149102,163784272102,1588754.88,0
2025-12-09,45.5335,45.5335,45.5335,45.5335,45318000,0.00%,205831102,163784272102,2063487.15,0
2025-12-10,45.5335,45.5335,45.5335,45.5335,38350000,0.00%,167481102,163784272102,1746209.72,0
2025-12-11,45.5335,45.5335,45.5335,45.5335,32448000,0.00%,135033102,163784272102,1477471.01,0
2025-12-12,45.5335,45.5335,45.5335,45.5335,46358000,0.00%,88675102,163784272102,2110841.99,0
2025-12-15,45.5335,45.5335,45.5335,45.5335,39442000,0.00%,49233102,163784272102,1795932.31,0
2025-12-16,45.5335,45.5335,45.5335,45.5335,41574000,0.00%,7659102,163784272102,1893009.73,0
2025-12-17,45.5335,45.5791,45.5791,45.5335,38532000,0.10%,262914193,164078059193,1756253.88,293787091
2025-12-18,45.5791,45.5791,45.5791,45.5791,26390000,0.00%,236524193,164078059193,1202832.45,0
2025-12-19,45.5791,45.5791,45.5791,45.5791,46202000,0.00%,190322193,164078059193,2105845.58,0
2025-12-22,45.5791,45.5791,45.5791,45.5791,36062000,0.00%,154260193,164078059193,1643673.5,0
2025-12-23,45.5791,45.5791,45.5791,45.5791,40612000,0.00%,113648193,164078059193,1851058.41,0
2025-12-24,45.5791,45.5791,45.5791,45.5791,19032000,0.00%,94616193,164078059193,867461.43,0
2025-12-29,45.5791,45.5791,45.5791,45.5791,48100000,0.00%,46516193,164078059193,2192354.71,0
2025-12-30,45.5791,45.5791,45.5791,45.5791,35308000,0.00%,11208193,164078059193,1609306.86,0
2025-12-31,45.5791,45.6246,45.6246,45.5791,28184000,0.10%,278579668,164373614668,1285883.73,295555474
2026-01-02,45.6246,45.6246,45.6246,45.6246,43740000,0.00%,234839668,164373614668,1995620.0,0
2026-01-05,45.6246,45.6246,45.6246,45.6246,53865000,0.00%,180974668,164373614668,2457569.08,0
2026-01-06,45.6246,45.6246,45.6246,45.6246,65259000,0.00%,115715668,164373614668,2977415.77,0
2026-01-07,45.6246,45.6246,45.6246,45.6246,57726000,0.00%,57989668,164373614668,2633725.66,0
2026-01-08,45.6246,45.6246,45.6246,45.6246,50598000,0.00%,7391668,164373614668,2308513.51,0
2026-01-09,45.6246,45.6703,45.6703,45.6246,48087000,0.10%,252365681,164666675681,2196147.72,293061013
2026-01-12,45.6703,45.6703,45.6703,45.6703,74331000,0.00%,178034681,164666675681,3394719.07,0
2026-01-13,45.6703,45.6703,45.6703,45.6703,65367000,0.00%,112667681,164666675681,2985330.5,0
2026-01-14,45.6703,45.6703,45.6703,45.6703,77436000,0.00%,35231681,164666675681,3536525.35,0
2026-01-15,45.6703,45.7159,45.7159,45.6703,70713000,0.10%,258797403,164960954403,3232708.44,294278722
2026-01-16,45.7159,45.7159,45.7159,45.7159,55674000,0.00%,203123403,164960954403,2545187.02,0
2026-01-19,45.7159,45.7159,45.7159,45.7159,35721000,0.00%,167402403,164960954403,1633017.66,0
2026-01-20,45.7159,45.7159,45.7159,45.7159,65691000,0.00%,101711403,164960954403,3003123.19,0
2026-01-21,45.7159,45.7159,45.7159,45.7159,43200000,0.00%,58511403,164960954403,1974926.88,0
2026-01-22,45.7159,45.7617,45.7617,45.7159,73359000,0.10%,278042059,165253844059,3357032.55,292889655
2026-01-23,45.7617,45.7617,45.7617,45.7617,51786000,0.00%,226256059,165253844059,2369815.4,0
2026-01-26,45.7617,45.7617,45.7617,45.7617,47088000,0.00%,179168059,165253844059,2154826.93,0
2026-01-27,45.7617,45.7617,45.7617,45.7617,64503000,0.00%,114665059,165253844059,2951766.94,0
2026-01-28,45.7617,45.7617,45.7617,45.7617,69066000,0.00%,45599059,165253844059,3160577.57,0
2026-01-29,45.7617,45.8074,45.8074,45.7617,61965000,0.10%,276120944,165546330944,2838455.54,292486885
2026-01-30,45.8074,45.8074,45.8074,45.8074,57996000,0.00%,218124944,165546330944,2656645.97,0
2026-02-02,45.8074,45.8074,45.8074,45.8074,75411000,0.00%,142713944,165546330944,3454381.84,0
2026-02-03,45.8074,45.8532,45.8532,45.8074,175851000,0.10%,257788290,165837256290,8063331.07,290925346
2026-02-04,45.8532,45.8532,45.8532,45.8532,162999000,0.00%,94789290,165837256290,7474025.75,0
2026-02-05,45.8532,45.8991,45.8991,45.8532,214137000,0.10%,168841888,166125445888,9828695.58,288189597
2026-02-06,45.8991,45.8991,45.8991,45.8991,95580000,0.00%,73261888,166125445888,4387035.98,0
2026-02-09,45.8991,45.8991,45.8991,45.8991,71226000,0.00%,2035888,166125445888,3269209.3,0
2026-02-10,45.8991,45.945,45.945,45.8991,78867000,0.10%,208947923,166411224923,3623544.31,285779034
2026-02-11,45.945,45.945,45.945,45.945,64152000,0.00%,144795923,166411224923,2947463.64,0
2026-02-12,45.945,45.945,45.945,45.945,107433000,0.00%,37362923,166411224923,4936009.19,0
2026-02-13,45.945,45.9909,45.9909,45.945,72630000,0.10%,249753602,166696245602,3340319.07,285020679
2026-02-16,45.9909,45.9909,45.9909,45.9909,19494000,0.00%,230259602,166696245602,896546.6,0
2026-02-20,45.9909,45.9909,45.9909,45.9909,57645000,0.00%,172614602,166696245602,2651145.43,0
2026-02-23,45.9909,45.9909,45.9909,45.9909,59778000,0.00%,112836602,166696245602,2749244.02,0
2026-02-24,45.9909,45.9909,45.9909,45.9909,97551000,0.00%,15285602,166696245602,4486458.29,0
2026-02-25,45.9909,46.0369,46.0369,45.9909,61668000,0.10%,238636856,166981264856,2839003.55,285019254
2026-02-26,46.0369,46.0369,46.0369,46.0369,68985000,0.00%,169651856,166981264856,3175855.55,0
2026-02-27,46.0369,46.0369,46.0369,46.0369,87021000,0.00%,82630856,166981264856,4006177.07,0
2026-03-02,46.0369,46.0829,46.0829,46.0369,83214000,0.10%,283564074,167265412074,3834742.44,284147217
2026-03-03,46.0829,46.0829,46.0829,46.0829,73899000,0.00%,209665074,167265412074,3405480.23,0
2026-03-04,46.0829,46.0829,46.0829,46.0829,89019000,0.00%,120646074,167265412074,4102253.68,0
2026-03-05,46.0829,46.0829,46.0829,46.0829,64692000,0.00%,55954074,167265412074,2981194.97,0
2026-03-06,46.0829,46.129,46.129,46.0829,81972000,0.10%,256486652,167547916652,3781286.39,282504578
2026-03-09,46.129,46.129,46.129,46.129,84726000,0.00%,171760652,167547916652,3908325.65,0
2026-03-10,46.129,46.129,46.129,46.129,156222000,0.00%,15538652,167547916652,7206364.64,0
2026-03-11,46.129,46.1752,46.1752,46.129,128574000,0.10%,167644993,167828596993,5936930.16,280680340
2026-03-12,46.1752,46.1752,46.1752,46.1752,53082000,0.00%,114562993,167828596993,2451071.97,0
2026-03-13,46.1752,46.1752,46.1752,46.1752,46386000,0.00%,68176993,167828596993,2141882.83,0
2026-03-16,46.1752,46.1752,46.1752,46.1752,65394000,0.00%,2782993,167828596993,3019581.03,0
2026-03-17,46.1752,46.2213,46.2213,46.1752,61749000,0.10%,218174460,168105737460,2854119.05,277140467
2026-03-18,46.2213,46.2213,46.2213,46.2213,57645000,0.00%,160529460,168105737460,2664426.84,0
2026-03-19,46.2213,46.2213,46.2213,46.2213,160461000,0.00%,68460,168105737460,7416716.02,0
2026-03-20,46.2213,46.2676,46.2676,46.2213,67284000,0.10%,203270839,168376223839,3113069.2,270486378
2026-03-23,46.2676,46.2676,46.2676,46.2676,94824000,0.00%,108446839,168376223839,4387278.9,0
2026-03-24,46.2676,46.2676,46.2676,46.2676,79272000,0.00%,29174839,168376223839,3667725.19,0
2026-03-25,46.2676,46.3138,46.3138,46.2676,100845000,0.10%,195339038,168643233038,4670515.16,267009199
2026-03-26,46.3138,46.3138,46.3138,46.3138,61074000,0.00%,134265038,168643233038,2828569.02,0
2026-03-27,46.3138,46.3138,46.3138,46.3138,54945000,0.00%,79320038,168643233038,2544711.74,0
2026-03-30,46.3138,46.3138,46.3138,46.3138,76707000,0.00%,2613038,168643233038,3552592.66,0
2026-03-31,46.3138,46.3601,46.3601,46.3138,69660000,0.10%,194205185,168904485185,3229444.57,261252146
2026-04-01,46.3601,46.3601,46.3601,46.3601,57456000,0.00%,136749185,168904485185,2663665.91,0
2026-04-02,46.3601,46.3601,46.3601,46.3601,45981000,0.00%,90768185,168904485185,2131683.76,0
2026-04-08,46.3601,46.3601,46.3601,46.3601,88722000,0.00%,2046185,168904485185,4113160.79,0
2026-04-09,46.3601,46.4065,46.4065,46.3601,55944000,0.10%,205983420,169164366420,2596165.24,259881234
2026-04-10,46.4065,46.4065,46.4065,46.4065,55809000,0.00%,150174420,169164366420,2589900.36,0
2026-04-13,46.4065,46.4065,46.4065,46.4065,57078000,0.00%,93096420,169164366420,2648790.21,0
2026-04-14,46.4065,46.4065,46.4065,46.4065,48141000,0.00%,44955420,169164366420,2234055.32,0
2026-04-15,46.4065,46.4529,46.4529,46.4065,54783000,0.10%,251443047,169425637047,2544829.22,261270627
2026-04-16,46.4529,46.4529,46.4529,46.4529,60912000,0.00%,190531047,169425637047,2829539.04,0
2026-04-17,46.4529,46.4529,46.4529,46.4529,37125000,0.00%,153406047,169425637047,1724563.91,0
2026-04-20,46.4529,46.4529,46.4529,46.4529,63261000,0.00%,90145047,169425637047,2938656.91,0
2026-04-21,46.4529,46.4529,46.4529,46.4529,35397000,0.00%,54748047,169425637047,1644293.3,0
2026-04-22,46.4529,46.4994,46.4994,46.4529,62559000,0.10%,256323915,169689771915,2908955.96,264134868
2026-04-23,46.4994,46.4994,46.4994,46.4994,63450000,0.00%,192873915,169689771915,2950386.93,0
2026-04-24,46.4994,46.4994,46.4994,46.4994,50139000,0.00%,142734915,169689771915,2331433.42,0
2026-04-27,46.4994,46.4994,46.4994,46.4994,121635000,0.00%,21099915,169689771915,5655954.52,0
2026-04-28,46.4994,46.5459,46.5459,46.4994,69633000,0.10%,216244117,169954549117,3241130.65,264777201
2026-04-29,46.5459,46.5459,46.5459,46.5459,52164000,0.00%,164080117,169954549117,2428020.33,0
2026-04-30,46.5459,46.5459,46.5459,46.5459,103707000,0.00%,60373117,169954549117,4827135.65,0
2026-05-04,46.5459,46.5924,46.5924,46.5459,64152000,0.10%,261318400,170219646400,2988995.64,265097283
2026-05-05,46.5924,46.5924,46.5924,46.5924,35100000,0.00%,226218400,170219646400,1635393.24,0
2026-05-06,46.5924,46.5924,46.5924,46.5924,119799000,0.00%,106419400,170219646400,5581722.93,0
2026-05-07,46.5924,46.639,46.639,46.5924,110673000,0.10%,260866948,170484766948,5161678.05,265120547
2026-05-08,46.639,46.639,46.639,46.639,68067000,0.00%,192799948,170484766948,3174576.81,0
2026-05-11,46.639,46.639,46.639,46.639,75087000,0.00%,117712948,170484766948,3501982.59,0
2026-05-12,46.639,46.639,46.639,46.639,87669000,0.00%,30043948,170484766948,4088794.49,0
2026-05-13,46.639,46.6856,46.6856,46.639,71874000,0.10%,232978271,170759575271,3355480.81,274808322
2026-05-14,46.6856,46.6856,46.6856,46.6856,106218000,0.00%,126760271,170759575271,4958851.06,0
2026-05-15,46.6856,46.6856,46.6856,46.6856,71415000,0.00%,55345271,170759575271,3334052.12,0
2026-05-18,46.6856,46.7323,46.7323,46.6856,79650000,0.10%,251978567,171035858567,3722227.7,276283296
2026-05-19,46.7323,46.7323,46.7323,46.7323,91098000,0.00%,160880567,171035858567,4257219.07,0
2026-05-20,46.7323,46.7323,46.7323,46.7323,51111000,0.00%,109769567,171035858567,2388534.59,0
2026-05-21,46.7323,46.7323,46.7323,46.7323,107055000,0.00%,2714567,171035858567,5002926.38,0
2026-05-22,46.7323,46.779,46.779,46.7323,64800000,0.10%,214889087,171312833087,3031279.2,276974519
2026-05-26,46.779,46.779,46.779,46.779,88560000,0.00%,126329087,171312833087,4142748.24,0
2026-05-27,46.779,46.779,46.779,46.779,67122000,0.00%,59207087,171312833087,3139900.04,0
2026-05-28,46.779,46.8258,46.8258,46.779,113940000,0.10%,223952348,171591518348,5335331.65,278685261
2026-05-29,46.8258,46.8258,46.8258,46.8258,129627000,0.00%,94325348,171591518348,6069887.98,0
2026-06-01,46.8258,46.8727,46.8727,46.8258,94932000,0.10%,278768098,171870893098,4449719.16,279374750
2026-06-02,46.8727,46.8727,46.8727,46.8727,275049000,0.00%,3719098,171870893098,12892289.26,0
2026-06-03,46.8727,46.9195,46.9195,46.8727,132570000,0.10%,149265962,172149009962,6220118.12,278116863
2026-06-04,46.9195,46.9195,46.9195,46.9195,78435000,0.00%,70830962,172149009962,3680130.98,0
2026-06-05,46.9195,46.9664,46.9664,46.9195,85455000,0.10%,263783124,172427417124,4013513.71,278407162
2026-06-08,46.9664,46.9664,46.9664,46.9664,78354000,0.00%,185429124,172427417124,3680005.31,0
2026-06-09,46.9664,46.9664,46.9664,46.9664,100953000,0.00%,84476124,172427417124,4741398.98,0
2026-06-10,46.9664,47.0134,47.0134,46.9664,96633000,0.10%,269977255,172709551255,4543045.88,282134130
2026-06-11,47.0134,47.0134,47.0134,47.0134,77166000,0.00%,192811255,172709551255,3627836.02,0
2026-06-12,47.0134,47.0134,47.0134,47.0134,60291000,0.00%,132520255,172709551255,2834484.9,0
2026-06-15,47.0134,47.0134,47.0134,47.0134,53325000,0.00%,79195255,172709551255,2506989.56,0
2026-06-16,47.0134,47.0134,47.0134,47.0134,65664000,0.00%,13531255,172709551255,3087087.9,0
2026-06-17,47.0134,47.0604,47.0604,47.0134,45792000,0.10%,250530632,172992342632,2154989.84,282791376
2026-06-18,47.0604,47.0604,47.0604,47.0604,81324000,0.00%,169206632,172992342632,3827139.97,0
2026-06-22,47.0604,47.0604,47.0604,47.0604,85212000,0.00%,83994632,172992342632,4010110.8,0
2026-06-23,47.0604,47.1075,47.1075,47.0604,117288000,0.10%,253420008,173279056008,5525144.46,286713376
2026-06-24,47.1075,47.1075,47.1075,47.1075,107892000,0.00%,145528008,173279056008,5082522.39,0
2026-06-25,47.1075,47.1075,47.1075,47.1075,79569000,0.00%,65959008,173279056008,3748296.67,0
2026-06-26,47.1075,47.1546,47.1546,47.1075,86049000,0.10%,268853595,173567999595,4057606.18,288943586
2026-06-29,47.1546,47.1546,47.1546,47.1546,89289000,0.00%,179564595,173567999595,4210387.08,0
2026-06-30,47.1546,47.1546,47.1546,47.1546,105273000,0.00%,74291595,173567999595,4964106.21,0
2026-07-02,47.1546,47.2017,47.2017,47.1546,110457000,0.10%,244540204,173848705204,5213758.18,280705609
2026-07-03,47.2017,47.2017,47.2017,47.2017,67392000,0.00%,177148204,173848705204,3181016.97,0
2026-07-06,47.2017,47.2017,47.2017,47.2017,112050000,0.00%,65098204,173848705204,5288950.49,0
2026-07-07,47.2017,47.249,47.249,47.2017,149634000,0.10%,192532642,174125773642,7070056.87,277068438
2026-07-08,47.249,47.249,47.249,47.249,151956000,0.00%,40576642,174125773642,7179769.04,0
2026-07-09,47.249,47.2962,47.2962,47.249,114480000,0.10%,201343159,174401020159,5414468.98,275246516
2026-07-10,47.2962,47.2962,47.2962,47.2962,109188000,0.00%,92155159,174401020159,5164177.49,0
2026-07-13,47.2962,47.2962,47.2962,47.2962,82728000,0.00%,9427159,174401020159,3912720.03,0
2026-07-14,47.2962,47.3435,47.3435,47.2962,89451000,0.10%,193612085,174674656085,4234923.42,273635925
2026-07-15,47.3435,47.3435,47.3435,47.3435,53757000,0.00%,139855085,174674656085,2545044.53,0
2026-07-16,47.3435,47.3435,47.3435,47.3435,54486000,0.00%,85369085,174674656085,2579557.94,0
2026-07-17,47.3435,47.3435,47.3435,47.3435,39852000,0.00%,45517085,174674656085,1886733.16,0
2026-07-20,47.3435,47.3908,47.3908,47.3435,45657000,0.10%,273325646,174948121646,2163721.76,273465560
2026-07-21,47.3908,47.3908,47.3908,47.3908,53487000,0.00%,219838646,174948121646,2534791.72,0
2026-07-22,47.3908,47.3908,47.3908,47.3908,54810000,0.00%,165028646,174948121646,2597489.75,0
2026-07-23,47.3908,47.3908,47.3908,47.3908,42363000,0.00%,122665646,174948121646,2007616.46,0
2026-07-24,47.3908,47.3908,47.3908,47.3908,45252000,0.00%,77413646,174948121646,2144528.48,0
2026-07-27,47.3908,47.4382,47.4382,47.3908,222183000,0.10%,129804868,175222695868,10539961.59,274574222
2026-07-28,47.4382,47.4857,47.4857,47.4382,291681000,0.10%,111766583,175496338583,13850676.46,273642714
2026-07-29,47.4857,47.5332,47.5332,47.4857,304722000,0.10%,78104545,175767398545,14484411.77,271059961
2026-07-30,47.5332,47.5807,47.5807,47.5332,196830000,0.10%,151127900,176037251900,9365309.18,269853355
2026-07-31,47.5807,47.5807,47.5807,47.5807,109242000,0.00%,41885900,176037251900,5197810.83,0
2026-08-03,47.5807,47.6283,47.6283,47.5807,79515000,0.10%,229342768,176304223768,3787164.27,266971868
2026-08-04,47.6283,47.6759,47.6759,47.6283,318087000,0.10%,178201568,176571169568,15165084.0,266945799
2026-08-05,47.6759,47.6759,47.6759,47.6759,124470000,0.00%,53731568,176571169568,5934219.27,0
2026-08-06,47.6759,47.7236,47.7236,47.6759,158301000,0.10%,154903656,176830642656,7554693.6,259473088
2026-08-07,47.7236,47.7236,47.7236,47.7236,115965000,0.00%,38938656,176830642656,5534267.27,0
2026-08-10,47.7236,47.7713,47.7713,47.7236,110592000,0.10%,185820032,177088116032,5283123.61,257473375
2026-08-11,47.7713,47.7713,47.7713,47.7713,110376000,0.00%,75444032,177088116032,5272805.01,0
2026-08-12,47.7713,47.7713,47.7713,47.7713,54405000,0.00%,21039032,177088116032,2598997.58,0
2026-08-13,47.7713,47.8191,47.8191,47.7713,44145000,0.10%,231303888,177342525888,2110974.17,254409856
2026-08-14,47.8191,47.8191,47.8191,47.8191,71334000,0.00%,159969888,177342525888,3411127.68,0
2026-08-17,47.8191,47.8191,47.8191,47.8191,78354000,0.00%,81615888,177342525888,3746817.76,0
2026-08-18,47.8191,47.8669,47.8669,47.8191,116478000,0.10%,218173943,177595561943,5575440.78,253036055
2026-08-19,47.8669,47.8669,47.8669,47.8669,71820000,0.00%,146353943,177595561943,3437800.76,0
2026-08-20,47.8669,47.8669,47.8669,47.8669,137970000,0.00%,8383943,177595561943,6604196.19,0
2026-08-21,47.8669,47.9148,47.9148,47.8669,140778000,0.10%,119965632,177847921632,6745349.71,252359689
2026-08-24,47.9148,47.9627,47.9627,47.9148,120474000,0.10%,251212065,178099642065,5778258.32,251720432
2026-08-25,47.9627,47.9627,47.9627,47.9627,133704000,0.00%,117508065,178099642065,6412804.84,0
2026-08-26,47.9627,47.9627,47.9627,47.9627,111321000,0.00%,6187065,178099642065,5339255.73,0
2026-08-27,47.9627,48.0106,48.0106,47.9627,46710000,0.10%,210333223,178350498223,2242575.13,250856158
2026-08-28,48.0106,48.0106,48.0106,48.0106,63342000,0.00%,146991223,178350498223,3041087.43,0
2026-08-31,48.0106,48.0106,48.0106,48.0106,49896000,0.00%,97095223,178350498223,2395536.9,0
2026-09-01,48.0106,48.0586,48.0586,48.0106,140886000,0.10%,214848255,178609137255,6770783.92,258639031
2026-09-02,48.0586,48.0586,48.0586,48.0586,95310000,0.00%,119538255,178609137255,4580465.17,0
2026-09-03,48.0586,48.0586,48.0586,48.0586,109269000,0.00%,10269255,178609137255,5251315.16,0
2026-09-04,48.0586,48.1067,48.1067,48.0586,73278000,0.10%,196101599,178868247599,3525162.76,259110343
2026-09-07,48.1067,48.1067,48.1067,48.1067,72279000,0.00%,123822599,178868247599,3477104.17,0
2026-09-08,48.1067,48.1067,48.1067,48.1067,67392000,0.00%,56430599,178868247599,3242006.73,0
2026-09-09,48.1067,48.1548,48.1548,48.1067,89100000,0.10%,225676215,179126593215,4290592.68,258345616
2026-09-10,48.1548,48.1548,48.1548,48.1548,146043000,0.00%,79633215,179126593215,7032671.46,0
2026-09-11,48.1548,48.203,48.203,48.1548,96309000,0.10%,240768588,179384037588,4642382.73,257444372
2026-09-14,48.203,48.203,48.203,48.203,75114000,0.00%,165654588,179384037588,3620720.14,0
2026-09-15,48.203,48.203,48.203,48.203,53757000,0.00%,111897588,179384037588,2591248.67,0
2026-09-16,48.203,48.203,48.203,48.203,97659000,0.00%,14238588,179384037588,4707456.78,0
2026-09-17,48.203,48.2512,48.2512,48.203,66204000,0.10%,208075029,179644078029,3194422.44,260040441
2026-09-18,48.2512,48.2512,48.2512,48.2512,64746000,0.00%,143329029,179644078029,3124072.2,0
2026-09-21,48.2512,48.2512,48.2512,48.2512,41877000,0.00%,101452029,179644078029,2020615.5,0
2026-09-22,48.2512,48.2512,48.2512,48.2512,44712000,0.00%,56740029,179644078029,2157407.65,0
2026-09-24,48.2512,48.2994,48.2994,48.2512,59967000,0.10%,256671969,179903976969,2896370.12,259898939
2026-09-25,48.2994,48.2994,48.2994,48.2994,44982000,0.00%,211689969,179903976969,2172603.61,0
2026-09-28,48.2994,48.2994,48.2994,48.2994,48519000,0.00%,163170969,179903976969,2343438.59,0
2026-09-29,48.2994,48.2994,48.2994,48.2994,56565000,0.00%,106605969,179903976969,2732055.56,0
2026-09-30,48.2994,48.2994,48.2994,48.2994,49275000,0.00%,57330969,179903976969,2379952.94,0
2026-10-01,48.2994,48.2994,48.2994,48.2994,46818000,0.00%,10512969,179903976969,2261281.31,0
2026-10-05,48.2994,48.3477,48.3477,48.2994,31644000,0.10%,242276677,180167384677,1529914.62,263407708
2026-10-06,48.3477,48.3477,48.3477,48.3477,32076000,0.00%,210200677,180167384677,1550800.83,0
2026-10-07,48.3477,48.3477,48.3477,48.3477,29295000,0.00%,180905677,180167384677,1416345.87,0
2026-10-08,48.3477,48.3477,48.3477,48.3477,39285000,0.00%,141620677,180167384677,1899339.39,0
2026-10-09,48.3477,48.3477,48.3477,48.3477,80487000,0.00%,61133677,180167384677,3891361.33,0
2026-10-12,48.3477,48.3961,48.3961,48.3477,70740000,0.10%,258722399,180435713399,3423540.11,268328722
2026-10-13,48.3961,48.3961,48.3961,48.3961,44415000,0.00%,214307399,180435713399,2149512.78,0
2026-10-16,48.3961,48.3961,48.3961,48.3961,78651000,0.00%,135656399,180435713399,3806401.66,0
2026-10-19,48.3961,48.3961,48.3961,48.3961,55971000,0.00%,79685399,180435713399,2708778.11,0
2026-10-20,48.3961,48.3961,48.3961,48.3961,41661000,0.00%,38024399,180435713399,2016229.92,0
2026-10-21,48.3961,48.4445,48.4445,48.3961,88344000,0.10%,218386975,180704419975,4279780.91,268706575
2026-10-22,48.4445,48.4445,48.4445,48.4445,45036000,0.00%,173350975,180704419975,2181746.5,0
2026-10-23,48.4445,48.4445,48.4445,48.4445,34398000,0.00%,138952975,180704419975,1666393.91,0
2026-10-26,48.4445,48.4445,48.4445,48.4445,33102000,0.00%,105850975,180704419975,1603609.84,0
2026-10-27,48.4445,48.4445,48.4445,48.4445,41337000,0.00%,64513975,180704419975,2002550.3,0
2026-10-28,48.4445,48.4445,48.4445,48.4445,50544000,0.00%,13969975,180704419975,2448578.81,0
2026-10-29,48.4445,48.4929,48.4929,48.4445,36909000,0.10%,266491094,180993850094,1789824.45,289430119
2026-10-30,48.4929,48.4929,48.4929,48.4929,44388000,0.00%,222103094,180993850094,2152502.85,0
2026-11-02,48.4929,48.4929,48.4929,48.4929,61155000,0.00%,160948094,180993850094,2965583.3,0
2026-11-03,48.4929,48.4929,48.4929,48.4929,89127000,0.00%,71821094,180993850094,4322026.7,0
2026-11-04,48.4929,48.4929,48.4929,48.4929,52272000,0.00%,19549094,180993850094,2534820.87,0
2026-11-05,48.4929,48.5414,48.5414,48.4929,44388000,0.10%,277854204,181296543204,2154655.66,302693109
2026-11-06,48.5414,48.5414,48.5414,48.5414,54054000,0.00%,223800204,181296543204,2623856.84,0
2026-11-09,48.5414,48.5414,48.5414,48.5414,60318000,0.00%,163482204,181296543204,2927920.17,0
2026-11-10,48.5414,48.5414,48.5414,48.5414,36747000,0.00%,126735204,181296543204,1783750.83,0
2026-11-11,48.5414,48.5414,48.5414,48.5414,82674000,0.00%,44061204,181296543204,4013111.7,0
2026-11-12,48.5414,48.5899,48.5899,48.5414,97308000,0.10%,254745056,181604535056,4728185.99,307991852
2026-11-13,48.5899,48.5899,48.5899,48.5899,64341000,0.00%,190404056,181604535056,3126322.76,0
2026-11-16,48.5899,48.5899,48.5899,48.5899,52353000,0.00%,138051056,181604535056,2543827.03,0
2026-11-17,48.5899,48.5899,48.5899,48.5899,76302000,0.00%,61749056,181604535056,3707506.55,0
2026-11-18,48.5899,48.5899,48.5899,48.5899,57888000,0.00%,3861056,181604535056,2812772.13,0
2026-11-19,48.5899,48.6385,48.6385,48.5899,52164000,0.10%,264940971,181917778971,2537178.71,313243914
2026-11-20,48.6385,48.6385,48.6385,48.6385,41067000,0.00%,223873971,181917778971,1997437.28,0
2026-11-23,48.6385,48.6385,48.6385,48.6385,39663000,0.00%,184210971,181917778971,1929148.83,0
2026-11-24,48.6385,48.6385,48.6385,48.6385,50571000,0.00%,133639971,181917778971,2459697.58,0
2026-11-25,48.6385,48.6385,48.6385,48.6385,70254000,0.00%,63385971,181917778971,3417049.18,0
2026-11-26,48.6385,48.6385,48.6385,48.6385,45738000,0.00%,17647971,181917778971,2224627.71,0
2026-11-27,48.6385,48.6872,48.6872,48.6385,88803000,0.10%,251058295,182239992295,4323569.42,322213324
2026-11-30,48.6872,48.6872,48.6872,48.6872,52677000,0.00%,198381295,182239992295,2564695.63,0
2026-12-01,48.6872,48.6872,48.6872,48.6872,96093000,0.00%,102288295,182239992295,4678499.11,0
2026-12-02,48.6872,48.6872,48.6872,48.6872,54918000,0.00%,47370295,182239992295,2673803.65,0
2026-12-03,48.6872,48.7359,48.7359,48.6872,47844000,0.10%,326667330,182567133330,2331720.4,327141034
2026-12-04,48.7359,48.7359,48.7359,48.7359,60750000,0.00%,265917330,182567133330,2960705.93,0
2026-12-07,48.7359,48.7359,48.7359,48.7359,83592000,0.00%,182325330,182567133330,4073931.35,0
2026-12-08,48.7359,48.7359,48.7359,48.7359,62748000,0.00%,119577330,182567133330,3058080.25,0
2026-12-09,48.7359,48.7359,48.7359,48.7359,40959000,0.00%,78618330,182567133330,1996173.73,0
2026-12-10,48.7359,48.7359,48.7359,48.7359,36045000,0.00%,42573330,182567133330,1756685.52,0
2026-12-11,48.7359,48.7359,48.7359,48.7359,41121000,0.00%,1452330,182567133330,2004068.94,0
2026-12-14,48.7359,48.7846,48.7846,48.7359,60048000,0.10%,275991326,182901720326,2929417.66,334586996
2026-12-15,48.7846,48.7846,48.7846,48.7846,36855000,0.00%,239136326,182901720326,1797956.43,0
2026-12-16,48.7846,48.7846,48.7846,48.7846,36099000,0.00%,203037326,182901720326,1761075.28,0
2026-12-17,48.7846,48.7846,48.7846,48.7846,56781000,0.00%,146256326,182901720326,2770038.37,0
2026-12-18,48.7846,48.7846,48.7846,48.7846,76356000,0.00%,69900326,182901720326,3724996.92,0
2026-12-21,48.7846,48.7846,48.7846,48.7846,55107000,0.00%,14793326,182901720326,2688372.95,0
2026-12-22,48.7846,48.8334,48.8334,48.7846,46521000,0.10%,304973464,183238421464,2271778.6,336701138
2026-12-23,48.8334,48.8334,48.8334,48.8334,37368000,0.00%,267605464,183238421464,1824806.49,0
2026-12-24,48.8334,48.8334,48.8334,48.8334,88965000,0.00%,178640464,183238421464,4344463.43,0
2026-12-25,48.8334,48.8334,48.8334,48.8334,25677000,0.00%,152963464,183238421464,1253895.21,0
2026-12-29,48.8334,48.8334,48.8334,48.8334,51165000,0.00%,101798464,183238421464,2498560.91,0
2026-12-30,48.8334,48.8334,48.8334,48.8334,25893000,0.00%,75905464,183238421464,1264443.23,0
2026-12-31,48.8334,48.8334,48.8334,48.8334,20682000,0.00%,55223464,183238421464,1009972.38,0
2027-01-01,48.8334,48.8334,48.8334,48.8334,27664000,0.00%,27559464,183238421464,1350927.18,0
2027-01-04,48.8334,48.8334,48.8334,48.8334,16856000,0.00%,10703464,183238421464,823135.79,0
2027-01-05,48.8334,48.8822,48.8822,48.8334,37968000,0.10%,309697233,183575383233,1855959.37,336961768
2027-01-06,48.8822,48.8822,48.8822,48.8822,89404000,0.00%,220293233,183575383233,4370264.21,0
2027-01-07,48.8822,48.8822,48.8822,48.8822,62691999,0.00%,157601233,183575383233,3064522.88,0
2027-01-08,48.8822,48.8822,48.8822,48.8822,58268000,0.00%,99333233,183575383233,2848268.03,0
2027-01-11,48.8822,48.8822,48.8822,48.8822,54768000,0.00%,44565233,183575383233,2677180.33,0
2027-01-12,48.8822,48.9311,48.9311,48.8822,45948000,0.10%,335304832,183912070832,2248286.18,336687599
2027-01-13,48.9311,48.9311,48.9311,48.9311,79156000,0.00%,256148832,183912070832,3873190.15,0
2027-01-14,48.9311,48.9311,48.9311,48.9311,51268000,0.00%,204880832,183912070832,2508599.63,0
2027-01-15,48.9311,48.9311,48.9311,48.9311,38416000,0.00%,166464832,183912070832,1879737.14,0
2027-01-18,48.9311,48.9311,48.9311,48.9311,35504000,0.00%,130960832,183912070832,1737249.77,0
2027-01-19,48.9311,48.9311,48.9311,48.9311,65911999,0.00%,65048832,183912070832,3225146.66,0
2027-01-20,48.9311,48.9311,48.9311,48.9311,48972000,0.00%,16076832,183912070832,2396253.83,0
2027-01-21,48.9311,48.98,48.98,48.9311,82712000,0.10%,269707048,184248413048,4051233.76,336342215
2027-01-22,48.98,48.98,48.98,48.98,75096000,0.00%,194611048,184248413048,3678202.08,0
2027-01-25,48.98,48.98,48.98,48.98,41104000,0.00%,153507048,184248413048,2013273.92,0
2027-01-26,48.98,48.98,48.98,48.98,70000000,0.00%,83507048,184248413048,3428600.0,0
2027-01-27,48.98,48.98,48.98,48.98,60535999,0.00%,22971048,184248413048,2965053.28,0
2027-01-28,48.98,49.029,49.029,48.98,57428000,0.10%,302516409,184585386409,2815637.41,336973361
2027-01-29,49.029,49.029,49.029,49.029,42084000,0.00%,260432409,184585386409,2063336.44,0
2027-02-01,49.029,49.029,49.029,49.029,32003999,0.00%,228428409,184585386409,1569124.12,0
2027-02-05,49.029,49.029,49.029,49.029,44604000,0.00%,183824409,184585386409,2186889.52,0
2027-02-08,49.029,49.029,49.029,49.029,43064000,0.00%,140760409,184585386409,2111384.86,0
2027-02-09,49.029,49.029,49.029,49.029,52500000,0.00%,88260409,184585386409,2574022.5,0
2027-02-10,49.029,49.029,49.029,49.029,65435999,0.00%,22824409,184585386409,3208261.64,0
2027-02-11,49.029,49.078,49.078,49.029,52668000,0.10%,307968165,184923198165,2584840.1,337811756
2027-02-12,49.078,49.078,49.078,49.078,43456000,0.00%,264512165,184923198165,2132733.57,0
2027-02-15,49.078,49.078,49.078,49.078,36008000,0.00%,228504165,184923198165,1767200.62,0
2027-02-16,49.078,49.078,49.078,49.078,38892000,0.00%,189612165,184923198165,1908741.58,0
2027-02-17,49.078,49.078,49.078,49.078,34188000,0.00%,155424165,184923198165,1677878.66,0
2027-02-18,49.078,49.078,49.078,49.078,36176000,0.00%,119248165,184923198165,1775445.73,0
2027-02-19,49.078,49.078,49.078,49.078,67284000,0.00%,51964165,184923198165,3302164.15,0
2027-02-22,49.078,49.1271,49.1271,49.078,128911999,0.10%,261532414,185261678414,6333072.72,338480248
2027-02-23,49.1271,49.1271,49.1271,49.1271,85568000,0.00%,175964414,185261678414,4203707.69,0
2027-02-24,49.1271,49.1271,49.1271,49.1271,56672000,0.00%,119292414,185261678414,2784131.01,0
2027-02-25,49.1271,49.1271,49.1271,49.1271,95116000,0.00%,24176414,185261678414,4672773.24,0
2027-02-26,49.1271,49.1762,49.1762,49.1271,71484000,0.10%,291157768,185600143768,3515311.48,338465353
2027-03-01,49.1762,49.1762,49.1762,49.1762,75180000,0.00%,215977768,185600143768,3697066.72,0
2027-03-02,49.1762,49.1762,49.1762,49.1762,54068000,0.00%,161909768,185600143768,2658858.78,0
2027-03-03,49.1762,49.1762,49.1762,49.1762,39228000,0.00%,122681768,185600143768,1929083.97,0
2027-03-04,49.1762,49.1762,49.1762,49.1762,55636000,0.00%,67045768,185600143768,2735967.06,0
2027-03-05,49.1762,49.2254,49.2254,49.1762,116340000,0.10%,289913186,185939351186,5726883.04,339207417
2027-03-08,49.2254,49.2254,49.2254,49.2254,111664000,0.00%,178249186,185939351186,5496705.07,0
2027-03-09,49.2254,49.2254,49.2254,49.2254,90327999,0.00%,87921186,185939351186,4446431.93,0
2027-03-10,49.2254,49.2746,49.2746,49.2254,92988000,0.10%,333397588,186277815588,4581946.5,338464402
2027-03-11,49.2746,49.2746,49.2746,49.2746,67368000,0.00%,266029588,186277815588,3319531.25,0
2027-03-12,49.2746,49.2746,49.2746,49.2746,135632000,0.00%,130397588,186277815588,6683212.55,0
2027-03-15,49.2746,49.3239,49.3239,49.2746,187348000,0.10%,279152956,186613918956,9240734.02,336103368
2027-03-16,49.3239,49.3732,49.3732,49.3239,331520000,0.10%,281790981,186948076981,16368203.26,334158025
2027-03-17,49.3732,49.4226,49.4226,49.3732,301672000,0.10%,310921070,187278879070,14909414.59,330802089
2027-03-18,49.4226,49.4226,49.4226,49.4226,195132000,0.00%,115789070,187278879070,9643930.78,0
2027-03-19,49.4226,49.4226,49.4226,49.4226,105588000,0.00%,10201070,187278879070,5218433.49,0
2027-03-22,49.4226,49.472,49.472,49.4226,85960000,0.10%,251693343,187606331343,4252613.12,327452272
2027-03-23,49.472,49.472,49.472,49.472,86828000,0.00%,164865343,187606331343,4295554.82,0
2027-03-24,49.472,49.472,49.472,49.472,118327999,0.00%,46537343,187606331343,5853922.82,0
2027-03-25,49.472,49.5215,49.5215,49.472,131403999,0.10%,242205800,187933403800,6507323.19,327072457
2027-03-26,49.5215,49.5215,49.5215,49.5215,107240000,0.00%,134965800,187933403800,5310685.66,0
2027-03-29,49.5215,49.5215,49.5215,49.5215,75404000,0.00%,59561800,187933403800,3734119.19,0
2027-03-30,49.5215,49.5215,49.5215,49.5215,58520000,0.00%,1041800,187933403800,2897998.18,0
2027-03-31,49.5215,49.571,49.571,49.5215,75460000,0.10%,249901394,188257723394,3740627.66,324319594
2027-04-01,49.571,49.571,49.571,49.571,40852000,0.00%,209049394,188257723394,2025074.49,0
2027-04-02,49.571,49.571,49.571,49.571,40600000,0.00%,168449394,188257723394,2012582.6,0
2027-04-05,49.571,49.571,49.571,49.571,43876000,0.00%,124573394,188257723394,2174977.2,0
2027-04-07,49.571,49.571,49.571,49.571,47964000,0.00%,76609394,188257723394,2377623.44,0
2027-04-08,49.571,49.571,49.571,49.571,44436000,0.00%,32173394,188257723394,2202736.96,0
2027-04-09,49.571,49.6206,49.6206,49.571,54880000,0.10%,300779875,188581209875,2723178.53,323486480
2027-04-12,49.6206,49.6206,49.6206,49.6206,63811999,0.00%,236967875,188581209875,3166389.73,0
2027-04-13,49.6206,49.6206,49.6206,49.6206,73948000,0.00%,163019875,188581209875,3669344.13,0
2027-04-14,49.6206,49.6206,49.6206,49.6206,60591999,0.00%,102427875,188581209875,3006611.4,0
2027-04-15,49.6206,49.6206,49.6206,49.6206,42448000,0.00%,59979875,188581209875,2106295.23,0
2027-04-20,49.6206,49.6206,49.6206,49.6206,49672000,0.00%,10307875,188581209875,2464754.44,0
2027-04-21,49.6206,49.6702,49.6702,49.6206,30379999,0.10%,304597575,188905879575,1508980.68,324669699
2027-04-22,49.6702,49.6702,49.6702,49.6702,72072000,0.00%,232525575,188905879575,3579830.65,0
2027-04-23,49.6702,49.6702,49.6702,49.6702,78484000,0.00%,154041575,188905879575,3898315.98,0
2027-04-26,49.6702,49.6702,49.6702,49.6702,72212000,0.00%,81829575,188905879575,3586784.48,0
2027-04-27,49.6702,49.6702,49.6702,49.6702,76412000,0.00%,5417575,188905879575,3795399.32,0
2027-04-28,49.6702,49.7199,49.7199,49.6702,65547999,0.10%,266031380,189232041380,3259040.01,326161805
2027-04-29,49.7199,49.7199,49.7199,49.7199,59443999,0.00%,206587380,189232041380,2955549.74,0
2027-04-30,49.7199,49.7199,49.7199,49.7199,132915999,0.00%,73671380,189232041380,6608570.23,0
2027-05-04,49.7199,49.7199,49.7199,49.7199,71596000,0.00%,2075380,189232041380,3559745.96,0
2027-05-05,49.7199,49.7696,49.7696,49.7199,39480000,0.10%,289210675,189558656675,1964903.81,326615294
2027-05-06,49.7696,49.7696,49.7696,49.7696,59891999,0.00%,229318675,189558656675,2980800.88,0
2027-05-07,49.7696,49.7696,49.7696,49.7696,64175999,0.00%,165142675,189558656675,3194013.85,0
2027-05-11,49.7696,49.7696,49.7696,49.7696,79520000,0.00%,85622675,189558656675,3957678.59,0
2027-05-12,49.7696,49.7696,49.7696,49.7696,68180000,0.00%,17442675,189558656675,3393291.33,0
2027-05-13,49.7696,49.8194,49.8194,49.7696,56056000,0.10%,287561407,189884831407,2792676.29,326174732
2027-05-14,49.8194,49.8194,49.8194,49.8194,54572000,0.00%,232989407,189884831407,2718744.3,0
2027-05-17,49.8194,49.8194,49.8194,49.8194,43568000,0.00%,189421407,189884831407,2170531.62,0
2027-05-18,49.8194,49.8194,49.8194,49.8194,84336000,0.00%,105085407,189884831407,4201568.92,0
2027-05-19,49.8194,49.8194,49.8194,49.8194,79352000,0.00%,25733407,189884831407,3953269.03,0
2027-05-20,49.8194,49.8692,49.8692,49.8194,168420000,0.10%,181908334,190209426334,8398970.66,324594927
2027-05-21,49.8692,49.8692,49.8692,49.8692,79324000,0.00%,102584334,190209426334,3955824.42,0
2027-05-24,49.8692,49.8692,49.8692,49.8692,47684000,0.00%,54900334,190209426334,2377962.93,0
2027-05-25,49.8692,49.9191,49.9191,49.8692,55160000,0.10%,325662124,190535348124,2753537.56,325921790
2027-05-26,49.9191,49.9191,49.9191,49.9191,60339999,0.00%,265322124,190535348124,3012118.49,0
2027-05-27,49.9191,49.9191,49.9191,49.9191,51800000,0.00%,213522124,190535348124,2585809.38,0
2027-05-28,49.9191,49.9191,49.9191,49.9191,58128000,0.00%,155394124,190535348124,2901697.44,0
2027-05-31,49.9191,49.9191,49.9191,49.9191,62439999,0.00%,92954124,190535348124,3116948.6,0
2027-06-01,49.9191,49.969,49.969,49.9191,181328000,0.10%,242034392,190865756392,9060778.83,330408267
2027-06-02,49.969,49.969,49.969,49.969,75376000,0.00%,166658392,190865756392,3766463.34,0
2027-06-03,49.969,49.969,49.969,49.969,39704000,0.00%,126954392,190865756392,1983969.18,0
2027-06-07,49.969,49.969,49.969,49.969,66919999,0.00%,60034392,190865756392,3343925.48,0
2027-06-08,49.969,50.019,50.019,49.969,75852000,0.10%,315471495,191197045495,3794041.19,331289103
2027-06-09,50.019,50.019,50.019,50.019,132943999,0.00%,182527495,191197045495,6649725.94,0
2027-06-10,50.019,50.019,50.019,50.019,109620000,0.00%,72907495,191197045495,5483082.78,0
2027-06-11,50.019,50.069,50.069,50.019,83328000,0.10%,323330510,191530796510,4172149.63,333751015
2027-06-14,50.069,50.069,50.069,50.069,69832000,0.00%,253498510,191530796510,3496418.41,0
2027-06-15,50.069,50.069,50.069,50.069,45667999,0.00%,207830510,191530796510,2286551.09,0
2027-06-16,50.069,50.069,50.069,50.069,59471999,0.00%,148358510,191530796510,2977703.57,0
2027-06-17,50.069,50.069,50.069,50.069,61991999,0.00%,86366510,191530796510,3103877.45,0
2027-06-18,50.069,50.069,50.069,50.069,54544000,0.00%,31822510,191530796510,2730963.54,0
2027-06-21,50.069,50.119,50.119,50.069,32591999,0.10%,358263045,191889829045,1633478.45,359032535
2027-06-22,50.119,50.119,50.119,50.119,42028000,0.00%,316235045,191889829045,2106401.33,0
2027-06-23,50.119,50.119,50.119,50.119,38388000,0.00%,277847045,191889829045,1923968.17,0
2027-06-24,50.119,50.119,50.119,50.119,35336000,0.00%,242511045,191889829045,1771004.98,0
2027-06-25,50.119,50.119,50.119,50.119,50960000,0.00%,191551045,191889829045,2554064.24,0
2027-06-28,50.119,50.119,50.119,50.119,160720000,0.00%,30831045,191889829045,8055125.68,0
2027-06-29,50.119,50.1692,50.1692,50.119,164052000,0.10%,234194318,192257244318,8230357.6,367415272
2027-06-30,50.1692,50.1692,50.1692,50.1692,97944000,0.00%,136250318,192257244318,4913772.12,0
2027-07-01,50.1692,50.1692,50.1692,50.1692,93492000,0.00%,42758318,192257244318,4690418.85,0
2027-07-05,50.1692,50.2193,50.2193,50.1692,107688000,0.10%,301332634,192623506634,5408015.98,366262316
2027-07-06,50.2193,50.2193,50.2193,50.2193,54572000,0.00%,246760634,192623506634,2740567.64,0
2027-07-07,50.2193,50.2193,50.2193,50.2193,69496000,0.00%,177264634,192623506634,3490040.47,0
2027-07-08,50.2193,50.2193,50.2193,50.2193,53172000,0.00%,124092634,192623506634,2670260.62,0
2027-07-09,50.2193,50.2193,50.2193,50.2193,52500000,0.00%,71592634,192623506634,2636513.25,0
2027-07-12,50.2193,50.2193,50.2193,50.2193,57680000,0.00%,13912634,192623506634,2896649.22,0
2027-07-13,50.2193,50.2695,50.2695,50.2193,48468000,0.10%,328276737,192986338737,2436462.13,362832102
2027-07-14,50.2695,50.2695,50.2695,50.2695,47964000,0.00%,280312737,192986338737,2411126.3,0
2027-07-15,50.2695,50.2695,50.2695,50.2695,46956000,0.00%,233356737,192986338737,2360454.64,0
2027-07-16,50.2695,50.2695,50.2695,50.2695,73724000,0.00%,159632737,192986338737,3706068.62,0
2027-07-19,50.2695,50.2695,50.2695,50.2695,57036000,0.00%,102596737,192986338737,2867171.2,0
2027-07-20,50.2695,50.2695,50.2695,50.2695,35448000,0.00%,67148737,192986338737,1781953.24,0
2027-07-21,50.2695,50.2695,50.2695,50.2695,44744000,0.00%,22404737,192986338737,2249258.51,0
2027-07-22,50.2695,50.3198,50.3198,50.2695,53508000,0.10%,331373007,193348815007,2692511.86,362476269
2027-07-23,50.3198,50.3198,50.3198,50.3198,42224000,0.00%,289149007,193348815007,2124703.24,0
2027-07-26,50.3198,50.3198,50.3198,50.3198,47180000,0.00%,241969007,193348815007,2374088.16,0
2027-07-27,50.3198,50.3198,50.3198,50.3198,38808000,0.00%,203161007,193348815007,1952810.8,0
2027-07-28,50.3198,50.3198,50.3198,50.3198,55496000,0.00%,147665007,193348815007,2792547.62,0
2027-07-29,50.3198,50.3198,50.3198,50.3198,42980000,0.00%,104685007,193348815007,2162745.0,0
2027-07-30,50.3198,50.3198,50.3198,50.3198,104132000,0.00%,553007,193348815007,5239901.41,0
2027-08-02,50.3198,50.3701,50.3701,50.3198,111972000,0.10%,247824422,193708058422,5640040.84,359243415
2027-08-03,50.3701,50.3701,50.3701,50.3701,119531999,0.00%,128292422,193708058422,6020838.79,0
2027-08-04,50.3701,50.3701,50.3701,50.3701,76720000,0.00%,51572422,193708058422,3864394.07,0
2027-08-05,50.3701,50.4205,50.4205,50.3701,55412000,0.10%,352692056,194064590056,2793900.75,356531634
2027-08-06,50.4205,50.4205,50.4205,50.4205,46032000,0.00%,306660056,194064590056,2320956.46,0
2027-08-09,50.4205,50.4205,50.4205,50.4205,42140000,0.00%,264520056,194064590056,2124719.87,0
2027-08-10,50.4205,50.4205,50.4205,50.4205,39732000,0.00%,224788056,194064590056,2003307.31,0
2027-08-11,50.4205,50.4205,50.4205,50.4205,43008000,0.00%,181780056,194064590056,2168484.86,0
2027-08-12,50.4205,50.4205,50.4205,50.4205,41608000,0.00%,140172056,194064590056,2097896.16,0
2027-08-13,50.4205,50.4205,50.4205,50.4205,30743999,0.00%,109428056,194064590056,1550127.85,0
2027-08-16,50.4205,50.4205,50.4205,50.4205,32535999,0.00%,76892056,194064590056,1640481.39,0
2027-08-17,50.4205,50.4205,50.4205,50.4205,65883999,0.00%,11008056,194064590056,3321904.22,0
2027-08-18,50.4205,50.4709,50.4709,50.4205,49336000,0.10%,322607801,194425525801,2490032.32,360935745
2027-08-19,50.4709,50.4709,50.4709,50.4709,90188000,0.00%,232419801,194425525801,4551869.53,0
2027-08-20,50.4709,50.4709,50.4709,50.4709,65155999,0.00%,167263801,194425525801,3288481.96,0
2027-08-23,50.4709,50.4709,50.4709,50.4709,41384000,0.00%,125879801,194425525801,2088687.73,0
2027-08-24,50.4709,50.4709,50.4709,50.4709,37884000,0.00%,87995801,194425525801,1912039.58,0
2027-08-25,50.4709,50.4709,50.4709,50.4709,36540000,0.00%,51455801,194425525801,1844206.69,0
2027-08-26,50.4709,50.5214,50.5214,50.4709,54432000,0.10%,355442137,194783944137,2749980.84,358418335
2027-08-27,50.5214,50.5214,50.5214,50.5214,52024000,0.00%,303418137,194783944137,2628325.31,0
2027-08-30,50.5214,50.5214,50.5214,50.5214,34692000,0.00%,268726137,194783944137,1752688.41,0
2027-08-31,50.5214,50.5214,50.5214,50.5214,39312000,0.00%,229414137,194783944137,1986097.28,0
2027-09-01,50.5214,50.5214,50.5214,50.5214,73388000,0.00%,156026137,194783944137,3707664.5,0
2027-09-02,50.5214,50.5214,50.5214,50.5214,67003999,0.00%,89022137,194783944137,3385135.89,0
2027-09-03,50.5214,50.5214,50.5214,50.5214,71372000,0.00%,17650137,194783944137,3605813.36,0
2027-09-06,50.5214,50.5719,50.5719,50.5214,57036000,0.10%,323674030,195147004030,2884418.89,363059892
2027-09-07,50.5719,50.5719,50.5719,50.5719,45444000,0.00%,278230030,195147004030,2298189.42,0
2027-09-08,50.5719,50.5719,50.5719,50.5719,42504000,0.00%,235726030,195147004030,2149508.04,0
2027-09-09,50.5719,50.5719,50.5719,50.5719,65995999,0.00%,169730030,195147004030,3337543.11,0
2027-09-10,50.5719,50.5719,50.5719,50.5719,48048000,0.00%,121682030,195147004030,2429878.65,0
2027-09-14,50.5719,50.5719,50.5719,50.5719,48076000,0.00%,73606030,195147004030,2431294.66,0
2027-09-15,50.5719,50.5719,50.5719,50.5719,50372000,0.00%,23234030,195147004030,2547407.75,0
2027-09-16,50.5719,50.6225,50.6225,50.5719,37296000,0.10%,345760668,195506826668,1888016.76,359822637
2027-09-17,50.6225,50.6225,50.6225,50.6225,69832000,0.00%,275928668,195506826668,3535070.42,0
2027-09-20,50.6225,50.6225,50.6225,50.6225,64175999,0.00%,211752668,195506826668,3248749.56,0
2027-09-21,50.6225,50.6225,50.6225,50.6225,42392000,0.00%,169360668,195506826668,2145989.02,0
2027-09-22,50.6225,50.6225,50.6225,50.6225,45052000,0.00%,124308668,195506826668,2280644.87,0
2027-09-23,50.6225,50.6225,50.6225,50.6225,49112000,0.00%,75196668,195506826668,2486172.22,0
2027-09-24,50.6225,50.6225,50.6225,50.6225,55076000,0.00%,20120668,195506826668,2788084.81,0
2027-09-27,50.6225,50.6731,50.6731,50.6225,69020000,0.10%,315305717,195871031717,3497457.36,364205049
2027-09-28,50.6731,50.6731,50.6731,50.6731,63643999,0.00%,251661717,195871031717,3225038.78,0
2027-09-29,50.6731,50.6731,50.6731,50.6731,62047999,0.00%,189613717,195871031717,3144164.51,0
2027-09-30,50.6731,50.6731,50.6731,50.6731,56448000,0.00%,133165717,195871031717,2860395.15,0
2027-10-01,50.6731,50.6731,50.6731,50.6731,62887999,0.00%,70277717,195871031717,3186729.91,0
2027-10-04,50.6731,50.6731,50.6731,50.6731,39172000,0.00%,31105717,195871031717,1984966.67,0
2027-10-06,50.6731,50.7238,50.7238,50.6731,50792000,0.10%,346794653,196237512653,2576363.25,366480935
2027-10-07,50.7238,50.7238,50.7238,50.7238,29036000,0.00%,317758653,196237512653,1472816.26,0
2027-10-08,50.7238,50.7238,50.7238,50.7238,27944000,0.00%,289814653,196237512653,1417425.87,0
2027-10-11,50.7238,50.7238,50.7238,50.7238,43904000,0.00%,245910653,196237512653,2226977.72,0
2027-10-12,50.7238,50.7238,50.7238,50.7238,59695999,0.00%,186214653,196237512653,3028007.96,0
2027-10-13,50.7238,50.7238,50.7238,50.7238,89684000,0.00%,96530653,196237512653,4549113.28,0
2027-10-14,50.7238,50.7238,50.7238,50.7238,62047999,0.00%,34482653,196237512653,3147310.34,0
2027-10-15,50.7238,50.7745,50.7745,50.7238,88088000,0.10%,311157513,196602275513,4472624.16,364762860
2027-10-18,50.7745,50.7745,50.7745,50.7745,73696000,0.00%,237461513,196602275513,3741877.55,0
2027-10-19,50.7745,50.7745,50.7745,50.7745,61963999,0.00%,175497513,196602275513,3146191.12,0
2027-10-20,50.7745,50.7745,50.7745,50.7745,58688000,0.00%,116809513,196602275513,2979853.86,0
2027-10-21,50.7745,50.8253,50.8253,50.7745,138348000,0.10%,339635468,196963449468,7031578.6,361173955
2027-10-22,50.8253,50.8253,50.8253,50.8253,74340000,0.00%,265295468,196963449468,3778352.8,0
2027-10-25,50.8253,50.8253,50.8253,50.8253,238195999,0.00%,27099468,196963449468,12106383.16,0
2027-10-26,50.8253,50.8761,50.8761,50.8253,204456000,0.10%,178498528,197319304528,10401923.9,355855059
2027-10-27,50.8761,50.8761,50.8761,50.8761,140980000,0.00%,37518528,197319304528,7172512.58,0
2027-10-28,50.8761,50.927,50.927,50.8761,119615999,0.10%,273141335,197674543335,6091684.03,355238807
2027-10-29,50.927,50.927,50.927,50.927,114324000,0.00%,158817335,197674543335,5822178.35,0
2027-11-01,50.927,50.927,50.927,50.927,138628000,0.00%,20189335,197674543335,7059908.16,0
2027-11-02,50.927,50.9779,50.9779,50.927,217952000,0.10%,155986497,198028292497,11110735.26,353749161
2027-11-03,50.9779,50.9779,50.9779,50.9779,98420000,0.00%,57566497,198028292497,5017244.92,0
2027-11-04,50.9779,51.0289,51.0289,50.9779,85764000,0.10%,322114093,198378604093,4376442.58,350311596
2027-11-05,51.0289,51.0289,51.0289,51.0289,188048000,0.00%,134066093,198378604093,9595882.59,0
2027-11-08,51.0289,51.0289,51.0289,51.0289,123143999,0.00%,10922093,198378604093,6283902.86,0
2027-11-09,51.0289,51.0799,51.0799,51.0289,65911999,0.10%,290238124,198723832124,3366778.37,345228030
2027-11-10,51.0799,51.0799,51.0799,51.0799,88648000,0.00%,201590124,198723832124,4528130.98,0
2027-11-11,51.0799,51.0799,51.0799,51.0799,65127999,0.00%,136462124,198723832124,3326731.73,0
2027-11-12,51.0799,51.131,51.131,51.0799,148428000,0.10%,329224708,199065022708,7589272.07,341190584
2027-11-15,51.131,51.131,51.131,51.131,135520000,0.00%,193704708,199065022708,6929273.12,0
2027-11-16,51.131,51.131,51.131,51.131,176680000,0.00%,17024708,199065022708,9033825.08,0
2027-11-17,51.131,51.1821,51.1821,51.131,173012000,0.10%,177879933,199398889933,8855117.49,333867225
2027-11-18,51.1821,51.2333,51.2333,51.1821,195496000,0.10%,314244614,199730750614,10015905.22,331860680
2027-11-19,51.2333,51.2333,51.2333,51.2333,125327999,0.00%,188916614,199730750614,6420967.02,0
2027-11-22,51.2333,51.2333,51.2333,51.2333,87668000,0.00%,101248614,199730750614,4491520.94,0
2027-11-23,51.2333,51.2333,51.2333,51.2333,79688000,0.00%,21560614,199730750614,4082679.21,0
2027-11-24,51.2333,51.2845,51.2845,51.2333,65463999,0.10%,282159465,200056813465,3357288.51,326062851
2027-11-25,51.2845,51.2845,51.2845,51.2845,48076000,0.00%,234083465,200056813465,2465553.62,0
2027-11-26,51.2845,51.2845,51.2845,51.2845,87696000,0.00%,146387465,200056813465,4497445.51,0
2027-11-29,51.2845,51.2845,51.2845,51.2845,93800000,0.00%,52587465,200056813465,4810486.1,0
2027-11-30,51.2845,51.3358,51.3358,51.2845,92792000,0.10%,284551401,200381569401,4763551.55,324755936
2027-12-01,51.3358,51.3358,51.3358,51.3358,130563999,0.00%,153987401,200381569401,6702607.39,0
2027-12-02,51.3358,51.3358,51.3358,51.3358,127539999,0.00%,26447401,200381569401,6547367.93,0
2027-12-03,51.3358,51.3872,51.3872,51.3358,70252000,0.10%,278774722,200704148722,3610053.57,322579320
2027-12-06,51.3872,51.3872,51.3872,51.3872,167524000,0.00%,111250722,200704148722,8608589.29,0
2027-12-07,51.3872,51.3872,51.3872,51.3872,81368000,0.00%,29882722,200704148722,4181273.69,0
2027-12-08,51.3872,51.4386,51.4386,51.3872,115108000,0.10%,233542174,201022916174,5920994.37,318767452
2027-12-09,51.4386,51.4386,51.4386,51.4386,95452000,0.00%,138090174,201022916174,4909917.25,0
2027-12-10,51.4386,51.4386,51.4386,51.4386,113120000,0.00%,24970174,201022916174,5818734.43,0
2027-12-13,51.4386,51.49,51.49,51.4386,57428000,0.10%,282342213,201337716213,2956967.72,314800038
2027-12-14,51.49,51.49,51.49,51.49,56868000,0.00%,225474213,201337716213,2928133.32,0
2027-12-15,51.49,51.49,51.49,51.49,67872000,0.00%,157602213,201337716213,3494729.28,0
2027-12-16,51.49,51.49,51.49,51.49,53088000,0.00%,104514213,201337716213,2733501.12,0
2027-12-17,51.49,51.49,51.49,51.49,70364000,0.00%,34150213,201337716213,3623042.36,0
2027-12-20,51.49,51.5415,51.5415,51.49,69720000,0.10%,274020188,201647306188,3593473.38,309589975
2027-12-21,51.5415,51.5415,51.5415,51.5415,81368000,0.00%,192652188,201647306188,4193828.77,0
2027-12-22,51.5415,51.5415,51.5415,51.5415,42896000,0.00%,149756188,201647306188,2210924.18,0
2027-12-23,51.5415,51.5415,51.5415,51.5415,67900000,0.00%,81856188,201647306188,3499667.85,0
2027-12-24,51.5415,51.5415,51.5415,51.5415,43400000,0.00%,38456188,201647306188,2236901.1,0
2027-12-29,51.5415,51.593,51.593,51.5415,67732000,0.10%,278436632,201955018632,3494497.08,307712443
2027-12-30,51.593,51.593,51.593,51.593,84252000,0.00%,194184632,201955018632,4346813.44,0
2027-12-31,51.593,51.593,51.593,51.593,76188000,0.00%,117996632,201955018632,3930767.48,0
2028-01-04,51.593,51.593,51.593,51.593,86884000,0.00%,31112632,201955018632,4482606.21,0
2028-01-05,51.593,51.6446,51.6446,51.593,108547000,0.10%,229189930,202261642930,5605866.4,306624298
2028-01-06,51.6446,51.6446,51.6446,51.6446,118320000,0.00%,110869930,202261642930,6110589.07,0
2028-01-07,51.6446,51.6446,51.6446,51.6446,78561000,0.00%,32308930,202261642930,4057251.42,0
2028-01-10,51.6446,51.6963,51.6963,51.6446,82128000,0.10%,255312385,202566774385,4245713.73,305131454
2028-01-11,51.6963,51.6963,51.6963,51.6963,57565000,0.00%,197747385,202566774385,2975897.51,0
2028-01-12,51.6963,51.6963,51.6963,51.6963,103588000,0.00%,94159385,202566774385,5355116.32,0
2028-01-13,51.6963,51.748,51.748,51.6963,117595000,0.10%,272605932,202862815932,6085306.06,296041547
2028-01-14,51.748,51.748,51.748,51.748,60813000,0.00%,211792932,202862815932,3146951.12,0
2028-01-17,51.748,51.748,51.748,51.748,57971000,0.00%,153821932,202862815932,2999883.31,0
2028-01-18,51.748,51.748,51.748,51.748,46690000,0.00%,107131932,202862815932,2416114.12,0
2028-01-19,51.748,51.748,51.748,51.748,78648000,0.00%,28483932,202862815932,4069876.7,0
2028-01-20,51.748,51.7997,51.7997,51.748,50315000,0.10%,268405480,203153052480,2606301.91,290236547
2028-01-21,51.7997,51.7997,51.7997,51.7997,48894000,0.00%,219511480,203153052480,2532694.53,0
2028-01-27,51.7997,51.7997,51.7997,51.7997,68817000,0.00%,150694480,203153052480,3564699.95,0
2028-01-28,51.7997,51.7997,51.7997,51.7997,54027000,0.00%,96667480,203153052480,2798582.39,0
2028-01-31,51.7997,51.8515,51.8515,51.7997,155527000,0.10%,240427928,203452339928,8064308.24,299287448
2028-02-01,51.8515,51.8515,51.8515,51.8515,161704000,0.00%,78723928,203452339928,8384594.96,0
2028-02-02,51.8515,51.9034,51.9034,51.8515,91118000,0.10%,289380207,203754114207,4729334.0,301774278
2028-02-03,51.9034,51.9034,51.9034,51.9034,68904000,0.00%,220476207,203754114207,3576351.87,0
2028-02-04,51.9034,51.9034,51.9034,51.9034,75226000,0.00%,145250207,203754114207,3904485.17,0
2028-02-07,51.9034,51.9034,51.9034,51.9034,74211000,0.00%,71039207,203754114207,3851803.22,0
2028-02-08,51.9034,51.9034,51.9034,51.9034,57420000,0.00%,13619207,203754114207,2980293.23,0
2028-02-09,51.9034,51.9553,51.9553,51.9034,50083000,0.10%,273487980,204064065980,2602077.29,309951772
2028-02-10,51.9553,51.9553,51.9553,51.9553,77314000,0.00%,196173980,204064065980,4016872.06,0
2028-02-11,51.9553,51.9553,51.9553,51.9553,71369000,0.00%,124804980,204064065980,3707997.81,0
2028-02-14,51.9553,51.9553,51.9553,51.9553,59044000,0.00%,65760980,204064065980,3067648.73,0
2028-02-15,51.9553,51.9553,51.9553,51.9553,51997000,0.00%,13763980,204064065980,2701519.73,0
2028-02-16,51.9553,52.0072,52.0072,51.9553,47850000,0.10%,277544918,204375696918,2488544.52,311630938
2028-02-17,52.0072,52.0072,52.0072,52.0072,63539000,0.00%,214005918,204375696918,3304485.48,0
2028-02-18,52.0072,52.0072,52.0072,52.0072,51388000,0.00%,162617918,204375696918,2672545.99,0
2028-02-21,52.0072,52.0072,52.0072,52.0072,35699000,0.00%,126918918,204375696918,1856605.03,0
2028-02-22,52.0072,52.0072,52.0072,52.0072,84999000,0.00%,41919918,204375696918,4420559.99,0
2028-02-23,52.0072,52.0592,52.0592,52.0072,96135000,0.10%,267820118,204697732118,5004711.19,322035200
2028-02-24,52.0592,52.0592,52.0592,52.0592,56347000,0.00%,211473118,204697732118,2933379.74,0
2028-02-25,52.0592,52.0592,52.0592,52.0592,70818000,0.00%,140655118,204697732118,3686728.43,0
2028-02-28,52.0592,52.0592,52.0592,52.0592,59392000,0.00%,81263118,204697732118,3091900.01,0
2028-02-29,52.0592,52.0592,52.0592,52.0592,75429000,0.00%,5834118,204697732118,3926773.4,0
2028-03-01,52.0592,52.1113,52.1113,52.0592,103269000,0.10%,223932332,205019099332,5381481.84,321367213
2028-03-02,52.1113,52.1113,52.1113,52.1113,42920000,0.00%,181012332,205019099332,2236617.0,0
2028-03-03,52.1113,52.1113,52.1113,52.1113,51562000,0.00%,129450332,205019099332,2686962.85,0
2028-03-06,52.1113,52.1113,52.1113,52.1113,36627000,0.00%,92823332,205019099332,1908680.59,0
2028-03-07,52.1113,52.1113,52.1113,52.1113,49416000,0.00%,43407332,205019099332,2575132.0,0
2028-03-08,52.1113,52.1634,52.1634,52.1113,61509000,0.10%,310140227,205347341227,3208518.57,328241894
2028-03-09,52.1634,52.1634,52.1634,52.1634,50083000,0.00%,260057227,205347341227,2612499.56,0
2028-03-10,52.1634,52.1634,52.1634,52.1634,109040000,0.00%,151017227,205347341227,5687897.14,0
2028-03-13,52.1634,52.1634,52.1634,52.1634,78677000,0.00%,72340227,205347341227,4104059.82,0
2028-03-14,52.1634,52.1634,52.1634,52.1634,61828000,0.00%,10512227,205347341227,3225158.7,0
2028-03-15,52.1634,52.2156,52.2156,52.1634,48053000,0.10%,295555603,205680437603,2509116.23,333096376
2028-03-16,52.2156,52.2156,52.2156,52.2156,68817000,0.00%,226738603,205680437603,3593320.95,0
2028-03-17,52.2156,52.2156,52.2156,52.2156,84187000,0.00%,142551603,205680437603,4395874.72,0
2028-03-20,52.2156,52.2156,52.2156,52.2156,59276000,0.00%,83275603,205680437603,3095131.91,0
2028-03-21,52.2156,52.2156,52.2156,52.2156,61712000,0.00%,21563603,205680437603,3222329.11,0
2028-03-22,52.2156,52.2678,52.2678,52.2156,56985000,0.10%,299300209,206015159209,2978480.58,334721605
2028-03-23,52.2678,52.2678,52.2678,52.2678,135865000,0.00%,163435209,206015159209,7101364.65,0
2028-03-24,52.2678,52.2678,52.2678,52.2678,96338000,0.00%,67097209,206015159209,5035375.32,0
2028-03-27,52.2678,52.32,52.32,52.2678,74820000,0.10%,327706947,206350588947,3914582.4,335429737
2028-03-28,52.32,52.32,52.32,52.32,90886000,0.00%,236820947,206350588947,4755155.52,0
2028-03-29,52.32,52.32,52.32,52.32,104690000,0.00%,132130947,206350588947,5477380.8,0
2028-03-30,52.32,52.32,52.32,52.32,73196000,0.00%,58934947,206350588947,3829614.72,0
2028-03-31,52.32,52.3724,52.3724,52.32,75284000,0.10%,318519451,206685457451,3942803.76,334868503
2028-04-03,52.3724,52.3724,52.3724,52.3724,54433000,0.00%,264086451,206685457451,2850786.85,0
2028-04-04,52.3724,52.3724,52.3724,52.3724,41325000,0.00%,222761451,206685457451,2164289.43,0
2028-04-06,52.3724,52.3724,52.3724,52.3724,43355000,0.00%,179406451,206685457451,2270605.4,0
2028-04-11,52.3724,52.3724,52.3724,52.3724,63597000,0.00%,115809451,206685457451,3330727.52,0
2028-04-12,52.3724,52.4247,52.4247,52.3724,117363000,0.10%,339102119,207026113119,6152720.07,340655668
2028-04-13,52.4247,52.4247,52.4247,52.4247,72384000,0.00%,266718119,207026113119,3794709.48,0
2028-04-14,52.4247,52.4247,52.4247,52.4247,36946000,0.00%,229772119,207026113119,1936882.97,0
2028-04-17,52.4247,52.4247,52.4247,52.4247,45559000,0.00%,184213119,207026113119,2388416.91,0
2028-04-18,52.4247,52.4247,52.4247,52.4247,39701000,0.00%,144512119,207026113119,2081313.01,0
2028-04-19,52.4247,52.4247,52.4247,52.4247,47212000,0.00%,97300119,207026113119,2475074.94,0
2028-04-20,52.4247,52.4247,52.4247,52.4247,30537000,0.00%,66763119,207026113119,1600893.06,0
2028-04-21,52.4247,52.4247,52.4247,52.4247,47908000,0.00%,18855119,207026113119,2511562.53,0
2028-04-24,52.4247,52.4772,52.4772,52.4247,59363000,0.10%,304644623,207371265623,3115204.02,345152503
2028-04-25,52.4772,52.4772,52.4772,52.4772,60755000,0.00%,243889623,207371265623,3188252.29,0
2028-04-26,52.4772,52.4772,52.4772,52.4772,72558000,0.00%,171331623,207371265623,3807640.68,0
2028-04-27,52.4772,52.4772,52.4772,52.4772,42804000,0.00%,128527623,207371265623,2246234.07,0
2028-04-28,52.4772,52.4772,52.4772,52.4772,44631000,0.00%,83896623,207371265623,2342109.91,0
2028-05-02,52.4772,52.4772,52.4772,52.4772,25085000,0.00%,58811623,207371265623,1316390.56,0
2028-05-03,52.4772,52.4772,52.4772,52.4772,30595000,0.00%,28216623,207371265623,1605539.93,0
2028-05-04,52.4772,52.5296,52.5296,52.4772,50982000,0.10%,329386439,207723417439,2678064.07,352151816
2028-05-05,52.5296,52.5296,52.5296,52.5296,42949000,0.00%,286437439,207723417439,2256093.79,0
2028-05-08,52.5296,52.5296,52.5296,52.5296,31088000,0.00%,255349439,207723417439,1633040.2,0
2028-05-09,52.5296,52.5296,52.5296,52.5296,68266000,0.00%,187083439,207723417439,3585985.67,0
2028-05-10,52.5296,52.5296,52.5296,52.5296,45153000,0.00%,141930439,207723417439,2371869.03,0
2028-05-11,52.5296,52.5296,52.5296,52.5296,50953000,0.00%,90977439,207723417439,2676540.71,0
2028-05-12,52.5296,52.5296,52.5296,52.5296,52171000,0.00%,38806439,207723417439,2740521.76,0
2028-05-15,52.5296,52.5822,52.5822,52.5296,68846000,0.10%,325090247,208078547247,3620074.14,355129807
2028-05-16,52.5822,52.5822,52.5822,52.5822,40948000,0.00%,284142247,208078547247,2153135.93,0
2028-05-17,52.5822,52.5822,52.5822,52.5822,56724000,0.00%,227418247,208078547247,2982672.71,0
2028-05-18,52.5822,52.5822,52.5822,52.5822,99789000,0.00%,127629247,208078547247,5247125.16,0
2028-05-19,52.5822,52.5822,52.5822,52.5822,65801000,0.00%,61828247,208078547247,3459961.34,0
2028-05-22,52.5822,52.5822,52.5822,52.5822,58116000,0.00%,3712247,208078547247,3055867.14,0
2028-05-23,52.5822,52.6347,52.6347,52.5822,43558000,0.10%,313560099,208431953099,2292662.26,353405852
2028-05-24,52.6347,52.6347,52.6347,52.6347,39295000,0.00%,274265099,208431953099,2068280.54,0
2028-05-25,52.6347,52.6347,52.6347,52.6347,75487000,0.00%,198778099,208431953099,3973235.6,0
2028-05-29,52.6347,52.6347,52.6347,52.6347,83636000,0.00%,115142099,208431953099,4402155.77,0
2028-05-30,52.6347,52.6347,52.6347,52.6347,63046000,0.00%,52096099,208431953099,3318407.3,0
2028-05-31,52.6347,52.6874,52.6874,52.6347,93177000,0.10%,313976631,208787010631,4909253.87,355057531
2028-06-01,52.6874,52.6874,52.6874,52.6874,66555000,0.00%,247421631,208787010631,3506609.91,0
2028-06-02,52.6874,52.6874,52.6874,52.6874,92974000,0.00%,154447631,208787010631,4898558.33,0
2028-06-05,52.6874,52.6874,52.6874,52.6874,57681000,0.00%,96766631,208787010631,3039061.92,0
2028-06-06,52.6874,52.6874,52.6874,52.6874,48430000,0.00%,48336631,208787010631,2551650.78,0
2028-06-07,52.6874,52.7401,52.7401,52.6874,52925000,0.10%,350988600,209142587600,2791269.79,355576969
2028-06-08,52.7401,52.7401,52.7401,52.7401,38077000,0.00%,312911600,209142587600,2008184.79,0
2028-06-09,52.7401,52.7401,52.7401,52.7401,46922000,0.00%,265989600,209142587600,2474670.97,0
2028-06-12,52.7401,52.7401,52.7401,52.7401,39121000,0.00%,226868600,209142587600,2063245.45,0
2028-06-13,52.7401,52.7401,52.7401,52.7401,67048000,0.00%,159820600,209142587600,3536118.22,0
2028-06-14,52.7401,52.7401,52.7401,52.7401,64032000,0.00%,95788600,209142587600,3377054.08,0
2028-06-15,52.7401,52.7401,52.7401,52.7401,72529000,0.00%,23259600,209142587600,3825186.71,0
2028-06-16,52.7401,52.7928,52.7928,52.7401,103965000,0.10%,277560664,209500853664,5488603.45,358266063
2028-06-19,52.7928,52.7928,52.7928,52.7928,58783000,0.00%,218777664,209500853664,3103319.16,0
2028-06-20,52.7928,52.7928,52.7928,52.7928,47212000,0.00%,171565664,209500853664,2492453.67,0
2028-06-21,52.7928,52.7928,52.7928,52.7928,55970000,0.00%,115595664,209500853664,2954813.02,0
2028-06-23,52.7928,52.7928,52.7928,52.7928,40310000,0.00%,75285664,209500853664,2128077.77,0
2028-06-26,52.7928,52.7928,52.7928,52.7928,52664000,0.00%,22621664,209500853664,2780280.02,0
2028-06-27,52.7928,52.8456,52.8456,52.7928,50721000,0.10%,336982736,209865935736,2680381.68,365082071
2028-06-28,52.8456,52.8456,52.8456,52.8456,46081000,0.00%,290901736,209865935736,2435178.09,0
2028-06-29,52.8456,52.8456,52.8456,52.8456,39208000,0.00%,251693736,209865935736,2071970.28,0
2028-06-30,52.8456,52.8456,52.8456,52.8456,46980000,0.00%,204713736,209865935736,2482686.29,0
2028-07-03,52.8456,52.8456,52.8456,52.8456,41180000,0.00%,163533736,209865935736,2176181.81,0
2028-07-04,52.8456,52.8456,52.8456,52.8456,27376000,0.00%,136157736,209865935736,1446701.15,0
2028-07-05,52.8456,52.8456,52.8456,52.8456,28594000,0.00%,107563736,209865935736,1511067.09,0
2028-07-06,52.8456,52.8456,52.8456,52.8456,57362000,0.00%,50201736,209865935736,3031329.31,0
2028-07-07,52.8456,52.8984,52.8984,52.8456,62640000,0.10%,356292766,210234666766,3313555.78,368731030
2028-07-10,52.8984,52.8984,52.8984,52.8984,50141000,0.00%,306151766,210234666766,2652378.67,0
2028-07-11,52.8984,52.8984,52.8984,52.8984,35844000,0.00%,270307766,210234666766,1896090.25,0
2028-07-12,52.8984,52.8984,52.8984,52.8984,48865000,0.00%,221442766,210234666766,2584880.32,0
2028-07-13,52.8984,52.8984,52.8984,52.8984,79228000,0.00%,142214766,210234666766,4191034.44,0
2028-07-14,52.8984,52.8984,52.8984,52.8984,61509000,0.00%,80705766,210234666766,3253727.69,0
2028-07-18,52.8984,52.9513,52.9513,52.8984,84535000,0.10%,365668526,210604164526,4476238.15,369497759
2028-07-19,52.9513,52.9513,52.9513,52.9513,63539000,0.00%,302129526,210604164526,3364472.65,0
2028-07-20,52.9513,52.9513,52.9513,52.9513,48024000,0.00%,254105526,210604164526,2542933.23,0
2028-07-21,52.9513,52.9513,52.9513,52.9513,34336000,0.00%,219769526,210604164526,1818135.84,0
2028-07-24,52.9513,52.9513,52.9513,52.9513,50605000,0.00%,169164526,210604164526,2679600.54,0
2028-07-25,52.9513,52.9513,52.9513,52.9513,84680000,0.00%,84484526,210604164526,4483916.08,0
2028-07-26,52.9513,52.9513,52.9513,52.9513,43326000,0.00%,41158526,210604164526,2294168.02,0
2028-07-27,52.9513,52.9513,52.9513,52.9513,39585000,0.00%,1573526,210604164526,2096077.21,0
2028-07-28,52.9513,53.0043,53.0043,52.9513,64496000,0.10%,306211942,210973298942,3418565.33,369134415
2028-07-31,53.0043,53.0043,53.0043,53.0043,106720000,0.00%,199491942,210973298942,5656618.9,0
2028-08-01,53.0043,53.0043,53.0043,53.0043,67976000,0.00%,131515942,210973298942,3603020.3,0
2028-08-02,53.0043,53.0043,53.0043,53.0043,61016000,0.00%,70499942,210973298942,3234110.37,0
2028-08-03,53.0043,53.0043,53.0043,53.0043,48314000,0.00%,22185942,210973298942,2560849.75,0
2028-08-04,53.0043,53.0573,53.0573,53.0043,55390000,0.10%,333119921,211339622921,2938843.85,366323979
2028-08-07,53.0573,53.0573,53.0573,53.0573,27492000,0.00%,305627921,211339622921,1458651.29,0
2028-08-08,53.0573,53.0573,53.0573,53.0573,44602000,0.00%,261025921,211339622921,2366461.69,0
2028-08-09,53.0573,53.0573,53.0573,53.0573,34568000,0.00%,226457921,211339622921,1834084.75,0
2028-08-10,53.0573,53.0573,53.0573,53.0573,32451000,0.00%,194006921,211339622921,1721762.44,0
2028-08-11,53.0573,53.0573,53.0573,53.0573,35670000,0.00%,158336921,211339622921,1892553.89,0
2028-08-14,53.0573,53.0573,53.0573,53.0573,45675000,0.00%,112661921,211339622921,2423392.18,0
2028-08-15,53.0573,53.0573,53.0573,53.0573,31291000,0.00%,81370921,211339622921,1660215.97,0
2028-08-16,53.0573,53.0573,53.0573,53.0573,47792000,0.00%,33578921,211339622921,2535714.48,0
2028-08-17,53.0573,53.1104,53.1104,53.0573,83578000,0.10%,316694347,211706316347,4438861.01,366693426
2028-08-18,53.1104,53.1104,53.1104,53.1104,52519000,0.00%,264175347,211706316347,2789305.1,0
2028-08-21,53.1104,53.1104,53.1104,53.1104,74530000,0.00%,189645347,211706316347,3958318.11,0
2028-08-22,53.1104,53.1104,53.1104,53.1104,71572000,0.00%,118073347,211706316347,3801217.55,0
2028-08-23,53.1104,53.1104,53.1104,53.1104,49996000,0.00%,68077347,211706316347,2655307.56,0
2028-08-24,53.1104,53.1104,53.1104,53.1104,64786000,0.00%,3291347,211706316347,3440810.37,0
2028-08-25,53.1104,53.1635,53.1635,53.1104,36366000,0.10%,331540294,212070931294,1933343.84,364614946
2028-08-28,53.1635,53.1635,53.1635,53.1635,56260000,0.00%,275280294,212070931294,2990978.51,0
2028-08-29,53.1635,53.1635,53.1635,53.1635,44602000,0.00%,230678294,212070931294,2371198.43,0
2028-08-30,53.1635,53.1635,53.1635,53.1635,44051000,0.00%,186627294,212070931294,2341905.34,0
2028-08-31,53.1635,53.1635,53.1635,53.1635,144246000,0.00%,42381294,212070931294,7668622.22,0
2028-09-04,53.1635,53.2166,53.2166,53.1635,89175000,0.10%,310466704,212428191704,4745590.31,357260409
2028-09-05,53.2166,53.2166,53.2166,53.2166,38425000,0.00%,272041704,212428191704,2044847.86,0
2028-09-06,53.2166,53.2166,53.2166,53.2166,47821000,0.00%,224220704,212428191704,2544871.03,0
2028-09-07,53.2166,53.2166,53.2166,53.2166,48488000,0.00%,175732704,212428191704,2580366.5,0
2028-09-11,53.2166,53.2166,53.2166,53.2166,54549000,0.00%,121183704,212428191704,2902912.31,0
2028-09-12,53.2166,53.2166,53.2166,53.2166,30160000,0.00%,91023704,212428191704,1605012.66,0
2028-09-13,53.2166,53.2166,53.2166,53.2166,30914000,0.00%,60109704,212428191704,1645137.97,0
2028-09-14,53.2166,53.2166,53.2166,53.2166,29435000,0.00%,30674704,212428191704,1566430.62,0
2028-09-15,53.2166,53.2698,53.2698,53.2166,55738000,0.10%,322617902,212775872902,2969152.11,347681198
2028-09-18,53.2698,53.2698,53.2698,53.2698,42746000,0.00%,279871902,212775872902,2277070.87,0
2028-09-19,53.2698,53.2698,53.2698,53.2698,45182000,0.00%,234689902,212775872902,2406836.1,0
2028-09-20,53.2698,53.2698,53.2698,53.2698,39614000,0.00%,195075902,212775872902,2110229.86,0
2028-09-21,53.2698,53.2698,53.2698,53.2698,55448000,0.00%,139627902,212775872902,2953703.87,0
2028-09-22,53.2698,53.2698,53.2698,53.2698,61596000,0.00%,78031902,212775872902,3281206.6,0
2028-09-25,53.2698,53.2698,53.2698,53.2698,53099000,0.00%,24932902,212775872902,2828573.11,0
2028-09-26,53.2698,53.3231,53.3231,53.2698,46168000,0.10%,326165770,213123273770,2461820.88,347400868
2028-09-27,53.3231,53.3231,53.3231,53.3231,41180000,0.00%,284985770,213123273770,2195845.26,0
2028-09-28,53.3231,53.3231,53.3231,53.3231,45240000,0.00%,239745770,213123273770,2412337.04,0
2028-09-29,53.3231,53.3231,53.3231,53.3231,32625000,0.00%,207120770,213123273770,1739666.14,0
2028-10-03,53.3231,53.3231,53.3231,53.3231,43848000,0.00%,163272770,213123273770,2338111.29,0
2028-10-04,53.3231,53.3231,53.3231,53.3231,31726000,0.00%,131546770,213123273770,1691728.67,0
2028-10-05,53.3231,53.3231,53.3231,53.3231,31320000,0.00%,100226770,213123273770,1670079.49,0
2028-10-06,53.3231,53.3231,53.3231,53.3231,32132000,0.00%,68094770,213123273770,1713377.85,0
2028-10-09,53.3231,53.3231,53.3231,53.3231,33060000,0.00%,35034770,213123273770,1762861.69,0
2028-10-10,53.3231,53.3764,53.3764,53.3231,47705000,0.10%,333798572,213469742572,2546321.16,346468801
2028-10-11,53.3764,53.3764,53.3764,53.3764,47618000,0.00%,286180572,213469742572,2541677.42,0
2028-10-12,53.3764,53.3764,53.3764,53.3764,39005000,0.00%,247175572,213469742572,2081946.48,0
2028-10-13,53.3764,53.3764,53.3764,53.3764,38773000,0.00%,208402572,213469742572,2069563.16,0
2028-10-16,53.3764,53.3764,53.3764,53.3764,36105000,0.00%,172297572,213469742572,1927154.92,0
2028-10-17,53.3764,53.3764,53.3764,53.3764,26680000,0.00%,145617572,213469742572,1424082.35,0
2028-10-18,53.3764,53.3764,53.3764,53.3764,34800000,0.00%,110817572,213469742572,1857498.72,0
2028-10-19,53.3764,53.3764,53.3764,53.3764,49938000,0.00%,60879572,213469742572,2665510.66,0
2028-10-20,53.3764,53.3764,53.3764,53.3764,55709000,0.00%,5170572,213469742572,2973545.87,0
2028-10-24,53.3764,53.4298,53.4298,53.3764,62698000,0.10%,289475220,213816745220,3349941.6,347002648
2028-10-25,53.4298,53.4298,53.4298,53.4298,50779000,0.00%,238696220,213816745220,2713111.81,0
2028-10-26,53.4298,53.4298,53.4298,53.4298,33205000,0.00%,205491220,213816745220,1774136.51,0
2028-10-27,53.4298,53.4298,53.4298,53.4298,47734000,0.00%,157757220,213816745220,2550418.07,0
2028-10-30,53.4298,53.4298,53.4298,53.4298,41644000,0.00%,116113220,213816745220,2225030.59,0
2028-10-31,53.4298,53.4298,53.4298,53.4298,39817000,0.00%,76296220,213816745220,2127414.35,0
2028-11-01,53.4298,53.4298,53.4298,53.4298,31929000,0.00%,44367220,213816745220,1705960.08,0
2028-11-02,53.4298,53.4298,53.4298,53.4298,30392000,0.00%,13975220,213816745220,1623838.48,0
2028-11-03,53.4298,53.4832,53.4832,53.4298,62582000,0.10%,299544448,214164896448,3347085.62,348151227
2028-11-06,53.4832,53.4832,53.4832,53.4832,77894000,0.00%,221650448,214164896448,4166020.38,0
2028-11-07,53.4832,53.4832,53.4832,53.4832,38860000,0.00%,182790448,214164896448,2078357.15,0
2028-11-08,53.4832,53.4832,53.4832,53.4832,37352000,0.00%,145438448,214164896448,1997704.49,0
2028-11-09,53.4832,53.4832,53.4832,53.4832,29783000,0.00%,115655448,214164896448,1592890.15,0
2028-11-10,53.4832,53.4832,53.4832,53.4832,28623000,0.00%,87032448,214164896448,1530849.63,0
2028-11-13,53.4832,53.4832,53.4832,53.4832,39411000,0.00%,47621448,214164896448,2107826.4,0
2028-11-14,53.4832,53.4832,53.4832,53.4832,36192000,0.00%,11429448,214164896448,1935663.97,0
2028-11-15,53.4832,53.5367,53.5367,53.4832,94105000,0.10%,260350407,214507922407,5038071.15,343025959
2028-11-16,53.5367,53.5367,53.5367,53.5367,102370000,0.00%,157980407,214507922407,5480551.98,0
2028-11-17,53.5367,53.5367,53.5367,53.5367,63713000,0.00%,94267407,214507922407,3410983.77,0
2028-11-20,53.5367,53.5367,53.5367,53.5367,80562000,0.00%,13705407,214507922407,4313023.63,0
2028-11-21,53.5367,53.5903,53.5903,53.5367,70151000,0.10%,284892389,214849260389,3759413.14,341337981
2028-11-22,53.5903,53.5903,53.5903,53.5903,41093000,0.00%,243799389,214849260389,2202186.2,0
2028-11-23,53.5903,53.5903,53.5903,53.5903,42137000,0.00%,201662389,214849260389,2258134.47,0
2028-11-24,53.5903,53.5903,53.5903,53.5903,44196000,0.00%,157466389,214849260389,2368476.9,0
2028-11-27,53.5903,53.5903,53.5903,53.5903,35467000,0.00%,121999389,214849260389,1900687.17,0
2028-11-28,53.5903,53.5903,53.5903,53.5903,43935000,0.00%,78064389,214849260389,2354489.83,0
2028-11-29,53.5903,53.5903,53.5903,53.5903,48894000,0.00%,29170389,214849260389,2620244.13,0
2028-11-30,53.5903,53.6439,53.6439,53.5903,87899000,0.10%,281849117,215189838117,4715245.17,340577728
2028-12-01,53.6439,53.6439,53.6439,53.6439,43935000,0.00%,237914117,215189838117,2356844.75,0
2028-12-04,53.6439,53.6439,53.6439,53.6439,43239000,0.00%,194675117,215189838117,2319508.59,0
2028-12-05,53.6439,53.6439,53.6439,53.6439,68817000,0.00%,125858117,215189838117,3691612.27,0
2028-12-06,53.6439,53.6439,53.6439,53.6439,46110000,0.00%,79748117,215189838117,2473520.23,0
2028-12-07,53.6439,53.6439,53.6439,53.6439,39730000,0.00%,40018117,215189838117,2131272.15,0
2028-12-08,53.6439,53.6975,53.6975,53.6439,48140000,0.10%,333339933,215531299933,2584997.65,341461816
2028-12-11,53.6975,53.6975,53.6975,53.6975,53360000,0.00%,279979933,215531299933,2865298.6,0
2028-12-12,53.6975,53.6975,53.6975,53.6975,37700000,0.00%,242279933,215531299933,2024395.75,0
2028-12-13,53.6975,53.6975,53.6975,53.6975,41035000,0.00%,201244933,215531299933,2203476.91,0
2028-12-14,53.6975,53.6975,53.6975,53.6975,49880000,0.00%,151364933,215531299933,2678431.3,0
2028-12-15,53.6975,53.6975,53.6975,53.6975,89668000,0.00%,61696933,215531299933,4814947.43,0
2028-12-18,53.6975,53.6975,53.6975,53.6975,35061000,0.00%,26635933,215531299933,1882688.05,0
2028-12-19,53.6975,53.7512,53.7512,53.6975,36337000,0.10%,324142111,215865143111,1953157.35,333843178
2028-12-20,53.7512,53.7512,53.7512,53.7512,41151000,0.00%,282991111,215865143111,2211915.63,0
2028-12-21,53.7512,53.7512,53.7512,53.7512,29493000,0.00%,253498111,215865143111,1585284.14,0
2028-12-22,53.7512,53.805,53.805,53.7512,426329000,0.10%,161579088,216199553088,22938631.85,334409976
2028-12-27,53.805,53.8588,53.8588,53.805,186963000,0.10%,305110744,216530047744,10069602.82,330494655
2028-12-28,53.8588,53.8588,53.8588,53.8588,109736000,0.00%,195374744,216530047744,5910249.28,0
2028-12-29,53.8588,53.8588,53.8588,53.8588,56898000,0.00%,138476744,216530047744,3064458.0,0
2029-01-02,53.8588,53.8588,53.8588,53.8588,70050000,0.00%,68426744,216530047744,3772808.94,0
2029-01-03,53.8588,53.8588,53.8588,53.8588,61170000,0.00%,7256744,216530047744,3294542.8,0
2029-01-04,53.8588,53.9126,53.9126,53.8588,60660000,0.10%,272942534,216856393534,3270338.32,326345790
2029-01-05,53.9126,53.9126,53.9126,53.9126,71250000,0.00%,201692534,216856393534,3841272.75,0
2029-01-08,53.9126,53.9126,53.9126,53.9126,50159999,0.00%,151532534,216856393534,2704256.02,0
2029-01-09,53.9126,53.9126,53.9126,53.9126,50790000,0.00%,100742534,216856393534,2738220.95,0
2029-01-10,53.9126,53.9126,53.9126,53.9126,57450000,0.00%,43292534,216856393534,3097278.87,0
2029-01-11,53.9126,53.9665,53.9665,53.9126,61800000,0.10%,306955176,217181856176,3335129.7,325462641
2029-01-12,53.9665,53.9665,53.9665,53.9665,47310000,0.00%,259645176,217181856176,2553155.12,0
2029-01-15,53.9665,53.9665,53.9665,53.9665,48989999,0.00%,210655176,217181856176,2643818.83,0
2029-01-16,53.9665,53.9665,53.9665,53.9665,66720000,0.00%,143935176,217181856176,3600644.88,0
2029-01-17,53.9665,53.9665,53.9665,53.9665,108330000,0.00%,35605176,217181856176,5846190.95,0
2029-01-18,53.9665,54.0205,54.0205,53.9665,73800000,0.10%,283349646,217503400646,3986712.9,321544470
2029-01-19,54.0205,54.0205,54.0205,54.0205,80700000,0.00%,202649646,217503400646,4359454.35,0
2029-01-22,54.0205,54.0205,54.0205,54.0205,100950000,0.00%,101699646,217503400646,5453369.48,0
2029-01-23,54.0205,54.0745,54.0745,54.0205,106830000,0.10%,314586268,217823117268,5776778.83,319716621
2029-01-24,54.0745,54.0745,54.0745,54.0745,101580000,0.00%,213006268,217823117268,5492887.71,0
2029-01-25,54.0745,54.0745,54.0745,54.0745,102480000,0.00%,110526268,217823117268,5541554.76,0
2029-01-26,54.0745,54.0745,54.0745,54.0745,74460000,0.00%,36066268,217823117268,4026387.27,0
2029-01-29,54.0745,54.1286,54.1286,54.0745,60480000,0.10%,293417715,218140948715,3273697.73,317831447
2029-01-30,54.1286,54.1286,54.1286,54.1286,64530000,0.00%,228887715,218140948715,3492918.56,0
2029-01-31,54.1286,54.1286,54.1286,54.1286,60150000,0.00%,168737715,218140948715,3255835.29,0
2029-02-01,54.1286,54.1286,54.1286,54.1286,51990000,0.00%,116747715,218140948715,2814145.91,0
2029-02-02,54.1286,54.1286,54.1286,54.1286,93150000,0.00%,23597715,218140948715,5042079.09,0
2029-02-05,54.1286,54.1827,54.1827,54.1286,61380000,0.10%,280116932,218458847932,3325734.13,317899217
2029-02-06,54.1827,54.1827,54.1827,54.1827,86580000,0.00%,193536932,218458847932,4691138.17,0
2029-02-07,54.1827,54.1827,54.1827,54.1827,79020000,0.00%,114516932,218458847932,4281516.95,0
2029-02-08,54.1827,54.1827,54.1827,54.1827,53730000,0.00%,60786932,218458847932,2911236.47,0
2029-02-09,54.1827,54.1827,54.1827,54.1827,20190000,0.00%,40596932,218458847932,1093948.71,0
2029-02-14,54.1827,54.1827,54.1827,54.1827,34710000,0.00%,5886932,218458847932,1880681.52,0
2029-02-15,54.1827,54.2369,54.2369,54.1827,37710000,0.10%,284931470,218775602470,2045273.5,316754537
2029-02-16,54.2369,54.2369,54.2369,54.2369,51660000,0.00%,233271470,218775602470,2801878.25,0
2029-02-19,54.2369,54.2369,54.2369,54.2369,46260000,0.00%,187011470,218775602470,2508998.99,0
2029-02-20,54.2369,54.2369,54.2369,54.2369,47310000,0.00%,139701470,218775602470,2565947.74,0
2029-02-21,54.2369,54.2369,54.2369,54.2369,71850000,0.00%,67851470,218775602470,3896921.27,0
2029-02-22,54.2369,54.2369,54.2369,54.2369,37320000,0.00%,30531470,218775602470,2024121.11,0
2029-02-23,54.2369,54.2911,54.2911,54.2369,39690000,0.10%,310492396,219095253396,2154813.76,319650925
2029-02-26,54.2911,54.2911,54.2911,54.2911,37230000,0.00%,273262396,219095253396,2021257.65,0
2029-02-27,54.2911,54.2911,54.2911,54.2911,70830000,0.00%,202432396,219095253396,3845438.61,0
2029-02-28,54.2911,54.2911,54.2911,54.2911,77700000,0.00%,124732396,219095253396,4218418.47,0
2029-03-01,54.2911,54.2911,54.2911,54.2911,89160000,0.00%,35572396,219095253396,4840594.48,0
2029-03-02,54.2911,54.3454,54.3454,54.2911,83850000,0.10%,271442382,219414973382,4556861.79,319719986
2029-03-05,54.3454,54.3454,54.3454,54.3454,41490000,0.00%,229952382,219414973382,2254790.65,0
2029-03-06,54.3454,54.3454,54.3454,54.3454,78180000,0.00%,151772382,219414973382,4248723.37,0
2029-03-07,54.3454,54.3454,54.3454,54.3454,69870000,0.00%,81902382,219414973382,3797113.1,0
2029-03-08,54.3454,54.3454,54.3454,54.3454,51480000,0.00%,30422382,219414973382,2797701.19,0
2029-03-09,54.3454,54.3998,54.3998,54.3454,37260000,0.10%,312139222,219733950222,2026936.55,318976840
2029-03-12,54.3998,54.3998,54.3998,54.3998,53610000,0.00%,258529222,219733950222,2916373.28,0
2029-03-13,54.3998,54.3998,54.3998,54.3998,109590000,0.00%,148939222,219733950222,5961674.08,0
2029-03-14,54.3998,54.3998,54.3998,54.3998,60210000,0.00%,88729222,219733950222,3275411.96,0
2029-03-15,54.3998,54.3998,54.3998,54.3998,42690000,0.00%,46039222,219733950222,2322327.46,0
2029-03-16,54.3998,54.4542,54.4542,54.3998,87540000,0.10%,276787689,220052238689,4766920.67,318288466
2029-03-19,54.4542,54.4542,54.4542,54.4542,58890000,0.00%,217897689,220052238689,3206807.84,0
2029-03-20,54.4542,54.4542,54.4542,54.4542,46920000,0.00%,170977689,220052238689,2554991.06,0
2029-03-21,54.4542,54.4542,54.4542,54.4542,46860000,0.00%,124117689,220052238689,2551723.81,0
2029-03-22,54.4542,54.4542,54.4542,54.4542,110610000,0.00%,13507689,220052238689,6023179.06,0
2029-03-23,54.4542,54.5086,54.5086,54.4542,79290000,0.10%,250986207,220369007207,4321986.89,316768518
2029-03-26,54.5086,54.5086,54.5086,54.5086,63390000,0.00%,187596207,220369007207,3455300.15,0
2029-03-27,54.5086,54.5086,54.5086,54.5086,102000000,0.00%,85596207,220369007207,5559877.2,0
2029-03-28,54.5086,54.5631,54.5631,54.5086,116250000,0.10%,302788395,220702449395,6342960.38,333442188
2029-03-29,54.5631,54.5631,54.5631,54.5631,90000000,0.00%,212788395,220702449395,4910679.0,0
2029-04-03,54.5631,54.5631,54.5631,54.5631,79680000,0.00%,133108395,220702449395,4347587.81,0
2029-04-04,54.5631,54.5631,54.5631,54.5631,59100000,0.00%,74008395,220702449395,3224679.21,0
2029-04-06,54.5631,54.5631,54.5631,54.5631,40740000,0.00%,33268395,220702449395,2222900.69,0
2029-04-09,54.5631,54.6177,54.6177,54.5631,64980000,0.10%,301185745,221035346745,3549058.15,332897349
2029-04-10,54.6177,54.6177,54.6177,54.6177,53640000,0.00%,247545745,221035346745,2929693.43,0
2029-04-11,54.6177,54.6177,54.6177,54.6177,74190000,0.00%,173355745,221035346745,4052087.16,0
2029-04-12,54.6177,54.6177,54.6177,54.6177,56490000,0.00%,116865745,221035346745,3085353.87,0
2029-04-13,54.6177,54.6177,54.6177,54.6177,69090000,0.00%,47775745,221035346745,3773536.89,0
2029-04-16,54.6177,54.6723,54.6723,54.6177,54900000,0.10%,323288052,221365759052,3001509.27,330412307
2029-04-17,54.6723,54.6723,54.6723,54.6723,59070000,0.00%,264218052,221365759052,3229492.76,0
2029-04-18,54.6723,54.6723,54.6723,54.6723,43230000,0.00%,220988052,221365759052,2363483.53,0
2029-04-19,54.6723,54.6723,54.6723,54.6723,57180000,0.00%,163808052,221365759052,3126162.11,0
2029-04-20,54.6723,54.6723,54.6723,54.6723,58410000,0.00%,105398052,221365759052,3193409.04,0
2029-04-23,54.6723,54.727,54.727,54.6723,123390000,0.10%,306340891,221690091891,6752764.53,324332839
2029-04-24,54.727,54.727,54.727,54.727,131460000,0.00%,174880891,221690091891,7194411.42,0
2029-04-25,54.727,54.727,54.727,54.727,124410000,0.00%,50470891,221690091891,6808586.07,0
2029-04-26,54.727,54.7817,54.7817,54.727,83190000,0.10%,288959151,222011770151,4557289.62,321678260
2029-04-27,54.7817,54.7817,54.7817,54.7817,88800000,0.00%,200159151,222011770151,4864614.96,0
2029-04-30,54.7817,54.7817,54.7817,54.7817,76260000,0.00%,123899151,222011770151,4177652.44,0
2029-05-01,54.7817,54.7817,54.7817,54.7817,47880000,0.00%,76019151,222011770151,2622947.8,0
2029-05-03,54.7817,54.7817,54.7817,54.7817,67440000,0.00%,8579151,222011770151,3694477.85,0
2029-05-04,54.7817,54.8365,54.8365,54.7817,70770000,0.10%,256812578,222330773578,3880779.1,319003426
2029-05-07,54.8365,54.8365,54.8365,54.8365,78630000,0.00%,178182578,222330773578,4311794.0,0
2029-05-08,54.8365,54.8365,54.8365,54.8365,58230000,0.00%,119952578,222330773578,3193129.4,0
2029-05-09,54.8365,54.8365,54.8365,54.8365,60180000,0.00%,59772578,222330773578,3300060.57,0
2029-05-10,54.8365,54.8365,54.8365,54.8365,48090000,0.00%,11682578,222330773578,2637087.29,0
2029-05-11,54.8365,54.8913,54.8913,54.8365,47070000,0.10%,279102423,222645263423,2583733.49,314489844
2029-05-14,54.8913,54.8913,54.8913,54.8913,61680000,0.00%,217422423,222645263423,3385695.38,0
2029-05-15,54.8913,54.8913,54.8913,54.8913,64800000,0.00%,152622423,222645263423,3556956.24,0
2029-05-17,54.8913,54.9462,54.9462,54.8913,175290000,0.10%,286355863,222954286863,9631519.4,309023439
2029-05-18,54.9462,54.9462,54.9462,54.9462,83760000,0.00%,202595863,222954286863,4602293.71,0
2029-05-21,54.9462,54.9462,54.9462,54.9462,66990000,0.00%,135605863,222954286863,3680845.94,0
2029-05-22,54.9462,54.9462,54.9462,54.9462,92040000,0.00%,43565863,222954286863,5057248.25,0
2029-05-23,54.9462,55.0012,55.0012,54.9462,67110000,0.10%,282034642,223259865642,3691130.53,305578779
2029-05-24,55.0012,55.0012,55.0012,55.0012,54960000,0.00%,227074642,223259865642,3022865.95,0
2029-05-25,55.0012,55.0012,55.0012,55.0012,57420000,0.00%,169654642,223259865642,3158168.9,0
2029-05-28,55.0012,55.0012,55.0012,55.0012,96390000,0.00%,73264642,223259865642,5301565.67,0
2029-05-29,55.0012,55.0012,55.0012,55.0012,49830000,0.00%,23434642,223259865642,2740709.8,0
2029-05-30,55.0012,55.0562,55.0562,55.0012,82140000,0.10%,242323296,223560894296,4522316.27,301028654
2029-05-31,55.0562,55.0562,55.0562,55.0562,66030000,0.00%,176293296,223560894296,3635360.89,0
2029-06-01,55.0562,55.0562,55.0562,55.0562,120120000,0.00%,56173296,223560894296,6613350.74,0
2029-06-04,55.0562,55.1112,55.1112,55.0562,84390000,0.10%,271408619,223860519619,4650834.17,299625322
2029-06-05,55.1112,55.1112,55.1112,55.1112,54120000,0.00%,217288619,223860519619,2982618.14,0
2029-06-06,55.1112,55.1112,55.1112,55.1112,60630000,0.00%,156658619,223860519619,3341392.06,0
2029-06-07,55.1112,55.1112,55.1112,55.1112,56670000,0.00%,99988619,223860519619,3123151.7,0
2029-06-08,55.1112,55.1112,55.1112,55.1112,75750000,0.00%,24238619,223860519619,4174673.4,0
2029-06-12,55.1112,55.1663,55.1663,55.1112,79500000,0.10%,242649533,224158430533,4385720.85,297910914
2029-06-13,55.1663,55.1663,55.1663,55.1663,44880000,0.00%,197769533,224158430533,2475863.54,0
2029-06-14,55.1663,55.1663,55.1663,55.1663,46020000,0.00%,151749533,224158430533,2538753.13,0
2029-06-15,55.1663,55.1663,55.1663,55.1663,62580000,0.00%,89169533,224158430533,3452307.05,0
2029-06-18,55.1663,55.1663,55.1663,55.1663,45840000,0.00%,43329533,224158430533,2528823.19,0
2029-06-19,55.1663,55.1663,55.1663,55.1663,42840000,0.00%,489533,224158430533,2363324.29,0
2029-06-20,55.1663,55.2215,55.2215,55.1663,66930000,0.10%,233871238,224458742238,3695975.0,300311704
2029-06-21,55.2215,55.2215,55.2215,55.2215,42150000,0.00%,191721238,224458742238,2327586.23,0
2029-06-22,55.2215,55.2215,55.2215,55.2215,77580000,0.00%,114141238,224458742238,4284083.97,0
2029-06-25,55.2215,55.2215,55.2215,55.2215,38760000,0.00%,75381238,224458742238,2140385.34,0
2029-06-26,55.2215,55.2215,55.2215,55.2215,38370000,0.00%,37011238,224458742238,2118848.96,0
2029-06-27,55.2215,55.2215,55.2215,55.2215,35670000,0.00%,1341238,224458742238,1969750.91,0
2029-06-28,55.2215,55.2767,55.2767,55.2215,52530000,0.10%,251308775,224761239775,2903685.05,302497537
2029-06-29,55.2767,55.2767,55.2767,55.2767,46680000,0.00%,204628775,224761239775,2580316.36,0
2029-07-03,55.2767,55.2767,55.2767,55.2767,81810000,0.00%,122818775,224761239775,4522186.83,0
2029-07-04,55.2767,55.2767,55.2767,55.2767,66780000,0.00%,56038775,224761239775,3691378.03,0
2029-07-05,55.2767,55.2767,55.2767,55.2767,46320000,0.00%,9718775,224761239775,2560416.74,0
2029-07-06,55.2767,55.332,55.332,55.2767,31560000,0.10%,281520445,225064601445,1746277.92,303361670
2029-07-09,55.332,55.332,55.332,55.332,34860000,0.00%,246660445,225064601445,1928873.52,0
2029-07-10,55.332,55.332,55.332,55.332,39060000,0.00%,207600445,225064601445,2161267.92,0
2029-07-11,55.332,55.332,55.332,55.332,46770000,0.00%,160830445,225064601445,2587877.64,0
2029-07-12,55.332,55.332,55.332,55.332,49770000,0.00%,111060445,225064601445,2753873.64,0
2029-07-13,55.332,55.332,55.332,55.332,82560000,0.00%,28500445,225064601445,4568209.92,0
2029-07-16,55.332,55.3873,55.3873,55.332,41040000,0.10%,291921394,225369062394,2273094.79,304460948
2029-07-17,55.3873,55.3873,55.3873,55.3873,57180000,0.00%,234741394,225369062394,3167045.81,0
2029-07-18,55.3873,55.3873,55.3873,55.3873,77580000,0.00%,157161394,225369062394,4296946.73,0
2029-07-19,55.3873,55.3873,55.3873,55.3873,56820000,0.00%,100341394,225369062394,3147106.39,0
2029-07-20,55.3873,55.3873,55.3873,55.3873,69270000,0.00%,31071394,225369062394,3836678.27,0
2029-07-23,55.3873,55.4427,55.4427,55.3873,50880000,0.10%,283215190,225672086190,2820924.58,303023796
2029-07-24,55.4427,55.4427,55.4427,55.4427,36300000,0.00%,246915190,225672086190,2012570.01,0
2029-07-25,55.4427,55.4427,55.4427,55.4427,35400000,0.00%,211515190,225672086190,1962671.58,0
2029-07-26,55.4427,55.4427,55.4427,55.4427,77370000,0.00%,134145190,225672086190,4289601.7,0
2029-07-27,55.4427,55.4427,55.4427,55.4427,39810000,0.00%,94335190,225672086190,2207173.89,0
2029-07-30,55.4427,55.4427,55.4427,55.4427,38610000,0.00%,55725190,225672086190,2140642.65,0
2029-07-31,55.4427,55.4427,55.4427,55.4427,29250000,0.00%,26475190,225672086190,1621698.98,0
2029-08-01,55.4427,55.4982,55.4982,55.4427,60900000,0.10%,275190837,225981701837,3379840.38,309615646
2029-08-02,55.4982,55.4982,55.4982,55.4982,37230000,0.00%,237960837,225981701837,2066197.99,0
2029-08-03,55.4982,55.4982,55.4982,55.4982,53130000,0.00%,184830837,225981701837,2948619.37,0
2029-08-06,55.4982,55.4982,55.4982,55.4982,68880000,0.00%,115950837,225981701837,3822716.02,0
2029-08-07,55.4982,55.4982,55.4982,55.4982,53010000,0.00%,62940837,225981701837,2941959.58,0
2029-08-08,55.4982,55.4982,55.4982,55.4982,47520000,0.00%,15420837,225981701837,2637274.46,0
2029-08-09,55.4982,55.5537,55.5537,55.4982,56430000,0.10%,270214102,226292925102,3134895.29,311223265
2029-08-10,55.5537,55.5537,55.5537,55.5537,49050000,0.00%,221164102,226292925102,2724908.99,0
2029-08-13,55.5537,55.5537,55.5537,55.5537,30660000,0.00%,190504102,226292925102,1703276.44,0
2029-08-14,55.5537,55.5537,55.5537,55.5537,40770000,0.00%,149734102,226292925102,2264924.35,0
2029-08-15,55.5537,55.5537,55.5537,55.5537,56070000,0.00%,93664102,226292925102,3114895.96,0
2029-08-16,55.5537,55.5537,55.5537,55.5537,64320000,0.00%,29344102,226292925102,3573213.98,0
2029-08-17,55.5537,55.6092,55.6092,55.5537,49230000,0.10%,297464397,226610275397,2737640.92,317350294
2029-08-20,55.6092,55.6092,55.6092,55.6092,45630000,0.00%,251834397,226610275397,2537447.8,0
2029-08-21,55.6092,55.6092,55.6092,55.6092,35550000,0.00%,216284397,226610275397,1976907.06,0
2029-08-22,55.6092,55.6092,55.6092,55.6092,34950000,0.00%,181334397,226610275397,1943541.54,0
2029-08-23,55.6092,55.6092,55.6092,55.6092,50370000,0.00%,130964397,226610275397,2801035.4,0
2029-08-24,55.6092,55.6092,55.6092,55.6092,39180000,0.00%,91784397,226610275397,2178768.46,0
2029-08-27,55.6092,55.6092,55.6092,55.6092,48750000,0.00%,43034397,226610275397,2710948.5,0
2029-08-28,55.6092,55.6092,55.6092,55.6092,41040000,0.00%,1994397,226610275397,2282201.57,0
2029-08-29,55.6092,55.6648,55.6648,55.6092,43800000,0.10%,281362718,226933443718,2438118.24,323168321
2029-08-30,55.6648,55.6648,55.6648,55.6648,38670000,0.00%,242692718,226933443718,2152557.82,0
2029-08-31,55.6648,55.6648,55.6648,55.6648,92610000,0.00%,150082718,226933443718,5155117.13,0
2029-09-03,55.6648,55.6648,55.6648,55.6648,41640000,0.00%,108442718,226933443718,2317882.27,0
2029-09-04,55.6648,55.6648,55.6648,55.6648,29430000,0.00%,79012718,226933443718,1638215.06,0
2029-09-05,55.6648,55.6648,55.6648,55.6648,39840000,0.00%,39172718,226933443718,2217685.63,0
2029-09-06,55.6648,55.6648,55.6648,55.6648,28740000,0.00%,10432718,226933443718,1599806.35,0
2029-09-10,55.6648,55.7205,55.7205,55.6648,60240000,0.10%,274618119,227257869119,3356602.92,324425400
2029-09-11,55.7205,55.7205,55.7205,55.7205,36900000,0.00%,237718119,227257869119,2056086.45,0
2029-09-12,55.7205,55.7205,55.7205,55.7205,36120000,0.00%,201598119,227257869119,2012624.46,0
2029-09-13,55.7205,55.7205,55.7205,55.7205,41400000,0.00%,160198119,227257869119,2306828.7,0
2029-09-14,55.7205,55.7205,55.7205,55.7205,33030000,0.00%,127168119,227257869119,1840448.11,0
2029-09-17,55.7205,55.7205,55.7205,55.7205,23070000,0.00%,104098119,227257869119,1285471.94,0
2029-09-18,55.7205,55.7205,55.7205,55.7205,30450000,0.00%,73648119,227257869119,1696689.23,0
2029-09-20,55.7205,55.7762,55.7762,55.7205,77400000,0.10%,318236701,227579857701,4317077.88,321988582
2029-09-21,55.7762,55.7762,55.7762,55.7762,85230000,0.00%,233006701,227579857701,4753805.53,0
2029-09-24,55.7762,55.7762,55.7762,55.7762,45660000,0.00%,187346701,227579857701,2546741.29,0
2029-09-25,55.7762,55.7762,55.7762,55.7762,128760000,0.00%,58586701,227579857701,7181743.51,0
2029-09-26,55.7762,55.832,55.832,55.7762,120330000,0.10%,257593527,227899194527,6718264.56,319336825
2029-09-27,55.832,55.832,55.832,55.832,150750000,0.00%,106843527,227899194527,8416674.0,0
2029-09-28,55.832,55.8878,55.8878,55.832,171450000,0.10%,254251995,228218052995,9581963.31,318858468
2029-10-01,55.8878,55.8878,55.8878,55.8878,226380000,0.00%,27871995,228218052995,12651880.16,0
2029-10-03,55.8878,55.9437,55.9437,55.8878,146310000,0.10%,196645730,228533136730,8185122.75,315083734
2029-10-04,55.9437,55.9437,55.9437,55.9437,94800000,0.00%,101845730,228533136730,5303462.76,0
2029-10-05,55.9437,55.9437,55.9437,55.9437,73980000,0.00%,27865730,228533136730,4138714.93,0
2029-10-08,55.9437,55.9997,55.9997,55.9437,75990000,0.10%,265111751,228846372751,4255417.2,313236021
2029-10-09,55.9997,55.9997,55.9997,55.9997,211410000,0.00%,53701751,228846372751,11838896.58,0
2029-10-10,55.9997,56.0557,56.0557,55.9997,139110000,0.10%,226853624,229158634624,7797908.43,312261872
2029-10-11,56.0557,56.0557,56.0557,56.0557,99330000,0.00%,127523624,229158634624,5568012.68,0
2029-10-15,56.0557,56.0557,56.0557,56.0557,90960000,0.00%,36563624,229158634624,5098826.47,0
2029-10-16,56.0557,56.1117,56.1117,56.0557,100439999,0.10%,247819983,229470330983,5635859.15,311696358
2029-10-17,56.1117,56.1117,56.1117,56.1117,67470000,0.00%,180349983,229470330983,3785856.4,0
2029-10-18,56.1117,56.1117,56.1117,56.1117,49440000,0.00%,130909983,229470330983,2774162.45,0
2029-10-19,56.1117,56.1117,56.1117,56.1117,77880000,0.00%,53029983,229470330983,4369979.2,0
2029-10-22,56.1117,56.1117,56.1117,56.1117,48989999,0.00%,4039983,229470330983,2748912.18,0
2029-10-23,56.1117,56.1678,56.1678,56.1117,33090000,0.10%,284347169,229783728169,1858592.5,313397186
2029-10-24,56.1678,56.1678,56.1678,56.1678,43980000,0.00%,240367169,229783728169,2470259.84,0
2029-10-25,56.1678,56.1678,56.1678,56.1678,33600000,0.00%,206767169,229783728169,1887238.08,0
2029-10-26,56.1678,56.1678,56.1678,56.1678,35850000,0.00%,170917169,229783728169,2013615.63,0
2029-10-29,56.1678,56.1678,56.1678,56.1678,46650000,0.00%,124267169,229783728169,2620227.87,0
2029-10-30,56.1678,56.1678,56.1678,56.1678,41400000,0.00%,82867169,229783728169,2325346.92,0
2029-10-31,56.1678,56.1678,56.1678,56.1678,53700000,0.00%,29167169,229783728169,3016210.86,0
2029-11-01,56.1678,56.224,56.224,56.1678,68250000,0.10%,275025260,230097836260,3837288.0,314108090
2029-11-02,56.224,56.224,56.224,56.224,63270000,0.00%,211755260,230097836260,3557292.48,0
2029-11-05,56.224,56.224,56.224,56.224,35130000,0.00%,176625260,230097836260,1975149.12,0
2029-11-06,56.224,56.224,56.224,56.224,45810000,0.00%,130815260,230097836260,2575621.44,0
2029-11-07,56.224,56.224,56.224,56.224,62280000,0.00%,68535260,230097836260,3501630.72,0
2029-11-08,56.224,56.224,56.224,56.224,59760000,0.00%,8775260,230097836260,3359946.24,0
2029-11-09,56.224,56.2802,56.2802,56.224,58170000,0.10%,264308424,230411539424,3273819.23,313703164
2029-11-12,56.2802,56.2802,56.2802,56.2802,68580000,0.00%,195728424,230411539424,3859696.12,0
2029-11-13,56.2802,56.2802,56.2802,56.2802,81900000,0.00%,113828424,230411539424,4609348.38,0
2029-11-14,56.2802,56.2802,56.2802,56.2802,84930000,0.00%,28898424,230411539424,4779877.39,0
2029-11-15,56.2802,56.3365,56.3365,56.2802,104700000,0.10%,236629091,230723970091,5898431.55,312430667
2029-11-16,56.3365,56.3365,56.3365,56.3365,87180000,0.00%,149449091,230723970091,4911416.07,0
2029-11-19,56.3365,56.3365,56.3365,56.3365,61470000,0.00%,87979091,230723970091,3463004.66,0
2029-11-20,56.3365,56.3365,56.3365,56.3365,41640000,0.00%,46339091,230723970091,2345851.86,0
2029-11-21,56.3365,56.3365,56.3365,56.3365,45030000,0.00%,1309091,230723970091,2536832.6,0
2029-11-22,56.3365,56.3928,56.3928,56.3365,37500000,0.10%,272720104,231032881104,2114730.0,308911012
2029-11-23,56.3928,56.3928,56.3928,56.3928,50850000,0.00%,221870104,231032881104,2867573.88,0
2029-11-26,56.3928,56.3928,56.3928,56.3928,83670000,0.00%,138200104,231032881104,4718385.58,0
2029-11-27,56.3928,56.3928,56.3928,56.3928,50820000,0.00%,87380104,231032881104,2865882.1,0
2029-11-28,56.3928,56.3928,56.3928,56.3928,50070000,0.00%,37310104,231032881104,2823587.5,0
2029-11-29,56.3928,56.4492,56.4492,56.3928,39210000,0.10%,306908897,231341689897,2213373.13,308808793
2029-11-30,56.4492,56.4492,56.4492,56.4492,46890000,0.00%,260018897,231341689897,2646902.99,0
2029-12-03,56.4492,56.4492,56.4492,56.4492,39990000,0.00%,220028897,231341689897,2257403.51,0
2029-12-04,56.4492,56.4492,56.4492,56.4492,55080000,0.00%,164948897,231341689897,3109221.94,0
2029-12-05,56.4492,56.4492,56.4492,56.4492,42150000,0.00%,122798897,231341689897,2379333.78,0
2029-12-06,56.4492,56.4492,56.4492,56.4492,39930000,0.00%,82868897,231341689897,2254016.56,0
2029-12-07,56.4492,56.5057,56.5057,56.4492,83130000,0.10%,307398318,231649349318,4697318.84,307659421
2029-12-10,56.5057,56.5057,56.5057,56.5057,67380000,0.00%,240018318,231649349318,3807354.07,0
2029-12-11,56.5057,56.5057,56.5057,56.5057,90840000,0.00%,149178318,231649349318,5132977.79,0
2029-12-12,56.5057,56.5057,56.5057,56.5057,39300000,0.00%,109878318,231649349318,2220674.01,0
2029-12-13,56.5057,56.5057,56.5057,56.5057,70230000,0.00%,39648318,231649349318,3968395.31,0
2029-12-14,56.5057,56.5622,56.5622,56.5057,48900000,0.10%,295888846,231954489846,2765891.58,305140527
2029-12-17,56.5622,56.5622,56.5622,56.5622,42180000,0.00%,253708846,231954489846,2385793.6,0
2029-12-18,56.5622,56.5622,56.5622,56.5622,50340000,0.00%,203368846,231954489846,2847341.15,0
2029-12-19,56.5622,56.5622,56.5622,56.5622,44730000,0.00%,158638846,231954489846,2530027.21,0
2029-12-20,56.5622,56.5622,56.5622,56.5622,104010000,0.00%,54628846,231954489846,5883034.42,0
2029-12-21,56.5622,56.6187,56.6187,56.5622,134490000,0.10%,230616564,232264967564,7614648.96,310477717
2029-12-24,56.6187,56.6187,56.6187,56.6187,62580000,0.00%,168036564,232264967564,3543198.25,0
2029-12-25,56.6187,56.6187,56.6187,56.6187,23610000,0.00%,144426564,232264967564,1336767.51,0
2029-12-28,56.6187,56.6187,56.6187,56.6187,40650000,0.00%,103776564,232264967564,2301550.16,0
2029-12-31,56.6187,56.6187,56.6187,56.6187,40560000,0.00%,63216564,232264967564,2296454.47,0
2030-01-01,56.6187,56.6187,56.6187,56.6187,33697000,0.00%,29519564,232264967564,1907880.33,0
2030-01-03,56.6187,56.6754,56.6754,56.6187,64263000,0.10%,294248036,232593959036,3642131.23,328991472
2030-01-04,56.6754,56.6754,56.6754,56.6754,52204000,0.00%,242044036,232593959036,2958682.58,0
2030-01-07,56.6754,56.6754,56.6754,56.6754,52297000,0.00%,189747036,232593959036,2963953.39,0
2030-01-08,56.6754,56.732,56.732,56.6754,443052000,0.10%,81380993,232928644993,25135226.06,334685956
2030-01-09,56.732,56.7888,56.7888,56.732,295926000,0.10%,119286836,233262476836,16805282.43,333831843
2030-01-10,56.7888,56.8456,56.8456,56.7888,187798000,0.10%,265038467,233596026467,10675489.99,333549631
2030-01-11,56.8456,56.8456,56.8456,56.8456,114855000,0.00%,150183467,233596026467,6529001.39,0
2030-01-14,56.8456,56.8456,56.8456,56.8456,107849000,0.00%,42334467,233596026467,6130741.11,0
2030-01-15,56.8456,56.9024,56.9024,56.8456,125922000,0.10%,250612468,233930226468,7165264.01,334200000
2030-01-16,56.9024,56.9024,56.9024,56.9024,90396000,0.00%,160216468,233930226468,5143749.35,0
2030-01-17,56.9024,56.9024,56.9024,56.9024,81034000,0.00%,79182468,233930226468,4611029.08,0
2030-01-18,56.9024,56.9024,56.9024,56.9024,53134000,0.00%,26048468,233930226468,3023452.12,0
2030-01-21,56.9024,56.9593,56.9593,56.9024,96534000,0.10%,261506737,234262218737,5498509.07,331992268
2030-01-22,56.9593,56.9593,56.9593,56.9593,78275000,0.00%,183231737,234262218737,4458489.21,0
2030-01-23,56.9593,56.9593,56.9593,56.9593,55366000,0.00%,127865737,234262218737,3153608.6,0
2030-01-24,56.9593,56.9593,56.9593,56.9593,65906000,0.00%,61959737,234262218737,3753959.63,0
2030-01-25,56.9593,57.0163,57.0163,56.9593,74648000,0.10%,317853227,234592760227,4256152.76,330541490
2030-01-28,57.0163,57.0163,57.0163,57.0163,73191000,0.00%,244662227,234592760227,4173080.01,0
2030-01-29,57.0163,57.0163,57.0163,57.0163,44020000,0.00%,200642227,234592760227,2509857.53,0
2030-02-04,57.0163,57.0163,57.0163,57.0163,86552000,0.00%,114090227,234592760227,4934874.8,0
2030-02-05,57.0163,57.0163,57.0163,57.0163,96968000,0.00%,17122227,234592760227,5528756.58,0
2030-02-06,57.0163,57.0733,57.0733,57.0163,99603000,0.10%,248935873,234924176873,5684671.9,331416645
2030-02-07,57.0733,57.0733,57.0733,57.0733,60729000,0.00%,188206873,234924176873,3466004.44,0
2030-02-08,57.0733,57.0733,57.0733,57.0733,107167000,0.00%,81039873,234924176873,6116374.34,0
2030-02-11,57.0733,57.1303,57.1303,57.0733,97371000,0.10%,314761451,235255269451,5562834.44,331092578
2030-02-12,57.1303,57.1303,57.1303,57.1303,95759000,0.00%,219002451,235255269451,5470740.4,0
2030-02-13,57.1303,57.1303,57.1303,57.1303,118606000,0.00%,100396451,235255269451,6775996.36,0
2030-02-14,57.1303,57.1875,57.1875,57.1303,189069000,0.10%,242207654,235586149654,10812383.44,330880203
2030-02-15,57.1875,57.1875,57.1875,57.1875,231012000,0.00%,11195654,235586149654,13210998.75,0
2030-02-18,57.1875,57.3019,57.3019,57.1875,391282000,0.20%,281604000,236247840000,22421202.04,661690346
2030-02-19,57.3019,57.3019,57.3019,57.3019,193843000,0.00%,87761000,236247840000,11107572.2,0
2030-02-20,57.3019,57.3592,57.3592,57.3019,105803000,0.10%,310230701,236576112701,6068775.44,328272701
2030-02-21,57.3592,57.3592,57.3592,57.3592,107105000,0.00%,203125701,236576112701,6143457.12,0
2030-02-22,57.3592,57.4166,57.4166,57.3592,228005000,0.10%,302635086,236903627086,13091271.88,327514384
2030-02-25,57.4166,57.4166,57.4166,57.4166,209374000,0.00%,93261086,236903627086,12021543.21,0
2030-02-26,57.4166,57.474,57.474,57.4166,175181000,0.10%,239715347,237225262347,10068352.79,321635261
2030-02-27,57.474,57.474,57.474,57.474,125519000,0.00%,114196347,237225262347,7214079.01,0
2030-02-28,57.474,57.5315,57.5315,57.474,120590000,0.10%,315193739,237546849739,6937723.58,321587392
2030-03-01,57.5315,57.5315,57.5315,57.5315,161696000,0.00%,153497739,237546849739,9302613.42,0
2030-03-04,57.5315,57.5315,57.5315,57.5315,101525000,0.00%,51972739,237546849739,5840885.54,0
2030-03-05,57.5315,57.589,57.589,57.5315,96472000,0.10%,275308193,237866657193,5555726.01,319807453
2030-03-06,57.589,57.589,57.589,57.589,109027000,0.00%,166281193,237866657193,6278755.9,0
2030-03-07,57.589,57.6466,57.6466,57.589,247008000,0.10%,239341217,238186725217,14239171.37,320068024
2030-03-08,57.6466,57.6466,57.6466,57.6466,144119000,0.00%,95222217,238186725217,8307970.35,0
2030-03-11,57.6466,57.7042,57.7042,57.6466,106702000,0.10%,305755427,238503960427,6157153.55,317235209
2030-03-12,57.7042,57.7042,57.7042,57.7042,104935000,0.00%,200820427,238503960427,6055190.23,0
2030-03-13,57.7042,57.7042,57.7042,57.7042,86893000,0.00%,113927427,238503960427,5014091.05,0
2030-03-14,57.7042,57.7042,57.7042,57.7042,84723000,0.00%,29204427,238503960427,4888872.94,0
2030-03-15,57.7042,57.7619,57.7619,57.7042,95201000,0.10%,252688411,238822645411,5498990.64,318684983
2030-03-18,57.7619,57.7619,57.7619,57.7619,68510000,0.00%,184178411,238822645411,3957267.77,0
2030-03-19,57.7619,57.7619,57.7619,57.7619,104284000,0.00%,79894411,238822645411,6023641.98,0
2030-03-20,57.7619,57.8197,57.8197,57.7619,97960000,0.10%,300742670,239141453670,5664017.81,318808258
2030-03-21,57.8197,57.8197,57.8197,57.8197,154535000,0.00%,146207670,239141453670,8935167.34,0
2030-03-22,57.8197,57.8197,57.8197,57.8197,131006000,0.00%,15201670,239141453670,7574727.62,0
2030-03-25,57.8197,57.8775,57.8775,57.8197,76260000,0.10%,258237655,239460749655,4413738.15,319295985
2030-03-26,57.8775,57.8775,57.8775,57.8775,85994000,0.00%,172243655,239460749655,4977117.74,0
2030-03-27,57.8775,57.8775,57.8775,57.8775,53661000,0.00%,118582655,239460749655,3105764.53,0
2030-03-28,57.8775,57.8775,57.8775,57.8775,54560000,0.00%,64022655,239460749655,3157796.4,0
2030-03-29,57.8775,57.8775,57.8775,57.8775,57629000,0.00%,6393655,239460749655,3335422.45,0
2030-04-01,57.8775,57.9354,57.9354,57.8775,86924000,0.10%,241988231,239783268231,5035976.71,322518575
2030-04-02,57.9354,57.9354,57.9354,57.9354,60512000,0.00%,181476231,239783268231,3505786.92,0
2030-04-03,57.9354,57.9354,57.9354,57.9354,44175000,0.00%,137301231,239783268231,2559296.29,0
2030-04-04,57.9354,57.9354,57.9354,57.9354,90582000,0.00%,46719231,239783268231,5247904.4,0
2030-04-08,57.9354,58.0513,58.0513,57.9354,382416000,0.20%,311633780,240430598780,22199745.94,647330549
2030-04-09,58.0513,58.0513,58.0513,58.0513,201872000,0.00%,109761780,240430598780,11718932.03,0
2030-04-10,58.0513,58.1094,58.1094,58.0513,206088000,0.10%,244338863,240771263863,11975650.03,340665082
2030-04-11,58.1094,58.1094,58.1094,58.1094,179180000,0.00%,65158863,240771263863,10412042.29,0
2030-04-12,58.1094,58.1675,58.1675,58.1094,144429000,0.10%,265283107,241115817107,8401073.86,344553243
2030-04-15,58.1675,58.1675,58.1675,58.1675,94085000,0.00%,171198107,241115817107,5472689.24,0
2030-04-16,58.1675,58.1675,58.1675,58.1675,62775000,0.00%,108423107,241115817107,3651464.81,0
2030-04-17,58.1675,58.1675,58.1675,58.1675,84692000,0.00%,23731107,241115817107,4926321.91,0
2030-04-18,58.1675,58.2257,58.2257,58.1675,75888000,0.10%,297704521,241465678521,4418631.92,349861413
2030-04-23,58.2257,58.2257,58.2257,58.2257,74524000,0.00%,223180521,241465678521,4339212.07,0
2030-04-24,58.2257,58.2257,58.2257,58.2257,83700000,0.00%,139480521,241465678521,4873491.09,0
2030-04-25,58.2257,58.2257,58.2257,58.2257,58621000,0.00%,80859521,241465678521,3413248.76,0
2030-04-26,58.2257,58.2839,58.2839,58.2257,89125000,0.10%,344981821,241818925821,5194552.59,353247300
2030-04-29,58.2839,58.2839,58.2839,58.2839,42811000,0.00%,302170821,241818925821,2495192.04,0
2030-04-30,58.2839,58.2839,58.2839,58.2839,50747000,0.00%,251423821,241818925821,2957733.07,0
2030-05-01,58.2839,58.2839,58.2839,58.2839,47461000,0.00%,203962821,241818925821,2766212.18,0
2030-05-03,58.2839,58.2839,58.2839,58.2839,41044000,0.00%,162918821,241818925821,2392204.39,0
2030-05-07,58.2839,58.2839,58.2839,58.2839,61411000,0.00%,101507821,241818925821,3579272.58,0
2030-05-08,58.2839,58.2839,58.2839,58.2839,79422000,0.00%,22085821,241818925821,4629023.91,0
2030-05-09,58.2839,58.3422,58.3422,58.2839,61442000,0.10%,320746495,242179028495,3584661.45,360102674
2030-05-10,58.3422,58.3422,58.3422,58.3422,42718000,0.00%,278028495,242179028495,2492262.1,0
2030-05-13,58.3422,58.3422,58.3422,58.3422,111135000,0.00%,166893495,242179028495,6483860.4,0
2030-05-14,58.3422,58.3422,58.3422,58.3422,71672000,0.00%,95221495,242179028495,4181502.16,0
2030-05-15,58.3422,58.3422,58.3422,58.3422,75299000,0.00%,19922495,242179028495,4393109.32,0
2030-05-16,58.3422,58.4005,58.4005,58.3422,101679999,0.10%,282436865,242543222865,5938162.84,364194369
2030-05-17,58.4005,58.4005,58.4005,58.4005,66123000,0.00%,216313865,242543222865,3861616.26,0
2030-05-20,58.4005,58.4005,58.4005,58.4005,69626000,0.00%,146687865,242543222865,4066193.21,0
2030-05-21,58.4005,58.4005,58.4005,58.4005,48949000,0.00%,97738865,242543222865,2858646.07,0
2030-05-22,58.4005,58.4005,58.4005,58.4005,58652000,0.00%,39086865,242543222865,3425306.13,0
2030-05-23,58.4005,58.4589,58.4589,58.4005,44268000,0.10%,386419596,242934823596,2587858.59,391600731
2030-05-24,58.4589,58.4589,58.4589,58.4589,50406000,0.00%,336013596,242934823596,2946679.31,0
2030-05-27,58.4589,58.4589,58.4589,58.4589,53599000,0.00%,282414596,242934823596,3133338.58,0
2030-05-28,58.4589,58.4589,58.4589,58.4589,46469000,0.00%,235945596,242934823596,2716526.62,0
2030-05-29,58.4589,58.4589,58.4589,58.4589,52111000,0.00%,183834596,242934823596,3046351.74,0
2030-05-30,58.4589,58.4589,58.4589,58.4589,60047000,0.00%,123787596,242934823596,3510281.57,0
2030-05-31,58.4589,58.4589,58.4589,58.4589,87668000,0.00%,36119596,242934823596,5124974.85,0
2030-06-03,58.4589,58.5174,58.5174,58.4589,40579000,0.10%,411251482,243350534482,2374577.57,415710886
2030-06-04,58.5174,58.5174,58.5174,58.5174,45291000,0.00%,365960482,243350534482,2650311.56,0
2030-06-05,58.5174,58.5174,58.5174,58.5174,56978000,0.00%,308982482,243350534482,3334204.42,0
2030-06-06,58.5174,58.5174,58.5174,58.5174,59923000,0.00%,249059482,243350534482,3506538.16,0
2030-06-07,58.5174,58.5174,58.5174,58.5174,40734000,0.00%,208325482,243350534482,2383647.77,0
2030-06-10,58.5174,58.5174,58.5174,58.5174,57288000,0.00%,151037482,243350534482,3352344.81,0
2030-06-11,58.5174,58.5174,58.5174,58.5174,52824000,0.00%,98213482,243350534482,3091123.14,0
2030-06-12,58.5174,58.5174,58.5174,58.5174,45818000,0.00%,52395482,243350534482,2681150.23,0
2030-06-13,58.5174,58.5174,58.5174,58.5174,41447000,0.00%,10948482,243350534482,2425370.68,0
2030-06-14,58.5174,58.5759,58.5759,58.5174,59179000,0.10%,388395182,243787160182,3466463.19,436625699
2030-06-17,58.5759,58.5759,58.5759,58.5759,42718000,0.00%,345677182,243787160182,2502245.3,0
2030-06-18,58.5759,58.5759,58.5759,58.5759,35712000,0.00%,309965182,243787160182,2091862.54,0
2030-06-19,58.5759,58.5759,58.5759,58.5759,47089000,0.00%,262876182,243787160182,2758280.56,0
2030-06-20,58.5759,58.5759,58.5759,58.5759,60109000,0.00%,202767182,243787160182,3520938.77,0
2030-06-21,58.5759,58.5759,58.5759,58.5759,63922000,0.00%,138845182,243787160182,3744288.68,0
2030-06-24,58.5759,58.5759,58.5759,58.5759,44175000,0.00%,94670182,243787160182,2587590.38,0
2030-06-25,58.5759,58.5759,58.5759,58.5759,55087000,0.00%,39583182,243787160182,3226770.6,0
2030-06-26,58.5759,58.6345,58.6345,58.5759,54529000,0.10%,422828382,244224934382,3197280.65,437774200
2030-06-27,58.6345,58.6345,58.6345,58.6345,46500000,0.00%,376328382,244224934382,2726504.25,0
2030-06-28,58.6345,58.6345,58.6345,58.6345,47058000,0.00%,329270382,244224934382,2759222.3,0
2030-07-01,58.6345,58.6345,58.6345,58.6345,57226000,0.00%,272044382,244224934382,3355417.9,0
2030-07-03,58.6345,58.6345,58.6345,58.6345,56420000,0.00%,215624382,244224934382,3308158.49,0
2030-07-04,58.6345,58.6345,58.6345,58.6345,58776000,0.00%,156848382,244224934382,3446301.37,0
2030-07-05,58.6345,58.6345,58.6345,58.6345,45446000,0.00%,111402382,244224934382,2664703.49,0
2030-07-08,58.6345,58.6345,58.6345,58.6345,36053000,0.00%,75349382,244224934382,2113949.63,0
2030-07-09,58.6345,58.6345,58.6345,58.6345,40827000,0.00%,34522382,244224934382,2393870.73,0
2030-07-10,58.6345,58.6931,58.6931,58.6345,55242000,0.10%,434462725,244680116725,3242324.23,455182342
2030-07-11,58.6931,58.6931,58.6931,58.6931,43493000,0.00%,390969725,244680116725,2552739.0,0
2030-07-12,58.6931,58.6931,58.6931,58.6931,59613000,0.00%,331356725,244680116725,3498871.77,0
2030-07-15,58.6931,58.6931,58.6931,58.6931,36270000,0.00%,295086725,244680116725,2128798.74,0
2030-07-16,58.6931,58.6931,58.6931,58.6931,85095000,0.00%,209991725,244680116725,4994489.34,0
2030-07-17,58.6931,58.6931,58.6931,58.6931,72075000,0.00%,137916725,244680116725,4230305.18,0
2030-07-18,58.6931,58.6931,58.6931,58.6931,42594000,0.00%,95322725,244680116725,2499973.9,0
2030-07-19,58.6931,58.6931,58.6931,58.6931,42718000,0.00%,52604725,244680116725,2507251.85,0
2030-07-22,58.6931,58.6931,58.6931,58.6931,41137000,0.00%,11467725,244680116725,2414458.05,0
2030-07-23,58.6931,58.7518,58.7518,58.6931,54560000,0.10%,422041214,245145250214,3205498.21,465133489
2030-07-24,58.7518,58.7518,58.7518,58.7518,144894000,0.00%,277147214,245145250214,8512783.31,0
2030-07-25,58.7518,58.7518,58.7518,58.7518,74958000,0.00%,202189214,245145250214,4403917.42,0
2030-07-26,58.7518,58.7518,58.7518,58.7518,61659000,0.00%,140530214,245145250214,3622577.24,0
2030-07-29,58.7518,58.7518,58.7518,58.7518,45446000,0.00%,95084214,245145250214,2670034.3,0
2030-07-30,58.7518,58.7518,58.7518,58.7518,52235000,0.00%,42849214,245145250214,3068900.27,0
2030-07-31,58.7518,58.8105,58.8105,58.7518,60016000,0.10%,444355569,245606772569,3529570.97,461522355
2030-08-01,58.8105,58.8105,58.8105,58.8105,63395000,0.00%,380960569,245606772569,3728291.65,0
2030-08-02,58.8105,58.8105,58.8105,58.8105,65720000,0.00%,315240569,245606772569,3865026.06,0
2030-08-05,58.8105,58.8105,58.8105,58.8105,53754000,0.00%,261486569,245606772569,3161299.62,0
2030-08-06,58.8105,58.8105,58.8105,58.8105,53785000,0.00%,207701569,245606772569,3163122.74,0
2030-08-07,58.8105,58.8105,58.8105,58.8105,64294000,0.00%,143407569,245606772569,3781162.29,0
2030-08-08,58.8105,58.8105,58.8105,58.8105,52514000,0.00%,90893569,245606772569,3088374.6,0
2030-08-09,58.8105,58.8105,58.8105,58.8105,41261000,0.00%,49632569,245606772569,2426580.04,0
2030-08-12,58.8105,58.8105,58.8105,58.8105,36549000,0.00%,13083569,245606772569,2149464.96,0
2030-08-13,58.8105,58.8693,58.8693,58.8105,42873000,0.10%,438139012,246074701012,2523903.5,467928442
2030-08-14,58.8693,58.8693,58.8693,58.8693,116560000,0.00%,321579012,246074701012,6861805.61,0
2030-08-15,58.8693,58.8693,58.8693,58.8693,112654000,0.00%,208925012,246074701012,6631862.12,0
2030-08-16,58.8693,58.8693,58.8693,58.8693,68758000,0.00%,140167012,246074701012,4047735.33,0
2030-08-19,58.8693,58.8693,58.8693,58.8693,54529000,0.00%,85638012,246074701012,3210084.06,0
2030-08-20,58.8693,58.8693,58.8693,58.8693,50716000,0.00%,34922012,246074701012,2985615.42,0
2030-08-21,58.8693,58.9282,58.9282,58.8693,49445000,0.10%,450851783,246540075783,2913704.85,465374771
2030-08-22,58.9282,58.9282,58.9282,58.9282,44299000,0.00%,406552783,246540075783,2610460.33,0
2030-08-23,58.9282,58.9282,58.9282,58.9282,60078000,0.00%,346474783,246540075783,3540288.4,0
2030-08-26,58.9282,58.9282,58.9282,58.9282,79639000,0.00%,266835783,246540075783,4692982.92,0
2030-08-27,58.9282,58.9282,58.9282,58.9282,64046000,0.00%,202789783,246540075783,3774115.5,0
2030-08-28,58.9282,58.9282,58.9282,58.9282,65906000,0.00%,136883783,246540075783,3883721.95,0
2030-08-29,58.9282,58.9282,58.9282,58.9282,67301000,0.00%,69582783,246540075783,3965926.79,0
2030-08-30,58.9282,58.9282,58.9282,58.9282,56513000,0.00%,13069783,246540075783,3330209.37,0
2030-09-02,58.9282,58.9871,58.9871,58.9282,49476000,0.10%,426509176,247002991176,2918445.76,462915393
2030-09-03,58.9871,58.9871,58.9871,58.9871,45911000,0.00%,380598176,247002991176,2708156.75,0
2030-09-04,58.9871,58.9871,58.9871,58.9871,48112000,0.00%,332486176,247002991176,2837987.36,0
2030-09-05,58.9871,58.9871,58.9871,58.9871,55800000,0.00%,276686176,247002991176,3291480.18,0
2030-09-06,58.9871,58.9871,58.9871,58.9871,59055000,0.00%,217631176,247002991176,3483483.19,0
2030-09-09,58.9871,58.9871,58.9871,58.9871,67642000,0.00%,149989176,247002991176,3990005.42,0
2030-09-10,58.9871,58.9871,58.9871,58.9871,61597000,0.00%,88392176,247002991176,3633428.4,0
2030-09-11,58.9871,58.9871,58.9871,58.9871,59489000,0.00%,28903176,247002991176,3509083.59,0
2030-09-12,58.9871,59.0461,59.0461,58.9871,56389000,0.10%,430915287,247461392287,3329550.53,458401110
2030-09-13,59.0461,59.0461,59.0461,59.0461,64418000,0.00%,366497287,247461392287,3803631.67,0
2030-09-16,59.0461,59.0461,59.0461,59.0461,50747000,0.00%,315750287,247461392287,2996412.44,0
2030-09-17,59.0461,59.0461,59.0461,59.0461,41354000,0.00%,274396287,247461392287,2441792.42,0
2030-09-18,59.0461,59.0461,59.0461,59.0461,69285000,0.00%,205111287,247461392287,4091009.04,0
2030-09-19,59.0461,59.0461,59.0461,59.0461,92969000,0.00%,112142287,247461392287,5489456.87,0
2030-09-20,59.0461,59.0461,59.0461,59.0461,64511000,0.00%,47631287,247461392287,3809122.96,0
2030-09-23,59.0461,59.0461,59.0461,59.0461,39990000,0.00%,7641287,247461392287,2361253.54,0
2030-09-24,59.0461,59.1052,59.1052,59.0461,47399000,0.10%,413558448,247914708448,2801527.37,453316161
2030-09-25,59.1052,59.1052,59.1052,59.1052,57164000,0.00%,356394448,247914708448,3378689.65,0
2030-09-26,59.1052,59.1052,59.1052,59.1052,53878000,0.00%,302516448,247914708448,3184469.97,0
2030-09-27,59.1052,59.1052,59.1052,59.1052,60450000,0.00%,242066448,247914708448,3572909.34,0
2030-09-30,59.1052,59.1052,59.1052,59.1052,63519000,0.00%,178547448,247914708448,3754303.2,0
2030-10-01,59.1052,59.1052,59.1052,59.1052,63891000,0.00%,114656448,247914708448,3776290.33,0
2030-10-03,59.1052,59.1052,59.1052,59.1052,53134000,0.00%,61522448,247914708448,3140495.7,0
2030-10-04,59.1052,59.1052,59.1052,59.1052,22103000,0.00%,39419448,247914708448,1306402.24,0
2030-10-07,59.1052,59.1052,59.1052,59.1052,24273000,0.00%,15146448,247914708448,1434660.52,0
2030-10-09,59.1052,59.1643,59.1643,59.1052,32674000,0.10%,434099582,248366335582,1933134.34,451627133
2030-10-10,59.1643,59.1643,59.1643,59.1643,44795000,0.00%,389304582,248366335582,2650264.82,0
2030-10-11,59.1643,59.1643,59.1643,59.1643,61690000,0.00%,327614582,248366335582,3649845.67,0
2030-10-14,59.1643,59.1643,59.1643,59.1643,117831000,0.00%,209783582,248366335582,6971388.63,0
2030-10-15,59.1643,59.1643,59.1643,59.1643,83080000,0.00%,126703582,248366335582,4915370.04,0
2030-10-16,59.1643,59.1643,59.1643,59.1643,56978000,0.00%,69725582,248366335582,3371063.49,0
2030-10-17,59.1643,59.1643,59.1643,59.1643,44299000,0.00%,25426582,248366335582,2620919.33,0
2030-10-18,59.1643,59.2234,59.2234,59.1643,57815000,0.10%,412053621,248810777621,3424000.87,444442039
2030-10-21,59.2234,59.2234,59.2234,59.2234,46376000,0.00%,365677621,248810777621,2746544.4,0
2030-10-22,59.2234,59.2234,59.2234,59.2234,43927000,0.00%,321750621,248810777621,2601506.29,0
2030-10-23,59.2234,59.2234,59.2234,59.2234,30938000,0.00%,290812621,248810777621,1832253.55,0
2030-10-24,59.2234,59.2234,59.2234,59.2234,38502000,0.00%,252310621,248810777621,2280219.35,0
2030-10-25,59.2234,59.2234,59.2234,59.2234,37200000,0.00%,215110621,248810777621,2203110.48,0
2030-10-28,59.2234,59.2234,59.2234,59.2234,49724000,0.00%,165386621,248810777621,2944824.34,0
2030-10-29,59.2234,59.2234,59.2234,59.2234,50530000,0.00%,114856621,248810777621,2992558.4,0
2030-10-31,59.2234,59.2234,59.2234,59.2234,67487000,0.00%,47369621,248810777621,3996809.6,0
2030-11-01,59.2234,59.2827,59.2827,59.2234,63798000,0.10%,431571155,249258777155,3782117.69,447999534
2030-11-04,59.2827,59.2827,59.2827,59.2827,35929000,0.00%,395642155,249258777155,2129968.13,0
2030-11-05,59.2827,59.2827,59.2827,59.2827,46407000,0.00%,349235155,249258777155,2751132.26,0
2030-11-06,59.2827,59.2827,59.2827,59.2827,41261000,0.00%,307974155,249258777155,2446063.48,0
2030-11-07,59.2827,59.2827,59.2827,59.2827,40548000,0.00%,267426155,249258777155,2403794.92,0
2030-11-08,59.2827,59.2827,59.2827,59.2827,41261000,0.00%,226165155,249258777155,2446063.48,0
2030-11-11,59.2827,59.2827,59.2827,59.2827,44981000,0.00%,181184155,249258777155,2666595.13,0
2030-11-12,59.2827,59.2827,59.2827,59.2827,40579000,0.00%,140605155,249258777155,2405632.68,0
2030-11-13,59.2827,59.2827,59.2827,59.2827,42346000,0.00%,98259155,249258777155,2510385.21,0
2030-11-14,59.2827,59.2827,59.2827,59.2827,53630000,0.00%,44629155,249258777155,3179331.2,0
2030-11-15,59.2827,59.342,59.342,59.2827,61876000,0.10%,429197281,249705221281,3671845.59,446444126
2030-11-18,59.342,59.342,59.342,59.342,42749000,0.00%,386448281,249705221281,2536811.16,0
2030-11-19,59.342,59.342,59.342,59.342,58342000,0.00%,328106281,249705221281,3462130.96,0
2030-11-20,59.342,59.342,59.342,59.342,43276000,0.00%,284830281,249705221281,2568084.39,0
2030-11-21,59.342,59.342,59.342,59.342,43462000,0.00%,241368281,249705221281,2579122.0,0
2030-11-22,59.342,59.342,59.342,59.342,73563000,0.00%,167805281,249705221281,4365375.55,0
2030-11-25,59.342,59.342,59.342,59.342,69378000,0.00%,98427281,249705221281,4117029.28,0
2030-11-26,59.342,59.342,59.342,59.342,46128000,0.00%,52299281,249705221281,2737327.78,0
2030-11-27,59.342,59.342,59.342,59.342,44733000,0.00%,7566281,249705221281,2654545.69,0
2030-11-28,59.342,59.4013,59.4013,59.342,48019000,0.10%,404423029,250150097029,2852391.02,444875748
2030-11-29,59.4013,59.4013,59.4013,59.4013,40982000,0.00%,363441029,250150097029,2434384.08,0
2030-12-02,59.4013,59.4013,59.4013,59.4013,39184000,0.00%,324257029,250150097029,2327580.54,0
2030-12-03,59.4013,59.4013,59.4013,59.4013,35526000,0.00%,288731029,250150097029,2110290.58,0
2030-12-04,59.4013,59.4013,59.4013,59.4013,34100000,0.00%,254631029,250150097029,2025584.33,0
2030-12-05,59.4013,59.4013,59.4013,59.4013,47523000,0.00%,207108029,250150097029,2822927.98,0
2030-12-06,59.4013,59.4013,59.4013,59.4013,45384000,0.00%,161724029,250150097029,2695868.6,0
2030-12-09,59.4013,59.4013,59.4013,59.4013,41602000,0.00%,120122029,250150097029,2471212.88,0
2030-12-10,59.4013,59.4013,59.4013,59.4013,54033000,0.00%,66089029,250150097029,3209630.44,0
2030-12-11,59.4013,59.4013,59.4013,59.4013,45725000,0.00%,20364029,250150097029,2716124.44,0
2030-12-12,59.4013,59.4607,59.4607,59.4013,38688000,0.10%,429497367,250597918367,2300415.56,447821337
2030-12-13,59.4607,59.4607,59.4607,59.4607,55273000,0.00%,374224367,250597918367,3286571.27,0
2030-12-16,59.4607,59.4607,59.4607,59.4607,47027000,0.00%,327197367,250597918367,2796258.34,0
2030-12-17,59.4607,59.4607,59.4607,59.4607,49569000,0.00%,277628367,250597918367,2947407.44,0
2030-12-18,59.4607,59.4607,59.4607,59.4607,45942000,0.00%,231686367,250597918367,2731743.48,0
2030-12-19,59.4607,59.4607,59.4607,59.4607,31465000,0.00%,200221367,250597918367,1870930.93,0
2030-12-20,59.4607,59.4607,59.4607,59.4607,55087000,0.00%,145134367,250597918367,3275511.58,0
2030-12-23,59.4607,59.4607,59.4607,59.4607,42997000,0.00%,102137367,250597918367,2556631.72,0
2030-12-24,59.4607,59.4607,59.4607,59.4607,48422000,0.00%,53715367,250597918367,2879206.02,0
2030-12-25,59.4607,59.4607,59.4607,59.4607,22692000,0.00%,31023367,250597918367,1349282.2,0
2030-12-30,59.4607,59.5202,59.5202,59.4607,57350000,0.10%,424683863,251048928863,3413483.47,451010496
2030-12-31,59.5202,59.5202,59.5202,59.5202,42098000,0.00%,382585863,251048928863,2505681.38,0
2031-01-01,59.5202,59.5202,59.5202,59.5202,34688000,0.00%,347897863,251048928863,2064636.7,0
2031-01-03,59.5202,59.5202,59.5202,59.5202,51840000,0.00%,296057863,251048928863,3085527.17,0
2031-01-06,59.5202,59.5202,59.5202,59.5202,63840000,0.00%,232217863,251048928863,3799769.57,0
2031-01-07,59.5202,59.5202,59.5202,59.5202,77344000,0.00%,154873863,251048928863,4603530.35,0
2031-01-08,59.5202,59.5202,59.5202,59.5202,68416000,0.00%,86457863,251048928863,4072134.0,0
2031-01-09,59.5202,59.5202,59.5202,59.5202,59968000,0.00%,26489863,251048928863,3569307.35,0
2031-01-10,59.5202,59.5797,59.5797,59.5202,56992000,0.10%,417098634,251496529634,3395566.26,447600770
2031-01-13,59.5797,59.5797,59.5797,59.5797,88096000,0.00%,329002634,251496529634,5248733.25,0
2031-01-14,59.5797,59.5797,59.5797,59.5797,77472000,0.00%,251530634,251496529634,4615758.52,0
2031-01-15,59.5797,59.5797,59.5797,59.5797,91776000,0.00%,159754634,251496529634,5467986.55,0
2031-01-16,59.5797,59.5797,59.5797,59.5797,83808000,0.00%,75946634,251496529634,4993255.5,0
2031-01-17,59.5797,59.5797,59.5797,59.5797,65984000,0.00%,9962634,251496529634,3931306.92,0
2031-01-20,59.5797,59.6393,59.6393,59.5797,42336000,0.10%,416959678,251945862678,2524889.4,449333043
2031-01-21,59.6393,59.6393,59.6393,59.6393,77856000,0.00%,339103678,251945862678,4643277.34,0
2031-01-22,59.6393,59.6393,59.6393,59.6393,51200000,0.00%,287903678,251945862678,3053532.16,0
2031-01-23,59.6393,59.6393,59.6393,59.6393,86944000,0.00%,200959678,251945862678,5185279.3,0
2031-01-24,59.6393,59.6393,59.6393,59.6393,61376000,0.00%,139583678,251945862678,3660421.68,0
2031-01-27,59.6393,59.6393,59.6393,59.6393,55808000,0.00%,83775678,251945862678,3328350.05,0
2031-01-28,59.6393,59.6393,59.6393,59.6393,76448000,0.00%,7327678,251945862678,4559305.21,0
2031-01-29,59.6393,59.6989,59.6989,59.6393,81856000,0.10%,372087871,252392478871,4886713.16,446616192
2031-01-30,59.6989,59.6989,59.6989,59.6989,73440000,0.00%,298647871,252392478871,4384287.22,0
2031-01-31,59.6989,59.6989,59.6989,59.6989,68736000,0.00%,229911871,252392478871,4103463.59,0
2031-02-03,59.6989,59.6989,59.6989,59.6989,89376000,0.00%,140535871,252392478871,5335648.89,0
2031-02-04,59.6989,59.7586,59.7586,59.6989,208416000,0.10%,376848428,252837207428,12454648.38,444728557
2031-02-05,59.7586,59.7586,59.7586,59.7586,193184000,0.00%,183664428,252837207428,11544405.38,0
2031-02-06,59.7586,59.8184,59.8184,59.7586,253792000,0.10%,370337710,253277672710,15181431.37,440465281
2031-02-07,59.8184,59.8184,59.8184,59.8184,113280000,0.00%,257057710,253277672710,6776228.35,0
2031-02-10,59.8184,59.8184,59.8184,59.8184,84416000,0.00%,172641710,253277672710,5049630.05,0
2031-02-11,59.8184,59.8184,59.8184,59.8184,93472000,0.00%,79169710,253277672710,5591345.48,0
2031-02-12,59.8184,59.8184,59.8184,59.8184,76032000,0.00%,3137710,253277672710,4548112.59,0
2031-02-13,59.8184,59.8782,59.8782,59.8184,127328000,0.10%,312619467,253714482467,7624171.45,436809757
2031-02-14,59.8782,59.8782,59.8782,59.8782,86080000,0.00%,226539467,253714482467,5154315.46,0
2031-02-17,59.8782,59.8782,59.8782,59.8782,23104000,0.00%,203435467,253714482467,1383425.93,0
2031-02-21,59.8782,59.8782,59.8782,59.8782,68320000,0.00%,135115467,253714482467,4090878.62,0
2031-02-24,59.8782,59.8782,59.8782,59.8782,70848000,0.00%,64267467,253714482467,4242250.71,0
2031-02-25,59.8782,59.938,59.938,59.8782,115616000,0.10%,384111459,254149942459,6929791.81,435459991
2031-02-26,59.938,59.938,59.938,59.938,73088000,0.00%,311023459,254149942459,4380748.54,0
2031-02-27,59.938,59.938,59.938,59.938,81760000,0.00%,229263459,254149942459,4900530.88,0
2031-02-28,59.938,59.938,59.938,59.938,103136000,0.00%,126127459,254149942459,6181765.57,0
2031-03-03,59.938,59.938,59.938,59.938,98624000,0.00%,27503459,254149942459,5911325.31,0
2031-03-04,59.938,59.998,59.998,59.938,87584000,0.10%,373880495,254583903495,5254864.83,433961036
2031-03-05,59.998,59.998,59.998,59.998,105504000,0.00%,268376495,254583903495,6330028.99,0
2031-03-06,59.998,59.998,59.998,59.998,76672000,0.00%,191704495,254583903495,4600166.66,0
2031-03-07,59.998,59.998,59.998,59.998,97152000,0.00%,94552495,254583903495,5828925.7,0
2031-03-10,59.998,60.058,60.058,59.998,100416000,0.10%,426009952,255015776952,6030784.13,431873457
2031-03-11,60.058,60.058,60.058,60.058,185152000,0.00%,240857952,255015776952,11119858.82,0
2031-03-12,60.058,60.058,60.058,60.058,152384000,0.00%,88473952,255015776952,9151878.27,0
2031-03-13,60.058,60.058,60.058,60.058,62912000,0.00%,25561952,255015776952,3778368.9,0
2031-03-14,60.058,60.118,60.118,60.058,54976000,0.10%,397797910,255442988910,3305047.17,427211957
2031-03-17,60.118,60.118,60.118,60.118,77504000,0.00%,320293910,255442988910,4659385.47,0
2031-03-18,60.118,60.118,60.118,60.118,73184000,0.00%,247109910,255442988910,4399675.71,0
2031-03-19,60.118,60.118,60.118,60.118,68320000,0.00%,178789910,255442988910,4107261.76,0
2031-03-20,60.118,60.1782,60.1782,60.118,190176000,0.10%,407089440,255861464440,11444449.36,418475529
2031-03-21,60.1782,60.1782,60.1782,60.1782,79744000,0.00%,327345440,255861464440,4798850.38,0
2031-03-24,60.1782,60.1782,60.1782,60.1782,112384000,0.00%,214961440,255861464440,6763066.83,0
2031-03-25,60.1782,60.1782,60.1782,60.1782,93952000,0.00%,121009440,255861464440,5653862.25,0
2031-03-26,60.1782,60.1782,60.1782,60.1782,119520000,0.00%,1489440,255861464440,7192498.46,0
2031-03-27,60.1782,60.2383,60.2383,60.1782,72384000,0.10%,335585058,256267944058,4360289.11,406479617
2031-03-28,60.2383,60.2383,60.2383,60.2383,65120000,0.00%,270465058,256267944058,3922718.1,0
2031-03-31,60.2383,60.2383,60.2383,60.2383,90912000,0.00%,179553058,256267944058,5476384.33,0
2031-04-01,60.2383,60.2383,60.2383,60.2383,82560000,0.00%,96993058,256267944058,4973274.05,0
2031-04-02,60.2383,60.2383,60.2383,60.2383,68096000,0.00%,28897058,256267944058,4101987.28,0
2031-04-03,60.2383,60.2986,60.2986,60.2383,54496000,0.10%,370418382,256663961382,3286032.51,396017324
2031-04-09,60.2986,60.2986,60.2986,60.2986,105152000,0.00%,265266382,256663961382,6340518.39,0
2031-04-10,60.2986,60.2986,60.2986,60.2986,66304000,0.00%,198962382,256663961382,3998038.37,0
2031-04-11,60.2986,60.2986,60.2986,60.2986,66144000,0.00%,132818382,256663961382,3988390.6,0
2031-04-14,60.2986,60.2986,60.2986,60.2986,67648000,0.00%,65170382,256663961382,4079079.69,0
2031-04-15,60.2986,60.2986,60.2986,60.2986,57056000,0.00%,8114382,256663961382,3440396.92,0
2031-04-16,60.2986,60.3589,60.3589,60.2986,64928000,0.10%,341654075,257062429075,3918982.66,398467692
2031-04-17,60.3589,60.3589,60.3589,60.3589,72192000,0.00%,269462075,257062429075,4357429.71,0
2031-04-18,60.3589,60.3589,60.3589,60.3589,44000000,0.00%,225462075,257062429075,2655791.6,0
2031-04-21,60.3589,60.3589,60.3589,60.3589,74976000,0.00%,150486075,257062429075,4525468.89,0
2031-04-22,60.3589,60.3589,60.3589,60.3589,41952000,0.00%,108534075,257062429075,2532176.57,0
2031-04-23,60.3589,60.3589,60.3589,60.3589,74144000,0.00%,34390075,257062429075,4475250.28,0
2031-04-24,60.3589,60.4192,60.4192,60.3589,75200000,0.10%,362216985,257465455985,4543523.84,403026910
2031-04-25,60.4192,60.4192,60.4192,60.4192,59424000,0.00%,302792985,257465455985,3590350.54,0
2031-04-28,60.4192,60.4192,60.4192,60.4192,144160000,0.00%,158632985,257465455985,8710031.87,0
2031-04-29,60.4192,60.4192,60.4192,60.4192,82528000,0.00%,76104985,257465455985,4986275.74,0
2031-04-30,60.4192,60.4192,60.4192,60.4192,61824000,0.00%,14280985,257465455985,3735356.62,0
2031-05-01,60.4192,60.4797,60.4797,60.4192,122912000,0.10%,295128594,257869215594,7433680.89,403759608
2031-05-05,60.4797,60.4797,60.4797,60.4797,76032000,0.00%,219096594,257869215594,4598392.55,0
2031-05-06,60.4797,60.4797,60.4797,60.4797,41600000,0.00%,177496594,257869215594,2515955.52,0
2031-05-07,60.4797,60.4797,60.4797,60.4797,141984000,0.00%,35512594,257869215594,8587149.72,0
2031-05-08,60.4797,60.5401,60.5401,60.4797,131168000,0.10%,308126463,258272997463,7940923.84,403781869
2031-05-09,60.5401,60.5401,60.5401,60.5401,80672000,0.00%,227454463,258272997463,4883890.95,0
2031-05-12,60.5401,60.5401,60.5401,60.5401,88992000,0.00%,138462463,258272997463,5387584.58,0
2031-05-13,60.5401,60.5401,60.5401,60.5401,103904000,0.00%,34558463,258272997463,6290358.55,0
2031-05-14,60.5401,60.6007,60.6007,60.5401,85184000,0.10%,367740526,258691363526,5162210.03,418366062
2031-05-15,60.6007,60.6007,60.6007,60.6007,125888000,0.00%,241852526,258691363526,7628900.92,0
2031-05-16,60.6007,60.6007,60.6007,60.6007,84640000,0.00%,157212526,258691363526,5129243.25,0
2031-05-19,60.6007,60.6007,60.6007,60.6007,94400000,0.00%,62812526,258691363526,5720706.08,0
2031-05-20,60.6007,60.6613,60.6613,60.6007,107968000,0.10%,376755207,259113274207,6549479.24,421910681
2031-05-21,60.6613,60.6613,60.6613,60.6613,60576000,0.00%,316179207,259113274207,3674618.91,0
2031-05-22,60.6613,60.6613,60.6613,60.6613,126880000,0.00%,189299207,259113274207,7696705.74,0
2031-05-23,60.6613,60.6613,60.6613,60.6613,76800000,0.00%,112499207,259113274207,4658787.84,0
2031-05-27,60.6613,60.6613,60.6613,60.6613,104960000,0.00%,7539207,259113274207,6367010.05,0
2031-05-28,60.6613,60.7219,60.7219,60.6613,79552000,0.10%,351681803,259536968803,4830548.59,423694595
2031-05-29,60.7219,60.7219,60.7219,60.7219,135040000,0.00%,216641803,259536968803,8199885.38,0
2031-05-30,60.7219,60.7219,60.7219,60.7219,153632000,0.00%,63009803,259536968803,9328826.94,0
2031-06-02,60.7219,60.7827,60.7827,60.7219,112512000,0.10%,375543076,259962014076,6838783.14,425045273
2031-06-03,60.7827,60.7827,60.7827,60.7827,325984000,0.00%,49559076,259962014076,19814187.68,0
2031-06-04,60.7827,60.8434,60.8434,60.7827,157120000,0.10%,315431092,260385006092,9559715.01,422992015
2031-06-05,60.8434,60.8434,60.8434,60.8434,92960000,0.00%,222471092,260385006092,5656002.46,0
2031-06-06,60.8434,60.8434,60.8434,60.8434,101280000,0.00%,121191092,260385006092,6162219.55,0
2031-06-09,60.8434,60.8434,60.8434,60.8434,92864000,0.00%,28327092,260385006092,5650161.5,0
2031-06-10,60.8434,60.9043,60.9043,60.8434,119648000,0.10%,333884963,260810211963,7287077.69,425205870
2031-06-11,60.9043,60.9043,60.9043,60.9043,114528000,0.00%,219356963,260810211963,6975247.67,0
2031-06-12,60.9043,60.9043,60.9043,60.9043,91456000,0.00%,127900963,260810211963,5570063.66,0
2031-06-13,60.9043,60.9043,60.9043,60.9043,71456000,0.00%,56444963,260810211963,4351977.66,0
2031-06-16,60.9043,60.9652,60.9652,60.9043,63200000,0.10%,423801110,261240768110,3853000.64,430556146
2031-06-17,60.9652,60.9652,60.9652,60.9652,77824000,0.00%,345977110,261240768110,4744555.72,0
2031-06-18,60.9652,60.9652,60.9652,60.9652,54272000,0.00%,291705110,261240768110,3308703.33,0
2031-06-19,60.9652,60.9652,60.9652,60.9652,96384000,0.00%,195321110,261240768110,5876069.84,0
2031-06-23,60.9652,60.9652,60.9652,60.9652,100992000,0.00%,94329110,261240768110,6156997.48,0
2031-06-24,60.9652,61.0262,61.0262,60.9652,139008000,0.10%,391074052,261676521052,8483130.01,435752942
2031-06-25,61.0262,61.0262,61.0262,61.0262,127872000,0.00%,263202052,261676521052,7803542.25,0
2031-06-26,61.0262,61.0262,61.0262,61.0262,94304000,0.00%,168898052,261676521052,5755014.76,0
2031-06-27,61.0262,61.0262,61.0262,61.0262,101984000,0.00%,66914052,261676521052,6223695.98,0
2031-06-30,61.0262,61.0872,61.0872,61.0262,105824000,0.10%,400266861,262115697861,6464491.85,439176808
2031-07-01,61.0872,61.0872,61.0872,61.0872,124768000,0.00%,275498861,262115697861,7621727.77,0
2031-07-03,61.0872,61.0872,61.0872,61.0872,130912000,0.00%,144586861,262115697861,7997047.53,0
2031-07-04,61.0872,61.0872,61.0872,61.0872,79872000,0.00%,64714861,262115697861,4879156.84,0
2031-07-07,61.0872,61.1483,61.1483,61.0872,132800000,0.10%,354484270,262538267270,8120494.24,422569408
2031-07-08,61.1483,61.1483,61.1483,61.1483,177344000,0.00%,177140270,262538267270,10844284.12,0
2031-07-09,61.1483,61.2094,61.2094,61.1483,180096000,0.10%,416475464,262957698464,11023568.1,419431194
2031-07-10,61.2094,61.2094,61.2094,61.2094,135680000,0.00%,280795464,262957698464,8304891.39,0
2031-07-11,61.2094,61.2094,61.2094,61.2094,129408000,0.00%,151387464,262957698464,7920986.04,0
2031-07-14,61.2094,61.2094,61.2094,61.2094,98048000,0.00%,53339464,262957698464,6001459.25,0
2031-07-15,61.2094,61.2706,61.2706,61.2094,106016000,0.10%,362466118,263372841118,6495663.93,415142654
2031-07-16,61.2706,61.2706,61.2706,61.2706,63712000,0.00%,298754118,263372841118,3903672.47,0
2031-07-17,61.2706,61.2706,61.2706,61.2706,64576000,0.00%,234178118,263372841118,3956610.27,0
2031-07-18,61.2706,61.2706,61.2706,61.2706,47232000,0.00%,186946118,263372841118,2893932.98,0
2031-07-21,61.2706,61.2706,61.2706,61.2706,54112000,0.00%,132834118,263372841118,3315474.71,0
2031-07-22,61.2706,61.2706,61.2706,61.2706,63392000,0.00%,69442118,263372841118,3884065.88,0
2031-07-23,61.2706,61.2706,61.2706,61.2706,64960000,0.00%,4482118,263372841118,3980138.18,0
2031-07-24,61.2706,61.3319,61.3319,61.2706,50208000,0.10%,369076189,263787643189,3079352.04,414802070
2031-07-25,61.3319,61.3319,61.3319,61.3319,53632000,0.00%,315444189,263787643189,3289352.46,0
2031-07-28,61.3319,61.3319,61.3319,61.3319,263328000,0.00%,52116189,263787643189,16150406.56,0
2031-07-29,61.3319,61.3932,61.3932,61.3319,345696000,0.10%,121228967,264202451967,21223383.67,414808777
2031-07-30,61.3932,61.4546,61.4546,61.3932,361152000,0.10%,170872246,264613247246,22194451.7,410795279
2031-07-31,61.4546,61.5161,61.5161,61.4546,233280000,0.10%,346468129,265022123129,14350475.81,408875882
2031-08-01,61.5161,61.5161,61.5161,61.5161,129472000,0.00%,216996129,265022123129,7964612.5,0
2031-08-04,61.5161,61.5161,61.5161,61.5161,94240000,0.00%,122756129,265022123129,5797277.26,0
2031-08-05,61.5161,61.5776,61.5776,61.5161,376992000,0.10%,149843490,265426202490,23214262.58,404079361
2031-08-06,61.5776,61.5776,61.5776,61.5776,147520000,0.00%,2323490,265426202490,9083927.55,0
2031-08-07,61.5776,61.6392,61.6392,61.5776,187616000,0.10%,207187615,265818682615,11564500.15,392480124
2031-08-08,61.6392,61.6392,61.6392,61.6392,137440000,0.00%,69747615,265818682615,8471691.65,0
2031-08-11,61.6392,61.7008,61.7008,61.6392,131072000,0.10%,327990679,266207997679,8087247.26,389315063
2031-08-12,61.7008,61.7008,61.7008,61.7008,130816000,0.00%,197174679,266207997679,8071451.85,0
2031-08-13,61.7008,61.7008,61.7008,61.7008,64480000,0.00%,132694679,266207997679,3978467.58,0
2031-08-14,61.7008,61.7008,61.7008,61.7008,52320000,0.00%,80374679,266207997679,3228185.86,0
2031-08-15,61.7008,61.7625,61.7625,61.7008,84544000,0.10%,379177217,266591344217,5221648.8,383346537
2031-08-18,61.7625,61.7625,61.7625,61.7625,92864000,0.00%,286313217,266591344217,5735512.8,0
2031-08-19,61.7625,61.7625,61.7625,61.7625,138048000,0.00%,148265217,266591344217,8526189.6,0
2031-08-20,61.7625,61.7625,61.7625,61.7625,85120000,0.00%,63145217,266591344217,5257224.0,0
2031-08-21,61.7625,61.8243,61.8243,61.7625,163520000,0.10%,280610423,266972329423,10109509.54,380985206
2031-08-22,61.8243,61.8243,61.8243,61.8243,166848000,0.00%,113762423,266972329423,10315260.81,0
2031-08-25,61.8243,61.8861,61.8861,61.8243,142784000,0.10%,350558982,267351909982,8836344.9,379580558
2031-08-26,61.8861,61.8861,61.8861,61.8861,158464000,0.00%,192094982,267351909982,9806718.95,0
2031-08-27,61.8861,61.8861,61.8861,61.8861,131936000,0.00%,60158982,267351909982,8165004.49,0
2031-08-28,61.8861,61.8861,61.8861,61.8861,55360000,0.00%,4798982,267351909982,3426014.5,0
2031-08-29,61.8861,61.948,61.948,61.8861,75072000,0.10%,315787119,267737970119,4650560.26,386060137
2031-09-01,61.948,61.948,61.948,61.948,59136000,0.00%,256651119,267737970119,3663356.93,0
2031-09-02,61.948,61.948,61.948,61.948,166976000,0.00%,89675119,267737970119,10343829.25,0
2031-09-03,61.948,62.0099,62.0099,61.948,112960000,0.10%,365894661,268127149661,7004638.3,389179541
2031-09-04,62.0099,62.0099,62.0099,62.0099,129504000,0.00%,236390661,268127149661,8030530.09,0
2031-09-05,62.0099,62.0099,62.0099,62.0099,86848000,0.00%,149542661,268127149661,5385435.8,0
2031-09-08,62.0099,62.0099,62.0099,62.0099,85664000,0.00%,63878661,268127149661,5312016.07,0
2031-09-09,62.0099,62.0719,62.0719,62.0099,79872000,0.10%,373889892,268517032892,4957806.8,389883230
2031-09-10,62.0719,62.0719,62.0719,62.0719,105600000,0.00%,268289892,268517032892,6554792.64,0
2031-09-11,62.0719,62.0719,62.0719,62.0719,173088000,0.00%,95201892,268517032892,10743901.03,0
2031-09-12,62.0719,62.134,62.134,62.0719,114144000,0.10%,368208479,268904183479,7092223.3,387150586
2031-09-15,62.134,62.134,62.134,62.134,89024000,0.00%,279184479,268904183479,5531417.22,0
2031-09-16,62.134,62.134,62.134,62.134,63712000,0.00%,215472479,268904183479,3958681.41,0
2031-09-17,62.134,62.134,62.134,62.134,115744000,0.00%,99728479,268904183479,7191637.7,0
2031-09-18,62.134,62.134,62.134,62.134,78464000,0.00%,21264479,268904183479,4875282.18,0
2031-09-19,62.134,62.1961,62.1961,62.134,76736000,0.10%,337598282,269297253282,4772679.93,393069803
2031-09-22,62.1961,62.1961,62.1961,62.1961,49632000,0.00%,287966282,269297253282,3086916.84,0
2031-09-23,62.1961,62.1961,62.1961,62.1961,52992000,0.00%,234974282,269297253282,3295895.73,0
2031-09-25,62.1961,62.1961,62.1961,62.1961,71072000,0.00%,163902282,269297253282,4420401.22,0
2031-09-26,62.1961,62.1961,62.1961,62.1961,53312000,0.00%,110590282,269297253282,3315798.48,0
2031-09-29,62.1961,62.1961,62.1961,62.1961,57504000,0.00%,53086282,269297253282,3576524.53,0
2031-09-30,62.1961,62.2583,62.2583,62.1961,67040000,0.10%,373304319,269684511319,4173796.43,387258036
2031-10-01,62.2583,62.2583,62.2583,62.2583,58400000,0.00%,314904319,269684511319,3635884.72,0
2031-10-02,62.2583,62.2583,62.2583,62.2583,55488000,0.00%,259416319,269684511319,3454588.55,0
2031-10-06,62.2583,62.2583,62.2583,62.2583,37504000,0.00%,221912319,269684511319,2334935.28,0
2031-10-07,62.2583,62.2583,62.2583,62.2583,38016000,0.00%,183896319,269684511319,2366811.53,0
2031-10-08,62.2583,62.2583,62.2583,62.2583,34720000,0.00%,149176319,269684511319,2161608.18,0
2031-10-09,62.2583,62.2583,62.2583,62.2583,46560000,0.00%,102616319,269684511319,2898746.45,0
2031-10-10,62.2583,62.2583,62.2583,62.2583,95392000,0.00%,7224319,269684511319,5938943.75,0
2031-10-13,62.2583,62.3206,62.3206,62.2583,83840000,0.10%,326016188,270087143188,5224959.1,402631869
2031-10-14,62.3206,62.3206,62.3206,62.3206,52640000,0.00%,273376188,270087143188,3280556.38,0
2031-10-17,62.3206,62.3206,62.3206,62.3206,93216000,0.00%,180160188,270087143188,5809277.05,0
2031-10-20,62.3206,62.3206,62.3206,62.3206,66336000,0.00%,113824188,270087143188,4134099.32,0
2031-10-21,62.3206,62.3206,62.3206,62.3206,49376000,0.00%,64448188,270087143188,3077141.95,0
2031-10-22,62.3206,62.3829,62.3829,62.3206,104704000,0.10%,362838756,270490237756,6531739.16,403094568
2031-10-23,62.3829,62.3829,62.3829,62.3829,53376000,0.00%,309462756,270490237756,3329749.67,0
2031-10-24,62.3829,62.3829,62.3829,62.3829,40768000,0.00%,268694756,270490237756,2543226.07,0
2031-10-27,62.3829,62.3829,62.3829,62.3829,39232000,0.00%,229462756,270490237756,2447405.93,0
2031-10-28,62.3829,62.3829,62.3829,62.3829,48992000,0.00%,180470756,270490237756,3056263.04,0
2031-10-29,62.3829,62.3829,62.3829,62.3829,59904000,0.00%,120566756,270490237756,3736985.24,0
2031-10-30,62.3829,62.3829,62.3829,62.3829,43744000,0.00%,76822756,270490237756,2728877.58,0
2031-10-31,62.3829,62.3829,62.3829,62.3829,52608000,0.00%,24214756,270490237756,3281839.6,0
2031-11-03,62.3829,62.4453,62.4453,62.3829,72480000,0.10%,388642332,270927145332,4526035.34,436907576
2031-11-04,62.4453,62.4453,62.4453,62.4453,105632000,0.00%,283010332,270927145332,6596221.93,0
2031-11-05,62.4453,62.4453,62.4453,62.4453,61952000,0.00%,221058332,270927145332,3868611.23,0
2031-11-06,62.4453,62.4453,62.4453,62.4453,52608000,0.00%,168450332,270927145332,3285122.34,0
2031-11-07,62.4453,62.4453,62.4453,62.4453,64064000,0.00%,104386332,270927145332,4000495.7,0
2031-11-10,62.4453,62.4453,62.4453,62.4453,71488000,0.00%,32898332,270927145332,4464089.61,0
2031-11-11,62.4453,62.5077,62.5077,62.4453,43552000,0.10%,451502529,271389301529,2722335.35,462156197
2031-11-12,62.5077,62.5077,62.5077,62.5077,97984000,0.00%,353518529,271389301529,6124754.48,0
2031-11-13,62.5077,62.5077,62.5077,62.5077,115328000,0.00%,238190529,271389301529,7208888.03,0
2031-11-14,62.5077,62.5077,62.5077,62.5077,76256000,0.00%,161934529,271389301529,4766587.17,0
2031-11-17,62.5077,62.5077,62.5077,62.5077,62048000,0.00%,99886529,271389301529,3878477.77,0
2031-11-18,62.5077,62.5077,62.5077,62.5077,90432000,0.00%,9454529,271389301529,5652696.33,0
2031-11-19,62.5077,62.5703,62.5703,62.5077,68608000,0.10%,407207271,271855662271,4292823.14,466360741
2031-11-20,62.5703,62.5703,62.5703,62.5703,61824000,0.00%,345383271,271855662271,3868346.23,0
2031-11-21,62.5703,62.5703,62.5703,62.5703,48672000,0.00%,296711271,271855662271,3045421.64,0
2031-11-24,62.5703,62.5703,62.5703,62.5703,47008000,0.00%,249703271,271855662271,2941304.66,0
2031-11-25,62.5703,62.5703,62.5703,62.5703,59936000,0.00%,189767271,271855662271,3750213.5,0
2031-11-26,62.5703,62.5703,62.5703,62.5703,83264000,0.00%,106503271,271855662271,5209853.46,0
2031-11-27,62.5703,62.5703,62.5703,62.5703,54208000,0.00%,52295271,271855662271,3391810.82,0
2031-11-28,62.5703,62.6328,62.6328,62.5703,105248000,0.10%,430621140,272339236140,6591976.93,483573869
2031-12-01,62.6328,62.6328,62.6328,62.6328,62432000,0.00%,368189140,272339236140,3910290.97,0
2031-12-02,62.6328,62.6328,62.6328,62.6328,113888000,0.00%,254301140,272339236140,7133124.33,0
2031-12-03,62.6328,62.6328,62.6328,62.6328,65088000,0.00%,189213140,272339236140,4076643.69,0
2031-12-04,62.6328,62.6328,62.6328,62.6328,56704000,0.00%,132509140,272339236140,3551530.29,0
2031-12-05,62.6328,62.6328,62.6328,62.6328,72000000,0.00%,60509140,272339236140,4509561.6,0
2031-12-08,62.6328,62.6955,62.6955,62.6328,99072000,0.10%,454420973,272832219973,6211368.58,492983832
2031-12-09,62.6955,62.6955,62.6955,62.6955,74368000,0.00%,380052973,272832219973,4662538.94,0
2031-12-10,62.6955,62.6955,62.6955,62.6955,48544000,0.00%,331508973,272832219973,3043490.35,0
2031-12-11,62.6955,62.6955,62.6955,62.6955,42720000,0.00%,288788973,272832219973,2678351.76,0
2031-12-12,62.6955,62.6955,62.6955,62.6955,48736000,0.00%,240052973,272832219973,3055527.89,0
2031-12-15,62.6955,62.6955,62.6955,62.6955,71168000,0.00%,168884973,272832219973,4461913.34,0
2031-12-16,62.6955,62.6955,62.6955,62.6955,43680000,0.00%,125204973,272832219973,2738539.44,0
2031-12-17,62.6955,62.6955,62.6955,62.6955,42784000,0.00%,82420973,272832219973,2682364.27,0
2031-12-18,62.6955,62.6955,62.6955,62.6955,67296000,0.00%,15124973,272832219973,4219156.37,0
2031-12-19,62.6955,62.7582,62.7582,62.6955,90496000,0.10%,430633316,273338224316,5679366.07,506004343
2031-12-22,62.7582,62.7582,62.7582,62.7582,65312000,0.00%,365321316,273338224316,4098863.56,0
2031-12-23,62.7582,62.7582,62.7582,62.7582,55136000,0.00%,310185316,273338224316,3460236.12,0
2031-12-24,62.7582,62.7582,62.7582,62.7582,44288000,0.00%,265897316,273338224316,2779435.16,0
2031-12-25,62.7582,62.7582,62.7582,62.7582,105440000,0.00%,160457316,273338224316,6617224.61,0
2031-12-26,62.7582,62.7582,62.7582,62.7582,30432000,0.00%,130025316,273338224316,1909857.54,0
2031-12-30,62.7582,62.7582,62.7582,62.7582,60640000,0.00%,69385316,273338224316,3805657.25,0
2031-12-31,62.7582,62.7582,62.7582,62.7582,30688000,0.00%,38697316,273338224316,1925923.64,0
2032-01-01,62.7582,62.7582,62.7582,62.7582,25278000,0.00%,13419316,273338224316,1586401.78,0
2032-01-02,62.7582,62.8209,62.8209,62.7582,32604000,0.10%,486893430,273844302430,2048212.62,506078113
2032-01-05,62.8209,62.8209,62.8209,62.8209,19866000,0.00%,467027430,273844302430,1248000.0,0
2032-01-06,62.8209,62.8209,62.8209,62.8209,44748000,0.00%,422279430,273844302430,2811109.63,0
2032-01-07,62.8209,62.8209,62.8209,62.8209,105369000,0.00%,316910430,273844302430,6619375.41,0
2032-01-08,62.8209,62.8209,62.8209,62.8209,73887000,0.00%,243023430,273844302430,4641647.84,0
2032-01-09,62.8209,62.8209,62.8209,62.8209,68673000,0.00%,174350430,273844302430,4314099.67,0
2032-01-12,62.8209,62.8209,62.8209,62.8209,64548000,0.00%,109802430,273844302430,4054963.45,0
2032-01-13,62.8209,62.8209,62.8209,62.8209,54153000,0.00%,55649430,273844302430,3401940.2,0
2032-01-14,62.8209,62.8837,62.8837,62.8209,93291000,0.10%,468569220,274350513220,5866483.26,506210789
2032-01-15,62.8837,62.8837,62.8837,62.8837,60423000,0.00%,408146220,274350513220,3799621.81,0
2032-01-16,62.8837,62.8837,62.8837,62.8837,45276000,0.00%,362870220,274350513220,2847122.4,0
2032-01-19,62.8837,62.8837,62.8837,62.8837,41844000,0.00%,321026220,274350513220,2631305.54,0
2032-01-20,62.8837,62.8837,62.8837,62.8837,77682000,0.00%,243344220,274350513220,4884931.58,0
2032-01-21,62.8837,62.8837,62.8837,62.8837,57717000,0.00%,185627220,274350513220,3629458.51,0
2032-01-22,62.8837,62.8837,62.8837,62.8837,97482000,0.00%,88145220,274350513220,6130028.84,0
2032-01-23,62.8837,62.9466,62.9466,62.8837,88506000,0.10%,504029280,274854903280,5571151.78,504390060
2032-01-26,62.9466,62.9466,62.9466,62.9466,48444000,0.00%,455585280,274854903280,3049385.09,0
2032-01-27,62.9466,62.9466,62.9466,62.9466,82500000,0.00%,373085280,274854903280,5193094.5,0
2032-01-28,62.9466,62.9466,62.9466,62.9466,71346000,0.00%,301739280,274854903280,4490988.12,0
2032-01-29,62.9466,62.9466,62.9466,62.9466,67683000,0.00%,234056280,274854903280,4260414.73,0
2032-01-30,62.9466,62.9466,62.9466,62.9466,49599000,0.00%,184457280,274854903280,3122088.41,0
2032-02-02,62.9466,62.9466,62.9466,62.9466,37719000,0.00%,146738280,274854903280,2374282.81,0
2032-02-06,62.9466,62.9466,62.9466,62.9466,52569000,0.00%,94169280,274854903280,3309039.82,0
2032-02-09,62.9466,62.9466,62.9466,62.9466,50754000,0.00%,43415280,274854903280,3194791.74,0
2032-02-10,62.9466,63.0096,63.0096,62.9466,61875000,0.10%,485643239,275359006239,3898719.0,504102958
2032-02-11,63.0096,63.0096,63.0096,63.0096,77121000,0.00%,408522239,275359006239,4859363.36,0
2032-02-12,63.0096,63.0096,63.0096,63.0096,62073000,0.00%,346449239,275359006239,3911194.9,0
2032-02-13,63.0096,63.0096,63.0096,63.0096,51216000,0.00%,295233239,275359006239,3227099.67,0
2032-02-16,63.0096,63.0096,63.0096,63.0096,42438000,0.00%,252795239,275359006239,2674001.4,0
2032-02-17,63.0096,63.0096,63.0096,63.0096,45837000,0.00%,206958239,275359006239,2888171.04,0
2032-02-18,63.0096,63.0096,63.0096,63.0096,40293000,0.00%,166665239,275359006239,2538845.81,0
2032-02-19,63.0096,63.0096,63.0096,63.0096,42636000,0.00%,124029239,275359006239,2686477.31,0
2032-02-20,63.0096,63.0096,63.0096,63.0096,79299000,0.00%,44730239,275359006239,4996598.27,0
2032-02-23,63.0096,63.0726,63.0726,63.0096,151932000,0.10%,401404955,275867612955,9582746.26,508606716
2032-02-24,63.0726,63.0726,63.0726,63.0726,100848000,0.00%,300556955,275867612955,6360745.56,0
2032-02-25,63.0726,63.0726,63.0726,63.0726,66792000,0.00%,233764955,275867612955,4212745.1,0
2032-02-26,63.0726,63.0726,63.0726,63.0726,112101000,0.00%,121663955,275867612955,7070501.53,0
2032-02-27,63.0726,63.0726,63.0726,63.0726,84249000,0.00%,37414955,275867612955,5313803.48,0
2032-03-01,63.0726,63.1356,63.1356,63.0726,88605000,0.10%,456968669,276375771669,5594129.84,508158713
2032-03-02,63.1356,63.1356,63.1356,63.1356,63723000,0.00%,393245669,276375771669,4023189.84,0
2032-03-03,63.1356,63.1356,63.1356,63.1356,46233000,0.00%,347012669,276375771669,2918948.19,0
2032-03-04,63.1356,63.1356,63.1356,63.1356,65571000,0.00%,281441669,276375771669,4139864.43,0
2032-03-05,63.1356,63.1356,63.1356,63.1356,137115000,0.00%,144326669,276375771669,8656837.79,0
2032-03-08,63.1356,63.1356,63.1356,63.1356,131604000,0.00%,12722669,276375771669,8308897.5,0
2032-03-09,63.1356,63.1988,63.1988,63.1356,106458000,0.10%,416511845,276886018845,6728017.85,510247175
2032-03-10,63.1988,63.1988,63.1988,63.1988,109593000,0.00%,306918845,276886018845,6926146.09,0
2032-03-11,63.1988,63.1988,63.1988,63.1988,79398000,0.00%,227520845,276886018845,5017858.32,0
2032-03-12,63.1988,63.1988,63.1988,63.1988,159852000,0.00%,67668845,276886018845,10102454.58,0
2032-03-15,63.1988,63.262,63.262,63.1988,220803000,0.10%,352345892,277391498892,13968439.39,505480047
2032-03-16,63.262,63.3252,63.3252,63.262,390720000,0.10%,464085507,277893958507,24742422.14,502459614
2032-03-17,63.3252,63.3252,63.3252,63.3252,355542000,0.00%,108543507,277893958507,22514768.26,0
2032-03-18,63.3252,63.3886,63.3886,63.3252,229977000,0.10%,372907571,278388299571,14577920.06,494341064
2032-03-19,63.3886,63.3886,63.3886,63.3886,124443000,0.00%,248464571,278388299571,7888267.55,0
2032-03-22,63.3886,63.3886,63.3886,63.3886,101310000,0.00%,147154571,278388299571,6421899.07,0
2032-03-23,63.3886,63.3886,63.3886,63.3886,102333000,0.00%,44821571,278388299571,6486745.6,0
2032-03-24,63.3886,63.452,63.452,63.3886,139458000,0.10%,396047554,278878983554,8848889.02,490683982
2032-03-25,63.452,63.452,63.452,63.452,154869000,0.00%,241178554,278878983554,9826747.79,0
2032-03-26,63.452,63.452,63.452,63.452,126390000,0.00%,114788554,278878983554,8019698.28,0
2032-03-29,63.452,63.452,63.452,63.452,88869000,0.00%,25919554,278878983554,5638915.79,0
2032-03-30,63.452,63.5154,63.5154,63.452,68970000,0.10%,446112716,279368146716,4380657.14,489163162
2032-03-31,63.5154,63.5154,63.5154,63.5154,88935000,0.00%,357177716,279368146716,5648742.1,0
2032-04-01,63.5154,63.5154,63.5154,63.5154,48147000,0.00%,309030716,279368146716,3058075.96,0
2032-04-02,63.5154,63.5154,63.5154,63.5154,47850000,0.00%,261180716,279368146716,3039211.89,0
2032-04-05,63.5154,63.5154,63.5154,63.5154,51711000,0.00%,209469716,279368146716,3284444.85,0
2032-04-07,63.5154,63.5154,63.5154,63.5154,56529000,0.00%,152940716,279368146716,3590462.05,0
2032-04-08,63.5154,63.5154,63.5154,63.5154,52371000,0.00%,100569716,279368146716,3326365.01,0
2032-04-09,63.5154,63.5154,63.5154,63.5154,64680000,0.00%,35889716,279368146716,4108176.07,0
2032-04-12,63.5154,63.5789,63.5789,63.5154,75207000,0.10%,447550733,279855014733,4781578.33,486868017
2032-04-13,63.5789,63.5789,63.5789,63.5789,87153000,0.00%,360397733,279855014733,5541091.87,0
2032-04-14,63.5789,63.5789,63.5789,63.5789,71412000,0.00%,288985733,279855014733,4540296.41,0
2032-04-15,63.5789,63.5789,63.5789,63.5789,50028000,0.00%,238957733,279855014733,3180725.21,0
2032-04-20,63.5789,63.5789,63.5789,63.5789,58542000,0.00%,180415733,279855014733,3722035.96,0
2032-04-21,63.5789,63.5789,63.5789,63.5789,35805000,0.00%,144610733,279855014733,2276442.51,0
2032-04-22,63.5789,63.5789,63.5789,63.5789,84942000,0.00%,59668733,279855014733,5400518.92,0
2032-04-23,63.5789,63.6425,63.6425,63.5789,92499000,0.10%,455482897,280343327897,5886867.61,488313164
2032-04-26,63.6425,63.6425,63.6425,63.6425,85107000,0.00%,370375897,280343327897,5416422.25,0
2032-04-27,63.6425,63.6425,63.6425,63.6425,90057000,0.00%,280318897,280343327897,5731452.62,0
2032-04-28,63.6425,63.6425,63.6425,63.6425,77253000,0.00%,203065897,280343327897,4916574.05,0
2032-04-29,63.6425,63.6425,63.6425,63.6425,70059000,0.00%,133006897,280343327897,4458729.91,0
2032-04-30,63.6425,63.7061,63.7061,63.6425,156651000,0.10%,468033787,280835005787,9979624.27,491677889
2032-05-04,63.7061,63.7061,63.7061,63.7061,84381000,0.00%,383652787,280835005787,5375584.42,0
2032-05-05,63.7061,63.7061,63.7061,63.7061,46530000,0.00%,337122787,280835005787,2964244.83,0
2032-05-06,63.7061,63.7061,63.7061,63.7061,70587000,0.00%,266535787,280835005787,4496822.48,0
2032-05-07,63.7061,63.7061,63.7061,63.7061,75636000,0.00%,190899787,280835005787,4818474.58,0
2032-05-11,63.7061,63.7061,63.7061,63.7061,93720000,0.00%,97179787,280835005787,5970535.69,0
2032-05-12,63.7061,63.7061,63.7061,63.7061,80355000,0.00%,16824787,280835005787,5119103.67,0
2032-05-13,63.7061,63.7699,63.7699,63.7061,66066000,0.10%,440898924,281325145924,4213022.21,490140136
2032-05-14,63.7699,63.7699,63.7699,63.7699,64317000,0.00%,376581924,281325145924,4101488.66,0
2032-05-17,63.7699,63.7699,63.7699,63.7699,51348000,0.00%,325233924,281325145924,3274456.83,0
2032-05-18,63.7699,63.7699,63.7699,63.7699,99396000,0.00%,225837924,281325145924,6338472.98,0
2032-05-19,63.7699,63.7699,63.7699,63.7699,93522000,0.00%,132315924,281325145924,5963888.59,0
2032-05-20,63.7699,63.8336,63.8336,63.7699,198495000,0.10%,421351390,281812676390,12670650.43,487530466
2032-05-21,63.8336,63.8336,63.8336,63.8336,93489000,0.00%,327862390,281812676390,5967739.43,0
2032-05-24,63.8336,63.8336,63.8336,63.8336,56199000,0.00%,271663390,281812676390,3587384.49,0
2032-05-25,63.8336,63.8336,63.8336,63.8336,65010000,0.00%,206653390,281812676390,4149822.34,0
2032-05-26,63.8336,63.8336,63.8336,63.8336,71115000,0.00%,135538390,281812676390,4539526.46,0
2032-05-27,63.8336,63.8336,63.8336,63.8336,61050000,0.00%,74488390,281812676390,3897041.28,0
2032-05-28,63.8336,63.8336,63.8336,63.8336,68508000,0.00%,5980390,281812676390,4373112.27,0
2032-05-31,63.8336,63.8975,63.8975,63.8336,73590000,0.10%,427669540,282307955540,4702217.03,495279149
2032-06-01,63.8975,63.8975,63.8975,63.8975,213708000,0.00%,213961540,282307955540,13655406.93,0
2032-06-02,63.8975,63.8975,63.8975,63.8975,88836000,0.00%,125125540,282307955540,5676398.31,0
2032-06-03,63.8975,63.8975,63.8975,63.8975,46794000,0.00%,78331540,282307955540,2990019.62,0
2032-06-07,63.8975,63.9614,63.9614,63.8975,78870000,0.10%,494142037,282802636037,5044635.62,494680497
2032-06-08,63.9614,63.9614,63.9614,63.9614,89397000,0.00%,404745037,282802636037,5717957.28,0
2032-06-09,63.9614,63.9614,63.9614,63.9614,156684000,0.00%,248061037,282802636037,10021728.0,0
2032-06-10,63.9614,63.9614,63.9614,63.9614,129195000,0.00%,118866037,282802636037,8263493.07,0
2032-06-11,63.9614,63.9614,63.9614,63.9614,98208000,0.00%,20658037,282802636037,6281521.17,0
2032-06-14,63.9614,64.0253,64.0253,63.9614,82302000,0.10%,440047798,283304327798,5269410.24,501691761
2032-06-15,64.0253,64.0253,64.0253,64.0253,53823000,0.00%,386224798,283304327798,3446033.72,0
2032-06-16,64.0253,64.0253,64.0253,64.0253,70092000,0.00%,316132798,283304327798,4487661.33,0
2032-06-17,64.0253,64.0253,64.0253,64.0253,73062000,0.00%,243070798,283304327798,4677816.47,0
2032-06-18,64.0253,64.0253,64.0253,64.0253,64284000,0.00%,178786798,283304327798,4115802.39,0
2032-06-21,64.0253,64.0253,64.0253,64.0253,38412000,0.00%,140374798,283304327798,2459339.82,0
2032-06-22,64.0253,64.0253,64.0253,64.0253,49533000,0.00%,90841798,283304327798,3171365.18,0
2032-06-23,64.0253,64.0253,64.0253,64.0253,45243000,0.00%,45598798,283304327798,2896696.65,0
2032-06-24,64.0253,64.0253,64.0253,64.0253,41646000,0.00%,3952798,283304327798,2666397.64,0
2032-06-25,64.0253,64.0893,64.0893,64.0253,60060000,0.10%,492493574,283852928574,3849203.36,548600775
2032-06-28,64.0893,64.0893,64.0893,64.0893,189420000,0.00%,303073574,283852928574,12139795.21,0
2032-06-29,64.0893,64.0893,64.0893,64.0893,193347000,0.00%,109726574,283852928574,12391473.89,0
2032-06-30,64.0893,64.1534,64.1534,64.0893,115434000,0.10%,544384098,284403020098,7405483.58,550091523
2032-07-01,64.1534,64.1534,64.1534,64.1534,110187000,0.00%,434197098,284403020098,7068870.69,0
2032-07-05,64.1534,64.1534,64.1534,64.1534,126918000,0.00%,307279098,284403020098,8142221.22,0
2032-07-06,64.1534,64.1534,64.1534,64.1534,64317000,0.00%,242962098,284403020098,4126154.23,0
2032-07-07,64.1534,64.1534,64.1534,64.1534,81906000,0.00%,161056098,284403020098,5254548.38,0
2032-07-08,64.1534,64.1534,64.1534,64.1534,62667000,0.00%,98389098,284403020098,4020301.12,0
2032-07-09,64.1534,64.1534,64.1534,64.1534,61875000,0.00%,36514098,284403020098,3969491.63,0
2032-07-12,64.1534,64.2176,64.2176,64.1534,67980000,0.10%,512916012,284947402012,4365512.45,544381914
2032-07-13,64.2176,64.2176,64.2176,64.2176,57123000,0.00%,455793012,284947402012,3668301.96,0
2032-07-14,64.2176,64.2176,64.2176,64.2176,56529000,0.00%,399264012,284947402012,3630156.71,0
2032-07-15,64.2176,64.2176,64.2176,64.2176,55341000,0.00%,343923012,284947402012,3553866.2,0
2032-07-16,64.2176,64.2176,64.2176,64.2176,86889000,0.00%,257034012,284947402012,5579803.05,0
2032-07-19,64.2176,64.2176,64.2176,64.2176,67221000,0.00%,189813012,284947402012,4316771.29,0
2032-07-20,64.2176,64.2176,64.2176,64.2176,41778000,0.00%,148035012,284947402012,2682882.89,0
2032-07-21,64.2176,64.2176,64.2176,64.2176,52734000,0.00%,95301012,284947402012,3386450.92,0
2032-07-22,64.2176,64.2176,64.2176,64.2176,63063000,0.00%,32238012,284947402012,4049754.51,0
2032-07-23,64.2176,64.2818,64.2818,64.2176,49764000,0.10%,527363336,285492291336,3198919.5,544889324
2032-07-26,64.2818,64.2818,64.2818,64.2818,55605000,0.00%,471758336,285492291336,3574389.49,0
2032-07-27,64.2818,64.2818,64.2818,64.2818,45738000,0.00%,426020336,285492291336,2940120.97,0
2032-07-28,64.2818,64.2818,64.2818,64.2818,65406000,0.00%,360614336,285492291336,4204415.41,0
2032-07-29,64.2818,64.2818,64.2818,64.2818,50655000,0.00%,309959336,285492291336,3256194.58,0
2032-07-30,64.2818,64.2818,64.2818,64.2818,122727000,0.00%,187232336,285492291336,7889112.47,0
2032-08-02,64.2818,64.2818,64.2818,64.2818,131967000,0.00%,55265336,285492291336,8483076.3,0
2032-08-03,64.2818,64.3461,64.3461,64.2818,140877000,0.10%,451324507,286029227507,9064885.53,536936170
2032-08-04,64.3461,64.3461,64.3461,64.3461,90420000,0.00%,360904507,286029227507,5818174.36,0
2032-08-05,64.3461,64.3461,64.3461,64.3461,65307000,0.00%,295597507,286029227507,4202250.75,0
2032-08-06,64.3461,64.3461,64.3461,64.3461,54252000,0.00%,241345507,286029227507,3490904.62,0
2032-08-09,64.3461,64.3461,64.3461,64.3461,49665000,0.00%,191680507,286029227507,3195749.06,0
2032-08-10,64.3461,64.3461,64.3461,64.3461,46827000,0.00%,144853507,286029227507,3013134.82,0
2032-08-11,64.3461,64.3461,64.3461,64.3461,50688000,0.00%,94165507,286029227507,3261575.12,0
2032-08-12,64.3461,64.3461,64.3461,64.3461,49038000,0.00%,45127507,286029227507,3155404.05,0
2032-08-13,64.3461,64.3461,64.3461,64.3461,36234000,0.00%,8893507,286029227507,2331516.59,0
2032-08-16,64.3461,64.4104,64.4104,64.3461,38346000,0.10%,507626659,286566306659,2469881.2,537079151
2032-08-17,64.4104,64.4104,64.4104,64.4104,77649000,0.00%,429977659,286566306659,5001403.15,0
2032-08-18,64.4104,64.4104,64.4104,64.4104,58146000,0.00%,371831659,286566306659,3745207.12,0
2032-08-19,64.4104,64.4104,64.4104,64.4104,106293000,0.00%,265538659,286566306659,6846374.65,0
2032-08-20,64.4104,64.4104,64.4104,64.4104,76791000,0.00%,188747659,286566306659,4946139.03,0
2032-08-23,64.4104,64.4104,64.4104,64.4104,48774000,0.00%,139973659,286566306659,3141552.85,0
2032-08-24,64.4104,64.4104,64.4104,64.4104,44649000,0.00%,95324659,286566306659,2875859.95,0
2032-08-25,64.4104,64.4104,64.4104,64.4104,43065000,0.00%,52259659,286566306659,2773833.88,0
2032-08-26,64.4104,64.4748,64.4748,64.4104,64152000,0.10%,525799497,287103998497,4136187.37,537691838
2032-08-27,64.4748,64.4748,64.4748,64.4748,61314000,0.00%,464485497,287103998497,3953207.89,0
2032-08-30,64.4748,64.4748,64.4748,64.4748,40887000,0.00%,423598497,287103998497,2636181.15,0
2032-08-31,64.4748,64.4748,64.4748,64.4748,46332000,0.00%,377266497,287103998497,2987246.43,0
2032-09-01,64.4748,64.4748,64.4748,64.4748,86493000,0.00%,290773497,287103998497,5576618.88,0
2032-09-02,64.4748,64.4748,64.4748,64.4748,78969000,0.00%,211804497,287103998497,5091510.48,0
2032-09-03,64.4748,64.4748,64.4748,64.4748,84117000,0.00%,127687497,287103998497,5423426.75,0
2032-09-06,64.4748,64.4748,64.4748,64.4748,67221000,0.00%,60466497,287103998497,4334060.53,0
2032-09-07,64.4748,64.4748,64.4748,64.4748,53559000,0.00%,6907497,287103998497,3453205.81,0
2032-09-08,64.4748,64.5393,64.5393,64.4748,50094000,0.10%,500092183,287647277183,3233031.69,543278685
2032-09-09,64.5393,64.5393,64.5393,64.5393,77781000,0.00%,422311183,287647277183,5019931.29,0
2032-09-10,64.5393,64.5393,64.5393,64.5393,56628000,0.00%,365683183,287647277183,3654731.48,0
2032-09-14,64.5393,64.5393,64.5393,64.5393,56661000,0.00%,309022183,287647277183,3656861.28,0
2032-09-15,64.5393,64.5393,64.5393,64.5393,59367000,0.00%,249655183,287647277183,3831504.62,0
2032-09-16,64.5393,64.5393,64.5393,64.5393,43956000,0.00%,205699183,287647277183,2836889.47,0
2032-09-17,64.5393,64.5393,64.5393,64.5393,82302000,0.00%,123397183,287647277183,5311713.47,0
2032-09-20,64.5393,64.5393,64.5393,64.5393,75636000,0.00%,47761183,287647277183,4881494.49,0
2032-09-21,64.5393,64.6039,64.6039,64.5393,49962000,0.10%,533973064,288183451064,3227740.05,536173880
2032-09-22,64.6039,64.6039,64.6039,64.6039,53097000,0.00%,480876064,288183451064,3430273.28,0
2032-09-23,64.6039,64.6039,64.6039,64.6039,57882000,0.00%,422994064,288183451064,3739402.94,0
2032-09-24,64.6039,64.6039,64.6039,64.6039,64911000,0.00%,358083064,288183451064,4193503.75,0
2032-09-27,64.6039,64.6039,64.6039,64.6039,81345000,0.00%,276738064,288183451064,5255204.25,0
2032-09-28,64.6039,64.6039,64.6039,64.6039,75009000,0.00%,201729064,288183451064,4845873.94,0
2032-09-29,64.6039,64.6039,64.6039,64.6039,73128000,0.00%,128601064,288183451064,4724354.0,0
2032-09-30,64.6039,64.6039,64.6039,64.6039,66528000,0.00%,62073064,288183451064,4297968.26,0
2032-10-01,64.6039,64.6685,64.6685,64.6039,74118000,0.10%,537224667,288732720667,4793099.88,549269603
2032-10-04,64.6685,64.6685,64.6685,64.6685,46167000,0.00%,491057667,288732720667,2985550.64,0
2032-10-06,64.6685,64.6685,64.6685,64.6685,59862000,0.00%,431195667,288732720667,3871185.75,0
2032-10-07,64.6685,64.6685,64.6685,64.6685,34221000,0.00%,396974667,288732720667,2213020.74,0
2032-10-08,64.6685,64.6685,64.6685,64.6685,32934000,0.00%,364040667,288732720667,2129792.38,0
2032-10-11,64.6685,64.6685,64.6685,64.6685,51744000,0.00%,312296667,288732720667,3346206.86,0
2032-10-12,64.6685,64.6685,64.6685,64.6685,70356000,0.00%,241940667,288732720667,4549816.99,0
2032-10-13,64.6685,64.6685,64.6685,64.6685,105699000,0.00%,136241667,288732720667,6835395.78,0
2032-10-14,64.6685,64.6685,64.6685,64.6685,73128000,0.00%,63113667,288732720667,4729078.07,0
2032-10-15,64.6685,64.7331,64.7331,64.6685,103818000,0.10%,505957171,289279382171,6720460.98,546661504
2032-10-18,64.7331,64.7331,64.7331,64.7331,86856000,0.00%,419101171,289279382171,5622458.13,0
2032-10-19,64.7331,64.7331,64.7331,64.7331,73029000,0.00%,346072171,289279382171,4727393.56,0
2032-10-20,64.7331,64.7331,64.7331,64.7331,69168000,0.00%,276904171,289279382171,4477459.06,0
2032-10-21,64.7331,64.7331,64.7331,64.7331,163053000,0.00%,113851171,289279382171,10554926.15,0
2032-10-22,64.7331,64.7331,64.7331,64.7331,87615000,0.00%,26236171,289279382171,5671590.56,0
2032-10-25,64.7331,64.7979,64.7979,64.7331,280731000,0.10%,282890826,289816767826,18190779.26,537385654
2032-10-26,64.7979,64.7979,64.7979,64.7979,240966000,0.00%,41924826,289816767826,15614090.77,0
2032-10-27,64.7979,64.8627,64.8627,64.7979,166155000,0.10%,407746883,290348744883,10777261.92,531977056
2032-10-28,64.8627,64.8627,64.8627,64.8627,140976000,0.00%,266770883,290348744883,9144084.0,0
2032-10-29,64.8627,64.8627,64.8627,64.8627,134739000,0.00%,132031883,290348744883,8739535.34,0
2032-11-01,64.8627,64.9275,64.9275,64.8627,163383000,0.10%,500545509,290880641509,10608049.73,531896626
2032-11-02,64.9275,64.9275,64.9275,64.9275,256872000,0.00%,243673509,290880641509,16678056.78,0
2032-11-03,64.9275,64.9275,64.9275,64.9275,115995000,0.00%,127678509,290880641509,7531265.36,0
2032-11-04,64.9275,64.9275,64.9275,64.9275,101079000,0.00%,26599509,290880641509,6562806.77,0
2032-11-05,64.9275,64.9924,64.9924,64.9275,221628000,0.10%,327530852,291403200852,14404135.63,522559342
2032-11-08,64.9924,64.9924,64.9924,64.9924,145134000,0.00%,182396852,291403200852,9432606.98,0
2032-11-09,64.9924,64.9924,64.9924,64.9924,77682000,0.00%,104714852,291403200852,5048739.62,0
2032-11-10,64.9924,64.9924,64.9924,64.9924,104478000,0.00%,236852,291403200852,6790275.97,0
2032-11-11,64.9924,65.0574,65.0574,64.9924,76758000,0.10%,436351355,291916073355,4993675.91,512872502
2032-11-12,65.0574,65.0574,65.0574,65.0574,174933000,0.00%,261418355,291916073355,11380686.15,0
2032-11-15,65.0574,65.0574,65.0574,65.0574,159720000,0.00%,101698355,291916073355,10390967.93,0
2032-11-16,65.0574,65.1225,65.1225,65.0574,208230000,0.10%,396668750,292419273750,13560458.18,503200395
2032-11-17,65.1225,65.1225,65.1225,65.1225,203907000,0.00%,192761750,292419273750,13278933.61,0
2032-11-18,65.1225,65.1876,65.1876,65.1225,230406000,0.10%,459185168,292916103168,15019614.17,496829417
2032-11-19,65.1876,65.1876,65.1876,65.1876,147708000,0.00%,311477168,292916103168,9628730.02,0
2032-11-22,65.1876,65.1876,65.1876,65.1876,103323000,0.00%,208154168,292916103168,6735378.39,0
2032-11-23,65.1876,65.1876,65.1876,65.1876,93918000,0.00%,114236168,292916103168,6122289.02,0
2032-11-24,65.1876,65.1876,65.1876,65.1876,77154000,0.00%,37082168,292916103168,5029484.09,0
2032-11-25,65.1876,65.2528,65.2528,65.1876,56661000,0.10%,466845790,293402527790,3697288.9,486424622
2032-11-26,65.2528,65.2528,65.2528,65.2528,103356000,0.00%,363489790,293402527790,6744268.4,0
2032-11-29,65.2528,65.2528,65.2528,65.2528,110550000,0.00%,252939790,293402527790,7213697.04,0
2032-11-30,65.2528,65.2528,65.2528,65.2528,109362000,0.00%,143577790,293402527790,7136176.71,0
2032-12-01,65.2528,65.3181,65.3181,65.2528,153879000,0.10%,475798980,293888627980,10051083.91,486100189
2032-12-02,65.3181,65.3181,65.3181,65.3181,150315000,0.00%,325483980,293888627980,9818290.2,0
2032-12-03,65.3181,65.3181,65.3181,65.3181,82797000,0.00%,242686980,293888627980,5408142.73,0
2032-12-06,65.3181,65.3181,65.3181,65.3181,197439000,0.00%,45247980,293888627980,12896340.35,0
2032-12-07,65.3181,65.3834,65.3834,65.3181,95898000,0.10%,426979395,294366257395,6270137.29,477629414
2032-12-08,65.3834,65.3834,65.3834,65.3834,135663000,0.00%,291316395,294366257395,8870108.19,0
2032-12-09,65.3834,65.3834,65.3834,65.3834,112497000,0.00%,178819395,294366257395,7355436.35,0
2032-12-10,65.3834,65.3834,65.3834,65.3834,133320000,0.00%,45499395,294366257395,8716914.89,0
2032-12-13,65.3834,65.4488,65.4488,65.3834,67683000,0.10%,448067262,294836508262,4429771.13,470250867
2032-12-14,65.4488,65.4488,65.4488,65.4488,67023000,0.00%,381044262,294836508262,4386574.92,0
2032-12-15,65.4488,65.4488,65.4488,65.4488,79992000,0.00%,301052262,294836508262,5235380.41,0
2032-12-16,65.4488,65.4488,65.4488,65.4488,62568000,0.00%,238484262,294836508262,4095000.52,0
2032-12-17,65.4488,65.4488,65.4488,65.4488,82929000,0.00%,155555262,294836508262,5427603.54,0
2032-12-20,65.4488,65.4488,65.4488,65.4488,82170000,0.00%,73385262,294836508262,5377927.9,0
2032-12-21,65.4488,65.5142,65.5142,65.4488,95898000,0.10%,437988042,295297009042,6282680.75,460500779
2032-12-22,65.5142,65.5142,65.5142,65.5142,50556000,0.00%,387432042,295297009042,3312135.9,0
2032-12-23,65.5142,65.5142,65.5142,65.5142,80025000,0.00%,307407042,295297009042,5242773.86,0
2032-12-24,65.5142,65.5142,65.5142,65.5142,51150000,0.00%,256257042,295297009042,3351051.33,0
2032-12-29,65.5142,65.5142,65.5142,65.5142,79827000,0.00%,176430042,295297009042,5229802.04,0
2032-12-30,65.5142,65.5142,65.5142,65.5142,99297000,0.00%,77133042,295297009042,6505363.52,0
2032-12-31,65.5142,65.5797,65.5797,65.5142,89793000,0.10%,445979260,295755648260,5888598.0,458639217
2033-01-04,65.5797,65.5797,65.5797,65.5797,101864000,0.00%,344115260,295755648260,6680210.56,0
2033-01-05,65.5797,65.5797,65.5797,65.5797,127262000,0.00%,216853260,295755648260,8345803.78,0
2033-01-06,65.5797,65.5797,65.5797,65.5797,138720000,0.00%,78133260,295755648260,9097215.98,0
2033-01-07,65.5797,65.6453,65.6453,65.5797,92106000,0.10%,440544200,296210165200,6046326.0,454516940
2033-01-10,65.6453,65.6453,65.6453,65.6453,96288000,0.00%,344256200,296210165200,6320854.65,0
2033-01-11,65.6453,65.6453,65.6453,65.6453,67490000,0.00%,276766200,296210165200,4430401.3,0
2033-01-12,65.6453,65.6453,65.6453,65.6453,121448000,0.00%,155318200,296210165200,7972490.39,0
2033-01-13,65.6453,65.6453,65.6453,65.6453,137870000,0.00%,17448200,296210165200,9050517.51,0
2033-01-14,65.6453,65.7109,65.7109,65.6453,71298000,0.10%,383285895,296647300895,4685055.75,437135694
2033-01-17,65.7109,65.7109,65.7109,65.7109,67966000,0.00%,315319895,296647300895,4466107.03,0
2033-01-18,65.7109,65.7109,65.7109,65.7109,54740000,0.00%,260579895,296647300895,3597014.67,0
2033-01-19,65.7109,65.7109,65.7109,65.7109,92208000,0.00%,168371895,296647300895,6059070.67,0
2033-01-20,65.7109,65.7109,65.7109,65.7109,58990000,0.00%,109381895,296647300895,3876285.99,0
2033-01-21,65.7109,65.7109,65.7109,65.7109,57324000,0.00%,52057895,296647300895,3766811.63,0
2033-01-27,65.7109,65.7767,65.7767,65.7109,80682000,0.10%,412643090,297088568090,5306995.71,441267195
2033-01-28,65.7767,65.7767,65.7767,65.7767,63342000,0.00%,349301090,297088568090,4166427.73,0
2033-01-31,65.7767,65.7767,65.7767,65.7767,182342000,0.00%,166959090,297088568090,11993855.03,0
2033-02-01,65.7767,65.8424,65.8424,65.7767,189584000,0.10%,423292929,297534485929,12482665.56,445917839
2033-02-02,65.8424,65.8424,65.8424,65.8424,106828000,0.00%,316464929,297534485929,7033811.91,0
2033-02-03,65.8424,65.8424,65.8424,65.8424,80784000,0.00%,235680929,297534485929,5319012.44,0
2033-02-04,65.8424,65.8424,65.8424,65.8424,88196000,0.00%,147484929,297534485929,5807036.31,0
2033-02-07,65.8424,65.8424,65.8424,65.8424,87006000,0.00%,60478929,297534485929,5728683.85,0
2033-02-08,65.8424,65.9083,65.9083,65.8424,67320000,0.10%,452521426,297993848426,4436946.76,459362496
2033-02-09,65.9083,65.9083,65.9083,65.9083,58718000,0.00%,393803426,297993848426,3870003.56,0
2033-02-10,65.9083,65.9083,65.9083,65.9083,90644000,0.00%,303159426,297993848426,5974191.95,0
2033-02-11,65.9083,65.9083,65.9083,65.9083,83674000,0.00%,219485426,297993848426,5514811.09,0
2033-02-14,65.9083,65.9083,65.9083,65.9083,69224000,0.00%,150261426,297993848426,4562436.16,0
2033-02-15,65.9083,65.9083,65.9083,65.9083,60962000,0.00%,89299426,297993848426,4017901.78,0
2033-02-16,65.9083,65.9083,65.9083,65.9083,56100000,0.00%,33199426,297993848426,3697455.63,0
2033-02-17,65.9083,65.9742,65.9742,65.9083,74494000,0.10%,425842384,298460985384,4914682.05,467136958
2033-02-18,65.9742,65.9742,65.9742,65.9742,60248000,0.00%,365594384,298460985384,3974813.6,0
2033-02-21,65.9742,65.9742,65.9742,65.9742,41854000,0.00%,323740384,298460985384,2761284.17,0
2033-02-22,65.9742,65.9742,65.9742,65.9742,99654000,0.00%,224086384,298460985384,6574592.93,0
2033-02-23,65.9742,65.9742,65.9742,65.9742,112710000,0.00%,111376384,298460985384,7435952.08,0
2033-02-24,65.9742,65.9742,65.9742,65.9742,66062000,0.00%,45314384,298460985384,4358387.6,0
2033-02-25,65.9742,66.0402,66.0402,65.9742,83028000,0.10%,439775083,298938474083,5483185.73,477488698
2033-02-28,66.0402,66.0402,66.0402,66.0402,69632000,0.00%,370143083,298938474083,4598511.21,0
2033-03-01,66.0402,66.0402,66.0402,66.0402,88434000,0.00%,281709083,298938474083,5840199.05,0
2033-03-02,66.0402,66.0402,66.0402,66.0402,121074000,0.00%,160635083,298938474083,7995751.17,0
2033-03-03,66.0402,66.0402,66.0402,66.0402,50320000,0.00%,110315083,298938474083,3323142.86,0
2033-03-04,66.0402,66.0402,66.0402,66.0402,60452000,0.00%,49863083,298938474083,3992262.17,0
2033-03-07,66.0402,66.0402,66.0402,66.0402,42942000,0.00%,6921083,298938474083,2835898.27,0
2033-03-08,66.0402,66.1062,66.1062,66.0402,57936000,0.10%,430786168,299420275168,3829928.8,481801084
2033-03-09,66.1062,66.1062,66.1062,66.1062,72114000,0.00%,358672168,299420275168,4767182.51,0
2033-03-10,66.1062,66.1062,66.1062,66.1062,58718000,0.00%,299954168,299420275168,3881623.85,0
2033-03-11,66.1062,66.1062,66.1062,66.1062,127840000,0.00%,172114168,299420275168,8451016.61,0
2033-03-14,66.1062,66.1062,66.1062,66.1062,92242000,0.00%,79872168,299420275168,6097768.1,0
2033-03-15,66.1062,66.1062,66.1062,66.1062,72488000,0.00%,7384168,299420275168,4791906.23,0
2033-03-16,66.1062,66.1723,66.1723,66.1062,56338000,0.10%,444343682,299913572682,3728015.04,493297514
2033-03-17,66.1723,66.1723,66.1723,66.1723,80682000,0.00%,363661682,299913572682,5338913.51,0
2033-03-18,66.1723,66.1723,66.1723,66.1723,98702000,0.00%,264959682,299913572682,6531338.35,0
2033-03-21,66.1723,66.1723,66.1723,66.1723,69496000,0.00%,195463682,299913572682,4598710.16,0
2033-03-22,66.1723,66.1723,66.1723,66.1723,72352000,0.00%,123111682,299913572682,4787698.25,0
2033-03-23,66.1723,66.1723,66.1723,66.1723,66810000,0.00%,56301682,299913572682,4420971.36,0
2033-03-24,66.1723,66.2385,66.2385,66.1723,159290000,0.10%,394231167,300410792167,10551130.67,497219484
2033-03-25,66.2385,66.2385,66.2385,66.2385,112948000,0.00%,281283167,300410792167,7481506.1,0
2033-03-28,66.2385,66.2385,66.2385,66.2385,87720000,0.00%,193563167,300410792167,5810441.22,0
2033-03-29,66.2385,66.2385,66.2385,66.2385,106556000,0.00%,87007167,300410792167,7058109.61,0
2033-03-30,66.2385,66.3047,66.3047,66.2385,122740000,0.10%,459044742,300905569742,8138238.88,494777575
2033-03-31,66.3047,66.3047,66.3047,66.3047,85816000,0.00%,373228742,300905569742,5690004.14,0
2033-04-01,66.3047,66.3047,66.3047,66.3047,88264000,0.00%,284964742,300905569742,5852318.04,0
2033-04-04,66.3047,66.3047,66.3047,66.3047,63818000,0.00%,221146742,300905569742,4231433.34,0
2033-04-05,66.3047,66.3047,66.3047,66.3047,48450000,0.00%,172696742,300905569742,3212462.72,0
2033-04-07,66.3047,66.3047,66.3047,66.3047,50830000,0.00%,121866742,300905569742,3370267.9,0
2033-04-12,66.3047,66.3047,66.3047,66.3047,74562000,0.00%,47304742,300905569742,4943811.04,0
2033-04-13,66.3047,66.371,66.371,66.3047,137598000,0.10%,413662504,301409525504,9132516.86,503955762
2033-04-14,66.371,66.371,66.371,66.371,84864000,0.00%,328798504,301409525504,5632508.54,0
2033-04-15,66.371,66.371,66.371,66.371,43316000,0.00%,285482504,301409525504,2874926.24,0
2033-04-18,66.371,66.371,66.371,66.371,53414000,0.00%,232068504,301409525504,3545140.59,0
2033-04-19,66.371,66.371,66.371,66.371,46546000,0.00%,185522504,301409525504,3089304.57,0
2033-04-20,66.371,66.371,66.371,66.371,55352000,0.00%,130170504,301409525504,3673767.59,0
2033-04-21,66.371,66.371,66.371,66.371,35802000,0.00%,94368504,301409525504,2376214.54,0
2033-04-22,66.371,66.371,66.371,66.371,56168000,0.00%,38200504,301409525504,3727926.33,0
2033-04-25,66.371,66.4374,66.4374,66.371,69598000,0.10%,478856800,301919779800,4623910.17,510254295
2033-04-26,66.4374,66.4374,66.4374,66.4374,71230000,0.00%,407626800,301919779800,4732336.0,0
2033-04-27,66.4374,66.4374,66.4374,66.4374,85068000,0.00%,322558800,301919779800,5651696.74,0
2033-04-28,66.4374,66.4374,66.4374,66.4374,50184000,0.00%,272374800,301919779800,3334094.48,0
2033-04-29,66.4374,66.4374,66.4374,66.4374,52326000,0.00%,220048800,301919779800,3476403.39,0
2033-05-03,66.4374,66.4374,66.4374,66.4374,29410000,0.00%,190638800,301919779800,1953923.93,0
2033-05-04,66.4374,66.4374,66.4374,66.4374,35870000,0.00%,154768800,301919779800,2383109.54,0
2033-05-05,66.4374,66.4374,66.4374,66.4374,59772000,0.00%,94996800,301919779800,3971096.27,0
2033-05-06,66.4374,66.4374,66.4374,66.4374,50354000,0.00%,44642800,301919779800,3345388.84,0
2033-05-09,66.4374,66.4374,66.4374,66.4374,36448000,0.00%,8194800,301919779800,2421510.36,0
2033-05-10,66.4374,66.5038,66.5038,66.4374,80036000,0.10%,450277960,302441898960,5322698.14,522119160
2033-05-11,66.5038,66.5038,66.5038,66.5038,52938000,0.00%,397339960,302441898960,3520578.16,0
2033-05-12,66.5038,66.5038,66.5038,66.5038,59738000,0.00%,337601960,302441898960,3972804.0,0
2033-05-13,66.5038,66.5038,66.5038,66.5038,61166000,0.00%,276435960,302441898960,4067771.43,0
2033-05-16,66.5038,66.5038,66.5038,66.5038,80716000,0.00%,195719960,302441898960,5367920.72,0
2033-05-17,66.5038,66.5038,66.5038,66.5038,48008000,0.00%,147711960,302441898960,3192714.43,0
2033-05-18,66.5038,66.5038,66.5038,66.5038,66504000,0.00%,81207960,302441898960,4422768.72,0
2033-05-19,66.5038,66.5703,66.5703,66.5038,116994000,0.10%,487582688,302965267688,7788325.68,523368727
2033-05-20,66.5703,66.5703,66.5703,66.5703,77146000,0.00%,410436688,302965267688,5135632.36,0
2033-05-23,66.5703,66.5703,66.5703,66.5703,68136000,0.00%,342300688,302965267688,4535833.96,0
2033-05-24,66.5703,66.5703,66.5703,66.5703,51068000,0.00%,291232688,302965267688,3399612.08,0
2033-05-25,66.5703,66.5703,66.5703,66.5703,46070000,0.00%,245162688,302965267688,3066893.72,0
2033-05-26,66.5703,66.5703,66.5703,66.5703,88502000,0.00%,156660688,302965267688,5891604.69,0
2033-05-30,66.5703,66.5703,66.5703,66.5703,98056000,0.00%,58604688,302965267688,6527617.34,0
2033-05-31,66.5703,66.6369,66.6369,66.5703,73916000,0.10%,507703677,303488282677,4925533.1,523014989
2033-06-01,66.6369,66.6369,66.6369,66.6369,109242000,0.00%,398461677,303488282677,7279548.23,0
2033-06-02,66.6369,66.6369,66.6369,66.6369,78030000,0.00%,320431677,303488282677,5199677.31,0
2033-06-03,66.6369,66.6369,66.6369,66.6369,109004000,0.00%,211427677,303488282677,7263688.65,0
2033-06-06,66.6369,66.6369,66.6369,66.6369,67626000,0.00%,143801677,303488282677,4506387.0,0
2033-06-07,66.6369,66.6369,66.6369,66.6369,56780000,0.00%,87021677,303488282677,3783643.18,0
2033-06-08,66.6369,66.6369,66.6369,66.6369,62050000,0.00%,24971677,303488282677,4134819.65,0
2033-06-09,66.6369,66.7035,66.7035,66.6369,44642000,0.10%,505315090,304013268090,2977777.65,524985413
2033-06-10,66.7035,66.7035,66.7035,66.7035,55012000,0.00%,450303090,304013268090,3669492.94,0
2033-06-13,66.7035,66.7035,66.7035,66.7035,45866000,0.00%,404437090,304013268090,3059422.73,0
2033-06-14,66.7035,66.7035,66.7035,66.7035,78608000,0.00%,325829090,304013268090,5243428.73,0
2033-06-15,66.7035,66.7035,66.7035,66.7035,75072000,0.00%,250757090,304013268090,5007565.15,0
2033-06-16,66.7035,66.7035,66.7035,66.7035,85034000,0.00%,165723090,304013268090,5672065.42,0
2033-06-17,66.7035,66.7035,66.7035,66.7035,121890000,0.00%,43833090,304013268090,8130489.62,0
2033-06-20,66.7035,66.7702,66.7702,66.7035,68918000,0.10%,503868111,304542221111,4601668.64,528953020
2033-06-21,66.7702,66.7702,66.7702,66.7702,55352000,0.00%,448516111,304542221111,3695864.11,0
2033-06-22,66.7702,66.7702,66.7702,66.7702,65620000,0.00%,382896111,304542221111,4381460.52,0
2033-06-24,66.7702,66.7702,66.7702,66.7702,47260000,0.00%,335636111,304542221111,3155559.65,0
2033-06-27,66.7702,66.7702,66.7702,66.7702,61744000,0.00%,273892111,304542221111,4122659.23,0
2033-06-28,66.7702,66.7702,66.7702,66.7702,59466000,0.00%,214426111,304542221111,3970556.71,0
2033-06-29,66.7702,66.7702,66.7702,66.7702,54026000,0.00%,160400111,304542221111,3607326.83,0
2033-06-30,66.7702,66.7702,66.7702,66.7702,45968000,0.00%,114432111,304542221111,3069292.55,0
2033-07-01,66.7702,66.7702,66.7702,66.7702,55080000,0.00%,59352111,304542221111,3677702.62,0
2033-07-04,66.7702,66.7702,66.7702,66.7702,48280000,0.00%,11072111,304542221111,3223665.26,0
2033-07-05,66.7702,66.837,66.837,66.7702,32096000,0.10%,523086393,305086331393,2145200.35,544110282
2033-07-06,66.837,66.837,66.837,66.837,33524000,0.00%,489562393,305086331393,2240643.59,0
2033-07-07,66.837,66.837,66.837,66.837,67252000,0.00%,422310393,305086331393,4494921.92,0
2033-07-08,66.837,66.837,66.837,66.837,73440000,0.00%,348870393,305086331393,4908509.28,0
2033-07-11,66.837,66.837,66.837,66.837,58786000,0.00%,290084393,305086331393,3929079.88,0
2033-07-12,66.837,66.837,66.837,66.837,42024000,0.00%,248060393,305086331393,2808758.09,0
2033-07-13,66.837,66.837,66.837,66.837,57290000,0.00%,190770393,305086331393,3829091.73,0
2033-07-14,66.837,66.837,66.837,66.837,92888000,0.00%,97882393,305086331393,6208355.26,0
2033-07-15,66.837,66.837,66.837,66.837,72114000,0.00%,25768393,305086331393,4819883.42,0
2033-07-19,66.837,66.9039,66.9039,66.837,99110000,0.10%,471404650,305631077650,6630845.53,544746256
2033-07-20,66.9039,66.9039,66.9039,66.9039,74494000,0.00%,396910650,305631077650,4983939.13,0
2033-07-21,66.9039,66.9039,66.9039,66.9039,56304000,0.00%,340606650,305631077650,3766957.19,0
2033-07-22,66.9039,66.9039,66.9039,66.9039,40256000,0.00%,300350650,305631077650,2693283.4,0
2033-07-25,66.9039,66.9039,66.9039,66.9039,59330000,0.00%,241020650,305631077650,3969408.39,0
2033-07-26,66.9039,66.9039,66.9039,66.9039,99280000,0.00%,141740650,305631077650,6642219.19,0
2033-07-27,66.9039,66.9039,66.9039,66.9039,50796000,0.00%,90944650,305631077650,3398450.5,0
2033-07-28,66.9039,66.9039,66.9039,66.9039,46410000,0.00%,44534650,305631077650,3105010.0,0
2033-07-29,66.9039,66.9708,66.9708,66.9039,75616000,0.10%,512839014,306174998014,5064064.01,543920363
2033-08-01,66.9708,66.9708,66.9708,66.9708,125120000,0.00%,387719014,306174998014,8379386.5,0
2033-08-02,66.9708,66.9708,66.9708,66.9708,79696000,0.00%,308023014,306174998014,5337304.88,0
2033-08-03,66.9708,66.9708,66.9708,66.9708,71536000,0.00%,236487014,306174998014,4790823.15,0
2033-08-04,66.9708,66.9708,66.9708,66.9708,56644000,0.00%,179843014,306174998014,3793494.0,0
2033-08-05,66.9708,66.9708,66.9708,66.9708,64940000,0.00%,114903014,306174998014,4349083.75,0
2033-08-08,66.9708,66.9708,66.9708,66.9708,32232000,0.00%,82671014,306174998014,2158602.83,0
2033-08-09,66.9708,66.9708,66.9708,66.9708,52292000,0.00%,30379014,306174998014,3502037.07,0
2033-08-10,66.9708,67.0377,67.0377,66.9708,40528000,0.10%,530811076,306715958076,2716903.91,540960062
2033-08-11,67.0377,67.0377,67.0377,67.0377,38046000,0.00%,492765076,306715958076,2550516.33,0
2033-08-12,67.0377,67.0377,67.0377,67.0377,41820000,0.00%,450945076,306715958076,2803516.61,0
2033-08-15,67.0377,67.0377,67.0377,67.0377,53550000,0.00%,397395076,306715958076,3589868.84,0
2033-08-16,67.0377,67.0377,67.0377,67.0377,36686000,0.00%,360709076,306715958076,2459345.06,0
2033-08-17,67.0377,67.0377,67.0377,67.0377,56032000,0.00%,304677076,306715958076,3756256.41,0
2033-08-18,67.0377,67.0377,67.0377,67.0377,97988000,0.00%,206689076,306715958076,6568890.15,0
2033-08-19,67.0377,67.0377,67.0377,67.0377,61574000,0.00%,145115076,306715958076,4127779.34,0
2033-08-22,67.0377,67.0377,67.0377,67.0377,87380000,0.00%,57735076,306715958076,5857754.23,0
2033-08-23,67.0377,67.1048,67.1048,67.0377,83912000,0.10%,512519184,307254654184,5630897.98,538696108
2033-08-24,67.1048,67.1048,67.1048,67.1048,58616000,0.00%,453903184,307254654184,3933414.96,0
2033-08-25,67.1048,67.1048,67.1048,67.1048,75956000,0.00%,377947184,307254654184,5097012.19,0
2033-08-26,67.1048,67.1048,67.1048,67.1048,42636000,0.00%,335311184,307254654184,2861080.25,0
2033-08-29,67.1048,67.1048,67.1048,67.1048,65960000,0.00%,269351184,307254654184,4426232.61,0
2033-08-30,67.1048,67.1048,67.1048,67.1048,52292000,0.00%,217059184,307254654184,3509044.2,0
2033-08-31,67.1048,67.1048,67.1048,67.1048,51646000,0.00%,165413184,307254654184,3465694.5,0
2033-09-01,67.1048,67.1719,67.1719,67.1048,169116000,0.10%,530568374,307788925374,11359843.04,534271190
2033-09-05,67.1719,67.1719,67.1719,67.1719,104550000,0.00%,426018374,307788925374,7022822.15,0
2033-09-06,67.1719,67.1719,67.1719,67.1719,45050000,0.00%,380968374,307788925374,3026094.1,0
2033-09-07,67.1719,67.1719,67.1719,67.1719,56066000,0.00%,324902374,307788925374,3766059.75,0
2033-09-08,67.1719,67.1719,67.1719,67.1719,56848000,0.00%,268054374,307788925374,3818588.17,0
2033-09-12,67.1719,67.1719,67.1719,67.1719,63954000,0.00%,204100374,307788925374,4295911.69,0
2033-09-13,67.1719,67.1719,67.1719,67.1719,35360000,0.00%,168740374,307788925374,2375198.38,0
2033-09-14,67.1719,67.1719,67.1719,67.1719,36244000,0.00%,132496374,307788925374,2434578.34,0
2033-09-15,67.1719,67.1719,67.1719,67.1719,34510000,0.00%,97986374,307788925374,2318102.27,0
2033-09-16,67.1719,67.1719,67.1719,67.1719,65348000,0.00%,32638374,307788925374,4389549.32,0
2033-09-19,67.1719,67.239,67.239,67.1719,50116000,0.10%,493322279,308299725279,3369749.72,510799904
2033-09-20,67.239,67.239,67.239,67.239,52972000,0.00%,440350279,308299725279,3561784.31,0
2033-09-21,67.239,67.239,67.239,67.239,46444000,0.00%,393906279,308299725279,3122848.12,0
2033-09-22,67.239,67.239,67.239,67.239,65008000,0.00%,328898279,308299725279,4371072.91,0
2033-09-23,67.239,67.239,67.239,67.239,72216000,0.00%,256682279,308299725279,4855731.62,0
2033-09-26,67.239,67.239,67.239,67.239,62254000,0.00%,194428279,308299725279,4185896.71,0
2033-09-27,67.239,67.239,67.239,67.239,54128000,0.00%,140300279,308299725279,3639512.59,0
2033-09-28,67.239,67.239,67.239,67.239,48280000,0.00%,92020279,308299725279,3246298.92,0
2033-09-29,67.239,67.239,67.239,67.239,53040000,0.00%,38980279,308299725279,3566356.56,0
2033-09-30,67.239,67.239,67.239,67.239,38250000,0.00%,730279,308299725279,2571891.75,0
2033-10-04,67.239,67.3063,67.3063,67.239,51408000,0.10%,457714422,308808117422,3460082.27,508392142
2033-10-05,67.3063,67.3063,67.3063,67.3063,37196000,0.00%,420518422,308808117422,2503525.13,0
2033-10-06,67.3063,67.3063,67.3063,67.3063,36720000,0.00%,383798422,308808117422,2471487.34,0
2033-10-07,67.3063,67.3063,67.3063,67.3063,37672000,0.00%,346126422,308808117422,2535562.93,0
2033-10-10,67.3063,67.3063,67.3063,67.3063,38760000,0.00%,307366422,308808117422,2608792.19,0
2033-10-11,67.3063,67.3063,67.3063,67.3063,55930000,0.00%,251436422,308808117422,3764441.36,0
2033-10-12,67.3063,67.3063,67.3063,67.3063,55828000,0.00%,195608422,308808117422,3757576.12,0
2033-10-13,67.3063,67.3063,67.3063,67.3063,45730000,0.00%,149878422,308808117422,3077917.1,0
2033-10-14,67.3063,67.3063,67.3063,67.3063,45458000,0.00%,104420422,308808117422,3059609.79,0
2033-10-17,67.3063,67.3063,67.3063,67.3063,42330000,0.00%,62090422,308808117422,2849075.68,0
2033-10-18,67.3063,67.3063,67.3063,67.3063,31280000,0.00%,30810422,308808117422,2105341.06,0
2033-10-19,67.3063,67.3736,67.3736,67.3063,40800000,0.10%,498921737,309317028737,2748842.88,508911315
2033-10-20,67.3736,67.3736,67.3736,67.3736,58548000,0.00%,440373737,309317028737,3944589.53,0
2033-10-21,67.3736,67.3736,67.3736,67.3736,65314000,0.00%,375059737,309317028737,4400439.31,0
2033-10-25,67.3736,67.3736,67.3736,67.3736,73508000,0.00%,301551737,309317028737,4952498.59,0
2033-10-26,67.3736,67.3736,67.3736,67.3736,59534000,0.00%,242017737,309317028737,4011019.9,0
2033-10-27,67.3736,67.3736,67.3736,67.3736,38930000,0.00%,203087737,309317028737,2622854.25,0
2033-10-28,67.3736,67.3736,67.3736,67.3736,55964000,0.00%,147123737,309317028737,3770496.15,0
2033-10-31,67.3736,67.3736,67.3736,67.3736,48824000,0.00%,98299737,309317028737,3289448.65,0
2033-11-01,67.3736,67.3736,67.3736,67.3736,46682000,0.00%,51617737,309317028737,3145134.4,0
2033-11-02,67.3736,67.3736,67.3736,67.3736,37434000,0.00%,14183737,309317028737,2522063.34,0
2033-11-03,67.3736,67.441,67.441,67.3736,35632000,0.10%,489625135,309828102135,2403057.71,511073397
2033-11-04,67.441,67.441,67.441,67.441,73372000,0.00%,416253135,309828102135,4948281.05,0
2033-11-07,67.441,67.441,67.441,67.441,91324000,0.00%,324929135,309828102135,6158981.88,0
2033-11-08,67.441,67.441,67.441,67.441,45560000,0.00%,279369135,309828102135,3072611.96,0
2033-11-09,67.441,67.441,67.441,67.441,43792000,0.00%,235577135,309828102135,2953376.27,0
2033-11-10,67.441,67.441,67.441,67.441,34918000,0.00%,200659135,309828102135,2354904.84,0
2033-11-11,67.441,67.441,67.441,67.441,33558000,0.00%,167101135,309828102135,2263185.08,0
2033-11-14,67.441,67.441,67.441,67.441,46206000,0.00%,120895135,309828102135,3116178.85,0
2033-11-15,67.441,67.441,67.441,67.441,42432000,0.00%,78463135,309828102135,2861656.51,0
2033-11-16,67.441,67.5084,67.5084,67.441,110330000,0.10%,471202821,310331171821,7448201.77,503069685
2033-11-17,67.5084,67.5084,67.5084,67.5084,120020000,0.00%,351182821,310331171821,8102358.17,0
2033-11-18,67.5084,67.5084,67.5084,67.5084,74698000,0.00%,276484821,310331171821,5042742.46,0
2033-11-21,67.5084,67.5084,67.5084,67.5084,94452000,0.00%,182032821,310331171821,6376303.4,0
2033-11-22,67.5084,67.5084,67.5084,67.5084,82246000,0.00%,99786821,310331171821,5552295.87,0
2033-11-23,67.5084,67.5084,67.5084,67.5084,48178000,0.00%,51608821,310331171821,3252419.7,0
2033-11-24,67.5084,67.5084,67.5084,67.5084,49402000,0.00%,2206821,310331171821,3335049.98,0
2033-11-25,67.5084,67.5759,67.5759,67.5084,51816000,0.10%,446633206,310827414206,3501512.83,496242385
2033-11-28,67.5759,67.5759,67.5759,67.5759,41582000,0.00%,405051206,310827414206,2809941.07,0
2033-11-29,67.5759,67.5759,67.5759,67.5759,51510000,0.00%,353541206,310827414206,3480834.61,0
2033-11-30,67.5759,67.5759,67.5759,67.5759,57324000,0.00%,296217206,310827414206,3873720.89,0
2033-12-01,67.5759,67.5759,67.5759,67.5759,103054000,0.00%,193163206,310827414206,6963966.8,0
2033-12-02,67.5759,67.5759,67.5759,67.5759,51510000,0.00%,141653206,310827414206,3480834.61,0
2033-12-05,67.5759,67.5759,67.5759,67.5759,50694000,0.00%,90959206,310827414206,3425692.67,0
2033-12-06,67.5759,67.5759,67.5759,67.5759,80682000,0.00%,10277206,310827414206,5452158.76,0
2033-12-07,67.5759,67.6435,67.6435,67.5759,54060000,0.10%,456028299,311327225299,3656807.61,499811093
2033-12-08,67.6435,67.6435,67.6435,67.6435,46580000,0.00%,409448299,311327225299,3150834.23,0
2033-12-09,67.6435,67.6435,67.6435,67.6435,56440000,0.00%,353008299,311327225299,3817799.14,0
2033-12-12,67.6435,67.6435,67.6435,67.6435,62560000,0.00%,290448299,311327225299,4231777.36,0
2033-12-13,67.6435,67.6435,67.6435,67.6435,44200000,0.00%,246248299,311327225299,2989842.7,0
2033-12-14,67.6435,67.6435,67.6435,67.6435,48110000,0.00%,198138299,311327225299,3254328.79,0
2033-12-15,67.6435,67.6435,67.6435,67.6435,58480000,0.00%,139658299,311327225299,3955791.88,0
2033-12-16,67.6435,67.6435,67.6435,67.6435,105128000,0.00%,34530299,311327225299,7111225.87,0
2033-12-19,67.6435,67.7111,67.7111,67.6435,41106000,0.10%,481717001,311815518001,2783332.48,488292701
2033-12-20,67.7111,67.7111,67.7111,67.7111,42602000,0.00%,439115001,311815518001,2884628.28,0
2033-12-21,67.7111,67.7111,67.7111,67.7111,48246000,0.00%,390869001,311815518001,3266789.73,0
2033-12-22,67.7111,67.7111,67.7111,67.7111,34578000,0.00%,356291001,311815518001,2341314.42,0
2033-12-23,67.7111,67.7788,67.7788,67.7111,499834000,0.10%,345838404,312304899404,33878148.72,489381403
2033-12-28,67.7788,67.7788,67.7788,67.7788,219198000,0.00%,126640404,312304899404,14856977.4,0
2033-12-29,67.7788,67.8466,67.8466,67.7788,128656000,0.10%,479385182,312786300182,8728872.17,481400778
2033-12-30,67.8466,67.8466,67.8466,67.8466,66708000,0.00%,412677182,312786300182,4525910.99,0
2034-01-03,67.8466,67.8466,67.8466,67.8466,81725000,0.00%,330952182,312786300182,5544763.38,0
2034-01-04,67.8466,67.8466,67.8466,67.8466,71365000,0.00%,259587182,312786300182,4841872.61,0
2034-01-05,67.8466,67.8466,67.8466,67.8466,70770000,0.00%,188817182,312786300182,4801503.88,0
2034-01-06,67.8466,67.8466,67.8466,67.8466,83125000,0.00%,105692182,312786300182,5639748.62,0
2034-01-09,67.8466,67.8466,67.8466,67.8466,58519999,0.00%,47172182,312786300182,3970383.03,0
2034-01-10,67.8466,67.9145,67.9145,67.8466,59255000,0.10%,463763703,313262146703,4024273.7,475846520
2034-01-11,67.9145,67.9145,67.9145,67.9145,67025000,0.00%,396738703,313262146703,4551969.36,0
2034-01-12,67.9145,67.9145,67.9145,67.9145,72100000,0.00%,324638703,313262146703,4896635.45,0
2034-01-13,67.9145,67.9145,67.9145,67.9145,55195000,0.00%,269443703,313262146703,3748540.83,0
2034-01-16,67.9145,67.9145,67.9145,67.9145,57154999,0.00%,212288703,313262146703,3881653.25,0
2034-01-17,67.9145,67.9145,67.9145,67.9145,77840000,0.00%,134448703,313262146703,5286464.68,0
2034-01-18,67.9145,67.9145,67.9145,67.9145,126385000,0.00%,8063703,313262146703,8583374.08,0
2034-01-19,67.9145,67.9824,67.9824,67.9145,86100000,0.10%,391598825,313731781825,5853284.64,469635121
2034-01-20,67.9824,67.9824,67.9824,67.9824,94150000,0.00%,297448825,313731781825,6400542.96,0
2034-01-23,67.9824,67.9824,67.9824,67.9824,117775000,0.00%,179673825,313731781825,8006627.16,0
2034-01-24,67.9824,67.9824,67.9824,67.9824,124635000,0.00%,55038825,313731781825,8472986.42,0
2034-01-25,67.9824,68.0504,68.0504,67.9824,118510000,0.10%,401983759,314197236759,8064652.9,465454933
2034-01-26,68.0504,68.0504,68.0504,68.0504,119560000,0.00%,282423759,314197236759,8136105.82,0
2034-01-27,68.0504,68.0504,68.0504,68.0504,86870000,0.00%,195553759,314197236759,5911538.25,0
2034-01-30,68.0504,68.0504,68.0504,68.0504,70560000,0.00%,124993759,314197236759,4801636.22,0
2034-01-31,68.0504,68.0504,68.0504,68.0504,75285000,0.00%,49708759,314197236759,5123174.36,0
2034-02-01,68.0504,68.1184,68.1184,68.0504,70175000,0.10%,442385439,314660088439,4780208.72,462851679
2034-02-02,68.1184,68.1184,68.1184,68.1184,60655000,0.00%,381730439,314660088439,4131721.55,0
2034-02-03,68.1184,68.1184,68.1184,68.1184,108675000,0.00%,273055439,314660088439,7402767.12,0
2034-02-06,68.1184,68.1184,68.1184,68.1184,71610000,0.00%,201445439,314660088439,4877958.62,0
2034-02-07,68.1184,68.1184,68.1184,68.1184,101010000,0.00%,100435439,314660088439,6880639.58,0
2034-02-08,68.1184,68.1184,68.1184,68.1184,92190000,0.00%,8245439,314660088439,6279835.3,0
2034-02-09,68.1184,68.1865,68.1865,68.1184,62685000,0.10%,405090148,315119618148,4274270.75,459529709
2034-02-10,68.1865,68.1865,68.1865,68.1865,23555000,0.00%,381535148,315119618148,1606133.01,0
2034-02-15,68.1865,68.1865,68.1865,68.1865,40495000,0.00%,341040148,315119618148,2761212.32,0
2034-02-16,68.1865,68.1865,68.1865,68.1865,43995000,0.00%,297045148,315119618148,2999865.07,0
2034-02-17,68.1865,68.1865,68.1865,68.1865,60270000,0.00%,236775148,315119618148,4109600.35,0
2034-02-20,68.1865,68.1865,68.1865,68.1865,53970000,0.00%,182805148,315119618148,3680025.4,0
2034-02-21,68.1865,68.1865,68.1865,68.1865,55195000,0.00%,127610148,315119618148,3763553.87,0
2034-02-22,68.1865,68.1865,68.1865,68.1865,83825000,0.00%,43785148,315119618148,5715733.36,0
2034-02-23,68.1865,68.1865,68.1865,68.1865,43540000,0.00%,245148,315119618148,2968840.21,0
2034-02-24,68.1865,68.2547,68.2547,68.1865,46305000,0.10%,419684333,315585362333,3160533.88,465744184
2034-02-27,68.2547,68.2547,68.2547,68.2547,43435000,0.00%,376249333,315585362333,2964642.89,0
2034-02-28,68.2547,68.2547,68.2547,68.2547,82635000,0.00%,293614333,315585362333,5640227.13,0
2034-03-01,68.2547,68.2547,68.2547,68.2547,90650000,0.00%,202964333,315585362333,6187288.55,0
2034-03-02,68.2547,68.2547,68.2547,68.2547,104020000,0.00%,98944333,315585362333,7099853.89,0
2034-03-03,68.2547,68.2547,68.2547,68.2547,97825000,0.00%,1119333,315585362333,6677016.03,0
2034-03-06,68.2547,68.323,68.323,68.2547,48405000,0.10%,417780420,316050428420,3307174.81,465066087
2034-03-07,68.323,68.323,68.323,68.323,91210000,0.00%,326570420,316050428420,6231740.83,0
2034-03-08,68.323,68.323,68.323,68.323,81515000,0.00%,245055420,316050428420,5569349.34,0
2034-03-09,68.323,68.323,68.323,68.323,60060000,0.00%,184995420,316050428420,4103479.38,0
2034-03-10,68.323,68.323,68.323,68.323,43470000,0.00%,141525420,316050428420,2970000.81,0
2034-03-13,68.323,68.323,68.323,68.323,62545000,0.00%,78980420,316050428420,4273262.03,0
2034-03-14,68.323,68.3913,68.3913,68.323,127855000,0.10%,416244005,316515547005,8744169.66,465118584
2034-03-15,68.3913,68.3913,68.3913,68.3913,70245000,0.00%,345999005,316515547005,4804146.87,0
2034-03-16,68.3913,68.3913,68.3913,68.3913,49805000,0.00%,296194005,316515547005,3406228.7,0
2034-03-17,68.3913,68.3913,68.3913,68.3913,102130000,0.00%,194064005,316515547005,6984803.47,0
2034-03-20,68.3913,68.3913,68.3913,68.3913,68705000,0.00%,125359005,316515547005,4698824.27,0
2034-03-21,68.3913,68.3913,68.3913,68.3913,54740000,0.00%,70619005,316515547005,3743739.76,0
2034-03-22,68.3913,68.3913,68.3913,68.3913,54670000,0.00%,15949005,316515547005,3738952.37,0
2034-03-23,68.3913,68.4597,68.4597,68.3913,129045000,0.10%,348792086,316977435086,8834381.99,461888080
2034-03-24,68.4597,68.4597,68.4597,68.4597,92505000,0.00%,256287086,316977435086,6332864.55,0
2034-03-27,68.4597,68.4597,68.4597,68.4597,73955000,0.00%,182332086,316977435086,5062937.11,0
2034-03-28,68.4597,68.4597,68.4597,68.4597,119000000,0.00%,63332086,316977435086,8146704.3,0
2034-03-29,68.4597,68.5281,68.5281,68.4597,135625000,0.10%,412421733,317462149733,9294123.56,484714647
2034-03-30,68.5281,68.5281,68.5281,68.5281,105000000,0.00%,307421733,317462149733,7195450.5,0
2034-04-04,68.5281,68.5281,68.5281,68.5281,92960000,0.00%,214461733,317462149733,6370372.18,0
2034-04-05,68.5281,68.5281,68.5281,68.5281,68950000,0.00%,145511733,317462149733,4725012.5,0
2034-04-07,68.5281,68.5281,68.5281,68.5281,47530000,0.00%,97981733,317462149733,3257140.59,0
2034-04-10,68.5281,68.5281,68.5281,68.5281,75810000,0.00%,22171733,317462149733,5195115.26,0
2034-04-11,68.5281,68.5967,68.5967,68.5281,62580000,0.10%,442507893,317945065893,4292781.49,482916159
2034-04-12,68.5967,68.5967,68.5967,68.5967,86555000,0.00%,355952893,317945065893,5937387.37,0
2034-04-13,68.5967,68.5967,68.5967,68.5967,65905000,0.00%,290047893,317945065893,4520865.51,0
2034-04-14,68.5967,68.5967,68.5967,68.5967,80605000,0.00%,209442893,317945065893,5529237.0,0
2034-04-17,68.5967,68.5967,68.5967,68.5967,64050000,0.00%,145392893,317945065893,4393618.63,0
2034-04-18,68.5967,68.5967,68.5967,68.5967,68915000,0.00%,76477893,317945065893,4727341.58,0
2034-04-19,68.5967,68.5967,68.5967,68.5967,50435000,0.00%,26042893,317945065893,3459674.56,0
2034-04-20,68.5967,68.6653,68.6653,68.5967,66710000,0.10%,431011999,318416744999,4580662.16,471679106
2034-04-21,68.6653,68.6653,68.6653,68.6653,68145000,0.00%,362866999,318416744999,4679196.87,0
2034-04-24,68.6653,68.6653,68.6653,68.6653,143955000,0.00%,218911999,318416744999,9884713.26,0
2034-04-25,68.6653,68.6653,68.6653,68.6653,153370000,0.00%,65541999,318416744999,10531197.06,0
2034-04-26,68.6653,68.7339,68.7339,68.6653,145145000,0.10%,386742227,318883090227,9976381.92,466345227
2034-04-27,68.7339,68.7339,68.7339,68.7339,97055000,0.00%,289687227,318883090227,6670968.66,0
2034-04-28,68.7339,68.7339,68.7339,68.7339,103600000,0.00%,186087227,318883090227,7120832.04,0
2034-05-01,68.7339,68.7339,68.7339,68.7339,88970000,0.00%,97117227,318883090227,6115255.08,0
2034-05-02,68.7339,68.7339,68.7339,68.7339,55860000,0.00%,41257227,318883090227,3839475.65,0
2034-05-04,68.7339,68.8027,68.8027,68.7339,78680000,0.10%,425385746,319345898746,5413396.44,462808518
2034-05-05,68.8027,68.8027,68.8027,68.8027,82565000,0.00%,342820746,319345898746,5680694.93,0
2034-05-08,68.8027,68.8027,68.8027,68.8027,91735000,0.00%,251085746,319345898746,6311615.68,0
2034-05-09,68.8027,68.8027,68.8027,68.8027,67935000,0.00%,183150746,319345898746,4674111.42,0
2034-05-10,68.8027,68.8027,68.8027,68.8027,70210000,0.00%,112940746,319345898746,4830637.57,0
2034-05-11,68.8027,68.8027,68.8027,68.8027,56105000,0.00%,56835746,319345898746,3860175.48,0
2034-05-12,68.8027,68.8027,68.8027,68.8027,54915000,0.00%,1920746,319345898746,3778300.27,0
2034-05-15,68.8027,68.8715,68.8715,68.8027,71960000,0.10%,381505612,319797443612,4955993.14,451544865
2034-05-16,68.8715,68.8715,68.8715,68.8715,75600000,0.00%,305905612,319797443612,5206685.4,0
2034-05-18,68.8715,68.8715,68.8715,68.8715,204505000,0.00%,101400612,319797443612,14084566.11,0
2034-05-19,68.8715,68.8715,68.8715,68.8715,97720000,0.00%,3680612,319797443612,6730122.98,0
2034-05-22,68.8715,68.9403,68.9403,68.8715,78155000,0.10%,368682085,320240600085,5388029.15,443156473
2034-05-23,68.9403,68.9403,68.9403,68.9403,107380000,0.00%,261302085,320240600085,7402809.41,0
2034-05-24,68.9403,68.9403,68.9403,68.9403,78295000,0.00%,183007085,320240600085,5397680.79,0
2034-05-25,68.9403,68.9403,68.9403,68.9403,64120000,0.00%,118887085,320240600085,4420452.04,0
2034-05-26,68.9403,68.9403,68.9403,68.9403,66990000,0.00%,51897085,320240600085,4618310.7,0
2034-05-29,68.9403,69.0093,69.0093,68.9403,112455000,0.10%,376581694,320677739694,7760440.83,437139608
2034-05-30,69.0093,69.0093,69.0093,69.0093,58135000,0.00%,318446694,320677739694,4011855.66,0
2034-05-31,69.0093,69.0093,69.0093,69.0093,95830000,0.00%,222616694,320677739694,6613161.22,0
2034-06-01,69.0093,69.0093,69.0093,69.0093,77035000,0.00%,145581694,320677739694,5316131.43,0
2034-06-02,69.0093,69.0093,69.0093,69.0093,140140000,0.00%,5441694,320677739694,9670963.3,0
2034-06-05,69.0093,69.0783,69.0783,69.0093,98455000,0.10%,339035590,321109788590,6801104.03,432048895
2034-06-06,69.0783,69.0783,69.0783,69.0783,63140000,0.00%,275895590,321109788590,4361603.86,0
2034-06-07,69.0783,69.0783,69.0783,69.0783,70735000,0.00%,205160590,321109788590,4886253.55,0
2034-06-08,69.0783,69.0783,69.0783,69.0783,66115000,0.00%,139045590,321109788590,4567111.8,0
2034-06-09,69.0783,69.0783,69.0783,69.0783,88375000,0.00%,50670590,321109788590,6104794.76,0
2034-06-13,69.0783,69.1474,69.1474,69.0783,92750000,0.10%,387292061,321539160061,6413421.35,429371471
2034-06-14,69.1474,69.1474,69.1474,69.1474,52360000,0.00%,334932061,321539160061,3620557.86,0
2034-06-15,69.1474,69.1474,69.1474,69.1474,53690000,0.00%,281242061,321539160061,3712523.91,0
2034-06-16,69.1474,69.1474,69.1474,69.1474,73010000,0.00%,208232061,321539160061,5048451.67,0
2034-06-19,69.1474,69.1474,69.1474,69.1474,53480000,0.00%,154752061,321539160061,3698002.95,0
2034-06-20,69.1474,69.1474,69.1474,69.1474,49980000,0.00%,104772061,321539160061,3455987.05,0
2034-06-21,69.1474,69.1474,69.1474,69.1474,78085000,0.00%,26687061,321539160061,5399374.73,0
2034-06-22,69.1474,69.2165,69.2165,69.1474,49175000,0.10%,409996163,321971644163,3403721.39,432484102
2034-06-23,69.2165,69.2165,69.2165,69.2165,90510000,0.00%,319486163,321971644163,6264785.42,0
2034-06-26,69.2165,69.2165,69.2165,69.2165,45220000,0.00%,274266163,321971644163,3129970.13,0
2034-06-27,69.2165,69.2165,69.2165,69.2165,44765000,0.00%,229501163,321971644163,3098476.62,0
2034-06-28,69.2165,69.2165,69.2165,69.2165,41615000,0.00%,187886163,321971644163,2880444.65,0
2034-06-29,69.2165,69.2165,69.2165,69.2165,61285000,0.00%,126601163,321971644163,4241933.2,0
2034-06-30,69.2165,69.2165,69.2165,69.2165,54460000,0.00%,72141163,321971644163,3769530.59,0
2034-07-04,69.2165,69.2857,69.2857,69.2165,95445000,0.10%,414341764,322409289764,6612973.64,437645600
2034-07-05,69.2857,69.2857,69.2857,69.2857,77910000,0.00%,336431764,322409289764,5398048.89,0
2034-07-06,69.2857,69.2857,69.2857,69.2857,54040000,0.00%,282391764,322409289764,3744199.23,0
2034-07-07,69.2857,69.2857,69.2857,69.2857,36820000,0.00%,245571764,322409289764,2551099.47,0
2034-07-10,69.2857,69.2857,69.2857,69.2857,40670000,0.00%,204901764,322409289764,2817849.42,0
2034-07-11,69.2857,69.2857,69.2857,69.2857,45570000,0.00%,159331764,322409289764,3157349.35,0
2034-07-12,69.2857,69.2857,69.2857,69.2857,54565000,0.00%,104766764,322409289764,3780574.22,0
2034-07-13,69.2857,69.2857,69.2857,69.2857,58065000,0.00%,46701764,322409289764,4023074.17,0
2034-07-14,69.2857,69.355,69.355,69.2857,96320000,0.10%,387948113,322846856113,6680273.6,437566349
2034-07-17,69.355,69.355,69.355,69.355,47880000,0.00%,340068113,322846856113,3320717.4,0
2034-07-18,69.355,69.355,69.355,69.355,66710000,0.00%,273358113,322846856113,4626672.05,0
2034-07-19,69.355,69.355,69.355,69.355,90510000,0.00%,182848113,322846856113,6277321.05,0
2034-07-20,69.355,69.355,69.355,69.355,66290000,0.00%,116558113,322846856113,4597542.95,0
2034-07-21,69.355,69.355,69.355,69.355,80815000,0.00%,35743113,322846856113,5604924.33,0
2034-07-24,69.355,69.4244,69.4244,69.355,59360000,0.10%,411487404,323281960404,4121032.38,435104291
2034-07-25,69.4244,69.4244,69.4244,69.4244,42350000,0.00%,369137404,323281960404,2940123.34,0
2034-07-26,69.4244,69.4244,69.4244,69.4244,41300000,0.00%,327837404,323281960404,2867227.72,0
2034-07-27,69.4244,69.4244,69.4244,69.4244,90265000,0.00%,237572404,323281960404,6266593.47,0
2034-07-28,69.4244,69.4244,69.4244,69.4244,46445000,0.00%,191127404,323281960404,3224416.26,0
2034-07-31,69.4244,69.4244,69.4244,69.4244,45045000,0.00%,146082404,323281960404,3127222.1,0
2034-08-01,69.4244,69.4244,69.4244,69.4244,34125000,0.00%,111957404,323281960404,2369107.65,0
2034-08-02,69.4244,69.4244,69.4244,69.4244,71050000,0.00%,40907404,323281960404,4932603.62,0
2034-08-03,69.4244,69.4938,69.4938,69.4244,43435000,0.10%,442149216,323726637216,3018463.2,444676811
2034-08-04,69.4938,69.4938,69.4938,69.4938,61985000,0.00%,380164216,323726637216,4307573.19,0
2034-08-07,69.4938,69.4938,69.4938,69.4938,80360000,0.00%,299804216,323726637216,5584521.77,0
2034-08-08,69.4938,69.4938,69.4938,69.4938,61845000,0.00%,237959216,323726637216,4297844.06,0
2034-08-09,69.4938,69.4938,69.4938,69.4938,55440000,0.00%,182519216,323726637216,3852736.27,0
2034-08-10,69.4938,69.4938,69.4938,69.4938,65835000,0.00%,116684216,323726637216,4575124.32,0
2034-08-11,69.4938,69.4938,69.4938,69.4938,57225000,0.00%,59459216,323726637216,3976782.71,0
2034-08-14,69.4938,69.4938,69.4938,69.4938,35770000,0.00%,23689216,323726637216,2485793.23,0
2034-08-15,69.4938,69.5633,69.5633,69.4938,47565000,0.10%,427815978,324178328978,3308778.36,451691761
2034-08-16,69.5633,69.5633,69.5633,69.5633,65415000,0.00%,362400978,324178328978,4550483.27,0
2034-08-17,69.5633,69.5633,69.5633,69.5633,75040000,0.00%,287360978,324178328978,5220030.03,0
2034-08-18,69.5633,69.5633,69.5633,69.5633,57435000,0.00%,229925978,324178328978,3995368.14,0
2034-08-21,69.5633,69.5633,69.5633,69.5633,53235000,0.00%,176690978,324178328978,3703202.28,0
2034-08-22,69.5633,69.5633,69.5633,69.5633,41475000,0.00%,135215978,324178328978,2885137.87,0
2034-08-23,69.5633,69.5633,69.5633,69.5633,40775000,0.00%,94440978,324178328978,2836443.56,0
2034-08-24,69.5633,69.5633,69.5633,69.5633,58765000,0.00%,35675978,324178328978,4087887.32,0
2034-08-25,69.5633,69.6329,69.6329,69.5633,45710000,0.10%,447670848,324636033848,3182919.86,457704869
2034-08-28,69.6329,69.6329,69.6329,69.6329,56875000,0.00%,390795848,324636033848,3960371.19,0
2034-08-29,69.6329,69.6329,69.6329,69.6329,47880000,0.00%,342915848,324636033848,3334023.25,0
2034-08-30,69.6329,69.6329,69.6329,69.6329,51100000,0.00%,291815848,324636033848,3558241.19,0
2034-08-31,69.6329,69.6329,69.6329,69.6329,45115000,0.00%,246700848,324636033848,3141488.28,0
2034-09-01,69.6329,69.6329,69.6329,69.6329,108045000,0.00%,138655848,324636033848,7523486.68,0
2034-09-04,69.6329,69.6329,69.6329,69.6329,48580000,0.00%,90075848,324636033848,3382766.28,0
2034-09-05,69.6329,69.6329,69.6329,69.6329,34335000,0.00%,55740848,324636033848,2390845.62,0
2034-09-06,69.6329,69.6329,69.6329,69.6329,46480000,0.00%,9260848,324636033848,3236537.19,0
2034-09-07,69.6329,69.7025,69.7025,69.6329,33530000,0.10%,440474645,325100777645,2337124.83,464743797
2034-09-11,69.7025,69.7025,69.7025,69.7025,70280000,0.00%,370194645,325100777645,4898691.7,0
2034-09-12,69.7025,69.7025,69.7025,69.7025,43050000,0.00%,327144645,325100777645,3000692.62,0
2034-09-13,69.7025,69.7025,69.7025,69.7025,42140000,0.00%,285004645,325100777645,2937263.35,0
2034-09-14,69.7025,69.7025,69.7025,69.7025,48300000,0.00%,236704645,325100777645,3366630.75,0
2034-09-15,69.7025,69.7025,69.7025,69.7025,38535000,0.00%,198169645,325100777645,2685985.84,0
2034-09-18,69.7025,69.7025,69.7025,69.7025,26915000,0.00%,171254645,325100777645,1876042.79,0
2034-09-19,69.7025,69.7025,69.7025,69.7025,35525000,0.00%,135729645,325100777645,2476181.31,0
2034-09-21,69.7025,69.7025,69.7025,69.7025,90300000,0.00%,45429645,325100777645,6294135.75,0
2034-09-22,69.7025,69.7722,69.7722,69.7025,99435000,0.10%,405507519,325560290519,6937798.71,459512874
2034-09-25,69.7722,69.7722,69.7722,69.7722,53270000,0.00%,352237519,325560290519,3716765.09,0
2034-09-26,69.7722,69.7722,69.7722,69.7722,150220000,0.00%,202017519,325560290519,10481179.88,0
2034-09-27,69.7722,69.7722,69.7722,69.7722,140385000,0.00%,61632519,325560290519,9794970.3,0
2034-09-28,69.7722,69.842,69.842,69.7722,175875000,0.10%,341876243,326016409243,12283461.75,456118723
2034-09-29,69.842,69.842,69.842,69.842,200025000,0.00%,141851243,326016409243,13970146.05,0
2034-10-02,69.842,69.9118,69.9118,69.842,264110000,0.10%,331214347,326469882347,18464405.5,453473104
2034-10-04,69.9118,69.9118,69.9118,69.9118,170695000,0.00%,160519347,326469882347,11933594.7,0
2034-10-05,69.9118,69.9118,69.9118,69.9118,110600000,0.00%,49919347,326469882347,7732245.08,0
2034-10-06,69.9118,69.9817,69.9817,69.9118,86310000,0.10%,411466581,326917739581,6040120.53,447857234
2034-10-09,69.9817,69.9817,69.9817,69.9817,88655000,0.00%,322811581,326917739581,6204227.61,0
2034-10-10,69.9817,69.9817,69.9817,69.9817,246645000,0.00%,76166581,326917739581,17260636.4,0
2034-10-11,69.9817,70.0517,70.0517,69.9817,162295000,0.10%,359760514,327363628514,11369040.65,445888932
2034-10-12,70.0517,70.0517,70.0517,70.0517,115885000,0.00%,243875514,327363628514,8117941.25,0
2034-10-16,70.0517,70.0517,70.0517,70.0517,106120000,0.00%,137755514,327363628514,7433886.4,0
2034-10-17,70.0517,70.0517,70.0517,70.0517,117179999,0.00%,20575514,327363628514,8208658.21,0
2034-10-18,70.0517,70.1218,70.1218,70.0517,78715000,0.10%,386723069,327808491069,5519637.49,444862555
2034-10-19,70.1218,70.1218,70.1218,70.1218,57680000,0.00%,329043069,327808491069,4044625.42,0
2034-10-20,70.1218,70.1218,70.1218,70.1218,90860000,0.00%,238183069,327808491069,6371266.75,0
2034-10-23,70.1218,70.1218,70.1218,70.1218,57154999,0.00%,181028069,327808491069,4007811.48,0
2034-10-24,70.1218,70.1218,70.1218,70.1218,38605000,0.00%,142423069,327808491069,2707052.09,0
2034-10-25,70.1218,70.1218,70.1218,70.1218,51310000,0.00%,91113069,327808491069,3597949.56,0
2034-10-26,70.1218,70.1218,70.1218,70.1218,39200000,0.00%,51913069,327808491069,2748774.56,0
2034-10-27,70.1218,70.1218,70.1218,70.1218,41825000,0.00%,10088069,327808491069,2932844.28,0
2034-10-30,70.1218,70.1919,70.1919,70.1218,54425000,0.10%,403802713,328256630713,3820194.16,448139644
2034-10-31,70.1919,70.1919,70.1919,70.1919,48300000,0.00%,355502713,328256630713,3390268.77,0
2034-11-01,70.1919,70.1919,70.1919,70.1919,62650000,0.00%,292852713,328256630713,4397522.54,0
2034-11-02,70.1919,70.1919,70.1919,70.1919,79625000,0.00%,213227713,328256630713,5589030.04,0
2034-11-03,70.1919,70.1919,70.1919,70.1919,73815000,0.00%,139412713,328256630713,5181215.1,0
2034-11-06,70.1919,70.1919,70.1919,70.1919,40985000,0.00%,98427713,328256630713,2876815.02,0
2034-11-07,70.1919,70.1919,70.1919,70.1919,53445000,0.00%,44982713,328256630713,3751406.1,0
2034-11-08,70.1919,70.2621,70.2621,70.1919,72660000,0.10%,419749942,328704057942,5105244.19,447427229
2034-11-09,70.2621,70.2621,70.2621,70.2621,69720000,0.00%,350029942,328704057942,4898673.61,0
2034-11-10,70.2621,70.2621,70.2621,70.2621,67865000,0.00%,282164942,328704057942,4768337.42,0
2034-11-13,70.2621,70.2621,70.2621,70.2621,80010000,0.00%,202154942,328704057942,5621670.62,0
2034-11-14,70.2621,70.2621,70.2621,70.2621,95550000,0.00%,106604942,328704057942,6713543.66,0
2034-11-15,70.2621,70.2621,70.2621,70.2621,99085000,0.00%,7519942,328704057942,6961920.18,0
2034-11-16,70.2621,70.3323,70.3323,70.2621,122150000,0.10%,330230530,329148918530,8591090.45,444860588
2034-11-17,70.3323,70.3323,70.3323,70.3323,101710000,0.00%,228520530,329148918530,7153498.23,0
2034-11-20,70.3323,70.3323,70.3323,70.3323,71715000,0.00%,156805530,329148918530,5043880.89,0
2034-11-21,70.3323,70.3323,70.3323,70.3323,48580000,0.00%,108225530,329148918530,3416743.13,0
2034-11-22,70.3323,70.3323,70.3323,70.3323,52535000,0.00%,55690530,329148918530,3694907.38,0
2034-11-23,70.3323,70.3323,70.3323,70.3323,43750000,0.00%,11940530,329148918530,3077038.12,0
2034-11-24,70.3323,70.4027,70.4027,70.3323,59325000,0.10%,392114755,329588417755,4176640.18,439499225
2034-11-27,70.4027,70.4027,70.4027,70.4027,97615000,0.00%,294499755,329588417755,6872359.56,0
2034-11-28,70.4027,70.4027,70.4027,70.4027,59290000,0.00%,235209755,329588417755,4174176.08,0
2034-11-29,70.4027,70.4027,70.4027,70.4027,58415000,0.00%,176794755,329588417755,4112573.72,0
2034-11-30,70.4027,70.4027,70.4027,70.4027,45745000,0.00%,131049755,329588417755,3220571.51,0
2034-12-01,70.4027,70.4027,70.4027,70.4027,54705000,0.00%,76344755,329588417755,3851379.7,0
2034-12-04,70.4027,70.4027,70.4027,70.4027,46655000,0.00%,29689755,329588417755,3284637.97,0
2034-12-05,70.4027,70.4731,70.4731,70.4027,64260000,0.10%,404520818,330027508818,4528601.41,439091062
2034-12-06,70.4731,70.4731,70.4731,70.4731,49175000,0.00%,355345818,330027508818,3465514.69,0
2034-12-07,70.4731,70.4731,70.4731,70.4731,46585000,0.00%,308760818,330027508818,3282989.36,0
2034-12-08,70.4731,70.4731,70.4731,70.4731,96985000,0.00%,211775818,330027508818,6834833.6,0
2034-12-11,70.4731,70.4731,70.4731,70.4731,78610000,0.00%,133165818,330027508818,5539890.39,0
2034-12-12,70.4731,70.4731,70.4731,70.4731,105980000,0.00%,27185818,330027508818,7468739.14,0
2034-12-13,70.4731,70.5435,70.5435,70.4731,45850000,0.10%,416327728,330462500728,3234419.47,434991909
2034-12-14,70.5435,70.5435,70.5435,70.5435,81935000,0.00%,334392728,330462500728,5779981.67,0
2034-12-15,70.5435,70.5435,70.5435,70.5435,57050000,0.00%,277342728,330462500728,4024506.67,0
2034-12-18,70.5435,70.5435,70.5435,70.5435,49210000,0.00%,228132728,330462500728,3471445.63,0
2034-12-19,70.5435,70.5435,70.5435,70.5435,58730000,0.00%,169402728,330462500728,4143019.75,0
2034-12-20,70.5435,70.5435,70.5435,70.5435,52185000,0.00%,117217728,330462500728,3681312.55,0
2034-12-21,70.5435,70.6141,70.6141,70.5435,121345000,0.10%,433285048,330899913048,8568667.96,437412320
2034-12-22,70.6141,70.6141,70.6141,70.6141,156905000,0.00%,276380048,330899913048,11079705.36,0
2034-12-25,70.6141,70.6141,70.6141,70.6141,73010000,0.00%,203370048,330899913048,5155535.44,0
2034-12-26,70.6141,70.6141,70.6141,70.6141,27545000,0.00%,175825048,330899913048,1945065.38,0
2034-12-29,70.6141,70.6141,70.6141,70.6141,47425000,0.00%,128400048,330899913048,3348873.69,0
2035-01-01,70.6141,70.6141,70.6141,70.6141,48672000,0.00%,79728048,330899913048,3436929.48,0
2035-01-02,70.6141,70.6141,70.6141,70.6141,39132000,0.00%,40596048,330899913048,2763270.96,0
2035-01-04,70.6141,70.6847,70.6847,70.6141,74628000,0.10%,433136421,331367081421,5275057.79,467168373
2035-01-05,70.6847,70.6847,70.6847,70.6847,60624000,0.00%,372512421,331367081421,4285189.25,0
2035-01-08,70.6847,70.6847,70.6847,70.6847,60732000,0.00%,311780421,331367081421,4292823.2,0
2035-01-09,70.6847,70.7554,70.7554,70.6847,514512000,0.10%,272587928,331842400928,36404502.36,475319506
2035-01-10,70.7554,70.8261,70.8261,70.7554,343656000,0.10%,402968942,332316437942,24339814.22,474037014
2035-01-11,70.8261,70.8261,70.8261,70.8261,218088000,0.00%,184880942,332316437942,15446322.5,0
2035-01-12,70.8261,70.8261,70.8261,70.8261,133380000,0.00%,51500942,332316437942,9446785.22,0
2035-01-15,70.8261,70.897,70.897,70.8261,125244000,0.10%,399979711,332790160711,8879423.87,473722768
2035-01-16,70.897,70.897,70.897,70.897,146232000,0.00%,253747711,332790160711,10367410.1,0
2035-01-17,70.897,70.897,70.897,70.897,104976000,0.00%,148771711,332790160711,7442483.47,0
2035-01-18,70.897,70.897,70.897,70.897,94104000,0.00%,54667711,332790160711,6671691.29,0
2035-01-19,70.897,70.9679,70.9679,70.897,61704000,0.10%,464849650,333262046650,4379003.3,471885938
2035-01-22,70.9679,70.9679,70.9679,70.9679,112104000,0.00%,352745650,333262046650,7955785.46,0
2035-01-23,70.9679,70.9679,70.9679,70.9679,90900000,0.00%,261845650,333262046650,6450982.11,0
2035-01-24,70.9679,70.9679,70.9679,70.9679,64296000,0.00%,197549650,333262046650,4562952.1,0
2035-01-25,70.9679,70.9679,70.9679,70.9679,76536000,0.00%,121013650,333262046650,5431599.19,0
2035-01-26,70.9679,70.9679,70.9679,70.9679,86688000,0.00%,34325650,333262046650,6152065.32,0
2035-01-29,70.9679,71.0388,71.0388,70.9679,84996000,0.10%,417294060,333730011060,6038013.84,467964410
2035-01-30,71.0388,71.0388,71.0388,71.0388,51120000,0.00%,366174060,333730011060,3631503.46,0
2035-02-05,71.0388,71.0388,71.0388,71.0388,100512000,0.00%,265662060,333730011060,7140251.87,0
2035-02-06,71.0388,71.0388,71.0388,71.0388,112608000,0.00%,153054060,333730011060,7999537.19,0
2035-02-07,71.0388,71.0388,71.0388,71.0388,115668000,0.00%,37386060,333730011060,8216915.92,0
2035-02-08,71.0388,71.1099,71.1099,71.0388,70524000,0.10%,436218778,334199367778,5014954.59,469356717
2035-02-09,71.1099,71.1099,71.1099,71.1099,124452000,0.00%,311766778,334199367778,8849769.27,0
2035-02-12,71.1099,71.1099,71.1099,71.1099,113076000,0.00%,198690778,334199367778,8040823.05,0
2035-02-13,71.1099,71.1099,71.1099,71.1099,111204000,0.00%,87486778,334199367778,7907705.32,0
2035-02-14,71.1099,71.181,71.181,71.1099,137736000,0.10%,418104844,334667721844,9804186.22,468354065
2035-02-15,71.181,71.181,71.181,71.181,219564000,0.00%,198540844,334667721844,15628785.08,0
2035-02-16,71.181,71.2522,71.2522,71.181,268272000,0.10%,398660887,335136113887,19114970.2,468392043
2035-02-19,71.2522,71.3234,71.3234,71.2522,454392000,0.10%,412712557,335604557557,32408782.37,468443669
2035-02-20,71.3234,71.3234,71.3234,71.3234,225108000,0.00%,187604557,335604557557,16055467.93,0
2035-02-21,71.3234,71.3234,71.3234,71.3234,122868000,0.00%,64736557,335604557557,8763363.51,0
2035-02-22,71.3234,71.3947,71.3947,71.3234,124380000,0.10%,403688989,336067889989,8880072.79,463332432
2035-02-23,71.3947,71.3947,71.3947,71.3947,264780000,0.00%,138908989,336067889989,18903888.67,0
2035-02-26,71.3947,71.4661,71.4661,71.3947,243144000,0.10%,353164501,336525289501,17376553.42,457399512
2035-02-27,71.4661,71.4661,71.4661,71.4661,203436000,0.00%,149728501,336525289501,14538777.52,0
2035-02-28,71.4661,71.4661,71.4661,71.4661,145764000,0.00%,3964501,336525289501,10417184.6,0
2035-03-01,71.4661,71.5376,71.5376,71.4661,140040000,0.10%,317769843,336979134843,10018125.5,453845341
2035-03-02,71.5376,71.5376,71.5376,71.5376,187776000,0.00%,129993843,336979134843,13433044.38,0
2035-03-05,71.5376,71.5376,71.5376,71.5376,117900000,0.00%,12093843,336979134843,8434283.04,0
2035-03-06,71.5376,71.6091,71.6091,71.5376,112032000,0.10%,351311720,337430384720,8022510.69,451249876
2035-03-07,71.6091,71.6091,71.6091,71.6091,126612000,0.00%,224699720,337430384720,9066571.37,0
2035-03-08,71.6091,71.6807,71.6807,71.6091,286848000,0.10%,389477405,337882010405,20561465.43,451625684
2035-03-09,71.6807,71.6807,71.6807,71.6807,167364000,0.00%,222113405,337882010405,11996768.67,0
2035-03-12,71.6807,71.6807,71.6807,71.6807,123912000,0.00%,98201405,337882010405,8882098.9,0
2035-03-13,71.6807,71.7524,71.7524,71.6807,121860000,0.10%,424688857,338330357857,8743747.46,448347452
2035-03-14,71.7524,71.7524,71.7524,71.7524,100908000,0.00%,323780857,338330357857,7240391.18,0
2035-03-15,71.7524,71.7524,71.7524,71.7524,98388000,0.00%,225392857,338330357857,7059575.13,0
2035-03-16,71.7524,71.7524,71.7524,71.7524,110556000,0.00%,114836857,338330357857,7932658.33,0
2035-03-19,71.7524,71.7524,71.7524,71.7524,79560000,0.00%,35276857,338330357857,5708620.94,0
2035-03-20,71.7524,71.8242,71.8242,71.7524,121104000,0.10%,363729668,338779914668,8698197.92,449556810
2035-03-21,71.8242,71.8242,71.8242,71.8242,113760000,0.00%,249969668,338779914668,8170720.99,0
2035-03-22,71.8242,71.8242,71.8242,71.8242,179460000,0.00%,70509668,338779914668,12889570.93,0
2035-03-23,71.8242,71.896,71.896,71.8242,152136000,0.10%,366279684,339227820684,10937969.86,447906016
2035-03-26,71.896,71.896,71.896,71.896,88560000,0.00%,277719684,339227820684,6367109.76,0
2035-03-27,71.896,71.896,71.896,71.896,99864000,0.00%,177855684,339227820684,7179822.14,0
2035-03-28,71.896,71.896,71.896,71.896,62316000,0.00%,115539684,339227820684,4480271.14,0
2035-03-29,71.896,71.896,71.896,71.896,63360000,0.00%,52179684,339227820684,4555330.56,0
2035-03-30,71.896,71.9679,71.9679,71.896,66924000,0.10%,439596946,339682161946,4816379.74,454341261
2035-04-02,71.9679,71.9679,71.9679,71.9679,100944000,0.00%,338652946,339682161946,7264727.7,0
2035-04-03,71.9679,71.9679,71.9679,71.9679,70272000,0.00%,268380946,339682161946,5057328.27,0
2035-04-04,71.9679,71.9679,71.9679,71.9679,51300000,0.00%,217080946,339682161946,3691953.27,0
2035-04-05,71.9679,71.9679,71.9679,71.9679,105192000,0.00%,111888946,339682161946,7570447.34,0
2035-04-09,71.9679,72.0399,72.0399,71.9679,444096000,0.10%,122886643,340137255643,31992631.43,455093696
2035-04-10,72.0399,72.1119,72.1119,72.0399,234432000,0.10%,357871382,340606672382,16905336.94,469416738
2035-04-11,72.1119,72.1119,72.1119,72.1119,239328000,0.00%,118543382,340606672382,17258396.8,0
2035-04-12,72.1119,72.184,72.184,72.1119,208080000,0.10%,393846971,341090055971,15020046.72,483383588
2035-04-13,72.184,72.184,72.184,72.184,167724000,0.00%,226122971,341090055971,12106989.22,0
2035-04-16,72.184,72.184,72.184,72.184,109260000,0.00%,116862971,341090055971,7886823.84,0
2035-04-17,72.184,72.184,72.184,72.184,72900000,0.00%,43962971,341090055971,5262213.6,0
2035-04-18,72.184,72.2562,72.2562,72.184,98352000,0.10%,436305029,341580750029,7106541.78,490694058
2035-04-19,72.2562,72.2562,72.2562,72.2562,88128000,0.00%,348177029,341580750029,6367794.39,0
2035-04-24,72.2562,72.2562,72.2562,72.2562,86544000,0.00%,261633029,341580750029,6253340.57,0
2035-04-25,72.2562,72.2562,72.2562,72.2562,97200000,0.00%,164433029,341580750029,7023302.64,0
2035-04-26,72.2562,72.2562,72.2562,72.2562,68076000,0.00%,96357029,341580750029,4918913.07,0
2035-04-27,72.2562,72.3285,72.3285,72.2562,103500000,0.10%,489310631,342077203631,7485999.75,496453601
2035-04-30,72.3285,72.3285,72.3285,72.3285,49716000,0.00%,439594631,342077203631,3595883.71,0
2035-05-01,72.3285,72.3285,72.3285,72.3285,58932000,0.00%,380662631,342077203631,4262463.16,0
2035-05-02,72.3285,72.3285,72.3285,72.3285,55116000,0.00%,325546631,342077203631,3986457.61,0
2035-05-04,72.3285,72.3285,72.3285,72.3285,47664000,0.00%,277882631,342077203631,3447465.62,0
2035-05-08,72.3285,72.3285,72.3285,72.3285,71316000,0.00%,206566631,342077203631,5158179.31,0
2035-05-09,72.3285,72.3285,72.3285,72.3285,92232000,0.00%,114334631,342077203631,6671002.21,0
2035-05-10,72.3285,72.3285,72.3285,72.3285,71352000,0.00%,42982631,342077203631,5160783.13,0
2035-05-11,72.3285,72.4008,72.4008,72.3285,49608000,0.10%,500188784,342584017784,3591658.89,506814153
2035-05-14,72.4008,72.4008,72.4008,72.4008,129060000,0.00%,371128784,342584017784,9344047.25,0
2035-05-15,72.4008,72.4008,72.4008,72.4008,83232000,0.00%,287896784,342584017784,6026063.39,0
2035-05-16,72.4008,72.4008,72.4008,72.4008,87444000,0.00%,200452784,342584017784,6331015.56,0
2035-05-17,72.4008,72.4008,72.4008,72.4008,118079999,0.00%,82372784,342584017784,8549086.46,0
2035-05-18,72.4008,72.4008,72.4008,72.4008,76788000,0.00%,5584784,342584017784,5559512.63,0
2035-05-21,72.4008,72.4732,72.4732,72.4008,80856000,0.10%,449717489,343109006489,5859893.06,524988704
2035-05-22,72.4732,72.4732,72.4732,72.4732,56844000,0.00%,392873489,343109006489,4119666.58,0
2035-05-23,72.4732,72.4732,72.4732,72.4732,68112000,0.00%,324761489,343109006489,4936294.6,0
2035-05-24,72.4732,72.4732,72.4732,72.4732,51408000,0.00%,273353489,343109006489,3725702.27,0
2035-05-25,72.4732,72.4732,72.4732,72.4732,58536000,0.00%,214817489,343109006489,4242291.24,0
2035-05-28,72.4732,72.4732,72.4732,72.4732,62244000,0.00%,152573489,343109006489,4511021.86,0
2035-05-29,72.4732,72.4732,72.4732,72.4732,53964000,0.00%,98609489,343109006489,3910943.76,0
2035-05-30,72.4732,72.4732,72.4732,72.4732,60516000,0.00%,38093489,343109006489,4385788.17,0
2035-05-31,72.4732,72.5457,72.5457,72.4732,69732000,0.10%,545609421,343686254421,5058756.75,577247931
2035-06-01,72.5457,72.5457,72.5457,72.5457,101808000,0.00%,443801421,343686254421,7385732.63,0
2035-06-04,72.5457,72.5457,72.5457,72.5457,47124000,0.00%,396677421,343686254421,3418643.57,0
2035-06-05,72.5457,72.5457,72.5457,72.5457,52596000,0.00%,344081421,343686254421,3815613.64,0
2035-06-06,72.5457,72.5457,72.5457,72.5457,66168000,0.00%,277913421,343686254421,4800203.88,0
2035-06-07,72.5457,72.5457,72.5457,72.5457,69588000,0.00%,208325421,343686254421,5048310.17,0
2035-06-08,72.5457,72.5457,72.5457,72.5457,47304000,0.00%,161021421,343686254421,3431701.79,0
2035-06-11,72.5457,72.5457,72.5457,72.5457,66528000,0.00%,94493421,343686254421,4826320.33,0
2035-06-12,72.5457,72.5457,72.5457,72.5457,61344000,0.00%,33149421,343686254421,4450243.42,0
2035-06-13,72.5457,72.6182,72.6182,72.5457,53208000,0.10%,589589291,344295902291,3863869.19,609647869
2035-06-14,72.6182,72.6182,72.6182,72.6182,48132000,0.00%,541457291,344295902291,3495259.2,0
2035-06-15,72.6182,72.6182,72.6182,72.6182,68724000,0.00%,472733291,344295902291,4990613.18,0
2035-06-18,72.6182,72.6182,72.6182,72.6182,49608000,0.00%,423125291,344295902291,3602443.67,0
2035-06-19,72.6182,72.6182,72.6182,72.6182,41472000,0.00%,381653291,344295902291,3011621.99,0
2035-06-20,72.6182,72.6182,72.6182,72.6182,54684000,0.00%,326969291,344295902291,3971053.65,0
2035-06-21,72.6182,72.6182,72.6182,72.6182,69804000,0.00%,257165291,344295902291,5069040.83,0
2035-06-22,72.6182,72.6182,72.6182,72.6182,74232000,0.00%,182933291,344295902291,5390594.22,0
2035-06-25,72.6182,72.6182,72.6182,72.6182,51300000,0.00%,131633291,344295902291,3725313.66,0
2035-06-26,72.6182,72.6182,72.6182,72.6182,63972000,0.00%,67661291,344295902291,4645531.49,0
2035-06-27,72.6182,72.6182,72.6182,72.6182,63324000,0.00%,4337291,344295902291,4598474.9,0
2035-06-28,72.6182,72.6908,72.6908,72.6182,54000000,0.10%,565636922,344911201922,3925303.2,615299630
2035-06-29,72.6908,72.6908,72.6908,72.6908,54648000,0.00%,510988922,344911201922,3972406.84,0
2035-07-02,72.6908,72.6908,72.6908,72.6908,66456000,0.00%,444532922,344911201922,4830739.8,0
2035-07-04,72.6908,72.6908,72.6908,72.6908,65520000,0.00%,379012922,344911201922,4762701.22,0
2035-07-05,72.6908,72.6908,72.6908,72.6908,68256000,0.00%,310756922,344911201922,4961583.24,0
2035-07-06,72.6908,72.6908,72.6908,72.6908,52776000,0.00%,257980922,344911201922,3836329.66,0
2035-07-09,72.6908,72.6908,72.6908,72.6908,41868000,0.00%,216112922,344911201922,3043418.41,0
2035-07-10,72.6908,72.6908,72.6908,72.6908,47412000,0.00%,168700922,344911201922,3446416.21,0
2035-07-11,72.6908,72.6908,72.6908,72.6908,64152000,0.00%,104548922,344911201922,4663260.2,0
2035-07-12,72.6908,72.6908,72.6908,72.6908,50508000,0.00%,54040922,344911201922,3671466.93,0
2035-07-13,72.6908,72.7635,72.7635,72.6908,69228000,0.10%,635638330,345562027330,5037271.58,650825408
2035-07-16,72.7635,72.7635,72.7635,72.7635,42120000,0.00%,593518330,345562027330,3064798.62,0
2035-07-17,72.7635,72.7635,72.7635,72.7635,98820000,0.00%,494698330,345562027330,7190489.07,0
2035-07-18,72.7635,72.7635,72.7635,72.7635,83700000,0.00%,410998330,345562027330,6090304.95,0
2035-07-19,72.7635,72.7635,72.7635,72.7635,49464000,0.00%,361534330,345562027330,3599173.76,0
2035-07-20,72.7635,72.7635,72.7635,72.7635,49608000,0.00%,311926330,345562027330,3609651.71,0
2035-07-23,72.7635,72.7635,72.7635,72.7635,47772000,0.00%,264154330,345562027330,3476057.92,0
2035-07-24,72.7635,72.7635,72.7635,72.7635,63360000,0.00%,200794330,345562027330,4610295.36,0
2035-07-25,72.7635,72.7635,72.7635,72.7635,168264000,0.00%,32530330,345562027330,12243477.56,0
2035-07-26,72.7635,72.8363,72.8363,72.7635,87048000,0.10%,599267455,346215812455,6340254.24,653785124
2035-07-27,72.8363,72.8363,72.8363,72.8363,71604000,0.00%,527663455,346215812455,5215370.43,0
2035-07-30,72.8363,72.8363,72.8363,72.8363,52776000,0.00%,474887455,346215812455,3844008.57,0
2035-07-31,72.8363,72.8363,72.8363,72.8363,60660000,0.00%,414227455,346215812455,4418249.96,0
2035-08-01,72.8363,72.8363,72.8363,72.8363,69696000,0.00%,344531455,346215812455,5076398.76,0
2035-08-02,72.8363,72.8363,72.8363,72.8363,73620000,0.00%,270911455,346215812455,5362208.41,0
2035-08-03,72.8363,72.8363,72.8363,72.8363,76320000,0.00%,194591455,346215812455,5558866.42,0
2035-08-06,72.8363,72.8363,72.8363,72.8363,62424000,0.00%,132167455,346215812455,4546733.19,0
2035-08-07,72.8363,72.8363,72.8363,72.8363,62460000,0.00%,69707455,346215812455,4549355.3,0
2035-08-08,72.8363,72.9091,72.9091,72.8363,74664000,0.10%,648754913,346869523913,5443685.04,653711458
2035-08-09,72.9091,72.9091,72.9091,72.9091,60984000,0.00%,587770913,346869523913,4446288.55,0
2035-08-10,72.9091,72.9091,72.9091,72.9091,47916000,0.00%,539854913,346869523913,3493512.44,0
2035-08-13,72.9091,72.9091,72.9091,72.9091,42444000,0.00%,497410913,346869523913,3094553.84,0
2035-08-14,72.9091,72.9091,72.9091,72.9091,49788000,0.00%,447622913,346869523913,3629998.27,0
2035-08-15,72.9091,72.9091,72.9091,72.9091,135360000,0.00%,312262913,346869523913,9868975.78,0
2035-08-16,72.9091,72.9091,72.9091,72.9091,130824000,0.00%,181438913,346869523913,9538260.1,0
2035-08-17,72.9091,72.9091,72.9091,72.9091,79848000,0.00%,101590913,346869523913,5821645.82,0
2035-08-20,72.9091,72.9091,72.9091,72.9091,63324000,0.00%,38266913,346869523913,4616895.85,0
2035-08-21,72.9091,72.982,72.982,72.9091,58896000,0.10%,635469885,347525622885,4298347.87,656098972
2035-08-22,72.982,72.982,72.982,72.982,57420000,0.00%,578049885,347525622885,4190626.44,0
2035-08-23,72.982,72.982,72.982,72.982,51444000,0.00%,526605885,347525622885,3754486.01,0
2035-08-24,72.982,72.982,72.982,72.982,69768000,0.00%,456837885,347525622885,5091808.18,0
2035-08-27,72.982,72.982,72.982,72.982,92484000,0.00%,364353885,347525622885,6749667.29,0
2035-08-28,72.982,72.982,72.982,72.982,74376000,0.00%,289977885,347525622885,5428109.23,0
2035-08-29,72.982,72.982,72.982,72.982,76536000,0.00%,213441885,347525622885,5585750.35,0
2035-08-30,72.982,72.982,72.982,72.982,78156000,0.00%,135285885,347525622885,5703981.19,0
2035-08-31,72.982,72.982,72.982,72.982,65628000,0.00%,69657885,347525622885,4789662.7,0
2035-09-03,72.982,72.982,72.982,72.982,57456000,0.00%,12201885,347525622885,4193253.79,0
2035-09-04,72.982,73.055,73.055,72.982,53316000,0.10%,609760451,348176497451,3895000.38,650874565
2035-09-05,73.055,73.055,73.055,73.055,55872000,0.00%,553888451,348176497451,4081728.96,0
2035-09-06,73.055,73.055,73.055,73.055,64800000,0.00%,489088451,348176497451,4733964.0,0
2035-09-07,73.055,73.055,73.055,73.055,68580000,0.00%,420508451,348176497451,5010111.9,0
2035-09-10,73.055,73.055,73.055,73.055,78552000,0.00%,341956451,348176497451,5738616.36,0
2035-09-11,73.055,73.055,73.055,73.055,71532000,0.00%,270424451,348176497451,5225770.26,0
2035-09-12,73.055,73.055,73.055,73.055,69084000,0.00%,201340451,348176497451,5046931.62,0
2035-09-13,73.055,73.055,73.055,73.055,65484000,0.00%,135856451,348176497451,4783933.62,0
2035-09-14,73.055,73.055,73.055,73.055,74808000,0.00%,61048451,348176497451,5465098.44,0
2035-09-17,73.055,73.055,73.055,73.055,58932000,0.00%,2116451,348176497451,4305277.26,0
2035-09-18,73.055,73.1281,73.1281,73.055,48024000,0.10%,596099899,348818504899,3511903.87,642007447
2035-09-19,73.1281,73.1281,73.1281,73.1281,80460000,0.00%,515639899,348818504899,5883886.93,0
2035-09-20,73.1281,73.1281,73.1281,73.1281,107964000,0.00%,407675899,348818504899,7895202.19,0
2035-09-21,73.1281,73.1281,73.1281,73.1281,74916000,0.00%,332759899,348818504899,5478464.74,0
2035-09-24,73.1281,73.1281,73.1281,73.1281,46440000,0.00%,286319899,348818504899,3396068.96,0
2035-09-25,73.1281,73.1281,73.1281,73.1281,55044000,0.00%,231275899,348818504899,4025263.14,0
2035-09-26,73.1281,73.1281,73.1281,73.1281,66384000,0.00%,164891899,348818504899,4854535.79,0
2035-09-27,73.1281,73.1281,73.1281,73.1281,62568000,0.00%,102323899,348818504899,4575478.96,0
2035-09-28,73.1281,73.1281,73.1281,73.1281,70200000,0.00%,32123899,348818504899,5133592.62,0
2035-10-01,73.1281,73.2012,73.2012,73.1281,73764000,0.10%,595245772,349455390772,5399613.32,636885873
2035-10-02,73.2012,73.2012,73.2012,73.2012,74196000,0.00%,521049772,349455390772,5431236.24,0
2035-10-04,73.2012,73.2012,73.2012,73.2012,61704000,0.00%,459345772,349455390772,4516806.84,0
2035-10-05,73.2012,73.2012,73.2012,73.2012,25668000,0.00%,433677772,349455390772,1878928.4,0
2035-10-08,73.2012,73.2012,73.2012,73.2012,28188000,0.00%,405489772,349455390772,2063395.43,0
2035-10-10,73.2012,73.2012,73.2012,73.2012,37944000,0.00%,367545772,349455390772,2777546.33,0
2035-10-11,73.2012,73.2012,73.2012,73.2012,52020000,0.00%,315525772,349455390772,3807926.42,0
2035-10-12,73.2012,73.2012,73.2012,73.2012,71640000,0.00%,243885772,349455390772,5244133.97,0
2035-10-15,73.2012,73.2012,73.2012,73.2012,136836000,0.00%,107049772,349455390772,10016559.4,0
2035-10-16,73.2012,73.2012,73.2012,73.2012,96480000,0.00%,10569772,349455390772,7062451.78,0
2035-10-17,73.2012,73.2744,73.2744,73.2012,66168000,0.10%,571037624,350082026624,4848420.5,626635852
2035-10-18,73.2744,73.2744,73.2744,73.2744,51444000,0.00%,519593624,350082026624,3769528.23,0
2035-10-19,73.2744,73.2744,73.2744,73.2744,67140000,0.00%,452453624,350082026624,4919643.22,0
2035-10-22,73.2744,73.2744,73.2744,73.2744,53856000,0.00%,398597624,350082026624,3946266.09,0
2035-10-23,73.2744,73.2744,73.2744,73.2744,51012000,0.00%,347585624,350082026624,3737873.69,0
2035-10-24,73.2744,73.2744,73.2744,73.2744,35928000,0.00%,311657624,350082026624,2632602.64,0
2035-10-25,73.2744,73.2744,73.2744,73.2744,44712000,0.00%,266945624,350082026624,3276244.97,0
2035-10-26,73.2744,73.2744,73.2744,73.2744,43200000,0.00%,223745624,350082026624,3165454.08,0
2035-10-29,73.2744,73.2744,73.2744,73.2744,57744000,0.00%,166001624,350082026624,4231156.95,0
2035-10-30,73.2744,73.2744,73.2744,73.2744,58680000,0.00%,107321624,350082026624,4299741.79,0
2035-11-01,73.2744,73.2744,73.2744,73.2744,78372000,0.00%,28949624,350082026624,5742661.28,0
2035-11-02,73.2744,73.3477,73.3477,73.2744,74088000,0.10%,585563382,350712728382,5434184.4,630701757
2035-11-05,73.3477,73.3477,73.3477,73.3477,41724000,0.00%,543839382,350712728382,3060359.43,0
2035-11-06,73.3477,73.3477,73.3477,73.3477,53892000,0.00%,489947382,350712728382,3952854.25,0
2035-11-07,73.3477,73.3477,73.3477,73.3477,47916000,0.00%,442031382,350712728382,3514528.39,0
2035-11-08,73.3477,73.3477,73.3477,73.3477,47088000,0.00%,394943382,350712728382,3453796.5,0
2035-11-09,73.3477,73.3477,73.3477,73.3477,47916000,0.00%,347027382,350712728382,3514528.39,0
2035-11-12,73.3477,73.3477,73.3477,73.3477,52236000,0.00%,294791382,350712728382,3831390.46,0
2035-11-13,73.3477,73.3477,73.3477,73.3477,47124000,0.00%,247667382,350712728382,3456437.01,0
2035-11-14,73.3477,73.3477,73.3477,73.3477,49176000,0.00%,198491382,350712728382,3606946.5,0
2035-11-15,73.3477,73.3477,73.3477,73.3477,62280000,0.00%,136211382,350712728382,4568094.76,0
2035-11-16,73.3477,73.3477,73.3477,73.3477,71856000,0.00%,64355382,350712728382,5270472.33,0
2035-11-19,73.3477,73.3477,73.3477,73.3477,49644000,0.00%,14711382,350712728382,3641273.22,0
2035-11-20,73.3477,73.421,73.421,73.3477,67752000,0.10%,572801677,351338570677,4974419.59,625842294
2035-11-21,73.421,73.421,73.421,73.421,50256000,0.00%,522545677,351338570677,3689845.78,0
2035-11-22,73.421,73.421,73.421,73.421,50472000,0.00%,472073677,351338570677,3705704.71,0
2035-11-23,73.421,73.421,73.421,73.421,85428000,0.00%,386645677,351338570677,6272209.19,0
2035-11-26,73.421,73.421,73.421,73.421,80568000,0.00%,306077677,351338570677,5915383.13,0
2035-11-27,73.421,73.421,73.421,73.421,53568000,0.00%,252509677,351338570677,3933016.13,0
2035-11-28,73.421,73.421,73.421,73.421,51948000,0.00%,200561677,351338570677,3814074.11,0
2035-11-29,73.421,73.421,73.421,73.421,55764000,0.00%,144797677,351338570677,4094248.64,0
2035-11-30,73.421,73.421,73.421,73.421,47592000,0.00%,97205677,351338570677,3494252.23,0
2035-12-03,73.421,73.421,73.421,73.421,45504000,0.00%,51701677,351338570677,3340949.18,0
2035-12-04,73.421,73.421,73.421,73.421,41256000,0.00%,10445677,351338570677,3029056.78,0
2035-12-05,73.421,73.4944,73.4944,73.421,39600000,0.10%,597599306,351965324306,2910378.24,626753628
2035-12-06,73.4944,73.4944,73.4944,73.4944,55188000,0.00%,542411306,351965324306,4056008.95,0
2035-12-07,73.4944,73.4944,73.4944,73.4944,52704000,0.00%,489707306,351965324306,3873448.86,0
2035-12-10,73.4944,73.4944,73.4944,73.4944,48312000,0.00%,441395306,351965324306,3550661.45,0
2035-12-11,73.4944,73.4944,73.4944,73.4944,62748000,0.00%,378647306,351965324306,4611626.61,0
2035-12-12,73.4944,73.4944,73.4944,73.4944,53100000,0.00%,325547306,351965324306,3902552.64,0
2035-12-13,73.4944,73.4944,73.4944,73.4944,44928000,0.00%,280619306,351965324306,3301956.4,0
2035-12-14,73.4944,73.4944,73.4944,73.4944,64188000,0.00%,216431306,351965324306,4717458.55,0
2035-12-17,73.4944,73.4944,73.4944,73.4944,54612000,0.00%,161819306,351965324306,4013676.17,0
2035-12-18,73.4944,73.4944,73.4944,73.4944,57564000,0.00%,104255306,351965324306,4230631.64,0
2035-12-19,73.4944,73.4944,73.4944,73.4944,53352000,0.00%,50903306,351965324306,3921073.23,0
2035-12-20,73.4944,73.4944,73.4944,73.4944,36540000,0.00%,14363306,351965324306,2685485.38,0
2035-12-21,73.4944,73.5679,73.5679,73.4944,63972000,0.10%,583116166,352598049166,4706285.7,632724860
2035-12-24,73.5679,73.5679,73.5679,73.5679,49932000,0.00%,533184166,352598049166,3673392.38,0
2035-12-25,73.5679,73.5679,73.5679,73.5679,56232000,0.00%,476952166,352598049166,4136870.15,0
2035-12-26,73.5679,73.5679,73.5679,73.5679,26352000,0.00%,450600166,352598049166,1938661.3,0
2035-12-31,73.5679,73.5679,73.5679,73.5679,66600000,0.00%,384000166,352598049166,4899622.14,0
2036-01-01,73.5679,73.5679,73.5679,73.5679,50246000,0.00%,333754166,352598049166,3696492.7,0
2036-01-02,73.5679,73.5679,73.5679,73.5679,40108000,0.00%,293646166,352598049166,2950661.33,0
2036-01-04,73.5679,73.5679,73.5679,73.5679,59940000,0.00%,233706166,352598049166,4409659.93,0
2036-01-07,73.5679,73.5679,73.5679,73.5679,73815000,0.00%,159891166,352598049166,5430414.54,0
2036-01-08,73.5679,73.5679,73.5679,73.5679,89429000,0.00%,70462166,352598049166,6579103.73,0
2036-01-09,73.5679,73.6415,73.6415,73.5679,79106000,0.10%,621205636,353227898636,5825484.5,629849469
2036-01-10,73.6415,73.6415,73.6415,73.6415,69338000,0.00%,551867636,353227898636,5106154.33,0
2036-01-11,73.6415,73.6415,73.6415,73.6415,65897000,0.00%,485970636,353227898636,4852753.93,0
2036-01-14,73.6415,73.6415,73.6415,73.6415,101861000,0.00%,384109636,353227898636,7501196.83,0
2036-01-15,73.6415,73.6415,73.6415,73.6415,89577000,0.00%,294532636,353227898636,6596584.65,0
2036-01-16,73.6415,73.6415,73.6415,73.6415,106116000,0.00%,188416636,353227898636,7814541.41,0
2036-01-17,73.6415,73.6415,73.6415,73.6415,96903000,0.00%,91513636,353227898636,7136082.27,0
2036-01-18,73.6415,73.6415,73.6415,73.6415,76294000,0.00%,15219636,353227898636,5618404.6,0
2036-01-21,73.6415,73.7151,73.7151,73.6415,48951000,0.10%,598827370,353860457370,3608427.86,632558734
2036-01-22,73.7151,73.7151,73.7151,73.7151,90021000,0.00%,508806370,353860457370,6635907.02,0
2036-01-23,73.7151,73.7151,73.7151,73.7151,59200000,0.00%,449606370,353860457370,4363933.92,0
2036-01-24,73.7151,73.7151,73.7151,73.7151,100529000,0.00%,349077370,353860457370,7410505.29,0
2036-01-25,73.7151,73.7151,73.7151,73.7151,70966000,0.00%,278111370,353860457370,5231265.79,0
2036-01-28,73.7151,73.7151,73.7151,73.7151,64528000,0.00%,213583370,353860457370,4756687.97,0
2036-01-29,73.7151,73.7151,73.7151,73.7151,88393000,0.00%,125190370,353860457370,6515898.83,0
2036-01-30,73.7151,73.7151,73.7151,73.7151,94646000,0.00%,30544370,353860457370,6976839.35,0
2036-01-31,73.7151,73.7888,73.7888,73.7151,84915000,0.10%,574975502,354489803502,6265775.95,629346131
2036-02-01,73.7888,73.7888,73.7888,73.7888,79476000,0.00%,495499502,354489803502,5864438.67,0
2036-02-04,73.7888,73.7888,73.7888,73.7888,103341000,0.00%,392158502,354489803502,7625408.38,0
2036-02-05,73.7888,73.7888,73.7888,73.7888,240980999,0.00%,151177502,354489803502,17781698.81,0
2036-02-06,73.7888,73.8626,73.8626,73.7888,223369000,0.10%,550823843,355112818843,16498615.1,623015341
2036-02-07,73.8626,73.8626,73.8626,73.8626,293447000,0.00%,257376843,355112818843,21674758.38,0
2036-02-08,73.8626,73.8626,73.8626,73.8626,130980000,0.00%,126396843,355112818843,9674523.35,0
2036-02-11,73.8626,73.8626,73.8626,73.8626,97606000,0.00%,28790843,355112818843,7209432.94,0
2036-02-12,73.8626,73.9365,73.9365,73.8626,108077000,0.10%,535815026,355727920026,7990835.11,615101183
2036-02-13,73.9365,73.9365,73.9365,73.9365,87912000,0.00%,447903026,355727920026,6499905.59,0
2036-02-14,73.9365,73.9365,73.9365,73.9365,147223000,0.00%,300680026,355727920026,10885153.34,0
2036-02-15,73.9365,73.9365,73.9365,73.9365,99530000,0.00%,201150026,355727920026,7358899.84,0
2036-02-18,73.9365,73.9365,73.9365,73.9365,26714000,0.00%,174436026,355727920026,1975139.66,0
2036-02-22,73.9365,73.9365,73.9365,73.9365,78995000,0.00%,95441026,355727920026,5840613.82,0
2036-02-25,73.9365,73.9365,73.9365,73.9365,81918000,0.00%,13523026,355727920026,6056730.21,0
2036-02-26,73.9365,74.0104,74.0104,73.9365,133681000,0.10%,493033550,356341111550,9893784.28,613191524
2036-02-27,74.0104,74.0104,74.0104,74.0104,84508000,0.00%,408525550,356341111550,6254470.88,0
2036-02-28,74.0104,74.0104,74.0104,74.0104,94535000,0.00%,313990550,356341111550,6996573.16,0
2036-02-29,74.0104,74.0104,74.0104,74.0104,119250999,0.00%,194739550,356341111550,8825814.21,0
2036-03-03,74.0104,74.0104,74.0104,74.0104,114034000,0.00%,80705550,356341111550,8439701.95,0
2036-03-04,74.0104,74.0844,74.0844,74.0104,101269000,0.10%,590386101,356952061101,7502453.1,610949550
2036-03-05,74.0844,74.0844,74.0844,74.0844,121989000,0.00%,468397101,356952061101,9037481.87,0
2036-03-06,74.0844,74.0844,74.0844,74.0844,88652000,0.00%,379745101,356952061101,6567730.23,0
2036-03-07,74.0844,74.0844,74.0844,74.0844,112332000,0.00%,267413101,356952061101,8322048.82,0
2036-03-10,74.0844,74.0844,74.0844,74.0844,116106000,0.00%,151307101,356952061101,8601643.35,0
2036-03-11,74.0844,74.1585,74.1585,74.0844,214082000,0.10%,544767678,357559603678,15876000.0,607542577
2036-03-12,74.1585,74.1585,74.1585,74.1585,176194000,0.00%,368573678,357559603678,13066282.75,0
2036-03-13,74.1585,74.1585,74.1585,74.1585,72742000,0.00%,295831678,357559603678,5394437.61,0
2036-03-14,74.1585,74.1585,74.1585,74.1585,63566000,0.00%,232265678,357559603678,4713959.21,0
2036-03-17,74.1585,74.1585,74.1585,74.1585,89614000,0.00%,142651678,357559603678,6645639.82,0
2036-03-18,74.1585,74.1585,74.1585,74.1585,84619000,0.00%,58032678,357559603678,6275218.11,0
2036-03-19,74.1585,74.2327,74.2327,74.1585,78995000,0.10%,571909519,358152475519,5864012.14,592871841
2036-03-20,74.2327,74.2327,74.2327,74.2327,219891000,0.00%,352018519,358152475519,16323102.64,0
2036-03-21,74.2327,74.2327,74.2327,74.2327,92204000,0.00%,259814519,358152475519,6844551.87,0
2036-03-24,74.2327,74.2327,74.2327,74.2327,129944000,0.00%,129870519,358152475519,9646093.97,0
2036-03-25,74.2327,74.2327,74.2327,74.2327,108632000,0.00%,21238519,358152475519,8064046.67,0
2036-03-26,74.2327,74.3069,74.3069,74.2327,138195000,0.10%,456731642,358726163642,10268842.05,573688122
2036-03-27,74.3069,74.3069,74.3069,74.3069,83694000,0.00%,373037642,358726163642,6219041.69,0
2036-03-28,74.3069,74.3069,74.3069,74.3069,75295000,0.00%,297742642,358726163642,5594938.04,0
2036-03-31,74.3069,74.3069,74.3069,74.3069,105117000,0.00%,192625642,358726163642,7810918.41,0
2036-04-01,74.3069,74.3069,74.3069,74.3069,95460000,0.00%,97165642,358726163642,7093336.67,0
2036-04-02,74.3069,74.3069,74.3069,74.3069,78736000,0.00%,18429642,358726163642,5850628.08,0
2036-04-03,74.3069,74.3812,74.3812,74.3069,63011000,0.10%,512258125,359283003125,4686833.79,556839483
2036-04-09,74.3812,74.3812,74.3812,74.3812,121582000,0.00%,390676125,359283003125,9043415.06,0
2036-04-10,74.3812,74.3812,74.3812,74.3812,76664000,0.00%,314012125,359283003125,5702360.32,0
2036-04-11,74.3812,74.3812,74.3812,74.3812,76479000,0.00%,237533125,359283003125,5688599.79,0
2036-04-14,74.3812,74.3812,74.3812,74.3812,78218000,0.00%,159315125,359283003125,5817948.7,0
2036-04-15,74.3812,74.3812,74.3812,74.3812,65971000,0.00%,93344125,359283003125,4907002.15,0
2036-04-16,74.3812,74.3812,74.3812,74.3812,75073000,0.00%,18271125,359283003125,5584019.83,0
2036-04-17,74.3812,74.4556,74.4556,74.3812,83472000,0.10%,496455578,359844659578,6214957.84,561656453
2036-04-18,74.4556,74.4556,74.4556,74.4556,50875000,0.00%,445580578,359844659578,3787928.65,0
2036-04-21,74.4556,74.4556,74.4556,74.4556,86691000,0.00%,358889578,359844659578,6454630.42,0
2036-04-22,74.4556,74.4556,74.4556,74.4556,48507000,0.00%,310382578,359844659578,3611617.79,0
2036-04-23,74.4556,74.4556,74.4556,74.4556,85729000,0.00%,224653578,359844659578,6383004.13,0
2036-04-24,74.4556,74.4556,74.4556,74.4556,86950000,0.00%,137703578,359844659578,6473914.42,0
2036-04-25,74.4556,74.4556,74.4556,74.4556,68709000,0.00%,68994578,359844659578,5115769.82,0
2036-04-28,74.4556,74.5301,74.5301,74.4556,166685000,0.10%,470012360,360412362360,12423049.72,567702781
2036-04-29,74.5301,74.5301,74.5301,74.5301,95423000,0.00%,374589360,360412362360,7111885.73,0
2036-04-30,74.5301,74.5301,74.5301,74.5301,71484000,0.00%,303105360,360412362360,5327709.67,0
2036-05-01,74.5301,74.5301,74.5301,74.5301,142117000,0.00%,160988360,360412362360,10591994.22,0
2036-05-05,74.5301,74.5301,74.5301,74.5301,87912000,0.00%,73076360,360412362360,6552090.15,0
2036-05-06,74.5301,74.5301,74.5301,74.5301,48100000,0.00%,24976360,360412362360,3584897.81,0
2036-05-07,74.5301,74.6046,74.6046,74.5301,164169000,0.10%,428416640,360979971640,12247762.58,567609280
2036-05-08,74.6046,74.6046,74.6046,74.6046,151663000,0.00%,276753640,360979971640,11314757.45,0
2036-05-09,74.6046,74.6046,74.6046,74.6046,93277000,0.00%,183476640,360979971640,6958893.27,0
2036-05-12,74.6046,74.6046,74.6046,74.6046,102897000,0.00%,80579640,360979971640,7676589.53,0
2036-05-13,74.6046,74.6792,74.6792,74.6046,120139000,0.10%,545452446,361564983446,8971884.41,585011806
2036-05-14,74.6792,74.6792,74.6792,74.6792,98494000,0.00%,446958446,361564983446,7355453.12,0
2036-05-15,74.6792,74.6792,74.6792,74.6792,145558000,0.00%,301400446,361564983446,10870154.99,0
2036-05-16,74.6792,74.6792,74.6792,74.6792,97865000,0.00%,203535446,361564983446,7308479.91,0
2036-05-19,74.6792,74.6792,74.6792,74.6792,109150000,0.00%,94385446,361564983446,8151234.68,0
2036-05-20,74.6792,74.7539,74.7539,74.6792,124838000,0.10%,561785968,362157221968,9332127.37,592238521
2036-05-21,74.7539,74.7539,74.7539,74.7539,70041000,0.00%,491744968,362157221968,5235837.91,0
2036-05-22,74.7539,74.7539,74.7539,74.7539,146705000,0.00%,345039968,362157221968,10966770.9,0
2036-05-23,74.7539,74.7539,74.7539,74.7539,88800000,0.00%,256239968,362157221968,6638146.32,0
2036-05-27,74.7539,74.7539,74.7539,74.7539,121359999,0.00%,134879968,362157221968,9072133.3,0
2036-05-28,74.7539,74.7539,74.7539,74.7539,91982000,0.00%,42897968,362157221968,6876013.23,0
2036-05-29,74.7539,74.8286,74.8286,74.7539,156140000,0.10%,481831556,362752295556,11683737.6,595073587
2036-05-30,74.8286,74.8286,74.8286,74.8286,177637000,0.00%,304194556,362752295556,13292328.02,0
2036-06-02,74.8286,74.8286,74.8286,74.8286,130092000,0.00%,174102556,362752295556,9734602.23,0
2036-06-03,74.8286,74.9035,74.9035,74.8286,376919000,0.10%,393864829,363348976829,28232552.32,596681273
2036-06-04,74.9035,74.9035,74.9035,74.9035,181670000,0.00%,212194829,363348976829,13607718.84,0
2036-06-05,74.9035,74.9035,74.9035,74.9035,107485000,0.00%,104709829,363348976829,8051002.7,0
2036-06-06,74.9035,74.9784,74.9784,74.9035,117105000,0.10%,581553121,363942925121,8780345.53,593948291
2036-06-09,74.9784,74.9784,74.9784,74.9784,107374000,0.00%,474179121,363942925121,8050730.72,0
2036-06-10,74.9784,74.9784,74.9784,74.9784,138343000,0.00%,335836121,363942925121,10372736.79,0
2036-06-11,74.9784,74.9784,74.9784,74.9784,132423000,0.00%,203413121,363942925121,9928864.66,0
2036-06-12,74.9784,74.9784,74.9784,74.9784,105746000,0.00%,97667121,363942925121,7928665.89,0
2036-06-13,74.9784,74.9784,74.9784,74.9784,82621000,0.00%,15046121,363942925121,6194790.39,0
2036-06-16,74.9784,75.0533,75.0533,74.9784,73075000,0.10%,545869799,364546823799,5484519.9,603898677
2036-06-17,75.0533,75.0533,75.0533,75.0533,89984000,0.00%,455885799,364546823799,6753596.15,0
2036-06-18,75.0533,75.0533,75.0533,75.0533,62752000,0.00%,393133799,364546823799,4709744.68,0
2036-06-19,75.0533,75.0533,75.0533,75.0533,111444000,0.00%,281689799,364546823799,8364239.97,0
2036-06-23,75.0533,75.0533,75.0533,75.0533,116772000,0.00%,164917799,364546823799,8764123.95,0
2036-06-24,75.0533,75.0533,75.0533,75.0533,160728000,0.00%,4189799,364546823799,12063166.8,0
2036-06-25,75.0533,75.1284,75.1284,75.0533,147852000,0.10%,469329099,365159815099,11107884.2,612991299
2036-06-26,75.1284,75.1284,75.1284,75.1284,109039000,0.00%,360290099,365159815099,8191925.61,0
2036-06-27,75.1284,75.1284,75.1284,75.1284,117919000,0.00%,242371099,365159815099,8859065.8,0
2036-06-30,75.1284,75.1284,75.1284,75.1284,122359000,0.00%,120012099,365159815099,9192635.9,0
2036-07-01,75.1284,75.2035,75.2035,75.1284,144263000,0.10%,579826983,365763892983,10849082.52,604077884
2036-07-03,75.2035,75.2035,75.2035,75.2035,151367000,0.00%,428459983,365763892983,11383328.18,0
2036-07-04,75.2035,75.2035,75.2035,75.2035,92352000,0.00%,336107983,365763892983,6945193.63,0
2036-07-07,75.2035,75.2035,75.2035,75.2035,153550000,0.00%,182557983,365763892983,11547497.43,0
2036-07-08,75.2035,75.2787,75.2787,75.2035,205054000,0.10%,566893468,366353282468,15436198.55,589389485
2036-07-09,75.2787,75.2787,75.2787,75.2787,208236000,0.00%,358657468,366353282468,15675735.37,0
2036-07-10,75.2787,75.2787,75.2787,75.2787,156880000,0.00%,201777468,366353282468,11809722.46,0
2036-07-11,75.2787,75.2787,75.2787,75.2787,149628000,0.00%,52149468,366353282468,11263801.32,0
2036-07-14,75.2787,75.354,75.354,75.2787,113368000,0.10%,522035322,366936536322,8542732.27,583253853
2036-07-15,75.354,75.354,75.354,75.354,122581000,0.00%,399454322,366936536322,9236968.67,0
2036-07-16,75.354,75.354,75.354,75.354,73667000,0.00%,325787322,366936536322,5551103.12,0
2036-07-17,75.354,75.354,75.354,75.354,74666000,0.00%,251121322,366936536322,5626381.76,0
2036-07-18,75.354,75.354,75.354,75.354,54612000,0.00%,196509322,366936536322,4115232.65,0
2036-07-21,75.354,75.354,75.354,75.354,62567000,0.00%,133942322,366936536322,4714673.72,0
2036-07-22,75.354,75.354,75.354,75.354,73297000,0.00%,60645322,366936536322,5523222.14,0
2036-07-23,75.354,75.4294,75.4294,75.354,75110000,0.10%,566441896,367517442896,5665502.23,580906574
2036-07-24,75.4294,75.4294,75.4294,75.4294,58053000,0.00%,508388896,367517442896,4378902.96,0
2036-07-25,75.4294,75.4294,75.4294,75.4294,62012000,0.00%,446376896,367517442896,4677527.95,0
2036-07-28,75.4294,75.4294,75.4294,75.4294,304473000,0.00%,141903896,367517442896,22966215.71,0
2036-07-29,75.4294,75.5048,75.5048,75.4294,399711000,0.10%,322895364,368098145364,30180099.11,580702468
2036-07-30,75.5048,75.5803,75.5803,75.5048,417582000,0.10%,480271441,368673103441,31560972.83,574958076
2036-07-31,75.5803,75.5803,75.5803,75.5803,269730000,0.00%,210541441,368673103441,20386274.32,0
2036-08-01,75.5803,75.5803,75.5803,75.5803,149702000,0.00%,60839441,368673103441,11314522.07,0
2036-08-04,75.5803,75.6559,75.6559,75.5803,108965000,0.10%,517421595,369238650595,8243845.14,565547154
2036-08-05,75.6559,75.6559,75.6559,75.6559,435897000,0.00%,81524595,369238650595,32978179.84,0
2036-08-06,75.6559,75.7315,75.7315,75.6559,170570000,0.10%,469579564,369797275564,12917521.96,558624968
2036-08-07,75.7315,75.7315,75.7315,75.7315,216931000,0.00%,252648564,369797275564,16428510.03,0
2036-08-08,75.7315,75.7315,75.7315,75.7315,158915000,0.00%,93733564,369797275564,12034871.32,0
2036-08-11,75.7315,75.8073,75.8073,75.7315,151552000,0.10%,486010807,370341104807,11488747.93,543829242
2036-08-12,75.8073,75.8073,75.8073,75.8073,151256000,0.00%,334754807,370341104807,11466308.97,0
2036-08-13,75.8073,75.8073,75.8073,75.8073,74555000,0.00%,260199807,370341104807,5651813.25,0
2036-08-14,75.8073,75.8073,75.8073,75.8073,60495000,0.00%,199704807,370341104807,4585962.61,0
2036-08-15,75.8073,75.8073,75.8073,75.8073,97754000,0.00%,101950807,370341104807,7410466.8,0
2036-08-18,75.8073,75.8831,75.8831,75.8073,107374000,0.10%,529788386,370876316386,8147871.98,535211579
2036-08-19,75.8831,75.8831,75.8831,75.8831,159618000,0.00%,370170386,370876316386,12112308.66,0
2036-08-20,75.8831,75.8831,75.8831,75.8831,98420000,0.00%,271750386,370876316386,7468414.7,0
2036-08-21,75.8831,75.8831,75.8831,75.8831,189070000,0.00%,82680386,370876316386,14347217.72,0
2036-08-22,75.8831,75.959,75.959,75.8831,192918000,0.10%,420948422,371407502422,14653858.36,531186036
2036-08-25,75.959,75.959,75.959,75.959,165094000,0.00%,255854422,371407502422,12540375.15,0
2036-08-26,75.959,75.959,75.959,75.959,183224000,0.00%,72630422,371407502422,13917511.82,0
2036-08-27,75.959,76.0349,76.0349,75.959,152551000,0.10%,446827546,371934250546,11599200.03,526748123
2036-08-28,76.0349,76.0349,76.0349,76.0349,64010000,0.00%,382817546,371934250546,4866993.95,0
2036-08-29,76.0349,76.0349,76.0349,76.0349,86802000,0.00%,296015546,371934250546,6599981.39,0
2036-09-01,76.0349,76.0349,76.0349,76.0349,68376000,0.00%,227639546,371934250546,5198962.32,0
2036-09-02,76.0349,76.0349,76.0349,76.0349,193066000,0.00%,34573546,371934250546,14679754.0,0
2036-09-03,76.0349,76.1109,76.1109,76.0349,130610000,0.10%,446289624,372476576624,9940844.65,542326078
2036-09-04,76.1109,76.1109,76.1109,76.1109,149739000,0.00%,296550624,372476576624,11396770.06,0
2036-09-05,76.1109,76.1109,76.1109,76.1109,100418000,0.00%,196132624,372476576624,7642904.36,0
2036-09-08,76.1109,76.1109,76.1109,76.1109,99049000,0.00%,97083624,372476576624,7538708.53,0
2036-09-09,76.1109,76.1109,76.1109,76.1109,92352000,0.00%,4731624,372476576624,7028993.84,0
2036-09-10,76.1109,76.1871,76.1871,76.1109,122100000,0.10%,423966538,373017911538,9302444.91,541334914
2036-09-11,76.1871,76.1871,76.1871,76.1871,200133000,0.00%,223833538,373017911538,15247552.88,0
2036-09-12,76.1871,76.1871,76.1871,76.1871,131979000,0.00%,91854538,373017911538,10055097.27,0
2036-09-15,76.1871,76.2632,76.2632,76.1871,102934000,0.10%,527280015,373556271015,7850076.23,538359477
2036-09-16,76.2632,76.2632,76.2632,76.2632,73667000,0.00%,453613015,373556271015,5618081.15,0
2036-09-17,76.2632,76.2632,76.2632,76.2632,133829000,0.00%,319784015,373556271015,10206227.79,0
2036-09-18,76.2632,76.2632,76.2632,76.2632,90724000,0.00%,229060015,373556271015,6918902.56,0
2036-09-19,76.2632,76.2632,76.2632,76.2632,88726000,0.00%,140334015,373556271015,6766528.68,0
2036-09-22,76.2632,76.2632,76.2632,76.2632,57387000,0.00%,82947015,373556271015,4376516.26,0
2036-09-23,76.2632,76.2632,76.2632,76.2632,61271999,0.00%,21675015,373556271015,4672798.79,0
2036-09-25,76.2632,76.3395,76.3395,76.2632,82177000,0.10%,482762820,374099535820,6273351.09,543264805
2036-09-26,76.3395,76.3395,76.3395,76.3395,61642000,0.00%,421120820,374099535820,4705719.46,0
2036-09-29,76.3395,76.3395,76.3395,76.3395,66489000,0.00%,354631820,374099535820,5075737.02,0
2036-09-30,76.3395,76.3395,76.3395,76.3395,77515000,0.00%,277116820,374099535820,5917456.34,0
2036-10-01,76.3395,76.3395,76.3395,76.3395,67525000,0.00%,209591820,374099535820,5154824.74,0
2036-10-02,76.3395,76.3395,76.3395,76.3395,64158000,0.00%,145433820,374099535820,4897789.64,0
2036-10-06,76.3395,76.3395,76.3395,76.3395,43364000,0.00%,102069820,374099535820,3310386.08,0
2036-10-07,76.3395,76.3395,76.3395,76.3395,43956000,0.00%,58113820,374099535820,3355579.06,0
2036-10-08,76.3395,76.3395,76.3395,76.3395,40145000,0.00%,17968820,374099535820,3064649.23,0
2036-10-09,76.3395,76.4158,76.4158,76.3395,53835000,0.10%,522561741,374657963741,4113844.59,558427920
2036-10-10,76.4158,76.4158,76.4158,76.4158,110297000,0.00%,412264741,374657963741,8428433.49,0
2036-10-13,76.4158,76.4158,76.4158,76.4158,96940000,0.00%,315324741,374657963741,7407747.65,0
2036-10-14,76.4158,76.4158,76.4158,76.4158,60865000,0.00%,254459741,374657963741,4651047.67,0
2036-10-17,76.4158,76.4158,76.4158,76.4158,107781000,0.00%,146678741,374657963741,8236171.34,0
2036-10-20,76.4158,76.4158,76.4158,76.4158,76701000,0.00%,69977741,374657963741,5861168.28,0
2036-10-21,76.4158,76.4158,76.4158,76.4158,57091000,0.00%,12886741,374657963741,4362654.44,0
2036-10-22,76.4158,76.4923,76.4923,76.4158,121064000,0.10%,452247979,375218388979,9260463.81,560425237
2036-10-23,76.4923,76.4923,76.4923,76.4923,61716000,0.00%,390531979,375218388979,4720798.79,0
2036-10-24,76.4923,76.4923,76.4923,76.4923,47138000,0.00%,343393979,375218388979,3605694.04,0
2036-10-27,76.4923,76.4923,76.4923,76.4923,45362000,0.00%,298031979,375218388979,3469843.71,0
2036-10-28,76.4923,76.4923,76.4923,76.4923,56647000,0.00%,241384979,375218388979,4333059.32,0
2036-10-29,76.4923,76.4923,76.4923,76.4923,69264000,0.00%,172120979,375218388979,5298162.67,0
2036-10-30,76.4923,76.4923,76.4923,76.4923,50579000,0.00%,121541979,375218388979,3868904.04,0
2036-10-31,76.4923,76.4923,76.4923,76.4923,60828000,0.00%,60713979,375218388979,4652873.62,0
2036-11-03,76.4923,76.5688,76.5688,76.4923,83805000,0.10%,584583515,375826063515,6416848.28,607674536
2036-11-04,76.5688,76.5688,76.5688,76.5688,122136999,0.00%,462446515,375826063515,9351883.53,0
2036-11-05,76.5688,76.5688,76.5688,76.5688,71632000,0.00%,390814515,375826063515,5484776.28,0
2036-11-06,76.5688,76.5688,76.5688,76.5688,60828000,0.00%,329986515,375826063515,4657526.97,0
2036-11-07,76.5688,76.5688,76.5688,76.5688,74074000,0.00%,255912515,375826063515,5671757.29,0
2036-11-10,76.5688,76.5688,76.5688,76.5688,82658000,0.00%,173254515,375826063515,6329023.87,0
2036-11-11,76.5688,76.5688,76.5688,76.5688,50357000,0.00%,122897515,375826063515,3855775.06,0
2036-11-12,76.5688,76.5688,76.5688,76.5688,113294000,0.00%,9603515,375826063515,8674785.63,0
2036-11-13,76.5688,76.6453,76.6453,76.5688,133348000,0.10%,519409717,376469217717,10220497.46,643154201
2036-11-14,76.6453,76.6453,76.6453,76.6453,88171000,0.00%,431238717,376469217717,6757892.75,0
2036-11-17,76.6453,76.6453,76.6453,76.6453,71743000,0.00%,359495717,376469217717,5498763.76,0
2036-11-18,76.6453,76.6453,76.6453,76.6453,104562000,0.00%,254933717,376469217717,8014185.86,0
2036-11-19,76.6453,76.6453,76.6453,76.6453,79328000,0.00%,175605717,376469217717,6080118.36,0
2036-11-20,76.6453,76.6453,76.6453,76.6453,71484000,0.00%,104121717,376469217717,5478912.63,0
2036-11-21,76.6453,76.6453,76.6453,76.6453,56277000,0.00%,47844717,376469217717,4313367.55,0
2036-11-24,76.6453,76.722,76.722,76.6453,54353000,0.10%,656779041,377132505041,4170070.87,663287323
2036-11-25,76.722,76.722,76.722,76.722,69301000,0.00%,587478041,377132505041,5316911.32,0
2036-11-26,76.722,76.722,76.722,76.722,96274000,0.00%,491204041,377132505041,7386333.83,0
2036-11-27,76.722,76.722,76.722,76.722,62678000,0.00%,428526041,377132505041,4808781.52,0
2036-11-28,76.722,76.722,76.722,76.722,121693000,0.00%,306833041,377132505041,9336530.35,0
2036-12-01,76.722,76.722,76.722,76.722,72187000,0.00%,234646041,377132505041,5538331.01,0
2036-12-02,76.722,76.722,76.722,76.722,131683000,0.00%,102963041,377132505041,10102983.13,0
2036-12-03,76.722,76.722,76.722,76.722,75258000,0.00%,27705041,377132505041,5773944.28,0
2036-12-04,76.722,76.7987,76.7987,76.722,65564000,0.10%,645781583,377816145583,5035229.97,683640541
2036-12-05,76.7987,76.7987,76.7987,76.7987,83250000,0.00%,562531583,377816145583,6393491.78,0
2036-12-08,76.7987,76.7987,76.7987,76.7987,114552000,0.00%,447979583,377816145583,8797444.68,0
2036-12-09,76.7987,76.7987,76.7987,76.7987,85988000,0.00%,361991583,377816145583,6603766.62,0
2036-12-10,76.7987,76.7987,76.7987,76.7987,56129000,0.00%,305862583,377816145583,4310634.23,0
2036-12-11,76.7987,76.7987,76.7987,76.7987,49395000,0.00%,256467583,377816145583,3793471.79,0
2036-12-12,76.7987,76.7987,76.7987,76.7987,56351000,0.00%,200116583,377816145583,4327683.54,0
2036-12-15,76.7987,76.7987,76.7987,76.7987,82288000,0.00%,117828583,377816145583,6319611.43,0
2036-12-16,76.7987,76.7987,76.7987,76.7987,50505000,0.00%,67323583,377816145583,3878718.34,0
2036-12-17,76.7987,76.7987,76.7987,76.7987,49469000,0.00%,17854583,377816145583,3799154.89,0
2036-12-18,76.7987,76.8755,76.8755,76.7987,77811000,0.10%,643823284,378519925284,5981759.53,703779701
2036-12-19,76.8755,76.8755,76.8755,76.8755,104636000,0.00%,539187284,378519925284,8043944.82,0
2036-12-22,76.8755,76.8755,76.8755,76.8755,75517000,0.00%,463670284,378519925284,5805407.13,0
2036-12-23,76.8755,76.8755,76.8755,76.8755,63751000,0.00%,399919284,378519925284,4900890.0,0
2036-12-24,76.8755,76.8755,76.8755,76.8755,51208000,0.00%,348711284,378519925284,3936640.6,0
2036-12-25,76.8755,76.8755,76.8755,76.8755,121915000,0.00%,226796284,378519925284,9372276.58,0
2036-12-26,76.8755,76.8755,76.8755,76.8755,35187000,0.00%,191609284,378519925284,2705018.22,0
2036-12-30,76.8755,76.8755,76.8755,76.8755,70115000,0.00%,121494284,378519925284,5390125.68,0
2036-12-31,76.8755,76.8755,76.8755,76.8755,35483000,0.00%,86011284,378519925284,2727773.37,0
2037-01-01,76.8755,76.8755,76.8755,76.8755,29108000,0.00%,56903284,378519925284,2237692.05,0
2037-01-02,76.8755,76.8755,76.8755,76.8755,37544000,0.00%,19359284,378519925284,2886213.77,0
2037-01-05,76.8755,76.9524,76.9524,76.8755,22876000,0.10%,700945546,379224387546,1760363.1,704462262
2037-01-06,76.9524,76.9524,76.9524,76.9524,51528000,0.00%,649417546,379224387546,3965203.27,0
2037-01-07,76.9524,76.9524,76.9524,76.9524,121334000,0.00%,528083546,379224387546,9336942.5,0
2037-01-08,76.9524,76.9524,76.9524,76.9524,85082000,0.00%,443001546,379224387546,6547264.1,0
2037-01-09,76.9524,76.9524,76.9524,76.9524,79078000,0.00%,363923546,379224387546,6085241.89,0
2037-01-12,76.9524,76.9524,76.9524,76.9524,74328000,0.00%,289595546,379224387546,5719717.99,0
2037-01-13,76.9524,76.9524,76.9524,76.9524,62358000,0.00%,227237546,379224387546,4798597.76,0
2037-01-14,76.9524,76.9524,76.9524,76.9524,107426000,0.00%,119811546,379224387546,8266688.52,0
2037-01-15,76.9524,76.9524,76.9524,76.9524,69578000,0.00%,50233546,379224387546,5354194.09,0
2037-01-16,76.9524,77.0293,77.0293,76.9524,52136000,0.10%,704034022,379930324022,4015999.58,705936476
2037-01-19,77.0293,77.0293,77.0293,77.0293,48184000,0.00%,655850022,379930324022,3711579.79,0
2037-01-20,77.0293,77.0293,77.0293,77.0293,89452000,0.00%,566398022,379930324022,6890424.94,0
2037-01-21,77.0293,77.0293,77.0293,77.0293,66462000,0.00%,499936022,379930324022,5119521.34,0
2037-01-22,77.0293,77.0293,77.0293,77.0293,112252000,0.00%,387684022,379930324022,8646692.98,0
2037-01-23,77.0293,77.0293,77.0293,77.0293,101916000,0.00%,285768022,379930324022,7850518.14,0
2037-01-26,77.0293,77.0293,77.0293,77.0293,55784000,0.00%,229984022,379930324022,4297002.47,0
2037-01-27,77.0293,77.0293,77.0293,77.0293,95000000,0.00%,134984022,379930324022,7317783.5,0
2037-01-28,77.0293,77.0293,77.0293,77.0293,82156000,0.00%,52828022,379930324022,6328419.17,0
2037-01-29,77.0293,77.1063,77.1063,77.0293,77938000,0.10%,679767776,380635201776,6009510.81,704877753
2037-01-30,77.1063,77.1063,77.1063,77.1063,57114000,0.00%,622653776,380635201776,4403849.22,0
2037-02-02,77.1063,77.1063,77.1063,77.1063,43434000,0.00%,579219776,380635201776,3349035.03,0
2037-02-06,77.1063,77.1063,77.1063,77.1063,60534000,0.00%,518685776,380635201776,4667552.76,0
2037-02-09,77.1063,77.1063,77.1063,77.1063,58444000,0.00%,460241776,380635201776,4506400.6,0
2037-02-10,77.1063,77.1063,77.1063,77.1063,71250000,0.00%,388991776,380635201776,5493823.88,0
2037-02-11,77.1063,77.1063,77.1063,77.1063,88806000,0.00%,300185776,380635201776,6847502.08,0
2037-02-12,77.1063,77.1063,77.1063,77.1063,71478000,0.00%,228707776,380635201776,5511404.11,0
2037-02-13,77.1063,77.1063,77.1063,77.1063,58976000,0.00%,169731776,380635201776,4547421.15,0
2037-02-16,77.1063,77.1063,77.1063,77.1063,48868000,0.00%,120863776,380635201776,3768030.67,0
2037-02-17,77.1063,77.1063,77.1063,77.1063,52782000,0.00%,68081776,380635201776,4069824.73,0
2037-02-18,77.1063,77.1063,77.1063,77.1063,46398000,0.00%,21683776,380635201776,3577578.11,0
2037-02-19,77.1063,77.1835,77.1835,77.1063,49096000,0.10%,681794413,381344408413,3789401.12,709206637
2037-02-20,77.1835,77.1835,77.1835,77.1835,91314000,0.00%,590480413,381344408413,7047934.12,0
2037-02-23,77.1835,77.1835,77.1835,77.1835,174952000,0.00%,415528413,381344408413,13503407.69,0
2037-02-24,77.1835,77.1835,77.1835,77.1835,116128000,0.00%,299400413,381344408413,8963165.49,0
2037-02-25,77.1835,77.1835,77.1835,77.1835,76912000,0.00%,222488413,381344408413,5936337.35,0
2037-02-26,77.1835,77.1835,77.1835,77.1835,129086000,0.00%,93402413,381344408413,9963309.28,0
2037-02-27,77.1835,77.2606,77.2606,77.1835,97014000,0.10%,704609198,382052629198,7495359.85,708220784
2037-03-02,77.2606,77.2606,77.2606,77.2606,102030000,0.00%,602579198,382052629198,7882899.02,0
2037-03-03,77.2606,77.2606,77.2606,77.2606,73378000,0.00%,529201198,382052629198,5669228.31,0
2037-03-04,77.2606,77.2606,77.2606,77.2606,53238000,0.00%,475963198,382052629198,4113199.82,0
2037-03-05,77.2606,77.2606,77.2606,77.2606,75506000,0.00%,400457198,382052629198,5833638.86,0
2037-03-06,77.2606,77.2606,77.2606,77.2606,157890000,0.00%,242567198,382052629198,12198676.13,0
2037-03-09,77.2606,77.2606,77.2606,77.2606,151544000,0.00%,91023198,382052629198,11708380.37,0
2037-03-10,77.2606,77.3379,77.3379,77.2606,122588000,0.10%,678963823,382763157823,9480698.49,710528625
2037-03-11,77.3379,77.3379,77.3379,77.3379,126198000,0.00%,552765823,382763157823,9759888.3,0
2037-03-12,77.3379,77.3379,77.3379,77.3379,91428000,0.00%,461337823,382763157823,7070849.52,0
2037-03-13,77.3379,77.3379,77.3379,77.3379,184072000,0.00%,277265823,382763157823,14235741.93,0
2037-03-16,77.3379,77.3379,77.3379,77.3379,254258000,0.00%,23007823,382763157823,19663779.78,0
2037-03-17,77.3379,77.4152,77.4152,77.3379,449920000,0.10%,273851777,383463921777,34830646.78,700763953
2037-03-18,77.4152,77.4927,77.4927,77.4152,409412000,0.10%,557850848,384157332848,31726441.29,693411070
2037-03-19,77.4927,77.4927,77.4927,77.4927,264822000,0.00%,293028848,384157332848,20521771.8,0
2037-03-20,77.4927,77.4927,77.4927,77.4927,143298000,0.00%,149730848,384157332848,11104548.92,0
2037-03-23,77.4927,77.4927,77.4927,77.4927,116660000,0.00%,33070848,384157332848,9040298.38,0
2037-03-24,77.4927,77.5701,77.5701,77.4927,117838000,0.10%,600218850,384842318850,9140705.44,684986002
2037-03-25,77.5701,77.5701,77.5701,77.5701,160588000,0.00%,439630850,384842318850,12456827.22,0
2037-03-26,77.5701,77.5701,77.5701,77.5701,178334000,0.00%,261296850,384842318850,13833386.21,0
2037-03-27,77.5701,77.5701,77.5701,77.5701,145540000,0.00%,115756850,384842318850,11289552.35,0
2037-03-30,77.5701,77.5701,77.5701,77.5701,102334000,0.00%,13422850,384842318850,7938058.61,0
2037-03-31,77.5701,77.6477,77.6477,77.5701,79420000,0.10%,615540297,385523856297,6166780.33,681537446
2037-04-01,77.6477,77.6477,77.6477,77.6477,102410000,0.00%,513130297,385523856297,7951900.96,0
2037-04-02,77.6477,77.6477,77.6477,77.6477,55442000,0.00%,457688297,385523856297,4304943.78,0
2037-04-03,77.6477,77.6477,77.6477,77.6477,55100000,0.00%,402588297,385523856297,4278388.27,0
2037-04-06,77.6477,77.6477,77.6477,77.6477,59546000,0.00%,343042297,385523856297,4623609.94,0
2037-04-08,77.6477,77.6477,77.6477,77.6477,65094000,0.00%,277948297,385523856297,5054399.38,0
2037-04-09,77.6477,77.6477,77.6477,77.6477,60306000,0.00%,217642297,385523856297,4682622.2,0
2037-04-10,77.6477,77.6477,77.6477,77.6477,74480000,0.00%,143162297,385523856297,5783200.7,0
2037-04-13,77.6477,77.6477,77.6477,77.6477,86602000,0.00%,56560297,385523856297,6724446.12,0
2037-04-14,77.6477,77.7254,77.7254,77.6477,100358000,0.10%,634623032,386202277032,7800365.69,678420735
2037-04-15,77.7254,77.7254,77.7254,77.7254,82232000,0.00%,552391032,386202277032,6391515.09,0
2037-04-16,77.7254,77.7254,77.7254,77.7254,57608000,0.00%,494783032,386202277032,4477604.84,0
2037-04-21,77.7254,77.7254,77.7254,77.7254,67412000,0.00%,427371032,386202277032,5239624.66,0
2037-04-22,77.7254,77.7254,77.7254,77.7254,41230000,0.00%,386141032,386202277032,3204618.24,0
2037-04-23,77.7254,77.7254,77.7254,77.7254,97812000,0.00%,288329032,386202277032,7602476.82,0
2037-04-24,77.7254,77.7254,77.7254,77.7254,106514000,0.00%,181815032,386202277032,8278843.26,0
2037-04-27,77.7254,77.7254,77.7254,77.7254,98002000,0.00%,83813032,386202277032,7617244.65,0
2037-04-28,77.7254,77.8031,77.8031,77.7254,103702000,0.10%,663299081,386885465081,8068337.08,683188048
2037-04-29,77.8031,77.8031,77.8031,77.8031,88958000,0.00%,574341081,386885465081,6921208.17,0
2037-04-30,77.8031,77.8031,77.8031,77.8031,80674000,0.00%,493667081,386885465081,6276687.29,0
2037-05-01,77.8031,77.8031,77.8031,77.8031,180386000,0.00%,313281081,386885465081,14034590.0,0
2037-05-05,77.8031,77.8031,77.8031,77.8031,97166000,0.00%,216115081,386885465081,7559816.01,0
2037-05-06,77.8031,77.8031,77.8031,77.8031,53580000,0.00%,162535081,386885465081,4168690.1,0
2037-05-07,77.8031,77.8031,77.8031,77.8031,81282000,0.00%,81253081,386885465081,6323991.57,0
2037-05-08,77.8031,77.8809,77.8809,77.8031,87096000,0.10%,676902263,387568210263,6783114.87,682745182
2037-05-12,77.8809,77.8809,77.8809,77.8809,107920000,0.00%,568982263,387568210263,8404906.73,0
2037-05-13,77.8809,77.8809,77.8809,77.8809,92530000,0.00%,476452263,387568210263,7206319.68,0
2037-05-14,77.8809,77.8809,77.8809,77.8809,76076000,0.00%,400376263,387568210263,5924867.35,0
2037-05-15,77.8809,77.8809,77.8809,77.8809,74062000,0.00%,326314263,387568210263,5768015.22,0
2037-05-18,77.8809,77.8809,77.8809,77.8809,59128000,0.00%,267186263,387568210263,4604941.86,0
2037-05-19,77.8809,77.8809,77.8809,77.8809,114456000,0.00%,152730263,387568210263,8913936.29,0
2037-05-20,77.8809,77.8809,77.8809,77.8809,107692000,0.00%,45038263,387568210263,8387149.88,0
2037-05-21,77.8809,77.9588,77.9588,77.8809,228570000,0.10%,495352080,388247094080,17819042.92,678883816
2037-05-22,77.9588,77.9588,77.9588,77.9588,107654000,0.00%,387698080,388247094080,8392576.66,0
2037-05-25,77.9588,77.9588,77.9588,77.9588,64714000,0.00%,322984080,388247094080,5045025.78,0
2037-05-26,77.9588,77.9588,77.9588,77.9588,74860000,0.00%,248124080,388247094080,5835995.77,0
2037-05-27,77.9588,77.9588,77.9588,77.9588,81890000,0.00%,166234080,388247094080,6384046.13,0
2037-05-28,77.9588,77.9588,77.9588,77.9588,70300000,0.00%,95934080,388247094080,5480503.64,0
2037-05-29,77.9588,77.9588,77.9588,77.9588,78888000,0.00%,17046080,388247094080,6150013.81,0
2037-06-01,77.9588,78.0367,78.0367,77.9588,84740000,0.10%,621717587,388936505587,6612829.96,689411507
2037-06-02,78.0367,78.0367,78.0367,78.0367,246088000,0.00%,375629587,388936505587,19203895.43,0
2037-06-03,78.0367,78.0367,78.0367,78.0367,102296000,0.00%,273333587,388936505587,7982842.26,0
2037-06-04,78.0367,78.0367,78.0367,78.0367,53884000,0.00%,219449587,388936505587,4204929.54,0
2037-06-08,78.0367,78.0367,78.0367,78.0367,90820000,0.00%,128629587,388936505587,7087293.09,0
2037-06-09,78.0367,78.0367,78.0367,78.0367,102942000,0.00%,25687587,388936505587,8033253.97,0
2037-06-10,78.0367,78.1148,78.1148,78.0367,180424000,0.10%,540752729,389631994729,14093784.68,695489141
2037-06-11,78.1148,78.1148,78.1148,78.1148,148770000,0.00%,391982729,389631994729,11621138.8,0
2037-06-12,78.1148,78.1148,78.1148,78.1148,113088000,0.00%,278894729,389631994729,8833846.5,0
2037-06-15,78.1148,78.1148,78.1148,78.1148,94772000,0.00%,184122729,389631994729,7403095.83,0
2037-06-16,78.1148,78.1148,78.1148,78.1148,61978000,0.00%,122144729,389631994729,4841399.07,0
2037-06-17,78.1148,78.1148,78.1148,78.1148,80712000,0.00%,41432729,389631994729,6304801.74,0
2037-06-18,78.1148,78.1929,78.1929,78.1148,84132000,0.10%,684269880,390358963880,6578525.06,726969150
2037-06-19,78.1929,78.1929,78.1929,78.1929,74024000,0.00%,610245880,390358963880,5788151.23,0
2037-06-22,78.1929,78.1929,78.1929,78.1929,44232000,0.00%,566013880,390358963880,3458628.35,0
2037-06-23,78.1929,78.1929,78.1929,78.1929,57038000,0.00%,508975880,390358963880,4459966.63,0
2037-06-24,78.1929,78.1929,78.1929,78.1929,52098000,0.00%,456877880,390358963880,4073693.7,0
2037-06-25,78.1929,78.1929,78.1929,78.1929,47956000,0.00%,408921880,390358963880,3749818.71,0
2037-06-26,78.1929,78.1929,78.1929,78.1929,69160000,0.00%,339761880,390358963880,5407820.96,0
2037-06-29,78.1929,78.1929,78.1929,78.1929,218120000,0.00%,121641880,390358963880,17055435.35,0
2037-06-30,78.1929,78.2711,78.2711,78.1929,222642000,0.10%,666384344,391126348344,17426434.25,767384464
2037-07-01,78.2711,78.2711,78.2711,78.2711,132924000,0.00%,533460344,391126348344,10404107.7,0
2037-07-02,78.2711,78.2711,78.2711,78.2711,126882000,0.00%,406578344,391126348344,9931193.71,0
2037-07-06,78.2711,78.2711,78.2711,78.2711,146148000,0.00%,260430344,391126348344,11439164.72,0
2037-07-07,78.2711,78.2711,78.2711,78.2711,74062000,0.00%,186368344,391126348344,5796914.21,0
2037-07-08,78.2711,78.2711,78.2711,78.2711,94316000,0.00%,92052344,391126348344,7382217.07,0
2037-07-09,78.2711,78.2711,78.2711,78.2711,72162000,0.00%,19890344,391126348344,5648199.12,0
2037-07-10,78.2711,78.3493,78.3493,78.2711,71250000,0.10%,707180338,391884888338,5582387.62,758539993
2037-07-13,78.3493,78.3493,78.3493,78.3493,78280000,0.00%,628900338,391884888338,6133183.2,0
2037-07-14,78.3493,78.3493,78.3493,78.3493,65778000,0.00%,563122338,391884888338,5153660.26,0
2037-07-15,78.3493,78.3493,78.3493,78.3493,65094000,0.00%,498028338,391884888338,5100069.33,0
2037-07-16,78.3493,78.3493,78.3493,78.3493,63726000,0.00%,434302338,391884888338,4992887.49,0
2037-07-17,78.3493,78.3493,78.3493,78.3493,100054000,0.00%,334248338,391884888338,7839160.86,0
2037-07-20,78.3493,78.3493,78.3493,78.3493,77406000,0.00%,256842338,391884888338,6064705.92,0
2037-07-21,78.3493,78.3493,78.3493,78.3493,48108000,0.00%,208734338,391884888338,3769228.12,0
2037-07-22,78.3493,78.3493,78.3493,78.3493,60724000,0.00%,148010338,391884888338,4757682.89,0
2037-07-23,78.3493,78.3493,78.3493,78.3493,72618000,0.00%,75392338,391884888338,5689569.47,0
2037-07-24,78.3493,78.3493,78.3493,78.3493,57304000,0.00%,18088338,391884888338,4489728.29,0
2037-07-27,78.3493,78.4277,78.4277,78.3493,64030000,0.10%,713632245,392644462245,5021725.63,759573907
2037-07-28,78.4277,78.4277,78.4277,78.4277,52668000,0.00%,660964245,392644462245,4130630.1,0
2037-07-29,78.4277,78.4277,78.4277,78.4277,75316000,0.00%,585648245,392644462245,5906860.65,0
2037-07-30,78.4277,78.4277,78.4277,78.4277,58330000,0.00%,527318245,392644462245,4574687.74,0
2037-07-31,78.4277,78.4277,78.4277,78.4277,141322000,0.00%,385996245,392644462245,11083559.42,0
2037-08-03,78.4277,78.4277,78.4277,78.4277,151962000,0.00%,234034245,392644462245,11918030.15,0
2037-08-04,78.4277,78.4277,78.4277,78.4277,162222000,0.00%,71812245,392644462245,12722698.35,0
2037-08-05,78.4277,78.5061,78.5061,78.4277,104120000,0.10%,712810871,393389580871,8174055.13,745118625
2037-08-06,78.5061,78.5061,78.5061,78.5061,75202000,0.00%,637608871,393389580871,5903815.73,0
2037-08-07,78.5061,78.5061,78.5061,78.5061,62472000,0.00%,575136871,393389580871,4904433.08,0
2037-08-10,78.5061,78.5061,78.5061,78.5061,57190000,0.00%,517946871,393389580871,4489763.86,0
2037-08-11,78.5061,78.5061,78.5061,78.5061,53922000,0.00%,464024871,393389580871,4233205.92,0
2037-08-12,78.5061,78.5061,78.5061,78.5061,58368000,0.00%,405656871,393389580871,4582244.04,0
2037-08-13,78.5061,78.5061,78.5061,78.5061,56468000,0.00%,349188871,393389580871,4433082.45,0
2037-08-14,78.5061,78.5061,78.5061,78.5061,41724000,0.00%,307464871,393389580871,3275588.52,0
2037-08-17,78.5061,78.5061,78.5061,78.5061,44156000,0.00%,263308871,393389580871,3466515.35,0
2037-08-18,78.5061,78.5061,78.5061,78.5061,89414000,0.00%,173894871,393389580871,7019544.43,0
2037-08-19,78.5061,78.5061,78.5061,78.5061,66956000,0.00%,106938871,393389580871,5256454.43,0
2037-08-20,78.5061,78.5846,78.5846,78.5061,122398000,0.10%,736501804,394141541804,9618597.87,751960933
2037-08-21,78.5846,78.5846,78.5846,78.5846,88426000,0.00%,648075804,394141541804,6948921.84,0
2037-08-24,78.5846,78.5846,78.5846,78.5846,56164000,0.00%,591911804,394141541804,4413625.47,0
2037-08-25,78.5846,78.5846,78.5846,78.5846,51414000,0.00%,540497804,394141541804,4040348.62,0
2037-08-26,78.5846,78.5846,78.5846,78.5846,49590000,0.00%,490907804,394141541804,3897010.31,0
2037-08-27,78.5846,78.5846,78.5846,78.5846,73872000,0.00%,417035804,394141541804,5805201.57,0
2037-08-28,78.5846,78.5846,78.5846,78.5846,70604000,0.00%,346431804,394141541804,5548387.1,0
2037-08-31,78.5846,78.5846,78.5846,78.5846,47082000,0.00%,299349804,394141541804,3699920.14,0
2037-09-01,78.5846,78.5846,78.5846,78.5846,53352000,0.00%,245997804,394141541804,4192645.58,0
2037-09-02,78.5846,78.5846,78.5846,78.5846,99598000,0.00%,146399804,394141541804,7826868.99,0
2037-09-03,78.5846,78.5846,78.5846,78.5846,90934000,0.00%,55465804,394141541804,7146012.02,0
2037-09-04,78.5846,78.6632,78.6632,78.5846,96862000,0.10%,713538289,394896476289,7619474.88,754934484
2037-09-07,78.6632,78.6632,78.6632,78.6632,77406000,0.00%,636132289,394896476289,6089003.66,0
2037-09-08,78.6632,78.6632,78.6632,78.6632,61674000,0.00%,574458289,394896476289,4851474.2,0
2037-09-09,78.6632,78.6632,78.6632,78.6632,57684000,0.00%,516774289,394896476289,4537608.03,0
2037-09-10,78.6632,78.6632,78.6632,78.6632,89566000,0.00%,427208289,394896476289,7045548.17,0
2037-09-11,78.6632,78.6632,78.6632,78.6632,65208000,0.00%,362000289,394896476289,5129469.95,0
2037-09-15,78.6632,78.6632,78.6632,78.6632,65246000,0.00%,296754289,394896476289,5132459.15,0
2037-09-16,78.6632,78.6632,78.6632,78.6632,68362000,0.00%,228392289,394896476289,5377573.68,0
2037-09-17,78.6632,78.6632,78.6632,78.6632,50616000,0.00%,177776289,394896476289,3981616.53,0
2037-09-18,78.6632,78.6632,78.6632,78.6632,94772000,0.00%,83004289,394896476289,7455068.79,0
2037-09-21,78.6632,78.7419,78.7419,78.6632,87096000,0.10%,743179244,395643747244,6858104.52,747270955
2037-09-22,78.7419,78.7419,78.7419,78.7419,57532000,0.00%,685647244,395643747244,4530178.99,0
2037-09-23,78.7419,78.7419,78.7419,78.7419,61142000,0.00%,624505244,395643747244,4814437.25,0
2037-09-24,78.7419,78.7419,78.7419,78.7419,66652000,0.00%,557853244,395643747244,5248305.12,0
2037-09-25,78.7419,78.7419,78.7419,78.7419,74746000,0.00%,483107244,395643747244,5885642.06,0
2037-09-28,78.7419,78.7419,78.7419,78.7419,93670000,0.00%,389437244,395643747244,7375753.77,0
2037-09-29,78.7419,78.7419,78.7419,78.7419,86374000,0.00%,303063244,395643747244,6801252.87,0
2037-09-30,78.7419,78.7419,78.7419,78.7419,84208000,0.00%,218855244,395643747244,6630697.92,0
2037-10-01,78.7419,78.7419,78.7419,78.7419,76608000,0.00%,142247244,395643747244,6032259.48,0
2037-10-02,78.7419,78.7419,78.7419,78.7419,85348000,0.00%,56899244,395643747244,6720463.68,0
2037-10-05,78.7419,78.7419,78.7419,78.7419,53162000,0.00%,3737244,395643747244,4186076.89,0
2037-10-07,78.7419,78.8206,78.8206,78.7419,68932000,0.10%,699061226,396408003226,5433261.6,764255981
2037-10-08,78.8206,78.8206,78.8206,78.8206,39406000,0.00%,659655226,396408003226,3106004.56,0
2037-10-09,78.8206,78.8206,78.8206,78.8206,37924000,0.00%,621731226,396408003226,2989192.43,0
2037-10-12,78.8206,78.8206,78.8206,78.8206,59584000,0.00%,562147226,396408003226,4696446.63,0
2037-10-13,78.8206,78.8206,78.8206,78.8206,81016000,0.00%,481131226,396408003226,6385729.73,0
2037-10-14,78.8206,78.8206,78.8206,78.8206,121714000,0.00%,359417226,396408003226,9593570.51,0
2037-10-15,78.8206,78.8206,78.8206,78.8206,84208000,0.00%,275209226,396408003226,6637325.08,0
2037-10-16,78.8206,78.8206,78.8206,78.8206,119548000,0.00%,155661226,396408003226,9422845.09,0
2037-10-19,78.8206,78.8206,78.8206,78.8206,100016000,0.00%,55645226,396408003226,7883321.13,0
2037-10-20,78.8206,78.8994,78.8994,78.8206,84094000,0.10%,727874661,397164326661,6634966.14,756323435
2037-10-21,78.8994,78.8994,78.8994,78.8994,79648000,0.00%,648226661,397164326661,6284179.41,0
2037-10-22,78.8994,78.8994,78.8994,78.8994,187758000,0.00%,460468661,397164326661,14813993.55,0
2037-10-23,78.8994,78.8994,78.8994,78.8994,100890000,0.00%,359578661,397164326661,7960160.47,0
2037-10-26,78.8994,78.8994,78.8994,78.8994,323266000,0.00%,36312661,397164326661,25505493.44,0
2037-10-27,78.8994,78.9783,78.9783,78.8994,277476000,0.10%,500600330,397906090330,21914582.77,741763668
2037-10-28,78.9783,78.9783,78.9783,78.9783,191330000,0.00%,309270330,397906090330,15110918.14,0
2037-10-29,78.9783,78.9783,78.9783,78.9783,162336000,0.00%,146934330,397906090330,12821021.31,0
2037-10-30,78.9783,79.0573,79.0573,78.9783,155154000,0.10%,732322028,398646632028,12266056.32,740541697
2037-11-02,79.0573,79.0573,79.0573,79.0573,188138000,0.00%,544184028,398646632028,14873682.31,0
2037-11-03,79.0573,79.0573,79.0573,79.0573,295792000,0.00%,248392028,398646632028,23384516.88,0
2037-11-04,79.0573,79.0573,79.0573,79.0573,133570000,0.00%,114822028,398646632028,10559683.56,0
2037-11-05,79.0573,79.1364,79.1364,79.0573,116394000,0.10%,728370728,399376574728,9211002.14,729942700
2037-11-06,79.1364,79.1364,79.1364,79.1364,255208000,0.00%,473162728,399376574728,20196242.37,0
2037-11-09,79.1364,79.1364,79.1364,79.1364,167124000,0.00%,306038728,399376574728,13225591.71,0
2037-11-10,79.1364,79.1364,79.1364,79.1364,89452000,0.00%,216586728,399376574728,7078909.25,0
2037-11-11,79.1364,79.1364,79.1364,79.1364,120308000,0.00%,96278728,399376574728,9520742.01,0
2037-11-12,79.1364,79.1364,79.1364,79.1364,88388000,0.00%,7890728,399376574728,6994708.12,0
2037-11-13,79.1364,79.2155,79.2155,79.1364,201438000,0.10%,517261745,400087383745,15957011.89,710809016
2037-11-16,79.2155,79.2155,79.2155,79.2155,183920000,0.00%,333341745,400087383745,14569314.76,0
2037-11-17,79.2155,79.2155,79.2155,79.2155,239780000,0.00%,93561745,400087383745,18994292.59,0
2037-11-18,79.2155,79.2947,79.2947,79.2155,234802000,0.10%,553468366,400782092366,18618554.15,694708620
2037-11-19,79.2947,79.2947,79.2947,79.2947,265316000,0.00%,288152366,400782092366,21038152.63,0
2037-11-20,79.2947,79.2947,79.2947,79.2947,170088000,0.00%,118064366,400782092366,13487076.93,0
2037-11-23,79.2947,79.374,79.374,79.2947,118978000,0.10%,681351303,401464357303,9443759.77,682264937
2037-11-24,79.374,79.374,79.374,79.374,108148000,0.00%,573203303,401464357303,8584139.35,0
2037-11-25,79.374,79.374,79.374,79.374,88844000,0.00%,484359303,401464357303,7051903.66,0
2037-11-26,79.374,79.374,79.374,79.374,65246000,0.00%,419113303,401464357303,5178836.0,0
2037-11-27,79.374,79.374,79.374,79.374,119016000,0.00%,300097303,401464357303,9446775.98,0
2037-11-30,79.374,79.374,79.374,79.374,127300000,0.00%,172797303,401464357303,10104310.2,0
2037-12-01,79.374,79.374,79.374,79.374,125932000,0.00%,46865303,401464357303,9995726.57,0
2037-12-02,79.374,79.4534,79.4534,79.374,177194000,0.10%,544890735,402139576735,14078665.76,675219432
2037-12-03,79.4534,79.4534,79.4534,79.4534,173090000,0.00%,371800735,402139576735,13752589.01,0
2037-12-04,79.4534,79.4534,79.4534,79.4534,95342000,0.00%,276458735,402139576735,7575246.06,0
2037-12-07,79.4534,79.4534,79.4534,79.4534,227354000,0.00%,49104735,402139576735,18064048.3,0
2037-12-08,79.4534,79.5328,79.5328,79.4534,110428000,0.10%,601812152,402802712152,8782648.04,663135416
2037-12-09,79.5328,79.5328,79.5328,79.5328,156218000,0.00%,445594152,402802712152,12424454.95,0
2037-12-10,79.5328,79.5328,79.5328,79.5328,129542000,0.00%,316052152,402802712152,10302837.98,0
2037-12-11,79.5328,79.5328,79.5328,79.5328,153520000,0.00%,162532152,402802712152,12209875.46,0
2037-12-14,79.5328,79.5328,79.5328,79.5328,77938000,0.00%,84594152,402802712152,6198627.37,0
2037-12-15,79.5328,79.5328,79.5328,79.5328,77178000,0.00%,7416152,402802712152,6138182.44,0
2037-12-16,79.5328,79.6124,79.6124,79.5328,92112000,0.10%,566914998,403454322998,7333257.39,651610845
2037-12-17,79.6124,79.6124,79.6124,79.6124,72048000,0.00%,494866998,403454322998,5735914.2,0
2037-12-18,79.6124,79.6124,79.6124,79.6124,95494000,0.00%,399372998,403454322998,7602506.53,0
2037-12-21,79.6124,79.6124,79.6124,79.6124,94620000,0.00%,304752998,403454322998,7532925.29,0
2037-12-22,79.6124,79.6124,79.6124,79.6124,110428000,0.00%,194324998,403454322998,8791438.11,0
2037-12-23,79.6124,79.6124,79.6124,79.6124,58216000,0.00%,136108998,403454322998,4634715.48,0
2037-12-24,79.6124,79.6124,79.6124,79.6124,92150000,0.00%,43958998,403454322998,7336282.66,0
2037-12-25,79.6124,79.692,79.692,79.6124,58900000,0.10%,621000668,404090264668,4693858.8,635941669
2037-12-30,79.692,79.692,79.692,79.692,91922000,0.00%,529078668,404090264668,7325448.02,0
2037-12-31,79.692,79.692,79.692,79.692,114342000,0.00%,414736668,404090264668,9112142.66,0
2038-01-01,79.692,79.692,79.692,79.692,106119000,0.00%,308617668,404090264668,8456835.35,0
2038-01-05,79.692,79.692,79.692,79.692,116844000,0.00%,191773668,404090264668,9311532.05,0
2038-01-06,79.692,79.692,79.692,79.692,145977000,0.00%,45796668,404090264668,11633199.08,0
2038-01-07,79.692,79.7717,79.7717,79.692,159120000,0.10%,517804683,404721392683,12693272.9,631128015
2038-01-08,79.7717,79.7717,79.7717,79.7717,105651000,0.00%,412153683,404721392683,8427959.88,0
2038-01-11,79.7717,79.7717,79.7717,79.7717,110448000,0.00%,301705683,404721392683,8810624.72,0
2038-01-12,79.7717,79.7717,79.7717,79.7717,77415000,0.00%,224290683,404721392683,6175526.16,0
2038-01-13,79.7717,79.7717,79.7717,79.7717,139308000,0.00%,84982683,404721392683,11112835.98,0
2038-01-14,79.7717,79.8515,79.8515,79.7717,158145000,0.10%,537094604,405331649604,12628115.47,610256921
2038-01-15,79.8515,79.8515,79.8515,79.8515,81783000,0.00%,455311604,405331649604,6530495.22,0
2038-01-18,79.8515,79.8515,79.8515,79.8515,77961000,0.00%,377350604,405331649604,6225302.79,0
2038-01-19,79.8515,79.8515,79.8515,79.8515,62790000,0.00%,314560604,405331649604,5013875.69,0
2038-01-20,79.8515,79.8515,79.8515,79.8515,105768000,0.00%,208792604,405331649604,8445733.45,0
2038-01-21,79.8515,79.8515,79.8515,79.8515,67665000,0.00%,141127604,405331649604,5403151.75,0
2038-01-22,79.8515,79.8515,79.8515,79.8515,65754000,0.00%,75373604,405331649604,5250555.53,0
2038-01-28,79.8515,79.9313,79.9313,79.8515,92547000,0.10%,593372994,405942195994,7397402.02,610546389
2038-01-29,79.9313,79.9313,79.9313,79.9313,72657000,0.00%,520715994,405942195994,5807568.46,0
2038-02-01,79.9313,79.9313,79.9313,79.9313,209157000,0.00%,311558994,405942195994,16718190.91,0
2038-02-02,79.9313,79.9313,79.9313,79.9313,217464000,0.00%,94094994,405942195994,17382180.22,0
2038-02-03,79.9313,80.0112,80.0112,79.9313,122538000,0.10%,591408395,406562047395,9804412.43,619851400
2038-02-04,80.0112,80.0112,80.0112,80.0112,92664000,0.00%,498744395,406562047395,7414157.84,0
2038-02-05,80.0112,80.0112,80.0112,80.0112,101166000,0.00%,397578395,406562047395,8094413.06,0
2038-02-08,80.0112,80.0112,80.0112,80.0112,99801000,0.00%,297777395,406562047395,7985197.77,0
2038-02-09,80.0112,80.0112,80.0112,80.0112,77220000,0.00%,220557395,406562047395,6178464.86,0
2038-02-10,80.0112,80.0112,80.0112,80.0112,67353000,0.00%,153204395,406562047395,5388994.35,0
2038-02-11,80.0112,80.0112,80.0112,80.0112,103974000,0.00%,49230395,406562047395,8319084.51,0
2038-02-12,80.0112,80.0912,80.0912,80.0112,95979000,0.10%,586414267,407195210267,7687073.28,633162872
2038-02-15,80.0912,80.0912,80.0912,80.0912,79404000,0.00%,507010267,407195210267,6359561.64,0
2038-02-16,80.0912,80.0912,80.0912,80.0912,69927000,0.00%,437083267,407195210267,5600537.34,0
2038-02-17,80.0912,80.0912,80.0912,80.0912,64350000,0.00%,372733267,407195210267,5153868.72,0
2038-02-18,80.0912,80.0912,80.0912,80.0912,85449000,0.00%,287284267,407195210267,6843712.95,0
2038-02-19,80.0912,80.0912,80.0912,80.0912,69108000,0.00%,218176267,407195210267,5534942.65,0
2038-02-22,80.0912,80.0912,80.0912,80.0912,48009000,0.00%,170167267,407195210267,3845098.42,0
2038-02-23,80.0912,80.0912,80.0912,80.0912,114309000,0.00%,55858267,407195210267,9155144.98,0
2038-02-24,80.0912,80.1713,80.1713,80.0912,129285000,0.10%,586432703,407855069703,10364946.52,659859436
2038-02-25,80.1713,80.1713,80.1713,80.1713,75777000,0.00%,510655703,407855069703,6075140.6,0
2038-02-26,80.1713,80.1713,80.1713,80.1713,95238000,0.00%,415417703,407855069703,7635354.27,0
2038-03-01,80.1713,80.1713,80.1713,80.1713,79872000,0.00%,335545703,407855069703,6403442.07,0
2038-03-02,80.1713,80.1713,80.1713,80.1713,101439000,0.00%,234106703,407855069703,8132496.5,0
2038-03-03,80.1713,80.1713,80.1713,80.1713,138879000,0.00%,95227703,407855069703,11134109.97,0
2038-03-04,80.1713,80.1713,80.1713,80.1713,57720000,0.00%,37507703,407855069703,4627487.44,0
2038-03-05,80.1713,80.2515,80.2515,80.1713,69342000,0.10%,629715666,408516619666,5564799.51,661549962
2038-03-08,80.2515,80.2515,80.2515,80.2515,49257000,0.00%,580458666,408516619666,3952948.14,0
2038-03-09,80.2515,80.2515,80.2515,80.2515,66456000,0.00%,514002666,408516619666,5333193.68,0
2038-03-10,80.2515,80.2515,80.2515,80.2515,82719000,0.00%,431283666,408516619666,6638323.83,0
2038-03-11,80.2515,80.2515,80.2515,80.2515,67353000,0.00%,363930666,408516619666,5405179.28,0
2038-03-12,80.2515,80.2515,80.2515,80.2515,146640000,0.00%,217290666,408516619666,11768079.96,0
2038-03-15,80.2515,80.2515,80.2515,80.2515,105807000,0.00%,111483666,408516619666,8491170.46,0
2038-03-16,80.2515,80.2515,80.2515,80.2515,83148000,0.00%,28335666,408516619666,6672751.72,0
2038-03-17,80.2515,80.3318,80.3318,80.2515,64623000,0.10%,645093114,409198000114,5191281.91,681380447
2038-03-18,80.3318,80.3318,80.3318,80.3318,92547000,0.00%,552546114,409198000114,7434467.09,0
2038-03-19,80.3318,80.3318,80.3318,80.3318,113217000,0.00%,439329114,409198000114,9094925.4,0
2038-03-22,80.3318,80.3318,80.3318,80.3318,79716000,0.00%,359613114,409198000114,6403729.77,0
2038-03-23,80.3318,80.3318,80.3318,80.3318,82992000,0.00%,276621114,409198000114,6666896.75,0
2038-03-24,80.3318,80.3318,80.3318,80.3318,76635000,0.00%,199986114,409198000114,6156227.49,0
2038-03-25,80.3318,80.3318,80.3318,80.3318,182715000,0.00%,17271114,409198000114,14677824.84,0
2038-03-26,80.3318,80.4121,80.4121,80.3318,129558000,0.10%,573034703,409883321703,10418030.85,685321589
2038-03-29,80.4121,80.4121,80.4121,80.4121,100620000,0.00%,472414703,409883321703,8091065.5,0
2038-03-30,80.4121,80.4121,80.4121,80.4121,122226000,0.00%,350188703,409883321703,9828449.33,0
2038-03-31,80.4121,80.4121,80.4121,80.4121,140790000,0.00%,209398703,409883321703,11321219.56,0
2038-04-01,80.4121,80.4121,80.4121,80.4121,98436000,0.00%,110962703,409883321703,7915445.48,0
2038-04-02,80.4121,80.4121,80.4121,80.4121,101244000,0.00%,9718703,409883321703,8141242.65,0
2038-04-05,80.4121,80.4925,80.4925,80.4121,73203000,0.10%,622255358,410569061358,5892292.48,685739655
2038-04-06,80.4925,80.4925,80.4925,80.4925,55575000,0.00%,566680358,410569061358,4473370.69,0
2038-04-08,80.4925,80.4925,80.4925,80.4925,58305000,0.00%,508375358,410569061358,4693115.21,0
2038-04-13,80.4925,80.4925,80.4925,80.4925,85527000,0.00%,422848358,410569061358,6884282.05,0
2038-04-14,80.4925,80.4925,80.4925,80.4925,157833000,0.00%,265015358,410569061358,12704372.75,0
2038-04-15,80.4925,80.4925,80.4925,80.4925,97344000,0.00%,167671358,410569061358,7835461.92,0
2038-04-16,80.4925,80.4925,80.4925,80.4925,49686000,0.00%,117985358,410569061358,3999350.36,0
2038-04-19,80.4925,80.4925,80.4925,80.4925,61269000,0.00%,56716358,410569061358,4931694.98,0
2038-04-20,80.4925,80.4925,80.4925,80.4925,53391000,0.00%,3325358,410569061358,4297575.07,0
2038-04-21,80.4925,80.573,80.573,80.4925,63492000,0.10%,644129910,411273357910,5115740.92,704296551
2038-04-22,80.573,80.573,80.573,80.573,41067000,0.00%,603062910,411273357910,3308891.39,0
2038-04-23,80.573,80.573,80.573,80.573,64428000,0.00%,538634910,411273357910,5191157.24,0
2038-04-26,80.573,80.573,80.573,80.573,79833000,0.00%,458801910,411273357910,6432384.31,0
2038-04-27,80.573,80.573,80.573,80.573,81705000,0.00%,377096910,411273357910,6583216.96,0
2038-04-28,80.573,80.573,80.573,80.573,97578000,0.00%,279518910,411273357910,7862152.19,0
2038-04-29,80.573,80.573,80.573,80.573,57564000,0.00%,221954910,411273357910,4638104.17,0
2038-04-30,80.573,80.573,80.573,80.573,60021000,0.00%,161933910,411273357910,4836072.03,0
2038-05-04,80.573,80.573,80.573,80.573,33735000,0.00%,128198910,411273357910,2718130.16,0
2038-05-05,80.573,80.573,80.573,80.573,41145000,0.00%,87053910,411273357910,3315176.09,0
2038-05-06,80.573,80.573,80.573,80.573,68562000,0.00%,18491910,411273357910,5524246.03,0
2038-05-07,80.573,80.6536,80.6536,80.573,57759000,0.10%,679999676,411992624676,4658471.28,719266766
2038-05-10,80.6536,80.6536,80.6536,80.6536,41808000,0.00%,638191676,411992624676,3371965.71,0
2038-05-11,80.6536,80.6536,80.6536,80.6536,91806000,0.00%,546385676,411992624676,7404484.4,0
2038-05-12,80.6536,80.6536,80.6536,80.6536,60723000,0.00%,485662676,411992624676,4897528.55,0
2038-05-13,80.6536,80.6536,80.6536,80.6536,68523000,0.00%,417139676,411992624676,5526626.63,0
2038-05-14,80.6536,80.6536,80.6536,80.6536,70161000,0.00%,346978676,411992624676,5658737.23,0
2038-05-17,80.6536,80.6536,80.6536,80.6536,92586000,0.00%,254392676,411992624676,7467394.21,0
2038-05-18,80.6536,80.6536,80.6536,80.6536,55068000,0.00%,199324676,411992624676,4441432.44,0
2038-05-19,80.6536,80.6536,80.6536,80.6536,76284000,0.00%,123040676,411992624676,6152579.22,0
2038-05-20,80.6536,80.7342,80.7342,80.6536,134199000,0.10%,710685474,412714468474,10834448.91,721843797
2038-05-21,80.7342,80.7342,80.7342,80.7342,88491000,0.00%,622194474,412714468474,7144250.09,0
2038-05-24,80.7342,80.7342,80.7342,80.7342,78156000,0.00%,544038474,412714468474,6309862.14,0
2038-05-25,80.7342,80.7342,80.7342,80.7342,58578000,0.00%,485460474,412714468474,4729247.97,0
2038-05-26,80.7342,80.7342,80.7342,80.7342,52845000,0.00%,432615474,412714468474,4266398.8,0
2038-05-27,80.7342,80.7342,80.7342,80.7342,101517000,0.00%,331098474,412714468474,8195893.78,0
2038-05-31,80.7342,80.7342,80.7342,80.7342,112476000,0.00%,218622474,412714468474,9080659.88,0
2038-06-01,80.7342,80.7342,80.7342,80.7342,84786000,0.00%,133836474,412714468474,6845129.88,0
2038-06-02,80.7342,80.7342,80.7342,80.7342,125307000,0.00%,8529474,412714468474,10116560.4,0
2038-06-03,80.7342,80.815,80.815,80.7342,89505000,0.10%,644197372,413439641372,7233346.58,725172897
2038-06-04,80.815,80.815,80.815,80.815,125034000,0.00%,519163372,413439641372,10104622.71,0
2038-06-07,80.815,80.815,80.815,80.815,77571000,0.00%,441592372,413439641372,6268900.37,0
2038-06-08,80.815,80.815,80.815,80.815,65130000,0.00%,376462372,413439641372,5263480.95,0
2038-06-09,80.815,80.815,80.815,80.815,71175000,0.00%,305287372,413439641372,5752007.62,0
2038-06-10,80.815,80.815,80.815,80.815,51207000,0.00%,254080372,413439641372,4138293.71,0
2038-06-11,80.815,80.815,80.815,80.815,63102000,0.00%,190978372,413439641372,5099588.13,0
2038-06-14,80.815,80.815,80.815,80.815,52611000,0.00%,138367372,413439641372,4251757.97,0
2038-06-15,80.815,80.815,80.815,80.815,90168000,0.00%,48199372,413439641372,7286926.92,0
2038-06-16,80.815,80.8958,80.8958,80.815,86112000,0.10%,690820444,414168374444,6966099.13,728733071
2038-06-17,80.8958,80.8958,80.8958,80.8958,97539000,0.00%,593281444,414168374444,7890495.44,0
2038-06-18,80.8958,80.8958,80.8958,80.8958,139815000,0.00%,453466444,414168374444,11310446.28,0
2038-06-21,80.8958,80.8958,80.8958,80.8958,79053000,0.00%,374413444,414168374444,6395055.68,0
2038-06-22,80.8958,80.8958,80.8958,80.8958,63492000,0.00%,310921444,414168374444,5136236.13,0
2038-06-23,80.8958,80.8958,80.8958,80.8958,75270000,0.00%,235651444,414168374444,6089026.87,0
2038-06-25,80.8958,80.8958,80.8958,80.8958,54210000,0.00%,181441444,414168374444,4385361.32,0
2038-06-28,80.8958,80.8958,80.8958,80.8958,70824000,0.00%,110617444,414168374444,5729364.14,0
2038-06-29,80.8958,80.8958,80.8958,80.8958,68211000,0.00%,42406444,414168374444,5517983.41,0
2038-06-30,80.8958,80.9767,80.9767,80.8958,61971000,0.10%,722301632,414910240632,5018207.08,741866188
2038-07-01,80.9767,80.9767,80.9767,80.9767,52728000,0.00%,669573632,414910240632,4269739.44,0
2038-07-02,80.9767,80.9767,80.9767,80.9767,63180000,0.00%,606393632,414910240632,5116107.91,0
2038-07-05,80.9767,80.9767,80.9767,80.9767,55380000,0.00%,551013632,414910240632,4484489.65,0
2038-07-06,80.9767,80.9767,80.9767,80.9767,36816000,0.00%,514197632,414910240632,2981238.19,0
2038-07-07,80.9767,80.9767,80.9767,80.9767,38454000,0.00%,475743632,414910240632,3113878.02,0
2038-07-08,80.9767,80.9767,80.9767,80.9767,77142000,0.00%,398601632,414910240632,6246704.59,0
2038-07-09,80.9767,80.9767,80.9767,80.9767,84240000,0.00%,314361632,414910240632,6821477.21,0
2038-07-12,80.9767,80.9767,80.9767,80.9767,67431000,0.00%,246930632,414910240632,5460339.86,0
2038-07-13,80.9767,80.9767,80.9767,80.9767,48204000,0.00%,198726632,414910240632,3903400.85,0
2038-07-14,80.9767,80.9767,80.9767,80.9767,65715000,0.00%,133011632,414910240632,5321383.84,0
2038-07-15,80.9767,80.9767,80.9767,80.9767,106548000,0.00%,26463632,414910240632,8627905.43,0
2038-07-16,80.9767,81.0576,81.0576,80.9767,82719000,0.10%,694798177,415661294177,6705003.61,751053545
2038-07-20,81.0576,81.0576,81.0576,81.0576,113685000,0.00%,581113177,415661294177,9215033.26,0
2038-07-21,81.0576,81.0576,81.0576,81.0576,85449000,0.00%,495664177,415661294177,6926290.86,0
2038-07-22,81.0576,81.0576,81.0576,81.0576,64584000,0.00%,431080177,415661294177,5235024.04,0
2038-07-23,81.0576,81.0576,81.0576,81.0576,46176000,0.00%,384904177,415661294177,3742915.74,0
2038-07-26,81.0576,81.0576,81.0576,81.0576,68055000,0.00%,316849177,415661294177,5516374.97,0
2038-07-27,81.0576,81.0576,81.0576,81.0576,113880000,0.00%,202969177,415661294177,9230839.49,0
2038-07-28,81.0576,81.0576,81.0576,81.0576,58266000,0.00%,144703177,415661294177,4722902.12,0
2038-07-29,81.0576,81.0576,81.0576,81.0576,53235000,0.00%,91468177,415661294177,4315101.34,0
2038-07-30,81.0576,81.0576,81.0576,81.0576,86736000,0.00%,4732177,415661294177,7030611.99,0
2038-08-02,81.0576,81.1387,81.1387,81.0576,143520000,0.10%,608218922,416408300922,11645026.22,747006744
2038-08-03,81.1387,81.1387,81.1387,81.1387,91416000,0.00%,516802922,416408300922,7417375.4,0
2038-08-04,81.1387,81.1387,81.1387,81.1387,82056000,0.00%,434746922,416408300922,6657917.17,0
2038-08-05,81.1387,81.1387,81.1387,81.1387,64974000,0.00%,369772922,416408300922,5271905.89,0
2038-08-06,81.1387,81.1387,81.1387,81.1387,74490000,0.00%,295282922,416408300922,6044021.76,0
2038-08-09,81.1387,81.1387,81.1387,81.1387,36972000,0.00%,258310922,416408300922,2999860.02,0
2038-08-10,81.1387,81.1387,81.1387,81.1387,59982000,0.00%,198328922,416408300922,4866861.5,0
2038-08-11,81.1387,81.1387,81.1387,81.1387,46488000,0.00%,151840922,416408300922,3771975.89,0
2038-08-12,81.1387,81.1387,81.1387,81.1387,43641000,0.00%,108199922,416408300922,3540974.01,0
2038-08-13,81.1387,81.1387,81.1387,81.1387,47970000,0.00%,60229922,416408300922,3892223.44,0
2038-08-16,81.1387,81.2198,81.2198,81.1387,61425000,0.10%,741210914,417150706914,4988926.22,742405992
2038-08-17,81.2198,81.2198,81.2198,81.2198,42081000,0.00%,699129914,417150706914,3417810.4,0
2038-08-18,81.2198,81.2198,81.2198,81.2198,64272000,0.00%,634857914,417150706914,5220158.99,0
2038-08-19,81.2198,81.2198,81.2198,81.2198,112398000,0.00%,522459914,417150706914,9128943.08,0
2038-08-20,81.2198,81.2198,81.2198,81.2198,70629000,0.00%,451830914,417150706914,5736473.25,0
2038-08-23,81.2198,81.2198,81.2198,81.2198,100230000,0.00%,351600914,417150706914,8140660.55,0
2038-08-24,81.2198,81.2198,81.2198,81.2198,96252000,0.00%,255348914,417150706914,7817568.19,0
2038-08-25,81.2198,81.2198,81.2198,81.2198,67236000,0.00%,188112914,417150706914,5460894.47,0
2038-08-26,81.2198,81.2198,81.2198,81.2198,87126000,0.00%,100986914,417150706914,7076356.29,0
2038-08-27,81.2198,81.2198,81.2198,81.2198,48906000,0.00%,52080914,417150706914,3972135.54,0
2038-08-30,81.2198,81.3011,81.3011,81.2198,75660000,0.10%,716704077,417890990077,6151241.23,740283162
2038-08-31,81.3011,81.3011,81.3011,81.3011,59982000,0.00%,656722077,417890990077,4876602.58,0
2038-09-01,81.3011,81.3011,81.3011,81.3011,59241000,0.00%,597481077,417890990077,4816358.47,0
2038-09-02,81.3011,81.3011,81.3011,81.3011,193986000,0.00%,403495077,417890990077,15771275.18,0
2038-09-06,81.3011,81.3011,81.3011,81.3011,119925000,0.00%,283570077,417890990077,9750034.42,0
2038-09-07,81.3011,81.3011,81.3011,81.3011,51675000,0.00%,231895077,417890990077,4201234.34,0
2038-09-08,81.3011,81.3011,81.3011,81.3011,64311000,0.00%,167584077,417890990077,5228555.04,0
2038-09-09,81.3011,81.3011,81.3011,81.3011,65208000,0.00%,102376077,417890990077,5301482.13,0
2038-09-13,81.3011,81.3011,81.3011,81.3011,73359000,0.00%,29017077,417890990077,5964167.39,0
2038-09-14,81.3011,81.3824,81.3824,81.3011,40560000,0.10%,692662883,418595195883,3300870.14,704205805
2038-09-15,81.3824,81.3824,81.3824,81.3824,41574000,0.00%,651088883,418595195883,3383391.9,0
2038-09-16,81.3824,81.3824,81.3824,81.3824,39585000,0.00%,611503883,418595195883,3221522.3,0
2038-09-17,81.3824,81.3824,81.3824,81.3824,74958000,0.00%,536545883,418595195883,6100261.94,0
2038-09-20,81.3824,81.3824,81.3824,81.3824,57486000,0.00%,479059883,418595195883,4678348.65,0
2038-09-21,81.3824,81.3824,81.3824,81.3824,60762000,0.00%,418297883,418595195883,4944957.39,0
2038-09-22,81.3824,81.3824,81.3824,81.3824,53274000,0.00%,365023883,418595195883,4335565.98,0
2038-09-23,81.3824,81.3824,81.3824,81.3824,74568000,0.00%,290455883,418595195883,6068522.8,0
2038-09-24,81.3824,81.3824,81.3824,81.3824,82836000,0.00%,207619883,418595195883,6741392.49,0
2038-09-27,81.3824,81.3824,81.3824,81.3824,71409000,0.00%,136210883,418595195883,5811435.8,0
2038-09-28,81.3824,81.3824,81.3824,81.3824,62088000,0.00%,74122883,418595195883,5052870.45,0
2038-09-29,81.3824,81.3824,81.3824,81.3824,55380000,0.00%,18742883,418595195883,4506957.31,0
2038-09-30,81.3824,81.4637,81.4637,81.3824,60840000,0.10%,659750850,419297043850,4956251.51,701847967
2038-10-01,81.4637,81.4637,81.4637,81.4637,43875000,0.00%,615875850,419297043850,3574219.84,0
2038-10-05,81.4637,81.4637,81.4637,81.4637,58968000,0.00%,556907850,419297043850,4803751.46,0
2038-10-06,81.4637,81.4637,81.4637,81.4637,42666000,0.00%,514241850,419297043850,3475730.22,0
2038-10-07,81.4637,81.4637,81.4637,81.4637,42120000,0.00%,472121850,419297043850,3431251.04,0
2038-10-08,81.4637,81.4637,81.4637,81.4637,43212000,0.00%,428909850,419297043850,3520209.4,0
2038-10-11,81.4637,81.4637,81.4637,81.4637,44460000,0.00%,384449850,419297043850,3621876.1,0
2038-10-12,81.4637,81.4637,81.4637,81.4637,64155000,0.00%,320294850,419297043850,5226303.67,0
2038-10-13,81.4637,81.4637,81.4637,81.4637,64038000,0.00%,256256850,419297043850,5216772.42,0
2038-10-14,81.4637,81.4637,81.4637,81.4637,52455000,0.00%,203801850,419297043850,4273178.38,0
2038-10-15,81.4637,81.4637,81.4637,81.4637,52143000,0.00%,151658850,419297043850,4247761.71,0
2038-10-18,81.4637,81.4637,81.4637,81.4637,48555000,0.00%,103103850,419297043850,3955469.95,0
2038-10-19,81.4637,81.4637,81.4637,81.4637,35880000,0.00%,67223850,419297043850,2922917.56,0
2038-10-20,81.4637,81.4637,81.4637,81.4637,46800000,0.00%,20423850,419297043850,3812501.16,0
2038-10-21,81.4637,81.5452,81.5452,81.4637,67158000,0.10%,651639854,419995417854,5476412.54,698374003
2038-10-22,81.5452,81.5452,81.5452,81.5452,74919000,0.00%,576720854,419995417854,6109284.84,0
2038-10-26,81.5452,81.5452,81.5452,81.5452,84318000,0.00%,492402854,419995417854,6875728.17,0
2038-10-27,81.5452,81.5452,81.5452,81.5452,68289000,0.00%,424113854,419995417854,5568640.16,0
2038-10-28,81.5452,81.5452,81.5452,81.5452,44655000,0.00%,379458854,419995417854,3641400.91,0
2038-10-29,81.5452,81.5452,81.5452,81.5452,64194000,0.00%,315264854,419995417854,5234712.57,0
2038-11-01,81.5452,81.5452,81.5452,81.5452,56004000,0.00%,259260854,419995417854,4566857.38,0
2038-11-02,81.5452,81.5452,81.5452,81.5452,53547000,0.00%,205713854,419995417854,4366500.82,0
2038-11-03,81.5452,81.5452,81.5452,81.5452,42939000,0.00%,162774854,419995417854,3501469.34,0
2038-11-04,81.5452,81.5452,81.5452,81.5452,40872000,0.00%,121902854,419995417854,3332915.41,0
2038-11-05,81.5452,81.5452,81.5452,81.5452,84162000,0.00%,37740854,419995417854,6863007.12,0
2038-11-08,81.5452,81.6268,81.6268,81.5452,104754000,0.10%,629414527,420691845527,8550733.81,696427673
2038-11-09,81.6268,81.6268,81.6268,81.6268,52260000,0.00%,577154527,420691845527,4265816.57,0
2038-11-10,81.6268,81.6268,81.6268,81.6268,50232000,0.00%,526922527,420691845527,4100277.42,0
2038-11-11,81.6268,81.6268,81.6268,81.6268,40053000,0.00%,486869527,420691845527,3269398.22,0
2038-11-12,81.6268,81.6268,81.6268,81.6268,38493000,0.00%,448376527,420691845527,3142060.41,0
2038-11-15,81.6268,81.6268,81.6268,81.6268,53001000,0.00%,395375527,420691845527,4326302.03,0
2038-11-16,81.6268,81.6268,81.6268,81.6268,48672000,0.00%,346703527,420691845527,3972939.61,0
2038-11-17,81.6268,81.6268,81.6268,81.6268,126555000,0.00%,220148527,420691845527,10330279.67,0
2038-11-18,81.6268,81.6268,81.6268,81.6268,137670000,0.00%,82478527,420691845527,11237561.56,0
2038-11-19,81.6268,81.7084,81.7084,81.6268,85683000,0.10%,682571738,421377621738,7001020.84,685776210
2038-11-22,81.7084,81.7084,81.7084,81.7084,108342000,0.00%,574229738,421377621738,8852451.47,0
2038-11-23,81.7084,81.7084,81.7084,81.7084,94341000,0.00%,479888738,421377621738,7708452.16,0
2038-11-24,81.7084,81.7084,81.7084,81.7084,55263000,0.00%,424625738,421377621738,4515451.31,0
2038-11-25,81.7084,81.7084,81.7084,81.7084,56667000,0.00%,367958738,421377621738,4630169.9,0
2038-11-26,81.7084,81.7084,81.7084,81.7084,59436000,0.00%,308522738,421377621738,4856420.46,0
2038-11-29,81.7084,81.7084,81.7084,81.7084,47697000,0.00%,260825738,421377621738,3897245.55,0
2038-11-30,81.7084,81.7084,81.7084,81.7084,59085000,0.00%,201740738,421377621738,4827740.81,0
2038-12-01,81.7084,81.7084,81.7084,81.7084,65754000,0.00%,135986738,421377621738,5372654.13,0
2038-12-02,81.7084,81.7084,81.7084,81.7084,118209000,0.00%,17777738,421377621738,9658668.26,0
2038-12-03,81.7084,81.7901,81.7901,81.7084,59085000,0.10%,644952148,422063881148,4832568.06,686259410
2038-12-06,81.7901,81.7901,81.7901,81.7901,58149000,0.00%,586803148,422063881148,4756012.52,0
2038-12-07,81.7901,81.7901,81.7901,81.7901,92547000,0.00%,494256148,422063881148,7569428.38,0
2038-12-08,81.7901,81.7901,81.7901,81.7901,62010000,0.00%,432246148,422063881148,5071804.1,0
2038-12-09,81.7901,81.7901,81.7901,81.7901,53430000,0.00%,378816148,422063881148,4370045.04,0
2038-12-10,81.7901,81.7901,81.7901,81.7901,64740000,0.00%,314076148,422063881148,5295091.07,0
2038-12-13,81.7901,81.7901,81.7901,81.7901,71760000,0.00%,242316148,422063881148,5869257.58,0
2038-12-14,81.7901,81.7901,81.7901,81.7901,50700000,0.00%,191616148,422063881148,4146758.07,0
2038-12-15,81.7901,81.7901,81.7901,81.7901,55185000,0.00%,136431148,422063881148,4513586.67,0
2038-12-16,81.7901,81.7901,81.7901,81.7901,67080000,0.00%,69351148,422063881148,5486479.91,0
2038-12-17,81.7901,81.8719,81.8719,81.7901,120588000,0.10%,622133790,422737251790,9872768.68,673370642
2038-12-20,81.8719,81.8719,81.8719,81.8719,47151000,0.00%,574982790,422737251790,3860341.96,0
2038-12-21,81.8719,81.8719,81.8719,81.8719,48867000,0.00%,526115790,422737251790,4000834.14,0
2038-12-22,81.8719,81.8719,81.8719,81.8719,55341000,0.00%,470774790,422737251790,4530872.82,0
2038-12-23,81.8719,81.8719,81.8719,81.8719,39663000,0.00%,431111790,422737251790,3247285.17,0
2038-12-24,81.8719,81.9538,81.9538,81.8719,573339000,0.10%,529076454,423408555454,46987309.74,671303664
2038-12-29,81.9538,81.9538,81.9538,81.9538,251433000,0.00%,277643454,423408555454,20605889.8,0
2038-12-30,81.9538,81.9538,81.9538,81.9538,147576000,0.00%,130067454,423408555454,12094413.99,0
2038-12-31,81.9538,81.9538,81.9538,81.9538,76518000,0.00%,53549454,423408555454,6270940.87,0
2039-01-04,81.9538,82.0357,82.0357,81.9538,93400000,0.10%,617856584,424066262584,7662134.38,657707130
2039-01-05,82.0357,82.0357,82.0357,82.0357,81560000,0.00%,536296584,424066262584,6690831.69,0
2039-01-06,82.0357,82.0357,82.0357,82.0357,80880000,0.00%,455416584,424066262584,6635047.42,0
2039-01-07,82.0357,82.0357,82.0357,82.0357,95000000,0.00%,360416584,424066262584,7793391.5,0
2039-01-10,82.0357,82.0357,82.0357,82.0357,66879999,0.00%,293536584,424066262584,5486547.62,0
2039-01-11,82.0357,82.0357,82.0357,82.0357,67720000,0.00%,225816584,424066262584,5555457.6,0
2039-01-12,82.0357,82.0357,82.0357,82.0357,76600000,0.00%,149216584,424066262584,6283934.62,0
2039-01-13,82.0357,82.0357,82.0357,82.0357,82400000,0.00%,66816584,424066262584,6759741.68,0
2039-01-14,82.0357,82.0357,82.0357,82.0357,63080000,0.00%,3736584,424066262584,5174811.96,0
2039-01-17,82.0357,82.1177,82.1177,82.0357,65319999,0.10%,588980525,424716826525,5363928.16,650563940
2039-01-18,82.1177,82.1177,82.1177,82.1177,88960000,0.00%,500020525,424716826525,7305190.59,0
2039-01-19,82.1177,82.1177,82.1177,82.1177,144440000,0.00%,355580525,424716826525,11861080.59,0
2039-01-20,82.1177,82.1177,82.1177,82.1177,98400000,0.00%,257180525,424716826525,8080381.68,0
2039-01-21,82.1177,82.1177,82.1177,82.1177,107600000,0.00%,149580525,424716826525,8835864.52,0
2039-01-24,82.1177,82.1177,82.1177,82.1177,134600000,0.00%,14980525,424716826525,11053042.42,0
2039-01-25,82.1177,82.1999,82.1999,82.1177,142440000,0.10%,511641382,425355927382,11708553.76,639100857
2039-01-26,82.1999,82.1999,82.1999,82.1999,135440000,0.00%,376201382,425355927382,11133154.46,0
2039-01-27,82.1999,82.1999,82.1999,82.1999,136640000,0.00%,239561382,425355927382,11231794.34,0
2039-01-28,82.1999,82.1999,82.1999,82.1999,99280000,0.00%,140281382,425355927382,8160806.07,0
2039-01-31,82.1999,82.1999,82.1999,82.1999,80640000,0.00%,59641382,425355927382,6628599.94,0
2039-02-01,82.1999,82.2821,82.2821,82.1999,86040000,0.10%,607719567,425990045567,7079551.88,634118184
2039-02-02,82.2821,82.2821,82.2821,82.2821,80200000,0.00%,527519567,425990045567,6599024.42,0
2039-02-03,82.2821,82.2821,82.2821,82.2821,69320000,0.00%,458199567,425990045567,5703795.17,0
2039-02-04,82.2821,82.2821,82.2821,82.2821,124200000,0.00%,333999567,425990045567,10219436.82,0
2039-02-07,82.2821,82.2821,82.2821,82.2821,81840000,0.00%,252159567,425990045567,6733967.06,0
2039-02-08,82.2821,82.2821,82.2821,82.2821,115440000,0.00%,136719567,425990045567,9498645.62,0
2039-02-09,82.2821,82.2821,82.2821,82.2821,105360000,0.00%,31359567,425990045567,8669242.06,0
2039-02-10,82.2821,82.3643,82.3643,82.2821,71640000,0.10%,588421279,426618747279,5900578.45,628701711
2039-02-11,82.3643,82.3643,82.3643,82.3643,26920000,0.00%,561501279,426618747279,2217246.96,0
2039-02-16,82.3643,82.3643,82.3643,82.3643,46280000,0.00%,515221279,426618747279,3811819.8,0
2039-02-17,82.3643,82.3643,82.3643,82.3643,50280000,0.00%,464941279,426618747279,4141277.0,0
2039-02-18,82.3643,82.3643,82.3643,82.3643,68880000,0.00%,396061279,426618747279,5673252.98,0
2039-02-21,82.3643,82.3643,82.3643,82.3643,61680000,0.00%,334381279,426618747279,5080230.02,0
2039-02-22,82.3643,82.3643,82.3643,82.3643,63080000,0.00%,271301279,426618747279,5195540.04,0
2039-02-23,82.3643,82.3643,82.3643,82.3643,95800000,0.00%,175501279,426618747279,7890499.94,0
2039-02-24,82.3643,82.3643,82.3643,82.3643,49760000,0.00%,125741279,426618747279,4098447.57,0
2039-02-25,82.3643,82.3643,82.3643,82.3643,52920000,0.00%,72821279,426618747279,4358718.76,0
2039-02-28,82.3643,82.3643,82.3643,82.3643,49640000,0.00%,23181279,426618747279,4088563.85,0
2039-03-01,82.3643,82.4467,82.4467,82.3643,94440000,0.10%,565123916,427255129916,7786266.35,636382636
2039-03-02,82.4467,82.4467,82.4467,82.4467,103600000,0.00%,461523916,427255129916,8541478.12,0
2039-03-03,82.4467,82.4467,82.4467,82.4467,118880000,0.00%,342643916,427255129916,9801263.7,0
2039-03-04,82.4467,82.4467,82.4467,82.4467,111800000,0.00%,230843916,427255129916,9217541.06,0
2039-03-07,82.4467,82.4467,82.4467,82.4467,55320000,0.00%,175523916,427255129916,4560951.44,0
2039-03-08,82.4467,82.4467,82.4467,82.4467,104240000,0.00%,71283916,427255129916,8594244.01,0
2039-03-09,82.4467,82.5292,82.5292,82.4467,93160000,0.10%,614927261,427891933261,7688420.27,636803345
2039-03-10,82.5292,82.5292,82.5292,82.5292,68640000,0.00%,546287261,427891933261,5664804.29,0
2039-03-11,82.5292,82.5292,82.5292,82.5292,49680000,0.00%,496607261,427891933261,4100050.66,0
2039-03-14,82.5292,82.5292,82.5292,82.5292,71480000,0.00%,425127261,427891933261,5899187.22,0
2039-03-15,82.5292,82.5292,82.5292,82.5292,146120000,0.00%,279007261,427891933261,12059166.7,0
2039-03-16,82.5292,82.5292,82.5292,82.5292,80280000,0.00%,198727261,427891933261,6625444.18,0
2039-03-17,82.5292,82.5292,82.5292,82.5292,56920000,0.00%,141807261,427891933261,4697562.06,0
2039-03-18,82.5292,82.5292,82.5292,82.5292,116720000,0.00%,25087261,427891933261,9632808.22,0
2039-03-21,82.5292,82.6117,82.6117,82.5292,78520000,0.10%,580362303,428525728303,6486670.68,633795042
2039-03-22,82.6117,82.6117,82.6117,82.6117,62560000,0.00%,517802303,428525728303,5168187.95,0
2039-03-23,82.6117,82.6117,82.6117,82.6117,62480000,0.00%,455322303,428525728303,5161579.02,0
2039-03-24,82.6117,82.6117,82.6117,82.6117,147480000,0.00%,307842303,428525728303,12183573.52,0
2039-03-25,82.6117,82.6117,82.6117,82.6117,105720000,0.00%,202122303,428525728303,8733708.92,0
2039-03-28,82.6117,82.6117,82.6117,82.6117,84520000,0.00%,117602303,428525728303,6982340.88,0
2039-03-29,82.6117,82.6943,82.6943,82.6117,136000000,0.10%,640210055,429184336055,11246424.8,658607751
2039-03-30,82.6943,82.6943,82.6943,82.6943,155000000,0.00%,485210055,429184336055,12817616.5,0
2039-03-31,82.6943,82.6943,82.6943,82.6943,120000000,0.00%,365210055,429184336055,9923316.0,0
2039-04-05,82.6943,82.6943,82.6943,82.6943,106240000,0.00%,258970055,429184336055,8785442.43,0
2039-04-06,82.6943,82.6943,82.6943,82.6943,78800000,0.00%,180170055,429184336055,6516310.84,0
2039-04-08,82.6943,82.6943,82.6943,82.6943,54320000,0.00%,125850055,429184336055,4491954.38,0
2039-04-11,82.6943,82.6943,82.6943,82.6943,86640000,0.00%,39210055,429184336055,7164634.15,0
2039-04-12,82.6943,82.777,82.777,82.6943,71520000,0.10%,626819275,429843465275,5920211.04,659129219
2039-04-13,82.777,82.777,82.777,82.777,98920000,0.00%,527899275,429843465275,8188300.84,0
2039-04-14,82.777,82.777,82.777,82.777,75320000,0.00%,452579275,429843465275,6234763.64,0
2039-04-15,82.777,82.777,82.777,82.777,92120000,0.00%,360459275,429843465275,7625417.24,0
2039-04-18,82.777,82.777,82.777,82.777,73200000,0.00%,287259275,429843465275,6059276.4,0
2039-04-19,82.777,82.777,82.777,82.777,78760000,0.00%,208499275,429843465275,6519516.52,0
2039-04-20,82.777,82.777,82.777,82.777,57640000,0.00%,150859275,429843465275,4771266.28,0
2039-04-21,82.777,82.777,82.777,82.777,76240000,0.00%,74619275,429843465275,6310918.48,0
2039-04-22,82.777,82.8598,82.8598,82.777,77880000,0.10%,638834922,430485560922,6453121.22,642095647
2039-04-25,82.8598,82.8598,82.8598,82.8598,164520000,0.00%,474314922,430485560922,13632094.3,0
2039-04-26,82.8598,82.8598,82.8598,82.8598,175280000,0.00%,299034922,430485560922,14523665.74,0
2039-04-27,82.8598,82.8598,82.8598,82.8598,165880000,0.00%,133154922,430485560922,13744783.62,0
2039-04-28,82.8598,82.8598,82.8598,82.8598,110920000,0.00%,22234922,430485560922,9190809.02,0
2039-04-29,82.8598,82.9426,82.9426,82.8598,118400000,0.10%,540384149,431122110149,9820403.84,636549227
2039-05-02,82.9426,82.9426,82.9426,82.9426,101680000,0.00%,438704149,431122110149,8433603.57,0
2039-05-03,82.9426,82.9426,82.9426,82.9426,63840000,0.00%,374864149,431122110149,5295055.58,0
2039-05-05,82.9426,82.9426,82.9426,82.9426,89920000,0.00%,284944149,431122110149,7458198.59,0
2039-05-06,82.9426,82.9426,82.9426,82.9426,94360000,0.00%,190584149,431122110149,7826463.74,0
2039-05-09,82.9426,82.9426,82.9426,82.9426,104840000,0.00%,85744149,431122110149,8695702.18,0
2039-05-10,82.9426,82.9426,82.9426,82.9426,77640000,0.00%,8104149,431122110149,6439663.46,0
2039-05-11,82.9426,83.0256,83.0256,82.9426,80240000,0.10%,552339281,431746585281,6661974.14,624475132
2039-05-12,83.0256,83.0256,83.0256,83.0256,64120000,0.00%,488219281,431746585281,5323601.47,0
2039-05-13,83.0256,83.0256,83.0256,83.0256,62760000,0.00%,425459281,431746585281,5210686.66,0
2039-05-16,83.0256,83.0256,83.0256,83.0256,82240000,0.00%,343219281,431746585281,6828025.34,0
2039-05-17,83.0256,83.0256,83.0256,83.0256,86400000,0.00%,256819281,431746585281,7173411.84,0
2039-05-19,83.0256,83.0256,83.0256,83.0256,233720000,0.00%,23099281,431746585281,19404743.23,0
2039-05-20,83.0256,83.1086,83.1086,83.0256,111680000,0.10%,514916073,432350082073,9281568.45,603496791
2039-05-23,83.1086,83.1086,83.1086,83.1086,89320000,0.00%,425596073,432350082073,7423260.15,0
2039-05-24,83.1086,83.1086,83.1086,83.1086,122720000,0.00%,302876073,432350082073,10199087.39,0
2039-05-25,83.1086,83.1086,83.1086,83.1086,89480000,0.00%,213396073,432350082073,7436557.53,0
2039-05-26,83.1086,83.1086,83.1086,83.1086,73280000,0.00%,140116073,432350082073,6090198.21,0
2039-05-27,83.1086,83.1086,83.1086,83.1086,76560000,0.00%,63556073,432350082073,6362794.42,0
2039-05-30,83.1086,83.1917,83.1917,83.1086,128520000,0.10%,528968821,432944014821,10691797.28,593932747
2039-05-31,83.1917,83.1917,83.1917,83.1917,66440000,0.00%,462528821,432944014821,5527256.55,0
2039-06-01,83.1917,83.1917,83.1917,83.1917,109520000,0.00%,353008821,432944014821,9111154.98,0
2039-06-02,83.1917,83.1917,83.1917,83.1917,88040000,0.00%,264968821,432944014821,7324197.27,0
2039-06-03,83.1917,83.1917,83.1917,83.1917,160160000,0.00%,104808821,432944014821,13323982.67,0
2039-06-06,83.1917,83.2749,83.2749,83.1917,112520000,0.10%,579016648,433530742648,9370091.75,586727826
2039-06-07,83.2749,83.2749,83.2749,83.2749,72160000,0.00%,506856648,433530742648,6009116.78,0
2039-06-08,83.2749,83.2749,83.2749,83.2749,80840000,0.00%,426016648,433530742648,6731942.92,0
2039-06-09,83.2749,83.2749,83.2749,83.2749,75560000,0.00%,350456648,433530742648,6292251.44,0
2039-06-10,83.2749,83.2749,83.2749,83.2749,101000000,0.00%,249456648,433530742648,8410764.9,0
2039-06-14,83.2749,83.2749,83.2749,83.2749,106000000,0.00%,143456648,433530742648,8827139.4,0
2039-06-15,83.2749,83.2749,83.2749,83.2749,59840000,0.00%,83616648,433530742648,4983170.02,0
2039-06-16,83.2749,83.2749,83.2749,83.2749,61360000,0.00%,22256648,433530742648,5109747.86,0
2039-06-17,83.2749,83.3582,83.3582,83.2749,83440000,0.10%,523989778,434115915778,6955408.21,585173130
2039-06-20,83.3582,83.3582,83.3582,83.3582,61120000,0.00%,462869778,434115915778,5094853.18,0
2039-06-21,83.3582,83.3582,83.3582,83.3582,57120000,0.00%,405749778,434115915778,4761420.38,0
2039-06-22,83.3582,83.3582,83.3582,83.3582,89240000,0.00%,316509778,434115915778,7438885.77,0
2039-06-23,83.3582,83.3582,83.3582,83.3582,56200000,0.00%,260309778,434115915778,4684730.84,0
2039-06-24,83.3582,83.3582,83.3582,83.3582,103440000,0.00%,156869778,434115915778,8622572.21,0
2039-06-27,83.3582,83.3582,83.3582,83.3582,51680000,0.00%,105189778,434115915778,4307951.78,0
2039-06-28,83.3582,83.3582,83.3582,83.3582,51160000,0.00%,54029778,434115915778,4264605.51,0
2039-06-29,83.3582,83.3582,83.3582,83.3582,47560000,0.00%,6469778,434115915778,3964515.99,0
2039-06-30,83.3582,83.4415,83.4415,83.3582,70040000,0.10%,526188929,434705674929,5844242.66,589759151
2039-07-01,83.4415,83.4415,83.4415,83.4415,62240000,0.00%,463948929,434705674929,5193398.96,0
2039-07-05,83.4415,83.4415,83.4415,83.4415,109080000,0.00%,354868929,434705674929,9101798.82,0
2039-07-06,83.4415,83.4415,83.4415,83.4415,89040000,0.00%,265828929,434705674929,7429631.16,0
2039-07-07,83.4415,83.4415,83.4415,83.4415,61760000,0.00%,204068929,434705674929,5153347.04,0
2039-07-08,83.4415,83.4415,83.4415,83.4415,42080000,0.00%,161988929,434705674929,3511218.32,0
2039-07-11,83.4415,83.4415,83.4415,83.4415,46480000,0.00%,115508929,434705674929,3878360.92,0
2039-07-12,83.4415,83.4415,83.4415,83.4415,52080000,0.00%,63428929,434705674929,4345633.32,0
2039-07-13,83.4415,83.4415,83.4415,83.4415,62360000,0.00%,1068929,434705674929,5203411.94,0
2039-07-14,83.4415,83.525,83.525,83.4415,66360000,0.10%,526819401,435297785401,5542719.0,592110471
2039-07-15,83.525,83.525,83.525,83.525,110080000,0.00%,416739401,435297785401,9194432.0,0
2039-07-18,83.525,83.525,83.525,83.525,54720000,0.00%,362019401,435297785401,4570488.0,0
2039-07-19,83.525,83.525,83.525,83.525,76240000,0.00%,285779401,435297785401,6367946.0,0
2039-07-20,83.525,83.525,83.525,83.525,103440000,0.00%,182339401,435297785401,8639826.0,0
2039-07-21,83.525,83.525,83.525,83.525,75760000,0.00%,106579401,435297785401,6327854.0,0
2039-07-22,83.525,83.525,83.525,83.525,92360000,0.00%,14219401,435297785401,7714369.0,0
2039-07-25,83.525,83.6085,83.6085,83.525,67840000,0.10%,535098524,435886504524,5672000.64,588719122
2039-07-26,83.6085,83.6085,83.6085,83.6085,48400000,0.00%,486698524,435886504524,4046651.4,0
2039-07-27,83.6085,83.6085,83.6085,83.6085,47200000,0.00%,439498524,435886504524,3946321.2,0
2039-07-28,83.6085,83.6085,83.6085,83.6085,103160000,0.00%,336338524,435886504524,8625052.86,0
2039-07-29,83.6085,83.6085,83.6085,83.6085,53080000,0.00%,283258524,435886504524,4437939.18,0
2039-08-01,83.6085,83.6085,83.6085,83.6085,51480000,0.00%,231778524,435886504524,4304165.58,0
2039-08-02,83.6085,83.6085,83.6085,83.6085,39000000,0.00%,192778524,435886504524,3260731.5,0
2039-08-03,83.6085,83.6085,83.6085,83.6085,81200000,0.00%,111578524,435886504524,6789010.2,0
2039-08-04,83.6085,83.6085,83.6085,83.6085,49640000,0.00%,61938524,435886504524,4150325.94,0
2039-08-05,83.6085,83.6921,83.6921,83.6085,70840000,0.10%,594325221,436489731221,5928748.36,603226696
2039-08-08,83.6921,83.6921,83.6921,83.6921,91840000,0.00%,502485221,436489731221,7686282.46,0
2039-08-09,83.6921,83.6921,83.6921,83.6921,70680000,0.00%,431805221,436489731221,5915357.63,0
2039-08-10,83.6921,83.6921,83.6921,83.6921,63360000,0.00%,368445221,436489731221,5302731.46,0
2039-08-11,83.6921,83.6921,83.6921,83.6921,75240000,0.00%,293205221,436489731221,6296993.6,0
2039-08-12,83.6921,83.6921,83.6921,83.6921,65400000,0.00%,227805221,436489731221,5473463.34,0
2039-08-15,83.6921,83.6921,83.6921,83.6921,40880000,0.00%,186925221,436489731221,3421333.05,0
2039-08-16,83.6921,83.6921,83.6921,83.6921,54360000,0.00%,132565221,436489731221,4549502.56,0
2039-08-17,83.6921,83.6921,83.6921,83.6921,74760000,0.00%,57805221,436489731221,6256821.4,0
2039-08-18,83.6921,83.7758,83.7758,83.6921,85760000,0.10%,585120974,437102806974,7184612.61,613075753
2039-08-19,83.7758,83.7758,83.7758,83.7758,65640000,0.00%,519480974,437102806974,5499043.51,0
2039-08-22,83.7758,83.7758,83.7758,83.7758,60840000,0.00%,458640974,437102806974,5096919.67,0
2039-08-23,83.7758,83.7758,83.7758,83.7758,47400000,0.00%,411240974,437102806974,3970972.92,0
2039-08-24,83.7758,83.7758,83.7758,83.7758,46600000,0.00%,364640974,437102806974,3903952.28,0
2039-08-25,83.7758,83.7758,83.7758,83.7758,67160000,0.00%,297480974,437102806974,5626382.73,0
2039-08-26,83.7758,83.7758,83.7758,83.7758,52240000,0.00%,245240974,437102806974,4376447.79,0
2039-08-29,83.7758,83.7758,83.7758,83.7758,65000000,0.00%,180240974,437102806974,5445427.0,0
2039-08-30,83.7758,83.7758,83.7758,83.7758,54720000,0.00%,125520974,437102806974,4584211.78,0
2039-08-31,83.7758,83.7758,83.7758,83.7758,58400000,0.00%,67120974,437102806974,4892506.72,0
2039-09-01,83.7758,83.7758,83.7758,83.7758,51560000,0.00%,15560974,437102806974,4319480.25,0
2039-09-02,83.7758,83.8596,83.8596,83.7758,123480000,0.10%,517572972,437728298972,10354983.41,625491998
2039-09-05,83.8596,83.8596,83.8596,83.8596,55520000,0.00%,462052972,437728298972,4655884.99,0
2039-09-06,83.8596,83.8596,83.8596,83.8596,39240000,0.00%,422812972,437728298972,3290650.7,0
2039-09-07,83.8596,83.8596,83.8596,83.8596,53120000,0.00%,369692972,437728298972,4454621.95,0
2039-09-08,83.8596,83.8596,83.8596,83.8596,38320000,0.00%,331372972,437728298972,3213499.87,0
2039-09-12,83.8596,83.8596,83.8596,83.8596,80320000,0.00%,251052972,437728298972,6735603.07,0
2039-09-13,83.8596,83.8596,83.8596,83.8596,49200000,0.00%,201852972,437728298972,4125892.32,0
2039-09-14,83.8596,83.8596,83.8596,83.8596,48160000,0.00%,153692972,437728298972,4038678.34,0
2039-09-15,83.8596,83.8596,83.8596,83.8596,55200000,0.00%,98492972,437728298972,4629049.92,0
2039-09-16,83.8596,83.8596,83.8596,83.8596,44040000,0.00%,54452972,437728298972,3693176.78,0
2039-09-19,83.8596,83.8596,83.8596,83.8596,30760000,0.00%,23692972,437728298972,2579521.3,0
2039-09-20,83.8596,83.9434,83.9434,83.8596,40600000,0.10%,605348575,438350554575,3408102.04,622255602
2039-09-22,83.9434,83.9434,83.9434,83.9434,103200000,0.00%,502148575,438350554575,8662958.88,0
2039-09-23,83.9434,83.9434,83.9434,83.9434,113640000,0.00%,388508575,438350554575,9539327.98,0
2039-09-26,83.9434,83.9434,83.9434,83.9434,60880000,0.00%,327628575,438350554575,5110474.19,0
2039-09-27,83.9434,83.9434,83.9434,83.9434,171680000,0.00%,155948575,438350554575,14411402.91,0
2039-09-28,83.9434,84.0274,84.0274,83.9434,160440000,0.10%,612368885,438967414885,13481356.06,616860310
2039-09-29,84.0274,84.0274,84.0274,84.0274,201000000,0.00%,411368885,438967414885,16889507.4,0
2039-09-30,84.0274,84.0274,84.0274,84.0274,228600000,0.00%,182768885,438967414885,19208663.64,0
2039-10-03,84.0274,84.1114,84.1114,84.0274,301840000,0.10%,492732269,439579218269,25388184.98,611803383
2039-10-05,84.1114,84.1114,84.1114,84.1114,195080000,0.00%,297652269,439579218269,16408451.91,0
2039-10-06,84.1114,84.1114,84.1114,84.1114,126400000,0.00%,171252269,439579218269,10631680.96,0
2039-10-07,84.1114,84.1114,84.1114,84.1114,98640000,0.00%,72612269,439579218269,8296748.5,0
2039-10-10,84.1114,84.1955,84.1955,84.1114,101320000,0.10%,574618887,440182544887,8530688.06,603326617
2039-10-11,84.1955,84.1955,84.1955,84.1955,281880000,0.00%,292738887,440182544887,23733027.54,0
2039-10-12,84.1955,84.1955,84.1955,84.1955,185480000,0.00%,107258887,440182544887,15616581.34,0
2039-10-13,84.1955,84.2797,84.2797,84.1955,132440000,0.10%,576280696,440784006696,11162003.47,601461809
2039-10-17,84.2797,84.2797,84.2797,84.2797,121280000,0.00%,455000696,440784006696,10221442.02,0
2039-10-18,84.2797,84.2797,84.2797,84.2797,133919999,0.00%,321080696,440784006696,11286737.42,0
2039-10-19,84.2797,84.2797,84.2797,84.2797,89960000,0.00%,231120696,440784006696,7581801.81,0
2039-10-20,84.2797,84.2797,84.2797,84.2797,65920000,0.00%,165200696,440784006696,5555717.82,0
2039-10-21,84.2797,84.2797,84.2797,84.2797,103840000,0.00%,61360696,440784006696,8751604.05,0
2039-10-24,84.2797,84.364,84.364,84.2797,65319999,0.10%,597962536,441385928536,5510656.48,601921839
2039-10-25,84.364,84.364,84.364,84.364,44120000,0.00%,553842536,441385928536,3722139.68,0
2039-10-26,84.364,84.364,84.364,84.364,58640000,0.00%,495202536,441385928536,4947104.96,0
2039-10-27,84.364,84.364,84.364,84.364,44800000,0.00%,450402536,441385928536,3779507.2,0
2039-10-28,84.364,84.364,84.364,84.364,47800000,0.00%,402602536,441385928536,4032599.2,0
2039-10-31,84.364,84.364,84.364,84.364,62200000,0.00%,340402536,441385928536,5247440.8,0
2039-11-01,84.364,84.364,84.364,84.364,55200000,0.00%,285202536,441385928536,4656892.8,0
2039-11-02,84.364,84.364,84.364,84.364,71600000,0.00%,213602536,441385928536,6040462.4,0
2039-11-03,84.364,84.364,84.364,84.364,91000000,0.00%,122602536,441385928536,7677124.0,0
2039-11-04,84.364,84.364,84.364,84.364,84360000,0.00%,38242536,441385928536,7116947.04,0
2039-11-07,84.364,84.4484,84.4484,84.364,46840000,0.10%,594846868,441989372868,3955563.06,603444332
2039-11-08,84.4484,84.4484,84.4484,84.4484,61080000,0.00%,533766868,441989372868,5158108.27,0
2039-11-09,84.4484,84.4484,84.4484,84.4484,83040000,0.00%,450726868,441989372868,7012595.14,0
2039-11-10,84.4484,84.4484,84.4484,84.4484,79680000,0.00%,371046868,441989372868,6728848.51,0
2039-11-11,84.4484,84.4484,84.4484,84.4484,77560000,0.00%,293486868,441989372868,6549817.9,0
2039-11-14,84.4484,84.4484,84.4484,84.4484,91440000,0.00%,202046868,441989372868,7721961.7,0
2039-11-15,84.4484,84.4484,84.4484,84.4484,109200000,0.00%,92846868,441989372868,9221765.28,0
2039-11-16,84.4484,84.5328,84.5328,84.4484,113240000,0.10%,578912183,442588678183,9572494.27,599305314
2039-11-17,84.5328,84.5328,84.5328,84.5328,139600000,0.00%,439312183,442588678183,11800778.88,0
2039-11-18,84.5328,84.5328,84.5328,84.5328,116240000,0.00%,323072183,442588678183,9826092.67,0
2039-11-21,84.5328,84.5328,84.5328,84.5328,81960000,0.00%,241112183,442588678183,6928308.29,0
2039-11-22,84.5328,84.5328,84.5328,84.5328,55520000,0.00%,185592183,442588678183,4693261.06,0
2039-11-23,84.5328,84.5328,84.5328,84.5328,60040000,0.00%,125552183,442588678183,5075349.31,0
2039-11-24,84.5328,84.5328,84.5328,84.5328,50000000,0.00%,75552183,442588678183,4226640.0,0
2039-11-25,84.5328,84.5328,84.5328,84.5328,67800000,0.00%,7752183,442588678183,5731323.84,0
2039-11-28,84.5328,84.6173,84.6173,84.5328,111560000,0.10%,486852161,443179338161,9439905.99,590659978
2039-11-29,84.6173,84.6173,84.6173,84.6173,67760000,0.00%,419092161,443179338161,5733668.25,0
2039-11-30,84.6173,84.6173,84.6173,84.6173,66760000,0.00%,352332161,443179338161,5649050.95,0
2039-12-01,84.6173,84.6173,84.6173,84.6173,52280000,0.00%,300052161,443179338161,4423792.44,0
2039-12-02,84.6173,84.6173,84.6173,84.6173,62520000,0.00%,237532161,443179338161,5290273.6,0
2039-12-05,84.6173,84.6173,84.6173,84.6173,53320000,0.00%,184212161,443179338161,4511794.44,0
2039-12-06,84.6173,84.6173,84.6173,84.6173,73440000,0.00%,110772161,443179338161,6214294.51,0
2039-12-07,84.6173,84.6173,84.6173,84.6173,56200000,0.00%,54572161,443179338161,4755492.26,0
2039-12-08,84.6173,84.6173,84.6173,84.6173,53240000,0.00%,1332161,443179338161,4505025.05,0
2039-12-09,84.6173,84.702,84.702,84.6173,110840000,0.10%,477538929,443766384929,9388369.68,587046767
2039-12-12,84.702,84.702,84.702,84.702,89840000,0.00%,387698929,443766384929,7609627.68,0
2039-12-13,84.702,84.702,84.702,84.702,121120000,0.00%,266578929,443766384929,10259106.24,0
2039-12-14,84.702,84.702,84.702,84.702,52400000,0.00%,214178929,443766384929,4438384.8,0
2039-12-15,84.702,84.702,84.702,84.702,93640000,0.00%,120538929,443766384929,7931495.28,0
2039-12-16,84.702,84.702,84.702,84.702,65200000,0.00%,55338929,443766384929,5522570.4,0
2039-12-19,84.702,84.7867,84.7867,84.702,56240000,0.10%,580342269,444347628269,4768404.01,581243339
2039-12-20,84.7867,84.7867,84.7867,84.7867,67120000,0.00%,513222269,444347628269,5690883.3,0
2039-12-21,84.7867,84.7867,84.7867,84.7867,59640000,0.00%,453582269,444347628269,5056678.79,0
2039-12-22,84.7867,84.7867,84.7867,84.7867,138680000,0.00%,314902269,444347628269,11758219.56,0
2039-12-23,84.7867,84.7867,84.7867,84.7867,179320000,0.00%,135582269,444347628269,15203951.04,0
2039-12-26,84.7867,84.7867,84.7867,84.7867,83440000,0.00%,52142269,444347628269,7074602.25,0
2039-12-27,84.7867,84.7867,84.7867,84.7867,31480000,0.00%,20662269,444347628269,2669085.32,0
2039-12-30,84.7867,84.8714,84.8714,84.7867,54200000,0.10%,573904884,444955070884,4600029.88,607442614
2040-01-02,84.8714,84.8714,84.8714,84.8714,55431999,0.00%,518472884,444955070884,4704591.44,0
2040-01-03,84.8714,84.8714,84.8714,84.8714,44566999,0.00%,473905884,444955070884,3782463.68,0
2040-01-05,84.8714,84.8714,84.8714,84.8714,84993000,0.00%,388912884,444955070884,7213474.9,0
2040-01-06,84.8714,84.8714,84.8714,84.8714,69044000,0.00%,319868884,444955070884,5859860.94,0
2040-01-09,84.8714,84.8714,84.8714,84.8714,69167000,0.00%,250701884,444955070884,5870300.12,0
2040-01-10,84.8714,84.9563,84.9563,84.8714,585972000,0.10%,302608826,445592949826,49782013.02,637878942
2040-01-11,84.9563,85.0413,85.0413,84.9563,391385999,0.10%,547274872,446229001872,33283974.24,636052045
2040-01-12,85.0413,85.0413,85.0413,85.0413,248377999,0.00%,298896872,446229001872,21122388.01,0
2040-01-13,85.0413,85.0413,85.0413,85.0413,151905000,0.00%,146991872,446229001872,12918198.68,0
2040-01-16,85.0413,85.0413,85.0413,85.0413,142639000,0.00%,4352872,446229001872,12130205.99,0
2040-01-17,85.0413,85.1263,85.1263,85.0413,166542000,0.10%,473474712,446864665712,14177104.25,635663840
2040-01-18,85.1263,85.1263,85.1263,85.1263,119555999,0.00%,353918712,446864665712,10177359.92,0
2040-01-19,85.1263,85.1263,85.1263,85.1263,107173999,0.00%,246744712,446864665712,9123326.08,0
2040-01-20,85.1263,85.1263,85.1263,85.1263,70274000,0.00%,176470712,446864665712,5982165.61,0
2040-01-23,85.1263,85.1263,85.1263,85.1263,127673999,0.00%,48796712,446864665712,10868415.23,0
2040-01-24,85.1263,85.2114,85.2114,85.1263,103524999,0.10%,574818147,447494212147,8821510.18,629546435
2040-01-25,85.2114,85.2114,85.2114,85.2114,73226000,0.00%,501592147,447494212147,6239689.98,0
2040-01-26,85.2114,85.2114,85.2114,85.2114,87165999,0.00%,414426147,447494212147,7427536.89,0
2040-01-27,85.2114,85.2114,85.2114,85.2114,98727999,0.00%,315698147,447494212147,8412751.1,0
2040-01-30,85.2114,85.2114,85.2114,85.2114,96800999,0.00%,218897147,447494212147,8248548.73,0
2040-01-31,85.2114,85.2114,85.2114,85.2114,58219999,0.00%,160677147,447494212147,4961007.71,0
2040-02-06,85.2114,85.2114,85.2114,85.2114,114471999,0.00%,46205147,447494212147,9754319.38,0
2040-02-07,85.2114,85.2966,85.2966,85.2114,128247999,0.10%,548498111,448124753111,10939118.36,630540963
2040-02-08,85.2966,85.2966,85.2966,85.2966,131733000,0.00%,416765111,448124753111,11236377.01,0
2040-02-09,85.2966,85.2966,85.2966,85.2966,80319000,0.00%,336446111,448124753111,6850937.62,0
2040-02-10,85.2966,85.2966,85.2966,85.2966,141737000,0.00%,194709111,448124753111,12089684.19,0
2040-02-13,85.2966,85.2966,85.2966,85.2966,128780999,0.00%,65928111,448124753111,10984581.44,0
2040-02-14,85.2966,85.3819,85.3819,85.2966,126648999,0.10%,566937697,448752411697,10813532.25,627658585
2040-02-15,85.3819,85.3819,85.3819,85.3819,156866000,0.00%,410071697,448752411697,13393517.13,0
2040-02-16,85.3819,85.3819,85.3819,85.3819,250058999,0.00%,160012697,448752411697,21350512.53,0
2040-02-17,85.3819,85.4673,85.4673,85.3819,305532000,0.10%,481434466,449379365466,26112995.1,626953769
2040-02-20,85.4673,85.5528,85.5528,85.4673,517501999,0.10%,590938142,450006371142,44273745.11,627005675
2040-02-21,85.5528,85.5528,85.5528,85.5528,256372999,0.00%,334565142,450006371142,21933427.99,0
2040-02-22,85.5528,85.5528,85.5528,85.5528,139933000,0.00%,194632142,450006371142,11971659.96,0
2040-02-23,85.5528,85.5528,85.5528,85.5528,141655000,0.00%,52977142,450006371142,12118981.88,0
2040-02-24,85.5528,85.6383,85.6383,85.5528,301555000,0.10%,370159977,450625108977,25824657.56,618737834
2040-02-27,85.6383,85.6383,85.6383,85.6383,276914000,0.00%,93245977,450625108977,23714444.21,0
2040-02-28,85.6383,85.724,85.724,85.6383,231690999,0.10%,468730507,451232284507,19861479.28,607175529
2040-02-29,85.724,85.724,85.724,85.724,166009000,0.00%,302721507,451232284507,14230955.52,0
2040-03-01,85.724,85.724,85.724,85.724,159490000,0.00%,143231507,451232284507,13672120.76,0
2040-03-02,85.724,85.8097,85.8097,85.724,213855999,0.10%,535050731,451837959731,18350919.2,605675224
2040-03-05,85.8097,85.8097,85.8097,85.8097,134275000,0.00%,400775731,451837959731,11522097.47,0
2040-03-06,85.8097,85.8097,85.8097,85.8097,127591999,0.00%,273183731,451837959731,10948631.24,0
2040-03-07,85.8097,85.8097,85.8097,85.8097,144197000,0.00%,128986731,451837959731,12373501.31,0
2040-03-08,85.8097,85.8955,85.8955,85.8097,326688000,0.10%,404913529,452440574529,28061029.1,602614797
2040-03-09,85.8955,85.8955,85.8955,85.8955,190608999,0.00%,214304529,452440574529,16372455.36,0
2040-03-12,85.8955,85.8955,85.8955,85.8955,141122000,0.00%,73182529,452440574529,12121744.75,0
2040-03-13,85.8955,85.9814,85.9814,85.8955,138785000,0.10%,532485631,453038662631,11932928.6,598088102
2040-03-14,85.9814,85.9814,85.9814,85.9814,114922999,0.00%,417562631,453038662631,9881240.43,0
2040-03-15,85.9814,85.9814,85.9814,85.9814,112052999,0.00%,305509631,453038662631,9634473.81,0
2040-03-16,85.9814,85.9814,85.9814,85.9814,125910999,0.00%,179598631,453038662631,10826004.06,0
2040-03-19,85.9814,85.9814,85.9814,85.9814,90609999,0.00%,88988631,453038662631,7790774.65,0
2040-03-20,85.9814,86.0674,86.0674,85.9814,137924000,0.10%,550707768,453638305768,11870760.08,599643136
2040-03-21,86.0674,86.0674,86.0674,86.0674,129559999,0.00%,421147768,453638305768,11150892.34,0
2040-03-22,86.0674,86.0674,86.0674,86.0674,204384999,0.00%,216762768,453638305768,17590885.55,0
2040-03-23,86.0674,86.0674,86.0674,86.0674,173265999,0.00%,43496768,453638305768,14912554.13,0
2040-03-26,86.0674,86.1535,86.1535,86.0674,100859999,0.10%,541892321,454237561321,8689442.01,599255552
2040-03-27,86.1535,86.1535,86.1535,86.1535,113733999,0.00%,428158321,454237561321,9798582.17,0
2040-03-28,86.1535,86.1535,86.1535,86.1535,70971000,0.00%,357187321,454237561321,6114400.05,0
2040-03-29,86.1535,86.1535,86.1535,86.1535,72160000,0.00%,285027321,454237561321,6216836.56,0
2040-03-30,86.1535,86.1535,86.1535,86.1535,76219000,0.00%,208808321,454237561321,6566533.62,0
2040-04-02,86.1535,86.1535,86.1535,86.1535,114963999,0.00%,93844321,454237561321,9904550.97,0
2040-04-03,86.1535,86.1535,86.1535,86.1535,80032000,0.00%,13812321,454237561321,6895036.91,0
2040-04-04,86.1535,86.2396,86.2396,86.1535,58424999,0.10%,560308362,454842482362,5038548.63,604921041
2040-04-05,86.2396,86.2396,86.2396,86.2396,119801999,0.00%,440506362,454842482362,10331676.56,0
2040-04-09,86.2396,86.3259,86.3259,86.2396,505775999,0.10%,541632691,455449384691,43661568.4,606902328
2040-04-10,86.3259,86.3259,86.3259,86.3259,266992000,0.00%,274640691,455449384691,23048324.69,0
2040-04-11,86.3259,86.3259,86.3259,86.3259,272568000,0.00%,2072691,455449384691,23529677.91,0
2040-04-12,86.3259,86.4122,86.4122,86.3259,236979999,0.10%,408710274,456093002274,20477963.16,643617583
2040-04-13,86.4122,86.4122,86.4122,86.4122,191018999,0.00%,217691274,456093002274,16506372.03,0
2040-04-16,86.4122,86.4122,86.4122,86.4122,124434999,0.00%,93256274,456093002274,10752702.11,0
2040-04-17,86.4122,86.4122,86.4122,86.4122,83025000,0.00%,10231274,456093002274,7174372.91,0
2040-04-18,86.4122,86.4986,86.4986,86.4122,112011999,0.10%,551528407,456746311407,9688881.18,653309133
2040-04-19,86.4986,86.4986,86.4986,86.4986,100367999,0.00%,451160407,456746311407,8681691.48,0
2040-04-24,86.4986,86.4986,86.4986,86.4986,98563999,0.00%,352596407,456746311407,8525648.01,0
2040-04-25,86.4986,86.4986,86.4986,86.4986,110699999,0.00%,241896407,456746311407,9575395.02,0
2040-04-26,86.4986,86.4986,86.4986,86.4986,77531000,0.00%,164365407,456746311407,6706322.96,0
2040-04-27,86.4986,86.4986,86.4986,86.4986,117874999,0.00%,46490407,456746311407,10196022.47,0
2040-04-30,86.4986,86.5851,86.5851,86.4986,56620999,0.10%,650525354,457406967354,4902534.95,660655947
2040-05-01,86.5851,86.5851,86.5851,86.5851,67117000,0.00%,583408354,457406967354,5811332.16,0
2040-05-02,86.5851,86.5851,86.5851,86.5851,62770999,0.00%,520637354,457406967354,5435033.31,0
2040-05-04,86.5851,86.5851,86.5851,86.5851,54283999,0.00%,466353354,457406967354,4700185.57,0
2040-05-08,86.5851,86.5851,86.5851,86.5851,81221000,0.00%,385132354,457406967354,7032528.41,0
2040-05-09,86.5851,86.5851,86.5851,86.5851,105041999,0.00%,280090354,457406967354,9095072.07,0
2040-05-10,86.5851,86.5851,86.5851,86.5851,81262000,0.00%,198828354,457406967354,7036078.4,0
2040-05-11,86.5851,86.5851,86.5851,86.5851,56497999,0.00%,142330354,457406967354,4891884.98,0
2040-05-14,86.5851,86.6717,86.6717,86.5851,146985000,0.10%,672020333,458083642333,12739439.82,676674979
2040-05-15,86.6717,86.6717,86.6717,86.6717,94791999,0.00%,577228333,458083642333,8215783.79,0
2040-05-16,86.6717,86.6717,86.6717,86.6717,99588999,0.00%,477639333,458083642333,8631547.93,0
2040-05-17,86.6717,86.6717,86.6717,86.6717,134479999,0.00%,343159333,458083642333,11655610.22,0
2040-05-18,86.6717,86.6717,86.6717,86.6717,87452999,0.00%,255706333,458083642333,7579700.18,0
2040-05-21,86.6717,86.6717,86.6717,86.6717,92085999,0.00%,163620333,458083642333,7981250.17,0
2040-05-22,86.6717,86.6717,86.6717,86.6717,64738999,0.00%,98881333,458083642333,5611039.19,0
2040-05-23,86.6717,86.6717,86.6717,86.6717,77572000,0.00%,21309333,458083642333,6723297.11,0
2040-05-24,86.6717,86.7583,86.7583,86.6717,58547999,0.10%,695447670,458816328670,5079524.95,732686336
2040-05-25,86.7583,86.7583,86.7583,86.7583,66666000,0.00%,628781670,458816328670,5783828.83,0
2040-05-28,86.7583,86.7583,86.7583,86.7583,70889000,0.00%,557892670,458816328670,6150209.13,0
2040-05-29,86.7583,86.7583,86.7583,86.7583,61458999,0.00%,496433670,458816328670,5332078.36,0
2040-05-30,86.7583,86.7583,86.7583,86.7583,68921000,0.00%,427512670,458816328670,5979468.79,0
2040-05-31,86.7583,86.7583,86.7583,86.7583,79417000,0.00%,348095670,458816328670,6890083.91,0
2040-06-01,86.7583,86.7583,86.7583,86.7583,115947999,0.00%,232147670,458816328670,10059451.37,0
2040-06-04,86.7583,86.7583,86.7583,86.7583,53668999,0.00%,178478670,458816328670,4656231.2,0
2040-06-05,86.7583,86.7583,86.7583,86.7583,59900999,0.00%,118577670,458816328670,5196908.93,0
2040-06-06,86.7583,86.7583,86.7583,86.7583,75358000,0.00%,43219670,458816328670,6537931.97,0
2040-06-07,86.7583,86.8451,86.8451,86.7583,79253000,0.10%,752499499,459604861499,6882734.71,788532828
2040-06-08,86.8451,86.8451,86.8451,86.8451,53873999,0.00%,698625499,459604861499,4678692.92,0
2040-06-11,86.8451,86.8451,86.8451,86.8451,75768000,0.00%,622857499,459604861499,6580079.54,0
2040-06-12,86.8451,86.8451,86.8451,86.8451,69864000,0.00%,552993499,459604861499,6067346.07,0
2040-06-13,86.8451,86.8451,86.8451,86.8451,60597999,0.00%,492395499,459604861499,5262639.37,0
2040-06-14,86.8451,86.8451,86.8451,86.8451,54816999,0.00%,437578499,459604861499,4760587.85,0
2040-06-15,86.8451,86.8451,86.8451,86.8451,78269000,0.00%,359309499,459604861499,6797279.13,0
2040-06-18,86.8451,86.8451,86.8451,86.8451,56497999,0.00%,302811499,459604861499,4906574.46,0
2040-06-19,86.8451,86.8451,86.8451,86.8451,47231999,0.00%,255579499,459604861499,4101867.76,0
2040-06-20,86.8451,86.8451,86.8451,86.8451,62278999,0.00%,193300499,459604861499,5408625.98,0
2040-06-21,86.8451,86.8451,86.8451,86.8451,79499000,0.00%,113801499,459604861499,6904098.6,0
2040-06-22,86.8451,86.8451,86.8451,86.8451,84542000,0.00%,29259499,459604861499,7342058.44,0
2040-06-25,86.8451,86.932,86.932,86.8451,58424999,0.10%,788378379,460422405379,5079002.1,817543880
2040-06-26,86.932,86.932,86.932,86.932,72857000,0.00%,715521379,460422405379,6333604.72,0
2040-06-27,86.932,86.932,86.932,86.932,72119000,0.00%,643402379,460422405379,6269448.91,0
2040-06-28,86.932,86.932,86.932,86.932,61499999,0.00%,581902379,460422405379,5346318.0,0
2040-06-29,86.932,86.932,86.932,86.932,62237999,0.00%,519664379,460422405379,5410473.82,0
2040-07-02,86.932,86.932,86.932,86.932,75686000,0.00%,443978379,460422405379,6579535.35,0
2040-07-04,86.932,86.932,86.932,86.932,74620000,0.00%,369358379,460422405379,6486865.84,0
2040-07-05,86.932,86.932,86.932,86.932,77736000,0.00%,291622379,460422405379,6757745.95,0
2040-07-06,86.932,86.932,86.932,86.932,60105999,0.00%,231516379,460422405379,5225134.79,0
2040-07-09,86.932,86.932,86.932,86.932,47682999,0.00%,183833379,460422405379,4145178.56,0
2040-07-10,86.932,86.932,86.932,86.932,53996999,0.00%,129836379,460422405379,4694067.2,0
2040-07-11,86.932,86.932,86.932,86.932,73062000,0.00%,56774379,460422405379,6351425.78,0
2040-07-12,86.932,87.0189,87.0189,86.932,57522999,0.10%,859686366,461282840366,5005588.18,860434987
2040-07-13,87.0189,87.0189,87.0189,87.0189,78843000,0.00%,780843366,461282840366,6860831.13,0
2040-07-16,87.0189,87.0189,87.0189,87.0189,47969999,0.00%,732873366,461282840366,4174296.63,0
2040-07-17,87.0189,87.0189,87.0189,87.0189,112544999,0.00%,620328366,461282840366,9793542.1,0
2040-07-18,87.0189,87.0189,87.0189,87.0189,95324999,0.00%,525003366,461282840366,8295076.64,0
2040-07-19,87.0189,87.0189,87.0189,87.0189,56333999,0.00%,468669366,461282840366,4902122.71,0
2040-07-20,87.0189,87.0189,87.0189,87.0189,56497999,0.00%,412171366,461282840366,4916393.81,0
2040-07-23,87.0189,87.0189,87.0189,87.0189,54406999,0.00%,357764366,461282840366,4734437.29,0
2040-07-24,87.0189,87.0189,87.0189,87.0189,72160000,0.00%,285604366,461282840366,6279283.82,0
2040-07-25,87.0189,87.0189,87.0189,87.0189,191633999,0.00%,93970366,461282840366,16675779.88,0
2040-07-26,87.0189,87.1059,87.1059,87.0189,99137999,0.10%,866376712,462154384712,8635504.71,871544345
2040-07-27,87.1059,87.1059,87.1059,87.1059,81549000,0.00%,784827712,462154384712,7103399.04,0
2040-07-30,87.1059,87.1059,87.1059,87.1059,60105999,0.00%,724721712,462154384712,5235587.23,0
2040-07-31,87.1059,87.1059,87.1059,87.1059,69085000,0.00%,655636712,462154384712,6017711.1,0
2040-08-01,87.1059,87.1059,87.1059,87.1059,79376000,0.00%,576260712,462154384712,6914117.92,0
2040-08-02,87.1059,87.1059,87.1059,87.1059,83845000,0.00%,492415712,462154384712,7303394.19,0
2040-08-03,87.1059,87.1059,87.1059,87.1059,86919999,0.00%,405495712,462154384712,7571244.83,0
2040-08-06,87.1059,87.1059,87.1059,87.1059,71094000,0.00%,334401712,462154384712,6192706.85,0
2040-08-07,87.1059,87.1059,87.1059,87.1059,71135000,0.00%,263266712,462154384712,6196278.2,0
2040-08-08,87.1059,87.1059,87.1059,87.1059,85034000,0.00%,178232712,462154384712,7406963.1,0
2040-08-09,87.1059,87.1059,87.1059,87.1059,69454000,0.00%,108778712,462154384712,6049853.18,0
2040-08-10,87.1059,87.1059,87.1059,87.1059,54570999,0.00%,54207712,462154384712,4753456.07,0
2040-08-13,87.1059,87.1059,87.1059,87.1059,48338999,0.00%,5868712,462154384712,4210612.1,0
2040-08-14,87.1059,87.193,87.193,87.1059,56702999,0.10%,827291344,463032510344,4944104.68,878125632
2040-08-15,87.193,87.193,87.193,87.193,154160000,0.00%,673131344,463032510344,13441672.88,0
2040-08-16,87.193,87.193,87.193,87.193,148994000,0.00%,524137344,463032510344,12991233.84,0
2040-08-17,87.193,87.193,87.193,87.193,90937999,0.00%,433199344,463032510344,7929157.03,0
2040-08-20,87.193,87.193,87.193,87.193,72119000,0.00%,361080344,463032510344,6288271.97,0
2040-08-21,87.193,87.193,87.193,87.193,67075999,0.00%,294004344,463032510344,5848557.67,0
2040-08-22,87.193,87.193,87.193,87.193,65394999,0.00%,228609344,463032510344,5701986.23,0
2040-08-23,87.193,87.193,87.193,87.193,58588999,0.00%,170020344,463032510344,5108550.68,0
2040-08-24,87.193,87.193,87.193,87.193,79458000,0.00%,90562344,463032510344,6928181.39,0
2040-08-27,87.193,87.2802,87.2802,87.193,105328999,0.10%,856804274,463904081274,9193136.19,871570930
2040-08-28,87.2802,87.2802,87.2802,87.2802,84706000,0.00%,772098274,463904081274,7393156.62,0
2040-08-29,87.2802,87.2802,87.2802,87.2802,87165999,0.00%,684932274,463904081274,7607865.91,0
2040-08-30,87.2802,87.2802,87.2802,87.2802,89010999,0.00%,595921274,463904081274,7768897.88,0
2040-08-31,87.2802,87.2802,87.2802,87.2802,74743000,0.00%,521178274,463904081274,6523583.99,0
2040-09-03,87.2802,87.2802,87.2802,87.2802,65435999,0.00%,455742274,463904081274,5711267.17,0
2040-09-04,87.2802,87.2802,87.2802,87.2802,60720999,0.00%,395021274,463904081274,5299741.02,0
2040-09-05,87.2802,87.2802,87.2802,87.2802,63631999,0.00%,331389274,463904081274,5553813.69,0
2040-09-06,87.2802,87.2802,87.2802,87.2802,73800000,0.00%,257589274,463904081274,6441278.76,0
2040-09-07,87.2802,87.2802,87.2802,87.2802,78105000,0.00%,179484274,463904081274,6817020.02,0
2040-09-10,87.2802,87.2802,87.2802,87.2802,89461999,0.00%,90022274,463904081274,7808261.25,0
2040-09-11,87.2802,87.2802,87.2802,87.2802,81467000,0.00%,8555274,463904081274,7110456.05,0
2040-09-12,87.2802,87.3675,87.3675,87.2802,78679000,0.10%,792896694,464767101694,6873987.53,863020419
2040-09-13,87.3675,87.3675,87.3675,87.3675,74579000,0.00%,718317694,464767101694,6515780.78,0
2040-09-14,87.3675,87.3675,87.3675,87.3675,85198000,0.00%,633119694,464767101694,7443536.27,0
2040-09-17,87.3675,87.3675,87.3675,87.3675,67117000,0.00%,566002694,464767101694,5863844.5,0
2040-09-18,87.3675,87.3675,87.3675,87.3675,54693999,0.00%,511308694,464767101694,4778478.04,0
2040-09-19,87.3675,87.3675,87.3675,87.3675,91634999,0.00%,419673694,464767101694,8005920.86,0
2040-09-20,87.3675,87.3675,87.3675,87.3675,122958999,0.00%,296714694,464767101694,10742620.43,0
2040-09-21,87.3675,87.3675,87.3675,87.3675,85321000,0.00%,211393694,464767101694,7454282.47,0
2040-09-24,87.3675,87.3675,87.3675,87.3675,52889999,0.00%,158503694,464767101694,4620867.08,0
2040-09-25,87.3675,87.3675,87.3675,87.3675,62688999,0.00%,95814694,464767101694,5476981.21,0
2040-09-26,87.3675,87.3675,87.3675,87.3675,75604000,0.00%,20210694,464767101694,6605332.47,0
2040-09-27,87.3675,87.4548,87.4548,87.3675,71258000,0.10%,799480815,465617629815,6231854.14,850528120
2040-09-28,87.4548,87.4548,87.4548,87.4548,79950000,0.00%,719530815,465617629815,6992011.26,0
2040-10-01,87.4548,87.4548,87.4548,87.4548,84009000,0.00%,635521815,465617629815,7346990.29,0
2040-10-02,87.4548,87.4548,87.4548,87.4548,84501000,0.00%,551020815,465617629815,7390018.05,0
2040-10-04,87.4548,87.4548,87.4548,87.4548,70274000,0.00%,480746815,465617629815,6145798.62,0
2040-10-05,87.4548,87.4548,87.4548,87.4548,29232999,0.00%,451513815,465617629815,2556566.17,0
2040-10-08,87.4548,87.4548,87.4548,87.4548,32102999,0.00%,419410815,465617629815,2807561.44,0
2040-10-10,87.4548,87.4548,87.4548,87.4548,43213999,0.00%,376196815,465617629815,3779271.73,0
2040-10-11,87.4548,87.4548,87.4548,87.4548,59244999,0.00%,316951815,465617629815,5181259.63,0
2040-10-12,87.4548,87.4548,87.4548,87.4548,81590000,0.00%,235361815,465617629815,7135437.13,0
2040-10-15,87.4548,87.4548,87.4548,87.4548,155841000,0.00%,79520815,465617629815,13629043.49,0
2040-10-16,87.4548,87.5423,87.5423,87.4548,109879999,0.10%,807850280,466455839280,9619147.92,838209465
2040-10-17,87.5423,87.5423,87.5423,87.5423,75358000,0.00%,732492280,466455839280,6597012.64,0
2040-10-18,87.5423,87.5423,87.5423,87.5423,58588999,0.00%,673903280,466455839280,5129015.81,0
2040-10-19,87.5423,87.5423,87.5423,87.5423,76465000,0.00%,597438280,466455839280,6693921.97,0
2040-10-22,87.5423,87.5423,87.5423,87.5423,61335999,0.00%,536102280,466455839280,5369494.51,0
2040-10-23,87.5423,87.5423,87.5423,87.5423,58096999,0.00%,478005280,466455839280,5085945.0,0
2040-10-24,87.5423,87.5423,87.5423,87.5423,40918000,0.00%,437087280,466455839280,3582055.83,0
2040-10-25,87.5423,87.5423,87.5423,87.5423,50921999,0.00%,386165280,466455839280,4457829.0,0
2040-10-26,87.5423,87.5423,87.5423,87.5423,49199999,0.00%,336965280,466455839280,4307081.16,0
2040-10-29,87.5423,87.5423,87.5423,87.5423,65763999,0.00%,271201280,466455839280,5757131.82,0
2040-10-30,87.5423,87.5423,87.5423,87.5423,66829999,0.00%,204371280,466455839280,5850451.91,0
2040-11-01,87.5423,87.5423,87.5423,87.5423,89256999,0.00%,115114280,466455839280,7813763.07,0
2040-11-02,87.5423,87.5423,87.5423,87.5423,84378000,0.00%,30736280,466455839280,7386644.19,0
2040-11-05,87.5423,87.6298,87.6298,87.5423,47518999,0.10%,819192698,467291814698,4164080.47,835975418
2040-11-06,87.6298,87.6298,87.6298,87.6298,61376999,0.00%,757815698,467291814698,5378454.23,0
2040-11-07,87.6298,87.6298,87.6298,87.6298,54570999,0.00%,703244698,467291814698,4782045.82,0
2040-11-08,87.6298,87.6298,87.6298,87.6298,53627999,0.00%,649616698,467291814698,4699410.91,0
2040-11-09,87.6298,87.6298,87.6298,87.6298,54570999,0.00%,595045698,467291814698,4782045.82,0
2040-11-12,87.6298,87.6298,87.6298,87.6298,59490999,0.00%,535554698,467291814698,5213184.43,0
2040-11-13,87.6298,87.6298,87.6298,87.6298,53668999,0.00%,481885698,467291814698,4703003.74,0
2040-11-14,87.6298,87.6298,87.6298,87.6298,56005999,0.00%,425879698,467291814698,4907794.58,0
2040-11-15,87.6298,87.6298,87.6298,87.6298,70930000,0.00%,354949698,467291814698,6215581.71,0
2040-11-16,87.6298,87.6298,87.6298,87.6298,81836000,0.00%,273113698,467291814698,7171272.31,0
2040-11-19,87.6298,87.6298,87.6298,87.6298,56538999,0.00%,216574698,467291814698,4954501.26,0
2040-11-20,87.6298,87.6298,87.6298,87.6298,77162000,0.00%,139412698,467291814698,6761690.63,0
2040-11-21,87.6298,87.6298,87.6298,87.6298,57235999,0.00%,82176698,467291814698,5015579.23,0
2040-11-22,87.6298,87.6298,87.6298,87.6298,57481999,0.00%,24694698,467291814698,5037136.16,0
2040-11-23,87.6298,87.7175,87.7175,87.6298,97292999,0.10%,762041065,468126454065,8534298.73,834639366
2040-11-26,87.7175,87.7175,87.7175,87.7175,91757999,0.00%,670283065,468126454065,8048782.36,0
2040-11-27,87.7175,87.7175,87.7175,87.7175,61007999,0.00%,609275065,468126454065,5351469.24,0
2040-11-28,87.7175,87.7175,87.7175,87.7175,59162999,0.00%,550112065,468126454065,5189630.45,0
2040-11-29,87.7175,87.7175,87.7175,87.7175,63508999,0.00%,486603065,468126454065,5570850.71,0
2040-11-30,87.7175,87.7175,87.7175,87.7175,54201999,0.00%,432401065,468126454065,4754463.93,0
2040-12-03,87.7175,87.7175,87.7175,87.7175,51823999,0.00%,380577065,468126454065,4545871.72,0
2040-12-04,87.7175,87.7175,87.7175,87.7175,46985999,0.00%,333591065,468126454065,4121494.45,0
2040-12-05,87.7175,87.7175,87.7175,87.7175,45099999,0.00%,288491065,468126454065,3956059.25,0
2040-12-06,87.7175,87.7175,87.7175,87.7175,62852999,0.00%,225638065,468126454065,5513308.03,0
2040-12-07,87.7175,87.7175,87.7175,87.7175,60023999,0.00%,165614065,468126454065,5265155.22,0
2040-12-10,87.7175,87.7175,87.7175,87.7175,55021999,0.00%,110592065,468126454065,4826392.28,0
2040-12-11,87.7175,87.7175,87.7175,87.7175,71463000,0.00%,39129065,468126454065,6268555.7,0
2040-12-12,87.7175,87.8052,87.8052,87.7175,60474999,0.10%,817558058,468965358058,5310019.47,838903993
2040-12-13,87.8052,87.8052,87.8052,87.8052,51167999,0.00%,766390058,468965358058,4492816.47,0
2040-12-14,87.8052,87.8052,87.8052,87.8052,73103000,0.00%,693287058,468965358058,6418823.54,0
2040-12-17,87.8052,87.8052,87.8052,87.8052,62196999,0.00%,631090058,468965358058,5461220.02,0
2040-12-18,87.8052,87.8052,87.8052,87.8052,65558999,0.00%,565531058,468965358058,5756421.11,0
2040-12-19,87.8052,87.8052,87.8052,87.8052,60761999,0.00%,504769058,468965358058,5335219.56,0
2040-12-20,87.8052,87.8052,87.8052,87.8052,41615000,0.00%,463154058,468965358058,3654013.4,0
2040-12-21,87.8052,87.8052,87.8052,87.8052,72857000,0.00%,390297058,468965358058,6397223.46,0
2040-12-24,87.8052,87.8052,87.8052,87.8052,56866999,0.00%,333430058,468965358058,4993218.31,0
2040-12-25,87.8052,87.8052,87.8052,87.8052,64041999,0.00%,269388058,468965358058,5623220.62,0
2040-12-26,87.8052,87.8052,87.8052,87.8052,30011999,0.00%,239376058,468965358058,2635209.66,0
2040-12-31,87.8052,87.8052,87.8052,87.8052,75850000,0.00%,163526058,468965358058,6660024.42,0
2041-01-01,87.8052,87.8052,87.8052,87.8052,57036000,0.00%,106490058,468965358058,5008057.39,0
2041-01-02,87.8052,87.8052,87.8052,87.8052,45528000,0.00%,60962058,468965358058,3997595.15,0
2041-01-04,87.8052,87.893,87.893,87.8052,68040000,0.10%,840341042,469812777042,5980239.72,847418984
2041-01-07,87.893,87.893,87.893,87.893,83790000,0.00%,756551042,469812777042,7364554.47,0
2041-01-08,87.893,87.893,87.893,87.893,101514000,0.00%,655037042,469812777042,8922370.0,0
2041-01-09,87.893,87.893,87.893,87.893,89796000,0.00%,565241042,469812777042,7892439.83,0
2041-01-10,87.893,87.893,87.893,87.893,78708000,0.00%,486533042,469812777042,6917882.24,0
2041-01-11,87.893,87.893,87.893,87.893,74802000,0.00%,411731042,469812777042,6574572.19,0
2041-01-14,87.893,87.893,87.893,87.893,115626000,0.00%,296105042,469812777042,10162716.02,0
2041-01-15,87.893,87.893,87.893,87.893,101682000,0.00%,194423042,469812777042,8937136.03,0
2041-01-16,87.893,87.893,87.893,87.893,120456000,0.00%,73967042,469812777042,10587239.21,0
2041-01-17,87.893,87.9809,87.9809,87.893,109998000,0.10%,807865122,470656673122,9677723.04,843896079
2041-01-18,87.9809,87.9809,87.9809,87.9809,86604000,0.00%,721261122,470656673122,7619497.86,0
2041-01-21,87.9809,87.9809,87.9809,87.9809,55566000,0.00%,665695122,470656673122,4888746.69,0
2041-01-22,87.9809,87.9809,87.9809,87.9809,102186000,0.00%,563509122,470656673122,8990416.25,0
2041-01-23,87.9809,87.9809,87.9809,87.9809,67200000,0.00%,496309122,470656673122,5912316.48,0
2041-01-24,87.9809,87.9809,87.9809,87.9809,114114000,0.00%,382195122,470656673122,10039852.42,0
2041-01-25,87.9809,87.9809,87.9809,87.9809,80556000,0.00%,301639122,470656673122,7087389.38,0
2041-01-28,87.9809,87.9809,87.9809,87.9809,73248000,0.00%,228391122,470656673122,6444424.96,0
2041-01-29,87.9809,87.9809,87.9809,87.9809,100338000,0.00%,128053122,470656673122,8827827.54,0
2041-01-30,87.9809,87.9809,87.9809,87.9809,107436000,0.00%,20617122,470656673122,9452315.97,0
2041-01-31,87.9809,88.0689,88.0689,87.9809,96390000,0.10%,763399715,471495845715,8488961.27,839172592
2041-02-01,88.0689,88.0689,88.0689,88.0689,90216000,0.00%,673183715,471495845715,7945223.88,0
2041-02-04,88.0689,88.0689,88.0689,88.0689,117306000,0.00%,555877715,471495845715,10331010.38,0
2041-02-05,88.0689,88.0689,88.0689,88.0689,273546000,0.00%,282331715,471495845715,24090895.32,0
2041-02-06,88.0689,88.0689,88.0689,88.0689,253554000,0.00%,28777715,471495845715,22330221.87,0
2041-02-07,88.0689,88.1569,88.1569,88.0689,333102000,0.10%,522928390,472323098390,29365239.7,827252675
2041-02-08,88.1569,88.1569,88.1569,88.1569,148680000,0.00%,374248390,472323098390,13107167.89,0
2041-02-11,88.1569,88.1569,88.1569,88.1569,110796000,0.00%,263452390,472323098390,9767431.89,0
2041-02-12,88.1569,88.1569,88.1569,88.1569,122682000,0.00%,140770390,472323098390,10815264.81,0
2041-02-13,88.1569,88.1569,88.1569,88.1569,99792000,0.00%,40978390,472323098390,8797353.36,0
2041-02-14,88.1569,88.2451,88.2451,88.1569,167118000,0.10%,693802869,473143040869,14747344.62,819942478
2041-02-15,88.2451,88.2451,88.2451,88.2451,112980000,0.00%,580822869,473143040869,9969931.4,0
2041-02-18,88.2451,88.2451,88.2451,88.2451,30324000,0.00%,550498869,473143040869,2675944.41,0
2041-02-22,88.2451,88.2451,88.2451,88.2451,89670000,0.00%,460828869,473143040869,7912938.12,0
2041-02-25,88.2451,88.2451,88.2451,88.2451,92988000,0.00%,367840869,473143040869,8205735.36,0
2041-02-26,88.2451,88.2451,88.2451,88.2451,151746000,0.00%,216094869,473143040869,13390840.94,0
2041-02-27,88.2451,88.2451,88.2451,88.2451,95928000,0.00%,120166869,473143040869,8465175.95,0
2041-02-28,88.2451,88.2451,88.2451,88.2451,107310000,0.00%,12856869,473143040869,9469581.68,0
2041-03-01,88.2451,88.3333,88.3333,88.2451,135366000,0.10%,694951892,473960501892,11957325.49,817461023
2041-03-04,88.3333,88.3333,88.3333,88.3333,129444000,0.00%,565507892,473960501892,11434215.69,0
2041-03-05,88.3333,88.3333,88.3333,88.3333,114954000,0.00%,450553892,473960501892,10154266.17,0
2041-03-06,88.3333,88.3333,88.3333,88.3333,138474000,0.00%,312079892,473960501892,12231865.38,0
2041-03-07,88.3333,88.3333,88.3333,88.3333,100632000,0.00%,211447892,473960501892,8889156.65,0
2041-03-08,88.3333,88.3333,88.3333,88.3333,127512000,0.00%,83935892,473960501892,11263555.75,0
2041-03-11,88.3333,88.4217,88.4217,88.3333,131796000,0.10%,762809356,474771171356,11653626.37,810669463
2041-03-12,88.4217,88.4217,88.4217,88.4217,243012000,0.00%,519797356,474771171356,21487534.16,0
2041-03-13,88.4217,88.4217,88.4217,88.4217,200004000,0.00%,319793356,474771171356,17684693.69,0
2041-03-14,88.4217,88.4217,88.4217,88.4217,82572000,0.00%,237221356,474771171356,7301156.61,0
2041-03-15,88.4217,88.4217,88.4217,88.4217,72156000,0.00%,165065356,474771171356,6380156.19,0
2041-03-18,88.4217,88.4217,88.4217,88.4217,101724000,0.00%,63341356,474771171356,8994609.01,0
2041-03-19,88.4217,88.5101,88.5101,88.4217,96054000,0.10%,762052690,475565936690,8501749.15,794765333
2041-03-20,88.5101,88.5101,88.5101,88.5101,89670000,0.00%,672382690,475565936690,7936700.67,0
2041-03-21,88.5101,88.5101,88.5101,88.5101,249606000,0.00%,422776690,475565936690,22092652.02,0
2041-03-22,88.5101,88.5101,88.5101,88.5101,104664000,0.00%,318112690,475565936690,9263821.11,0
2041-03-25,88.5101,88.5101,88.5101,88.5101,147504000,0.00%,170608690,475565936690,13055593.79,0
2041-03-26,88.5101,88.5101,88.5101,88.5101,123312000,0.00%,47296690,475565936690,10914357.45,0
2041-03-27,88.5101,88.5986,88.5986,88.5101,156870000,0.10%,654647055,476330157055,13898462.38,764220364
2041-03-28,88.5986,88.5986,88.5986,88.5986,95004000,0.00%,559643055,476330157055,8417221.39,0
2041-03-29,88.5986,88.5986,88.5986,88.5986,85470000,0.00%,474173055,476330157055,7572522.34,0
2041-04-01,88.5986,88.5986,88.5986,88.5986,119322000,0.00%,354851055,476330157055,10571762.15,0
2041-04-02,88.5986,88.5986,88.5986,88.5986,108360000,0.00%,246491055,476330157055,9600544.3,0
2041-04-03,88.5986,88.5986,88.5986,88.5986,89376000,0.00%,157115055,476330157055,7918588.47,0
2041-04-04,88.5986,88.5986,88.5986,88.5986,71526000,0.00%,85589055,476330157055,6337103.46,0
2041-04-10,88.5986,88.6872,88.6872,88.5986,138012000,0.10%,689079079,477071659079,12239897.85,741502024
2041-04-11,88.6872,88.6872,88.6872,88.6872,87024000,0.00%,602055079,477071659079,7717914.89,0
2041-04-12,88.6872,88.6872,88.6872,88.6872,86814000,0.00%,515241079,477071659079,7699290.58,0
2041-04-15,88.6872,88.6872,88.6872,88.6872,88788000,0.00%,426453079,477071659079,7874359.11,0
2041-04-16,88.6872,88.6872,88.6872,88.6872,74886000,0.00%,351567079,477071659079,6641429.66,0
2041-04-17,88.6872,88.6872,88.6872,88.6872,85218000,0.00%,266349079,477071659079,7557745.81,0
2041-04-18,88.6872,88.6872,88.6872,88.6872,94752000,0.00%,171597079,477071659079,8403289.57,0
2041-04-19,88.6872,88.6872,88.6872,88.6872,57750000,0.00%,113847079,477071659079,5121685.8,0
2041-04-22,88.6872,88.6872,88.6872,88.6872,98406000,0.00%,15441079,477071659079,8727352.6,0
2041-04-23,88.6872,88.7759,88.7759,88.6872,55062000,0.10%,713889243,477825169243,4888178.61,753510164
2041-04-24,88.7759,88.7759,88.7759,88.7759,97314000,0.00%,616575243,477825169243,8639137.93,0
2041-04-25,88.7759,88.7759,88.7759,88.7759,98700000,0.00%,517875243,477825169243,8762181.33,0
2041-04-26,88.7759,88.7759,88.7759,88.7759,77994000,0.00%,439881243,477825169243,6923987.54,0
2041-04-29,88.7759,88.7759,88.7759,88.7759,189210000,0.00%,250671243,477825169243,16797288.04,0
2041-04-30,88.7759,88.7759,88.7759,88.7759,108318000,0.00%,142353243,477825169243,9616027.94,0
2041-05-01,88.7759,88.7759,88.7759,88.7759,81144000,0.00%,61209243,477825169243,7203631.63,0
2041-05-02,88.7759,88.8647,88.8647,88.7759,161322000,0.10%,654494925,478579776925,14335831.13,754607681
2041-05-06,88.8647,88.8647,88.8647,88.8647,99792000,0.00%,554702925,478579776925,8867986.14,0
2041-05-07,88.8647,88.8647,88.8647,88.8647,54600000,0.00%,500102925,478579776925,4852012.62,0
2041-05-08,88.8647,88.8647,88.8647,88.8647,186354000,0.00%,313748925,478579776925,16560292.3,0
2041-05-09,88.8647,88.8647,88.8647,88.8647,172158000,0.00%,141590925,478579776925,15298769.02,0
2041-05-10,88.8647,88.8647,88.8647,88.8647,105882000,0.00%,35708925,478579776925,9409172.17,0
2041-05-13,88.8647,88.9535,88.9535,88.8647,116802000,0.10%,685758104,479346628104,10389946.71,766851179
2041-05-14,88.9535,88.9535,88.9535,88.9535,136374000,0.00%,549384104,479346628104,12130944.61,0
2041-05-15,88.9535,88.9535,88.9535,88.9535,111804000,0.00%,437580104,479346628104,9945357.11,0
2041-05-16,88.9535,88.9535,88.9535,88.9535,165228000,0.00%,272352104,479346628104,14697608.9,0
2041-05-17,88.9535,88.9535,88.9535,88.9535,111090000,0.00%,161262104,479346628104,9881844.31,0
2041-05-20,88.9535,88.9535,88.9535,88.9535,123900000,0.00%,37362104,479346628104,11021338.65,0
2041-05-21,88.9535,89.0425,89.0425,88.9535,141708000,0.10%,683406106,480134380106,12618034.59,787752001
2041-05-22,89.0425,89.0425,89.0425,89.0425,79506000,0.00%,603900106,480134380106,7079413.0,0
2041-05-23,89.0425,89.0425,89.0425,89.0425,166530000,0.00%,437370106,480134380106,14828247.53,0
2041-05-24,89.0425,89.0425,89.0425,89.0425,100800000,0.00%,336570106,480134380106,8975484.0,0
2041-05-28,89.0425,89.0425,89.0425,89.0425,137760000,0.00%,198810106,480134380106,12266494.8,0
2041-05-29,89.0425,89.0425,89.0425,89.0425,104412000,0.00%,94398106,480134380106,9297105.51,0
2041-05-30,89.0425,89.1315,89.1315,89.0425,177240000,0.10%,708485504,480925707504,15797667.06,791327397
2041-05-31,89.1315,89.1315,89.1315,89.1315,201642000,0.00%,506843504,480925707504,17972653.92,0
2041-06-03,89.1315,89.1315,89.1315,89.1315,147672000,0.00%,359171504,480925707504,13162226.87,0
2041-06-04,89.1315,89.2207,89.2207,89.1315,427854000,0.10%,724659697,481719049697,38173433.38,793342193
2041-06-05,89.2207,89.2207,89.2207,89.2207,206220000,0.00%,518439697,481719049697,18399092.75,0
2041-06-06,89.2207,89.2207,89.2207,89.2207,122010000,0.00%,396429697,481719049697,10885817.61,0
2041-06-07,89.2207,89.2207,89.2207,89.2207,132930000,0.00%,263499697,481719049697,11860107.65,0
2041-06-10,89.2207,89.2207,89.2207,89.2207,121884000,0.00%,141615697,481719049697,10874575.8,0
2041-06-11,89.2207,89.3099,89.3099,89.2207,157038000,0.10%,777378126,482511850126,14025048.08,792800428
2041-06-12,89.3099,89.3099,89.3099,89.3099,150318000,0.00%,627060126,482511850126,13424885.55,0
2041-06-13,89.3099,89.3099,89.3099,89.3099,120036000,0.00%,507024126,482511850126,10720403.16,0
2041-06-14,89.3099,89.3099,89.3099,89.3099,93786000,0.00%,413238126,482511850126,8376018.28,0
2041-06-17,89.3099,89.3099,89.3099,89.3099,82950000,0.00%,330288126,482511850126,7408256.21,0
2041-06-18,89.3099,89.3099,89.3099,89.3099,102144000,0.00%,228144126,482511850126,9122470.43,0
2041-06-19,89.3099,89.3099,89.3099,89.3099,71232000,0.00%,156912126,482511850126,6361722.8,0
2041-06-20,89.3099,89.3099,89.3099,89.3099,126504000,0.00%,30408126,482511850126,11298059.59,0
2041-06-24,89.3099,89.3992,89.3992,89.3099,132552000,0.10%,709038951,483323032951,11850042.76,811182825
2041-06-25,89.3992,89.3992,89.3992,89.3992,182448000,0.00%,526590951,483323032951,16310705.24,0
2041-06-26,89.3992,89.3992,89.3992,89.3992,167832000,0.00%,358758951,483323032951,15004046.53,0
2041-06-27,89.3992,89.3992,89.3992,89.3992,123774000,0.00%,234984951,483323032951,11065296.58,0
2041-06-28,89.3992,89.3992,89.3992,89.3992,133854000,0.00%,101130951,483323032951,11966440.52,0
2041-07-01,89.3992,89.4886,89.4886,89.3992,138894000,0.10%,780655499,484141451499,12429429.61,818418547
2041-07-02,89.4886,89.4886,89.4886,89.4886,163758000,0.00%,616897499,484141451499,14654474.16,0
2041-07-04,89.4886,89.4886,89.4886,89.4886,171822000,0.00%,445075499,484141451499,15376110.23,0
2041-07-05,89.4886,89.4886,89.4886,89.4886,104832000,0.00%,340243499,484141451499,9381268.92,0
2041-07-08,89.4886,89.4886,89.4886,89.4886,174300000,0.00%,165943499,484141451499,15597862.98,0
2041-07-09,89.4886,89.5781,89.5781,89.4886,232764000,0.10%,716017457,484924289457,20850556.87,782837958
2041-07-10,89.5781,89.5781,89.5781,89.5781,236376000,0.00%,479641457,484924289457,21174112.97,0
2041-07-11,89.5781,89.5781,89.5781,89.5781,178080000,0.00%,301561457,484924289457,15952068.05,0
2041-07-12,89.5781,89.5781,89.5781,89.5781,169848000,0.00%,131713457,484924289457,15214661.13,0
2041-07-15,89.5781,89.5781,89.5781,89.5781,128688000,0.00%,3025457,484924289457,11527626.53,0
2041-07-16,89.5781,89.6677,89.6677,89.5781,139146000,0.10%,635959068,485696369068,12476901.78,772079611
2041-07-17,89.6677,89.6677,89.6677,89.6677,83622000,0.00%,552337068,485696369068,7498192.41,0
2041-07-18,89.6677,89.6677,89.6677,89.6677,84756000,0.00%,467581068,485696369068,7599875.58,0
2041-07-19,89.6677,89.6677,89.6677,89.6677,61992000,0.00%,405589068,485696369068,5558680.06,0
2041-07-22,89.6677,89.6677,89.6677,89.6677,71022000,0.00%,334567068,485696369068,6368379.39,0
2041-07-23,89.6677,89.6677,89.6677,89.6677,83202000,0.00%,251365068,485696369068,7460531.98,0
2041-07-24,89.6677,89.6677,89.6677,89.6677,85260000,0.00%,166105068,485696369068,7645068.1,0
2041-07-25,89.6677,89.6677,89.6677,89.6677,65898000,0.00%,100207068,485696369068,5908922.09,0
2041-07-26,89.6677,89.6677,89.6677,89.6677,70392000,0.00%,29815068,485696369068,6311888.74,0
2041-07-29,89.6677,89.7573,89.7573,89.6677,345618000,0.10%,457858960,486470030960,31021738.51,773661891
2041-07-30,89.7573,89.7573,89.7573,89.7573,453726000,0.00%,4132960,486470030960,40725220.7,0
2041-07-31,89.7573,89.8471,89.8471,89.7573,474012000,0.10%,293009101,487232919101,42588603.57,762888140
2041-08-01,89.8471,89.9369,89.9369,89.8471,306180000,0.10%,745880778,487991970778,27536880.04,759051677
2041-08-02,89.9369,89.9369,89.9369,89.9369,169932000,0.00%,575948778,487991970778,15283157.29,0
2041-08-05,89.9369,89.9369,89.9369,89.9369,123690000,0.00%,452258778,487991970778,11124295.16,0
2041-08-06,89.9369,90.0269,90.0269,89.9369,494802000,0.10%,707114261,488741628261,44545490.17,749657482
2041-08-07,90.0269,90.0269,90.0269,90.0269,193620000,0.00%,513494261,488741628261,17431008.38,0
2041-08-08,90.0269,90.0269,90.0269,90.0269,246246000,0.00%,267248261,488741628261,22168764.02,0
2041-08-09,90.0269,90.0269,90.0269,90.0269,180390000,0.00%,86858261,488741628261,16239952.49,0
2041-08-12,90.0269,90.1169,90.1169,90.0269,172032000,0.10%,635325635,489462127635,15502990.54,720499374
2041-08-13,90.1169,90.1169,90.1169,90.1169,171696000,0.00%,463629635,489462127635,15472711.26,0
2041-08-14,90.1169,90.1169,90.1169,90.1169,84630000,0.00%,378999635,489462127635,7626593.25,0
2041-08-15,90.1169,90.1169,90.1169,90.1169,68670000,0.00%,310329635,489462127635,6188327.52,0
2041-08-16,90.1169,90.1169,90.1169,90.1169,110964000,0.00%,199365635,489462127635,9999731.69,0
2041-08-19,90.1169,90.1169,90.1169,90.1169,121884000,0.00%,77481635,489462127635,10983808.24,0
2041-08-20,90.1169,90.207,90.207,90.1169,181188000,0.10%,602104214,490167938214,16344425.92,705810578
2041-08-21,90.207,90.207,90.207,90.207,111720000,0.00%,490384214,490167938214,10077926.04,0
2041-08-22,90.207,90.207,90.207,90.207,214620000,0.00%,275764214,490167938214,19360226.34,0
2041-08-23,90.207,90.207,90.207,90.207,218988000,0.00%,56776214,490167938214,19754250.52,0
2041-08-26,90.207,90.2972,90.2972,90.207,187404000,0.10%,569717351,490868283351,16922056.47,700345137
2041-08-27,90.2972,90.2972,90.2972,90.2972,207984000,0.00%,361733351,490868283351,18780372.84,0
2041-08-28,90.2972,90.2972,90.2972,90.2972,173166000,0.00%,188567351,490868283351,15636404.94,0
2041-08-29,90.2972,90.2972,90.2972,90.2972,72660000,0.00%,115907351,490868283351,6560994.55,0
2041-08-30,90.2972,90.2972,90.2972,90.2972,98532000,0.00%,17375351,490868283351,8897163.71,0
2041-09-02,90.2972,90.3875,90.3875,90.2972,77616000,0.10%,656591423,491585115423,7015516.2,716832071
2041-09-03,90.3875,90.3875,90.3875,90.3875,219156000,0.00%,437435423,491585115423,19808962.95,0
2041-09-04,90.3875,90.3875,90.3875,90.3875,148260000,0.00%,289175423,491585115423,13400850.75,0
2041-09-05,90.3875,90.3875,90.3875,90.3875,169974000,0.00%,119201423,491585115423,15363524.93,0
2041-09-06,90.3875,90.3875,90.3875,90.3875,113988000,0.00%,5213423,491585115423,10303090.35,0
2041-09-09,90.3875,90.4779,90.4779,90.3875,112434000,0.10%,612978125,492305314125,10172792.21,720198701
2041-09-10,90.4779,90.4779,90.4779,90.4779,104832000,0.00%,508146125,492305314125,9484979.21,0
2041-09-11,90.4779,90.4779,90.4779,90.4779,138600000,0.00%,369546125,492305314125,12540236.94,0
2041-09-12,90.4779,90.4779,90.4779,90.4779,227178000,0.00%,142368125,492305314125,20554588.37,0
2041-09-13,90.4779,90.5684,90.5684,90.4779,149814000,0.10%,705068547,493017828547,13568414.28,712514422
2041-09-16,90.5684,90.5684,90.5684,90.5684,116844000,0.00%,588224547,493017828547,10582374.13,0
2041-09-17,90.5684,90.5684,90.5684,90.5684,83622000,0.00%,504602547,493017828547,7573510.74,0
2041-09-18,90.5684,90.5684,90.5684,90.5684,151914000,0.00%,352688547,493017828547,13758607.92,0
2041-09-19,90.5684,90.5684,90.5684,90.5684,102984000,0.00%,249704547,493017828547,9327096.11,0
2041-09-20,90.5684,90.5684,90.5684,90.5684,100716000,0.00%,148988547,493017828547,9121686.97,0
2041-09-23,90.5684,90.5684,90.5684,90.5684,65142000,0.00%,83846547,493017828547,5899806.71,0
2041-09-24,90.5684,90.5684,90.5684,90.5684,69552000,0.00%,14294547,493017828547,6299213.36,0
2041-09-26,90.5684,90.6589,90.6589,90.5684,93282000,0.10%,638664741,493735480741,8456843.51,717652194
2041-09-27,90.6589,90.6589,90.6589,90.6589,69972000,0.00%,568692741,493735480741,6343584.55,0
2041-09-30,90.6589,90.6589,90.6589,90.6589,75474000,0.00%,493218741,493735480741,6842389.82,0
2041-10-01,90.6589,90.6589,90.6589,90.6589,87990000,0.00%,405228741,493735480741,7977076.61,0
2041-10-02,90.6589,90.6589,90.6589,90.6589,76650000,0.00%,328578741,493735480741,6949004.69,0
2041-10-03,90.6589,90.6589,90.6589,90.6589,72828000,0.00%,255750741,493735480741,6602506.37,0
2041-10-07,90.6589,90.6589,90.6589,90.6589,49224000,0.00%,206526741,493735480741,4462593.69,0
2041-10-08,90.6589,90.6589,90.6589,90.6589,49896000,0.00%,156630741,493735480741,4523516.47,0
2041-10-09,90.6589,90.6589,90.6589,90.6589,45570000,0.00%,111060741,493735480741,4131326.07,0
2041-10-10,90.6589,90.6589,90.6589,90.6589,61110000,0.00%,49950741,493735480741,5540165.38,0
2041-10-11,90.6589,90.7496,90.7496,90.6589,125202000,0.10%,664748532,494475480532,11362031.42,739999790
2041-10-14,90.7496,90.7496,90.7496,90.7496,110040000,0.00%,554708532,494475480532,9986085.98,0
2041-10-15,90.7496,90.7496,90.7496,90.7496,69090000,0.00%,485618532,494475480532,6269889.86,0
2041-10-18,90.7496,90.7496,90.7496,90.7496,122346000,0.00%,363272532,494475480532,11102850.56,0
2041-10-21,90.7496,90.7496,90.7496,90.7496,87066000,0.00%,276206532,494475480532,7901204.67,0
2041-10-22,90.7496,90.7496,90.7496,90.7496,64806000,0.00%,211400532,494475480532,5881118.58,0
2041-10-23,90.7496,90.7496,90.7496,90.7496,137424000,0.00%,73976532,494475480532,12471173.03,0
2041-10-24,90.7496,90.7496,90.7496,90.7496,70056000,0.00%,3920532,494475480532,6357553.98,0
2041-10-25,90.7496,90.8404,90.8404,90.7496,53508000,0.10%,688061569,495213129569,4860688.12,737649036
2041-10-28,90.8404,90.8404,90.8404,90.8404,51492000,0.00%,636569569,495213129569,4677553.88,0
2041-10-29,90.8404,90.8404,90.8404,90.8404,64302000,0.00%,572267569,495213129569,5841219.4,0
2041-10-30,90.8404,90.8404,90.8404,90.8404,78624000,0.00%,493643569,495213129569,7142235.61,0
2041-10-31,90.8404,90.8404,90.8404,90.8404,57414000,0.00%,436229569,495213129569,5215510.73,0
2041-11-01,90.8404,90.8404,90.8404,90.8404,69048000,0.00%,367181569,495213129569,6272347.94,0
2041-11-04,90.8404,90.8404,90.8404,90.8404,95130000,0.00%,272051569,495213129569,8641647.25,0
2041-11-05,90.8404,90.8404,90.8404,90.8404,138642000,0.00%,133409569,495213129569,12594294.74,0
2041-11-06,90.8404,90.8404,90.8404,90.8404,81312000,0.00%,52097569,495213129569,7386414.6,0
2041-11-07,90.8404,90.9312,90.9312,90.8404,69048000,0.10%,818324517,496048404517,6278617.5,835274947
2041-11-08,90.9312,90.9312,90.9312,90.9312,84084000,0.00%,734240517,496048404517,7645859.02,0
2041-11-11,90.9312,90.9312,90.9312,90.9312,93828000,0.00%,640412517,496048404517,8531892.63,0
2041-11-12,90.9312,90.9312,90.9312,90.9312,57162000,0.00%,583250517,496048404517,5197809.25,0
2041-11-13,90.9312,90.9312,90.9312,90.9312,128604000,0.00%,454646517,496048404517,11694116.04,0
2041-11-14,90.9312,90.9312,90.9312,90.9312,151368000,0.00%,303278517,496048404517,13764073.88,0
2041-11-15,90.9312,90.9312,90.9312,90.9312,100086000,0.00%,203192517,496048404517,9100940.08,0
2041-11-18,90.9312,90.9312,90.9312,90.9312,81438000,0.00%,121754517,496048404517,7405255.07,0
2041-11-19,90.9312,90.9312,90.9312,90.9312,118692000,0.00%,3062517,496048404517,10792805.99,0
2041-11-20,90.9312,91.0221,91.0221,90.9312,90048000,0.10%,770876947,496906266947,8196358.06,857862430
2041-11-21,91.0221,91.0221,91.0221,91.0221,81144000,0.00%,689732947,496906266947,7385897.28,0
2041-11-22,91.0221,91.0221,91.0221,91.0221,63882000,0.00%,625850947,496906266947,5814673.79,0
2041-11-25,91.0221,91.0221,91.0221,91.0221,61698000,0.00%,564152947,496906266947,5615881.53,0
2041-11-26,91.0221,91.0221,91.0221,91.0221,78666000,0.00%,485486947,496906266947,7160344.52,0
2041-11-27,91.0221,91.0221,91.0221,91.0221,109284000,0.00%,376202947,496906266947,9947259.18,0
2041-11-28,91.0221,91.0221,91.0221,91.0221,71148000,0.00%,305054947,496906266947,6476040.37,0
2041-11-29,91.0221,91.0221,91.0221,91.0221,138138000,0.00%,166916947,496906266947,12573610.85,0
2041-12-02,91.0221,91.0221,91.0221,91.0221,81942000,0.00%,84974947,496906266947,7458532.92,0
2041-12-03,91.0221,91.1132,91.1132,91.0221,149478000,0.10%,831706118,497802476118,13619418.91,896209170
2041-12-04,91.1132,91.1132,91.1132,91.1132,85428000,0.00%,746278118,497802476118,7783618.45,0
2041-12-05,91.1132,91.1132,91.1132,91.1132,74424000,0.00%,671854118,497802476118,6781008.8,0
2041-12-06,91.1132,91.1132,91.1132,91.1132,94500000,0.00%,577354118,497802476118,8610197.4,0
2041-12-09,91.1132,91.1132,91.1132,91.1132,130032000,0.00%,447322118,497802476118,11847631.62,0
2041-12-10,91.1132,91.1132,91.1132,91.1132,97608000,0.00%,349714118,497802476118,8893377.23,0
2041-12-11,91.1132,91.1132,91.1132,91.1132,63714000,0.00%,286000118,497802476118,5805186.42,0
2041-12-12,91.1132,91.1132,91.1132,91.1132,56070000,0.00%,229930118,497802476118,5108717.12,0
2041-12-13,91.1132,91.1132,91.1132,91.1132,63966000,0.00%,165964118,497802476118,5828146.95,0
2041-12-16,91.1132,91.1132,91.1132,91.1132,93408000,0.00%,72556118,497802476118,8510701.79,0
2041-12-17,91.1132,91.1132,91.1132,91.1132,57330000,0.00%,15226118,497802476118,5223519.76,0
2041-12-18,91.1132,91.2043,91.2043,91.1132,56154000,0.10%,888490047,498731894047,5121486.26,929417929
2041-12-19,91.2043,91.2043,91.2043,91.2043,88326000,0.00%,800164047,498731894047,8055711.0,0
2041-12-20,91.2043,91.2043,91.2043,91.2043,118776000,0.00%,681388047,498731894047,10832881.94,0
2041-12-23,91.2043,91.2043,91.2043,91.2043,85722000,0.00%,595666047,498731894047,7818215.0,0
2041-12-24,91.2043,91.2043,91.2043,91.2043,72366000,0.00%,523300047,498731894047,6600090.37,0
2041-12-25,91.2043,91.2043,91.2043,91.2043,58128000,0.00%,465172047,498731894047,5301523.55,0
2041-12-26,91.2043,91.2043,91.2043,91.2043,138390000,0.00%,326782047,498731894047,12621763.08,0
2041-12-27,91.2043,91.2043,91.2043,91.2043,39942000,0.00%,286840047,498731894047,3642882.15,0
2041-12-31,91.2043,91.2043,91.2043,91.2043,79590000,0.00%,207250047,498731894047,7258950.24,0
2042-01-01,91.2043,91.2043,91.2043,91.2043,41237000,0.00%,166013047,498731894047,3760991.72,0
2042-01-02,91.2043,91.2043,91.2043,91.2043,32938000,0.00%,133075047,498731894047,3004087.23,0
2042-01-03,91.2043,91.2043,91.2043,91.2043,42484000,0.00%,90591047,498731894047,3874723.48,0
2042-01-06,91.2043,91.2043,91.2043,91.2043,25886000,0.00%,64705047,498731894047,2360914.51,0
2042-01-07,91.2043,91.2043,91.2043,91.2043,58308000,0.00%,6397047,498731894047,5317940.32,0
2042-01-08,91.2043,91.2955,91.2955,91.2043,137299000,0.10%,801336639,499664132639,12534780.85,932238591
2042-01-09,91.2955,91.2955,91.2955,91.2955,96277000,0.00%,705059639,499664132639,8789656.85,0
2042-01-10,91.2955,91.2955,91.2955,91.2955,89483000,0.00%,615576639,499664132639,8169395.23,0
2042-01-13,91.2955,91.2955,91.2955,91.2955,84108000,0.00%,531468639,499664132639,7678681.91,0
2042-01-14,91.2955,91.2955,91.2955,91.2955,70563000,0.00%,460905639,499664132639,6442084.37,0
2042-01-15,91.2955,91.2955,91.2955,91.2955,121561000,0.00%,339344639,499664132639,11097972.28,0
2042-01-16,91.2955,91.2955,91.2955,91.2955,78733000,0.00%,260611639,499664132639,7187968.6,0
2042-01-17,91.2955,91.2955,91.2955,91.2955,58996000,0.00%,201615639,499664132639,5386069.32,0
2042-01-20,91.2955,91.2955,91.2955,91.2955,54524000,0.00%,147091639,499664132639,4977795.84,0
2042-01-21,91.2955,91.2955,91.2955,91.2955,101222000,0.00%,45869639,499664132639,9241113.1,0
2042-01-22,91.2955,91.3868,91.3868,91.2955,75207000,0.10%,901824293,500595294293,6872927.07,931161654
2042-01-23,91.3868,91.3868,91.3868,91.3868,127022000,0.00%,774802293,500595294293,11608134.11,0
2042-01-24,91.3868,91.3868,91.3868,91.3868,115326000,0.00%,659476293,500595294293,10539274.1,0
2042-01-27,91.3868,91.3868,91.3868,91.3868,63124000,0.00%,596352293,500595294293,5768700.36,0
2042-01-28,91.3868,91.3868,91.3868,91.3868,107500000,0.00%,488852293,500595294293,9824081.0,0
2042-01-29,91.3868,91.3868,91.3868,91.3868,92966000,0.00%,395886293,500595294293,8495865.25,0
2042-01-30,91.3868,91.3868,91.3868,91.3868,88193000,0.00%,307693293,500595294293,8059676.05,0
2042-01-31,91.3868,91.3868,91.3868,91.3868,64629000,0.00%,243064293,500595294293,5906237.5,0
2042-02-03,91.3868,91.3868,91.3868,91.3868,49149000,0.00%,193915293,500595294293,4491569.83,0
2042-02-07,91.3868,91.3868,91.3868,91.3868,68499000,0.00%,125416293,500595294293,6259904.41,0
2042-02-10,91.3868,91.3868,91.3868,91.3868,66134000,0.00%,59282293,500595294293,6043774.63,0
2042-02-11,91.3868,91.4782,91.4782,91.3868,80625000,0.10%,907551298,501524188298,7375429.88,928894004
2042-02-12,91.4782,91.4782,91.4782,91.4782,100491000,0.00%,807060298,501524188298,9192735.8,0
2042-02-13,91.4782,91.4782,91.4782,91.4782,80883000,0.00%,726177298,501524188298,7399031.25,0
2042-02-14,91.4782,91.4782,91.4782,91.4782,66736000,0.00%,659441298,501524188298,6104889.16,0
2042-02-17,91.4782,91.4782,91.4782,91.4782,55298000,0.00%,604143298,501524188298,5058561.5,0
2042-02-18,91.4782,91.4782,91.4782,91.4782,59727000,0.00%,544416298,501524188298,5463718.45,0
2042-02-19,91.4782,91.4782,91.4782,91.4782,52503000,0.00%,491913298,501524188298,4802879.93,0
2042-02-20,91.4782,91.4782,91.4782,91.4782,55556000,0.00%,436357298,501524188298,5082162.88,0
2042-02-21,91.4782,91.4782,91.4782,91.4782,103329000,0.00%,333028298,501524188298,9452350.93,0
2042-02-24,91.4782,91.4782,91.4782,91.4782,197972000,0.00%,135056298,501524188298,18110122.21,0
2042-02-25,91.4782,91.4782,91.4782,91.4782,131408000,0.00%,3648298,501524188298,12020967.31,0
2042-02-26,91.4782,91.5696,91.5696,91.4782,87032000,0.10%,853229035,502460801035,7969485.43,936612737
2042-02-27,91.5696,91.5696,91.5696,91.5696,146071000,0.00%,707158035,502460801035,13375663.04,0
2042-02-28,91.5696,91.5696,91.5696,91.5696,109779000,0.00%,597379035,502460801035,10052419.12,0
2042-03-03,91.5696,91.5696,91.5696,91.5696,115455000,0.00%,481924035,502460801035,10572168.17,0
2042-03-04,91.5696,91.5696,91.5696,91.5696,83033000,0.00%,398891035,502460801035,7603298.6,0
2042-03-05,91.5696,91.5696,91.5696,91.5696,60243000,0.00%,338648035,502460801035,5516427.41,0
2042-03-06,91.5696,91.5696,91.5696,91.5696,85441000,0.00%,253207035,502460801035,7823798.19,0
2042-03-07,91.5696,91.5696,91.5696,91.5696,178665000,0.00%,74542035,502460801035,16360282.58,0
2042-03-10,91.5696,91.6612,91.6612,91.5696,171484000,0.10%,843962850,503401705850,15718429.22,940904814
2042-03-11,91.6612,91.6612,91.6612,91.6612,138718000,0.00%,705244850,503401705850,12715058.34,0
2042-03-12,91.6612,91.6612,91.6612,91.6612,142803000,0.00%,562441850,503401705850,13089494.34,0
2042-03-13,91.6612,91.6612,91.6612,91.6612,103458000,0.00%,458983850,503401705850,9483084.43,0
2042-03-14,91.6612,91.6612,91.6612,91.6612,208292000,0.00%,250691850,503401705850,19092294.67,0
2042-03-17,91.6612,91.7529,91.7529,91.6612,287713000,0.10%,894797709,504333524709,26398502.12,931818859
2042-03-18,91.7529,91.7529,91.7529,91.7529,509120000,0.00%,385677709,504333524709,46713236.45,0
2042-03-19,91.7529,91.8446,91.8446,91.7529,463282000,0.10%,840284539,505251413539,42549949.98,917888829
2042-03-20,91.8446,91.8446,91.8446,91.8446,299667000,0.00%,540617539,505251413539,27522795.75,0
2042-03-21,91.8446,91.8446,91.8446,91.8446,162153000,0.00%,378464539,505251413539,14892877.42,0
2042-03-24,91.8446,91.8446,91.8446,91.8446,132010000,0.00%,246454539,505251413539,12124405.65,0
2042-03-25,91.8446,91.8446,91.8446,91.8446,133343000,0.00%,113111539,505251413539,12246834.5,0
2042-03-26,91.8446,91.9365,91.9365,91.8446,181718000,0.10%,836267380,506156287380,16706516.91,904873841
2042-03-27,91.9365,91.9365,91.9365,91.9365,201799000,0.00%,634468380,506156287380,18552693.76,0
2042-03-28,91.9365,91.9365,91.9365,91.9365,164690000,0.00%,469778380,506156287380,15141022.19,0
2042-03-31,91.9365,91.9365,91.9365,91.9365,115799000,0.00%,353979380,506156287380,10646154.76,0
2042-04-01,91.9365,91.9365,91.9365,91.9365,89870000,0.00%,264109380,506156287380,8262333.26,0
2042-04-02,91.9365,91.9365,91.9365,91.9365,115885000,0.00%,148224380,506156287380,10654061.3,0
2042-04-03,91.9365,91.9365,91.9365,91.9365,62737000,0.00%,85487380,506156287380,5767820.2,0
2042-04-04,91.9365,91.9365,91.9365,91.9365,62350000,0.00%,23137380,506156287380,5732240.78,0
2042-04-07,91.9365,92.0284,92.0284,91.9365,67381000,0.10%,846894138,507047425138,6200965.62,891137758
2042-04-09,92.0284,92.0284,92.0284,92.0284,73659000,0.00%,773235138,507047425138,6778719.92,0
2042-04-10,92.0284,92.0284,92.0284,92.0284,68241000,0.00%,704994138,507047425138,6280110.04,0
2042-04-11,92.0284,92.0284,92.0284,92.0284,84280000,0.00%,620714138,507047425138,7756153.55,0
2042-04-14,92.0284,92.0284,92.0284,92.0284,97997000,0.00%,522717138,507047425138,9018507.11,0
2042-04-15,92.0284,92.0284,92.0284,92.0284,113563000,0.00%,409154138,507047425138,10451021.19,0
2042-04-16,92.0284,92.0284,92.0284,92.0284,93052000,0.00%,316102138,507047425138,8563426.68,0
2042-04-17,92.0284,92.0284,92.0284,92.0284,65188000,0.00%,250914138,507047425138,5999147.34,0
2042-04-22,92.0284,92.0284,92.0284,92.0284,76282000,0.00%,174632138,507047425138,7020110.41,0
2042-04-23,92.0284,92.0284,92.0284,92.0284,46655000,0.00%,127977138,507047425138,4293585.0,0
2042-04-24,92.0284,92.0284,92.0284,92.0284,110682000,0.00%,17295138,507047425138,10185887.37,0
2042-04-25,92.0284,92.1204,92.1204,92.0284,120529000,0.10%,797043595,507947702595,11103179.69,900277456
2042-04-28,92.1204,92.1204,92.1204,92.1204,110897000,0.00%,686146595,507947702595,10215876.0,0
2042-04-29,92.1204,92.1204,92.1204,92.1204,117347000,0.00%,568799595,507947702595,10810052.58,0
2042-04-30,92.1204,92.1204,92.1204,92.1204,100663000,0.00%,468136595,507947702595,9273115.83,0
2042-05-01,92.1204,92.1204,92.1204,92.1204,91289000,0.00%,376847595,507947702595,8409579.2,0
2042-05-02,92.1204,92.1204,92.1204,92.1204,204121000,0.00%,172726595,507947702595,18803708.17,0
2042-05-06,92.1204,92.1204,92.1204,92.1204,109951000,0.00%,62775595,507947702595,10128730.1,0
2042-05-07,92.1204,92.1204,92.1204,92.1204,60630000,0.00%,2145595,507947702595,5585259.85,0
2042-05-08,92.1204,92.2125,92.2125,92.1204,91977000,0.10%,814491490,508852025490,8481429.11,904322894
2042-05-09,92.2125,92.2125,92.2125,92.2125,98556000,0.00%,715935490,508852025490,9088095.15,0
2042-05-13,92.2125,92.2125,92.2125,92.2125,122120000,0.00%,593815490,508852025490,11260990.5,0
2042-05-14,92.2125,92.2125,92.2125,92.2125,104705000,0.00%,489110490,508852025490,9655109.81,0
2042-05-15,92.2125,92.2125,92.2125,92.2125,86086000,0.00%,403024490,508852025490,7938205.28,0
2042-05-16,92.2125,92.2125,92.2125,92.2125,83807000,0.00%,319217490,508852025490,7728052.99,0
2042-05-19,92.2125,92.2125,92.2125,92.2125,66908000,0.00%,252309490,508852025490,6169753.95,0
2042-05-20,92.2125,92.2125,92.2125,92.2125,129516000,0.00%,122793490,508852025490,11942994.15,0
2042-05-21,92.2125,92.2125,92.2125,92.2125,121862000,0.00%,931490,508852025490,11237199.68,0
2042-05-22,92.2125,92.3048,92.3048,92.2125,258645000,0.10%,640763773,509750502773,23874175.0,898477282
2042-05-23,92.3048,92.3048,92.3048,92.3048,121819000,0.00%,518944773,509750502773,11244478.43,0
2042-05-26,92.3048,92.3048,92.3048,92.3048,73229000,0.00%,445715773,509750502773,6759388.2,0
2042-05-27,92.3048,92.3048,92.3048,92.3048,84710000,0.00%,361005773,509750502773,7819139.61,0
2042-05-28,92.3048,92.3048,92.3048,92.3048,92665000,0.00%,268340773,509750502773,8553424.29,0
2042-05-29,92.3048,92.3048,92.3048,92.3048,79550000,0.00%,188790773,509750502773,7342846.84,0
2042-05-30,92.3048,92.3048,92.3048,92.3048,89268000,0.00%,99522773,509750502773,8239864.89,0
2042-06-02,92.3048,92.3048,92.3048,92.3048,95890000,0.00%,3632773,509750502773,8851107.27,0
2042-06-03,92.3048,92.3971,92.3971,92.3048,278468000,0.10%,639458018,510664796018,25729635.64,914293245
2042-06-04,92.3971,92.3971,92.3971,92.3971,115756000,0.00%,523702018,510664796018,10695518.71,0
2042-06-05,92.3971,92.3971,92.3971,92.3971,60974000,0.00%,462728018,510664796018,5633820.78,0
2042-06-09,92.3971,92.3971,92.3971,92.3971,102770000,0.00%,359958018,510664796018,9495649.97,0
2042-06-10,92.3971,92.3971,92.3971,92.3971,116487000,0.00%,243471018,510664796018,10763060.99,0
2042-06-11,92.3971,92.3971,92.3971,92.3971,204164000,0.00%,39307018,510664796018,18864161.52,0
2042-06-12,92.3971,92.4895,92.4895,92.3971,168345000,0.10%,792236025,511586070025,15570144.88,921274007
2042-06-13,92.4895,92.4895,92.4895,92.4895,127968000,0.00%,664268025,511586070025,11835696.34,0
2042-06-16,92.4895,92.4895,92.4895,92.4895,107242000,0.00%,557026025,511586070025,9918758.96,0
2042-06-17,92.4895,92.4895,92.4895,92.4895,70133000,0.00%,486893025,511586070025,6486566.1,0
2042-06-18,92.4895,92.4895,92.4895,92.4895,91332000,0.00%,395561025,511586070025,8447251.01,0
2042-06-19,92.4895,92.4895,92.4895,92.4895,95202000,0.00%,300359025,511586070025,8805185.38,0
2042-06-20,92.4895,92.4895,92.4895,92.4895,83764000,0.00%,216595025,511586070025,7747290.48,0
2042-06-23,92.4895,92.4895,92.4895,92.4895,50052000,0.00%,166543025,511586070025,4629284.45,0
2042-06-24,92.4895,92.4895,92.4895,92.4895,64543000,0.00%,102000025,511586070025,5969549.8,0
2042-06-25,92.4895,92.4895,92.4895,92.4895,58953000,0.00%,43047025,511586070025,5452533.49,0
2042-06-26,92.4895,92.5819,92.5819,92.4895,54266000,0.10%,993382420,512590671420,5024049.39,1004601395
2042-06-27,92.5819,92.5819,92.5819,92.5819,78260000,0.00%,915122420,512590671420,7245459.49,0
2042-06-30,92.5819,92.5819,92.5819,92.5819,246820000,0.00%,668302420,512590671420,22851064.56,0
2042-07-01,92.5819,92.5819,92.5819,92.5819,251937000,0.00%,416365420,512590671420,23324806.14,0
2042-07-02,92.5819,92.5819,92.5819,92.5819,150414000,0.00%,265951420,512590671420,13925613.91,0
2042-07-03,92.5819,92.5819,92.5819,92.5819,143577000,0.00%,122374420,512590671420,13292631.46,0
2042-07-07,92.5819,92.6745,92.6745,92.5819,165378000,0.10%,970048875,513603723875,15326323.46,1013052455
2042-07-08,92.6745,92.6745,92.6745,92.6745,83807000,0.00%,886241875,513603723875,7766771.82,0
2042-07-09,92.6745,92.6745,92.6745,92.6745,106726000,0.00%,779515875,513603723875,9890778.69,0
2042-07-10,92.6745,92.6745,92.6745,92.6745,81657000,0.00%,697858875,513603723875,7567521.65,0
2042-07-11,92.6745,92.6745,92.6745,92.6745,80625000,0.00%,617233875,513603723875,7471881.56,0
2042-07-14,92.6745,92.6745,92.6745,92.6745,88580000,0.00%,528653875,513603723875,8209107.21,0
2042-07-15,92.6745,92.6745,92.6745,92.6745,74433000,0.00%,454220875,513603723875,6898041.06,0
2042-07-16,92.6745,92.6745,92.6745,92.6745,73659000,0.00%,380561875,513603723875,6826311.0,0
2042-07-17,92.6745,92.6745,92.6745,92.6745,72111000,0.00%,308450875,513603723875,6682850.87,0
2042-07-18,92.6745,92.6745,92.6745,92.6745,113219000,0.00%,195231875,513603723875,10492514.22,0
2042-07-21,92.6745,92.6745,92.6745,92.6745,87591000,0.00%,107640875,513603723875,8117452.13,0
2042-07-22,92.6745,92.6745,92.6745,92.6745,54438000,0.00%,53202875,513603723875,5045014.43,0
2042-07-23,92.6745,92.7672,92.7672,92.6745,68714000,0.10%,986373710,514605608710,6374405.38,1001884834
2042-07-24,92.7672,92.7672,92.7672,92.7672,82173000,0.00%,904200710,514605608710,7622959.13,0
2042-07-25,92.7672,92.7672,92.7672,92.7672,64844000,0.00%,839356710,514605608710,6015396.32,0
2042-07-28,92.7672,92.7672,92.7672,92.7672,72455000,0.00%,766901710,514605608710,6721447.48,0
2042-07-29,92.7672,92.7672,92.7672,92.7672,59598000,0.00%,707303710,514605608710,5528739.59,0
2042-07-30,92.7672,92.7672,92.7672,92.7672,85226000,0.00%,622077710,514605608710,7906177.39,0
2042-07-31,92.7672,92.7672,92.7672,92.7672,66005000,0.00%,556072710,514605608710,6123099.04,0
2042-08-01,92.7672,92.7672,92.7672,92.7672,159917000,0.00%,396155710,514605608710,14835052.32,0
2042-08-04,92.7672,92.7672,92.7672,92.7672,171957000,0.00%,224198710,514605608710,15951969.41,0
2042-08-05,92.7672,92.7672,92.7672,92.7672,183567000,0.00%,40631710,514605608710,17028996.6,0
2042-08-06,92.7672,92.86,92.86,92.7672,117820000,0.10%,909158888,515591955888,10940765.2,986347178
2042-08-07,92.86,92.86,92.86,92.86,85097000,0.00%,824061888,515591955888,7902107.42,0
2042-08-08,92.86,92.86,92.86,92.86,70692000,0.00%,753369888,515591955888,6564459.12,0
2042-08-11,92.86,92.86,92.86,92.86,64715000,0.00%,688654888,515591955888,6009434.9,0
2042-08-12,92.86,92.86,92.86,92.86,61017000,0.00%,627637888,515591955888,5666038.62,0
2042-08-13,92.86,92.86,92.86,92.86,66048000,0.00%,561589888,515591955888,6133217.28,0
2042-08-14,92.86,92.86,92.86,92.86,63898000,0.00%,497691888,515591955888,5933568.28,0
2042-08-15,92.86,92.86,92.86,92.86,47214000,0.00%,450477888,515591955888,4384292.04,0
2042-08-18,92.86,92.86,92.86,92.86,49966000,0.00%,400511888,515591955888,4639842.76,0
2042-08-19,92.86,92.86,92.86,92.86,101179000,0.00%,299332888,515591955888,9395481.94,0
2042-08-20,92.86,92.86,92.86,92.86,75766000,0.00%,223566888,515591955888,7035630.76,0
2042-08-21,92.86,92.86,92.86,92.86,138503000,0.00%,85063888,515591955888,12861388.58,0
2042-08-22,92.86,92.9528,92.9528,92.86,100061000,0.10%,978317236,516585270236,9300950.12,993314347
2042-08-25,92.9528,92.9528,92.9528,92.9528,63554000,0.00%,914763236,516585270236,5907522.25,0
2042-08-26,92.9528,92.9528,92.9528,92.9528,58179000,0.00%,856584236,516585270236,5407900.95,0
2042-08-27,92.9528,92.9528,92.9528,92.9528,56115000,0.00%,800469236,516585270236,5216046.37,0
2042-08-28,92.9528,92.9528,92.9528,92.9528,83592000,0.00%,716877236,516585270236,7770110.46,0
2042-08-29,92.9528,92.9528,92.9528,92.9528,79894000,0.00%,636983236,516585270236,7426371.0,0
2042-09-01,92.9528,92.9528,92.9528,92.9528,53277000,0.00%,583706236,516585270236,4952246.33,0
2042-09-02,92.9528,92.9528,92.9528,92.9528,60372000,0.00%,523334236,516585270236,5611746.44,0
2042-09-03,92.9528,92.9528,92.9528,92.9528,112703000,0.00%,410631236,516585270236,10476059.42,0
2042-09-04,92.9528,92.9528,92.9528,92.9528,102899000,0.00%,307732236,516585270236,9564750.17,0
2042-09-05,92.9528,92.9528,92.9528,92.9528,109607000,0.00%,198125236,516585270236,10188277.55,0
2042-09-08,92.9528,92.9528,92.9528,92.9528,87591000,0.00%,110534236,516585270236,8141828.7,0
2042-09-09,92.9528,92.9528,92.9528,92.9528,69789000,0.00%,40745236,516585270236,6487082.96,0
2042-09-10,92.9528,93.0458,93.0458,92.9528,65274000,0.10%,975676547,517585475547,6073471.55,1000205310
2042-09-11,93.0458,93.0458,93.0458,93.0458,101351000,0.00%,874325547,517585475547,9430284.88,0
2042-09-12,93.0458,93.0458,93.0458,93.0458,73788000,0.00%,800537547,517585475547,6865663.49,0
2042-09-16,93.0458,93.0458,93.0458,93.0458,73831000,0.00%,726706547,517585475547,6869664.46,0
2042-09-17,93.0458,93.0458,93.0458,93.0458,77357000,0.00%,649349547,517585475547,7197743.95,0
2042-09-18,93.0458,93.0458,93.0458,93.0458,57276000,0.00%,592073547,517585475547,5329291.24,0
2042-09-19,93.0458,93.0458,93.0458,93.0458,107242000,0.00%,484831547,517585475547,9978417.68,0
2042-09-22,93.0458,93.0458,93.0458,93.0458,98556000,0.00%,386275547,517585475547,9170221.86,0
2042-09-23,93.0458,93.0458,93.0458,93.0458,65102000,0.00%,321173547,517585475547,6057467.67,0
2042-09-24,93.0458,93.0458,93.0458,93.0458,69187000,0.00%,251986547,517585475547,6437559.76,0
2042-09-25,93.0458,93.0458,93.0458,93.0458,75422000,0.00%,176564547,517585475547,7017700.33,0
2042-09-26,93.0458,93.0458,93.0458,93.0458,84581000,0.00%,91983547,517585475547,7869906.81,0
2042-09-29,93.0458,93.1388,93.1388,93.0458,105995000,0.10%,990794353,518590281353,9872247.11,1004805805
2042-09-30,93.1388,93.1388,93.1388,93.1388,97739000,0.00%,893055353,518590281353,9103293.17,0
2042-10-01,93.1388,93.1388,93.1388,93.1388,95288000,0.00%,797767353,518590281353,8875009.97,0
2042-10-02,93.1388,93.1388,93.1388,93.1388,86688000,0.00%,711079353,518590281353,8074016.29,0
2042-10-03,93.1388,93.1388,93.1388,93.1388,96578000,0.00%,614501353,518590281353,8995159.03,0
2042-10-06,93.1388,93.1388,93.1388,93.1388,60157000,0.00%,554344353,518590281353,5602950.79,0
2042-10-08,93.1388,93.1388,93.1388,93.1388,78002000,0.00%,476342353,518590281353,7265012.68,0
2042-10-09,93.1388,93.1388,93.1388,93.1388,44591000,0.00%,431751353,518590281353,4153152.23,0
2042-10-10,93.1388,93.1388,93.1388,93.1388,42914000,0.00%,388837353,518590281353,3996958.46,0
2042-10-13,93.1388,93.1388,93.1388,93.1388,67424000,0.00%,321413353,518590281353,6279790.45,0
2042-10-14,93.1388,93.1388,93.1388,93.1388,91676000,0.00%,229737353,518590281353,8538592.63,0
2042-10-15,93.1388,93.1388,93.1388,93.1388,137729000,0.00%,92008353,518590281353,12827913.79,0
2042-10-16,93.1388,93.232,93.232,93.1388,95288000,0.10%,1004586576,519598147576,8883890.82,1007866223
2042-10-17,93.232,93.232,93.232,93.232,135278000,0.00%,869308576,519598147576,12612238.5,0
2042-10-20,93.232,93.232,93.232,93.232,113176000,0.00%,756132576,519598147576,10551624.83,0
2042-10-21,93.232,93.232,93.232,93.232,95159000,0.00%,660973576,519598147576,8871863.89,0
2042-10-22,93.232,93.232,93.232,93.232,90128000,0.00%,570845576,519598147576,8402813.7,0
2042-10-23,93.232,93.232,93.232,93.232,212463000,0.00%,358382576,519598147576,19808350.42,0
2042-10-24,93.232,93.232,93.232,93.232,114165000,0.00%,244217576,519598147576,10643831.28,0
2042-10-27,93.232,93.3252,93.3252,93.232,365801000,0.10%,866881737,520586612737,34138451.49,988465161
2042-10-28,93.3252,93.3252,93.3252,93.3252,313986000,0.00%,552895737,520586612737,29302806.25,0
2042-10-29,93.3252,93.3252,93.3252,93.3252,216505000,0.00%,336390737,520586612737,20205372.43,0
2042-10-30,93.3252,93.3252,93.3252,93.3252,183696000,0.00%,152694737,520586612737,17143465.94,0
2042-10-31,93.3252,93.4185,93.4185,93.3252,175569000,0.10%,957005173,521566492173,16401392.63,979879435
2042-11-03,93.4185,93.4185,93.4185,93.4185,212893000,0.00%,744112173,521566492173,19888144.72,0
2042-11-04,93.4185,93.4185,93.4185,93.4185,334712000,0.00%,409400173,521566492173,31268292.97,0
2042-11-05,93.4185,93.4185,93.4185,93.4185,151145000,0.00%,258255173,521566492173,14119739.18,0
2042-11-06,93.4185,93.4185,93.4185,93.4185,131709000,0.00%,126546173,521566492173,12304057.22,0
2042-11-07,93.4185,93.5119,93.5119,93.4185,288788000,0.10%,798987306,522527721306,27005114.58,961229132
2042-11-10,93.5119,93.5119,93.5119,93.5119,189114000,0.00%,609873306,522527721306,17684409.46,0
2042-11-11,93.5119,93.5119,93.5119,93.5119,101222000,0.00%,508651306,522527721306,9465461.54,0
2042-11-12,93.5119,93.5119,93.5119,93.5119,136138000,0.00%,372513306,522527721306,12730523.04,0
2042-11-13,93.5119,93.5119,93.5119,93.5119,100018000,0.00%,272495306,522527721306,9352873.21,0
2042-11-14,93.5119,93.5119,93.5119,93.5119,227943000,0.00%,44552306,522527721306,21315383.02,0
2042-11-17,93.5119,93.6055,93.6055,93.5119,208120000,0.10%,771574122,523462863122,19481176.66,935141816
2042-11-18,93.6055,93.6055,93.6055,93.6055,271330000,0.00%,500244122,523462863122,25397980.32,0
2042-11-19,93.6055,93.6055,93.6055,93.6055,265697000,0.00%,234547122,523462863122,24870700.53,0
2042-11-20,93.6055,93.6991,93.6991,93.6055,300226000,0.10%,847377349,524375919349,28130906.0,913056227
2042-11-21,93.6991,93.6991,93.6991,93.6991,192468000,0.00%,654909349,524375919349,18034078.38,0
2042-11-24,93.6991,93.6991,93.6991,93.6991,134633000,0.00%,520276349,524375919349,12614990.93,0
2042-11-25,93.6991,93.6991,93.6991,93.6991,122378000,0.00%,397898349,524375919349,11466708.46,0
2042-11-26,93.6991,93.6991,93.6991,93.6991,100534000,0.00%,297364349,524375919349,9419945.32,0
2042-11-27,93.6991,93.6991,93.6991,93.6991,73831000,0.00%,223533349,524375919349,6917898.25,0
2042-11-28,93.6991,93.6991,93.6991,93.6991,134676000,0.00%,88857349,524375919349,12619019.99,0
2042-12-01,93.6991,93.7928,93.7928,93.6991,144050000,0.10%,837351711,525268463711,13510852.84,892544361
2042-12-02,93.7928,93.7928,93.7928,93.7928,142502000,0.00%,694849711,525268463711,13365661.59,0
2042-12-03,93.7928,93.7928,93.7928,93.7928,200509000,0.00%,494340711,525268463711,18806300.54,0
2042-12-04,93.7928,93.7928,93.7928,93.7928,195865000,0.00%,298475711,525268463711,18370726.77,0
2042-12-05,93.7928,93.7928,93.7928,93.7928,107887000,0.00%,190588711,525268463711,10119023.81,0
2042-12-08,93.7928,93.8866,93.8866,93.7928,257269000,0.10%,814190782,526149334782,24154111.7,880871071
2042-12-09,93.8866,93.8866,93.8866,93.8866,124958000,0.00%,689232782,526149334782,11731881.76,0
2042-12-10,93.8866,93.8866,93.8866,93.8866,176773000,0.00%,512459782,526149334782,16596615.94,0
2042-12-11,93.8866,93.8866,93.8866,93.8866,146587000,0.00%,365872782,526149334782,13762555.03,0
2042-12-12,93.8866,93.8866,93.8866,93.8866,173720000,0.00%,192152782,526149334782,16309980.15,0
2042-12-15,93.8866,93.8866,93.8866,93.8866,88193000,0.00%,103959782,526149334782,8280140.91,0
2042-12-16,93.8866,93.8866,93.8866,93.8866,87333000,0.00%,16626782,526149334782,8199398.44,0
2042-12-17,93.8866,93.9804,93.9804,93.8866,104232000,0.10%,773042709,527009982709,9795765.05,860647926
2042-12-18,93.9804,93.9804,93.9804,93.9804,81528000,0.00%,691514709,527009982709,7662034.05,0
2042-12-19,93.9804,93.9804,93.9804,93.9804,108059000,0.00%,583455709,527009982709,10155428.04,0
2042-12-22,93.9804,93.9804,93.9804,93.9804,107070000,0.00%,476385709,527009982709,10062481.43,0
2042-12-23,93.9804,93.9804,93.9804,93.9804,124958000,0.00%,351427709,527009982709,11743602.82,0
2042-12-24,93.9804,93.9804,93.9804,93.9804,65876000,0.00%,285551709,527009982709,6191052.83,0
2042-12-25,93.9804,93.9804,93.9804,93.9804,104275000,0.00%,181276709,527009982709,9799806.21,0
2042-12-26,93.9804,93.9804,93.9804,93.9804,66650000,0.00%,114626709,527009982709,6263793.66,0
2042-12-31,93.9804,93.9804,93.9804,93.9804,104017000,0.00%,10609709,527009982709,9775559.27,0
2043-01-01,93.9804,94.0744,94.0744,93.9804,132396000,0.10%,718582926,527850351927,12455074.26,840369217
2043-01-02,94.0744,94.0744,94.0744,94.0744,119724000,0.00%,598858926,527850351927,11262963.47,0
2043-01-06,94.0744,94.0744,94.0744,94.0744,131824000,0.00%,467034926,527850351927,12401263.71,0
2043-01-07,94.0744,94.0744,94.0744,94.0744,164692000,0.00%,302342926,527850351927,15493301.08,0
2043-01-08,94.0744,94.0744,94.0744,94.0744,179520000,0.00%,122822926,527850351927,16888236.29,0
2043-01-09,94.0744,94.0744,94.0744,94.0744,119196000,0.00%,3626926,527850351927,11213292.18,0
2043-01-12,94.0744,94.1685,94.1685,94.0744,124608000,0.10%,710296480,528681629480,11734148.45,831277553
2043-01-13,94.1685,94.1685,94.1685,94.1685,87340000,0.00%,622956480,528681629480,8224676.79,0
2043-01-14,94.1685,94.1685,94.1685,94.1685,157168000,0.00%,465788480,528681629480,14800274.81,0
2043-01-15,94.1685,94.1685,94.1685,94.1685,178420000,0.00%,287368480,528681629480,16801543.77,0
2043-01-16,94.1685,94.1685,94.1685,94.1685,92268000,0.00%,195100480,528681629480,8688739.16,0
2043-01-19,94.1685,94.1685,94.1685,94.1685,87956000,0.00%,107144480,528681629480,8282684.59,0
2043-01-20,94.1685,94.1685,94.1685,94.1685,70840000,0.00%,36304480,528681629480,6670896.54,0
2043-01-21,94.1685,94.2627,94.2627,94.1685,119328000,0.10%,706375450,529471028450,11248179.47,789398969
2043-01-22,94.2627,94.2627,94.2627,94.2627,76340000,0.00%,630035450,529471028450,7196014.52,0
2043-01-23,94.2627,94.2627,94.2627,94.2627,74184000,0.00%,555851450,529471028450,6992784.14,0
2043-01-29,94.2627,94.2627,94.2627,94.2627,104412000,0.00%,451439450,529471028450,9842157.03,0
2043-01-30,94.2627,94.2627,94.2627,94.2627,81972000,0.00%,369467450,529471028450,7726902.04,0
2043-02-02,94.2627,94.2627,94.2627,94.2627,235972000,0.00%,133495450,529471028450,22243357.84,0
2043-02-03,94.2627,94.3569,94.3569,94.2627,245344000,0.10%,700943167,530283820167,23149899.27,812791717
2043-02-04,94.3569,94.3569,94.3569,94.3569,138248000,0.00%,562695167,530283820167,13044652.71,0
2043-02-05,94.3569,94.3569,94.3569,94.3569,104544000,0.00%,458151167,530283820167,9864447.75,0
2043-02-06,94.3569,94.3569,94.3569,94.3569,114136000,0.00%,344015167,530283820167,10769519.14,0
2043-02-09,94.3569,94.3569,94.3569,94.3569,112596000,0.00%,231419167,530283820167,10624209.51,0
2043-02-10,94.3569,94.3569,94.3569,94.3569,87120000,0.00%,144299167,530283820167,8220373.13,0
2043-02-11,94.3569,94.3569,94.3569,94.3569,75988000,0.00%,68311167,530283820167,7169992.12,0
2043-02-12,94.3569,94.4513,94.4513,94.3569,117304000,0.10%,786267001,531119080001,11079515.3,835259833
2043-02-13,94.4513,94.4513,94.4513,94.4513,108284000,0.00%,677983001,531119080001,10227564.57,0
2043-02-16,94.4513,94.4513,94.4513,94.4513,89584000,0.00%,588399001,531119080001,8461325.26,0
2043-02-17,94.4513,94.4513,94.4513,94.4513,78892000,0.00%,509507001,531119080001,7451451.96,0
2043-02-18,94.4513,94.4513,94.4513,94.4513,72600000,0.00%,436907001,531119080001,6857164.38,0
2043-02-19,94.4513,94.4513,94.4513,94.4513,96404000,0.00%,340503001,531119080001,9105483.13,0
2043-02-20,94.4513,94.4513,94.4513,94.4513,77968000,0.00%,262535001,531119080001,7364178.96,0
2043-02-23,94.4513,94.4513,94.4513,94.4513,54164000,0.00%,208371001,531119080001,5115860.21,0
2043-02-24,94.4513,94.4513,94.4513,94.4513,128964000,0.00%,79407001,531119080001,12180817.45,0
2043-02-25,94.4513,94.5457,94.5457,94.4513,145860000,0.10%,802815758,531988348758,13790435.8,869268757
2043-02-26,94.5457,94.5457,94.5457,94.5457,85492000,0.00%,717323758,531988348758,8082900.98,0
2043-02-27,94.5457,94.5457,94.5457,94.5457,107448000,0.00%,609875758,531988348758,10158746.37,0
2043-03-02,94.5457,94.5457,94.5457,94.5457,90112000,0.00%,519763758,531988348758,8519702.12,0
2043-03-03,94.5457,94.5457,94.5457,94.5457,114444000,0.00%,405319758,531988348758,10820188.09,0
2043-03-04,94.5457,94.5457,94.5457,94.5457,156684000,0.00%,248635758,531988348758,14813798.46,0
2043-03-05,94.5457,94.5457,94.5457,94.5457,65120000,0.00%,183515758,531988348758,6156815.98,0
2043-03-06,94.5457,94.5457,94.5457,94.5457,78232000,0.00%,105283758,531988348758,7396499.2,0
2043-03-09,94.5457,94.5457,94.5457,94.5457,55572000,0.00%,49711758,531988348758,5254093.64,0
2043-03-10,94.5457,94.6403,94.6403,94.5457,74976000,0.10%,851281031,532864894031,7095751.13,876545272
2043-03-11,94.6403,94.6403,94.6403,94.6403,93324000,0.00%,757957031,532864894031,8832211.36,0
2043-03-12,94.6403,94.6403,94.6403,94.6403,75988000,0.00%,681969031,532864894031,7191527.12,0
2043-03-13,94.6403,94.6403,94.6403,94.6403,165440000,0.00%,516529031,532864894031,15657291.23,0
2043-03-16,94.6403,94.6403,94.6403,94.6403,119372000,0.00%,397157031,532864894031,11297401.89,0
2043-03-17,94.6403,94.6403,94.6403,94.6403,93808000,0.00%,303349031,532864894031,8878017.26,0
2043-03-18,94.6403,94.6403,94.6403,94.6403,72908000,0.00%,230441031,532864894031,6900034.99,0
2043-03-19,94.6403,94.6403,94.6403,94.6403,104412000,0.00%,126029031,532864894031,9881583.0,0
2043-03-20,94.6403,94.7349,94.7349,94.6403,127732000,0.10%,896790276,533763387276,12100678.25,898493245
2043-03-23,94.7349,94.7349,94.7349,94.7349,89936000,0.00%,806854276,533763387276,8520077.97,0
2043-03-24,94.7349,94.7349,94.7349,94.7349,93632000,0.00%,713222276,533763387276,8870218.16,0
2043-03-25,94.7349,94.7349,94.7349,94.7349,86460000,0.00%,626762276,533763387276,8190779.45,0
2043-03-26,94.7349,94.7349,94.7349,94.7349,206140000,0.00%,420622276,533763387276,19528652.29,0
2043-03-27,94.7349,94.7349,94.7349,94.7349,146168000,0.00%,274454276,533763387276,13847210.86,0
2043-03-30,94.7349,94.7349,94.7349,94.7349,113520000,0.00%,160934276,533763387276,10754305.85,0
2043-03-31,94.7349,94.7349,94.7349,94.7349,137896000,0.00%,23038276,533763387276,13063563.77,0
2043-04-01,94.7349,94.8297,94.8297,94.7349,158840000,0.10%,763883733,534663072733,15062749.55,899685457
2043-04-02,94.8297,94.8297,94.8297,94.8297,111056000,0.00%,652827733,534663072733,10531407.16,0
2043-04-03,94.8297,94.8297,94.8297,94.8297,114224000,0.00%,538603733,534663072733,10831827.65,0
2043-04-06,94.8297,94.8297,94.8297,94.8297,82588000,0.00%,456015733,534663072733,7831795.26,0
2043-04-07,94.8297,94.8297,94.8297,94.8297,62700000,0.00%,393315733,534663072733,5945822.19,0
2043-04-09,94.8297,94.8297,94.8297,94.8297,65780000,0.00%,327535733,534663072733,6237897.67,0
2043-04-14,94.8297,94.8297,94.8297,94.8297,96492000,0.00%,231043733,534663072733,9150307.41,0
2043-04-15,94.8297,94.8297,94.8297,94.8297,178068000,0.00%,52975733,534663072733,16886135.02,0
2043-04-16,94.8297,94.9245,94.9245,94.8297,109824000,0.10%,858779507,535578700507,10424988.29,915627773
2043-04-17,94.9245,94.9245,94.9245,94.9245,56056000,0.00%,802723507,535578700507,5321087.77,0
2043-04-20,94.9245,94.9245,94.9245,94.9245,69124000,0.00%,733599507,535578700507,6561561.14,0
2043-04-21,94.9245,94.9245,94.9245,94.9245,60236000,0.00%,673363507,535578700507,5717872.18,0
2043-04-22,94.9245,94.9245,94.9245,94.9245,71632000,0.00%,601731507,535578700507,6799631.78,0
2043-04-23,94.9245,94.9245,94.9245,94.9245,46332000,0.00%,555399507,535578700507,4398041.93,0
2043-04-24,94.9245,94.9245,94.9245,94.9245,72688000,0.00%,482711507,535578700507,6899872.06,0
2043-04-27,94.9245,94.9245,94.9245,94.9245,90068000,0.00%,392643507,535578700507,8549659.87,0
2043-04-28,94.9245,94.9245,94.9245,94.9245,92180000,0.00%,300463507,535578700507,8750140.41,0
2043-04-29,94.9245,94.9245,94.9245,94.9245,110088000,0.00%,190375507,535578700507,10450048.36,0
2043-04-30,94.9245,94.9245,94.9245,94.9245,64944000,0.00%,125431507,535578700507,6164776.73,0
2043-05-01,94.9245,94.9245,94.9245,94.9245,67716000,0.00%,57715507,535578700507,6427907.44,0
2043-05-05,94.9245,94.9245,94.9245,94.9245,38060000,0.00%,19655507,535578700507,3612826.47,0
2043-05-06,94.9245,95.0194,95.0194,94.9245,46420000,0.10%,917115528,536522580528,4410800.55,943880021
2043-05-07,95.0194,95.0194,95.0194,95.0194,77352000,0.00%,839763528,536522580528,7349940.63,0
2043-05-08,95.0194,95.0194,95.0194,95.0194,65164000,0.00%,774599528,536522580528,6191844.18,0
2043-05-11,95.0194,95.0194,95.0194,95.0194,47168000,0.00%,727431528,536522580528,4481875.06,0
2043-05-12,95.0194,95.0194,95.0194,95.0194,103576000,0.00%,623855528,536522580528,9841729.37,0
2043-05-13,95.0194,95.0194,95.0194,95.0194,68508000,0.00%,555347528,536522580528,6509589.06,0
2043-05-14,95.0194,95.0194,95.0194,95.0194,77308000,0.00%,478039528,536522580528,7345759.78,0
2043-05-15,95.0194,95.0194,95.0194,95.0194,79156000,0.00%,398883528,536522580528,7521355.63,0
2043-05-18,95.0194,95.0194,95.0194,95.0194,104456000,0.00%,294427528,536522580528,9925346.45,0
2043-05-19,95.0194,95.0194,95.0194,95.0194,62128000,0.00%,232299528,536522580528,5903365.28,0
2043-05-20,95.0194,95.0194,95.0194,95.0194,86064000,0.00%,146235528,536522580528,8177749.64,0
2043-05-21,95.0194,95.1144,95.1144,95.0194,151404000,0.10%,944785207,537472534207,14400700.62,949953678
2043-05-22,95.1144,95.1144,95.1144,95.1144,99836000,0.00%,844949207,537472534207,9495841.24,0
2043-05-25,95.1144,95.1144,95.1144,95.1144,88176000,0.00%,756773207,537472534207,8386807.33,0
2043-05-26,95.1144,95.1144,95.1144,95.1144,66088000,0.00%,690685207,537472534207,6285920.47,0
2043-05-27,95.1144,95.1144,95.1144,95.1144,59620000,0.00%,631065207,537472534207,5670720.53,0
2043-05-28,95.1144,95.1144,95.1144,95.1144,114532000,0.00%,516533207,537472534207,10893642.46,0
2043-06-01,95.1144,95.1144,95.1144,95.1144,126896000,0.00%,389637207,537472534207,12069636.9,0
2043-06-02,95.1144,95.1144,95.1144,95.1144,95656000,0.00%,293981207,537472534207,9098263.05,0
2043-06-03,95.1144,95.1144,95.1144,95.1144,141372000,0.00%,152609207,537472534207,13446512.96,0
2043-06-04,95.1144,95.1144,95.1144,95.1144,100980000,0.00%,51629207,537472534207,9604652.11,0
2043-06-05,95.1144,95.2095,95.2095,95.1144,141064000,0.10%,863967907,538425936907,13430632.91,953402700
2043-06-08,95.2095,95.2095,95.2095,95.2095,87516000,0.00%,776451907,538425936907,8332354.6,0
2043-06-09,95.2095,95.2095,95.2095,95.2095,73480000,0.00%,702971907,538425936907,6995994.06,0
2043-06-10,95.2095,95.2095,95.2095,95.2095,80300000,0.00%,622671907,538425936907,7645322.85,0
2043-06-11,95.2095,95.2095,95.2095,95.2095,57772000,0.00%,564899907,538425936907,5500443.23,0
2043-06-12,95.2095,95.2095,95.2095,95.2095,71192000,0.00%,493707907,538425936907,6778154.72,0
2043-06-15,95.2095,95.2095,95.2095,95.2095,59356000,0.00%,434351907,538425936907,5651255.08,0
2043-06-16,95.2095,95.2095,95.2095,95.2095,101728000,0.00%,332623907,538425936907,9685472.02,0
2043-06-17,95.2095,95.2095,95.2095,95.2095,97152000,0.00%,235471907,538425936907,9249793.34,0
2043-06-18,95.2095,95.2095,95.2095,95.2095,110044000,0.00%,125427907,538425936907,10477234.22,0
2043-06-19,95.2095,95.3048,95.3048,95.2095,157740000,0.10%,925593305,539383842305,15033379.15,957905398
2043-06-22,95.3048,95.3048,95.3048,95.3048,89188000,0.00%,836405305,539383842305,8500044.5,0
2043-06-23,95.3048,95.3048,95.3048,95.3048,71632000,0.00%,764773305,539383842305,6826873.43,0
2043-06-24,95.3048,95.3048,95.3048,95.3048,84920000,0.00%,679853305,539383842305,8093283.62,0
2043-06-26,95.3048,95.3048,95.3048,95.3048,61160000,0.00%,618693305,539383842305,5828841.57,0
2043-06-29,95.3048,95.3048,95.3048,95.3048,79904000,0.00%,538789305,539383842305,7615234.74,0
2043-06-30,95.3048,95.3048,95.3048,95.3048,76956000,0.00%,461833305,539383842305,7334276.19,0
2043-07-01,95.3048,95.3048,95.3048,95.3048,69916000,0.00%,391917305,539383842305,6663330.4,0
2043-07-02,95.3048,95.3048,95.3048,95.3048,59488000,0.00%,332429305,539383842305,5669491.94,0
2043-07-03,95.3048,95.3048,95.3048,95.3048,71280000,0.00%,261149305,539383842305,6793326.14,0
2043-07-06,95.3048,95.3048,95.3048,95.3048,62480000,0.00%,198669305,539383842305,5954643.9,0
2043-07-07,95.3048,95.3048,95.3048,95.3048,41536000,0.00%,157133305,539383842305,3958580.17,0
2043-07-08,95.3048,95.3048,95.3048,95.3048,43384000,0.00%,113749305,539383842305,4134703.44,0
2043-07-09,95.3048,95.3048,95.3048,95.3048,87032000,0.00%,26717305,539383842305,8294567.35,0
2043-07-10,95.3048,95.4001,95.4001,95.3048,95040000,0.10%,916954020,540369119020,9066825.5,985276714
2043-07-13,95.4001,95.4001,95.4001,95.4001,76076000,0.00%,840878020,540369119020,7257658.01,0
2043-07-14,95.4001,95.4001,95.4001,95.4001,54384000,0.00%,786494020,540369119020,5188239.04,0
2043-07-15,95.4001,95.4001,95.4001,95.4001,74140000,0.00%,712354020,540369119020,7072963.41,0
2043-07-16,95.4001,95.4001,95.4001,95.4001,120208000,0.00%,592146020,540369119020,11467855.22,0
2043-07-17,95.4001,95.4001,95.4001,95.4001,93324000,0.00%,498822020,540369119020,8903118.93,0
2043-07-21,95.4001,95.4001,95.4001,95.4001,128260000,0.00%,370562020,540369119020,12236016.83,0
2043-07-22,95.4001,95.4001,95.4001,95.4001,96404000,0.00%,274158020,540369119020,9196951.24,0
2043-07-23,95.4001,95.4001,95.4001,95.4001,72864000,0.00%,201294020,540369119020,6951232.89,0
2043-07-24,95.4001,95.4001,95.4001,95.4001,52096000,0.00%,149198020,540369119020,4969963.61,0
2043-07-27,95.4001,95.4001,95.4001,95.4001,76780000,0.00%,72418020,540369119020,7324819.68,0
2043-07-28,95.4001,95.4955,95.4955,95.4001,128480000,0.10%,928789541,541353970541,12269261.84,984851521
2043-07-29,95.4955,95.4955,95.4955,95.4955,65736000,0.00%,863053541,541353970541,6277492.19,0
2043-07-30,95.4955,95.4955,95.4955,95.4955,60060000,0.00%,802993541,541353970541,5735459.73,0
2043-07-31,95.4955,95.4955,95.4955,95.4955,97856000,0.00%,705137541,541353970541,9344807.65,0
2043-08-03,95.4955,95.4955,95.4955,95.4955,161920000,0.00%,543217541,541353970541,15462631.36,0
2043-08-04,95.4955,95.4955,95.4955,95.4955,103136000,0.00%,440081541,541353970541,9849023.89,0
2043-08-05,95.4955,95.4955,95.4955,95.4955,92576000,0.00%,347505541,541353970541,8840591.41,0
2043-08-06,95.4955,95.4955,95.4955,95.4955,73304000,0.00%,274201541,541353970541,7000202.13,0
2043-08-07,95.4955,95.4955,95.4955,95.4955,84040000,0.00%,190161541,541353970541,8025441.82,0
2043-08-10,95.4955,95.4955,95.4955,95.4955,41712000,0.00%,148449541,541353970541,3983308.3,0
2043-08-11,95.4955,95.4955,95.4955,95.4955,67672000,0.00%,80777541,541353970541,6462371.48,0
2043-08-12,95.4955,95.4955,95.4955,95.4955,52448000,0.00%,28329541,541353970541,5008547.98,0
2043-08-13,95.4955,95.591,95.591,95.4955,49236000,0.10%,955770484,542330647484,4706518.48,976676942
2043-08-14,95.591,95.591,95.591,95.591,54120000,0.00%,901650484,542330647484,5173384.92,0
2043-08-17,95.591,95.591,95.591,95.591,69300000,0.00%,832350484,542330647484,6624456.3,0
2043-08-18,95.591,95.591,95.591,95.591,47476000,0.00%,784874484,542330647484,4538278.32,0
2043-08-19,95.591,95.591,95.591,95.591,72512000,0.00%,712362484,542330647484,6931494.59,0
2043-08-20,95.591,95.591,95.591,95.591,126808000,0.00%,585554484,542330647484,12121703.53,0
2043-08-21,95.591,95.591,95.591,95.591,79684000,0.00%,505870484,542330647484,7617073.24,0
2043-08-24,95.591,95.591,95.591,95.591,113080000,0.00%,392790484,542330647484,10809430.28,0
2043-08-25,95.591,95.591,95.591,95.591,108592000,0.00%,284198484,542330647484,10380417.87,0
2043-08-26,95.591,95.591,95.591,95.591,75856000,0.00%,208342484,542330647484,7251150.9,0
2043-08-27,95.591,95.591,95.591,95.591,98296000,0.00%,110046484,542330647484,9396212.94,0
2043-08-28,95.591,95.591,95.591,95.591,55176000,0.00%,54870484,542330647484,5274329.02,0
2043-08-31,95.591,95.6865,95.6865,95.591,85360000,0.10%,942734129,543303871129,8167799.64,973223645
2043-09-01,95.6865,95.6865,95.6865,95.6865,67672000,0.00%,875062129,543303871129,6475296.83,0
2043-09-02,95.6865,95.6865,95.6865,95.6865,66836000,0.00%,808226129,543303871129,6395302.91,0
2043-09-03,95.6865,95.6865,95.6865,95.6865,218856000,0.00%,589370129,543303871129,20941564.64,0
2043-09-07,95.6865,95.6865,95.6865,95.6865,135300000,0.00%,454070129,543303871129,12946383.45,0
2043-09-08,95.6865,95.6865,95.6865,95.6865,58300000,0.00%,395770129,543303871129,5578522.95,0
2043-09-09,95.6865,95.6865,95.6865,95.6865,72556000,0.00%,323214129,543303871129,6942629.69,0
2043-09-10,95.6865,95.6865,95.6865,95.6865,73568000,0.00%,249646129,543303871129,7039464.43,0
2043-09-14,95.6865,95.6865,95.6865,95.6865,82764000,0.00%,166882129,543303871129,7919397.49,0
2043-09-15,95.6865,95.6865,95.6865,95.6865,45760000,0.00%,121122129,543303871129,4378614.24,0
2043-09-16,95.6865,95.6865,95.6865,95.6865,46904000,0.00%,74218129,543303871129,4488079.6,0
2043-09-17,95.6865,95.6865,95.6865,95.6865,44660000,0.00%,29558129,543303871129,4273359.09,0
2043-09-18,95.6865,95.7822,95.7822,95.6865,84568000,0.10%,869050686,544227931686,8100109.09,924060556
2043-09-21,95.7822,95.7822,95.7822,95.7822,64856000,0.00%,804194686,544227931686,6212050.36,0
2043-09-22,95.7822,95.7822,95.7822,95.7822,68552000,0.00%,735642686,544227931686,6566061.37,0
2043-09-23,95.7822,95.7822,95.7822,95.7822,60104000,0.00%,675538686,544227931686,5756893.35,0
2043-09-24,95.7822,95.7822,95.7822,95.7822,84128000,0.00%,591410686,544227931686,8057964.92,0
2043-09-25,95.7822,95.7822,95.7822,95.7822,93456000,0.00%,497954686,544227931686,8951421.28,0
2043-09-28,95.7822,95.7822,95.7822,95.7822,80564000,0.00%,417390686,544227931686,7716597.16,0
2043-09-29,95.7822,95.7822,95.7822,95.7822,70048000,0.00%,347342686,544227931686,6709351.55,0
2043-09-30,95.7822,95.7822,95.7822,95.7822,62480000,0.00%,284862686,544227931686,5984471.86,0
2043-10-01,95.7822,95.7822,95.7822,95.7822,68640000,0.00%,216222686,544227931686,6574490.21,0
2043-10-02,95.7822,95.7822,95.7822,95.7822,49500000,0.00%,166722686,544227931686,4741218.9,0
2043-10-06,95.7822,95.7822,95.7822,95.7822,66528000,0.00%,100194686,544227931686,6372198.2,0
2043-10-07,95.7822,95.7822,95.7822,95.7822,48136000,0.00%,52058686,544227931686,4610571.98,0
2043-10-08,95.7822,95.7822,95.7822,95.7822,47520000,0.00%,4538686,544227931686,4551570.14,0
2043-10-09,95.7822,95.878,95.878,95.7822,48752000,0.10%,875229666,545147374666,4674244.26,919442980
2043-10-12,95.878,95.878,95.878,95.878,50160000,0.00%,825069666,545147374666,4809240.48,0
2043-10-13,95.878,95.878,95.878,95.878,72380000,0.00%,752689666,545147374666,6939649.64,0
2043-10-14,95.878,95.878,95.878,95.878,72248000,0.00%,680441666,545147374666,6926993.74,0
2043-10-15,95.878,95.878,95.878,95.878,59180000,0.00%,621261666,545147374666,5674060.04,0
2043-10-16,95.878,95.878,95.878,95.878,58828000,0.00%,562433666,545147374666,5640310.98,0
2043-10-19,95.878,95.878,95.878,95.878,54780000,0.00%,507653666,545147374666,5252196.84,0
2043-10-20,95.878,95.878,95.878,95.878,40480000,0.00%,467173666,545147374666,3881141.44,0
2043-10-21,95.878,95.878,95.878,95.878,52800000,0.00%,414373666,545147374666,5062358.4,0
2043-10-22,95.878,95.878,95.878,95.878,75768000,0.00%,338605666,545147374666,7264484.3,0
2043-10-23,95.878,95.878,95.878,95.878,84524000,0.00%,254081666,545147374666,8103992.07,0
2043-10-27,95.878,95.878,95.878,95.878,95128000,0.00%,158953666,545147374666,9120682.38,0
2043-10-28,95.878,95.878,95.878,95.878,77044000,0.00%,81909666,545147374666,7386824.63,0
2043-10-29,95.878,95.878,95.878,95.878,50380000,0.00%,31529666,545147374666,4830333.64,0
2043-10-30,95.878,95.9739,95.9739,95.878,72424000,0.10%,875738265,546064007265,6950813.73,916632598
2043-11-02,95.9739,95.9739,95.9739,95.9739,63184000,0.00%,812554265,546064007265,6064014.9,0
2043-11-03,95.9739,95.9739,95.9739,95.9739,60412000,0.00%,752142265,546064007265,5797975.25,0
2043-11-04,95.9739,95.9739,95.9739,95.9739,48444000,0.00%,703698265,546064007265,4649359.61,0
2043-11-05,95.9739,95.9739,95.9739,95.9739,46112000,0.00%,657586265,546064007265,4425548.48,0
2043-11-06,95.9739,95.9739,95.9739,95.9739,94952000,0.00%,562634265,546064007265,9112913.75,0
2043-11-09,95.9739,95.9739,95.9739,95.9739,118184000,0.00%,444450265,546064007265,11342579.4,0
2043-11-10,95.9739,95.9739,95.9739,95.9739,58960000,0.00%,385490265,546064007265,5658621.14,0
2043-11-11,95.9739,95.9739,95.9739,95.9739,56672000,0.00%,328818265,546064007265,5439032.86,0
2043-11-12,95.9739,95.9739,95.9739,95.9739,45188000,0.00%,283630265,546064007265,4336868.59,0
2043-11-13,95.9739,95.9739,95.9739,95.9739,43428000,0.00%,240202265,546064007265,4167954.53,0
2043-11-16,95.9739,95.9739,95.9739,95.9739,59796000,0.00%,180406265,546064007265,5738855.32,0
2043-11-17,95.9739,95.9739,95.9739,95.9739,54912000,0.00%,125494265,546064007265,5270118.8,0
2043-11-18,95.9739,96.0699,96.0699,95.9739,142780000,0.10%,889912416,546971205416,13716860.32,907198150
2043-11-19,96.0699,96.0699,96.0699,96.0699,155320000,0.00%,734592416,546971205416,14921576.87,0
2043-11-20,96.0699,96.0699,96.0699,96.0699,96668000,0.00%,637924416,546971205416,9286885.09,0
2043-11-23,96.0699,96.0699,96.0699,96.0699,122232000,0.00%,515692416,546971205416,11742816.02,0
2043-11-24,96.0699,96.0699,96.0699,96.0699,106436000,0.00%,409256416,546971205416,10225295.88,0
2043-11-25,96.0699,96.0699,96.0699,96.0699,62348000,0.00%,346908416,546971205416,5989766.13,0
2043-11-26,96.0699,96.0699,96.0699,96.0699,63932000,0.00%,282976416,546971205416,6141940.85,0
2043-11-27,96.0699,96.0699,96.0699,96.0699,67056000,0.00%,215920416,546971205416,6442063.21,0
2043-11-30,96.0699,96.0699,96.0699,96.0699,53812000,0.00%,162108416,546971205416,5169713.46,0
2043-12-01,96.0699,96.0699,96.0699,96.0699,66660000,0.00%,95448416,546971205416,6404019.53,0
2043-12-02,96.0699,96.0699,96.0699,96.0699,74184000,0.00%,21264416,546971205416,7126849.46,0
2043-12-03,96.0699,96.1659,96.1659,96.0699,133364000,0.10%,786831487,547870136487,12825069.09,898931070
2043-12-04,96.1659,96.1659,96.1659,96.1659,66660000,0.00%,720171487,547870136487,6410418.89,0
2043-12-07,96.1659,96.1659,96.1659,96.1659,65604000,0.00%,654567487,547870136487,6308867.7,0
2043-12-08,96.1659,96.1659,96.1659,96.1659,104412000,0.00%,550155487,547870136487,10040873.95,0
2043-12-09,96.1659,96.1659,96.1659,96.1659,69960000,0.00%,480195487,547870136487,6727766.36,0
2043-12-10,96.1659,96.1659,96.1659,96.1659,60280000,0.00%,419915487,547870136487,5796880.45,0
2043-12-11,96.1659,96.1659,96.1659,96.1659,73040000,0.00%,346875487,547870136487,7023957.34,0
2043-12-14,96.1659,96.1659,96.1659,96.1659,80960000,0.00%,265915487,547870136487,7785591.26,0
2043-12-15,96.1659,96.1659,96.1659,96.1659,57200000,0.00%,208715487,547870136487,5500689.48,0
2043-12-16,96.1659,96.1659,96.1659,96.1659,62260000,0.00%,146455487,547870136487,5987288.93,0
2043-12-17,96.1659,96.1659,96.1659,96.1659,75680000,0.00%,70775487,547870136487,7277835.31,0
2043-12-18,96.1659,96.2621,96.2621,96.1659,136048000,0.10%,817791995,548753200995,13096266.18,883064508
2043-12-21,96.2621,96.2621,96.2621,96.2621,53196000,0.00%,764595995,548753200995,5120758.67,0
2043-12-22,96.2621,96.2621,96.2621,96.2621,55132000,0.00%,709463995,548753200995,5307122.1,0
2043-12-23,96.2621,96.2621,96.2621,96.2621,62436000,0.00%,647027995,548753200995,6010220.48,0
2043-12-24,96.2621,96.2621,96.2621,96.2621,44748000,0.00%,602279995,548753200995,4307536.45,0
2043-12-25,96.2621,96.3584,96.3584,96.2621,646844000,0.10%,835600327,549633365327,62328852.89,880164332
2043-12-30,96.3584,96.3584,96.3584,96.3584,283668000,0.00%,551932327,549633365327,27333794.61,0
2043-12-31,96.3584,96.3584,96.3584,96.3584,166496000,0.00%,385436327,549633365327,16043288.17,0
2044-01-01,96.3584,96.3584,96.3584,96.3584,88290000,0.00%,297146327,549633365327,8507483.14,0
2044-01-05,96.3584,96.3584,96.3584,96.3584,105075000,0.00%,192071327,549633365327,10124858.88,0
2044-01-06,96.3584,96.3584,96.3584,96.3584,91755000,0.00%,100316327,549633365327,8841364.99,0
2044-01-07,96.3584,96.3584,96.3584,96.3584,90990000,0.00%,9326327,549633365327,8767650.82,0
2044-01-08,96.3584,96.4547,96.4547,96.3584,106875000,0.10%,758610788,550489524788,10308596.06,856159461
2044-01-11,96.4547,96.4547,96.4547,96.4547,75239999,0.00%,683370788,550489524788,7257251.63,0
2044-01-12,96.4547,96.4547,96.4547,96.4547,76185000,0.00%,607185788,550489524788,7348401.32,0
2044-01-13,96.4547,96.4547,96.4547,96.4547,86175000,0.00%,521010788,550489524788,8311983.77,0
2044-01-14,96.4547,96.4547,96.4547,96.4547,92700000,0.00%,428310788,550489524788,8941350.69,0
2044-01-15,96.4547,96.4547,96.4547,96.4547,70965000,0.00%,357345788,550489524788,6844907.79,0
2044-01-18,96.4547,96.4547,96.4547,96.4547,73484999,0.00%,283860788,550489524788,7087973.63,0
2044-01-19,96.4547,96.4547,96.4547,96.4547,100080000,0.00%,183780788,550489524788,9653186.38,0
2044-01-20,96.4547,96.4547,96.4547,96.4547,162495000,0.00%,21285788,550489524788,15673406.48,0
2044-01-21,96.4547,96.5512,96.5512,96.4547,110700000,0.10%,753213896,551332152896,10688217.84,842628107
2044-01-22,96.5512,96.5512,96.5512,96.5512,121050000,0.00%,632163896,551332152896,11687522.76,0
2044-01-25,96.5512,96.5512,96.5512,96.5512,151425000,0.00%,480738896,551332152896,14620265.46,0
2044-01-26,96.5512,96.5512,96.5512,96.5512,160245000,0.00%,320493896,551332152896,15471847.04,0
2044-01-27,96.5512,96.5512,96.5512,96.5512,152370000,0.00%,168123896,551332152896,14711506.34,0
2044-01-28,96.5512,96.5512,96.5512,96.5512,153720000,0.00%,14403896,551332152896,14841850.46,0
2044-01-29,96.5512,96.6477,96.6477,96.5512,111690000,0.10%,734792244,552164231244,10794581.61,832078347
2044-02-01,96.6477,96.6477,96.6477,96.6477,90720000,0.00%,644072244,552164231244,8767879.34,0
2044-02-02,96.6477,96.6477,96.6477,96.6477,96795000,0.00%,547277244,552164231244,9355014.12,0
2044-02-03,96.6477,96.6477,96.6477,96.6477,90225000,0.00%,457052244,552164231244,8720038.73,0
2044-02-04,96.6477,96.6477,96.6477,96.6477,77985000,0.00%,379067244,552164231244,7537070.88,0
2044-02-05,96.6477,96.6477,96.6477,96.6477,139725000,0.00%,239342244,552164231244,13504099.88,0
2044-02-08,96.6477,96.6477,96.6477,96.6477,92070000,0.00%,147272244,552164231244,8898353.74,0
2044-02-09,96.6477,96.6477,96.6477,96.6477,129870000,0.00%,17402244,552164231244,12551636.8,0
2044-02-10,96.6477,96.7444,96.7444,96.6477,118530000,0.10%,723313508,552988672508,11467113.73,824441264
2044-02-11,96.7444,96.7444,96.7444,96.7444,80595000,0.00%,642718508,552988672508,7797114.92,0
2044-02-12,96.7444,96.7444,96.7444,96.7444,30285000,0.00%,612433508,552988672508,2929904.15,0
2044-02-17,96.7444,96.7444,96.7444,96.7444,52065000,0.00%,560368508,552988672508,5036997.19,0
2044-02-18,96.7444,96.7444,96.7444,96.7444,56565000,0.00%,503803508,552988672508,5472346.99,0
2044-02-19,96.7444,96.7444,96.7444,96.7444,77490000,0.00%,426313508,552988672508,7496723.56,0
2044-02-22,96.7444,96.7444,96.7444,96.7444,69390000,0.00%,356923508,552988672508,6713093.92,0
2044-02-23,96.7444,96.7444,96.7444,96.7444,70965000,0.00%,285958508,552988672508,6865466.35,0
2044-02-24,96.7444,96.7444,96.7444,96.7444,107775000,0.00%,178183508,552988672508,10426627.71,0
2044-02-25,96.7444,96.7444,96.7444,96.7444,55980000,0.00%,122203508,552988672508,5415751.51,0
2044-02-26,96.7444,96.7444,96.7444,96.7444,59535000,0.00%,62668508,552988672508,5759677.85,0
2044-02-29,96.7444,96.7444,96.7444,96.7444,55845000,0.00%,6823508,552988672508,5402691.02,0
2044-03-01,96.7444,96.8411,96.8411,96.7444,106245000,0.10%,732974527,553821068527,10288882.67,832396019
2044-03-02,96.8411,96.8411,96.8411,96.8411,116550000,0.00%,616424527,553821068527,11286830.21,0
2044-03-03,96.8411,96.8411,96.8411,96.8411,133740000,0.00%,482684527,553821068527,12951528.71,0
2044-03-04,96.8411,96.8411,96.8411,96.8411,125775000,0.00%,356909527,553821068527,12180189.35,0
2044-03-07,96.8411,96.8411,96.8411,96.8411,62235000,0.00%,294674527,553821068527,6026905.86,0
2044-03-08,96.8411,96.8411,96.8411,96.8411,117270000,0.00%,177404527,553821068527,11356555.8,0
2044-03-09,96.8411,96.8411,96.8411,96.8411,104805000,0.00%,72599527,553821068527,10149431.49,0
2044-03-10,96.8411,96.938,96.938,96.8411,77220000,0.10%,826457105,554652146105,7485552.36,831077578
2044-03-11,96.938,96.938,96.938,96.938,55890000,0.00%,770567105,554652146105,5417864.82,0
2044-03-14,96.938,96.938,96.938,96.938,80415000,0.00%,690152105,554652146105,7795269.27,0
2044-03-15,96.938,96.938,96.938,96.938,164385000,0.00%,525767105,554652146105,15935153.13,0
2044-03-16,96.938,96.938,96.938,96.938,90315000,0.00%,435452105,554652146105,8754955.47,0
2044-03-17,96.938,96.938,96.938,96.938,64035000,0.00%,371417105,554652146105,6207424.83,0
2044-03-18,96.938,96.938,96.938,96.938,131310000,0.00%,240107105,554652146105,12728928.78,0
2044-03-21,96.938,96.938,96.938,96.938,88335000,0.00%,151772105,554652146105,8563018.23,0
2044-03-22,96.938,96.938,96.938,96.938,70380000,0.00%,81392105,554652146105,6822496.44,0
2044-03-23,96.938,96.938,96.938,96.938,70290000,0.00%,11102105,554652146105,6813772.02,0
2044-03-24,96.938,97.0349,97.0349,96.938,165915000,0.10%,669643878,555476602878,16099545.43,824456773
2044-03-25,97.0349,97.0349,97.0349,97.0349,118935000,0.00%,550708878,555476602878,11540845.83,0
2044-03-28,97.0349,97.0349,97.0349,97.0349,95085000,0.00%,455623878,555476602878,9226563.47,0
2044-03-29,97.0349,97.0349,97.0349,97.0349,153000000,0.00%,302623878,555476602878,14846339.7,0
2044-03-30,97.0349,97.0349,97.0349,97.0349,174375000,0.00%,128248878,555476602878,16920460.69,0
2044-03-31,97.0349,97.1319,97.1319,97.0349,135000000,0.10%,857755063,556341109063,13112806.5,864506184
2044-04-05,97.1319,97.1319,97.1319,97.1319,119520000,0.00%,738235063,556341109063,11609204.69,0
2044-04-06,97.1319,97.1319,97.1319,97.1319,88650000,0.00%,649585063,556341109063,8610742.94,0
2044-04-08,97.1319,97.1319,97.1319,97.1319,61110000,0.00%,588475063,556341109063,5935730.41,0
2044-04-11,97.1319,97.1319,97.1319,97.1319,97470000,0.00%,491005063,556341109063,9467446.29,0
2044-04-12,97.1319,97.1319,97.1319,97.1319,80460000,0.00%,410545063,556341109063,7815232.67,0
2044-04-13,97.1319,97.1319,97.1319,97.1319,111285000,0.00%,299260063,556341109063,10809323.49,0
2044-04-14,97.1319,97.1319,97.1319,97.1319,84735000,0.00%,214525063,556341109063,8230471.55,0
2044-04-15,97.1319,97.1319,97.1319,97.1319,103635000,0.00%,110890063,556341109063,10066264.46,0
2044-04-18,97.1319,97.1319,97.1319,97.1319,82350000,0.00%,28540063,556341109063,7998811.96,0
2044-04-19,97.1319,97.2291,97.2291,97.1319,88605000,0.10%,786092451,557187266451,8614984.41,846157388
2044-04-20,97.2291,97.2291,97.2291,97.2291,64845000,0.00%,721247451,557187266451,6304820.99,0
2044-04-21,97.2291,97.2291,97.2291,97.2291,85770000,0.00%,635477451,557187266451,8339339.91,0
2044-04-22,97.2291,97.2291,97.2291,97.2291,87615000,0.00%,547862451,557187266451,8518727.6,0
2044-04-25,97.2291,97.2291,97.2291,97.2291,185085000,0.00%,362777451,557187266451,17995647.97,0
2044-04-26,97.2291,97.2291,97.2291,97.2291,197190000,0.00%,165587451,557187266451,19172606.23,0
2044-04-27,97.2291,97.3263,97.3263,97.2291,186615000,0.10%,808802654,558017096654,18162547.47,829830202
2044-04-28,97.3263,97.3263,97.3263,97.3263,124785000,0.00%,684017654,558017096654,12144862.35,0
2044-04-29,97.3263,97.3263,97.3263,97.3263,133200000,0.00%,550817654,558017096654,12963863.16,0
2044-05-02,97.3263,97.3263,97.3263,97.3263,114390000,0.00%,436427654,558017096654,11133155.46,0
2044-05-03,97.3263,97.3263,97.3263,97.3263,71820000,0.00%,364607654,558017096654,6989974.87,0
2044-05-05,97.3263,97.3263,97.3263,97.3263,101160000,0.00%,263447654,558017096654,9845528.51,0
2044-05-06,97.3263,97.3263,97.3263,97.3263,106155000,0.00%,157292654,558017096654,10331673.38,0
2044-05-09,97.3263,97.3263,97.3263,97.3263,117945000,0.00%,39347654,558017096654,11479150.45,0
2044-05-10,97.3263,97.4236,97.4236,97.3263,87345000,0.10%,769980327,558835074327,8509464.34,817977673
2044-05-11,97.4236,97.4236,97.4236,97.4236,90270000,0.00%,679710327,558835074327,8794428.37,0
2044-05-12,97.4236,97.4236,97.4236,97.4236,72135000,0.00%,607575327,558835074327,7027651.39,0
2044-05-13,97.4236,97.4236,97.4236,97.4236,70605000,0.00%,536970327,558835074327,6878593.28,0
2044-05-16,97.4236,97.4236,97.4236,97.4236,92520000,0.00%,444450327,558835074327,9013631.47,0
2044-05-17,97.4236,97.4236,97.4236,97.4236,97200000,0.00%,347250327,558835074327,9469573.92,0
2044-05-19,97.4236,97.4236,97.4236,97.4236,262935000,0.00%,84315327,558835074327,25616074.27,0
2044-05-20,97.4236,97.521,97.521,97.4236,125640000,0.10%,745390211,559621789211,12252538.44,786714883
2044-05-23,97.521,97.521,97.521,97.521,100485000,0.00%,644905211,559621789211,9799397.69,0
2044-05-24,97.521,97.521,97.521,97.521,138060000,0.00%,506845211,559621789211,13463749.26,0
2044-05-25,97.521,97.521,97.521,97.521,100665000,0.00%,406180211,559621789211,9816951.46,0
2044-05-26,97.521,97.521,97.521,97.521,82440000,0.00%,323740211,559621789211,8039631.24,0
2044-05-27,97.521,97.521,97.521,97.521,86130000,0.00%,237610211,559621789211,8399483.73,0
2044-05-30,97.521,97.521,97.521,97.521,144585000,0.00%,93025211,559621789211,14100073.79,0
2044-05-31,97.521,97.521,97.521,97.521,74745000,0.00%,18280211,559621789211,7289207.15,0
2044-06-01,97.521,97.6186,97.6186,97.521,123210000,0.10%,663726151,560390445151,12027587.71,768655939
2044-06-02,97.6186,97.6186,97.6186,97.6186,99045000,0.00%,564681151,560390445151,9668634.24,0
2044-06-03,97.6186,97.6186,97.6186,97.6186,180180000,0.00%,384501151,560390445151,17588919.35,0
2044-06-06,97.6186,97.6186,97.6186,97.6186,126585000,0.00%,257916151,560390445151,12357050.48,0
2044-06-07,97.6186,97.6186,97.6186,97.6186,81180000,0.00%,176736151,560390445151,7924677.95,0
2044-06-08,97.6186,97.6186,97.6186,97.6186,90945000,0.00%,85791151,560390445151,8877923.58,0
2044-06-09,97.6186,97.6186,97.6186,97.6186,85005000,0.00%,786151,560390445151,8298069.09,0
2044-06-10,97.6186,97.7162,97.7162,97.6186,113625000,0.10%,647195116,561150479116,11103003.22,760033964
2044-06-14,97.7162,97.7162,97.7162,97.7162,119250000,0.00%,527945116,561150479116,11652656.85,0
2044-06-15,97.7162,97.7162,97.7162,97.7162,67320000,0.00%,460625116,561150479116,6578254.58,0
2044-06-16,97.7162,97.7162,97.7162,97.7162,69030000,0.00%,391595116,561150479116,6745349.29,0
2044-06-17,97.7162,97.7162,97.7162,97.7162,93870000,0.00%,297725116,561150479116,9172619.69,0
2044-06-20,97.7162,97.7162,97.7162,97.7162,68760000,0.00%,228965116,561150479116,6718965.91,0
2044-06-21,97.7162,97.7162,97.7162,97.7162,64260000,0.00%,164705116,561150479116,6279243.01,0
2044-06-22,97.7162,97.7162,97.7162,97.7162,100395000,0.00%,64310116,561150479116,9810217.9,0
2044-06-23,97.7162,97.7162,97.7162,97.7162,63225000,0.00%,1085116,561150479116,6178106.75,0
2044-06-24,97.7162,97.8139,97.8139,97.7162,116370000,0.10%,646413961,561912177961,11382603.54,761698845
2044-06-27,97.8139,97.8139,97.8139,97.8139,58140000,0.00%,588273961,561912177961,5686900.15,0
2044-06-28,97.8139,97.8139,97.8139,97.8139,57555000,0.00%,530718961,561912177961,5629679.01,0
2044-06-29,97.8139,97.8139,97.8139,97.8139,53505000,0.00%,477213961,561912177961,5233532.72,0
2044-06-30,97.8139,97.8139,97.8139,97.8139,78795000,0.00%,398418961,561912177961,7707246.25,0
2044-07-01,97.8139,97.8139,97.8139,97.8139,70020000,0.00%,328398961,561912177961,6848929.28,0
2044-07-05,97.8139,97.8139,97.8139,97.8139,122715000,0.00%,205683961,561912177961,12003232.74,0
2044-07-06,97.8139,97.8139,97.8139,97.8139,100170000,0.00%,105513961,561912177961,9798018.36,0
2044-07-07,97.8139,97.8139,97.8139,97.8139,69480000,0.00%,36033961,561912177961,6796109.77,0
2044-07-08,97.8139,97.9117,97.9117,97.8139,47340000,0.10%,756556570,562680040570,4635139.88,767862609
2044-07-11,97.9117,97.9117,97.9117,97.9117,52290000,0.00%,704266570,562680040570,5119802.79,0
2044-07-12,97.9117,97.9117,97.9117,97.9117,58590000,0.00%,645676570,562680040570,5736646.5,0
2044-07-13,97.9117,97.9117,97.9117,97.9117,70155000,0.00%,575521570,562680040570,6868995.31,0
2044-07-14,97.9117,97.9117,97.9117,97.9117,74655000,0.00%,500866570,562680040570,7309597.96,0
2044-07-15,97.9117,97.9117,97.9117,97.9117,123840000,0.00%,377026570,562680040570,12125384.93,0
2044-07-18,97.9117,97.9117,97.9117,97.9117,61560000,0.00%,315466570,562680040570,6027444.25,0
2044-07-19,97.9117,97.9117,97.9117,97.9117,85770000,0.00%,229696570,562680040570,8397886.51,0
2044-07-20,97.9117,97.9117,97.9117,97.9117,116370000,0.00%,113326570,562680040570,11393984.53,0
2044-07-21,97.9117,97.9117,97.9117,97.9117,85230000,0.00%,28096570,562680040570,8345014.19,0
2044-07-22,97.9117,98.0096,98.0096,97.9117,103905000,0.10%,688943036,563444792036,10183687.49,764751466
2044-07-25,98.0096,98.0096,98.0096,98.0096,76320000,0.00%,612623036,563444792036,7480092.67,0
2044-07-26,98.0096,98.0096,98.0096,98.0096,54450000,0.00%,558173036,563444792036,5336622.72,0
2044-07-27,98.0096,98.0096,98.0096,98.0096,53100000,0.00%,505073036,563444792036,5204309.76,0
2044-07-28,98.0096,98.0096,98.0096,98.0096,116055000,0.00%,389018036,563444792036,11374504.13,0
2044-07-29,98.0096,98.0096,98.0096,98.0096,59715000,0.00%,329303036,563444792036,5852643.26,0
2044-08-01,98.0096,98.0096,98.0096,98.0096,57915000,0.00%,271388036,563444792036,5676225.98,0
2044-08-02,98.0096,98.0096,98.0096,98.0096,43875000,0.00%,227513036,563444792036,4300171.2,0
2044-08-03,98.0096,98.0096,98.0096,98.0096,91350000,0.00%,136163036,563444792036,8953176.96,0
2044-08-04,98.0096,98.0096,98.0096,98.0096,55845000,0.00%,80318036,563444792036,5473346.11,0
2044-08-05,98.0096,98.0096,98.0096,98.0096,79695000,0.00%,623036,563444792036,7810875.07,0
2044-08-08,98.0096,98.1076,98.1076,98.0096,103320000,0.10%,681054051,564228543051,10136477.23,783751014
2044-08-09,98.1076,98.1076,98.1076,98.1076,79515000,0.00%,601539051,564228543051,7801025.81,0
2044-08-10,98.1076,98.1076,98.1076,98.1076,71280000,0.00%,530259051,564228543051,6993109.73,0
2044-08-11,98.1076,98.1076,98.1076,98.1076,84645000,0.00%,445614051,564228543051,8304317.8,0
2044-08-12,98.1076,98.1076,98.1076,98.1076,73575000,0.00%,372039051,564228543051,7218266.67,0
2044-08-15,98.1076,98.1076,98.1076,98.1076,45990000,0.00%,326049051,564228543051,4511968.52,0
2044-08-16,98.1076,98.1076,98.1076,98.1076,61155000,0.00%,264894051,564228543051,5999770.28,0
2044-08-17,98.1076,98.1076,98.1076,98.1076,84105000,0.00%,180789051,564228543051,8251339.7,0
2044-08-18,98.1076,98.1076,98.1076,98.1076,96480000,0.00%,84309051,564228543051,9465421.25,0
2044-08-19,98.1076,98.1076,98.1076,98.1076,73845000,0.00%,10464051,564228543051,7244755.72,0
2044-08-22,98.1076,98.2057,98.2057,98.1076,68445000,0.10%,740502801,565027026801,6721689.14,798483750
2044-08-23,98.2057,98.2057,98.2057,98.2057,53325000,0.00%,687177801,565027026801,5236818.95,0
2044-08-24,98.2057,98.2057,98.2057,98.2057,52425000,0.00%,634752801,565027026801,5148433.82,0
2044-08-25,98.2057,98.2057,98.2057,98.2057,75555000,0.00%,559197801,565027026801,7419931.66,0
2044-08-26,98.2057,98.2057,98.2057,98.2057,58770000,0.00%,500427801,565027026801,5771548.99,0
2044-08-29,98.2057,98.2057,98.2057,98.2057,73125000,0.00%,427302801,565027026801,7181291.81,0
2044-08-30,98.2057,98.2057,98.2057,98.2057,61560000,0.00%,365742801,565027026801,6045542.89,0
2044-08-31,98.2057,98.2057,98.2057,98.2057,65700000,0.00%,300042801,565027026801,6452114.49,0
2044-09-01,98.2057,98.2057,98.2057,98.2057,58005000,0.00%,242037801,565027026801,5696421.63,0
2044-09-02,98.2057,98.2057,98.2057,98.2057,138915000,0.00%,103122801,565027026801,13642244.82,0
2044-09-05,98.2057,98.2057,98.2057,98.2057,62460000,0.00%,40662801,565027026801,6133928.02,0
2044-09-06,98.2057,98.3039,98.3039,98.2057,44145000,0.10%,808450381,565838959381,4339625.67,811932579
2044-09-07,98.3039,98.3039,98.3039,98.3039,59760000,0.00%,748690381,565838959381,5874641.06,0
2044-09-08,98.3039,98.3039,98.3039,98.3039,43110000,0.00%,705580381,565838959381,4237881.13,0
2044-09-12,98.3039,98.3039,98.3039,98.3039,90360000,0.00%,615220381,565838959381,8882740.4,0
2044-09-13,98.3039,98.3039,98.3039,98.3039,55350000,0.00%,559870381,565838959381,5441120.87,0
2044-09-14,98.3039,98.3039,98.3039,98.3039,54180000,0.00%,505690381,565838959381,5326105.3,0
2044-09-15,98.3039,98.3039,98.3039,98.3039,62100000,0.00%,443590381,565838959381,6104672.19,0
2044-09-16,98.3039,98.3039,98.3039,98.3039,49545000,0.00%,394045381,565838959381,4870466.73,0
2044-09-19,98.3039,98.3039,98.3039,98.3039,34605000,0.00%,359440381,565838959381,3401806.46,0
2044-09-20,98.3039,98.3039,98.3039,98.3039,45675000,0.00%,313765381,565838959381,4490030.63,0
2044-09-22,98.3039,98.3039,98.3039,98.3039,116100000,0.00%,197665381,565838959381,11413082.79,0
2044-09-23,98.3039,98.3039,98.3039,98.3039,127845000,0.00%,69820381,565838959381,12567662.1,0
2044-09-26,98.3039,98.3039,98.3039,98.3039,68490000,0.00%,1330381,565838959381,6732834.11,0
2044-09-27,98.3039,98.4023,98.4023,98.3039,193140000,0.10%,608920657,566639689657,19005420.22,800730276
2044-09-28,98.4023,98.4023,98.4023,98.4023,180495000,0.00%,428425657,566639689657,17761123.14,0
2044-09-29,98.4023,98.4023,98.4023,98.4023,226125000,0.00%,202300657,566639689657,22251220.09,0
2044-09-30,98.4023,98.5007,98.5007,98.4023,257175000,0.10%,742830747,567437394747,25331917.52,797705089
2044-10-03,98.5007,98.5007,98.5007,98.5007,339570000,0.00%,403260747,567437394747,33447882.7,0
2044-10-05,98.5007,98.5007,98.5007,98.5007,219465000,0.00%,183795747,567437394747,21617456.13,0
2044-10-06,98.5007,98.5007,98.5007,98.5007,142200000,0.00%,41595747,567437394747,14006799.54,0
2044-10-07,98.5007,98.5992,98.5992,98.5007,110970000,0.10%,712750638,568219519638,10941553.22,782124891
2044-10-10,98.5992,98.5992,98.5992,98.5992,113985000,0.00%,598765638,568219519638,11238829.81,0
2044-10-11,98.5992,98.5992,98.5992,98.5992,317115000,0.00%,281650638,568219519638,31267285.31,0
2044-10-12,98.5992,98.5992,98.5992,98.5992,208665000,0.00%,72985638,568219519638,20574202.07,0
2044-10-13,98.5992,98.6978,98.6978,98.5992,148995000,0.10%,702582003,568998111003,14705478.71,778591365
2044-10-17,98.6978,98.6978,98.6978,98.6978,136440000,0.00%,566142003,568998111003,13466327.83,0
2044-10-18,98.6978,98.6978,98.6978,98.6978,150659999,0.00%,415482003,568998111003,14869810.55,0
2044-10-19,98.6978,98.6978,98.6978,98.6978,101205000,0.00%,314277003,568998111003,9988710.85,0
2044-10-20,98.6978,98.6978,98.6978,98.6978,74160000,0.00%,240117003,568998111003,7319428.85,0
2044-10-21,98.6978,98.6978,98.6978,98.6978,116820000,0.00%,123297003,568998111003,11529877.0,0
2044-10-24,98.6978,98.6978,98.6978,98.6978,73484999,0.00%,49812003,568998111003,7252807.83,0
2044-10-25,98.6978,98.6978,98.6978,98.6978,49635000,0.00%,177003,568998111003,4898865.3,0
2044-10-26,98.6978,98.7965,98.7965,98.6978,65970000,0.10%,712530318,569776434318,6517605.11,778323314
2044-10-27,98.7965,98.7965,98.7965,98.7965,50400000,0.00%,662130318,569776434318,4979343.6,0
2044-10-28,98.7965,98.7965,98.7965,98.7965,53775000,0.00%,608355318,569776434318,5312781.79,0
2044-10-31,98.7965,98.7965,98.7965,98.7965,69975000,0.00%,538380318,569776434318,6913285.09,0
2044-11-01,98.7965,98.7965,98.7965,98.7965,62100000,0.00%,476280318,569776434318,6135262.65,0
2044-11-02,98.7965,98.7965,98.7965,98.7965,80550000,0.00%,395730318,569776434318,7958058.08,0
2044-11-03,98.7965,98.7965,98.7965,98.7965,102375000,0.00%,293355318,569776434318,10114291.69,0
2044-11-04,98.7965,98.7965,98.7965,98.7965,94905000,0.00%,198450318,569776434318,9376281.83,0
2044-11-07,98.7965,98.7965,98.7965,98.7965,52695000,0.00%,145755318,569776434318,5206081.57,0
2044-11-08,98.7965,98.7965,98.7965,98.7965,68715000,0.00%,77040318,569776434318,6788801.5,0
2044-11-09,98.7965,98.8952,98.8952,98.7965,93420000,0.10%,762365920,570555179920,9238789.58,778745602
2044-11-10,98.8952,98.8952,98.8952,98.8952,89640000,0.00%,672725920,570555179920,8864965.73,0
2044-11-11,98.8952,98.8952,98.8952,98.8952,87255000,0.00%,585470920,570555179920,8629100.68,0
2044-11-14,98.8952,98.8952,98.8952,98.8952,102870000,0.00%,482600920,570555179920,10173349.22,0
2044-11-15,98.8952,98.8952,98.8952,98.8952,122850000,0.00%,359750920,570555179920,12149275.32,0
2044-11-16,98.8952,98.8952,98.8952,98.8952,127395000,0.00%,232355920,570555179920,12598754.0,0
2044-11-17,98.8952,98.8952,98.8952,98.8952,157050000,0.00%,75305920,570555179920,15531491.16,0
2044-11-18,98.8952,98.9941,98.9941,98.8952,130770000,0.10%,716281468,571326925468,12945458.46,771745548
2044-11-21,98.9941,98.9941,98.9941,98.9941,92205000,0.00%,624076468,571326925468,9127750.99,0
2044-11-22,98.9941,98.9941,98.9941,98.9941,62460000,0.00%,561616468,571326925468,6183171.49,0
2044-11-23,98.9941,98.9941,98.9941,98.9941,67545000,0.00%,494071468,571326925468,6686556.48,0
2044-11-24,98.9941,98.9941,98.9941,98.9941,56250000,0.00%,437821468,571326925468,5568418.12,0
2044-11-25,98.9941,98.9941,98.9941,98.9941,76275000,0.00%,361546468,571326925468,7550774.98,0
2044-11-28,98.9941,98.9941,98.9941,98.9941,125505000,0.00%,236041468,571326925468,12424254.52,0
2044-11-29,98.9941,98.9941,98.9941,98.9941,76230000,0.00%,159811468,571326925468,7546320.24,0
2044-11-30,98.9941,98.9941,98.9941,98.9941,75105000,0.00%,84706468,571326925468,7434951.88,0
2044-12-01,98.9941,98.9941,98.9941,98.9941,58815000,0.00%,25891468,571326925468,5822337.99,0
2044-12-02,98.9941,99.0931,99.0931,98.9941,70335000,0.10%,720671406,572092040406,6969713.19,765114937
2044-12-05,99.0931,99.0931,99.0931,99.0931,59985000,0.00%,660686406,572092040406,5944099.6,0
2044-12-06,99.0931,99.0931,99.0931,99.0931,82620000,0.00%,578066406,572092040406,8187071.92,0
2044-12-07,99.0931,99.0931,99.0931,99.0931,63225000,0.00%,514841406,572092040406,6265161.25,0
2044-12-08,99.0931,99.0931,99.0931,99.0931,59895000,0.00%,454946406,572092040406,5935181.22,0
2044-12-09,99.0931,99.0931,99.0931,99.0931,124695000,0.00%,330251406,572092040406,12356414.1,0
2044-12-12,99.0931,99.0931,99.0931,99.0931,101070000,0.00%,229181406,572092040406,10015339.62,0
2044-12-13,99.0931,99.0931,99.0931,99.0931,136260000,0.00%,92921406,572092040406,13502425.81,0
2044-12-14,99.0931,99.0931,99.0931,99.0931,58950000,0.00%,33971406,572092040406,5841538.25,0
2044-12-15,99.0931,99.1922,99.1922,99.0931,105345000,0.10%,681614069,572845028069,10449402.31,752987663
2044-12-16,99.1922,99.1922,99.1922,99.1922,73350000,0.00%,608264069,572845028069,7275747.87,0
2044-12-19,99.1922,99.1922,99.1922,99.1922,63270000,0.00%,544994069,572845028069,6275890.49,0
2044-12-20,99.1922,99.1922,99.1922,99.1922,75510000,0.00%,469484069,572845028069,7490003.02,0
2044-12-21,99.1922,99.1922,99.1922,99.1922,67095000,0.00%,402389069,572845028069,6655300.66,0
2044-12-22,99.1922,99.1922,99.1922,99.1922,156015000,0.00%,246374069,572845028069,15475471.08,0
2044-12-23,99.1922,99.1922,99.1922,99.1922,201735000,0.00%,44639069,572845028069,20010538.47,0
2044-12-26,99.1922,99.2914,99.2914,99.1922,93870000,0.10%,717366534,573611625534,9320483.72,766597464
2044-12-27,99.2914,99.2914,99.2914,99.2914,35415000,0.00%,681951534,573611625534,3516404.93,0
2044-12-30,99.2914,99.2914,99.2914,99.2914,60975000,0.00%,620976534,573611625534,6054293.12,0
2045-01-02,99.2914,99.2914,99.2914,99.2914,62191999,0.00%,558784534,573611625534,6175130.75,0
2045-01-03,99.2914,99.2914,99.2914,99.2914,50001999,0.00%,508782534,573611625534,4964768.58,0
2045-01-05,99.2914,99.2914,99.2914,99.2914,95358000,0.00%,413424534,573611625534,9468229.32,0
2045-01-06,99.2914,99.2914,99.2914,99.2914,77464000,0.00%,335960534,573611625534,7691509.01,0
2045-01-09,99.2914,99.2914,99.2914,99.2914,77602000,0.00%,258358534,573611625534,7705211.22,0
2045-01-10,99.2914,99.3907,99.3907,99.2914,657432000,0.10%,424249057,574434948057,65342626.68,823322522
2045-01-11,99.3907,99.4901,99.4901,99.3907,439115999,0.10%,805967242,575255782242,43687694.75,820834184
2045-01-12,99.4901,99.4901,99.4901,99.4901,278668000,0.00%,527299242,575255782242,27724707.19,0
2045-01-13,99.4901,99.4901,99.4901,99.4901,170430000,0.00%,356869242,575255782242,16956097.74,0
2045-01-16,99.4901,99.4901,99.4901,99.4901,160034000,0.00%,196835242,575255782242,15921798.66,0
2045-01-17,99.4901,99.4901,99.4901,99.4901,186852000,0.00%,9983242,575255782242,18589924.17,0
2045-01-18,99.4901,99.5896,99.5896,99.4901,134135999,0.10%,694452462,576074387462,13358550.59,818605220
2045-01-19,99.5896,99.5896,99.5896,99.5896,120243999,0.00%,574208462,576074387462,11975051.86,0
2045-01-20,99.5896,99.5896,99.5896,99.5896,78844000,0.00%,495364462,576074387462,7852042.42,0
2045-01-23,99.5896,99.5896,99.5896,99.5896,143244000,0.00%,352120462,576074387462,14265612.66,0
2045-01-24,99.5896,99.5896,99.5896,99.5896,116149999,0.00%,235970462,576074387462,11567332.04,0
2045-01-25,99.5896,99.5896,99.5896,99.5896,82156000,0.00%,153814462,576074387462,8181883.18,0
2045-01-26,99.5896,99.5896,99.5896,99.5896,97795999,0.00%,56018462,576074387462,9739464.52,0
2045-01-27,99.5896,99.6892,99.6892,99.5896,110767999,0.10%,754461209,576883598209,11042373.31,809210746
2045-01-30,99.6892,99.6892,99.6892,99.6892,108605999,0.00%,645855209,576883598209,10826845.26,0
2045-01-31,99.6892,99.6892,99.6892,99.6892,65319999,0.00%,580535209,576883598209,6511698.54,0
2045-02-06,99.6892,99.6892,99.6892,99.6892,128431999,0.00%,452103209,576883598209,12803283.33,0
2045-02-07,99.6892,99.6892,99.6892,99.6892,143888000,0.00%,308215209,576883598209,14344079.61,0
2045-02-08,99.6892,99.6892,99.6892,99.6892,147798000,0.00%,160417209,576883598209,14733864.38,0
2045-02-09,99.6892,99.6892,99.6892,99.6892,90114000,0.00%,70303209,576883598209,8983392.57,0
2045-02-10,99.6892,99.7889,99.7889,99.6892,159022000,0.10%,722564578,577694881578,15868630.46,811283369
2045-02-13,99.7889,99.7889,99.7889,99.7889,144486000,0.00%,578078578,577694881578,14418099.01,0
2045-02-14,99.7889,99.7889,99.7889,99.7889,142094000,0.00%,435984578,577694881578,14179403.96,0
2045-02-15,99.7889,99.7889,99.7889,99.7889,175996000,0.00%,259988578,577694881578,17562447.24,0
2045-02-16,99.7889,99.8887,99.8887,99.7889,280554000,0.10%,787555410,578503002410,28024174.34,808120831
2045-02-17,99.8887,99.8887,99.8887,99.8887,342792000,0.00%,444763410,578503002410,34241047.25,0
2045-02-20,99.8887,99.9886,99.9886,99.8887,580612000,0.10%,671293451,579310144451,58054581.02,807142041
2045-02-21,99.9886,99.9886,99.9886,99.9886,287638000,0.00%,383655451,579310144451,28760520.93,0
2045-02-22,99.9886,99.9886,99.9886,99.9886,156998000,0.00%,226657451,579310144451,15698010.22,0
2045-02-23,99.9886,99.9886,99.9886,99.9886,158930000,0.00%,67727451,579310144451,15891188.2,0
2045-02-24,99.9886,100.0885,100.0885,99.9886,338330000,0.10%,525581651,580106328651,33862942.2,796184199
2045-02-27,100.0885,100.0885,100.0885,100.0885,310684000,0.00%,214897651,580106328651,31095895.53,0
2045-02-28,100.0885,100.1886,100.1886,100.0885,259945999,0.10%,736013506,580887390506,26043625.82,781061855
2045-03-01,100.1886,100.1886,100.1886,100.1886,186254000,0.00%,549759506,580887390506,18660527.5,0
2045-03-02,100.1886,100.1886,100.1886,100.1886,178940000,0.00%,370819506,580887390506,17927748.08,0
2045-03-03,100.1886,100.1886,100.1886,100.1886,239935999,0.00%,130883506,580887390506,24038851.93,0
2045-03-06,100.1886,100.2888,100.2888,100.1886,150650000,0.10%,755185312,581662342312,15108507.72,774951806
2045-03-07,100.2888,100.2888,100.2888,100.2888,143152000,0.00%,612033312,581662342312,14356542.3,0
2045-03-08,100.2888,100.2888,100.2888,100.2888,161782000,0.00%,450251312,581662342312,16224922.64,0
2045-03-09,100.2888,100.2888,100.2888,100.2888,366528000,0.00%,83723312,581662342312,36758653.29,0
2045-03-10,100.2888,100.3891,100.3891,100.2888,213853999,0.10%,638637040,582431110040,21468610.59,768767728
2045-03-13,100.3891,100.3891,100.3891,100.3891,158332000,0.00%,480305040,582431110040,15894806.98,0
2045-03-14,100.3891,100.3891,100.3891,100.3891,155710000,0.00%,324595040,582431110040,15631586.76,0
2045-03-15,100.3891,100.3891,100.3891,100.3891,128937999,0.00%,195657040,582431110040,12943969.78,0
2045-03-16,100.3891,100.3891,100.3891,100.3891,125717999,0.00%,69939040,582431110040,12620716.87,0
2045-03-17,100.3891,100.4895,100.4895,100.3891,141266000,0.10%,697847123,583200284123,14195749.71,769174082
2045-03-20,100.4895,100.4895,100.4895,100.4895,101659999,0.00%,596187123,583200284123,10215762.57,0
2045-03-21,100.4895,100.4895,100.4895,100.4895,154744000,0.00%,441443123,583200284123,15550147.19,0
2045-03-22,100.4895,100.4895,100.4895,100.4895,145360000,0.00%,296083123,583200284123,14607153.72,0
2045-03-23,100.4895,100.4895,100.4895,100.4895,229309999,0.00%,66773123,583200284123,23043247.25,0
2045-03-24,100.4895,100.59,100.59,100.4895,194395999,0.10%,638447979,583966354979,19554293.64,766070856
2045-03-27,100.59,100.59,100.59,100.59,113159999,0.00%,525287979,583966354979,11382764.4,0
2045-03-28,100.59,100.59,100.59,100.59,127603999,0.00%,397683979,583966354979,12835686.36,0
2045-03-29,100.59,100.59,100.59,100.59,79626000,0.00%,318057979,583966354979,8009579.34,0
2045-03-30,100.59,100.59,100.59,100.59,80960000,0.00%,237097979,583966354979,8143766.4,0
2045-03-31,100.59,100.59,100.59,100.59,85514000,0.00%,151583979,583966354979,8601853.26,0
2045-04-03,100.59,100.59,100.59,100.59,128983999,0.00%,22599979,583966354979,12974500.56,0
2045-04-04,100.59,100.6906,100.6906,100.59,89792000,0.10%,707149573,584740696573,9041210.36,774341593
2045-04-05,100.6906,100.6906,100.6906,100.6906,65549999,0.00%,641599573,584740696573,6600268.83,0
2045-04-06,100.6906,100.6906,100.6906,100.6906,134412000,0.00%,507187573,584740696573,13534024.93,0
2045-04-10,100.6906,100.7913,100.7913,100.6906,567456000,0.10%,718050342,585519015342,57194627.93,778318769
2045-04-11,100.7913,100.7913,100.7913,100.7913,299552000,0.00%,418498342,585519015342,30192235.5,0
2045-04-12,100.7913,100.7913,100.7913,100.7913,305808000,0.00%,112690342,585519015342,30822785.87,0
2045-04-13,100.7913,100.8921,100.8921,100.7913,265879999,0.10%,672377845,586344582845,26825191.55,825567503
2045-04-14,100.8921,100.8921,100.8921,100.8921,214313999,0.00%,458063845,586344582845,21622589.52,0
2045-04-17,100.8921,100.8921,100.8921,100.8921,139610000,0.00%,318453845,586344582845,14085546.08,0
2045-04-18,100.8921,100.8921,100.8921,100.8921,93150000,0.00%,225303845,586344582845,9398099.12,0
2045-04-19,100.8921,100.8921,100.8921,100.8921,125671999,0.00%,99631845,586344582845,12679311.99,0
2045-04-20,100.8921,100.9929,100.9929,100.8921,112607999,0.10%,826607309,587184166309,11372608.48,839583463
2045-04-25,100.9929,100.9929,100.9929,100.9929,110583999,0.00%,716023309,587184166309,11168198.85,0
2045-04-26,100.9929,100.9929,100.9929,100.9929,124199999,0.00%,591823309,587184166309,12543318.18,0
2045-04-27,100.9929,100.9929,100.9929,100.9929,86986000,0.00%,504837309,587184166309,8784968.4,0
2045-04-28,100.9929,100.9929,100.9929,100.9929,132249999,0.00%,372587309,587184166309,13356311.03,0
2045-05-01,100.9929,100.9929,100.9929,100.9929,63525999,0.00%,309061309,587184166309,6415674.97,0
2045-05-02,100.9929,100.9929,100.9929,100.9929,75302000,0.00%,233759309,587184166309,7604967.36,0
2045-05-03,100.9929,100.9929,100.9929,100.9929,70426000,0.00%,163333309,587184166309,7112525.98,0
2045-05-05,100.9929,100.9929,100.9929,100.9929,60903999,0.00%,102429309,587184166309,6150871.58,0
2045-05-09,100.9929,100.9929,100.9929,100.9929,91126000,0.00%,11303309,587184166309,9203079.01,0
2045-05-10,100.9929,101.0939,101.0939,100.9929,117851999,0.10%,752801157,588043516157,11914118.3,859349848
2045-05-11,101.0939,101.0939,101.0939,101.0939,91172000,0.00%,661629157,588043516157,9216933.05,0
2045-05-12,101.0939,101.0939,101.0939,101.0939,63387999,0.00%,598241157,588043516157,6408140.13,0
2045-05-15,101.0939,101.0939,101.0939,101.0939,164910000,0.00%,433331157,588043516157,16671395.05,0
2045-05-16,101.0939,101.0939,101.0939,101.0939,106351999,0.00%,326979157,588043516157,10751538.45,0
2045-05-17,101.0939,101.0939,101.0939,101.0939,111733999,0.00%,215245157,588043516157,11295625.82,0
2045-05-18,101.0939,101.0939,101.0939,101.0939,150879999,0.00%,64365157,588043516157,15253047.63,0
2045-05-19,101.0939,101.195,101.195,101.0939,98117999,0.10%,847450726,588924719726,9929051.01,881203568
2045-05-22,101.195,101.195,101.195,101.195,103315999,0.00%,744134726,588924719726,10455062.62,0
2045-05-23,101.195,101.195,101.195,101.195,72634000,0.00%,671500726,588924719726,7350197.63,0
2045-05-24,101.195,101.195,101.195,101.195,87032000,0.00%,584468726,588924719726,8807203.24,0
2045-05-25,101.195,101.195,101.195,101.195,65687999,0.00%,518780726,588924719726,6647297.16,0
2045-05-26,101.195,101.195,101.195,101.195,74796000,0.00%,443984726,588924719726,7568981.22,0
2045-05-29,101.195,101.195,101.195,101.195,79534000,0.00%,364450726,588924719726,8048443.13,0
2045-05-30,101.195,101.195,101.195,101.195,68954000,0.00%,295496726,588924719726,6977800.03,0
2045-05-31,101.195,101.195,101.195,101.195,77326000,0.00%,218170726,588924719726,7825004.57,0
2045-06-01,101.195,101.195,101.195,101.195,89102000,0.00%,129068726,588924719726,9016676.89,0
2045-06-02,101.195,101.2962,101.2962,101.195,130087999,0.10%,989549991,589915288991,13177420.07,990569264
2045-06-05,101.2962,101.2962,101.2962,101.2962,60213999,0.00%,929335991,589915288991,6099449.39,0
2045-06-06,101.2962,101.2962,101.2962,101.2962,67206000,0.00%,862129991,589915288991,6807712.42,0
2045-06-07,101.2962,101.2962,101.2962,101.2962,84548000,0.00%,777581991,589915288991,8564391.12,0
2045-06-08,101.2962,101.2962,101.2962,101.2962,88918000,0.00%,688663991,589915288991,9007055.51,0
2045-06-09,101.2962,101.2962,101.2962,101.2962,60443999,0.00%,628219991,589915288991,6122747.51,0
2045-06-12,101.2962,101.2962,101.2962,101.2962,85008000,0.00%,543211991,589915288991,8610987.37,0
2045-06-13,101.2962,101.2962,101.2962,101.2962,78384000,0.00%,464827991,589915288991,7940001.34,0
2045-06-14,101.2962,101.2962,101.2962,101.2962,67988000,0.00%,396839991,589915288991,6886926.05,0
2045-06-15,101.2962,101.2962,101.2962,101.2962,61501999,0.00%,335337991,589915288991,6229918.89,0
2045-06-16,101.2962,101.2962,101.2962,101.2962,87814000,0.00%,247523991,589915288991,8895224.51,0
2045-06-19,101.2962,101.2962,101.2962,101.2962,63387999,0.00%,184135991,589915288991,6420963.53,0
2045-06-20,101.2962,101.2962,101.2962,101.2962,52991999,0.00%,131143991,589915288991,5367888.23,0
2045-06-21,101.2962,101.2962,101.2962,101.2962,69874000,0.00%,61269991,589915288991,7077970.68,0
2045-06-22,101.2962,101.3975,101.3975,101.2962,89194000,0.10%,1010571869,590953784869,9044048.62,1038495878
2045-06-23,101.3975,101.3975,101.3975,101.3975,94852000,0.00%,915719869,590953784869,9617755.67,0
2045-06-26,101.3975,101.3975,101.3975,101.3975,65549999,0.00%,850169869,590953784869,6646606.12,0
2045-06-27,101.3975,101.3975,101.3975,101.3975,81742000,0.00%,768427869,590953784869,8288434.44,0
2045-06-28,101.3975,101.3975,101.3975,101.3975,80914000,0.00%,687513869,590953784869,8204477.31,0
2045-06-29,101.3975,101.3975,101.3975,101.3975,69000000,0.00%,618513869,590953784869,6996427.5,0
2045-06-30,101.3975,101.3975,101.3975,101.3975,69828000,0.00%,548685869,590953784869,7080384.63,0
2045-07-03,101.3975,101.3975,101.3975,101.3975,84916000,0.00%,463769869,590953784869,8610270.11,0
2045-07-05,101.3975,101.3975,101.3975,101.3975,83720000,0.00%,380049869,590953784869,8488998.7,0
2045-07-06,101.3975,101.3975,101.3975,101.3975,87216000,0.00%,292833869,590953784869,8843484.36,0
2045-07-07,101.3975,101.3975,101.3975,101.3975,67436000,0.00%,225397869,590953784869,6837841.81,0
2045-07-10,101.3975,101.3975,101.3975,101.3975,53497999,0.00%,171899869,590953784869,5424563.45,0
2045-07-11,101.3975,101.3975,101.3975,101.3975,60581999,0.00%,111317869,590953784869,6142863.34,0
2045-07-12,101.3975,101.3975,101.3975,101.3975,81972000,0.00%,29345869,590953784869,8311755.87,0
2045-07-13,101.3975,101.4989,101.4989,101.3975,64537999,0.10%,1069389381,592058366381,6550536.01,1104581512
2045-07-14,101.4989,101.4989,101.4989,101.4989,88458000,0.00%,980931381,592058366381,8978389.7,0
2045-07-17,101.4989,101.4989,101.4989,101.4989,53819999,0.00%,927111381,592058366381,5462670.8,0
2045-07-18,101.4989,101.4989,101.4989,101.4989,126269999,0.00%,800841381,592058366381,12816266.1,0
2045-07-19,101.4989,101.4989,101.4989,101.4989,106949999,0.00%,693891381,592058366381,10855307.36,0
2045-07-20,101.4989,101.4989,101.4989,101.4989,63203999,0.00%,630687381,592058366381,6415136.48,0
2045-07-21,101.4989,101.4989,101.4989,101.4989,63387999,0.00%,567299381,592058366381,6433812.27,0
2045-07-24,101.4989,101.4989,101.4989,101.4989,61041999,0.00%,506257381,592058366381,6195695.85,0
2045-07-25,101.4989,101.4989,101.4989,101.4989,80960000,0.00%,425297381,592058366381,8217350.94,0
2045-07-26,101.4989,101.4989,101.4989,101.4989,215003999,0.00%,210293381,592058366381,21822669.5,0
2045-07-27,101.4989,101.4989,101.4989,101.4989,111227999,0.00%,99065381,592058366381,11289519.65,0
2045-07-28,101.4989,101.4989,101.4989,101.4989,91494000,0.00%,7571381,592058366381,9286540.36,0
2045-07-31,101.4989,101.6004,101.6004,101.4989,67436000,0.10%,1055224620,593173455620,6851524.57,1115089239
2045-08-01,101.6004,101.6004,101.6004,101.6004,77510000,0.00%,977714620,593173455620,7875047.0,0
2045-08-02,101.6004,101.6004,101.6004,101.6004,89056000,0.00%,888658620,593173455620,9048125.22,0
2045-08-03,101.6004,101.6004,101.6004,101.6004,94070000,0.00%,794588620,593173455620,9557549.63,0
2045-08-04,101.6004,101.6004,101.6004,101.6004,97519999,0.00%,697068620,593173455620,9908071.01,0
2045-08-07,101.6004,101.6004,101.6004,101.6004,79764000,0.00%,617304620,593173455620,8104054.31,0
2045-08-08,101.6004,101.6004,101.6004,101.6004,79810000,0.00%,537494620,593173455620,8108727.92,0
2045-08-09,101.6004,101.6004,101.6004,101.6004,95404000,0.00%,442090620,593173455620,9693084.56,0
2045-08-10,101.6004,101.6004,101.6004,101.6004,77924000,0.00%,364166620,593173455620,7917109.57,0
2045-08-11,101.6004,101.6004,101.6004,101.6004,61225999,0.00%,302940620,593173455620,6220586.09,0
2045-08-14,101.6004,101.6004,101.6004,101.6004,54233999,0.00%,248706620,593173455620,5510196.09,0
2045-08-15,101.6004,101.6004,101.6004,101.6004,63617999,0.00%,185088620,593173455620,6463614.25,0
2045-08-16,101.6004,101.6004,101.6004,101.6004,172960000,0.00%,12128620,593173455620,17572805.18,0
2045-08-17,101.6004,101.702,101.702,101.6004,167164000,0.10%,973155023,594301646023,17000913.13,1128190403
2045-08-18,101.702,101.702,101.702,101.702,102027999,0.00%,871127023,594301646023,10376451.66,0
2045-08-21,101.702,101.702,101.702,101.702,80914000,0.00%,790213023,594301646023,8229115.63,0
2045-08-22,101.702,101.702,101.702,101.702,75256000,0.00%,714957023,594301646023,7653685.71,0
2045-08-23,101.702,101.702,101.702,101.702,73370000,0.00%,641587023,594301646023,7461875.74,0
2045-08-24,101.702,101.702,101.702,101.702,65733999,0.00%,575853023,594301646023,6685279.27,0
2045-08-25,101.702,101.702,101.702,101.702,89148000,0.00%,486705023,594301646023,9066529.9,0
2045-08-28,101.702,101.702,101.702,101.702,118173999,0.00%,368531023,594301646023,12018532.15,0
2045-08-29,101.702,101.702,101.702,101.702,95036000,0.00%,273495023,594301646023,9665351.27,0
2045-08-30,101.702,101.702,101.702,101.702,97795999,0.00%,175699023,594301646023,9946048.79,0
2045-08-31,101.702,101.702,101.702,101.702,99865999,0.00%,75833023,594301646023,10156571.93,0
2045-09-01,101.702,101.8037,101.8037,101.702,83858000,0.10%,1110337547,595420008547,8537054.67,1118362523
2045-09-04,101.8037,101.8037,101.8037,101.8037,73416000,0.00%,1036921547,595420008547,7474020.44,0
2045-09-05,101.8037,101.8037,101.8037,101.8037,68126000,0.00%,968795547,595420008547,6935478.87,0
2045-09-06,101.8037,101.8037,101.8037,101.8037,71392000,0.00%,897403547,595420008547,7267969.75,0
2045-09-07,101.8037,101.8037,101.8037,101.8037,82800000,0.00%,814603547,595420008547,8429346.36,0
2045-09-08,101.8037,101.8037,101.8037,101.8037,87630000,0.00%,726973547,595420008547,8921058.23,0
2045-09-11,101.8037,101.8037,101.8037,101.8037,100371999,0.00%,626601547,595420008547,10218240.98,0
2045-09-12,101.8037,101.8037,101.8037,101.8037,91402000,0.00%,535199547,595420008547,9305061.79,0
2045-09-13,101.8037,101.8037,101.8037,101.8037,88274000,0.00%,446925547,595420008547,8986619.81,0
2045-09-14,101.8037,101.8037,101.8037,101.8037,83674000,0.00%,363251547,595420008547,8518322.79,0
2045-09-15,101.8037,101.8037,101.8037,101.8037,95588000,0.00%,267663547,595420008547,9731212.08,0
2045-09-18,101.8037,101.8037,101.8037,101.8037,75302000,0.00%,192361547,595420008547,7666022.22,0
2045-09-19,101.8037,101.8037,101.8037,101.8037,61363999,0.00%,130997547,595420008547,6247082.25,0
2045-09-20,101.8037,101.8037,101.8037,101.8037,102809999,0.00%,28187547,595420008547,10466438.4,0
2045-09-21,101.8037,101.9055,101.9055,101.8037,137954000,0.10%,985469854,596515244854,14058271.35,1095236307
2045-09-22,101.9055,101.9055,101.9055,101.9055,95726000,0.00%,889743854,596515244854,9755005.89,0
2045-09-25,101.9055,101.9055,101.9055,101.9055,59339999,0.00%,830403854,596515244854,6047072.37,0
2045-09-26,101.9055,101.9055,101.9055,101.9055,70334000,0.00%,760069854,596515244854,7167421.44,0
2045-09-27,101.9055,101.9055,101.9055,101.9055,84824000,0.00%,675245854,596515244854,8644032.13,0
2045-09-28,101.9055,101.9055,101.9055,101.9055,79948000,0.00%,595297854,596515244854,8147140.91,0
2045-09-29,101.9055,101.9055,101.9055,101.9055,89700000,0.00%,505597854,596515244854,9140923.35,0
2045-10-02,101.9055,101.9055,101.9055,101.9055,94254000,0.00%,411343854,596515244854,9605001.0,0
2045-10-03,101.9055,101.9055,101.9055,101.9055,94806000,0.00%,316537854,596515244854,9661252.83,0
2045-10-05,101.9055,101.9055,101.9055,101.9055,78844000,0.00%,237693854,596515244854,8034637.24,0
2045-10-06,101.9055,101.9055,101.9055,101.9055,32797999,0.00%,204895854,596515244854,3342296.59,0
2045-10-09,101.9055,101.9055,101.9055,101.9055,36018000,0.00%,168877854,596515244854,3670432.3,0
2045-10-11,101.9055,101.9055,101.9055,101.9055,48483999,0.00%,120393854,596515244854,4940786.26,0
2045-10-12,101.9055,101.9055,101.9055,101.9055,66469999,0.00%,53923854,596515244854,6773658.58,0
2045-10-13,101.9055,102.0074,102.0074,101.9055,91540000,0.10%,1045444318,597598305318,9337757.4,1083060463
2045-10-16,102.0074,102.0074,102.0074,102.0074,174846000,0.00%,870598318,597598305318,17835585.86,0
2045-10-17,102.0074,102.0074,102.0074,102.0074,123279999,0.00%,747318318,597598305318,12575472.27,0
2045-10-18,102.0074,102.0074,102.0074,102.0074,84548000,0.00%,662770318,597598305318,8624521.66,0
2045-10-19,102.0074,102.0074,102.0074,102.0074,65733999,0.00%,597036318,597598305318,6705354.43,0
2045-10-20,102.0074,102.0074,102.0074,102.0074,85790000,0.00%,511246318,597598305318,8751214.85,0
2045-10-23,102.0074,102.0074,102.0074,102.0074,68816000,0.00%,442430318,597598305318,7019741.24,0
2045-10-24,102.0074,102.0074,102.0074,102.0074,65181999,0.00%,377248318,597598305318,6649046.35,0
2045-10-25,102.0074,102.0074,102.0074,102.0074,45908000,0.00%,331340318,597598305318,4682955.72,0
2045-10-26,102.0074,102.0074,102.0074,102.0074,57131999,0.00%,274208318,597598305318,5827886.78,0
2045-10-27,102.0074,102.0074,102.0074,102.0074,55199999,0.00%,219008318,597598305318,5630808.48,0
2045-10-30,102.0074,102.0074,102.0074,102.0074,73784000,0.00%,145224318,597598305318,7526514.0,0
2045-10-31,102.0074,102.0074,102.0074,102.0074,74980000,0.00%,70244318,597598305318,7648514.85,0
2045-11-02,102.0074,102.1094,102.1094,102.0074,100141999,0.10%,1050777607,598678980607,10225439.53,1080675288
2045-11-03,102.1094,102.1094,102.1094,102.1094,94668000,0.00%,956109607,598678980607,9666492.68,0
2045-11-06,102.1094,102.1094,102.1094,102.1094,53313999,0.00%,902795607,598678980607,5443860.55,0
2045-11-07,102.1094,102.1094,102.1094,102.1094,68862000,0.00%,833933607,598678980607,7031457.5,0
2045-11-08,102.1094,102.1094,102.1094,102.1094,61225999,0.00%,772707607,598678980607,6251750.12,0
2045-11-09,102.1094,102.1094,102.1094,102.1094,60167999,0.00%,712539607,598678980607,6143718.38,0
2045-11-10,102.1094,102.1094,102.1094,102.1094,61225999,0.00%,651313607,598678980607,6251750.12,0
2045-11-13,102.1094,102.1094,102.1094,102.1094,66745999,0.00%,584567607,598678980607,6815394.01,0
2045-11-14,102.1094,102.1094,102.1094,102.1094,60213999,0.00%,524353607,598678980607,6148415.41,0
2045-11-15,102.1094,102.1094,102.1094,102.1094,62835999,0.00%,461517607,598678980607,6416146.26,0
2045-11-16,102.1094,102.1094,102.1094,102.1094,79580000,0.00%,381937607,598678980607,8125866.05,0
2045-11-17,102.1094,102.1094,102.1094,102.1094,91816000,0.00%,290121607,598678980607,9375276.67,0
2045-11-20,102.1094,102.1094,102.1094,102.1094,63433999,0.00%,226687607,598678980607,6477207.68,0
2045-11-21,102.1094,102.1094,102.1094,102.1094,86572000,0.00%,140115607,598678980607,8839814.98,0
2045-11-22,102.1094,102.1094,102.1094,102.1094,64215999,0.00%,75899607,598678980607,6557057.23,0
2045-11-23,102.1094,102.1094,102.1094,102.1094,64491999,0.00%,11407607,598678980607,6585239.42,0
2045-11-24,102.1094,102.2116,102.2116,102.1094,109157999,0.10%,973662974,599750393974,11157213.83,1071413367
2045-11-27,102.2116,102.2116,102.2116,102.2116,102947999,0.00%,870714974,599750393974,10522479.8,0
2045-11-28,102.2116,102.2116,102.2116,102.2116,68448000,0.00%,802266974,599750393974,6996179.6,0
2045-11-29,102.2116,102.2116,102.2116,102.2116,66377999,0.00%,735888974,599750393974,6784601.58,0
2045-11-30,102.2116,102.2116,102.2116,102.2116,71254000,0.00%,664634974,599750393974,7282985.35,0
2045-12-01,102.2116,102.2116,102.2116,102.2116,60811999,0.00%,603822974,599750393974,6215691.82,0
2045-12-04,102.2116,102.2116,102.2116,102.2116,58143999,0.00%,545678974,599750393974,5942991.27,0
2045-12-05,102.2116,102.2116,102.2116,102.2116,52715999,0.00%,492962974,599750393974,5388186.71,0
2045-12-06,102.2116,102.2116,102.2116,102.2116,50599999,0.00%,442362974,599750393974,5171906.96,0
2045-12-07,102.2116,102.2116,102.2116,102.2116,70518000,0.00%,371844974,599750393974,7207757.61,0
2045-12-08,102.2116,102.2116,102.2116,102.2116,67344000,0.00%,304500974,599750393974,6883337.99,0
2045-12-11,102.2116,102.2116,102.2116,102.2116,61731999,0.00%,242768974,599750393974,6309726.49,0
2045-12-12,102.2116,102.2116,102.2116,102.2116,80178000,0.00%,162590974,599750393974,8195121.66,0
2045-12-13,102.2116,102.2116,102.2116,102.2116,67850000,0.00%,94740974,599750393974,6935057.06,0
2045-12-14,102.2116,102.2116,102.2116,102.2116,57407999,0.00%,37332974,599750393974,5867763.53,0
2045-12-15,102.2116,102.3138,102.3138,102.2116,82018000,0.10%,1034386075,600829465075,8391573.25,1079071101
2045-12-18,102.3138,102.3138,102.3138,102.3138,69782000,0.00%,964604075,600829465075,7139661.59,0
2045-12-19,102.3138,102.3138,102.3138,102.3138,73554000,0.00%,891050075,600829465075,7525589.25,0
2045-12-20,102.3138,102.3138,102.3138,102.3138,68172000,0.00%,822878075,600829465075,6974936.37,0
2045-12-21,102.3138,102.3138,102.3138,102.3138,46690000,0.00%,776188075,600829465075,4777031.32,0
2045-12-22,102.3138,102.3138,102.3138,102.3138,81742000,0.00%,694446075,600829465075,8363334.64,0
2045-12-25,102.3138,102.3138,102.3138,102.3138,63801999,0.00%,630644075,600829465075,6527825.07,0
2045-12-26,102.3138,102.3138,102.3138,102.3138,71852000,0.00%,558792075,600829465075,7351451.16,0
2045-12-27,102.3138,102.3138,102.3138,102.3138,33672000,0.00%,525120075,600829465075,3445110.27,0
2046-01-01,102.3138,102.3138,102.3138,102.3138,86950000,0.00%,438170075,600829465075,8896184.91,0
2046-01-02,102.3138,102.3138,102.3138,102.3138,63826000,0.00%,374344075,600829465075,6530280.6,0
2046-01-03,102.3138,102.3138,102.3138,102.3138,50948000,0.00%,323396075,600829465075,5212683.48,0
2046-01-05,102.3138,102.3138,102.3138,102.3138,76140000,0.00%,247256075,600829465075,7790172.73,0
2046-01-08,102.3138,102.3138,102.3138,102.3138,93765000,0.00%,153491075,600829465075,9593453.46,0
2046-01-09,102.3138,102.3138,102.3138,102.3138,113599000,0.00%,39892075,600829465075,11622745.37,0
2046-01-10,102.3138,102.4161,102.4161,102.3138,100486000,0.10%,1017516074,601907575074,10291384.22,1078109998
2046-01-11,102.4161,102.4161,102.4161,102.4161,88078000,0.00%,929438074,601907575074,9020605.26,0
2046-01-12,102.4161,102.4161,102.4161,102.4161,83707000,0.00%,845731074,601907575074,8572944.48,0
2046-01-15,102.4161,102.4161,102.4161,102.4161,129391000,0.00%,716340074,601907575074,13251721.6,0
2046-01-16,102.4161,102.4161,102.4161,102.4161,113787000,0.00%,602553074,601907575074,11653620.77,0
2046-01-17,102.4161,102.4161,102.4161,102.4161,134796000,0.00%,467757074,601907575074,13805280.62,0
2046-01-18,102.4161,102.4161,102.4161,102.4161,123093000,0.00%,344664074,601907575074,12606705.0,0
2046-01-19,102.4161,102.4161,102.4161,102.4161,96914000,0.00%,247750074,601907575074,9925553.92,0
2046-01-22,102.4161,102.4161,102.4161,102.4161,62181000,0.00%,185569074,601907575074,6368335.51,0
2046-01-23,102.4161,102.4161,102.4161,102.4161,114351000,0.00%,71218074,601907575074,11711383.45,0
2046-01-24,102.4161,102.5185,102.5185,102.4161,75200000,0.10%,1076556932,602988113932,7709391.2,1080538858
2046-01-25,102.5185,102.5185,102.5185,102.5185,127699000,0.00%,948857932,602988113932,13091509.93,0
2046-01-26,102.5185,102.5185,102.5185,102.5185,90146000,0.00%,858711932,602988113932,9241632.7,0
2046-01-29,102.5185,102.5185,102.5185,102.5185,81968000,0.00%,776743932,602988113932,8403236.41,0
2046-01-30,102.5185,102.5185,102.5185,102.5185,112283000,0.00%,664460932,602988113932,11511084.74,0
2046-01-31,102.5185,102.5185,102.5185,102.5185,120226000,0.00%,544234932,602988113932,12325389.18,0
2046-02-01,102.5185,102.5185,102.5185,102.5185,107865000,0.00%,436369932,602988113932,11058158.0,0
2046-02-02,102.5185,102.5185,102.5185,102.5185,100956000,0.00%,335413932,602988113932,10349857.69,0
2046-02-05,102.5185,102.5185,102.5185,102.5185,131271000,0.00%,204142932,602988113932,13457706.01,0
2046-02-06,102.5185,102.621,102.621,102.5185,306111000,0.10%,969932761,604060014761,31413416.93,1071900828
2046-02-07,102.621,102.621,102.621,102.621,283739000,0.00%,686193761,604060014761,29117579.92,0
2046-02-08,102.621,102.621,102.621,102.621,372757000,0.00%,313436761,604060014761,38252696.1,0
2046-02-09,102.621,102.621,102.621,102.621,166380000,0.00%,147056761,604060014761,17074081.98,0
2046-02-12,102.621,102.621,102.621,102.621,123986000,0.00%,23070761,604060014761,12723567.31,0
2046-02-13,102.621,102.7236,102.7236,102.621,137287000,0.10%,938476811,605112707811,14102614.87,1052693049
2046-02-14,102.7236,102.7236,102.7236,102.7236,111672000,0.00%,826804811,605112707811,11471349.86,0
2046-02-15,102.7236,102.7236,102.7236,102.7236,187013000,0.00%,639791811,605112707811,19210648.61,0
2046-02-16,102.7236,102.7236,102.7236,102.7236,126430000,0.00%,513361811,605112707811,12987344.75,0
2046-02-19,102.7236,102.7236,102.7236,102.7236,33934000,0.00%,479427811,605112707811,3485822.64,0
2046-02-23,102.7236,102.7236,102.7236,102.7236,100345000,0.00%,379082811,605112707811,10307799.64,0
2046-02-26,102.7236,102.7236,102.7236,102.7236,104058000,0.00%,275024811,605112707811,10689212.37,0
2046-02-27,102.7236,102.7236,102.7236,102.7236,169811000,0.00%,105213811,605112707811,17443597.24,0
2046-02-28,102.7236,102.8264,102.8264,102.7236,107348000,0.10%,1047738978,606162580978,11038208.39,1049873166
2046-03-01,102.8264,102.8264,102.8264,102.8264,120085000,0.00%,927653978,606162580978,12347908.24,0
2046-03-02,102.8264,102.8264,102.8264,102.8264,151481000,0.00%,776172978,606162580978,15576245.9,0
2046-03-05,102.8264,102.8264,102.8264,102.8264,144854000,0.00%,631318978,606162580978,14894815.35,0
2046-03-06,102.8264,102.8264,102.8264,102.8264,128639000,0.00%,502679978,606162580978,13227485.27,0
2046-03-07,102.8264,102.8264,102.8264,102.8264,154959000,0.00%,347720978,606162580978,15933876.12,0
2046-03-08,102.8264,102.8264,102.8264,102.8264,112612000,0.00%,235108978,606162580978,11579486.56,0
2046-03-09,102.8264,102.8264,102.8264,102.8264,142692000,0.00%,92416978,606162580978,14672504.67,0
2046-03-12,102.8264,102.9292,102.9292,102.8264,147486000,0.10%,985345943,607202995943,15180615.99,1040414965
2046-03-13,102.9292,102.9292,102.9292,102.9292,271942000,0.00%,713403943,607202995943,27990772.51,0
2046-03-14,102.9292,102.9292,102.9292,102.9292,223814000,0.00%,489589943,607202995943,23036995.97,0
2046-03-15,102.9292,102.9292,102.9292,102.9292,92402000,0.00%,397187943,607202995943,9510863.94,0
2046-03-16,102.9292,102.9292,102.9292,102.9292,80746000,0.00%,316441943,607202995943,8311121.18,0
2046-03-19,102.9292,102.9292,102.9292,102.9292,113834000,0.00%,202607943,607202995943,11716842.55,0
2046-03-20,102.9292,102.9292,102.9292,102.9292,107489000,0.00%,95118943,607202995943,11063756.78,0
2046-03-21,102.9292,103.0321,103.0321,102.9292,100345000,0.10%,1008563551,608216785551,10338756.07,1013789607
2046-03-22,103.0321,103.0321,103.0321,103.0321,279321000,0.00%,729242551,608216785551,28779029.2,0
2046-03-23,103.0321,103.0321,103.0321,103.0321,117124000,0.00%,612118551,608216785551,12067531.68,0
2046-03-26,103.0321,103.0321,103.0321,103.0321,165064000,0.00%,447054551,608216785551,17006890.55,0
2046-03-27,103.0321,103.0321,103.0321,103.0321,137992000,0.00%,309062551,608216785551,14217605.54,0
2046-03-28,103.0321,103.0321,103.0321,103.0321,175545000,0.00%,133517551,608216785551,18086769.99,0
2046-03-29,103.0321,103.0321,103.0321,103.0321,106314000,0.00%,27203551,608216785551,10953754.68,0
2046-03-30,103.0321,103.1351,103.1351,103.0321,95645000,0.10%,897472006,609182699006,9864356.64,965913455
2046-04-02,103.1351,103.1351,103.1351,103.1351,133527000,0.00%,763945006,609182699006,13771320.5,0
2046-04-03,103.1351,103.1351,103.1351,103.1351,121260000,0.00%,642685006,609182699006,12506162.23,0
2046-04-04,103.1351,103.1351,103.1351,103.1351,100016000,0.00%,542669006,609182699006,10315160.16,0
2046-04-05,103.1351,103.1351,103.1351,103.1351,80041000,0.00%,462628006,609182699006,8255036.54,0
2046-04-11,103.1351,103.1351,103.1351,103.1351,154442000,0.00%,308186006,609182699006,15928391.11,0
2046-04-12,103.1351,103.1351,103.1351,103.1351,97384000,0.00%,210802006,609182699006,10043708.58,0
2046-04-13,103.1351,103.1351,103.1351,103.1351,97149000,0.00%,113653006,609182699006,10019471.83,0
2046-04-16,103.1351,103.1351,103.1351,103.1351,99358000,0.00%,14295006,609182699006,10247297.27,0
2046-04-17,103.1351,103.2383,103.2383,103.1351,83801000,0.10%,882966548,610135171548,8651472.78,952472542
2046-04-18,103.2383,103.2383,103.2383,103.2383,95363000,0.00%,787603548,610135171548,9845114.0,0
2046-04-19,103.2383,103.2383,103.2383,103.2383,106032000,0.00%,681571548,610135171548,10946563.43,0
2046-04-20,103.2383,103.2383,103.2383,103.2383,64625000,0.00%,616946548,610135171548,6671775.14,0
2046-04-23,103.2383,103.2383,103.2383,103.2383,110121000,0.00%,506825548,610135171548,11368704.83,0
2046-04-24,103.2383,103.2383,103.2383,103.2383,61617000,0.00%,445208548,610135171548,6361234.33,0
2046-04-25,103.2383,103.2383,103.2383,103.2383,108899000,0.00%,336309548,610135171548,11242547.63,0
2046-04-26,103.2383,103.2383,103.2383,103.2383,110450000,0.00%,225859548,610135171548,11402670.23,0
2046-04-27,103.2383,103.2383,103.2383,103.2383,87279000,0.00%,138580548,610135171548,9010535.59,0
2046-04-30,103.2383,103.3415,103.3415,103.2383,211735000,0.10%,895129508,611103455508,21881012.5,968283959
2046-05-01,103.3415,103.3415,103.3415,103.3415,121213000,0.00%,773916508,611103455508,12526333.24,0
2046-05-02,103.3415,103.3415,103.3415,103.3415,90804000,0.00%,683112508,611103455508,9383821.57,0
2046-05-03,103.3415,103.3415,103.3415,103.3415,180527000,0.00%,502585508,611103455508,18655930.97,0
2046-05-07,103.3415,103.3415,103.3415,103.3415,111672000,0.00%,390913508,611103455508,11540351.99,0
2046-05-08,103.3415,103.3415,103.3415,103.3415,61100000,0.00%,329813508,611103455508,6314165.65,0
2046-05-09,103.3415,103.3415,103.3415,103.3415,208539000,0.00%,121274508,611103455508,21550733.07,0
2046-05-10,103.3415,103.4449,103.4449,103.3415,192653000,0.10%,895032324,612069866324,19928970.32,966410815
2046-05-11,103.4449,103.4449,103.4449,103.4449,118487000,0.00%,776545324,612069866324,12256875.87,0
2046-05-14,103.4449,103.4449,103.4449,103.4449,130707000,0.00%,645838324,612069866324,13520972.54,0
2046-05-15,103.4449,103.4449,103.4449,103.4449,152609000,0.00%,493229324,612069866324,15786622.74,0
2046-05-16,103.4449,103.4449,103.4449,103.4449,125114000,0.00%,368115324,612069866324,12942405.22,0
2046-05-17,103.4449,103.4449,103.4449,103.4449,184898000,0.00%,183217324,612069866324,19126755.12,0
2046-05-18,103.4449,103.4449,103.4449,103.4449,124315000,0.00%,58902324,612069866324,12859752.74,0
2046-05-21,103.4449,103.5483,103.5483,103.4449,138650000,0.10%,926493013,613076107013,14356971.79,1006240688
2046-05-22,103.5483,103.5483,103.5483,103.5483,158578000,0.00%,767915013,613076107013,16420482.32,0
2046-05-23,103.5483,103.5483,103.5483,103.5483,88971000,0.00%,678944013,613076107013,9212795.8,0
2046-05-24,103.5483,103.5483,103.5483,103.5483,186355000,0.00%,492589013,613076107013,19296743.45,0
2046-05-25,103.5483,103.5483,103.5483,103.5483,112800000,0.00%,379789013,613076107013,11680248.24,0
2046-05-29,103.5483,103.5483,103.5483,103.5483,154160000,0.00%,225629013,613076107013,15963005.93,0
2046-05-30,103.5483,103.5483,103.5483,103.5483,116842000,0.00%,108787013,613076107013,12098790.47,0
2046-05-31,103.5483,103.6519,103.6519,103.5483,198340000,0.10%,924313596,614089973596,20558317.85,1013866583
2046-06-01,103.6519,103.6519,103.6519,103.6519,225647000,0.00%,698666596,614089973596,23388740.28,0
2046-06-04,103.6519,103.6519,103.6519,103.6519,165252000,0.00%,533414596,614089973596,17128683.78,0
2046-06-05,103.6519,103.6519,103.6519,103.6519,478789000,0.00%,54625596,614089973596,49627389.55,0
2046-06-06,103.6519,103.7555,103.7555,103.6519,230770000,0.10%,834587583,615100705583,23943656.73,1010731987
2046-06-07,103.7555,103.7555,103.7555,103.7555,136535000,0.00%,698052583,615100705583,14166257.19,0
2046-06-08,103.7555,103.7555,103.7555,103.7555,148755000,0.00%,549297583,615100705583,15434149.4,0
2046-06-11,103.7555,103.7555,103.7555,103.7555,136394000,0.00%,412903583,615100705583,14151627.67,0
2046-06-12,103.7555,103.7555,103.7555,103.7555,175733000,0.00%,237170583,615100705583,18233265.28,0
2046-06-13,103.7555,103.7555,103.7555,103.7555,168213000,0.00%,68957583,615100705583,17453023.92,0
2046-06-14,103.7555,103.8593,103.8593,103.7555,134326000,0.10%,965542724,616131616724,13951004.33,1030911140
2046-06-15,103.8593,103.8593,103.8593,103.8593,104951000,0.00%,860591724,616131616724,10900137.39,0
2046-06-18,103.8593,103.8593,103.8593,103.8593,92825000,0.00%,767766724,616131616724,9640739.52,0
2046-06-19,103.8593,103.8593,103.8593,103.8593,114304000,0.00%,653462724,616131616724,11871533.43,0
2046-06-20,103.8593,103.8593,103.8593,103.8593,79712000,0.00%,573750724,616131616724,8278832.52,0
2046-06-21,103.8593,103.8593,103.8593,103.8593,141564000,0.00%,432186724,616131616724,14702737.95,0
2046-06-25,103.8593,103.8593,103.8593,103.8593,148332000,0.00%,283854724,616131616724,15405657.69,0
2046-06-26,103.8593,103.8593,103.8593,103.8593,204168000,0.00%,79686724,616131616724,21204745.56,0
2046-06-27,103.8593,103.9631,103.9631,103.8593,187812000,0.10%,935157793,617174899793,19525517.74,1043283069
2046-06-28,103.9631,103.9631,103.9631,103.9631,138509000,0.00%,796648793,617174899793,14399825.02,0
2046-06-29,103.9631,103.9631,103.9631,103.9631,149789000,0.00%,646859793,617174899793,15572528.79,0
2046-07-02,103.9631,103.9631,103.9631,103.9631,155429000,0.00%,491430793,617174899793,16158880.67,0
2046-07-03,103.9631,103.9631,103.9631,103.9631,183253000,0.00%,308177793,617174899793,19051549.96,0
2046-07-05,103.9631,103.9631,103.9631,103.9631,192277000,0.00%,115900793,617174899793,19989712.98,0
2046-07-06,103.9631,104.0671,104.0671,103.9631,117312000,0.10%,1008423608,618184734608,12208319.64,1009834815
2046-07-09,104.0671,104.0671,104.0671,104.0671,195050000,0.00%,813373608,618184734608,20298287.86,0
2046-07-10,104.0671,104.0671,104.0671,104.0671,260474000,0.00%,552899608,618184734608,27106773.81,0
2046-07-11,104.0671,104.0671,104.0671,104.0671,264516000,0.00%,288383608,618184734608,27527413.02,0
2046-07-12,104.0671,104.0671,104.0671,104.0671,199280000,0.00%,89103608,618184734608,20738491.69,0
2046-07-13,104.0671,104.1711,104.1711,104.0671,190068000,0.10%,891220052,619176919052,19799592.63,992184443
2046-07-16,104.1711,104.1711,104.1711,104.1711,144008000,0.00%,747212052,619176919052,15001471.77,0
2046-07-17,104.1711,104.1711,104.1711,104.1711,155711000,0.00%,591501052,619176919052,16220586.15,0
2046-07-18,104.1711,104.1711,104.1711,104.1711,93577000,0.00%,497924052,619176919052,9748019.02,0
2046-07-19,104.1711,104.1711,104.1711,104.1711,94846000,0.00%,403078052,619176919052,9880212.15,0
2046-07-20,104.1711,104.1711,104.1711,104.1711,69372000,0.00%,333706052,619176919052,7226557.55,0
2046-07-23,104.1711,104.1711,104.1711,104.1711,79477000,0.00%,254229052,619176919052,8279206.51,0
2046-07-24,104.1711,104.1711,104.1711,104.1711,93107000,0.00%,161122052,619176919052,9699058.61,0
2046-07-25,104.1711,104.1711,104.1711,104.1711,95410000,0.00%,65712052,619176919052,9938964.65,0
2046-07-26,104.1711,104.2753,104.2753,104.1711,73743000,0.10%,978562480,620163512480,7689573.45,986593427
2046-07-27,104.2753,104.2753,104.2753,104.2753,78772000,0.00%,899790480,620163512480,8213973.93,0
2046-07-30,104.2753,104.2753,104.2753,104.2753,386763000,0.00%,513027480,620163512480,40329827.85,0
2046-07-31,104.2753,104.2753,104.2753,104.2753,507741000,0.00%,5286480,620163512480,52944845.1,0
2046-08-01,104.2753,104.3796,104.3796,104.2753,530442000,0.10%,450775854,621139443854,55367323.78,975931374
2046-08-02,104.3796,104.3796,104.3796,104.3796,342630000,0.00%,108145854,621139443854,35763582.35,0
2046-08-03,104.3796,104.484,104.484,104.3796,190162000,0.10%,883509775,622104969775,19868886.41,965525920
2046-08-06,104.484,104.484,104.484,104.484,138415000,0.00%,745094775,622104969775,14462152.86,0
2046-08-07,104.484,104.484,104.484,104.484,553707000,0.00%,191387775,622104969775,57853522.19,0
2046-08-08,104.484,104.5885,104.5885,104.484,216670000,0.10%,921567311,623051819311,22661190.3,946849536
2046-08-09,104.5885,104.5885,104.5885,104.5885,275561000,0.00%,646006311,623051819311,28820511.65,0
2046-08-10,104.5885,104.5885,104.5885,104.5885,201865000,0.00%,444141311,623051819311,21112757.55,0
2046-08-13,104.5885,104.5885,104.5885,104.5885,192512000,0.00%,251629311,623051819311,20134541.31,0
2046-08-14,104.5885,104.5885,104.5885,104.5885,192136000,0.00%,59493311,623051819311,20095216.04,0
2046-08-15,104.5885,104.693,104.693,104.5885,94705000,0.10%,878278463,623965309463,9914950.56,913490151
2046-08-16,104.693,104.693,104.693,104.693,76845000,0.00%,801433463,623965309463,8045133.59,0
2046-08-17,104.693,104.693,104.693,104.693,124174000,0.00%,677259463,623965309463,13000148.58,0
2046-08-20,104.693,104.693,104.693,104.693,136394000,0.00%,540865463,623965309463,14279497.04,0
2046-08-21,104.693,104.693,104.693,104.693,202758000,0.00%,338107463,623965309463,21227343.29,0
2046-08-22,104.693,104.693,104.693,104.693,125020000,0.00%,213087463,623965309463,13088718.86,0
2046-08-23,104.693,104.7977,104.7977,104.693,240170000,0.10%,871527957,624863919957,25169263.61,898610494
2046-08-24,104.7977,104.7977,104.7977,104.7977,245058000,0.00%,626469957,624863919957,25681514.77,0
2046-08-27,104.7977,104.7977,104.7977,104.7977,209714000,0.00%,416755957,624863919957,21977544.86,0
2046-08-28,104.7977,104.7977,104.7977,104.7977,232744000,0.00%,184011957,624863919957,24391035.89,0
2046-08-29,104.7977,104.9025,104.9025,104.7977,193781000,0.10%,879749198,625753438198,20328111.35,889518240
2046-08-30,104.9025,104.9025,104.9025,104.9025,81310000,0.00%,798439198,625753438198,8529622.28,0
2046-08-31,104.9025,104.9025,104.9025,104.9025,110262000,0.00%,688177198,625753438198,11566759.46,0
2046-09-03,104.9025,104.9025,104.9025,104.9025,86856000,0.00%,601321198,625753438198,9111411.54,0
2046-09-04,104.9025,104.9025,104.9025,104.9025,245246000,0.00%,356075198,625753438198,25726918.52,0
2046-09-05,104.9025,104.9025,104.9025,104.9025,165910000,0.00%,190165198,625753438198,17404373.77,0
2046-09-06,104.9025,105.0074,105.0074,104.9025,190209000,0.10%,916648350,626670130350,19973352.55,916692152
2046-09-07,105.0074,105.0074,105.0074,105.0074,127558000,0.00%,789090350,626670130350,13394533.93,0
2046-09-10,105.0074,105.0074,105.0074,105.0074,125819000,0.00%,663271350,626670130350,13211926.06,0
2046-09-11,105.0074,105.0074,105.0074,105.0074,117312000,0.00%,545959350,626670130350,12318628.11,0
2046-09-12,105.0074,105.0074,105.0074,105.0074,155100000,0.00%,390859350,626670130350,16286647.74,0
2046-09-13,105.0074,105.0074,105.0074,105.0074,254223000,0.00%,136636350,626670130350,26695296.25,0
2046-09-14,105.0074,105.1124,105.1124,105.0074,167649000,0.10%,878015259,627579158259,17621988.75,909027908
2046-09-17,105.1124,105.1124,105.1124,105.1124,130754000,0.00%,747261259,627579158259,13743866.75,0
2046-09-18,105.1124,105.1124,105.1124,105.1124,93577000,0.00%,653684259,627579158259,9836103.05,0
2046-09-19,105.1124,105.1124,105.1124,105.1124,169999000,0.00%,483685259,627579158259,17869002.89,0
2046-09-20,105.1124,105.1124,105.1124,105.1124,115244000,0.00%,368441259,627579158259,12113573.43,0
2046-09-21,105.1124,105.1124,105.1124,105.1124,112706000,0.00%,255735259,627579158259,11846798.15,0
2046-09-24,105.1124,105.1124,105.1124,105.1124,72897000,0.00%,182838259,627579158259,7662378.62,0
2046-09-25,105.1124,105.1124,105.1124,105.1124,77832000,0.00%,105006259,627579158259,8181108.32,0
2046-09-27,105.1124,105.1124,105.1124,105.1124,104387000,0.00%,619259,627579158259,10972368.1,0
2046-09-28,105.1124,105.2176,105.2176,105.1124,78302000,0.10%,835423822,628492264822,8238748.52,913106562
2046-10-01,105.2176,105.2176,105.2176,105.2176,84459000,0.00%,750964822,628492264822,8886573.28,0
2046-10-02,105.2176,105.2176,105.2176,105.2176,98465000,0.00%,652499822,628492264822,10360250.98,0
2046-10-03,105.2176,105.2176,105.2176,105.2176,85775000,0.00%,566724822,628492264822,9025039.64,0
2046-10-04,105.2176,105.2176,105.2176,105.2176,81498000,0.00%,485226822,628492264822,8575023.96,0
2046-10-08,105.2176,105.2176,105.2176,105.2176,55084000,0.00%,430142822,628492264822,5795806.28,0
2046-10-09,105.2176,105.2176,105.2176,105.2176,55836000,0.00%,374306822,628492264822,5874929.91,0
2046-10-10,105.2176,105.2176,105.2176,105.2176,50995000,0.00%,323311822,628492264822,5365571.51,0
2046-10-11,105.2176,105.2176,105.2176,105.2176,68385000,0.00%,254926822,628492264822,7195305.58,0
2046-10-12,105.2176,105.2176,105.2176,105.2176,140107000,0.00%,114819822,628492264822,14741722.28,0
2046-10-15,105.2176,105.3228,105.3228,105.2176,123140000,0.10%,935165545,629435750545,12969449.59,943485722
2046-10-16,105.3228,105.3228,105.3228,105.3228,77315000,0.00%,857850545,629435750545,8143032.28,0
2046-10-19,105.3228,105.3228,105.3228,105.3228,136911000,0.00%,720939545,629435750545,14419849.87,0
2046-10-22,105.3228,105.3228,105.3228,105.3228,97431000,0.00%,623508545,629435750545,10261705.73,0
2046-10-23,105.3228,105.3228,105.3228,105.3228,72521000,0.00%,550987545,629435750545,7638114.78,0
2046-10-24,105.3228,105.3228,105.3228,105.3228,153784000,0.00%,397203545,629435750545,16196961.48,0
2046-10-25,105.3228,105.3228,105.3228,105.3228,78396000,0.00%,318807545,629435750545,8256886.23,0
2046-10-26,105.3228,105.3228,105.3228,105.3228,59878000,0.00%,258929545,629435750545,6306518.62,0
2046-10-29,105.3228,105.3228,105.3228,105.3228,57622000,0.00%,201307545,629435750545,6068910.38,0
2046-10-30,105.3228,105.3228,105.3228,105.3228,71957000,0.00%,129350545,629435750545,7578712.72,0
2046-10-31,105.3228,105.3228,105.3228,105.3228,87984000,0.00%,41366545,629435750545,9266721.24,0
2046-11-01,105.3228,105.4281,105.4281,105.3228,64249000,0.10%,994972607,630453605607,6773650.0,1017855062
2046-11-02,105.4281,105.4281,105.4281,105.4281,77268000,0.00%,917704607,630453605607,8146218.43,0
2046-11-05,105.4281,105.4281,105.4281,105.4281,106455000,0.00%,811249607,630453605607,11223348.39,0
2046-11-06,105.4281,105.4281,105.4281,105.4281,155147000,0.00%,656102607,630453605607,16356853.43,0
2046-11-07,105.4281,105.4281,105.4281,105.4281,90992000,0.00%,565110607,630453605607,9593113.68,0
2046-11-08,105.4281,105.4281,105.4281,105.4281,77268000,0.00%,487842607,630453605607,8146218.43,0
2046-11-09,105.4281,105.4281,105.4281,105.4281,94094000,0.00%,393748607,630453605607,9920151.64,0
2046-11-12,105.4281,105.4281,105.4281,105.4281,104998000,0.00%,288750607,630453605607,11069739.64,0
2046-11-13,105.4281,105.4281,105.4281,105.4281,63967000,0.00%,224783607,630453605607,6743919.27,0
2046-11-14,105.4281,105.4281,105.4281,105.4281,143914000,0.00%,80869607,630453605607,15172579.58,0
2046-11-15,105.4281,105.5335,105.5335,105.4281,169388000,0.10%,995988888,631538112888,17876108.5,1084507280
2046-11-16,105.5335,105.5335,105.5335,105.5335,112001000,0.00%,883987888,631538112888,11819857.53,0
2046-11-19,105.5335,105.5335,105.5335,105.5335,91133000,0.00%,792854888,631538112888,9617584.46,0
2046-11-20,105.5335,105.5335,105.5335,105.5335,132822000,0.00%,660032888,631538112888,14017170.54,0
2046-11-21,105.5335,105.5335,105.5335,105.5335,100768000,0.00%,559264888,631538112888,10634399.73,0
2046-11-22,105.5335,105.5335,105.5335,105.5335,90804000,0.00%,468460888,631538112888,9582863.93,0
2046-11-23,105.5335,105.5335,105.5335,105.5335,71487000,0.00%,396973888,631538112888,7544273.31,0
2046-11-26,105.5335,105.5335,105.5335,105.5335,69043000,0.00%,327930888,631538112888,7286349.44,0
2046-11-27,105.5335,105.5335,105.5335,105.5335,88031000,0.00%,239899888,631538112888,9290219.54,0
2046-11-28,105.5335,105.5335,105.5335,105.5335,122294000,0.00%,117605888,631538112888,12906113.85,0
2046-11-29,105.5335,105.5335,105.5335,105.5335,79618000,0.00%,37987888,631538112888,8402366.2,0
2046-11-30,105.5335,105.6391,105.6391,105.5335,154583000,0.10%,1019020621,632673728621,16330009.0,1135615732
2046-12-03,105.6391,105.6391,105.6391,105.6391,91697000,0.00%,927323621,632673728621,9686788.55,0
2046-12-04,105.6391,105.6391,105.6391,105.6391,167273000,0.00%,760050621,632673728621,17670569.17,0
2046-12-05,105.6391,105.6391,105.6391,105.6391,95598000,0.00%,664452621,632673728621,10098886.68,0
2046-12-06,105.6391,105.6391,105.6391,105.6391,83284000,0.00%,581168621,632673728621,8798046.8,0
2046-12-07,105.6391,105.6391,105.6391,105.6391,105750000,0.00%,475418621,632673728621,11171334.83,0
2046-12-10,105.6391,105.6391,105.6391,105.6391,145512000,0.00%,329906621,632673728621,15371756.72,0
2046-12-11,105.6391,105.6391,105.6391,105.6391,109228000,0.00%,220678621,632673728621,11538747.61,0
2046-12-12,105.6391,105.6391,105.6391,105.6391,71299000,0.00%,149379621,632673728621,7531962.19,0
2046-12-13,105.6391,105.6391,105.6391,105.6391,62745000,0.00%,86634621,632673728621,6628325.33,0
2046-12-14,105.6391,105.6391,105.6391,105.6391,71581000,0.00%,15053621,632673728621,7561752.42,0
2046-12-17,105.6391,105.7447,105.7447,105.6391,104528000,0.10%,1091115005,633854318005,11053282.0,1180589384
2046-12-18,105.7447,105.7447,105.7447,105.7447,64155000,0.00%,1026960005,633854318005,6784051.23,0
2046-12-19,105.7447,105.7447,105.7447,105.7447,62839000,0.00%,964121005,633854318005,6644891.2,0
2046-12-20,105.7447,105.7447,105.7447,105.7447,98841000,0.00%,865280005,633854318005,10451911.89,0
2046-12-21,105.7447,105.7447,105.7447,105.7447,132916000,0.00%,732364005,633854318005,14055162.55,0
2046-12-24,105.7447,105.7447,105.7447,105.7447,95927000,0.00%,636437005,633854318005,10143771.84,0
2046-12-25,105.7447,105.7447,105.7447,105.7447,80981000,0.00%,555456005,633854318005,8563311.55,0
2046-12-26,105.7447,105.7447,105.7447,105.7447,65048000,0.00%,490408005,633854318005,6878481.25,0
2046-12-27,105.7447,105.7447,105.7447,105.7447,154865000,0.00%,335543005,633854318005,16376152.97,0
2046-12-28,105.7447,105.7447,105.7447,105.7447,44697000,0.00%,290846005,633854318005,4726470.86,0
2047-01-01,105.7447,105.7447,105.7447,105.7447,90960000,0.00%,199886005,633854318005,9618537.91,0
2047-01-02,105.7447,105.7447,105.7447,105.7447,46032000,0.00%,153854005,633854318005,4867640.03,0
2047-01-03,105.7447,105.7447,105.7447,105.7447,36768000,0.00%,117086005,633854318005,3888021.13,0
2047-01-04,105.7447,105.7447,105.7447,105.7447,47424000,0.00%,69662005,633854318005,5014836.65,0
2047-01-07,105.7447,105.7447,105.7447,105.7447,28896000,0.00%,40766005,633854318005,3055598.85,0
2047-01-08,105.7447,105.8504,105.8504,105.7447,65088000,0.10%,1165205726,635043845726,6889590.84,1189527720
2047-01-09,105.8504,105.8504,105.8504,105.8504,153264000,0.00%,1011941726,635043845726,16223055.71,0
2047-01-10,105.8504,105.8504,105.8504,105.8504,107472000,0.00%,904469726,635043845726,11375954.19,0
2047-01-11,105.8504,105.8504,105.8504,105.8504,99888000,0.00%,804581726,635043845726,10573184.76,0
2047-01-14,105.8504,105.8504,105.8504,105.8504,93888000,0.00%,710693726,635043845726,9938082.36,0
2047-01-15,105.8504,105.8504,105.8504,105.8504,78768000,0.00%,631925726,635043845726,8337624.31,0
2047-01-16,105.8504,105.8504,105.8504,105.8504,135696000,0.00%,496229726,635043845726,14363475.88,0
2047-01-17,105.8504,105.8504,105.8504,105.8504,87888000,0.00%,408341726,635043845726,9302979.96,0
2047-01-18,105.8504,105.8504,105.8504,105.8504,65856000,0.00%,342485726,635043845726,6970883.94,0
2047-01-21,105.8504,105.8504,105.8504,105.8504,60864000,0.00%,281621726,635043845726,6442478.75,0
2047-01-22,105.8504,105.8504,105.8504,105.8504,112992000,0.00%,168629726,635043845726,11960248.4,0
2047-01-23,105.8504,105.8504,105.8504,105.8504,83952000,0.00%,84677726,635043845726,8886352.78,0
2047-01-24,105.8504,105.9563,105.9563,105.8504,141792000,0.10%,1130804979,636231764979,15023755.69,1187919253
2047-01-25,105.9563,105.9563,105.9563,105.9563,128736000,0.00%,1002068979,636231764979,13640390.24,0
2047-01-28,105.9563,105.9563,105.9563,105.9563,70464000,0.00%,931604979,636231764979,7466104.72,0
2047-01-29,105.9563,105.9563,105.9563,105.9563,120000000,0.00%,811604979,636231764979,12714756.0,0
2047-01-30,105.9563,105.9563,105.9563,105.9563,103776000,0.00%,707828979,636231764979,10995720.99,0
2047-01-31,105.9563,105.9563,105.9563,105.9563,98448000,0.00%,609380979,636231764979,10431185.82,0
2047-02-01,105.9563,105.9563,105.9563,105.9563,72144000,0.00%,537236979,636231764979,7644111.31,0
2047-02-04,105.9563,105.9563,105.9563,105.9563,54864000,0.00%,482372979,636231764979,5813186.44,0
2047-02-08,105.9563,105.9563,105.9563,105.9563,76464000,0.00%,405908979,636231764979,8101842.52,0
2047-02-11,105.9563,105.9563,105.9563,105.9563,73824000,0.00%,332084979,636231764979,7822117.89,0
2047-02-12,105.9563,105.9563,105.9563,105.9563,90000000,0.00%,242084979,636231764979,9536067.0,0
2047-02-13,105.9563,105.9563,105.9563,105.9563,112176000,0.00%,129908979,636231764979,11885753.91,0
2047-02-14,105.9563,105.9563,105.9563,105.9563,90288000,0.00%,39620979,636231764979,9566582.41,0
2047-02-15,105.9563,106.0623,106.0623,105.9563,74496000,0.10%,1160260632,637426900632,7901217.1,1195135652
2047-02-18,106.0623,106.0623,106.0623,106.0623,61728000,0.00%,1098532632,637426900632,6547013.65,0
2047-02-19,106.0623,106.0623,106.0623,106.0623,66672000,0.00%,1031860632,637426900632,7071385.67,0
2047-02-20,106.0623,106.0623,106.0623,106.0623,58608000,0.00%,973252632,637426900632,6216099.28,0
2047-02-21,106.0623,106.0623,106.0623,106.0623,62016000,0.00%,911236632,637426900632,6577559.6,0
2047-02-22,106.0623,106.0623,106.0623,106.0623,115344000,0.00%,795892632,637426900632,12233649.93,0
2047-02-25,106.0623,106.0623,106.0623,106.0623,220992000,0.00%,574900632,637426900632,23438919.8,0
2047-02-26,106.0623,106.0623,106.0623,106.0623,146688000,0.00%,428212632,637426900632,15558066.66,0
2047-02-27,106.0623,106.0623,106.0623,106.0623,97152000,0.00%,331060632,637426900632,10304164.57,0
2047-02-28,106.0623,106.0623,106.0623,106.0623,163056000,0.00%,168004632,637426900632,17294094.39,0
2047-03-01,106.0623,106.0623,106.0623,106.0623,122544000,0.00%,45460632,637426900632,12997298.49,0
2047-03-04,106.0623,106.1683,106.1683,106.0623,128880000,0.10%,1112532222,638622852222,13682970.5,1195951590
2047-03-05,106.1683,106.1683,106.1683,106.1683,92688000,0.00%,1019844222,638622852222,9840527.39,0
2047-03-06,106.1683,106.1683,106.1683,106.1683,67248000,0.00%,952596222,638622852222,7139605.84,0
2047-03-07,106.1683,106.1683,106.1683,106.1683,95376000,0.00%,857220222,638622852222,10125907.78,0
2047-03-08,106.1683,106.1683,106.1683,106.1683,199440000,0.00%,657780222,638622852222,21174205.75,0
2047-03-11,106.1683,106.1683,106.1683,106.1683,191424000,0.00%,466356222,638622852222,20323160.66,0
2047-03-12,106.1683,106.1683,106.1683,106.1683,154848000,0.00%,311508222,638622852222,16439948.92,0
2047-03-13,106.1683,106.1683,106.1683,106.1683,159408000,0.00%,152100222,638622852222,16924076.37,0
2047-03-14,106.1683,106.1683,106.1683,106.1683,115488000,0.00%,36612222,638622852222,12261164.63,0
2047-03-15,106.1683,106.2745,106.2745,106.1683,232512000,0.10%,995692130,639814444130,24710096.54,1191591908
2047-03-18,106.2745,106.2745,106.2745,106.2745,321168000,0.00%,674524130,639814444130,34131968.62,0
2047-03-19,106.2745,106.2745,106.2745,106.2745,568320000,0.00%,106204130,639814444130,60397923.84,0
2047-03-20,106.2745,106.3808,106.3808,106.2745,517152000,0.10%,761716164,640987108164,55015043.48,1172664034
2047-03-21,106.3808,106.3808,106.3808,106.3808,334512000,0.00%,427204164,640987108164,35585654.17,0
2047-03-22,106.3808,106.3808,106.3808,106.3808,181008000,0.00%,246196164,640987108164,19255775.85,0
2047-03-25,106.3808,106.3808,106.3808,106.3808,147360000,0.00%,98836164,640987108164,15676274.69,0
2047-03-26,106.3808,106.4871,106.4871,106.3808,148848000,0.10%,1107677273,642144797273,15850391.86,1157689108
2047-03-27,106.4871,106.4871,106.4871,106.4871,202848000,0.00%,904829273,642144797273,21600695.26,0
2047-03-28,106.4871,106.4871,106.4871,106.4871,225264000,0.00%,679565273,642144797273,23987710.09,0
2047-03-29,106.4871,106.4871,106.4871,106.4871,183840000,0.00%,495725273,642144797273,19576588.46,0
2047-04-01,106.4871,106.4871,106.4871,106.4871,129264000,0.00%,366461273,642144797273,13764948.49,0
2047-04-02,106.4871,106.4871,106.4871,106.4871,100320000,0.00%,266141273,642144797273,10682785.87,0
2047-04-03,106.4871,106.4871,106.4871,106.4871,129360000,0.00%,136781273,642144797273,13775171.26,0
2047-04-04,106.4871,106.4871,106.4871,106.4871,70032000,0.00%,66749273,642144797273,7457504.59,0
2047-04-05,106.4871,106.5936,106.5936,106.4871,69600000,0.10%,1135620310,643283268310,7418914.56,1138471036
2047-04-08,106.5936,106.5936,106.5936,106.5936,75216000,0.00%,1060404310,643283268310,8017544.22,0
2047-04-10,106.5936,106.5936,106.5936,106.5936,82224000,0.00%,978180310,643283268310,8764552.17,0
2047-04-11,106.5936,106.5936,106.5936,106.5936,76176000,0.00%,902004310,643283268310,8119874.07,0
2047-04-12,106.5936,106.5936,106.5936,106.5936,94080000,0.00%,807924310,643283268310,10028325.89,0
2047-04-15,106.5936,106.5936,106.5936,106.5936,109392000,0.00%,698532310,643283268310,11660487.09,0
2047-04-16,106.5936,106.5936,106.5936,106.5936,126768000,0.00%,571764310,643283268310,13512657.48,0
2047-04-17,106.5936,106.5936,106.5936,106.5936,103872000,0.00%,467892310,643283268310,11072090.42,0
2047-04-18,106.5936,106.5936,106.5936,106.5936,72768000,0.00%,395124310,643283268310,7756603.08,0
2047-04-23,106.5936,106.5936,106.5936,106.5936,85152000,0.00%,309972310,643283268310,9076658.23,0
2047-04-24,106.5936,106.5936,106.5936,106.5936,52080000,0.00%,257892310,643283268310,5551394.69,0
2047-04-25,106.5936,106.5936,106.5936,106.5936,123552000,0.00%,134340310,643283268310,13169852.47,0
2047-04-26,106.5936,106.7002,106.7002,106.5936,134544000,0.10%,1148922486,644432394486,14355871.71,1149126176
2047-04-29,106.7002,106.7002,106.7002,106.7002,123792000,0.00%,1025130486,644432394486,13208631.16,0
2047-04-30,106.7002,106.7002,106.7002,106.7002,130992000,0.00%,894138486,644432394486,13976872.6,0
2047-05-01,106.7002,106.7002,106.7002,106.7002,112368000,0.00%,781770486,644432394486,11989688.07,0
2047-05-02,106.7002,106.7002,106.7002,106.7002,101904000,0.00%,679866486,644432394486,10873177.18,0
2047-05-03,106.7002,106.7002,106.7002,106.7002,227856000,0.00%,452010486,644432394486,24312280.77,0
2047-05-07,106.7002,106.7002,106.7002,106.7002,122736000,0.00%,329274486,644432394486,13095955.75,0
2047-05-08,106.7002,106.7002,106.7002,106.7002,67680000,0.00%,261594486,644432394486,7221469.54,0
2047-05-09,106.7002,106.7002,106.7002,106.7002,102672000,0.00%,158922486,644432394486,10955122.93,0
2047-05-10,106.7002,106.7002,106.7002,106.7002,110016000,0.00%,48906486,644432394486,11738729.2,0
2047-05-14,106.7002,106.8069,106.8069,106.7002,136320000,0.10%,1064803956,645584611956,14559916.61,1152217470
2047-05-15,106.8069,106.8069,106.8069,106.8069,116880000,0.00%,947923956,645584611956,12483590.47,0
2047-05-16,106.8069,106.8069,106.8069,106.8069,96096000,0.00%,851827956,645584611956,10263715.86,0
2047-05-17,106.8069,106.8069,106.8069,106.8069,93552000,0.00%,758275956,645584611956,9991999.11,0
2047-05-20,106.8069,106.8069,106.8069,106.8069,74688000,0.00%,683587956,645584611956,7977193.75,0
2047-05-21,106.8069,106.8069,106.8069,106.8069,144576000,0.00%,539011956,645584611956,15441714.37,0
2047-05-22,106.8069,106.8069,106.8069,106.8069,136032000,0.00%,402979956,645584611956,14529156.22,0
2047-05-23,106.8069,106.8069,106.8069,106.8069,288720000,0.00%,114259956,645584611956,30837288.17,0
2047-05-24,106.8069,106.9137,106.9137,106.8069,135984000,0.10%,1119925776,646726261776,14538552.58,1141649820
2047-05-27,106.9137,106.9137,106.9137,106.9137,81744000,0.00%,1038181776,646726261776,8739553.49,0
2047-05-28,106.9137,106.9137,106.9137,106.9137,94560000,0.00%,943621776,646726261776,10109759.47,0
2047-05-29,106.9137,106.9137,106.9137,106.9137,103440000,0.00%,840181776,646726261776,11059153.13,0
2047-05-30,106.9137,106.9137,106.9137,106.9137,88800000,0.00%,751381776,646726261776,9493936.56,0
2047-05-31,106.9137,106.9137,106.9137,106.9137,99648000,0.00%,651733776,646726261776,10653736.38,0
2047-06-03,106.9137,106.9137,106.9137,106.9137,107040000,0.00%,544693776,646726261776,11444042.45,0
2047-06-04,106.9137,106.9137,106.9137,106.9137,310848000,0.00%,233845776,646726261776,33233909.82,0
2047-06-05,106.9137,106.9137,106.9137,106.9137,129216000,0.00%,104629776,646726261776,13814960.66,0
2047-06-06,106.9137,106.9137,106.9137,106.9137,68064000,0.00%,36565776,646726261776,7276974.08,0
2047-06-10,106.9137,107.0206,107.0206,106.9137,114720000,0.10%,1084940188,647889356188,12277403.23,1163094411
2047-06-11,107.0206,107.0206,107.0206,107.0206,130032000,0.00%,954908188,647889356188,13916102.66,0
2047-06-12,107.0206,107.0206,107.0206,107.0206,227904000,0.00%,727004188,647889356188,24390422.82,0
2047-06-13,107.0206,107.0206,107.0206,107.0206,187920000,0.00%,539084188,647889356188,20111311.15,0
2047-06-14,107.0206,107.0206,107.0206,107.0206,142848000,0.00%,396236188,647889356188,15287678.67,0
2047-06-17,107.0206,107.0206,107.0206,107.0206,119712000,0.00%,276524188,647889356188,12811650.07,0
2047-06-18,107.0206,107.0206,107.0206,107.0206,78288000,0.00%,198236188,647889356188,8378428.73,0
2047-06-19,107.0206,107.0206,107.0206,107.0206,101952000,0.00%,96284188,647889356188,10910964.21,0
2047-06-20,107.0206,107.1277,107.1277,107.0206,106272000,0.10%,1218127115,649117471115,11384674.93,1228114926
2047-06-21,107.1277,107.1277,107.1277,107.1277,93504000,0.00%,1124623115,649117471115,10016868.46,0
2047-06-24,107.1277,107.1277,107.1277,107.1277,55872000,0.00%,1068751115,649117471115,5985438.85,0
2047-06-25,107.1277,107.1277,107.1277,107.1277,72048000,0.00%,996703115,649117471115,7718336.53,0
2047-06-26,107.1277,107.1277,107.1277,107.1277,65808000,0.00%,930895115,649117471115,7049859.68,0
2047-06-27,107.1277,107.1277,107.1277,107.1277,60576000,0.00%,870319115,649117471115,6489367.56,0
2047-06-28,107.1277,107.1277,107.1277,107.1277,87360000,0.00%,782959115,649117471115,9358675.87,0
2047-07-01,107.1277,107.1277,107.1277,107.1277,275520000,0.00%,507439115,649117471115,29515823.9,0
2047-07-02,107.1277,107.1277,107.1277,107.1277,281232000,0.00%,226207115,649117471115,30127737.33,0
2047-07-03,107.1277,107.1277,107.1277,107.1277,167904000,0.00%,58303115,649117471115,17987169.34,0
2047-07-04,107.1277,107.2348,107.2348,107.1277,160272000,0.10%,1191515707,650410955707,17186735.87,1293484591
2047-07-08,107.2348,107.2348,107.2348,107.2348,184608000,0.00%,1006907707,650410955707,19796401.96,0
2047-07-09,107.2348,107.2348,107.2348,107.2348,93552000,0.00%,913355707,650410955707,10032030.01,0
2047-07-10,107.2348,107.2348,107.2348,107.2348,119136000,0.00%,794219707,650410955707,12775525.13,0
2047-07-11,107.2348,107.2348,107.2348,107.2348,91152000,0.00%,703067707,650410955707,9774666.49,0
2047-07-12,107.2348,107.2348,107.2348,107.2348,90000000,0.00%,613067707,650410955707,9651132.0,0
2047-07-15,107.2348,107.2348,107.2348,107.2348,98880000,0.00%,514187707,650410955707,10603377.02,0
2047-07-16,107.2348,107.2348,107.2348,107.2348,83088000,0.00%,431099707,650410955707,8909925.06,0
2047-07-17,107.2348,107.2348,107.2348,107.2348,82224000,0.00%,348875707,650410955707,8817274.2,0
2047-07-18,107.2348,107.2348,107.2348,107.2348,80496000,0.00%,268379707,650410955707,8631972.46,0
2047-07-19,107.2348,107.2348,107.2348,107.2348,126384000,0.00%,141995707,650410955707,13552762.96,0
2047-07-22,107.2348,107.2348,107.2348,107.2348,97776000,0.00%,44219707,650410955707,10484989.8,0
2047-07-23,107.2348,107.342,107.342,107.2348,60768000,0.10%,1265485711,651692989711,6522958.66,1282034004
2047-07-24,107.342,107.342,107.342,107.342,76704000,0.00%,1188781711,651692989711,8233560.77,0
2047-07-25,107.342,107.342,107.342,107.342,91728000,0.00%,1097053711,651692989711,9846266.98,0
2047-07-26,107.342,107.342,107.342,107.342,72384000,0.00%,1024669711,651692989711,7769843.33,0
2047-07-29,107.342,107.342,107.342,107.342,80880000,0.00%,943789711,651692989711,8681820.96,0
2047-07-30,107.342,107.342,107.342,107.342,66528000,0.00%,877261711,651692989711,7141248.58,0
2047-07-31,107.342,107.342,107.342,107.342,95136000,0.00%,782125711,651692989711,10212088.51,0
2047-08-01,107.342,107.342,107.342,107.342,73680000,0.00%,708445711,651692989711,7908958.56,0
2047-08-02,107.342,107.342,107.342,107.342,178512000,0.00%,529933711,651692989711,19161835.1,0
2047-08-05,107.342,107.342,107.342,107.342,191952000,0.00%,337981711,651692989711,20604511.58,0
2047-08-06,107.342,107.342,107.342,107.342,204912000,0.00%,133069711,651692989711,21995663.9,0
2047-08-07,107.342,107.342,107.342,107.342,131520000,0.00%,1549711,651692989711,14117619.84,0
2047-08-08,107.342,107.4494,107.4494,107.342,94992000,0.10%,1165673974,652952105974,10206833.4,1259116263
2047-08-09,107.4494,107.4494,107.4494,107.4494,78912000,0.00%,1086761974,652952105974,8479047.05,0
2047-08-12,107.4494,107.4494,107.4494,107.4494,72240000,0.00%,1014521974,652952105974,7762144.66,0
2047-08-13,107.4494,107.4494,107.4494,107.4494,68112000,0.00%,946409974,652952105974,7318593.53,0
2047-08-14,107.4494,107.4494,107.4494,107.4494,73728000,0.00%,872681974,652952105974,7922029.36,0
2047-08-15,107.4494,107.4494,107.4494,107.4494,71328000,0.00%,801353974,652952105974,7664150.8,0
2047-08-16,107.4494,107.4494,107.4494,107.4494,52704000,0.00%,748649974,652952105974,5663013.18,0
2047-08-19,107.4494,107.4494,107.4494,107.4494,55776000,0.00%,692873974,652952105974,5993097.73,0
2047-08-20,107.4494,107.4494,107.4494,107.4494,112944000,0.00%,579929974,652952105974,12135765.03,0
2047-08-21,107.4494,107.4494,107.4494,107.4494,84576000,0.00%,495353974,652952105974,9087640.45,0
2047-08-22,107.4494,107.4494,107.4494,107.4494,154608000,0.00%,340745974,652952105974,16612536.84,0
2047-08-23,107.4494,107.4494,107.4494,107.4494,111696000,0.00%,229049974,652952105974,12001668.18,0
2047-08-26,107.4494,107.4494,107.4494,107.4494,70944000,0.00%,158105974,652952105974,7622890.23,0
2047-08-27,107.4494,107.4494,107.4494,107.4494,64944000,0.00%,93161974,652952105974,6978193.83,0
2047-08-28,107.4494,107.4494,107.4494,107.4494,62640000,0.00%,30521974,652952105974,6730630.42,0
2047-08-29,107.4494,107.5568,107.5568,107.4494,93312000,0.10%,1202029499,654216925499,10036340.12,1264819524
2047-08-30,107.5568,107.5568,107.5568,107.5568,89184000,0.00%,1112845499,654216925499,9592345.65,0
2047-09-02,107.5568,107.5568,107.5568,107.5568,59472000,0.00%,1053373499,654216925499,6396618.01,0
2047-09-03,107.5568,107.5568,107.5568,107.5568,67392000,0.00%,985981499,654216925499,7248467.87,0
2047-09-04,107.5568,107.5568,107.5568,107.5568,125808000,0.00%,860173499,654216925499,13531505.89,0
2047-09-05,107.5568,107.5568,107.5568,107.5568,114864000,0.00%,745309499,654216925499,12354404.28,0
2047-09-06,107.5568,107.5568,107.5568,107.5568,122352000,0.00%,622957499,654216925499,13159789.59,0
2047-09-09,107.5568,107.5568,107.5568,107.5568,97776000,0.00%,525181499,654216925499,10516473.68,0
2047-09-10,107.5568,107.5568,107.5568,107.5568,77904000,0.00%,447277499,654216925499,8379104.95,0
2047-09-11,107.5568,107.5568,107.5568,107.5568,72864000,0.00%,374413499,654216925499,7837018.68,0
2047-09-12,107.5568,107.5568,107.5568,107.5568,113136000,0.00%,261277499,654216925499,12168546.12,0
2047-09-13,107.5568,107.5568,107.5568,107.5568,82368000,0.00%,178909499,654216925499,8859238.5,0
2047-09-17,107.5568,107.5568,107.5568,107.5568,82416000,0.00%,96493499,654216925499,8864401.23,0
2047-09-18,107.5568,107.5568,107.5568,107.5568,86352000,0.00%,10141499,654216925499,9287744.79,0
2047-09-19,107.5568,107.6644,107.6644,107.5568,63936000,0.10%,1214788561,655485508561,6883631.08,1268583062
2047-09-20,107.6644,107.6644,107.6644,107.6644,119712000,0.00%,1095076561,655485508561,12888720.65,0
2047-09-23,107.6644,107.6644,107.6644,107.6644,110016000,0.00%,985060561,655485508561,11844806.63,0
2047-09-24,107.6644,107.6644,107.6644,107.6644,72672000,0.00%,912388561,655485508561,7824187.28,0
2047-09-25,107.6644,107.6644,107.6644,107.6644,77232000,0.00%,835156561,655485508561,8315136.94,0
2047-09-26,107.6644,107.6644,107.6644,107.6644,84192000,0.00%,750964561,655485508561,9064481.16,0
2047-09-27,107.6644,107.6644,107.6644,107.6644,94416000,0.00%,656548561,655485508561,10165241.99,0
2047-09-30,107.6644,107.6644,107.6644,107.6644,118320000,0.00%,538228561,655485508561,12738851.81,0
2047-10-01,107.6644,107.6644,107.6644,107.6644,109104000,0.00%,429124561,655485508561,11746616.7,0
2047-10-02,107.6644,107.6644,107.6644,107.6644,106368000,0.00%,322756561,655485508561,11452046.9,0
2047-10-03,107.6644,107.6644,107.6644,107.6644,96768000,0.00%,225988561,655485508561,10418468.66,0
2047-10-04,107.6644,107.6644,107.6644,107.6644,107808000,0.00%,118180561,655485508561,11607083.64,0
2047-10-07,107.6644,107.6644,107.6644,107.6644,67152000,0.00%,51028561,655485508561,7229879.79,0
2047-10-09,107.6644,107.772,107.772,107.6644,87072000,0.10%,1255704823,656777256823,9383923.58,1291748261
2047-10-10,107.772,107.772,107.772,107.772,49776000,0.00%,1205928823,656777256823,5364459.07,0
2047-10-11,107.772,107.772,107.772,107.772,47904000,0.00%,1158024823,656777256823,5162709.89,0
2047-10-14,107.772,107.772,107.772,107.772,75264000,0.00%,1082760823,656777256823,8111351.81,0
2047-10-15,107.772,107.772,107.772,107.772,102336000,0.00%,980424823,656777256823,11028955.39,0
2047-10-16,107.772,107.772,107.772,107.772,153744000,0.00%,826680823,656777256823,16569298.37,0
2047-10-17,107.772,107.772,107.772,107.772,106368000,0.00%,720312823,656777256823,11463492.1,0
2047-10-18,107.772,107.772,107.772,107.772,151008000,0.00%,569304823,656777256823,16274434.18,0
2047-10-21,107.772,107.772,107.772,107.772,126336000,0.00%,442968823,656777256823,13615483.39,0
2047-10-22,107.772,107.772,107.772,107.772,106224000,0.00%,336744823,656777256823,11447972.93,0
2047-10-23,107.772,107.772,107.772,107.772,100608000,0.00%,236136823,656777256823,10842725.38,0
2047-10-24,107.772,107.8798,107.8798,107.772,237168000,0.10%,1271540531,658049828531,25585636.41,1272571708
2047-10-25,107.8798,107.8798,107.8798,107.8798,127440000,0.00%,1144100531,658049828531,13748201.71,0
2047-10-28,107.8798,107.8798,107.8798,107.8798,408336000,0.00%,735764531,658049828531,44051206.01,0
2047-10-29,107.8798,107.8798,107.8798,107.8798,350496000,0.00%,385268531,658049828531,37811438.38,0
2047-10-30,107.8798,107.8798,107.8798,107.8798,241680000,0.00%,143588531,658049828531,26072390.06,0
2047-10-31,107.8798,107.9877,107.9877,107.8798,205056000,0.10%,1189703411,659300999411,22143525.81,1251170880
2047-11-01,107.9877,107.9877,107.9877,107.9877,195984000,0.00%,993719411,659300999411,21163861.4,0
2047-11-04,107.9877,107.9877,107.9877,107.9877,237648000,0.00%,756071411,659300999411,25663060.93,0
2047-11-05,107.9877,107.9877,107.9877,107.9877,373632000,0.00%,382439411,659300999411,40347660.33,0
2047-11-06,107.9877,107.9877,107.9877,107.9877,168720000,0.00%,213719411,659300999411,18219684.74,0
2047-11-07,107.9877,107.9877,107.9877,107.9877,147024000,0.00%,66695411,659300999411,15876783.6,0
2047-11-08,107.9877,108.0957,108.0957,107.9877,322368000,0.10%,972133425,660528805425,34846594.62,1227806014
2047-11-11,108.0957,108.0957,108.0957,108.0957,211104000,0.00%,761029425,660528805425,22819434.65,0
2047-11-12,108.0957,108.0957,108.0957,108.0957,112992000,0.00%,648037425,660528805425,12213949.33,0
2047-11-13,108.0957,108.0957,108.0957,108.0957,151968000,0.00%,496069425,660528805425,16427087.34,0
2047-11-14,108.0957,108.0957,108.0957,108.0957,111648000,0.00%,384421425,660528805425,12068668.71,0
2047-11-15,108.0957,108.0957,108.0957,108.0957,254448000,0.00%,129973425,660528805425,27504734.67,0
2047-11-18,108.0957,108.2038,108.2038,108.0957,232320000,0.10%,1091628334,661722780334,25137906.82,1193974908
2047-11-19,108.2038,108.2038,108.2038,108.2038,302880000,0.00%,788748334,661722780334,32772766.94,0
2047-11-20,108.2038,108.2038,108.2038,108.2038,296592000,0.00%,492156334,661722780334,32092381.45,0
2047-11-21,108.2038,108.2038,108.2038,108.2038,335136000,0.00%,157020334,661722780334,36262988.72,0
2047-11-22,108.2038,108.312,108.312,108.2038,214848000,0.10%,1099361802,662879969802,23270616.58,1157189468
2047-11-25,108.312,108.312,108.312,108.312,150288000,0.00%,949073802,662879969802,16277993.86,0
2047-11-26,108.312,108.312,108.312,108.312,136608000,0.00%,812465802,662879969802,14796285.7,0
2047-11-27,108.312,108.312,108.312,108.312,112224000,0.00%,700241802,662879969802,12155205.89,0
2047-11-28,108.312,108.312,108.312,108.312,82416000,0.00%,617825802,662879969802,8926641.79,0
2047-11-29,108.312,108.312,108.312,108.312,150336000,0.00%,467489802,662879969802,16283192.83,0
2047-12-02,108.312,108.312,108.312,108.312,160800000,0.00%,306689802,662879969802,17416569.6,0
2047-12-03,108.312,108.312,108.312,108.312,159072000,0.00%,147617802,662879969802,17229406.46,0
2047-12-04,108.312,108.4203,108.4203,108.312,223824000,0.10%,1062690078,664018866078,24267065.23,1138896276
2047-12-05,108.4203,108.4203,108.4203,108.4203,218640000,0.00%,844050078,664018866078,23705014.39,0
2047-12-06,108.4203,108.4203,108.4203,108.4203,120432000,0.00%,723618078,664018866078,13057273.57,0
2047-12-09,108.4203,108.4203,108.4203,108.4203,287184000,0.00%,436434078,664018866078,31136575.44,0
2047-12-10,108.4203,108.4203,108.4203,108.4203,139488000,0.00%,296946078,664018866078,15123330.81,0
2047-12-11,108.4203,108.4203,108.4203,108.4203,197328000,0.00%,99618078,664018866078,21394360.96,0
2047-12-12,108.4203,108.5287,108.5287,108.4203,163632000,0.10%,1046189855,665129069855,17758768.24,1110203776
2047-12-13,108.5287,108.5287,108.5287,108.5287,193920000,0.00%,852269855,665129069855,21045885.5,0
2047-12-16,108.5287,108.5287,108.5287,108.5287,98448000,0.00%,753821855,665129069855,10684433.46,0
2047-12-17,108.5287,108.5287,108.5287,108.5287,97488000,0.00%,656333855,665129069855,10580245.91,0
2047-12-18,108.5287,108.5287,108.5287,108.5287,116352000,0.00%,539981855,665129069855,12627531.3,0
2047-12-19,108.5287,108.5287,108.5287,108.5287,91008000,0.00%,448973855,665129069855,9876979.93,0
2047-12-20,108.5287,108.5287,108.5287,108.5287,120624000,0.00%,328349855,665129069855,13091165.91,0
2047-12-23,108.5287,108.5287,108.5287,108.5287,119520000,0.00%,208829855,665129069855,12971350.22,0
2047-12-24,108.5287,108.5287,108.5287,108.5287,139488000,0.00%,69341855,665129069855,15138451.31,0
2047-12-25,108.5287,108.6372,108.6372,108.5287,73536000,0.10%,1068385064,666201649064,7988745.14,1072579208
2047-12-26,108.6372,108.6372,108.6372,108.6372,116400000,0.00%,951985064,666201649064,12645370.08,0
2047-12-27,108.6372,108.6372,108.6372,108.6372,74400000,0.00%,877585064,666201649064,8082607.68,0
2048-01-01,108.6372,108.6372,108.6372,108.6372,118531000,0.00%,759054064,666201649064,12876875.95,0
2048-01-02,108.6372,108.6372,108.6372,108.6372,147441000,0.00%,611613064,666201649064,16017577.41,0
2048-01-03,108.6372,108.6372,108.6372,108.6372,133329000,0.00%,478284064,666201649064,14484489.24,0
2048-01-07,108.6372,108.6372,108.6372,108.6372,146804000,0.00%,331480064,666201649064,15948375.51,0
2048-01-08,108.6372,108.6372,108.6372,108.6372,183407000,0.00%,148073064,666201649064,19924822.94,0
2048-01-09,108.6372,108.7459,108.7459,108.6372,199920000,0.10%,1009742962,667263238962,21740480.33,1061589898
2048-01-10,108.7459,108.7459,108.7459,108.7459,132741000,0.00%,877001962,667263238962,14435039.51,0
2048-01-13,108.7459,108.7459,108.7459,108.7459,138768000,0.00%,738233962,667263238962,15090451.05,0
2048-01-14,108.7459,108.7459,108.7459,108.7459,97265000,0.00%,640968962,667263238962,10577169.96,0
2048-01-15,108.7459,108.7459,108.7459,108.7459,175028000,0.00%,465940962,667263238962,19033577.39,0
2048-01-16,108.7459,108.7459,108.7459,108.7459,198695000,0.00%,267245962,667263238962,21607266.6,0
2048-01-17,108.7459,108.7459,108.7459,108.7459,102753000,0.00%,164492962,667263238962,11173967.46,0
2048-01-20,108.7459,108.7459,108.7459,108.7459,97951000,0.00%,66541962,667263238962,10651769.65,0
2048-01-21,108.7459,108.8546,108.8546,108.7459,78890000,0.10%,1000586120,668276173120,8587539.39,1012934157
2048-01-22,108.8546,108.8546,108.8546,108.8546,132888000,0.00%,867698120,668276173120,14465470.08,0
2048-01-23,108.8546,108.8546,108.8546,108.8546,85015000,0.00%,782683120,668276173120,9254273.82,0
2048-01-24,108.8546,108.8546,108.8546,108.8546,82614000,0.00%,700069120,668276173120,8992913.92,0
2048-01-30,108.8546,108.8546,108.8546,108.8546,116277000,0.00%,583792120,668276173120,12657286.32,0
2048-01-31,108.8546,108.8546,108.8546,108.8546,91287000,0.00%,492505120,668276173120,9937009.87,0
2048-02-03,108.8546,108.8546,108.8546,108.8546,262787000,0.00%,229718120,668276173120,28605573.77,0
2048-02-04,108.8546,108.9635,108.9635,108.8546,273224000,0.10%,991624945,669311303945,29771443.32,1035130825
2048-02-05,108.9635,108.9635,108.9635,108.9635,153958000,0.00%,837666945,669311303945,16775802.53,0
2048-02-06,108.9635,108.9635,108.9635,108.9635,116424000,0.00%,721242945,669311303945,12685966.52,0
2048-02-07,108.9635,108.9635,108.9635,108.9635,127106000,0.00%,594136945,669311303945,13849914.63,0
2048-02-10,108.9635,108.9635,108.9635,108.9635,125391000,0.00%,468745945,669311303945,13663042.23,0
2048-02-11,108.9635,108.9635,108.9635,108.9635,97020000,0.00%,371725945,669311303945,10571638.77,0
2048-02-12,108.9635,108.9635,108.9635,108.9635,84623000,0.00%,287102945,669311303945,9220818.26,0
2048-02-13,108.9635,108.9635,108.9635,108.9635,130634000,0.00%,156468945,669311303945,14234337.86,0
2048-02-14,108.9635,108.9635,108.9635,108.9635,120589000,0.00%,35879945,669311303945,13139799.5,0
2048-02-17,108.9635,109.0724,109.0724,108.9635,99764000,0.10%,994086266,670369274266,10881498.91,1057970321
2048-02-18,109.0724,109.0724,109.0724,109.0724,87857000,0.00%,906229266,670369274266,9582773.85,0
2048-02-19,109.0724,109.0724,109.0724,109.0724,80850000,0.00%,825379266,670369274266,8818503.54,0
2048-02-20,109.0724,109.0724,109.0724,109.0724,107359000,0.00%,718020266,670369274266,11709903.79,0
2048-02-21,109.0724,109.0724,109.0724,109.0724,86828000,0.00%,631192266,670369274266,9470538.35,0
2048-02-24,109.0724,109.0724,109.0724,109.0724,60319000,0.00%,570873266,670369274266,6579138.1,0
2048-02-25,109.0724,109.0724,109.0724,109.0724,143619000,0.00%,427254266,670369274266,15664869.02,0
2048-02-26,109.0724,109.0724,109.0724,109.0724,162435000,0.00%,264819266,670369274266,17717175.29,0
2048-02-27,109.0724,109.0724,109.0724,109.0724,95207000,0.00%,169612266,670369274266,10384455.99,0
2048-02-28,109.0724,109.0724,109.0724,109.0724,119658000,0.00%,49954266,670369274266,13051385.24,0
2048-03-02,109.0724,109.1815,109.1815,109.0724,100352000,0.10%,1054570169,671474242169,10956581.89,1104967902
2048-03-03,109.1815,109.1815,109.1815,109.1815,127449000,0.00%,927121169,671474242169,13915072.99,0
2048-03-04,109.1815,109.1815,109.1815,109.1815,174489000,0.00%,752632169,671474242169,19050970.75,0
2048-03-05,109.1815,109.1815,109.1815,109.1815,72520000,0.00%,680112169,671474242169,7917842.38,0
2048-03-06,109.1815,109.1815,109.1815,109.1815,87122000,0.00%,592990169,671474242169,9512110.64,0
2048-03-09,109.1815,109.1815,109.1815,109.1815,61887000,0.00%,531103169,671474242169,6756915.49,0
2048-03-10,109.1815,109.1815,109.1815,109.1815,83496000,0.00%,447607169,671474242169,9116218.52,0
2048-03-11,109.1815,109.1815,109.1815,109.1815,103929000,0.00%,343678169,671474242169,11347124.11,0
2048-03-12,109.1815,109.1815,109.1815,109.1815,84623000,0.00%,259055169,671474242169,9239266.07,0
2048-03-13,109.1815,109.1815,109.1815,109.1815,184240000,0.00%,74815169,671474242169,20115599.56,0
2048-03-16,109.1815,109.2907,109.2907,109.1815,132937000,0.10%,1079381472,672611745472,14528777.79,1137503303
2048-03-17,109.2907,109.2907,109.2907,109.2907,104468000,0.00%,974913472,672611745472,11417380.85,0
2048-03-18,109.2907,109.2907,109.2907,109.2907,81193000,0.00%,893720472,672611745472,8873639.81,0
2048-03-19,109.2907,109.2907,109.2907,109.2907,116277000,0.00%,777443472,672611745472,12707994.72,0
2048-03-20,109.2907,109.2907,109.2907,109.2907,142247000,0.00%,635196472,672611745472,15546274.2,0
2048-03-23,109.2907,109.2907,109.2907,109.2907,100156000,0.00%,535040472,672611745472,10946119.35,0
2048-03-24,109.2907,109.2907,109.2907,109.2907,104272000,0.00%,430768472,672611745472,11395959.87,0
2048-03-25,109.2907,109.2907,109.2907,109.2907,96285000,0.00%,334483472,672611745472,10523055.05,0
2048-03-26,109.2907,109.2907,109.2907,109.2907,229565000,0.00%,104918472,672611745472,25089319.55,0
2048-03-27,109.2907,109.4,109.4,109.2907,162778000,0.10%,1091035077,673760640077,17807913.2,1148894604
2048-03-30,109.4,109.4,109.4,109.4,126420000,0.00%,964615077,673760640077,13830348.0,0
2048-03-31,109.4,109.4,109.4,109.4,153566000,0.00%,811049077,673760640077,16800120.4,0
2048-04-01,109.4,109.4,109.4,109.4,176890000,0.00%,634159077,673760640077,19351766.0,0
2048-04-02,109.4,109.4,109.4,109.4,123676000,0.00%,510483077,673760640077,13530154.4,0
2048-04-03,109.4,109.4,109.4,109.4,127204000,0.00%,383279077,673760640077,13916117.6,0
2048-04-06,109.4,109.4,109.4,109.4,91973000,0.00%,291306077,673760640077,10061846.2,0
2048-04-07,109.4,109.4,109.4,109.4,69825000,0.00%,221481077,673760640077,7638855.0,0
2048-04-09,109.4,109.4,109.4,109.4,73255000,0.00%,148226077,673760640077,8014097.0,0
2048-04-14,109.4,109.4,109.4,109.4,107457000,0.00%,40769077,673760640077,11755795.8,0
2048-04-15,109.4,109.5094,109.5094,109.4,198303000,0.10%,1008698891,674926872891,21716042.55,1166232814
2048-04-16,109.5094,109.5094,109.5094,109.5094,122304000,0.00%,886394891,674926872891,13393437.66,0
2048-04-17,109.5094,109.5094,109.5094,109.5094,62426000,0.00%,823968891,674926872891,6836233.8,0
2048-04-20,109.5094,109.5094,109.5094,109.5094,76979000,0.00%,746989891,674926872891,8429924.1,0
2048-04-21,109.5094,109.5094,109.5094,109.5094,67081000,0.00%,679908891,674926872891,7346000.06,0
2048-04-22,109.5094,109.5094,109.5094,109.5094,79772000,0.00%,600136891,674926872891,8735783.86,0
2048-04-23,109.5094,109.5094,109.5094,109.5094,51597000,0.00%,548539891,674926872891,5650356.51,0
2048-04-24,109.5094,109.5094,109.5094,109.5094,80948000,0.00%,467591891,674926872891,8864566.91,0
2048-04-27,109.5094,109.5094,109.5094,109.5094,100303000,0.00%,367288891,674926872891,10984121.35,0
2048-04-28,109.5094,109.5094,109.5094,109.5094,102655000,0.00%,264633891,674926872891,11241687.46,0
2048-04-29,109.5094,109.5094,109.5094,109.5094,122598000,0.00%,142035891,674926872891,13425633.42,0
2048-04-30,109.5094,109.5094,109.5094,109.5094,72324000,0.00%,69711891,674926872891,7920157.85,0
2048-05-01,109.5094,109.6189,109.6189,109.5094,75411000,0.10%,1184903912,676117475912,8266470.87,1190603020
2048-05-05,109.6189,109.6189,109.6189,109.6189,42385000,0.00%,1142518912,676117475912,4646197.08,0
2048-05-06,109.6189,109.6189,109.6189,109.6189,51695000,0.00%,1090823912,676117475912,5666749.04,0
2048-05-07,109.6189,109.6189,109.6189,109.6189,86142000,0.00%,1004681912,676117475912,9442791.28,0
2048-05-08,109.6189,109.6189,109.6189,109.6189,72569000,0.00%,932112912,676117475912,7954933.95,0
2048-05-11,109.6189,109.6189,109.6189,109.6189,52528000,0.00%,879584912,676117475912,5758061.58,0
2048-05-12,109.6189,109.6189,109.6189,109.6189,115346000,0.00%,764238912,676117475912,12644101.64,0
2048-05-13,109.6189,109.6189,109.6189,109.6189,76293000,0.00%,687945912,676117475912,8363154.74,0
2048-05-14,109.6189,109.6189,109.6189,109.6189,86093000,0.00%,601852912,676117475912,9437419.96,0
2048-05-15,109.6189,109.6189,109.6189,109.6189,88151000,0.00%,513701912,676117475912,9663015.65,0
2048-05-18,109.6189,109.6189,109.6189,109.6189,116326000,0.00%,397375912,676117475912,12751528.16,0
2048-05-19,109.6189,109.6189,109.6189,109.6189,69188000,0.00%,328187912,676117475912,7584312.45,0
2048-05-20,109.6189,109.6189,109.6189,109.6189,95844000,0.00%,232343912,676117475912,10506313.85,0
2048-05-21,109.6189,109.6189,109.6189,109.6189,168609000,0.00%,63734912,676117475912,18482733.11,0
2048-05-22,109.6189,109.7285,109.7285,109.6189,111181000,0.10%,1159501099,677324423099,12199724.36,1206947186
2048-05-25,109.7285,109.7285,109.7285,109.7285,98196000,0.00%,1061305099,677324423099,10774899.79,0
2048-05-26,109.7285,109.7285,109.7285,109.7285,73598000,0.00%,987707099,677324423099,8075798.14,0
2048-05-27,109.7285,109.7285,109.7285,109.7285,66395000,0.00%,921312099,677324423099,7285423.76,0
2048-05-28,109.7285,109.7285,109.7285,109.7285,127547000,0.00%,793765099,677324423099,13995540.99,0
2048-06-01,109.7285,109.7285,109.7285,109.7285,141316000,0.00%,652449099,677324423099,15506392.71,0
2048-06-02,109.7285,109.7285,109.7285,109.7285,106526000,0.00%,545923099,677324423099,11688938.19,0
2048-06-03,109.7285,109.7285,109.7285,109.7285,157437000,0.00%,388486099,677324423099,17275325.85,0
2048-06-04,109.7285,109.7285,109.7285,109.7285,112455000,0.00%,276031099,677324423099,12339518.47,0
2048-06-05,109.7285,109.7285,109.7285,109.7285,157094000,0.00%,118937099,677324423099,17237688.98,0
2048-06-08,109.7285,109.7285,109.7285,109.7285,97461000,0.00%,21476099,677324423099,10694249.34,0
2048-06-09,109.7285,109.8382,109.8382,109.7285,81830000,0.10%,1149638059,678534415059,8988059.91,1209991960
2048-06-10,109.8382,109.8382,109.8382,109.8382,89425000,0.00%,1060213059,678534415059,9822281.04,0
2048-06-11,109.8382,109.8382,109.8382,109.8382,64337000,0.00%,995876059,678534415059,7066660.27,0
2048-06-12,109.8382,109.8382,109.8382,109.8382,79282000,0.00%,916594059,678534415059,8708192.17,0
2048-06-15,109.8382,109.8382,109.8382,109.8382,66101000,0.00%,850493059,678534415059,7260414.86,0
2048-06-16,109.8382,109.8382,109.8382,109.8382,113288000,0.00%,737205059,678534415059,12443350.0,0
2048-06-17,109.8382,109.8382,109.8382,109.8382,108192000,0.00%,629013059,678534415059,11883614.53,0
2048-06-18,109.8382,109.8382,109.8382,109.8382,122549000,0.00%,506464059,678534415059,13460561.57,0
2048-06-19,109.8382,109.8382,109.8382,109.8382,175665000,0.00%,330799059,678534415059,19294727.4,0
2048-06-22,109.8382,109.8382,109.8382,109.8382,99323000,0.00%,231476059,678534415059,10909459.54,0
2048-06-23,109.8382,109.8382,109.8382,109.8382,79772000,0.00%,151704059,678534415059,8762012.89,0
2048-06-24,109.8382,109.8382,109.8382,109.8382,94570000,0.00%,57134059,678534415059,10387398.57,0
2048-06-26,109.8382,109.9481,109.9481,109.8382,68110000,0.10%,1215032264,679760423264,7488565.09,1226008205
2048-06-29,109.9481,109.9481,109.9481,109.9481,88984000,0.00%,1126048264,679760423264,9783621.73,0
2048-06-30,109.9481,109.9481,109.9481,109.9481,85701000,0.00%,1040347264,679760423264,9422662.12,0
2048-07-01,109.9481,109.9481,109.9481,109.9481,77861000,0.00%,962486264,679760423264,8560669.01,0
2048-07-02,109.9481,109.9481,109.9481,109.9481,66248000,0.00%,896238264,679760423264,7283841.73,0
2048-07-03,109.9481,109.9481,109.9481,109.9481,79380000,0.00%,816858264,679760423264,8727680.18,0
2048-07-06,109.9481,109.9481,109.9481,109.9481,69580000,0.00%,747278264,679760423264,7650188.8,0
2048-07-07,109.9481,109.9481,109.9481,109.9481,46256000,0.00%,701022264,679760423264,5085759.31,0
2048-07-08,109.9481,109.9481,109.9481,109.9481,48314000,0.00%,652708264,679760423264,5312032.5,0
2048-07-09,109.9481,109.9481,109.9481,109.9481,96922000,0.00%,555786264,679760423264,10656389.75,0
2048-07-10,109.9481,109.9481,109.9481,109.9481,105840000,0.00%,449946264,679760423264,11636906.9,0
2048-07-13,109.9481,109.9481,109.9481,109.9481,84721000,0.00%,365225264,679760423264,9314912.98,0
2048-07-14,109.9481,109.9481,109.9481,109.9481,60564000,0.00%,304661264,679760423264,6658896.73,0
2048-07-15,109.9481,109.9481,109.9481,109.9481,82565000,0.00%,222096264,679760423264,9077864.88,0
2048-07-16,109.9481,109.9481,109.9481,109.9481,133868000,0.00%,88228264,679760423264,14718532.25,0
2048-07-17,109.9481,110.058,110.058,109.9481,103929000,0.10%,1240642407,681016766407,11438217.88,1256343143
2048-07-21,110.058,110.058,110.058,110.058,142835000,0.00%,1097807407,681016766407,15720134.43,0
2048-07-22,110.058,110.058,110.058,110.058,107359000,0.00%,990448407,681016766407,11815716.82,0
2048-07-23,110.058,110.058,110.058,110.058,81144000,0.00%,909304407,681016766407,8930546.35,0
2048-07-24,110.058,110.058,110.058,110.058,58016000,0.00%,851288407,681016766407,6385124.93,0
2048-07-27,110.058,110.058,110.058,110.058,85505000,0.00%,765783407,681016766407,9410509.29,0
2048-07-28,110.058,110.058,110.058,110.058,143080000,0.00%,622703407,681016766407,15747098.64,0
2048-07-29,110.058,110.058,110.058,110.058,73206000,0.00%,549497407,681016766407,8056905.95,0
2048-07-30,110.058,110.058,110.058,110.058,66885000,0.00%,482612407,681016766407,7361229.33,0
2048-07-31,110.058,110.058,110.058,110.058,108976000,0.00%,373636407,681016766407,11993680.61,0
2048-08-03,110.058,110.058,110.058,110.058,180320000,0.00%,193316407,681016766407,19845658.56,0
2048-08-04,110.058,110.058,110.058,110.058,114856000,0.00%,78460407,681016766407,12640821.65,0
2048-08-05,110.058,110.1681,110.1681,110.058,103096000,0.10%,1220160790,682261562790,11357890.44,1244796382
2048-08-06,110.1681,110.1681,110.1681,110.1681,81634000,0.00%,1138526790,682261562790,8993462.68,0
2048-08-07,110.1681,110.1681,110.1681,110.1681,93590000,0.00%,1044936790,682261562790,10310632.48,0
2048-08-10,110.1681,110.1681,110.1681,110.1681,46452000,0.00%,998484790,682261562790,5117528.58,0
2048-08-11,110.1681,110.1681,110.1681,110.1681,75362000,0.00%,923122790,682261562790,8302488.35,0
2048-08-12,110.1681,110.1681,110.1681,110.1681,58408000,0.00%,864714790,682261562790,6434698.38,0
2048-08-13,110.1681,110.1681,110.1681,110.1681,54831000,0.00%,809883790,682261562790,6040627.09,0
2048-08-14,110.1681,110.1681,110.1681,110.1681,60270000,0.00%,749613790,682261562790,6639831.39,0
2048-08-17,110.1681,110.1681,110.1681,110.1681,77175000,0.00%,672438790,682261562790,8502223.12,0
2048-08-18,110.1681,110.1681,110.1681,110.1681,52871000,0.00%,619567790,682261562790,5824697.62,0
2048-08-19,110.1681,110.1681,110.1681,110.1681,80752000,0.00%,538815790,682261562790,8896294.41,0
2048-08-20,110.1681,110.1681,110.1681,110.1681,141218000,0.00%,397597790,682261562790,15557718.75,0
2048-08-21,110.1681,110.1681,110.1681,110.1681,88739000,0.00%,308858790,682261562790,9776207.03,0
2048-08-24,110.1681,110.1681,110.1681,110.1681,125930000,0.00%,182928790,682261562790,13873468.83,0
2048-08-25,110.1681,110.1681,110.1681,110.1681,120932000,0.00%,61996790,682261562790,13322848.67,0
2048-08-26,110.1681,110.2782,110.2782,110.1681,84476000,0.10%,1215358597,683499400597,9315861.22,1237837807
2048-08-27,110.2782,110.2782,110.2782,110.2782,109466000,0.00%,1105892597,683499400597,12071713.44,0
2048-08-28,110.2782,110.2782,110.2782,110.2782,61446000,0.00%,1044446597,683499400597,6776154.28,0
2048-08-31,110.2782,110.2782,110.2782,110.2782,95060000,0.00%,949386597,683499400597,10483045.69,0
2048-09-01,110.2782,110.2782,110.2782,110.2782,75362000,0.00%,874024597,683499400597,8310785.71,0
2048-09-02,110.2782,110.2782,110.2782,110.2782,74431000,0.00%,799593597,683499400597,8208116.7,0
2048-09-03,110.2782,110.2782,110.2782,110.2782,243726000,0.00%,555867597,683499400597,26877664.57,0
2048-09-07,110.2782,110.2782,110.2782,110.2782,150675000,0.00%,405192597,683499400597,16616167.79,0
2048-09-08,110.2782,110.2782,110.2782,110.2782,64925000,0.00%,340267597,683499400597,7159812.14,0
2048-09-09,110.2782,110.2782,110.2782,110.2782,80801000,0.00%,259466597,683499400597,8910588.84,0
2048-09-10,110.2782,110.2782,110.2782,110.2782,81928000,0.00%,177538597,683499400597,9034872.37,0
2048-09-14,110.2782,110.2782,110.2782,110.2782,92169000,0.00%,85369597,683499400597,10164231.42,0
2048-09-15,110.2782,110.2782,110.2782,110.2782,50960000,0.00%,34409597,683499400597,5619777.07,0
2048-09-16,110.2782,110.3885,110.3885,110.2782,52234000,0.10%,1156374704,684673599704,5766032.91,1174199106
2048-09-17,110.3885,110.3885,110.3885,110.3885,49735000,0.00%,1106639704,684673599704,5490172.05,0
2048-09-18,110.3885,110.3885,110.3885,110.3885,94178000,0.00%,1012461704,684673599704,10396168.15,0
2048-09-21,110.3885,110.3885,110.3885,110.3885,72226000,0.00%,940235704,684673599704,7972919.8,0
2048-09-22,110.3885,110.3885,110.3885,110.3885,76342000,0.00%,863893704,684673599704,8427278.87,0
2048-09-23,110.3885,110.3885,110.3885,110.3885,66934000,0.00%,796959704,684673599704,7388743.86,0
2048-09-24,110.3885,110.3885,110.3885,110.3885,93688000,0.00%,703271704,684673599704,10342077.79,0
2048-09-25,110.3885,110.3885,110.3885,110.3885,104076000,0.00%,599195704,684673599704,11488793.53,0
2048-09-28,110.3885,110.3885,110.3885,110.3885,89719000,0.00%,509476704,684673599704,9903945.83,0
2048-09-29,110.3885,110.3885,110.3885,110.3885,78008000,0.00%,431468704,684673599704,8611186.11,0
2048-09-30,110.3885,110.3885,110.3885,110.3885,69580000,0.00%,361888704,684673599704,7680831.83,0
2048-10-01,110.3885,110.3885,110.3885,110.3885,76440000,0.00%,285448704,684673599704,8438096.94,0
2048-10-02,110.3885,110.3885,110.3885,110.3885,55125000,0.00%,230323704,684673599704,6085166.06,0
2048-10-06,110.3885,110.3885,110.3885,110.3885,74088000,0.00%,156235704,684673599704,8178463.19,0
2048-10-07,110.3885,110.3885,110.3885,110.3885,53606000,0.00%,102629704,684673599704,5917485.93,0
2048-10-08,110.3885,110.3885,110.3885,110.3885,52920000,0.00%,49709704,684673599704,5841759.42,0
2048-10-09,110.3885,110.4989,110.4989,110.3885,54292000,0.10%,1163833503,685842015503,5999206.28,1168415799
2048-10-12,110.4989,110.4989,110.4989,110.4989,55860000,0.00%,1107973503,685842015503,6172468.55,0
2048-10-13,110.4989,110.4989,110.4989,110.4989,80605000,0.00%,1027368503,685842015503,8906763.83,0
2048-10-14,110.4989,110.4989,110.4989,110.4989,80458000,0.00%,946910503,685842015503,8890520.5,0
2048-10-15,110.4989,110.4989,110.4989,110.4989,65905000,0.00%,881005503,685842015503,7282430.0,0
2048-10-16,110.4989,110.4989,110.4989,110.4989,65513000,0.00%,815492503,685842015503,7239114.44,0
2048-10-19,110.4989,110.4989,110.4989,110.4989,61005000,0.00%,754487503,685842015503,6740985.39,0
2048-10-20,110.4989,110.4989,110.4989,110.4989,45080000,0.00%,709407503,685842015503,4981290.41,0
2048-10-21,110.4989,110.4989,110.4989,110.4989,58800000,0.00%,650607503,685842015503,6497335.32,0
2048-10-22,110.4989,110.4989,110.4989,110.4989,84378000,0.00%,566229503,685842015503,9323676.18,0
2048-10-23,110.4989,110.4989,110.4989,110.4989,94129000,0.00%,472100503,685842015503,10401150.96,0
2048-10-27,110.4989,110.4989,110.4989,110.4989,105938000,0.00%,366162503,685842015503,11706032.47,0
2048-10-28,110.4989,110.4989,110.4989,110.4989,85799000,0.00%,280363503,685842015503,9480695.12,0
2048-10-29,110.4989,110.4989,110.4989,110.4989,56105000,0.00%,224258503,685842015503,6199540.78,0
2048-10-30,110.4989,110.4989,110.4989,110.4989,80654000,0.00%,143604503,685842015503,8912178.28,0
2048-11-02,110.4989,110.4989,110.4989,110.4989,70364000,0.00%,73240503,685842015503,7775144.6,0
2048-11-03,110.4989,110.4989,110.4989,110.4989,67277000,0.00%,5963503,685842015503,7434034.5,0
2048-11-04,110.4989,110.6094,110.6094,110.4989,53949000,0.10%,1125160693,687015161693,5967266.52,1173146190
2048-11-05,110.6094,110.6094,110.6094,110.6094,51352000,0.00%,1073808693,687015161693,5680013.91,0
2048-11-06,110.6094,110.6094,110.6094,110.6094,105742000,0.00%,968066693,687015161693,11696059.17,0
2048-11-09,110.6094,110.6094,110.6094,110.6094,131614000,0.00%,836452693,687015161693,14557745.57,0
2048-11-10,110.6094,110.6094,110.6094,110.6094,65660000,0.00%,770792693,687015161693,7262613.2,0
2048-11-11,110.6094,110.6094,110.6094,110.6094,63112000,0.00%,707680693,687015161693,6980780.45,0
2048-11-12,110.6094,110.6094,110.6094,110.6094,50323000,0.00%,657357693,687015161693,5566196.84,0
2048-11-13,110.6094,110.6094,110.6094,110.6094,48363000,0.00%,608994693,687015161693,5349402.41,0
2048-11-16,110.6094,110.6094,110.6094,110.6094,66591000,0.00%,542403693,687015161693,7365590.56,0
2048-11-17,110.6094,110.6094,110.6094,110.6094,61152000,0.00%,481251693,687015161693,6763986.03,0
2048-11-18,110.6094,110.6094,110.6094,110.6094,159005000,0.00%,322246693,687015161693,17587447.65,0
2048-11-19,110.6094,110.6094,110.6094,110.6094,172970000,0.00%,149276693,687015161693,19132107.92,0
2048-11-20,110.6094,110.6094,110.6094,110.6094,107653000,0.00%,41623693,687015161693,11907433.74,0
2048-11-23,110.6094,110.72,110.72,110.6094,136122000,0.10%,1050854663,688160514663,15071427.84,1145352970
2048-11-24,110.72,110.72,110.72,110.72,118531000,0.00%,932323663,688160514663,13123752.32,0
2048-11-25,110.72,110.72,110.72,110.72,69433000,0.00%,862890663,688160514663,7687621.76,0
2048-11-26,110.72,110.72,110.72,110.72,71197000,0.00%,791693663,688160514663,7882931.84,0
2048-11-27,110.72,110.72,110.72,110.72,74676000,0.00%,717017663,688160514663,8268126.72,0
2048-11-30,110.72,110.72,110.72,110.72,59927000,0.00%,657090663,688160514663,6635117.44,0
2048-12-01,110.72,110.72,110.72,110.72,74235000,0.00%,582855663,688160514663,8219299.2,0
2048-12-02,110.72,110.72,110.72,110.72,82614000,0.00%,500241663,688160514663,9147022.08,0
2048-12-03,110.72,110.72,110.72,110.72,148519000,0.00%,351722663,688160514663,16444023.68,0
2048-12-04,110.72,110.72,110.72,110.72,74235000,0.00%,277487663,688160514663,8219299.2,0
2048-12-07,110.72,110.72,110.72,110.72,73059000,0.00%,204428663,688160514663,8089092.48,0
2048-12-08,110.72,110.72,110.72,110.72,116277000,0.00%,88151663,688160514663,12874189.44,0
2048-12-09,110.72,110.72,110.72,110.72,77910000,0.00%,10241663,688160514663,8626195.2,0
2048-12-10,110.72,110.8307,110.8307,110.72,67130000,0.10%,1086994123,689304397123,7440064.89,1143882459
2048-12-11,110.8307,110.8307,110.8307,110.8307,81340000,0.00%,1005654123,689304397123,9014969.14,0
2048-12-14,110.8307,110.8307,110.8307,110.8307,90160000,0.00%,915494123,689304397123,9992495.91,0
2048-12-15,110.8307,110.8307,110.8307,110.8307,63700000,0.00%,851794123,689304397123,7059915.59,0
2048-12-16,110.8307,110.8307,110.8307,110.8307,69335000,0.00%,782459123,689304397123,7684446.58,0
2048-12-17,110.8307,110.8307,110.8307,110.8307,84280000,0.00%,698179123,689304397123,9340811.4,0
2048-12-18,110.8307,110.8307,110.8307,110.8307,151508000,0.00%,546671123,689304397123,16791737.7,0
2048-12-21,110.8307,110.8307,110.8307,110.8307,59241000,0.00%,487430123,689304397123,6565721.5,0
2048-12-22,110.8307,110.8307,110.8307,110.8307,61397000,0.00%,426033123,689304397123,6804672.49,0
2048-12-23,110.8307,110.8307,110.8307,110.8307,69531000,0.00%,356502123,689304397123,7706169.4,0
2048-12-24,110.8307,110.8307,110.8307,110.8307,49833000,0.00%,306669123,689304397123,5523026.27,0
2048-12-25,110.8307,110.9416,110.9416,110.8307,720349000,0.10%,703113890,690421190890,79916670.62,1116793766
2048-12-30,110.9416,110.9416,110.9416,110.9416,315903000,0.00%,387210890,690421190890,35046784.26,0
2048-12-31,110.9416,110.9416,110.9416,110.9416,185416000,0.00%,201794890,690421190890,20570347.71,0
2049-01-01,110.9416,110.9416,110.9416,110.9416,98100000,0.00%,103694890,690421190890,10883370.96,0
2049-01-05,110.9416,111.0525,111.0525,110.9416,116750000,0.10%,1080198630,691514444630,12965379.38,1093253739
2049-01-06,111.0525,111.0525,111.0525,111.0525,101950000,0.00%,978248630,691514444630,11321802.38,0
2049-01-07,111.0525,111.0525,111.0525,111.0525,101100000,0.00%,877148630,691514444630,11227407.75,0
2049-01-08,111.0525,111.0525,111.0525,111.0525,118750000,0.00%,758398630,691514444630,13187484.38,0
2049-01-11,111.0525,111.0525,111.0525,111.0525,83599999,0.00%,674798630,691514444630,9283989.0,0
2049-01-12,111.0525,111.0525,111.0525,111.0525,84650000,0.00%,590148630,691514444630,9400594.12,0
2049-01-13,111.0525,111.0525,111.0525,111.0525,95750000,0.00%,494398630,691514444630,10633276.88,0
2049-01-14,111.0525,111.0525,111.0525,111.0525,103000000,0.00%,391398630,691514444630,11438407.5,0
2049-01-15,111.0525,111.0525,111.0525,111.0525,78850000,0.00%,312548630,691514444630,8756489.62,0
2049-01-18,111.0525,111.0525,111.0525,111.0525,81649999,0.00%,230898630,691514444630,9067436.62,0
2049-01-19,111.0525,111.0525,111.0525,111.0525,111200000,0.00%,119698630,691514444630,12349038.0,0
2049-01-20,111.0525,111.1636,111.1636,111.0525,180550000,0.10%,1013055101,692588351101,20070587.98,1073906471
2049-01-21,111.1636,111.1636,111.1636,111.1636,123000000,0.00%,890055101,692588351101,13673122.8,0
2049-01-22,111.1636,111.1636,111.1636,111.1636,134500000,0.00%,755555101,692588351101,14951504.2,0
2049-01-25,111.1636,111.1636,111.1636,111.1636,168250000,0.00%,587305101,692588351101,18703275.7,0
2049-01-26,111.1636,111.1636,111.1636,111.1636,178050000,0.00%,409255101,692588351101,19792678.98,0
2049-01-27,111.1636,111.1636,111.1636,111.1636,169300000,0.00%,239955101,692588351101,18819997.48,0
2049-01-28,111.1636,111.1636,111.1636,111.1636,170800000,0.00%,69155101,692588351101,18986742.88,0
2049-01-29,111.1636,111.2747,111.2747,111.1636,124100000,0.10%,999605180,693642901180,13809190.27,1054550079
2049-02-01,111.2747,111.2747,111.2747,111.2747,100800000,0.00%,898805180,693642901180,11216489.76,0
2049-02-02,111.2747,111.2747,111.2747,111.2747,107550000,0.00%,791255180,693642901180,11967593.98,0
2049-02-03,111.2747,111.2747,111.2747,111.2747,100250000,0.00%,691005180,693642901180,11155288.68,0
2049-02-04,111.2747,111.2747,111.2747,111.2747,86650000,0.00%,604355180,693642901180,9641952.76,0
2049-02-05,111.2747,111.2747,111.2747,111.2747,155250000,0.00%,449105180,693642901180,17275397.18,0
2049-02-08,111.2747,111.2747,111.2747,111.2747,102300000,0.00%,346805180,693642901180,11383401.81,0
2049-02-09,111.2747,111.2747,111.2747,111.2747,144300000,0.00%,202505180,693642901180,16056939.21,0
2049-02-10,111.2747,111.2747,111.2747,111.2747,131700000,0.00%,70805180,693642901180,14654877.99,0
2049-02-11,111.2747,111.386,111.386,111.2747,89550000,0.10%,1023412100,694685058100,9974616.3,1042156919
2049-02-12,111.386,111.386,111.386,111.386,33650000,0.00%,989762100,694685058100,3748138.9,0
2049-02-17,111.386,111.386,111.386,111.386,57850000,0.00%,931912100,694685058100,6443680.1,0
2049-02-18,111.386,111.386,111.386,111.386,62850000,0.00%,869062100,694685058100,7000610.1,0
2049-02-19,111.386,111.386,111.386,111.386,86100000,0.00%,782962100,694685058100,9590334.6,0
2049-02-22,111.386,111.386,111.386,111.386,77100000,0.00%,705862100,694685058100,8587860.6,0
2049-02-23,111.386,111.386,111.386,111.386,78850000,0.00%,627012100,694685058100,8782786.1,0
2049-02-24,111.386,111.386,111.386,111.386,119750000,0.00%,507262100,694685058100,13338473.5,0
2049-02-25,111.386,111.386,111.386,111.386,62200000,0.00%,445062100,694685058100,6928209.2,0
2049-02-26,111.386,111.386,111.386,111.386,66150000,0.00%,378912100,694685058100,7368183.9,0
2049-03-01,111.386,111.386,111.386,111.386,62050000,0.00%,316862100,694685058100,6911501.3,0
2049-03-02,111.386,111.386,111.386,111.386,118050000,0.00%,198812100,694685058100,13149117.3,0
2049-03-03,111.386,111.386,111.386,111.386,129500000,0.00%,69312100,694685058100,14424487.0,0
2049-03-04,111.386,111.4974,111.4974,111.386,148600000,0.10%,972500310,695736846310,16568513.64,1051788209
2049-03-05,111.4974,111.4974,111.4974,111.4974,139750000,0.00%,832750310,695736846310,15581761.65,0
2049-03-08,111.4974,111.4974,111.4974,111.4974,69150000,0.00%,763600310,695736846310,7710045.21,0
2049-03-09,111.4974,111.4974,111.4974,111.4974,130300000,0.00%,633300310,695736846310,14528111.22,0
2049-03-10,111.4974,111.4974,111.4974,111.4974,116450000,0.00%,516850310,695736846310,12983872.23,0
2049-03-11,111.4974,111.4974,111.4974,111.4974,85800000,0.00%,431050310,695736846310,9566476.92,0
2049-03-12,111.4974,111.4974,111.4974,111.4974,62100000,0.00%,368950310,695736846310,6923988.54,0
2049-03-15,111.4974,111.4974,111.4974,111.4974,89350000,0.00%,279600310,695736846310,9962292.69,0
2049-03-16,111.4974,111.4974,111.4974,111.4974,182650000,0.00%,96950310,695736846310,20365000.11,0
2049-03-17,111.4974,111.6089,111.6089,111.4974,100350000,0.10%,1045670323,696785916323,11199953.12,1049070013
2049-03-18,111.6089,111.6089,111.6089,111.6089,71150000,0.00%,974520323,696785916323,7940973.24,0
2049-03-19,111.6089,111.6089,111.6089,111.6089,145900000,0.00%,828620323,696785916323,16283738.51,0
2049-03-22,111.6089,111.6089,111.6089,111.6089,98150000,0.00%,730470323,696785916323,10954413.54,0
2049-03-23,111.6089,111.6089,111.6089,111.6089,78200000,0.00%,652270323,696785916323,8727815.98,0
2049-03-24,111.6089,111.6089,111.6089,111.6089,78100000,0.00%,574170323,696785916323,8716655.09,0
2049-03-25,111.6089,111.6089,111.6089,111.6089,184350000,0.00%,389820323,696785916323,20575100.71,0
2049-03-26,111.6089,111.6089,111.6089,111.6089,132150000,0.00%,257670323,696785916323,14749116.13,0
2049-03-29,111.6089,111.6089,111.6089,111.6089,105650000,0.00%,152020323,696785916323,11791480.29,0
2049-03-30,111.6089,111.7205,111.7205,111.6089,170000000,0.10%,1071574942,697875470943,18992485.0,1089554619
2049-03-31,111.7205,111.7205,111.7205,111.7205,193750000,0.00%,877824942,697875470943,21645846.88,0
2049-04-01,111.7205,111.7205,111.7205,111.7205,150000000,0.00%,727824942,697875470943,16758075.0,0
2049-04-06,111.7205,111.7205,111.7205,111.7205,132800000,0.00%,595024942,697875470943,14836482.4,0
2049-04-07,111.7205,111.7205,111.7205,111.7205,98500000,0.00%,496524942,697875470943,11004469.25,0
2049-04-09,111.7205,111.7205,111.7205,111.7205,67900000,0.00%,428624942,697875470943,7585821.95,0
2049-04-12,111.7205,111.7205,111.7205,111.7205,108300000,0.00%,320324942,697875470943,12099330.15,0
2049-04-13,111.7205,111.7205,111.7205,111.7205,89400000,0.00%,230924942,697875470943,9987812.7,0
2049-04-14,111.7205,111.7205,111.7205,111.7205,123650000,0.00%,107274942,697875470943,13814239.83,0
2049-04-15,111.7205,111.7205,111.7205,111.7205,94150000,0.00%,13124942,697875470943,10518485.08,0
2049-04-16,111.7205,111.8322,111.8322,111.7205,115150000,0.10%,982012333,698959508333,12877477.83,1084037390
2049-04-19,111.8322,111.8322,111.8322,111.8322,91500000,0.00%,890512333,698959508333,10232646.3,0
2049-04-20,111.8322,111.8322,111.8322,111.8322,98450000,0.00%,792062333,698959508333,11009880.09,0
2049-04-21,111.8322,111.8322,111.8322,111.8322,72050000,0.00%,720012333,698959508333,8057510.01,0
2049-04-22,111.8322,111.8322,111.8322,111.8322,95300000,0.00%,624712333,698959508333,10657608.66,0
2049-04-23,111.8322,111.8322,111.8322,111.8322,97350000,0.00%,527362333,698959508333,10886864.67,0
2049-04-26,111.8322,111.8322,111.8322,111.8322,205650000,0.00%,321712333,698959508333,22998291.93,0
2049-04-27,111.8322,111.8322,111.8322,111.8322,219100000,0.00%,102612333,698959508333,24502435.02,0
2049-04-28,111.8322,111.9441,111.9441,111.8322,207350000,0.10%,944111377,700008357377,23211609.14,1048849043
2049-04-29,111.9441,111.9441,111.9441,111.9441,138650000,0.00%,805461377,700008357377,15521049.46,0
2049-04-30,111.9441,111.9441,111.9441,111.9441,148000000,0.00%,657461377,700008357377,16567726.8,0
2049-05-03,111.9441,111.9441,111.9441,111.9441,127100000,0.00%,530361377,700008357377,14228095.11,0
2049-05-04,111.9441,111.9441,111.9441,111.9441,79800000,0.00%,450561377,700008357377,8933139.18,0
2049-05-06,111.9441,111.9441,111.9441,111.9441,112400000,0.00%,338161377,700008357377,12582516.84,0
2049-05-07,111.9441,111.9441,111.9441,111.9441,117950000,0.00%,220211377,700008357377,13203806.6,0
2049-05-10,111.9441,111.9441,111.9441,111.9441,131050000,0.00%,89161377,700008357377,14670274.3,0
2049-05-11,111.9441,112.056,112.056,111.9441,97050000,0.10%,1025527691,701041773691,10875034.8,1033416314
2049-05-12,112.056,112.056,112.056,112.056,100300000,0.00%,925227691,701041773691,11239216.8,0
2049-05-13,112.056,112.056,112.056,112.056,80150000,0.00%,845077691,701041773691,8981288.4,0
2049-05-14,112.056,112.056,112.056,112.056,78450000,0.00%,766627691,701041773691,8790793.2,0
2049-05-17,112.056,112.056,112.056,112.056,102800000,0.00%,663827691,701041773691,11519356.8,0
2049-05-18,112.056,112.056,112.056,112.056,108000000,0.00%,555827691,701041773691,12102048.0,0
2049-05-20,112.056,112.056,112.056,112.056,292150000,0.00%,263677691,701041773691,32737160.4,0
2049-05-21,112.056,112.056,112.056,112.056,139600000,0.00%,124077691,701041773691,15643017.6,0
2049-05-24,112.056,112.056,112.056,112.056,111650000,0.00%,12427691,701041773691,12511052.4,0
2049-05-25,112.056,112.1681,112.1681,112.056,153400000,0.10%,849644064,702032390064,17206586.54,990616372
2049-05-26,112.1681,112.1681,112.1681,112.1681,111850000,0.00%,737794064,702032390064,12546001.98,0
2049-05-27,112.1681,112.1681,112.1681,112.1681,91600000,0.00%,646194064,702032390064,10274597.96,0
2049-05-28,112.1681,112.1681,112.1681,112.1681,95700000,0.00%,550494064,702032390064,10734487.17,0
2049-05-31,112.1681,112.1681,112.1681,112.1681,160650000,0.00%,389844064,702032390064,18019805.27,0
2049-06-01,112.1681,112.1681,112.1681,112.1681,83050000,0.00%,306794064,702032390064,9315560.71,0
2049-06-02,112.1681,112.1681,112.1681,112.1681,136900000,0.00%,169894064,702032390064,15355812.89,0
2049-06-03,112.1681,112.1681,112.1681,112.1681,110050000,0.00%,59844064,702032390064,12344099.4,0
2049-06-04,112.1681,112.2802,112.2802,112.1681,200200000,0.10%,825479465,702998225465,22478496.04,965835400
2049-06-07,112.2802,112.2802,112.2802,112.2802,140650000,0.00%,684829465,702998225465,15792210.13,0
2049-06-08,112.2802,112.2802,112.2802,112.2802,90200000,0.00%,594629465,702998225465,10127674.04,0
2049-06-09,112.2802,112.2802,112.2802,112.2802,101050000,0.00%,493579465,702998225465,11345914.21,0
2049-06-10,112.2802,112.2802,112.2802,112.2802,94450000,0.00%,399129465,702998225465,10604864.89,0
2049-06-11,112.2802,112.2802,112.2802,112.2802,126250000,0.00%,272879465,702998225465,14175375.25,0
2049-06-15,112.2802,112.2802,112.2802,112.2802,132500000,0.00%,140379465,702998225465,14877126.5,0
2049-06-16,112.2802,112.2802,112.2802,112.2802,74800000,0.00%,65579465,702998225465,8398558.96,0
2049-06-17,112.2802,112.3925,112.3925,112.2802,76700000,0.10%,948393517,703957739517,8620504.75,959514052
2049-06-18,112.3925,112.3925,112.3925,112.3925,104300000,0.00%,844093517,703957739517,11722537.75,0
2049-06-21,112.3925,112.3925,112.3925,112.3925,76400000,0.00%,767693517,703957739517,8586787.0,0
2049-06-22,112.3925,112.3925,112.3925,112.3925,71400000,0.00%,696293517,703957739517,8024824.5,0
2049-06-23,112.3925,112.3925,112.3925,112.3925,111550000,0.00%,584743517,703957739517,12537383.38,0
2049-06-24,112.3925,112.3925,112.3925,112.3925,70250000,0.00%,514493517,703957739517,7895573.12,0
2049-06-25,112.3925,112.3925,112.3925,112.3925,129300000,0.00%,385193517,703957739517,14532350.25,0
2049-06-28,112.3925,112.3925,112.3925,112.3925,64600000,0.00%,320593517,703957739517,7260555.5,0
2049-06-29,112.3925,112.3925,112.3925,112.3925,63950000,0.00%,256643517,703957739517,7187500.38,0
2049-06-30,112.3925,112.3925,112.3925,112.3925,59450000,0.00%,197193517,703957739517,6681734.12,0
2049-07-01,112.3925,112.3925,112.3925,112.3925,87550000,0.00%,109643517,703957739517,9839963.38,0
2049-07-02,112.3925,112.3925,112.3925,112.3925,77800000,0.00%,31843517,703957739517,8744136.5,0
2049-07-06,112.3925,112.5049,112.5049,112.3925,136350000,0.10%,866151451,704928397451,15340043.12,970657933
2049-07-07,112.5049,112.5049,112.5049,112.5049,111300000,0.00%,754851451,704928397451,12521795.37,0
2049-07-08,112.5049,112.5049,112.5049,112.5049,77200000,0.00%,677651451,704928397451,8685378.28,0
2049-07-09,112.5049,112.5049,112.5049,112.5049,52600000,0.00%,625051451,704928397451,5917757.74,0
2049-07-12,112.5049,112.5049,112.5049,112.5049,58100000,0.00%,566951451,704928397451,6536534.69,0
2049-07-13,112.5049,112.5049,112.5049,112.5049,65100000,0.00%,501851451,704928397451,7324068.99,0
2049-07-14,112.5049,112.5049,112.5049,112.5049,77950000,0.00%,423901451,704928397451,8769756.96,0
2049-07-15,112.5049,112.5049,112.5049,112.5049,82950000,0.00%,340951451,704928397451,9332281.46,0
2049-07-16,112.5049,112.5049,112.5049,112.5049,137600000,0.00%,203351451,704928397451,15480674.24,0
2049-07-19,112.5049,112.5049,112.5049,112.5049,68400000,0.00%,134951451,704928397451,7695335.16,0
2049-07-20,112.5049,112.5049,112.5049,112.5049,95300000,0.00%,39651451,704928397451,10721716.97,0
2049-07-21,112.5049,112.6174,112.6174,112.5049,129300000,0.10%,878821915,705896867915,14561429.82,968470463
2049-07-22,112.6174,112.6174,112.6174,112.6174,94700000,0.00%,784121915,705896867915,10664867.78,0
2049-07-23,112.6174,112.6174,112.6174,112.6174,115450000,0.00%,668671915,705896867915,13001678.83,0
2049-07-26,112.6174,112.6174,112.6174,112.6174,84800000,0.00%,583871915,705896867915,9549955.52,0
2049-07-27,112.6174,112.6174,112.6174,112.6174,60500000,0.00%,523371915,705896867915,6813352.7,0
2049-07-28,112.6174,112.6174,112.6174,112.6174,59000000,0.00%,464371915,705896867915,6644426.6,0
2049-07-29,112.6174,112.6174,112.6174,112.6174,128950000,0.00%,335421915,705896867915,14522013.73,0
2049-07-30,112.6174,112.6174,112.6174,112.6174,66350000,0.00%,269071915,705896867915,7472164.49,0
2049-08-02,112.6174,112.6174,112.6174,112.6174,64350000,0.00%,204721915,705896867915,7246929.69,0
2049-08-03,112.6174,112.6174,112.6174,112.6174,48750000,0.00%,155971915,705896867915,5490098.25,0
2049-08-04,112.6174,112.6174,112.6174,112.6174,101500000,0.00%,54471915,705896867915,11430666.1,0
2049-08-05,112.6174,112.73,112.73,112.6174,62050000,0.10%,975194105,706879640105,6994896.5,982772189
2049-08-06,112.73,112.73,112.73,112.73,88550000,0.00%,886644105,706879640105,9982241.5,0
2049-08-09,112.73,112.73,112.73,112.73,114800000,0.00%,771844105,706879640105,12941404.0,0
2049-08-10,112.73,112.73,112.73,112.73,88350000,0.00%,683494105,706879640105,9959695.5,0
2049-08-11,112.73,112.73,112.73,112.73,79200000,0.00%,604294105,706879640105,8928216.0,0
2049-08-12,112.73,112.73,112.73,112.73,94050000,0.00%,510244105,706879640105,10602256.5,0
2049-08-13,112.73,112.73,112.73,112.73,81750000,0.00%,428494105,706879640105,9215677.5,0
2049-08-16,112.73,112.73,112.73,112.73,51100000,0.00%,377394105,706879640105,5760503.0,0
2049-08-17,112.73,112.73,112.73,112.73,67950000,0.00%,309444105,706879640105,7660003.5,0
2049-08-18,112.73,112.73,112.73,112.73,93450000,0.00%,215994105,706879640105,10534618.5,0
2049-08-19,112.73,112.73,112.73,112.73,107200000,0.00%,108794105,706879640105,12084656.0,0
2049-08-20,112.73,112.73,112.73,112.73,82050000,0.00%,26744105,706879640105,9249496.5,0
2049-08-23,112.73,112.8427,112.8427,112.73,76050000,0.10%,955200860,707884146860,8581687.33,1004506755
2049-08-24,112.8427,112.8427,112.8427,112.8427,59250000,0.00%,895950860,707884146860,6685929.98,0
2049-08-25,112.8427,112.8427,112.8427,112.8427,58250000,0.00%,837700860,707884146860,6573087.28,0
2049-08-26,112.8427,112.8427,112.8427,112.8427,83950000,0.00%,753750860,707884146860,9473144.67,0
2049-08-27,112.8427,112.8427,112.8427,112.8427,65300000,0.00%,688450860,707884146860,7368628.31,0
2049-08-30,112.8427,112.8427,112.8427,112.8427,81250000,0.00%,607200860,707884146860,9168469.38,0
2049-08-31,112.8427,112.8427,112.8427,112.8427,68400000,0.00%,538800860,707884146860,7718440.68,0
2049-09-01,112.8427,112.8427,112.8427,112.8427,73000000,0.00%,465800860,707884146860,8237517.1,0
2049-09-02,112.8427,112.8427,112.8427,112.8427,64450000,0.00%,401350860,707884146860,7272712.02,0
2049-09-03,112.8427,112.8427,112.8427,112.8427,154350000,0.00%,247000860,707884146860,17417270.75,0
2049-09-06,112.8427,112.8427,112.8427,112.8427,69400000,0.00%,177600860,707884146860,7831283.38,0
2049-09-07,112.8427,112.8427,112.8427,112.8427,49050000,0.00%,128550860,707884146860,5534934.44,0
2049-09-08,112.8427,112.8427,112.8427,112.8427,66400000,0.00%,62150860,707884146860,7492755.28,0
2049-09-09,112.8427,112.8427,112.8427,112.8427,47900000,0.00%,14250860,707884146860,5405165.33,0
2049-09-13,112.8427,112.9556,112.9556,112.8427,100400000,0.10%,938121165,708908417165,11340742.24,1024270305
2049-09-14,112.9556,112.9556,112.9556,112.9556,61500000,0.00%,876621165,708908417165,6946769.4,0
2049-09-15,112.9556,112.9556,112.9556,112.9556,60200000,0.00%,816421165,708908417165,6799927.12,0
2049-09-16,112.9556,112.9556,112.9556,112.9556,69000000,0.00%,747421165,708908417165,7793936.4,0
2049-09-17,112.9556,112.9556,112.9556,112.9556,55050000,0.00%,692371165,708908417165,6218205.78,0
2049-09-20,112.9556,112.9556,112.9556,112.9556,38450000,0.00%,653921165,708908417165,4343142.82,0
2049-09-21,112.9556,112.9556,112.9556,112.9556,50750000,0.00%,603171165,708908417165,5732496.7,0
2049-09-23,112.9556,112.9556,112.9556,112.9556,129000000,0.00%,474171165,708908417165,14571272.4,0
2049-09-24,112.9556,112.9556,112.9556,112.9556,142050000,0.00%,332121165,708908417165,16045342.98,0
2049-09-27,112.9556,112.9556,112.9556,112.9556,76100000,0.00%,256021165,708908417165,8595921.16,0
2049-09-28,112.9556,112.9556,112.9556,112.9556,214600000,0.00%,41421165,708908417165,24240271.76,0
2049-09-29,112.9556,113.0685,113.0685,112.9556,200550000,0.10%,845886033,709913432033,22675887.68,1005014868
2049-09-30,113.0685,113.0685,113.0685,113.0685,251250000,0.00%,594636033,709913432033,28408460.62,0
2049-10-01,113.0685,113.0685,113.0685,113.0685,285750000,0.00%,308886033,709913432033,32309323.88,0
2049-10-04,113.0685,113.1816,113.1816,113.0685,377300000,0.10%,927899387,710909745387,42703417.68,996313353
2049-10-06,113.1816,113.1816,113.1816,113.1816,243850000,0.00%,684049387,710909745387,27599333.16,0
2049-10-07,113.1816,113.1816,113.1816,113.1816,158000000,0.00%,526049387,710909745387,17882692.8,0
2049-10-08,113.1816,113.1816,113.1816,113.1816,123300000,0.00%,402749387,710909745387,13955291.28,0
2049-10-11,113.1816,113.1816,113.1816,113.1816,126650000,0.00%,276099387,710909745387,14334449.64,0
2049-10-12,113.1816,113.2948,113.2948,113.1816,352350000,0.10%,904624774,711890620774,39919422.78,980875387
2049-10-13,113.2948,113.2948,113.2948,113.2948,231850000,0.00%,672774774,711890620774,26267399.38,0
2049-10-14,113.2948,113.2948,113.2948,113.2948,165550000,0.00%,507224774,711890620774,18755954.14,0
2049-10-18,113.2948,113.2948,113.2948,113.2948,151600000,0.00%,355624774,711890620774,17175491.68,0
2049-10-19,113.2948,113.2948,113.2948,113.2948,167399999,0.00%,188224774,711890620774,18965549.52,0
2049-10-20,113.2948,113.2948,113.2948,113.2948,112450000,0.00%,75774774,711890620774,12740000.26,0
2049-10-21,113.2948,113.4081,113.4081,113.2948,82400000,0.10%,967459170,712864705170,9344827.44,974084395
2049-10-22,113.4081,113.4081,113.4081,113.4081,129800000,0.00%,837659170,712864705170,14720371.38,0
2049-10-25,113.4081,113.4081,113.4081,113.4081,81649999,0.00%,756009170,712864705170,9259771.36,0
2049-10-26,113.4081,113.4081,113.4081,113.4081,55150000,0.00%,700859170,712864705170,6254456.71,0
2049-10-27,113.4081,113.4081,113.4081,113.4081,73300000,0.00%,627559170,712864705170,8312813.73,0
2049-10-28,113.4081,113.4081,113.4081,113.4081,56000000,0.00%,571559170,712864705170,6350853.6,0
2049-10-29,113.4081,113.4081,113.4081,113.4081,59750000,0.00%,511809170,712864705170,6776133.98,0
2049-11-01,113.4081,113.4081,113.4081,113.4081,77750000,0.00%,434059170,712864705170,8817479.78,0
2049-11-02,113.4081,113.4081,113.4081,113.4081,69000000,0.00%,365059170,712864705170,7825158.9,0
2049-11-03,113.4081,113.4081,113.4081,113.4081,89500000,0.00%,275559170,712864705170,10150024.95,0
2049-11-04,113.4081,113.4081,113.4081,113.4081,113750000,0.00%,161809170,712864705170,12900171.38,0
2049-11-05,113.4081,113.4081,113.4081,113.4081,105450000,0.00%,56359170,712864705170,11958884.14,0
2049-11-08,113.4081,113.5215,113.5215,113.4081,58550000,0.10%,976982040,713843878040,6646683.83,979172870
2049-11-09,113.5215,113.5215,113.5215,113.5215,76350000,0.00%,900632040,713843878040,8667366.53,0
2049-11-10,113.5215,113.5215,113.5215,113.5215,103800000,0.00%,796832040,713843878040,11783531.7,0
2049-11-11,113.5215,113.5215,113.5215,113.5215,99600000,0.00%,697232040,713843878040,11306741.4,0
2049-11-12,113.5215,113.5215,113.5215,113.5215,96950000,0.00%,600282040,713843878040,11005909.43,0
2049-11-15,113.5215,113.5215,113.5215,113.5215,114300000,0.00%,485982040,713843878040,12975507.45,0
2049-11-16,113.5215,113.5215,113.5215,113.5215,136500000,0.00%,349482040,713843878040,15495684.75,0
2049-11-17,113.5215,113.5215,113.5215,113.5215,141550000,0.00%,207932040,713843878040,16068968.33,0
2049-11-18,113.5215,113.5215,113.5215,113.5215,174500000,0.00%,33432040,713843878040,19809501.75,0
2049-11-19,113.5215,113.635,113.635,113.5215,145300000,0.10%,855567157,714811313157,16511165.5,967435117
2049-11-22,113.635,113.635,113.635,113.635,102450000,0.00%,753117157,714811313157,11641905.75,0
2049-11-23,113.635,113.635,113.635,113.635,69400000,0.00%,683717157,714811313157,7886269.0,0
2049-11-24,113.635,113.635,113.635,113.635,75050000,0.00%,608667157,714811313157,8528306.75,0
2049-11-25,113.635,113.635,113.635,113.635,62500000,0.00%,546167157,714811313157,7102187.5,0
2049-11-26,113.635,113.635,113.635,113.635,84750000,0.00%,461417157,714811313157,9630566.25,0
2049-11-29,113.635,113.635,113.635,113.635,139450000,0.00%,321967157,714811313157,15846400.75,0
2049-11-30,113.635,113.635,113.635,113.635,84700000,0.00%,237267157,714811313157,9624884.5,0
2049-12-01,113.635,113.635,113.635,113.635,83450000,0.00%,153817157,714811313157,9482840.75,0
2049-12-02,113.635,113.635,113.635,113.635,65350000,0.00%,88467157,714811313157,7426047.25,0
2049-12-03,113.635,113.635,113.635,113.635,78150000,0.00%,10317157,714811313157,8880575.25,0
2049-12-06,113.635,113.7487,113.7487,113.635,66650000,0.10%,901017746,715768663746,7581350.86,957350589
2049-12-07,113.7487,113.7487,113.7487,113.7487,91800000,0.00%,809217746,715768663746,10442130.66,0
2049-12-08,113.7487,113.7487,113.7487,113.7487,70250000,0.00%,738967746,715768663746,7990846.17,0
2049-12-09,113.7487,113.7487,113.7487,113.7487,66550000,0.00%,672417746,715768663746,7569975.99,0
2049-12-10,113.7487,113.7487,113.7487,113.7487,138550000,0.00%,533867746,715768663746,15759882.38,0
2049-12-13,113.7487,113.7487,113.7487,113.7487,112300000,0.00%,421567746,715768663746,12773979.01,0
2049-12-14,113.7487,113.7487,113.7487,113.7487,151400000,0.00%,270167746,715768663746,17221553.18,0
2049-12-15,113.7487,113.7487,113.7487,113.7487,65500000,0.00%,204667746,715768663746,7450539.85,0
2049-12-16,113.7487,113.7487,113.7487,113.7487,117050000,0.00%,87617746,715768663746,13314285.34,0
2049-12-17,113.7487,113.7487,113.7487,113.7487,81500000,0.00%,6117746,715768663746,9270519.05,0
2049-12-20,113.7487,113.8624,113.8624,113.7487,70300000,0.10%,875030125,716707876125,8004526.72,939212379
2049-12-21,113.8624,113.8624,113.8624,113.8624,83900000,0.00%,791130125,716707876125,9553055.36,0
2049-12-22,113.8624,113.8624,113.8624,113.8624,74550000,0.00%,716580125,716707876125,8488441.92,0
2049-12-23,113.8624,113.8624,113.8624,113.8624,173350000,0.00%,543230125,716707876125,19738047.04,0
2049-12-24,113.8624,113.8624,113.8624,113.8624,224150000,0.00%,319080125,716707876125,25522256.96,0
2049-12-27,113.8624,113.8624,113.8624,113.8624,104300000,0.00%,214780125,716707876125,11875848.32,0
2049-12-28,113.8624,113.8624,113.8624,113.8624,39350000,0.00%,175430125,716707876125,4480485.44,0
2049-12-31,113.8624,113.8624,113.8624,113.8624,67750000,0.00%,107680125,716707876125,7714177.6,0
2050-01-03,113.8624,113.8624,113.8624,113.8624,68952000,0.00%,38728125,716707876125,7851040.2,0
2050-01-04,113.8624,113.9763,113.9763,113.8624,55437000,0.10%,993483082,717718068082,6318504.14,1010191957
2050-01-06,113.9763,113.9763,113.9763,113.9763,105723000,0.00%,887760082,717718068082,12049916.36,0
2050-01-07,113.9763,113.9763,113.9763,113.9763,85884000,0.00%,801876082,717718068082,9788740.55,0
2050-01-10,113.9763,113.9763,113.9763,113.9763,86037000,0.00%,715839082,717718068082,9806178.92,0
2050-01-11,113.9763,114.0902,114.0902,113.9763,728892000,0.10%,1018423565,718749544565,83159434.06,1031476482
2050-01-12,114.0902,114.0902,114.0902,114.0902,486846000,0.00%,531577565,718749544565,55544357.51,0
2050-01-13,114.0902,114.0902,114.0902,114.0902,308958000,0.00%,222619565,718749544565,35249080.01,0
2050-01-14,114.0902,114.0902,114.0902,114.0902,188955000,0.00%,33664565,718749544565,21557913.74,0
2050-01-17,114.0902,114.2043,114.2043,114.0902,177429000,0.10%,881694654,719775003654,20263154.74,1025459089
2050-01-18,114.2043,114.2043,114.2043,114.2043,207162000,0.00%,674532654,719775003654,23658791.2,0
2050-01-19,114.2043,114.2043,114.2043,114.2043,148716000,0.00%,525816654,719775003654,16984006.68,0
2050-01-20,114.2043,114.2043,114.2043,114.2043,133314000,0.00%,392502654,719775003654,15225032.05,0
2050-01-21,114.2043,114.2043,114.2043,114.2043,87414000,0.00%,305088654,719775003654,9983054.68,0
2050-01-24,114.2043,114.2043,114.2043,114.2043,158814000,0.00%,146274654,719775003654,18137241.7,0
2050-01-25,114.2043,114.2043,114.2043,114.2043,128775000,0.00%,17499654,719775003654,14706658.73,0
2050-01-26,114.2043,114.3185,114.3185,114.2043,91086000,0.10%,939372855,720787962855,10412814.89,1012959200
2050-01-27,114.3185,114.3185,114.3185,114.3185,108426000,0.00%,830946855,720787962855,12395097.68,0
2050-01-28,114.3185,114.3185,114.3185,114.3185,122808000,0.00%,708138855,720787962855,14039226.35,0
2050-01-31,114.3185,114.3185,114.3185,114.3185,120411000,0.00%,587727855,720787962855,13765204.9,0
2050-02-01,114.3185,114.3185,114.3185,114.3185,72420000,0.00%,515307855,720787962855,8278945.77,0
2050-02-07,114.3185,114.3185,114.3185,114.3185,142392000,0.00%,372915855,720787962855,16278039.85,0
2050-02-08,114.3185,114.3185,114.3185,114.3185,159528000,0.00%,213387855,720787962855,18237001.67,0
2050-02-09,114.3185,114.3185,114.3185,114.3185,163863000,0.00%,49524855,720787962855,18732572.37,0
2050-02-10,114.3185,114.4329,114.4329,114.3185,99909000,0.10%,962728754,721801075754,11432876.61,1013112899
2050-02-11,114.4329,114.4329,114.4329,114.4329,176307000,0.00%,786421754,721801075754,20175321.3,0
2050-02-14,114.4329,114.4329,114.4329,114.4329,160191000,0.00%,626230754,721801075754,18331120.68,0
2050-02-15,114.4329,114.4329,114.4329,114.4329,157539000,0.00%,468691754,721801075754,18027644.63,0
2050-02-16,114.4329,114.4329,114.4329,114.4329,195126000,0.00%,273565754,721801075754,22328834.05,0
2050-02-17,114.4329,114.5473,114.5473,114.4329,311049000,0.10%,972592934,722811151934,35629823.12,1010076180
2050-02-18,114.5473,114.5473,114.5473,114.5473,380052000,0.00%,592540934,722811151934,43533930.46,0
2050-02-21,114.5473,114.6618,114.6618,114.5473,643722000,0.10%,957543847,723819876847,73810323.22,1008724913
2050-02-22,114.6618,114.6618,114.6618,114.6618,318903000,0.00%,638640847,723819876847,36565992.01,0
2050-02-23,114.6618,114.6618,114.6618,114.6618,174063000,0.00%,464577847,723819876847,19958376.89,0
2050-02-24,114.6618,114.6618,114.6618,114.6618,176205000,0.00%,288372847,723819876847,20203982.47,0
2050-02-25,114.6618,114.7765,114.7765,114.6618,375105000,0.10%,907927318,724814536318,43053239.03,994659470
2050-02-28,114.7765,114.7765,114.7765,114.7765,344454000,0.00%,563473318,724814536318,39535224.53,0
2050-03-01,114.7765,114.7765,114.7765,114.7765,288201000,0.00%,275272318,724814536318,33078702.08,0
2050-03-02,114.7765,114.7765,114.7765,114.7765,206499000,0.00%,68773318,724814536318,23701232.47,0
2050-03-03,114.7765,114.8913,114.8913,114.7765,198390000,0.10%,843295616,725787448616,22793285.01,972912297
2050-03-04,114.8913,114.8913,114.8913,114.8913,266016000,0.00%,577279616,725787448616,30562924.06,0
2050-03-07,114.8913,114.8913,114.8913,114.8913,167025000,0.00%,410254616,725787448616,19189719.38,0
2050-03-08,114.8913,114.8913,114.8913,114.8913,158712000,0.00%,251542616,725787448616,18234628.01,0
2050-03-09,114.8913,114.8913,114.8913,114.8913,179367000,0.00%,72175616,725787448616,20607707.81,0
2050-03-10,114.8913,115.0062,115.0062,114.8913,406368000,0.10%,631146587,726752787587,46734839.48,965338971
2050-03-11,115.0062,115.0062,115.0062,115.0062,237099000,0.00%,394047587,726752787587,27267855.01,0
2050-03-14,115.0062,115.0062,115.0062,115.0062,175542000,0.00%,218505587,726752787587,20188418.36,0
2050-03-15,115.0062,115.0062,115.0062,115.0062,172635000,0.00%,45870587,726752787587,19854095.34,0
2050-03-16,115.0062,115.1212,115.1212,115.0062,142953000,0.10%,861102361,727710972361,16456920.9,958184773
2050-03-17,115.1212,115.1212,115.1212,115.1212,139383000,0.00%,721719361,727710972361,16045938.22,0
2050-03-18,115.1212,115.1212,115.1212,115.1212,156621000,0.00%,565098361,727710972361,18030397.47,0
2050-03-21,115.1212,115.1212,115.1212,115.1212,112710000,0.00%,452388361,727710972361,12975310.45,0
2050-03-22,115.1212,115.1212,115.1212,115.1212,171564000,0.00%,280824361,727710972361,19750653.56,0
2050-03-23,115.1212,115.1212,115.1212,115.1212,161160000,0.00%,119664361,727710972361,18552932.59,0
2050-03-24,115.1212,115.2363,115.2363,115.1212,254235000,0.10%,822096942,728667639942,29297100.73,956667580
2050-03-25,115.2363,115.2363,115.2363,115.2363,215526000,0.00%,606570942,728667639942,24836418.79,0
2050-03-28,115.2363,115.2363,115.2363,115.2363,125460000,0.00%,481110942,728667639942,14457546.2,0
2050-03-29,115.2363,115.2363,115.2363,115.2363,141474000,0.00%,339636942,728667639942,16302940.31,0
2050-03-30,115.2363,115.2363,115.2363,115.2363,88281000,0.00%,251355942,728667639942,10173175.8,0
2050-03-31,115.2363,115.2363,115.2363,115.2363,89760000,0.00%,161595942,728667639942,10343610.29,0
2050-04-01,115.2363,115.2363,115.2363,115.2363,94809000,0.00%,66786942,728667639942,10925438.37,0
2050-04-04,115.2363,115.3515,115.3515,115.2363,143004000,0.10%,890418308,729634275308,16495725.91,966635366
2050-04-05,115.3515,115.3515,115.3515,115.3515,99552000,0.00%,790866308,729634275308,11483472.53,0
2050-04-06,115.3515,115.3515,115.3515,115.3515,72675000,0.00%,718191308,729634275308,8383170.26,0
2050-04-07,115.3515,115.3515,115.3515,115.3515,149022000,0.00%,569169308,729634275308,17189911.23,0
2050-04-11,115.3515,115.4669,115.4669,115.3515,629136000,0.10%,908872672,730603114672,72644383.6,968839364
2050-04-12,115.4669,115.4669,115.4669,115.4669,332112000,0.00%,576760672,730603114672,38347943.09,0
2050-04-13,115.4669,115.4669,115.4669,115.4669,339048000,0.00%,237712672,730603114672,39148821.51,0
2050-04-14,115.4669,115.5823,115.5823,115.4669,294780000,0.10%,970810446,731630992446,34071350.39,1027877773
2050-04-15,115.5823,115.5823,115.5823,115.5823,237609000,0.00%,733201446,731630992446,27463394.72,0
2050-04-18,115.5823,115.5823,115.5823,115.5823,154785000,0.00%,578416446,731630992446,17890406.31,0
2050-04-19,115.5823,115.5823,115.5823,115.5823,103275000,0.00%,475141446,731630992446,11936762.03,0
2050-04-20,115.5823,115.5823,115.5823,115.5823,139332000,0.00%,335809446,731630992446,16104313.02,0
2050-04-21,115.5823,115.5823,115.5823,115.5823,124848000,0.00%,210961446,731630992446,14430218.99,0
2050-04-26,115.5823,115.5823,115.5823,115.5823,122604000,0.00%,88357446,731630992446,14170852.31,0
2050-04-27,115.5823,115.6979,115.6979,115.5823,137700000,0.10%,1000265499,732680600499,15931600.83,1049608053
2050-04-28,115.6979,115.6979,115.6979,115.6979,96441000,0.00%,903824499,732680600499,11158021.17,0
2050-04-29,115.6979,115.6979,115.6979,115.6979,146625000,0.00%,757199499,732680600499,16964204.59,0
2050-05-02,115.6979,115.6979,115.6979,115.6979,70431000,0.00%,686768499,732680600499,8148718.79,0
2050-05-03,115.6979,115.6979,115.6979,115.6979,83487000,0.00%,603281499,732680600499,9659270.58,0
2050-05-04,115.6979,115.6979,115.6979,115.6979,78081000,0.00%,525200499,732680600499,9033807.73,0
2050-05-06,115.6979,115.6979,115.6979,115.6979,67524000,0.00%,457676499,732680600499,7812385.0,0
2050-05-10,115.6979,115.6979,115.6979,115.6979,101031000,0.00%,356645499,732680600499,11689074.53,0
2050-05-11,115.6979,115.6979,115.6979,115.6979,130662000,0.00%,225983499,732680600499,15117319.01,0
2050-05-12,115.6979,115.6979,115.6979,115.6979,101082000,0.00%,124901499,732680600499,11694975.13,0
2050-05-13,115.6979,115.6979,115.6979,115.6979,70278000,0.00%,54623499,732680600499,8131017.02,0
2050-05-16,115.6979,115.8136,115.8136,115.6979,182835000,0.10%,950795041,733759607041,21174779.56,1079006541
2050-05-17,115.8136,115.8136,115.8136,115.8136,117912000,0.00%,832883041,733759607041,13655813.2,0
2050-05-18,115.8136,115.8136,115.8136,115.8136,123879000,0.00%,709004041,733759607041,14346872.95,0
2050-05-19,115.8136,115.8136,115.8136,115.8136,167280000,0.00%,541724041,733759607041,19373299.01,0
2050-05-20,115.8136,115.8136,115.8136,115.8136,108783000,0.00%,432941041,733759607041,12598550.85,0
2050-05-23,115.8136,115.8136,115.8136,115.8136,114546000,0.00%,318395041,733759607041,13265984.63,0
2050-05-24,115.8136,115.8136,115.8136,115.8136,80529000,0.00%,237866041,733759607041,9326353.39,0
2050-05-25,115.8136,115.8136,115.8136,115.8136,96492000,0.00%,141374041,733759607041,11175085.89,0
2050-05-26,115.8136,115.8136,115.8136,115.8136,72828000,0.00%,68546041,733759607041,8434472.86,0
2050-05-27,115.8136,115.9294,115.9294,115.8136,82926000,0.10%,1161305867,734935292867,9613561.42,1175685826
2050-05-30,115.9294,115.9294,115.9294,115.9294,88179000,0.00%,1073126867,734935292867,10222538.56,0
2050-05-31,115.9294,115.9294,115.9294,115.9294,76449000,0.00%,996677867,734935292867,8862686.7,0
2050-06-01,115.9294,115.9294,115.9294,115.9294,85731000,0.00%,910946867,734935292867,9938743.39,0
2050-06-02,115.9294,115.9294,115.9294,115.9294,98787000,0.00%,812159867,734935292867,11452317.64,0
2050-06-03,115.9294,115.9294,115.9294,115.9294,144228000,0.00%,667931867,734935292867,16720265.5,0
2050-06-06,115.9294,115.9294,115.9294,115.9294,66759000,0.00%,601172867,734935292867,7739330.81,0
2050-06-07,115.9294,115.9294,115.9294,115.9294,74511000,0.00%,526661867,734935292867,8638015.52,0
2050-06-08,115.9294,115.9294,115.9294,115.9294,93738000,0.00%,432923867,734935292867,10866990.1,0
2050-06-09,115.9294,115.9294,115.9294,115.9294,98583000,0.00%,334340867,734935292867,11428668.04,0
2050-06-10,115.9294,115.9294,115.9294,115.9294,67014000,0.00%,267326867,734935292867,7768892.81,0
2050-06-13,115.9294,115.9294,115.9294,115.9294,94248000,0.00%,173078867,734935292867,10926114.09,0
2050-06-14,115.9294,115.9294,115.9294,115.9294,86904000,0.00%,86174867,734935292867,10074728.58,0
2050-06-15,115.9294,115.9294,115.9294,115.9294,75378000,0.00%,10796867,734935292867,8738526.31,0
2050-06-16,115.9294,116.0454,116.0454,115.9294,68187000,0.10%,1245486403,736238169403,7912787.69,1302876535
2050-06-17,116.0454,116.0454,116.0454,116.0454,97359000,0.00%,1148127403,736238169403,11298064.1,0
2050-06-20,116.0454,116.0454,116.0454,116.0454,70278000,0.00%,1077849403,736238169403,8155438.62,0
2050-06-21,116.0454,116.0454,116.0454,116.0454,58752000,0.00%,1019097403,736238169403,6817899.34,0
2050-06-22,116.0454,116.0454,116.0454,116.0454,77469000,0.00%,941628403,736238169403,8989921.09,0
2050-06-23,116.0454,116.0454,116.0454,116.0454,98889000,0.00%,842739403,736238169403,11475613.56,0
2050-06-24,116.0454,116.0454,116.0454,116.0454,105162000,0.00%,737577403,736238169403,12203566.35,0
2050-06-27,116.0454,116.0454,116.0454,116.0454,72675000,0.00%,664902403,736238169403,8433599.45,0
2050-06-28,116.0454,116.0454,116.0454,116.0454,90627000,0.00%,574275403,736238169403,10516846.47,0
2050-06-29,116.0454,116.0454,116.0454,116.0454,89709000,0.00%,484566403,736238169403,10410316.79,0
2050-06-30,116.0454,116.0454,116.0454,116.0454,76500000,0.00%,408066403,736238169403,8877473.1,0
2050-07-01,116.0454,116.0454,116.0454,116.0454,77418000,0.00%,330648403,736238169403,8984002.78,0
2050-07-04,116.0454,116.0454,116.0454,116.0454,94146000,0.00%,236502403,736238169403,10925210.23,0
2050-07-06,116.0454,116.0454,116.0454,116.0454,92820000,0.00%,143682403,736238169403,10771334.03,0
2050-07-07,116.0454,116.0454,116.0454,116.0454,96696000,0.00%,46986403,736238169403,11221126.0,0
2050-07-08,116.0454,116.1614,116.1614,116.0454,74766000,0.10%,1283866851,737549815851,8684923.23,1311646447
2050-07-11,116.1614,116.1614,116.1614,116.1614,59313000,0.00%,1224553851,737549815851,6889881.12,0
2050-07-12,116.1614,116.1614,116.1614,116.1614,67167000,0.00%,1157386851,737549815851,7802212.75,0
2050-07-13,116.1614,116.1614,116.1614,116.1614,90882000,0.00%,1066504851,737549815851,10556980.35,0
2050-07-14,116.1614,116.1614,116.1614,116.1614,71553000,0.00%,994951851,737549815851,8311696.65,0
2050-07-15,116.1614,116.1614,116.1614,116.1614,98073000,0.00%,896878851,737549815851,11392296.98,0
2050-07-18,116.1614,116.1614,116.1614,116.1614,59670000,0.00%,837208851,737549815851,6931350.74,0
2050-07-19,116.1614,116.1614,116.1614,116.1614,139995000,0.00%,697213851,737549815851,16262015.19,0
2050-07-20,116.1614,116.1614,116.1614,116.1614,118575000,0.00%,578638851,737549815851,13773838.01,0
2050-07-21,116.1614,116.1614,116.1614,116.1614,70074000,0.00%,508564851,737549815851,8139893.94,0
2050-07-22,116.1614,116.1614,116.1614,116.1614,70278000,0.00%,438286851,737549815851,8163590.87,0
2050-07-25,116.1614,116.1614,116.1614,116.1614,67677000,0.00%,370609851,737549815851,7861455.07,0
2050-07-26,116.1614,116.1614,116.1614,116.1614,89760000,0.00%,280849851,737549815851,10426647.26,0
2050-07-27,116.1614,116.1614,116.1614,116.1614,238374000,0.00%,42475851,737549815851,27689857.56,0
2050-07-28,116.1614,116.2776,116.2776,116.1614,123318000,0.10%,1313829142,738944487142,14339121.08,1394671291
2050-07-29,116.2776,116.2776,116.2776,116.2776,101439000,0.00%,1212390142,738944487142,11795083.47,0
2050-08-01,116.2776,116.2776,116.2776,116.2776,74766000,0.00%,1137624142,738944487142,8693611.04,0
2050-08-02,116.2776,116.2776,116.2776,116.2776,85935000,0.00%,1051689142,738944487142,9992315.56,0
2050-08-03,116.2776,116.2776,116.2776,116.2776,98736000,0.00%,952953142,738944487142,11480785.11,0
2050-08-04,116.2776,116.2776,116.2776,116.2776,104295000,0.00%,848658142,738944487142,12127172.29,0
2050-08-05,116.2776,116.2776,116.2776,116.2776,108120000,0.00%,740538142,738944487142,12571934.11,0
2050-08-08,116.2776,116.2776,116.2776,116.2776,88434000,0.00%,652104142,738944487142,10282893.28,0
2050-08-09,116.2776,116.2776,116.2776,116.2776,88485000,0.00%,563619142,738944487142,10288823.44,0
2050-08-10,116.2776,116.2776,116.2776,116.2776,105774000,0.00%,457845142,738944487142,12299146.86,0
2050-08-11,116.2776,116.2776,116.2776,116.2776,86394000,0.00%,371451142,738944487142,10045686.97,0
2050-08-12,116.2776,116.2776,116.2776,116.2776,67881000,0.00%,303570142,738944487142,7893039.77,0
2050-08-15,116.2776,116.2776,116.2776,116.2776,60129000,0.00%,243441142,738944487142,6991655.81,0
2050-08-16,116.2776,116.2776,116.2776,116.2776,70533000,0.00%,172908142,738944487142,8201407.96,0
2050-08-17,116.2776,116.3939,116.3939,116.2776,191760000,0.10%,1388993690,740352332690,22319694.26,1407845547
2050-08-18,116.3939,116.3939,116.3939,116.3939,185334000,0.00%,1203659690,740352332690,21571747.06,0
2050-08-19,116.3939,116.3939,116.3939,116.3939,113118000,0.00%,1090541690,740352332690,13166245.18,0
2050-08-22,116.3939,116.3939,116.3939,116.3939,89709000,0.00%,1000832690,740352332690,10441580.38,0
2050-08-23,116.3939,116.3939,116.3939,116.3939,83436000,0.00%,917396690,740352332690,9711441.44,0
2050-08-24,116.3939,116.3939,116.3939,116.3939,81345000,0.00%,836051690,740352332690,9468061.8,0
2050-08-25,116.3939,116.3939,116.3939,116.3939,72879000,0.00%,763172690,740352332690,8482671.04,0
2050-08-26,116.3939,116.3939,116.3939,116.3939,98838000,0.00%,664334690,740352332690,11504140.29,0
2050-08-29,116.3939,116.3939,116.3939,116.3939,131019000,0.00%,533315690,740352332690,15249812.38,0
2050-08-30,116.3939,116.3939,116.3939,116.3939,105366000,0.00%,427949690,740352332690,12263959.67,0
2050-08-31,116.3939,116.3939,116.3939,116.3939,108426000,0.00%,319523690,740352332690,12620125.0,0
2050-09-01,116.3939,116.3939,116.3939,116.3939,110721000,0.00%,208802690,740352332690,12887249.0,0
2050-09-02,116.3939,116.3939,116.3939,116.3939,92973000,0.00%,115829690,740352332690,10821490.06,0
2050-09-05,116.3939,116.3939,116.3939,116.3939,81396000,0.00%,34433690,740352332690,9473997.88,0
2050-09-06,116.3939,116.5102,116.5102,116.3939,75531000,0.10%,1348033474,741741463474,8800131.92,1389130783
2050-09-07,116.5102,116.5102,116.5102,116.5102,79152000,0.00%,1268881474,741741463474,9222015.35,0
2050-09-08,116.5102,116.5102,116.5102,116.5102,91800000,0.00%,1177081474,741741463474,10695636.36,0
2050-09-09,116.5102,116.5102,116.5102,116.5102,97155000,0.00%,1079926474,741741463474,11319548.48,0
2050-09-12,116.5102,116.5102,116.5102,116.5102,111282000,0.00%,968644474,741741463474,12965488.08,0
2050-09-13,116.5102,116.5102,116.5102,116.5102,101337000,0.00%,867307474,741741463474,11806794.14,0
2050-09-14,116.5102,116.5102,116.5102,116.5102,97869000,0.00%,769438474,741741463474,11402736.76,0
2050-09-15,116.5102,116.5102,116.5102,116.5102,92769000,0.00%,676669474,741741463474,10808534.74,0
2050-09-16,116.5102,116.5102,116.5102,116.5102,105978000,0.00%,570691474,741741463474,12347517.98,0
2050-09-19,116.5102,116.5102,116.5102,116.5102,83487000,0.00%,487204474,741741463474,9727087.07,0
2050-09-20,116.5102,116.5102,116.5102,116.5102,68034000,0.00%,419170474,741741463474,7926654.95,0
2050-09-21,116.5102,116.5102,116.5102,116.5102,113985000,0.00%,305185474,741741463474,13280415.15,0
2050-09-22,116.5102,116.5102,116.5102,116.5102,152949000,0.00%,152236474,741741463474,17820118.58,0
2050-09-23,116.5102,116.5102,116.5102,116.5102,106131000,0.00%,46105474,741741463474,12365344.04,0
2050-09-26,116.5102,116.6268,116.6268,116.5102,65790000,0.10%,1342895424,743104043424,7672877.17,1362579950
2050-09-27,116.6268,116.6268,116.6268,116.6268,77979000,0.00%,1264916424,743104043424,9094441.24,0
2050-09-28,116.6268,116.6268,116.6268,116.6268,94044000,0.00%,1170872424,743104043424,10968050.78,0
2050-09-29,116.6268,116.6268,116.6268,116.6268,88638000,0.00%,1082234424,743104043424,10337566.3,0
2050-09-30,116.6268,116.6268,116.6268,116.6268,99450000,0.00%,982784424,743104043424,11598535.26,0
2050-10-03,116.6268,116.6268,116.6268,116.6268,104499000,0.00%,878285424,743104043424,12187383.97,0
2050-10-04,116.6268,116.6268,116.6268,116.6268,105111000,0.00%,773174424,743104043424,12258759.57,0
2050-10-06,116.6268,116.6268,116.6268,116.6268,87414000,0.00%,685760424,743104043424,10194815.1,0
2050-10-07,116.6268,116.6268,116.6268,116.6268,36363000,0.00%,649397424,743104043424,4240900.33,0
2050-10-10,116.6268,116.6268,116.6268,116.6268,39933000,0.00%,609464424,743104043424,4657258.0,0
2050-10-12,116.6268,116.6268,116.6268,116.6268,53754000,0.00%,555710424,743104043424,6269157.01,0
2050-10-13,116.6268,116.6268,116.6268,116.6268,73695000,0.00%,482015424,743104043424,8594812.03,0
2050-10-14,116.6268,116.6268,116.6268,116.6268,101490000,0.00%,380525424,743104043424,11836453.93,0
2050-10-17,116.6268,116.6268,116.6268,116.6268,193851000,0.00%,186674424,743104043424,22608221.81,0
2050-10-18,116.6268,116.6268,116.6268,116.6268,136680000,0.00%,49994424,743104043424,15940551.02,0
2050-10-19,116.6268,116.7434,116.7434,116.6268,93738000,0.10%,1292865444,744440652444,10943292.83,1336609020
2050-10-20,116.7434,116.7434,116.7434,116.7434,72879000,0.00%,1219986444,744440652444,8508142.25,0
2050-10-21,116.7434,116.7434,116.7434,116.7434,95115000,0.00%,1124871444,744440652444,11104048.49,0
2050-10-24,116.7434,116.7434,116.7434,116.7434,76296000,0.00%,1048575444,744440652444,8907054.45,0
2050-10-25,116.7434,116.7434,116.7434,116.7434,72267000,0.00%,976308444,744440652444,8436695.29,0
2050-10-26,116.7434,116.7434,116.7434,116.7434,50898000,0.00%,925410444,744440652444,5942005.57,0
2050-10-27,116.7434,116.7434,116.7434,116.7434,63342000,0.00%,862068444,744440652444,7394760.44,0
2050-10-28,116.7434,116.7434,116.7434,116.7434,61200000,0.00%,800868444,744440652444,7144696.08,0
2050-10-31,116.7434,116.7434,116.7434,116.7434,81804000,0.00%,719064444,744440652444,9550077.09,0
2050-11-01,116.7434,116.7434,116.7434,116.7434,83130000,0.00%,635934444,744440652444,9704878.84,0
2050-11-03,116.7434,116.7434,116.7434,116.7434,111027000,0.00%,524907444,744440652444,12961669.47,0
2050-11-04,116.7434,116.7434,116.7434,116.7434,104958000,0.00%,419949444,744440652444,12253153.78,0
2050-11-07,116.7434,116.7434,116.7434,116.7434,59109000,0.00%,360840444,744440652444,6900585.63,0
2050-11-08,116.7434,116.7434,116.7434,116.7434,76347000,0.00%,284493444,744440652444,8913008.36,0
2050-11-09,116.7434,116.7434,116.7434,116.7434,67881000,0.00%,216612444,744440652444,7924658.74,0
2050-11-10,116.7434,116.7434,116.7434,116.7434,66708000,0.00%,149904444,744440652444,7787718.73,0
2050-11-11,116.7434,116.7434,116.7434,116.7434,67881000,0.00%,82023444,744440652444,7924658.74,0
2050-11-14,116.7434,116.7434,116.7434,116.7434,74001000,0.00%,8022444,744440652444,8639128.34,0
2050-11-15,116.7434,116.8601,116.8601,116.7434,66759000,0.10%,1277885307,745777274307,7801463.42,1336621863
2050-11-16,116.8601,116.8601,116.8601,116.8601,69666000,0.00%,1208219307,745777274307,8141175.73,0
2050-11-17,116.8601,116.8601,116.8601,116.8601,88230000,0.00%,1119989307,745777274307,10310566.62,0
2050-11-18,116.8601,116.8601,116.8601,116.8601,101796000,0.00%,1018193307,745777274307,11895890.74,0
2050-11-21,116.8601,116.8601,116.8601,116.8601,70329000,0.00%,947864307,745777274307,8218653.97,0
2050-11-22,116.8601,116.8601,116.8601,116.8601,95982000,0.00%,851882307,745777274307,11216466.12,0
2050-11-23,116.8601,116.8601,116.8601,116.8601,71196000,0.00%,780686307,745777274307,8319971.68,0
2050-11-24,116.8601,116.8601,116.8601,116.8601,71502000,0.00%,709184307,745777274307,8355730.87,0
2050-11-25,116.8601,116.8601,116.8601,116.8601,121023000,0.00%,588161307,745777274307,14142759.88,0
2050-11-28,116.8601,116.8601,116.8601,116.8601,114138000,0.00%,474023307,745777274307,13338178.09,0
2050-11-29,116.8601,116.8601,116.8601,116.8601,75888000,0.00%,398135307,745777274307,8868279.27,0
2050-11-30,116.8601,116.8601,116.8601,116.8601,73593000,0.00%,324542307,745777274307,8600085.34,0
2050-12-01,116.8601,116.8601,116.8601,116.8601,78999000,0.00%,245543307,745777274307,9231831.04,0
2050-12-02,116.8601,116.8601,116.8601,116.8601,67422000,0.00%,178121307,745777274307,7878941.66,0
2050-12-05,116.8601,116.8601,116.8601,116.8601,64464000,0.00%,113657307,745777274307,7533269.49,0
2050-12-06,116.8601,116.8601,116.8601,116.8601,58446000,0.00%,55211307,745777274307,6830005.4,0
2050-12-07,116.8601,116.977,116.977,116.8601,56100000,0.10%,1335789800,747113952800,6562409.7,1336678492
2050-12-08,116.977,116.977,116.977,116.977,78183000,0.00%,1257606800,747113952800,9145612.79,0
2050-12-09,116.977,116.977,116.977,116.977,74664000,0.00%,1182942800,747113952800,8733970.73,0
2050-12-12,116.977,116.977,116.977,116.977,68442000,0.00%,1114500800,747113952800,8006139.83,0
2050-12-13,116.977,116.977,116.977,116.977,88893000,0.00%,1025607800,747113952800,10398436.46,0
2050-12-14,116.977,116.977,116.977,116.977,75225000,0.00%,950382800,747113952800,8799594.83,0
2050-12-15,116.977,116.977,116.977,116.977,63648000,0.00%,886734800,747113952800,7445352.1,0
2050-12-16,116.977,116.977,116.977,116.977,90933000,0.00%,795801800,747113952800,10637069.54,0
2050-12-19,116.977,116.977,116.977,116.977,77367000,0.00%,718434800,747113952800,9050159.56,0
2050-12-20,116.977,116.977,116.977,116.977,81549000,0.00%,636885800,747113952800,9539357.37,0
2050-12-21,116.977,116.977,116.977,116.977,75582000,0.00%,561303800,747113952800,8841355.61,0
2050-12-22,116.977,116.977,116.977,116.977,51765000,0.00%,509538800,747113952800,6055314.41,0
2050-12-23,116.977,116.977,116.977,116.977,90627000,0.00%,418911800,747113952800,10601274.58,0
2050-12-26,116.977,116.977,116.977,116.977,70737000,0.00%,348174800,747113952800,8274602.05,0
2050-12-27,116.977,116.977,116.977,116.977,79662000,0.00%,268512800,747113952800,9318621.77,0
2050-12-28,116.977,116.977,116.977,116.977,37332000,0.00%,231180800,747113952800,4366985.36,0
